m_true1,m_hat_lasso1,m_hat_de1,se_m1,ci_lower1,ci_upper1,covered1,ci_length1,m_true2,m_hat_lasso2,m_hat_de2,se_m2,ci_lower2,ci_upper2,covered2,ci_length2
3.91311896062463,3.79364805409672,3.89628090965634,0.0793809277791559,3.74069715014982,4.05186466916286,1.0,0.311167519013041,3.91311896062463,3.78553970688179,3.882014170157,0.0717337580984852,3.74141858780826,4.02260975250574,1.0,0.281191164697479
3.91311896062463,3.79677320895302,3.97321558290036,0.0792216154929021,3.81794406973719,4.12848709606353,1.0,0.310543026326337,3.91311896062463,3.77651552875878,3.93000858452044,0.0904704669570413,3.75268972762011,4.10732744142076,1.0,0.354637713800644
3.91311896062463,3.91851721089129,4.02428231481879,0.0665168705463066,3.89391164418372,4.15465298545386,1.0,0.260741341270148,3.91311896062463,3.92609501360135,4.02805181508093,0.0657389639989675,3.89920581326198,4.15689781689988,1.0,0.257692003637903
3.91311896062463,3.98224900226816,4.07576681589132,0.0738710705360531,3.93098217814124,4.2205514536414,0.0,0.289569275500164,3.91311896062463,3.9153090235067,4.03683639803398,0.0718493941598266,3.89601417316969,4.17765862289826,1.0,0.281644449728566
3.91311896062463,3.85676474990572,3.9562451660262,0.085708771435579,3.78825906085329,4.12423127119911,1.0,0.33597221034582,3.91311896062463,3.79695637078411,3.8822641495836,0.0817803402842633,3.72197762798302,4.04255067118419,1.0,0.320573043201172
3.91311896062463,3.78813652923521,3.94591815318462,0.0730068667112484,3.80282732380646,4.08900898256278,1.0,0.286181658756326,3.91311896062463,3.83705310905153,3.99447253902262,0.0770691365645175,3.84341980703657,4.14552527100868,1.0,0.302105463972107
3.91311896062463,3.81972358425666,3.91206511772854,0.0723343879810917,3.77029232244185,4.05383791301523,1.0,0.283545590573373,3.91311896062463,3.82395237356157,3.93193595263146,0.0725263627193713,3.7897868937718,4.07408501149112,1.0,0.284298117719313
3.91311896062463,3.84569058627666,3.98351424348657,0.0680054410433624,3.85022602828882,4.11680245868432,1.0,0.266576430395504,3.91311896062463,3.89754289299588,4.00113176766822,0.0639682818014056,3.87575623918456,4.12650729615189,1.0,0.250751056967328
3.91311896062463,3.83931569004907,3.97451169168373,0.0715394922142116,3.83429686347159,4.11472651989586,1.0,0.280429656424276,3.91311896062463,3.8388575896507,3.99197142150265,0.0725712580105216,3.84973436948927,4.13420847351604,1.0,0.284474104026772
3.91311896062463,3.85990445051857,4.09779103300781,0.103411629604249,3.89510796340089,4.30047410261473,1.0,0.405366139213847,3.91311896062463,3.87960770108656,4.13124672351982,0.0960006466610834,3.94308891357155,4.3194045334681,0.0,0.376315619896558
3.91311896062463,3.93899894553393,4.07761949505928,0.0787506797861436,3.92327099892039,4.23196799119817,0.0,0.308696992277776,3.91311896062463,3.8304637756224,3.97399854715508,0.0707939983403421,3.83524486008642,4.11275223422374,1.0,0.277507374137318
3.91311896062463,3.84998295336552,3.99753455003847,0.0839329721089394,3.83302894758955,4.1620401524874,1.0,0.329011204897852,3.91311896062463,3.87107996813484,3.97228551297209,0.0797381355200887,3.81600163915834,4.12856938678584,1.0,0.312567747627496
3.91311896062463,3.80730256164913,3.89631027620483,0.0705160857942928,3.75810128771728,4.03451926469238,1.0,0.276417976975101,3.91311896062463,3.80319070057049,3.90041911851643,0.0722421424152901,3.75882712121645,4.04201111581641,1.0,0.283183994599964
3.91311896062463,3.91023328874257,4.10631611786977,0.0747447000625326,3.95981919771195,4.25281303802758,0.0,0.292993840315625,3.91311896062463,3.87998009177217,4.03181319283207,0.0737501337892675,3.88726558675009,4.17636079891404,1.0,0.28909521216395
3.91311896062463,3.84125065640723,3.96408460297197,0.076834758666213,3.81349124322536,4.11467796271857,1.0,0.301186719493208,3.91311896062463,3.82208705452142,3.95594202533353,0.0779314645813373,3.80319916149165,4.10868488917541,1.0,0.30548572768376
3.91311896062463,3.91461716494106,4.03047128936462,0.0743133391275407,3.88481982110373,4.17612275762551,1.0,0.291302936521781,3.91311896062463,3.88657680082927,4.01773707754639,0.0669989091105404,3.88642162868626,4.14905252640652,1.0,0.262630897720264
3.91311896062463,3.85856756045191,4.0105034641646,0.0683958193335008,3.87645012157783,4.14455680675137,1.0,0.268106685173539,3.91311896062463,3.77135570545069,3.89628057098655,0.0693252320021026,3.76040561304254,4.03215552893055,1.0,0.271749915888009
3.91311896062463,3.80215907858813,3.91423087310046,0.074962751382764,3.76730658020821,4.06115516599271,1.0,0.293848585784495,3.91311896062463,3.75101284158847,3.8523258736279,0.0773848445065596,3.70065436544581,4.00399738180999,1.0,0.303343016364178
3.91311896062463,3.83223264183983,3.92304198148597,0.070168689749229,3.78551387673511,4.06057008623682,1.0,0.275056209501707,3.91311896062463,3.92287429541662,3.99622485863901,0.0725512016917505,3.85402711628808,4.13842260098995,1.0,0.284395484701864
3.91311896062463,3.85162907474005,3.98164611030524,0.0734728645336022,3.83764194197839,4.12565027863209,1.0,0.288008336653701,3.91311896062463,3.91596333709816,4.02839555583208,0.0761689829525754,3.87910709250599,4.17768401915817,1.0,0.298576926652186
3.91311896062463,3.7044298954485,3.87738033793946,0.0886928860404248,3.70354547561531,4.05121520026361,1.0,0.347669724648295,3.91311896062463,3.72349562124749,3.89590859085038,0.0819221419184342,3.73534414315387,4.05647303854689,1.0,0.32112889539302
3.91311896062463,3.7756867948734,3.95348229744618,0.0840340048579455,3.78877867444794,4.11818592044441,1.0,0.329407245996475,3.91311896062463,3.74316517240059,3.91638748637197,0.0790014703472945,3.76154744976557,4.07122752297838,1.0,0.309680073212812
3.91311896062463,3.87200172879976,3.99134209470171,0.0708751393904544,3.85242937409716,4.13025481530626,1.0,0.277825441209094,3.91311896062463,3.79923028999191,3.87771483913838,0.0727030492541379,3.73521948103402,4.02021019724273,1.0,0.284990716208704
3.91311896062463,3.93624984720187,4.0143534790972,0.0743928722985516,3.86854612868556,4.16016082950885,1.0,0.291614700823297,3.91311896062463,3.9135786876777,3.96256912962875,0.0752940103844517,3.81499558102364,4.11014267823386,1.0,0.29514709721022
3.91311896062463,3.85113376202349,3.98853807355942,0.075070263224086,3.84140306133027,4.13567308578857,1.0,0.294270024458301,3.91311896062463,3.88504494675528,4.04762784006847,0.0787330709223688,3.89331385666839,4.20194182346855,1.0,0.308627966800161
3.91311896062463,3.85168247426922,3.95938444929631,0.0749855738482348,3.8124154251937,4.10635347339892,1.0,0.293938048205217,3.91311896062463,3.79049458829999,3.92904907763194,0.0867826788283285,3.75895815264651,4.09914000261737,1.0,0.340181849970861
3.91311896062463,3.9645746755513,4.08588057381395,0.0712125002554047,3.9463066380643,4.22545450956359,0.0,0.279147871499285,3.91311896062463,4.00908831506225,4.1232338872411,0.0713007393993241,3.98348700594735,4.26298076853485,0.0,0.279493762587503
3.91311896062463,3.73198522691317,3.79146818387734,0.0682625658495126,3.65767601332,3.92526035443468,1.0,0.267584341114677,3.91311896062463,3.70582629855257,3.73554246150623,0.0739182353603394,3.59066538239921,3.88041954061325,0.0,0.28975415821404
3.91311896062463,3.74829888706655,3.79318312490803,0.0642635809127547,3.66722882080145,3.9191374290146,1.0,0.251908608213149,3.91311896062463,3.8171512985459,3.86991911385511,0.0696520821404138,3.73340354141167,4.00643468629855,1.0,0.273031144886873
3.91311896062463,3.85833711948011,3.95999666551024,0.0791604639747757,3.8048450071202,4.11514832390028,1.0,0.310303316780081,3.91311896062463,3.80728551478787,4.00470104705499,0.0755879767706349,3.8565513349203,4.15285075918969,1.0,0.296299424269389
3.91311896062463,3.65947930937032,3.83298723389021,0.0770555505110252,3.6819611300797,3.98401333770073,1.0,0.302052207621032,3.91311896062463,3.73601235457027,3.88519455754515,0.0730260999405529,3.74206603173025,4.02832308336006,1.0,0.286257051629812
3.91311896062463,3.80455602542298,3.94620232512696,0.0747180496128255,3.79975763889074,4.09264701136317,1.0,0.29288937247243,3.91311896062463,3.88516883402959,4.03741751480068,0.0806744491090508,3.87929850007433,4.19553652952703,1.0,0.316238029452698
3.91311896062463,3.86332775108727,3.92367398262188,0.0809763667175628,3.76496322025655,4.08238474498721,1.0,0.317421524730662,3.91311896062463,3.88051784594931,3.95719259393537,0.0786378111098972,3.80306531633691,4.11131987153383,1.0,0.308254555196925
3.91311896062463,3.85046270734495,3.99276133684163,0.0777701245382755,3.84033469367342,4.14518798000985,1.0,0.304853286336429,3.91311896062463,3.88606850531227,4.01305162725751,0.066544797901902,3.88262622001128,4.14347703450373,1.0,0.260850814492449
3.91311896062463,3.85189144635738,3.97830824310678,0.0690101472851032,3.84305083986018,4.11356564635339,1.0,0.270514806493213,3.91311896062463,3.82707989357447,3.94725615444525,0.0687441105682508,3.81252017358224,4.08199213530826,1.0,0.269471961726022
3.91311896062463,3.78498067405918,3.80587727254519,0.0705710172473686,3.667560620388,3.94419392470239,1.0,0.276633304314395,3.91311896062463,3.77339645517524,3.82410997742411,0.0798149689641892,3.66767551282711,3.9805444420211,1.0,0.312868929193986
3.91311896062463,3.96245727095817,4.11522854885713,0.0783827368243867,3.96160120767165,4.26885589004261,0.0,0.307254682370958,3.91311896062463,3.92685939225265,4.1208030535647,0.0765786871509649,3.97071158476545,4.27089452236395,0.0,0.300182937598503
3.91311896062463,3.8298336422128,3.89806425769097,0.0653759466529305,3.76992975679601,4.02619875858592,1.0,0.256269001789911,3.91311896062463,3.78517583932923,3.8332716061189,0.0736034201606405,3.68901155346507,3.97753165877272,1.0,0.28852010530765
3.91311896062463,3.7959023344083,3.78215836187967,0.0783819994965905,3.62853246583012,3.93578425792923,1.0,0.307251792099108,3.91311896062463,3.88097599704266,3.87598531130418,0.074842963393067,3.72929579855752,4.02267482405084,1.0,0.293379025493322
3.91311896062463,3.8630196071466,3.97388137368367,0.0786994979697053,3.81963319206166,4.12812955530567,1.0,0.308496363244011,3.91311896062463,3.84758992352194,3.9723504670744,0.0734621872355528,3.82836722586717,4.11633370828162,1.0,0.287966482414443
3.91311896062463,3.84136900322803,3.86816719486241,0.0736196234462146,3.72387538435243,4.01245900537239,1.0,0.288583621019962,3.91311896062463,3.87189624972644,3.99331703472677,0.077822797842456,3.84078715377942,4.14584691567413,1.0,0.305059761894711
3.91311896062463,3.78218202945607,3.83450484009648,0.085331492959572,3.66725818714868,4.00175149304427,1.0,0.334493305895589,3.91311896062463,3.7356056795208,3.81471791203016,0.0880434764384952,3.64215586913701,3.98727995492331,1.0,0.345124085786303
3.91311896062463,3.82404699575975,3.92725355506414,0.0675575120825197,3.79484326449727,4.05966384563101,1.0,0.264820581133736,3.91311896062463,3.79439598082575,3.9006033833876,0.071164719318206,3.76112309655401,4.04008367022118,1.0,0.278960573667171
3.91311896062463,3.88870294901124,3.9677587261975,0.0662932669536938,3.83782631055076,4.09769114184424,1.0,0.259864831293478,3.91311896062463,3.90827066946782,4.04667024697418,0.0661944005861547,3.9169316058471,4.17640888810126,0.0,0.25947728225416
3.91311896062463,3.76839430583469,3.89999349778612,0.0786089820146102,3.74592272417613,4.05406427139611,1.0,0.308141547219985,3.91311896062463,3.75367747031617,3.90675616217591,0.0810790600993965,3.74784412448073,4.06566819987108,1.0,0.317824075390351
3.91311896062463,3.94219362349229,4.02757629616236,0.0803832668651984,3.8700279881469,4.18512460417782,1.0,0.315096616030921,3.91311896062463,3.92910349279256,3.97139737329748,0.0723191296633303,3.82965448376407,4.11314026283089,1.0,0.283485779066819
3.91311896062463,3.79049390175051,3.77384891567379,0.0845742674611527,3.60808639743107,3.93961143391651,1.0,0.331525036485434,3.91311896062463,3.8744830319765,3.88618125210876,0.070801054894615,3.74741373444787,4.02494876976965,1.0,0.277535035321777
3.91311896062463,3.85605958287189,3.93253971312674,0.0721329655344752,3.7911616985811,4.07391772767238,1.0,0.282756029091281,3.91311896062463,3.87031815973006,3.92476335025103,0.0748278679350834,3.77810342405835,4.07142327644371,1.0,0.293319852385366
3.91311896062463,3.78933466236003,3.9357996210361,0.0802709212469612,3.7784715063862,4.09312773568599,1.0,0.31465622929979,3.91311896062463,3.80817774730539,3.95224480406018,0.073618461896635,3.80795527014554,4.09653433797482,1.0,0.288579067829278
3.91311896062463,3.80351065388634,3.94837311991698,0.0780849719263336,3.79532938720754,4.10141685262641,1.0,0.30608746541887,3.91311896062463,3.80451836992757,3.9265088796788,0.0794090556078749,3.77086999064103,4.08214776871657,1.0,0.311277778075547
3.91311896062463,3.83348656320584,3.9200999607441,0.0682825073639175,3.78626870553673,4.05393121595147,1.0,0.267662510414739,3.91311896062463,3.78102271337495,3.80597646428087,0.0657679938683975,3.67707356496336,3.93487936359838,1.0,0.257805798635021
3.91311896062463,3.92719131233423,4.07739018682189,0.0772301787584704,3.9260218179357,4.22875855570808,0.0,0.302736737772384,3.91311896062463,3.90720472013376,4.03571329893282,0.0742184345647242,3.89024784019702,4.18117875766862,1.0,0.290930917471604
3.91311896062463,3.87340600762479,3.93213640781917,0.0753182734734412,3.78451530443348,4.07975751120485,1.0,0.295242206771366,3.91311896062463,3.85691070031063,3.93998421607106,0.0680890518150179,3.80653212677214,4.07343630536998,1.0,0.266904178597833
3.91311896062463,3.85131338487589,3.98682042726198,0.0853571849695308,3.81952341889998,4.15411743562399,1.0,0.334594016724008,3.91311896062463,3.82584762171747,3.97479614651768,0.0836206321904209,3.81090271905999,4.13868957397538,1.0,0.327786854915392
3.91311896062463,3.76937356195298,3.89303824814924,0.090747209337253,3.71517698615071,4.07089951014777,1.0,0.355722523997066,3.91311896062463,3.80052108735615,3.90118269076174,0.0894872255683777,3.72579095157131,4.07657442995217,1.0,0.350783478380865
3.91311896062463,3.75061210860118,3.84705833372738,0.0764261412175377,3.69726584946364,3.99685081799113,1.0,0.299584968527492,3.91311896062463,3.7938407653696,3.89767447915127,0.0766802686380013,3.74738391429594,4.04796504400661,1.0,0.300581129710678
3.91311896062463,3.7983850568409,3.92875178463083,0.0689596936430432,3.79359326870555,4.06391030055612,1.0,0.270317031850561,3.91311896062463,3.72456573374754,3.82163891160846,0.0718981260706668,3.68072117395403,3.96255664926289,1.0,0.281835475308855
3.91311896062463,3.88440817385987,3.95819514233574,0.067608099061304,3.82568570311236,4.09070458155911,1.0,0.265018878446744,3.91311896062463,3.87147928793967,3.95682383403681,0.0720445578155856,3.81561909543614,4.09802857263747,1.0,0.282409477201323
3.91311896062463,3.74872876172177,3.81495556549658,0.0700654546227023,3.67762979787566,3.9522813331175,1.0,0.274651535241844,3.91311896062463,3.77237196319869,3.79301950314273,0.0685779883533209,3.65860911583802,3.92742989044745,1.0,0.268820774609432
3.91311896062463,3.79759386328191,3.86425774797627,0.0832709199814273,3.70104974385315,4.02746575209938,1.0,0.326416008246228,3.91311896062463,3.78744433999535,3.87403217840752,0.075666955705307,3.72572767040533,4.02233668640971,1.0,0.296609016004378
3.91311896062463,3.90462695993738,4.0883233590693,0.0887323210905102,3.91441120546725,4.26223551267134,0.0,0.347824307204088,3.91311896062463,3.82607398665347,3.99376804840236,0.0765479052120065,3.84373691109484,4.14379918570987,1.0,0.300062274615037
3.91311896062463,3.86605468171988,3.95558897054757,0.0680625678600797,3.8221887888465,4.08898915224864,1.0,0.266800363402139,3.91311896062463,3.90890800313154,4.02481964822514,0.0766155034478397,3.87465602080997,4.17498327564031,1.0,0.300327254830341
3.91311896062463,3.74822354005394,3.79847574245628,0.074021309475986,3.65339664179486,3.94355484311771,1.0,0.290158201322852,3.91311896062463,3.68778057760194,3.81236600790783,0.0717610485252248,3.67171693730556,3.95301507851011,1.0,0.281298141204544
3.91311896062463,3.88377087864748,4.0416719849969,0.0744764587319143,3.89570080818627,4.18764316180754,1.0,0.291942353621272,3.91311896062463,3.88475599879234,3.98253522168037,0.0707648245949497,3.84383871410197,4.12123172925876,1.0,0.277393015156791
3.91311896062463,3.8360216949089,3.91269836990601,0.076429617590358,3.76289907207674,4.06249766773528,1.0,0.299598595658541,3.91311896062463,3.78262916748893,3.86314700762401,0.0679217310893195,3.73002286092133,3.99627115432669,1.0,0.266248293405361
3.91311896062463,3.86631096003206,3.91131603412432,0.0754487509271492,3.76343919962858,4.05919286862007,1.0,0.295753668991491,3.91311896062463,3.96562563013741,4.0045262393695,0.067975361793629,3.87129697841791,4.1377555003211,1.0,0.266458521903186
3.91311896062463,3.8202755805451,3.98408335595968,0.066061155007969,3.85460587136694,4.11356084055242,1.0,0.258954969185474,3.91311896062463,3.81919399868862,3.96387334860504,0.073967898484983,3.81889893156236,4.10884776564772,1.0,0.289948834085363
3.91311896062463,3.83485501094988,3.95620740708869,0.0760821092377936,3.80708921311477,4.1053256010626,1.0,0.298236387947835,3.91311896062463,3.82956240701468,3.88151727192773,0.0733225582670016,3.73780769847007,4.02522684538539,1.0,0.287419146915326
3.91311896062463,3.83098154776172,3.99154494263171,0.073063227164602,3.84834364879482,4.13474623646859,1.0,0.286402587673777,3.91311896062463,3.79400210272764,4.06120261465119,0.0774264648698871,3.90944953205596,4.21295569724643,1.0,0.303506165190469
3.91311896062463,3.92997357582549,4.07469620349587,0.0679654037344525,3.94148645998162,4.20790594701012,0.0,0.266419487028502,3.91311896062463,3.8298382338354,3.96032738366388,0.0799093207180965,3.80370799302735,4.11694677430041,1.0,0.313238781273059
3.91311896062463,3.76763405573878,3.97693919380022,0.074742147023716,3.83044727750654,4.12343111009391,1.0,0.292983832587362,3.91311896062463,3.84599701172409,3.96759756035735,0.0679398984985451,3.8344378061869,4.10075731452781,1.0,0.26631950834091
3.91311896062463,3.81988153609949,3.88997393932953,0.0768167801152527,3.7394158168953,4.04053206176375,1.0,0.301116244868455,3.91311896062463,3.82840381208114,3.93080571330386,0.0781711221103363,3.77759312933651,4.0840182972712,1.0,0.306425167934684
3.91311896062463,3.92891418941,3.94549805327736,0.0729405561114592,3.80253719028658,4.08845891626814,1.0,0.285921725981566,3.91311896062463,3.89262116684812,3.94455326331529,0.0722818881506136,3.80288336580554,4.08622316082505,1.0,0.28333979501951
3.91311896062463,3.76316299716365,3.83409249994128,0.0696053796882663,3.69766846262204,3.97051653726052,1.0,0.272848074638476,3.91311896062463,3.8139919465432,3.90600722233439,0.0704426468132774,3.76794217160469,4.04407227306409,1.0,0.276130101459398
3.91311896062463,3.88259096332984,3.98986744192905,0.0681503859404249,3.85629513995331,4.12343974390478,1.0,0.267144603951476,3.91311896062463,3.86017925128592,3.95459903843194,0.0673689803804682,3.82255826321104,4.08663981365284,1.0,0.264081550441807
3.91311896062463,3.96824914541936,4.13029936310956,0.0782658875500091,3.97690104229348,4.28369768392564,0.0,0.306796641632159,3.91311896062463,3.95275627812841,4.08712349021542,0.074132931966764,3.94182561349221,4.23242136693864,0.0,0.290595753446431
3.91311896062463,3.87276380032377,3.97934863473723,0.0733018927293147,3.83567956498915,4.1230177044853,1.0,0.287338139496151,3.91311896062463,3.83596576879352,3.94355489281116,0.0716541576921332,3.80311532439203,4.0839944612303,1.0,0.280879136838269
3.91311896062463,3.93568892497528,3.99124533891605,0.0725993336706124,3.84895325962005,4.13353741821206,1.0,0.284584158592013,3.91311896062463,3.86320158656898,3.97911643742812,0.0709403729740971,3.84007586134906,4.11815701350719,1.0,0.278081152158138
3.91311896062463,3.89771581923331,4.01005163215115,0.0667521636227698,3.87921979556039,4.1408834687419,1.0,0.261663673181507,3.91311896062463,3.87706233935872,3.94795512203943,0.0625816316468445,3.82529737791786,4.070612866161,1.0,0.245315488243134
3.91311896062463,3.94831213689072,4.0344695609548,0.0747264215268861,3.88800846606854,4.18093065584106,1.0,0.292922189772511,3.91311896062463,3.96275204624751,4.03170665550614,0.0755291388838184,3.88367226351053,4.17974104750175,1.0,0.296068783991216
3.91311896062463,3.93147733037697,4.13809843869627,0.0751850587223418,3.99073843142495,4.28545844596758,0.0,0.294720014542638,3.91311896062463,3.93767654960956,4.07945564131986,0.0755616256924837,3.93135757634929,4.22755370629042,0.0,0.296196129941129
3.91311896062463,3.73865042902659,3.8221130587734,0.0741157209447657,3.67684891503344,3.96737720251336,1.0,0.290528287479924,3.91311896062463,3.73315596036927,3.84087053900681,0.0750762522262741,3.69372378854906,3.98801728946455,1.0,0.294293500915484
3.91311896062463,3.7891742575599,3.86290394057245,0.0727454453912396,3.72032548756629,4.0054823935786,1.0,0.285156906012309,3.91311896062463,3.79272652162243,3.88852905029472,0.073819002930094,3.74384646317708,4.03321163741236,1.0,0.289365174235282
3.91311896062463,3.80964540191261,3.93349738848411,0.0698859760466967,3.79652339240815,4.07047138456006,1.0,0.273947992151909,3.91311896062463,3.82948605226533,3.93127962630541,0.0610141750019509,3.81169404075516,4.05086521185566,1.0,0.239171171100496
3.91311896062463,3.90831874680407,4.04308999693663,0.0771361403588244,3.89190593992691,4.19427405394635,1.0,0.302368114019444,3.91311896062463,3.94268246977924,4.07340115398685,0.0746255188877971,3.92713782463915,4.21966448333455,0.0,0.292526658695392
3.91311896062463,3.9051479982726,4.09327175230843,0.0671107540598051,3.96173709137589,4.22480641324097,0.0,0.263069321865087,3.91311896062463,3.8999107608752,4.04135500891873,0.0675651235368807,3.90892980017545,4.17378021766202,1.0,0.264850417486571
3.91311896062463,3.88759138623428,4.03129631603119,0.0700243350103077,3.89405114136962,4.16854149069276,1.0,0.274490349323141,3.91311896062463,3.87165973840624,3.98532782480556,0.0692622566426937,3.84957629629791,4.12107935331321,1.0,0.2715030570153
3.91311896062463,3.87217065566574,3.95107393493405,0.0747029216364478,3.8046588989867,4.09748897088141,1.0,0.292830071894711,3.91311896062463,3.91789818303125,4.00971333019953,0.072502554224718,3.86761093513192,4.15181572526714,1.0,0.284204790135219
3.91311896062463,3.88213059207618,3.97781584848156,0.0741510382873635,3.83248248402208,4.12314921294104,1.0,0.290666728918966,3.91311896062463,3.84338326802757,4.0356700463616,0.0764592063914625,3.88581275554782,4.18552733717538,1.0,0.299714581627562
3.91311896062463,3.79211341527978,3.96499762847637,0.0767976822501298,3.81447693716997,4.11551831978278,1.0,0.301041382612811,3.91311896062463,3.88605548197022,4.07980413410144,0.0806319778249275,3.92176836156235,4.23783990664053,0.0,0.31607154507818
3.91311896062463,3.79227256090633,3.87141077509981,0.0779426527556124,3.7186459828393,4.02417556736032,1.0,0.305529584521024,3.91311896062463,3.86092289375464,4.01296053139163,0.0680698285758607,3.87954611894913,4.14637494383413,1.0,0.266828824885005
3.91311896062463,3.81334426075197,3.89225721537792,0.0650740021385719,3.76471451485644,4.0197999158994,1.0,0.255085401042966,3.91311896062463,3.81852593089116,3.92060514986211,0.0707776826659754,3.78188344092759,4.05932685879663,1.0,0.277443417869033
3.91311896062463,3.98012171465567,4.13466214662604,0.078195362746309,3.98140205188523,4.28792224136685,0.0,0.306520189481622,3.91311896062463,3.9844948308981,4.10871607801183,0.0741485567551711,3.96338757726607,4.25404457875759,0.0,0.290657001491519
3.91311896062463,3.75997045763432,3.95663276148638,0.0833881629109401,3.79319496544398,4.12007055752878,1.0,0.326875592084803,3.91311896062463,3.74139452279413,3.89724701905921,0.0739798033048908,3.75224926899827,4.04224476912016,1.0,0.289995500121886
3.91311896062463,3.95568552077021,4.05984182293895,0.0811569211055128,3.90077718047598,4.21890646540191,1.0,0.318129284925927,3.91311896062463,4.01216820944535,4.15406567900935,0.0815079623720059,3.99431300830697,4.31381834971173,0.0,0.319505341404755
3.91311896062463,3.93788193779362,4.06552621120758,0.0708595773740155,3.92664399159478,4.20440843082038,0.0,0.277764439225599,3.91311896062463,3.95172230974155,4.09369699569465,0.0711829201997864,3.95418103578868,4.23321295560062,0.0,0.27903191981194
3.91311896062463,3.73806923948952,3.80913085295857,0.076134911512172,3.65990916842856,3.95835253748857,1.0,0.298443369060002,3.91311896062463,3.83729941903249,3.9259501979382,0.073928450346547,3.78105309782611,4.07084729805029,1.0,0.28979420022418
3.91311896062463,3.88303849836108,3.99367584635516,0.0820017917951102,3.83295528776899,4.15439640494133,1.0,0.321441117172336,3.91311896062463,3.76905544192786,3.94302749190523,0.0774779232341445,3.79117355276935,4.09488143104112,1.0,0.303707878271764
3.91311896062463,3.73790396491562,3.89782496482121,0.0739488841835493,3.75288781512453,4.04276211451789,1.0,0.289874299393361,3.91311896062463,3.78631927967575,3.91909345174787,0.0699299576504453,3.78203325331259,4.05615365018316,1.0,0.274120396870568
3.91311896062463,3.87024224663247,4.00929668873107,0.0787141312776358,3.85501982635254,4.16357355110959,1.0,0.308553724757048,3.91311896062463,3.80058705509246,3.84389201130611,0.0759914032197149,3.69495159786081,3.99283242475141,1.0,0.297880826890604
3.91311896062463,3.79448068956479,3.96487917051372,0.0856648618086406,3.79697912662819,4.13277921439926,1.0,0.335800087771073,3.91311896062463,3.78140613478751,3.99606324747174,0.0810822463654081,3.83714496480994,4.15498153013355,1.0,0.317836565323607
3.91311896062463,3.78960511874856,3.95275537962331,0.0730253245824243,3.80962837348241,4.09588238576421,1.0,0.286254012281798,3.91311896062463,3.80831739916026,3.94686738549335,0.0737487874630487,3.80232241816228,4.09141235282442,1.0,0.289089934662148
3.91311896062463,3.8852500456809,3.97584863436617,0.0741121699376309,3.8305914504723,4.12110581826004,1.0,0.290514367787737,3.91311896062463,3.85736604475077,4.02350370291141,0.0731866021302372,3.88006059858528,4.16694680723754,1.0,0.286886208652255
3.91311896062463,3.83096798026437,3.96991378839056,0.0635318878425001,3.84539357634942,4.0944340004317,1.0,0.249040424082276,3.91311896062463,3.87924427636815,3.99789951650159,0.0726763497316224,3.85545648849978,4.14034254450341,1.0,0.284886056003634
3.91311896062463,3.81799924885335,3.95760170522488,0.0775465489340233,3.80561326218882,4.10959014826093,1.0,0.303976886072117,3.91311896062463,3.87515719099364,4.0082698427106,0.0791342241693166,3.85316961339422,4.16337007202698,1.0,0.310200458632759
3.91311896062463,3.86419029420863,3.96805325732514,0.0759250972298298,3.81924280123197,4.11686371341831,1.0,0.297620912186336,3.91311896062463,3.83721257501392,3.91644072169351,0.074088865521063,3.7712292136168,4.06165222977023,1.0,0.290423016153429
3.91311896062463,3.75428477271765,3.80758380571752,0.0867728631893553,3.63751211903096,3.97765549240408,1.0,0.340143373373115,3.91311896062463,3.82549539363144,3.88050169274729,0.0670188219843877,3.74914721537159,4.01185617012299,1.0,0.262708954751402
3.91311896062463,3.96570140706477,4.02748616172818,0.0710127676231622,3.88830369474427,4.16666862871209,1.0,0.27836493396782,3.91311896062463,3.97189585457544,4.04849502114615,0.0695546671686631,3.9121703785389,4.1848196637534,1.0,0.2726492852145
3.91311896062463,3.86933653657231,3.95050579946377,0.0859151403216438,3.78211521870664,4.1188963802209,1.0,0.336781161514254,3.91311896062463,3.90251042689624,4.02658180391524,0.0823643591997377,3.86515062627403,4.18801298155644,1.0,0.322862355282412
3.91311896062463,3.85146516479333,3.95312721353903,0.070402577712134,3.81514069680447,4.0911137302736,1.0,0.27597303346913,3.91311896062463,3.88076918300234,3.93191288354434,0.0709476414303244,3.79285806155284,4.07096770553584,1.0,0.278109643982995
3.91311896062463,3.7961431339953,3.85630599879185,0.074445670999594,3.71039516482773,4.00221683275598,1.0,0.291821667928244,3.91311896062463,3.78804424878743,3.83386634198149,0.0722832586762614,3.69219375829082,3.97553892567215,1.0,0.283345167381329
3.91311896062463,3.94093949632933,4.10880825236146,0.0887847989122942,3.93479324411873,4.28282326060418,0.0,0.348030016485455,3.91311896062463,3.83997984729856,3.95903799262271,0.0683457717674579,3.8250827414629,4.09299324378252,1.0,0.267910502319624
3.91311896062463,3.68425276802183,3.79066616263042,0.0740764814847083,3.64547892681895,3.9358533984419,1.0,0.290374471622953,3.91311896062463,3.69024495463064,3.83561042479264,0.0700518451331725,3.69831133128104,3.97290951830423,1.0,0.274598187023191
3.91311896062463,3.85578124632077,3.94488796492848,0.0702744923077922,3.80715249097337,4.08262343888359,1.0,0.27547094791022,3.91311896062463,3.84859451525798,3.89302262523597,0.0712161068686606,3.75344162065424,4.0326036298177,1.0,0.279162009163461
3.91311896062463,3.91425628715076,3.99970273213277,0.0641699460490471,3.87393194898676,4.12547351527878,1.0,0.251541566292021,3.91311896062463,3.94184680919233,3.99160298740599,0.0664932844057288,3.86127854475698,4.12192743005499,1.0,0.260648885298014
3.91311896062463,3.93846261956805,4.03502241519775,0.0729878258153636,3.89196890528975,4.17807592510574,1.0,0.286107019815991,3.91311896062463,3.91652592185569,3.95699342789126,0.07368632628607,3.81257088221749,4.10141597356502,1.0,0.288845091347529
3.91311896062463,3.9352678300456,4.05921593485476,0.0751594608576164,3.91190609847639,4.20652577123314,1.0,0.294619672756752,3.91311896062463,3.84495266615314,3.94419444215239,0.0752483713870698,3.79671034433843,4.09167853996634,1.0,0.294968195627903
3.91311896062463,3.85914673599006,3.9463552004683,0.062988087145423,3.8229008182082,4.0698095827284,1.0,0.246908764520199,3.91311896062463,3.79168812390955,3.88592586165672,0.0718775127874534,3.74504852529499,4.02680319801844,1.0,0.281754672723451
3.91311896062463,3.7786297067736,3.85748168318852,0.0885999727587722,3.6838289275501,4.03113443882695,1.0,0.347305511276847,3.91311896062463,3.7557865434636,3.88498995892821,0.0837168491256688,3.72090794974273,4.0490719681137,1.0,0.328164018370969
3.91311896062463,3.85278659844758,3.98040976888119,0.0880926428771875,3.80775136153895,4.15306817622342,1.0,0.345316814684473,3.91311896062463,3.87352188993679,3.98077734585713,0.0810686323168022,3.82188574624028,4.13966894547398,1.0,0.317783199233704
3.91311896062463,3.78291714057451,3.83747852757954,0.0747674512977516,3.6909370158201,3.98402003933899,1.0,0.293083023518891,3.91311896062463,3.8111410494973,3.85362231479824,0.0655129005139771,3.72521938926809,3.9820252403284,1.0,0.256805851060301
3.91311896062463,3.79292941065795,3.93247762752122,0.0815188605662773,3.77270359675057,4.09225165829186,1.0,0.319548061541292,3.91311896062463,3.77931455043013,3.97716779122583,0.081266513443169,3.81788835172808,4.13644723072358,1.0,0.318558878995503
3.91311896062463,3.92369074446075,4.1069070284234,0.0721433219952489,3.96550871558763,4.24830534125916,0.0,0.282796625671528,3.91311896062463,3.894400701727,3.99676779408515,0.0680536500026392,3.86338509106348,4.13015049710681,1.0,0.266765406043334
3.91311896062463,3.86461021074149,3.9927929731629,0.0730251923680229,3.84966622615747,4.13591972016833,1.0,0.286253494010868,3.91311896062463,3.86462968372301,4.0272475573484,0.0694614517037994,3.89110561369508,4.16338950100171,1.0,0.27228388730663
3.91311896062463,3.83510963075579,3.94185071058401,0.0892571286539206,3.76690995305887,4.11679146810915,1.0,0.349881515050285,3.91311896062463,3.81885894093125,3.90332148294788,0.0704563107405222,3.7652296514129,4.04141331448287,1.0,0.276183663069972
3.91311896062463,3.8119661042178,3.98785388277198,0.0906109857965456,3.81025961400708,4.16544815153688,1.0,0.355188537529799,3.91311896062463,3.84359291670886,4.02438738675872,0.0834653135619723,3.86079837821891,4.18797639529853,1.0,0.327178017079616
3.91311896062463,3.85336515614916,3.9651745462864,0.0755204380254986,3.81715720765974,4.11319188491307,1.0,0.296034677253332,3.91311896062463,3.75547441123384,3.84750963561422,0.0741910605547062,3.70209782895216,3.99292144227627,1.0,0.290823613324108
3.91311896062463,3.83937541437366,3.94044440911908,0.0716257737746775,3.8000604721559,4.08082834608226,1.0,0.280767873926362,3.91311896062463,3.87078658350669,3.99423065535802,0.0787792881579551,3.83982608784073,4.14863522287532,1.0,0.308809135034589
3.91311896062463,3.8299672419161,3.88902948630021,0.0691452990423171,3.75350719047702,4.02455178212341,1.0,0.271044591646386,3.91311896062463,3.81301925735809,3.9069446544852,0.0682115220046659,3.77325252802539,4.04063678094501,1.0,0.267384252919614
3.91311896062463,3.81885907344322,4.03630249166609,0.0860849651543865,3.8675790603531,4.20502592297907,1.0,0.337446862625966,3.91311896062463,3.8518052521019,3.99927671114581,0.0803557107554765,3.84178241211296,4.15677101017866,1.0,0.314988598065704
3.91311896062463,3.70804877849346,3.84364429298656,0.0694064555174864,3.7076101398777,3.97967844609541,1.0,0.272068306217709,3.91311896062463,3.66521612961824,3.83609734024465,0.0760636473169797,3.68701533097062,3.98517934951869,1.0,0.298164018548074
3.91311896062463,3.93835297510047,3.96493055304519,0.0661846908657149,3.83521094262047,4.0946501634699,1.0,0.259439220849436,3.91311896062463,3.86661929970817,3.93253094692372,0.0634429377076107,3.80818507394339,4.05687681990405,1.0,0.24869174596067
3.91311896062463,3.89776446392178,4.00550572749588,0.0835121419974615,3.84182493690906,4.1691865180827,1.0,0.327361581173639,3.91311896062463,3.80670103327708,3.90364725058948,0.0806681488488705,3.74554058414617,4.06175391703278,1.0,0.316213332886604
3.91311896062463,3.8661094269775,3.93767792939582,0.0708089479320449,3.79889494166584,4.0764609171258,1.0,0.27756597545996,3.91311896062463,3.85242881786065,3.90819569285531,0.0690900127725285,3.77278175612974,4.04360962958087,1.0,0.270827873451136
3.91311896062463,3.7490715877651,3.86504266690448,0.0680568787295651,3.73165363569432,3.99843169811464,1.0,0.266778062420316,3.91311896062463,3.74667157217894,3.86752119529409,0.0693608957458356,3.73157633769681,4.00346605289136,1.0,0.271889715194551
3.91311896062463,3.90989673325553,4.03801720768895,0.0666723168077641,3.90734186797989,4.16869254739801,1.0,0.261350679418124,3.91311896062463,3.89264771893178,4.00189377771579,0.0761998243317089,3.85254486639736,4.15124268903422,1.0,0.298697822636857
3.91311896062463,3.8286437371514,3.87718828098946,0.0732825341528781,3.733557153354,4.02081940862493,1.0,0.287262255270935,3.91311896062463,3.83753050622363,3.88107974707014,0.0644351031497822,3.75478926555645,4.00737022858384,1.0,0.252580963027393
3.91311896062463,3.81885985203325,3.94635335988411,0.0841297849082787,3.78146201143678,4.11124470833144,1.0,0.329782696894655,3.91311896062463,3.88595642130963,4.0572195893957,0.0770318023097546,3.90624003120437,4.20819914758703,1.0,0.301959116382656
3.91311896062463,3.83978877963132,3.98486135713649,0.0684147650356126,3.85077088165591,4.11895183261706,1.0,0.268180950961141,3.91311896062463,3.82566080300592,3.9600324935215,0.0642258220987681,3.83415219533043,4.08591279171256,1.0,0.251760596382124
3.91311896062463,3.91223852905299,4.03596020342472,0.0751369083888615,3.88869456907287,4.18322583777658,1.0,0.294531268703708,3.91311896062463,3.91110161724439,4.06833836003006,0.0775968781031183,3.9162512736352,4.22042544642491,0.0,0.304174172789713
3.91311896062463,3.91497282225267,4.01342741074387,0.0785197107129559,3.85953160566998,4.16732321581777,1.0,0.307791610147795,3.91311896062463,3.83317728906822,3.94759342126116,0.0766450880094669,3.7973718091707,4.09781503335162,1.0,0.300443224180916
3.91311896062463,3.89097902877306,4.00462587614531,0.0777940576380837,3.85215232496343,4.15709942732719,1.0,0.304947102363754,3.91311896062463,3.96261250702296,4.12811234302232,0.0776792245393357,3.97586386057822,4.28036082546642,0.0,0.304496964888196
3.91311896062463,3.85249748790185,3.90636049420911,0.0776342789573988,3.75420010348687,4.05852088493134,1.0,0.304320781444475,3.91311896062463,3.83899998816278,3.92756787072368,0.0692555105811867,3.79182956425363,4.06330617719374,1.0,0.271476612940118
3.91311896062463,3.84442636568257,3.90751982483447,0.069947104476619,3.77042601923744,4.04461363043151,1.0,0.274187611194067,3.91311896062463,3.8720384098456,3.98092483471613,0.0725307447544871,3.83876718722547,4.12308248220679,1.0,0.284315294981324
3.91311896062463,3.87489864778314,4.09729695812949,0.0729903518967062,3.95423849719304,4.24035541906594,0.0,0.286116921872898,3.91311896062463,3.88004292321299,4.04088972313278,0.0703166093922793,3.90307170120894,4.17870774505662,1.0,0.275636043847676
3.91311896062463,3.88060758576198,4.0103746619942,0.0688639946590071,3.87540371263099,4.14534561135742,1.0,0.269941898726425,3.91311896062463,3.86930022485846,3.97612646401727,0.072245256119507,3.83452836396916,4.11772456406537,1.0,0.283196200096211
3.91311896062463,3.75705266809327,3.83022454569066,0.0662197845448802,3.70043615291869,3.96001293846263,1.0,0.259576785543935,3.91311896062463,3.78177796017313,3.89682203533213,0.0648261929954355,3.76976503180624,4.02387903885803,1.0,0.254114007051792
3.91311896062463,3.77175672512284,3.8602267056684,0.0758312469898683,3.7116001926655,4.0088532186713,1.0,0.297253026005806,3.91311896062463,3.79678415023511,3.90765940944946,0.0729377683989088,3.76470401027488,4.05061480862405,1.0,0.28591079834917
3.91311896062463,3.86012043624871,3.91724740033613,0.0663495139180339,3.78720474266504,4.04729005800721,1.0,0.260085315342171,3.91311896062463,3.88505156356603,4.00133064227584,0.06878421997741,3.86651604841544,4.13614523613625,1.0,0.269629187720808
3.91311896062463,3.80929272784702,3.97145053784837,0.0754330924328459,3.82360439343751,4.11929668225923,1.0,0.295692288821718,3.91311896062463,3.83255075872449,3.94866891617251,0.0735133404994694,3.80458541641032,4.0927524159347,1.0,0.28816699952438
3.91311896062463,3.79443681161169,3.87815406899482,0.0643620573530478,3.75200675461194,4.00430138337769,1.0,0.25229462876575,3.91311896062463,3.8567576973018,3.98130664851949,0.0635275335442428,3.85679497074611,4.10581832629286,1.0,0.249023355546752
3.91311896062463,3.76769950460315,3.93148560730808,0.0746891218824697,3.78509761838152,4.07787359623464,1.0,0.292775977853126,3.91311896062463,3.91982200482768,4.08842094238239,0.0708853732631237,3.94948816375598,4.22735372100879,0.0,0.277865557252802
3.91311896062463,3.77637394578682,3.93496172086367,0.0781536626132458,3.78178335688181,4.08814008484552,1.0,0.306356727963712,3.91311896062463,3.82495410874137,3.93024802266189,0.0784014873703354,3.77658393108166,4.08391211424212,1.0,0.307328183160458
3.91311896062463,3.75962557667825,3.89845362637382,0.06809649818132,3.76498694246513,4.0319203102825,1.0,0.266933367817369,3.91311896062463,3.74512323646545,3.82905316059049,0.0765135141828632,3.67908942846148,3.97901689271949,1.0,0.299927464258013
3.91311896062463,3.86150678877974,3.99349146640597,0.07077317491914,3.8547785924929,4.13220434031903,1.0,0.277425747826136,3.91311896062463,3.91780982588507,4.02688039336352,0.0721738302901148,3.88542228536859,4.16833850135845,1.0,0.282916215989862
3.91311896062463,3.7642226587378,3.9090995710577,0.0734157215908353,3.76520740084065,4.05299174127476,1.0,0.287784340434113,3.91311896062463,3.76186645527678,3.9034586418348,0.0765559473797185,3.7534117421682,4.05350554150139,1.0,0.300093799333183
3.91311896062463,3.82630292243026,3.97695206709383,0.0709029770771083,3.83798478562603,4.11591934856163,1.0,0.277934562935602,3.91311896062463,3.90550750729806,4.06872110368582,0.0718285270007168,3.92793977770185,4.20950242966978,0.0,0.281562651967935
3.91311896062463,3.90485594619754,3.94003949494562,0.0748659979520435,3.79330483529297,4.08677415459827,1.0,0.293469319305309,3.91311896062463,3.88394937543675,3.95420340754861,0.0692696988512128,3.8184372925803,4.08996952251692,1.0,0.271532229936625
3.91311896062463,3.90113689022917,4.02191244847623,0.0842203923647248,3.85684351267754,4.18698138427492,1.0,0.330137871597385,3.91311896062463,3.82725868813512,3.93532472297324,0.0793409374895588,3.77981934299407,4.09083010295242,1.0,0.311010759958358
3.91311896062463,3.88521632910658,4.01749218129885,0.0691759064115562,3.88190989613429,4.15307446646341,1.0,0.271164570329127,3.91311896062463,3.89675320703209,4.02517030823455,0.0814949570944742,3.86544312740774,4.18489748906135,1.0,0.319454361653613
3.91311896062463,3.83508375330386,4.01964486910227,0.0775469241545844,3.86765569064742,4.17163404755711,1.0,0.303978356909689,3.91311896062463,3.78587965411957,3.91383965895501,0.082352076603576,3.75243255475991,4.0752467631501,1.0,0.322814208390185
3.91311896062463,3.85010561185286,3.90812453302462,0.0721199362202935,3.76677205546552,4.04947701058372,1.0,0.282704955118202,3.91311896062463,3.82165371481965,3.8815273143783,0.0725342339769531,3.73936282813727,4.02369180061933,1.0,0.284328972482059
3.91311896062463,3.74479947748551,3.94086244177807,0.0873388888657997,3.76968136515136,4.11204351840478,1.0,0.342362153253427,3.91311896062463,3.74846533990295,3.89320109981912,0.0824431416101388,3.73161551149092,4.05478668814733,1.0,0.323171176656415
3.91311896062463,3.89922537610459,4.04814766025367,0.0700692920631434,3.91081437138769,4.18548094911965,1.0,0.274666577731958,3.91311896062463,3.84831755996099,4.00152866971023,0.0679981309855648,3.86825478196248,4.13480255745797,1.0,0.266547775495488
3.91311896062463,3.82137283672944,3.86191138988423,0.0748738280732025,3.71516138347611,4.00866139629235,1.0,0.293500012816242,3.91311896062463,3.83356837593089,3.85619610822159,0.0723096531018623,3.71447179240735,3.99792042403582,1.0,0.28344863162847
3.91311896062463,3.83783838187107,3.95138531242623,0.0763791603051603,3.80168490905871,4.10108571579376,1.0,0.299400806735051,3.91311896062463,3.86789824476956,4.02098694916042,0.0751199123389042,3.87375462645436,4.16821927186647,1.0,0.294464645412116
3.91311896062463,3.86467654038533,3.95277535825081,0.0749447798496798,3.80588628891616,4.09966442758547,1.0,0.293778138669312,3.91311896062463,3.82644528546357,3.9148961211345,0.0721397683918927,3.77350477323333,4.05628746903567,1.0,0.282782695802341
3.91311896062463,3.79920174824471,3.88904678066235,0.0713056422455356,3.74929028996661,4.0288032713581,1.0,0.279512981391495,3.91311896062463,3.81271774842571,3.92645812094038,0.0697091700443493,3.78983065826128,4.06308558361948,1.0,0.273254925358206
3.91311896062463,3.88252032865654,4.00354504842791,0.0685316731359142,3.86922543728125,4.13786465957457,1.0,0.268639222293325,3.91311896062463,3.94912797627009,4.0708755355137,0.0728819199654826,3.92802959725722,4.21372147377018,0.0,0.285691876512953
3.91311896062463,3.8016821421237,3.82674274849146,0.078777629723398,3.67234143144617,3.98114406553675,1.0,0.308802634090585,3.91311896062463,3.8539308706325,3.87437935686814,0.0775145502055546,3.72245363018743,4.02630508354885,1.0,0.303851453361417
3.91311896062463,3.81360952266004,4.00799368745673,0.0812711379511903,3.84870518408981,4.16728219082365,1.0,0.318577006733838,3.91311896062463,3.76113107528069,3.94610377367003,0.0824421696643483,3.78452009032057,4.10768745701949,1.0,0.323167366698926
3.91311896062463,3.84377542585363,3.95415347035616,0.0739788764416972,3.80915753691369,4.09914940379862,1.0,0.28999186688493,3.91311896062463,3.8643931401342,3.98375619750744,0.069526277792358,3.84748719705529,4.12002519795959,1.0,0.272538000904297
3.91311896062463,3.79337220206073,3.97156014510912,0.0751306013668066,3.82430687229334,4.11881341792489,1.0,0.294506545631553,3.91311896062463,3.75327406450045,3.93110875335408,0.0693386461066075,3.79520750424836,4.0670100024598,1.0,0.271802498211438
3.91311896062463,3.86016521924316,3.98449934800748,0.0701822347275388,3.84694469558697,4.122054000428,1.0,0.275109304841024,3.91311896062463,3.87296140793791,4.01676348483829,0.064536669317445,3.89027393729392,4.14325303238265,1.0,0.252979095088726
3.91311896062463,3.77916540089351,3.96608796444088,0.0755295897436732,3.8180526887762,4.11412324010557,1.0,0.29607055132937,3.91311896062463,3.74280006681662,3.90087543119969,0.0752956572442165,3.75329865480875,4.04845220759063,1.0,0.295153552781874
3.91311896062463,3.84823602247389,3.94346795167899,0.07454778374822,3.7973569804052,4.08957892295278,1.0,0.292221942547583,3.91311896062463,3.85999068909711,3.97003562888767,0.0709464986645899,3.83098304667585,4.10908821109948,1.0,0.27810516442363
3.91311896062463,3.97959919681332,4.11339696145284,0.0737845579299208,3.96878188529499,4.25801203761069,0.0,0.289230152315708,3.91311896062463,3.91173136787012,4.03874651745284,0.0711259902160596,3.89934213826462,4.17815089664107,1.0,0.27880875837645
3.91311896062463,3.82847727605663,3.99980215695138,0.0695697156103026,3.86344801994049,4.13615629396227,1.0,0.272708274021774,3.91311896062463,3.8246603859249,3.97153786516804,0.0697744742002928,3.83478240869525,4.10829332164083,1.0,0.273510912945586
3.91311896062463,3.80555289808692,3.84030180938659,0.0706964486536386,3.70173931619057,3.97886430258261,1.0,0.277124986392034,3.91311896062463,3.81226123138206,3.90706156223822,0.0700497117021542,3.76976665017458,4.04435647430185,1.0,0.274589824127272
3.91311896062463,3.82022192302791,3.92463160319913,0.0715661760872863,3.7843644755568,4.06489873084147,1.0,0.280534255284666,3.91311896062463,3.75713756562914,3.86198124030992,0.0721918783926028,3.72048775868412,4.00347472193572,1.0,0.282986963251594
3.91311896062463,3.7637791415295,3.89897605973736,0.0756139591136788,3.75077542314606,4.04717669632865,1.0,0.296401273182589,3.91311896062463,3.86653054301809,3.96875029074139,0.0793109350301413,3.81330371450212,4.12419686698066,1.0,0.310893152478546
3.91311896062463,3.83347693508587,3.94578948749782,0.0719062818525961,3.80485576480455,4.0867232101911,1.0,0.281867445386549,3.91311896062463,3.82989589422179,3.9798027414905,0.0728130076565299,3.83709186887766,4.12251361410333,1.0,0.285421745225676
3.91311896062463,3.72678382451022,3.79748389570598,0.0812421040216,3.63825229779539,3.95671549361658,1.0,0.318463195821185,3.91311896062463,3.70682863246825,3.79519175970039,0.0754467414506565,3.6473188637062,3.94306465569458,1.0,0.295745791988383
3.91311896062463,3.87159254067178,4.00483602251467,0.0760913115002461,3.85569979243777,4.15397225259158,1.0,0.298272460153802,3.91311896062463,3.87465273743873,3.95728754757859,0.0739807107716392,3.8122880189155,4.10228707624167,1.0,0.289999057326174
3.91311896062463,3.85027752663844,3.96705709356382,0.082495481041283,3.8053689218356,4.12874526529204,1.0,0.323376343456443,3.91311896062463,3.87688278434968,3.98960759790913,0.0770378458738192,3.8386161945499,4.14059900126837,1.0,0.301982806718466
3.91311896062463,3.75679053656564,3.8956285156365,0.0797390431647467,3.73934286287192,4.05191416840109,1.0,0.312571305529177,3.91311896062463,3.83305215891668,3.94890471542417,0.0784773932343947,3.79509185108417,4.10271757976417,1.0,0.307625728680002
3.91311896062463,3.87862016067014,3.92214954677532,0.0672852478505778,3.79027288429734,4.05402620925331,1.0,0.263753324955967,3.91311896062463,3.78507261588071,3.82491121743973,0.0708494393734288,3.68604886794296,3.96377356693651,1.0,0.277724698993548
3.91311896062463,3.81695215381477,3.89509459357583,0.0730840392323943,3.75185250883563,4.03833667831604,1.0,0.28648416948041,3.91311896062463,3.79014839725178,3.86230227491909,0.0703081541477704,3.72450082496997,4.00010372486821,1.0,0.27560289989824
3.91311896062463,3.88569364571404,4.0093098593105,0.0800133069280227,3.85248665944762,4.16613305917337,1.0,0.313646399725747,3.91311896062463,3.85408743291171,3.98635112760357,0.0822667701166201,3.82511122105056,4.14759103415659,1.0,0.322479813106023
3.91311896062463,3.72253012919272,3.91108845124013,0.0744183157918262,3.76523123249803,4.05694566998224,1.0,0.291714437484215,3.91311896062463,3.70789499241709,3.89712328388927,0.0721127918877702,3.75578480896461,4.03846175881393,1.0,0.282676949849324
3.91311896062463,3.87461632662434,4.00412436162358,0.0752855809591197,3.85656733438854,4.15168138885863,1.0,0.295114054470098,3.91311896062463,3.85052943333444,3.94903399162757,0.0756074470782618,3.80084611839115,4.09722186486398,1.0,0.296375746472822
3.91311896062463,3.89638326197009,4.03212844552906,0.0722156171994406,3.89058843669682,4.17366845436129,1.0,0.283080017664469,3.91311896062463,3.83856201697404,3.98626152095068,0.0698954849509169,3.84926888776492,4.12325415413644,1.0,0.273985266371517
3.91311896062463,3.74284873869034,3.90195351562145,0.0706746434678703,3.76343375980421,4.04047327143868,1.0,0.277039511634469,3.91311896062463,3.76938301336532,3.86486033543658,0.0668770313546714,3.73378376258847,3.99593690828469,1.0,0.262153145696224
3.91311896062463,3.86404810272885,4.02462704171881,0.0674616905458235,3.89240455791281,4.15684952552481,1.0,0.264444967612,3.91311896062463,3.88625895072507,4.01969277738426,0.0644325951617989,3.89340721143669,4.14597834333184,1.0,0.252571131895151
3.91311896062463,3.79045414955591,3.89047547741088,0.0773866470383727,3.73880043633136,4.0421505184904,1.0,0.303350082159047,3.91311896062463,3.77553245510036,3.93492944392211,0.0756015436844154,3.78675314112502,4.0831057467192,1.0,0.296352605594171
3.91311896062463,3.95641108977564,4.07723934502148,0.0793104956073468,3.92179363003505,4.2326850600079,0.0,0.310891429972843,3.91311896062463,3.93746263470517,4.02852357150173,0.0794714029748683,3.87276248387012,4.18428465913334,1.0,0.311522175263223
3.91311896062463,3.86315616940016,3.91150764491226,0.0797001289864151,3.75529826253569,4.06771702728883,1.0,0.312418764753141,3.91311896062463,3.85403268740482,3.97601257239932,0.0815085919182891,3.8162586678089,4.13576647698974,1.0,0.319507809180838
3.91311896062463,3.74371461790869,3.83447666704567,0.0774355866172078,3.68270570615421,3.98624762793713,1.0,0.303541921782918,3.91311896062463,3.80071400164717,3.84528911385485,0.0763125152267826,3.6957193324407,3.99485889526901,1.0,0.299139562828317
3.91311896062463,3.80693555484266,3.90230373563428,0.0711197458188147,3.76291159523976,4.0416958760288,1.0,0.27878428078904,3.91311896062463,3.79957918448014,3.95157345271392,0.0703640172495664,3.81366251309722,4.08948439233063,1.0,0.27582187923341
3.91311896062463,3.86614146461887,3.96969786247296,0.0742399169225566,3.82419029908951,4.11520542585642,1.0,0.291015126766914,3.91311896062463,3.82833531908648,3.88879201917223,0.072269554642163,3.74714629489484,4.03043774344961,1.0,0.283291448554778
3.91311896062463,3.76859320274212,3.89927303954231,0.0794643216009033,3.74352583114864,4.05502024793599,1.0,0.311494416787357,3.91311896062463,3.74177654562284,3.88224607162987,0.0829286866732551,3.71970883246509,4.04478331079466,1.0,0.325074478329573
3.91311896062463,3.85022255600789,4.00426708184372,0.0820266681692608,3.84349776646015,4.16503639722729,1.0,0.321538630767138,3.91311896062463,3.7982151974411,3.93178435827818,0.0825664685255173,3.7699570536375,4.09361166291885,1.0,0.323654609281347
3.91311896062463,3.7951087403535,3.86998053004666,0.068763104192066,3.73520732236504,4.00475373772829,1.0,0.269546415363249,3.91311896062463,3.87882850554946,3.97496809523119,0.0700081537445307,3.83775463526777,4.11218155519462,1.0,0.274426919926846
3.91311896062463,3.78624229375463,3.83334958348924,0.0822570148045074,3.67212879699663,3.99457036998185,1.0,0.322441572985225,3.91311896062463,3.78056877682045,3.84472889634666,0.0790510687825241,3.68979164859351,3.9996661440998,1.0,0.309874495506292
3.91311896062463,3.90967334548628,4.0116800982708,0.0693160254027241,3.87582318493,4.1475370116116,1.0,0.271713826681605,3.91311896062463,3.91660034849223,4.04037119895746,0.0727512020307831,3.89778146314513,4.18296093476979,1.0,0.285179471624664
3.91311896062463,3.84710002903495,3.95451522149958,0.072417560131716,3.81257941179315,4.096451031206,1.0,0.283871619412854,3.91311896062463,3.92904384509783,3.99597550369785,0.0735651713120233,3.85179041740977,4.14016058998594,1.0,0.28837017257617
3.91311896062463,3.75843519407284,3.83076678678242,0.0725103918015041,3.68864903034658,3.97288454321826,1.0,0.284235512871673,3.91311896062463,3.80146506328301,3.86231204319623,0.0738837827281688,3.71750249000744,4.00712159638502,1.0,0.289619106377586
3.91311896062463,3.80401885450851,3.89075993063621,0.0752821783197121,3.74320957245185,4.03831028882057,1.0,0.295100716368716,3.91311896062463,3.79734515778592,3.89311133849491,0.0689646635136282,3.75794308180227,4.02827959518754,1.0,0.27033651338527
3.91311896062463,3.73358381004798,3.87833750588973,0.0804776017732897,3.72060430485193,4.03607070692754,1.0,0.315466402075609,3.91311896062463,3.75695475410019,3.87342001046817,0.0748424460987957,3.72673151159965,4.02010850933669,1.0,0.29337699773704
3.91311896062463,3.86057765224418,3.98111126246157,0.0900965958059134,3.80452517955231,4.15769734537082,1.0,0.353172165818505,3.91311896062463,3.81698557623012,3.89607964027004,0.0789012828034635,3.74143596764124,4.05072331289883,1.0,0.309287345257596
3.91311896062463,3.87324800062452,4.03460142164125,0.080935483024292,3.87597078984228,4.19323205344021,1.0,0.31726126359793,3.91311896062463,3.84715852376611,3.99213278843686,0.0745532112692907,3.84601117941725,4.13825439745648,1.0,0.292243218039231
3.91311896062463,3.98092700321434,4.15360050496898,0.0706281520310244,4.01517187069356,4.29202913924441,0.0,0.276857268550854,3.91311896062463,3.84557119862944,4.01960504000272,0.0739021195356522,3.87475954733167,4.16445053267377,1.0,0.289690985342105
3.91311896062463,3.83767904220283,3.91761704098807,0.0756270694442663,3.769390708621,4.06584337335515,1.0,0.296452664734143,3.91311896062463,3.87411409607153,3.94310491295834,0.0686964303391231,3.80846238362719,4.07774744228948,1.0,0.269285058662291
3.91311896062463,3.73684068926628,3.96229321119309,0.0814717721358712,3.80261147205013,4.12197495033605,1.0,0.319363478285923,3.91311896062463,3.77690740630422,3.98149551661159,0.0864417718484652,3.81207275702877,4.15091827619441,1.0,0.33884551916564
3.91311896062463,3.77560377387941,3.85343843479194,0.0724281297205226,3.71148190907212,3.99539496051176,1.0,0.283913051439638,3.91311896062463,3.80615948320046,3.88404093511448,0.0770709486742025,3.73298465145871,4.03509721877025,1.0,0.302112567311544
3.91311896062463,3.81239480537776,3.89756228463408,0.0757365035710486,3.74912146531984,4.04600310394833,1.0,0.296881638628489,3.91311896062463,3.79867671227369,3.89084863695884,0.0890977334176352,3.71622028835613,4.06547698556156,1.0,0.349256697205431
3.91311896062463,3.83416854007602,3.96781328145164,0.0753678565117548,3.82009499709661,4.11553156580666,1.0,0.295436568710044,3.91311896062463,3.8246864283337,3.94079583621553,0.0689249442907635,3.8057054277692,4.07588624466186,1.0,0.270180816892652
3.91311896062463,3.87451010347842,3.93025618657968,0.0746644145028746,3.78391662322727,4.07659574993208,1.0,0.292679126704808,3.91311896062463,3.92042973807395,3.95315438190363,0.0715080387271196,3.81300120139338,4.09330756241388,1.0,0.280306361020499
3.91311896062463,3.88573630693508,3.93784471114759,0.0690317282401409,3.80254501000636,4.07314441228883,1.0,0.270599402282466,3.91311896062463,3.84513886545325,3.93496434283866,0.0704119048114826,3.79695954532529,4.07296914035203,1.0,0.276009595026736
3.91311896062463,3.86181324929954,3.94765409512172,0.0707834713717487,3.80892104053237,4.08638714971107,1.0,0.277466109178699,3.91311896062463,3.86246974827723,3.99605896605233,0.0676401759037082,3.86348665737311,4.12863127473155,1.0,0.265144617358444
3.91311896062463,3.84012879490099,3.91854671781885,0.0677915194905077,3.78567778116021,4.05141565447749,1.0,0.26573787331728,3.91311896062463,3.83496581687449,3.87213178636584,0.0712280389585928,3.73252739531758,4.01173617741409,1.0,0.279208782096516
3.91311896062463,3.80402192808662,3.91354831383693,0.0768846406062042,3.76285718728446,4.0642394403894,1.0,0.301382253104932,3.91311896062463,3.79641813859838,3.93787724449116,0.081659992138231,3.7778266009224,4.09792788805992,1.0,0.320101287137513
3.91311896062463,3.81584699795833,3.87972475694248,0.0742463702090707,3.73420454534987,4.02524496853508,1.0,0.291040423185212,3.91311896062463,3.83090254544127,3.91364139623188,0.0792749749350515,3.75826530048386,4.0690174919799,1.0,0.310752191496033
3.91311896062463,3.96540494142931,4.11883810297632,0.0697538343142158,3.98212309993689,4.25555310601576,0.0,0.273430006078874,3.91311896062463,3.95489004767698,4.11415810883758,0.0742847914184621,3.96856259305833,4.25975362461684,0.0,0.291191031558512
3.91311896062463,3.77048582181491,3.85446764187115,0.0723605154312456,3.71264363772315,3.99629164601914,1.0,0.283648008295993,3.91311896062463,3.75719878712832,3.86701317489964,0.0680430350986673,3.73365127670746,4.00037507309182,1.0,0.266723796384366
3.91311896062463,3.83807156477643,3.95164669109555,0.0832091714206497,3.78855971192766,4.11473367026345,1.0,0.326173958335786,3.91311896062463,3.80283975096883,3.86325189404255,0.0786093175237147,3.70918046284679,4.0173233252383,1.0,0.308142862391509
3.91311896062463,3.86782320407985,4.01240293478123,0.0748199808234787,3.86575846704324,4.15904740251923,1.0,0.293288935475992,3.91311896062463,3.88053151433591,3.99908680621104,0.0713722215014436,3.8591998225716,4.13897378985049,1.0,0.279773967278889
3.91311896062463,3.97959714183124,4.08512278974475,0.0723587076125275,3.94330232885633,4.22694325063317,0.0,0.283640921776836,3.91311896062463,3.95544411462722,4.11737603297132,0.0706308918536721,3.97894202874218,4.25581003720046,0.0,0.276868008458282
3.91311896062463,3.82728598516921,4.0363109030712,0.0729211908519134,3.89338799529168,4.17923381085072,1.0,0.285845815559044,3.91311896062463,3.80769426643494,4.03734735583883,0.0714170286583909,3.89737255178552,4.17732215989215,1.0,0.279949608106622
3.91311896062463,3.84586793748889,3.94503279961526,0.0753461964140177,3.7973569682717,4.09270863095881,1.0,0.295351662687111,3.91311896062463,3.86320225292471,4.0135314481282,0.0732775236848196,3.86991014082967,4.15715275542673,1.0,0.287242614597055
3.91311896062463,3.95577643221441,4.05763701708695,0.0655602135480397,3.92914135971403,4.18613267445986,0.0,0.256991314745825,3.91311896062463,3.90018946417308,3.95786221614525,0.0767505500534856,3.80743390224678,4.10829053004372,1.0,0.300856627796941
3.91311896062463,3.7908612637886,3.83564495035951,0.0724196156607956,3.69370511189012,3.9775847888289,1.0,0.283879676938784,3.91311896062463,3.80830994610692,3.87134979068896,0.0706122565913023,3.73295231090291,4.00974727047502,1.0,0.276794959572107
3.91311896062463,3.86364998117968,3.9691094140146,0.0760584235615772,3.82003764311301,4.11818118491618,1.0,0.298143541803168,3.91311896062463,3.78168001620787,3.91356313153712,0.0732912615399348,3.76991489853734,4.0572113645369,1.0,0.287296465999555
3.91311896062463,3.78109356686607,3.9205911858922,0.0789998618575329,3.7657543018678,4.07542806991661,1.0,0.309673768048808,3.91311896062463,3.79536614968679,3.93926281730942,0.0810474355443207,3.78041276260322,4.09811287201562,1.0,0.317700109412399
3.91311896062463,3.96706706849149,3.98402720910138,0.0772627920673389,3.83259491930438,4.13545949889837,1.0,0.302864579593982,3.91311896062463,3.98869529424294,3.99575068457887,0.073426353587604,3.85183767603106,4.13966369312667,1.0,0.287826017095614
3.91311896062463,3.8048748537753,3.92038880306809,0.0720724090378907,3.77912947707479,4.0616481290614,1.0,0.28251865198661,3.91311896062463,3.76707739508224,3.88007732201895,0.0684652642305563,3.74588786993504,4.01426677410286,1.0,0.268378904167818
3.91311896062463,3.7858700662328,3.90971007293429,0.0746062740852723,3.76348446270643,4.05593568316215,1.0,0.292451220455716,3.91311896062463,3.81338158696569,4.00373364184817,0.0758363725026698,3.85509708302478,4.15237020067157,1.0,0.297273117646792
3.91311896062463,3.80583966534807,3.84544820037613,0.0795099477339858,3.68961156640486,4.0012848343474,1.0,0.311673267942548,3.91311896062463,3.76275163294232,3.85447929810747,0.0722296431703616,3.71291179887738,3.99604679733756,1.0,0.283134998460176
3.91311896062463,3.7412155143019,3.8951791946749,0.0818135502963664,3.73482758264666,4.05553080670313,1.0,0.320703224056468,3.91311896062463,3.781869273506,3.91443215974952,0.079973029851027,3.75768790150696,4.07117641799208,1.0,0.313488516485119
3.91311896062463,3.92798885718674,4.03587900259412,0.0787478160763875,3.88153611922321,4.19022188596502,1.0,0.308685766741807,3.91311896062463,3.82024321167328,3.91250551711022,0.0684275039989831,3.77839007372024,4.0466209605002,1.0,0.268230886779955
3.91311896062463,3.92799083975542,4.09099897664955,0.0805560572522066,3.93311200569868,4.24888594760043,0.0,0.315773941901742,3.91311896062463,3.90317564332359,4.00982349614176,0.0741581711753828,3.86447615147865,4.15517084080487,1.0,0.290694689326214
3.91311896062463,3.99995855538003,4.14872091240694,0.0852201079241785,3.98169257011693,4.31574925469695,0.0,0.334056684580013,3.91311896062463,4.01838715163048,4.12063393673239,0.0751020053665042,3.97343671104731,4.26783116241747,0.0,0.294394451370164
3.91311896062463,3.86626709442804,4.01308288360721,0.0671994222337019,3.88137443624725,4.14479133096716,1.0,0.263416894719912,3.91311896062463,3.8144640313185,4.00577331830882,0.0742664787065863,3.8602136947853,4.15133294183234,1.0,0.291119247047039
3.91311896062463,3.76249159670944,3.91357143264377,0.0757154925909614,3.76517179409378,4.06197107119377,1.0,0.296799277099987,3.91311896062463,3.79028031925849,3.89703259844602,0.0768891033467119,3.74633272508289,4.04773247180915,1.0,0.301399746726267
3.91311896062463,3.85929043591641,3.94188782134109,0.0773978153671293,3.79019089073943,4.09358475194274,1.0,0.303393861203308,3.91311896062463,3.81796231903193,3.86602086660973,0.0706724869670363,3.72750533745646,4.004536395763,1.0,0.277031058306535
3.91311896062463,3.87177273305091,4.0618772968096,0.0753036204417716,3.91428491283825,4.20946968078094,0.0,0.295184767942693,3.91311896062463,3.89099985016797,4.00144709691385,0.0720202239301462,3.86029005185226,4.14260414197545,1.0,0.282314090123192
3.91311896062463,3.91537644253807,3.98376137547293,0.0680630750772098,3.85036019964455,4.1171625513013,1.0,0.266802351656754,3.91311896062463,3.94907441835091,4.0718104252533,0.062719014984118,3.9488834147386,4.19473743576799,0.0,0.245854021029398
3.91311896062463,3.84534831008619,3.9877407431176,0.0702037678624342,3.85014388652822,4.12533759970698,1.0,0.275193713178763,3.91311896062463,3.79910538722073,3.97818489519605,0.0783621659202246,3.82459787224185,4.13177191815024,1.0,0.307174045908384
3.91311896062463,3.73055750646484,3.87335551176101,0.0754494575902692,3.725477292231,4.02123373129102,1.0,0.29575643906002,3.91311896062463,3.69616145415904,3.82442939406285,0.0752156938996645,3.67700934294731,3.97184944517838,1.0,0.294840102231062
3.91311896062463,3.9175895582886,4.06383753220186,0.0711159172830123,3.92445289559963,4.2032221688041,0.0,0.278769273204468,3.91311896062463,3.89869570500712,4.0482030333255,0.0750450941246558,3.90111735162476,4.19528871502625,1.0,0.294171363401487
3.91311896062463,3.86730958292995,3.9322356861837,0.0645345675244917,3.80575025807782,4.05872111428957,1.0,0.252970856211744,3.91311896062463,3.95751257688904,3.99593911453742,0.0605916641536369,3.87718163503294,4.11469659404189,1.0,0.23751495900895
3.91311896062463,3.82999232126232,3.98498202139811,0.0725842563429318,3.84271949312135,4.12724454967488,1.0,0.284525056553538,3.91311896062463,3.90915937483897,4.04602466952824,0.0775361980066419,3.89405651393705,4.19799282511942,1.0,0.303936311182369
3.91311896062463,3.77324550200237,3.89280787832601,0.0665030288539725,3.76246433690939,4.02315141974262,1.0,0.260687082833228,3.91311896062463,3.73898880484763,3.83175537799222,0.0674579167431531,3.69954029070354,3.96397046528091,1.0,0.264430174577363
3.91311896062463,3.8015672830374,3.89410724759324,0.0748025218508021,3.7474969988129,4.04071749637359,1.0,0.293220497560685,3.91311896062463,3.81084677546508,3.91563631046565,0.0735428697982676,3.77149493434132,4.05977768658997,1.0,0.288282752248646
3.91311896062463,3.84571977381818,3.95075757084404,0.0744236316461654,3.80488993321888,4.0966252084692,1.0,0.29173527525032,3.91311896062463,3.79132527104494,3.96262120159226,0.0761453922447069,3.81337897520396,4.11186342798056,1.0,0.298484452776602
3.91311896062463,3.81453715162252,3.95802189093763,0.0825004752944858,3.796323930653,4.11971985122226,1.0,0.323395920569257,3.91311896062463,3.78332018534726,3.90533806176717,0.0890661651992668,3.73077158573551,4.07990453779882,1.0,0.349132952063315
3.91311896062463,3.88485375562277,4.00401793716655,0.0714672896872234,3.8639446233069,4.14409125102619,1.0,0.280146627719297,3.91311896062463,3.81213740534188,4.01513568873927,0.0675509011932348,3.88273835527731,4.14753302220123,1.0,0.264794666923928
3.91311896062463,3.97456887718224,4.08623815475243,0.0814048829046167,3.92668751609368,4.24578879341118,0.0,0.319101277317498,3.91311896062463,3.94344973397479,4.08109810243525,0.077961826440422,3.92829573044306,4.23390047442744,0.0,0.305604743984379
3.91311896062463,3.69881989826704,3.87898993524138,0.0801004570884907,3.72199592420275,4.03598394628002,1.0,0.313988022077276,3.91311896062463,3.64395372524071,3.74918481041593,0.0719774516193972,3.60811159754293,3.89025802328892,0.0,0.282146425745985
3.91311896062463,3.84108103428264,3.91723417309248,0.0651093088581518,3.78962227267221,4.04484607351276,1.0,0.255223800840545,3.91311896062463,3.85539045570241,3.95350431455051,0.0651648845073875,3.82578348785932,4.0812251412417,1.0,0.255441653382384
3.91311896062463,3.78202942290118,3.83187953084942,0.0754786358547334,3.68394412297193,3.97981493872691,1.0,0.295870815754983,3.91311896062463,3.81151265986512,3.8572408882837,0.0681270716410902,3.72371428149499,3.99076749507242,1.0,0.267053213577434
3.91311896062463,3.87725758064463,4.04940759200659,0.0767660156484997,3.8989489660989,4.19986621791429,1.0,0.300917251815395,3.91311896062463,3.8838299062109,4.03260521929917,0.0718486981553745,3.89178435857854,4.17342608001979,1.0,0.281641721441247
3.91311896062463,3.76389381465791,3.91695515010386,0.0800930196157087,3.75997571624401,4.07393458396371,1.0,0.313958867719699,3.91311896062463,3.75464904326765,3.87857947881265,0.0723971870620823,3.73668359958896,4.02047535803634,1.0,0.283791758447381
3.91311896062463,3.88326370154641,3.87685895908414,0.0681720029508234,3.74324428854657,4.01047362962171,1.0,0.267229341075144,3.91311896062463,3.90573094237773,3.93329739250229,0.0680774157100274,3.79986810955008,4.06672667545451,1.0,0.26685856590443
3.91311896062463,3.78743552641706,3.81087227986423,0.0770039553888195,3.65994730063502,3.96179725909345,1.0,0.301849958458431,3.91311896062463,3.80756430647794,3.86867561402566,0.0753114446059338,3.72106789497435,4.01628333307698,1.0,0.295215438102627
3.91311896062463,3.87370672557665,4.02938836976856,0.0800298281202786,3.87253278896389,4.18624395057324,1.0,0.313711161609354,3.91311896062463,3.90301736685853,3.99335682430107,0.0811830328814641,3.83424100369767,4.15247264490447,1.0,0.318231641206801
3.91311896062463,3.81311518439002,3.98317695024224,0.0699544954180606,3.84606865866617,4.12028524181831,1.0,0.274216583152142,3.91311896062463,3.74440786915463,3.85922483612127,0.0897353179510319,3.683346844796,4.03510282744655,1.0,0.351755982650547
3.91311896062463,3.79982849085793,3.89453406078419,0.0694424139091987,3.75842943052264,4.03063869104575,1.0,0.272209260523105,3.91311896062463,3.81425619608589,3.88309549382909,0.0750702804242598,3.73596044788822,4.03023053976996,1.0,0.294270091881743
3.91311896062463,3.83816045772096,3.93693601233413,0.0762086575221128,3.78756978828064,4.08630223638762,1.0,0.298732448106977,3.91311896062463,3.81373782050245,3.84725275258607,0.0763420705417378,3.69762504381905,3.9968804613531,1.0,0.299255417534044
3.91311896062463,3.77758258650228,3.7929930395583,0.0791523604383776,3.63785726380775,3.94812881530885,1.0,0.310271551501106,3.91311896062463,3.81342082138576,3.8731843206944,0.0780658812951566,3.72017800493451,4.02619063645428,1.0,0.306012631519772
3.91311896062463,3.86345535743316,3.99981254788614,0.0803528812113658,3.84232379465783,4.15730130111444,1.0,0.314977506456604,3.91311896062463,3.86845881570352,4.04549761906549,0.082154915864792,3.88447694281758,4.2065182953134,1.0,0.322041352495821
3.91311896062463,3.80771466333264,4.01183518454647,0.0965479490950694,3.82260468153893,4.20106568755402,1.0,0.378461006015085,3.91311896062463,3.84882874148287,3.91856642002385,0.0918489505422547,3.73854578494323,4.09858705510447,1.0,0.360041270161239
3.91311896062463,3.75454370400258,3.88384814562173,0.0695654098445503,3.74750244775664,4.02019384348682,1.0,0.272691395730173,3.91311896062463,3.78228826235071,3.88266452946504,0.0715972405858584,3.74233651652431,4.02299254240577,1.0,0.280656025881463
3.91311896062463,3.85813543499798,3.99422128856715,0.0809916563999828,3.83548055897495,4.15296201815936,1.0,0.317481459184418,3.91311896062463,3.85345739411939,3.97327195046918,0.0762137929570259,3.82389566114822,4.12264823979015,1.0,0.298752578641926
3.91311896062463,3.78595577211096,3.89911715233482,0.0704402573543902,3.76105678485848,4.03717751981116,1.0,0.276120734952674,3.91311896062463,3.77200912212561,3.90097407503268,0.0836233072611673,3.73707540453266,4.06487274553269,1.0,0.327797341000029
3.91311896062463,3.92250895958429,4.01014436572964,0.070831631650481,3.87131691872849,4.14897181273079,1.0,0.2776548940023,3.91311896062463,3.85740784574804,3.941571946061,0.0678546929890748,3.80857919162039,4.07456470050161,1.0,0.265985508881219
3.91311896062463,3.88378253225002,3.94948309156278,0.0791717087274979,3.79430939386239,4.10465678926317,1.0,0.310347395400782,3.91311896062463,3.92672703202095,4.00927088017643,0.0770184115245621,3.8583175674418,4.16022419291105,1.0,0.301906625469253
3.91311896062463,3.85556371174545,3.93523638886813,0.076455309462811,3.78538673589416,4.0850860418421,1.0,0.299699305947947,3.91311896062463,3.85932048013897,3.97986498645711,0.0735012262215102,3.83580523024342,4.1239247426708,1.0,0.288119512427382
3.91311896062463,3.76024603233762,3.89766979578333,0.0731679093379784,3.7542633286568,4.04107626290986,1.0,0.286812934253059,3.91311896062463,3.89059791041889,4.05754749856347,0.072187094089725,3.916063393999,4.19903160312793,0.0,0.28296820912893
3.91311896062463,3.85754835551853,3.99882677869117,0.0684512394737242,3.86466481462554,4.1329887427568,1.0,0.268323928131251,3.91311896062463,3.80272143056568,3.95660485103475,0.07159891541156,3.81627355549596,4.09693614657354,1.0,0.280662591077575
3.91311896062463,3.82864851151465,3.97185675258574,0.0785512281449873,3.81789917448018,4.12581433069131,1.0,0.307915156211128,3.91311896062463,3.85371115299906,3.995199275672,0.0751165420835816,3.84797355854499,4.142424992799,1.0,0.294451434254015
3.91311896062463,3.87124035468981,3.98109235914227,0.067401996411295,3.84898687369003,4.1131978445945,1.0,0.264210970904472,3.91311896062463,3.88349400285023,3.97665435067376,0.0692799924776135,3.84086806056843,4.11244064077909,1.0,0.271572580210656
3.91311896062463,3.77216281375507,3.84249517761641,0.0670635299820102,3.71105307417555,3.97393728105727,1.0,0.262884206881724,3.91311896062463,3.75115547312557,3.88615685414406,0.0695953008739869,3.74975257093782,4.0225611373503,1.0,0.272808566412486
3.91311896062463,3.75076335764722,3.85735314947247,0.0764060778693076,3.70759998864866,4.00710631029627,1.0,0.299506321647612,3.91311896062463,3.75136695896967,3.84313430663252,0.0737445121407797,3.69859771877911,3.98767089448592,1.0,0.289073175706809
3.91311896062463,3.88101595683886,4.00317408291844,0.0818647894063429,3.84272204408005,4.16362612175683,1.0,0.320904077676776,3.91311896062463,3.85831471520268,3.91504479668586,0.0795801474889667,3.7590705737231,4.07101901964862,1.0,0.311948445925521
3.91311896062463,3.79142108358597,3.87578735595177,0.0675608691534347,3.74337048564682,4.00820422625673,1.0,0.26483374060991,3.91311896062463,3.77860280357881,3.87604751541134,0.0636089899276956,3.75137618606009,4.00071884476259,1.0,0.249342658702508
3.91311896062463,3.85706278777174,4.00126970439238,0.0694469004786739,3.86515628061624,4.13738312816852,1.0,0.272226847552277,3.91311896062463,3.81051167976111,3.93891879639328,0.0706585129823597,3.80043065574669,4.07740693703986,1.0,0.276976281293162
3.91311896062463,3.96571981054849,4.09696918984953,0.0719209259624995,3.95600676522826,4.2379316144708,0.0,0.281924849242541,3.91311896062463,3.99797223320499,4.16367129554885,0.0736672160689577,4.01928620521237,4.30805638588534,0.0,0.288770180672975
3.91311896062463,3.89805268093541,4.05440630335266,0.0862948276369499,3.88527154913214,4.22354105757317,1.0,0.338269508441027,3.91311896062463,3.91659896327893,4.10550619512864,0.0774354155939014,3.9537355694367,4.25727682082058,0.0,0.303541251383876
3.91311896062463,3.90206003993929,4.03112157571512,0.0660200177720364,3.90172471862323,4.16051843280701,1.0,0.258793714183771,3.91311896062463,3.80235139663397,3.94914682601651,0.0740683448254414,3.80397553776415,4.09431811426887,1.0,0.290342576504718
3.91311896062463,3.89010846694574,3.9661338045864,0.0764163157538183,3.81636057787767,4.11590703129512,1.0,0.299546453417449,3.91311896062463,3.89269046632187,3.93315831325718,0.0777250811296191,3.78081995354767,4.08549667296669,1.0,0.304676719419014
3.91311896062463,3.79338728233369,3.94954289715011,0.0749648600154676,3.80261447141371,4.09647132288652,1.0,0.293856851472806,3.91311896062463,3.81458108419062,3.97032651794698,0.0679843285515286,3.83707968247285,4.10357335342112,1.0,0.266493670948268
3.91311896062463,3.80593835237456,3.90685631089483,0.0715557233767693,3.76660967018865,4.04710295160101,1.0,0.280493281412358,3.91311896062463,3.70666895108365,3.8184480822726,0.0694056705792382,3.68241546761444,3.95448069693076,1.0,0.272065229316317
3.91311896062463,3.77833542019544,3.91653610697175,0.0727886604555384,3.77387295399598,4.05919925994752,1.0,0.28532630595154,3.91311896062463,3.74508213417659,3.85294048621799,0.0704796387241093,3.71480293267534,3.99107803976064,1.0,0.276275107085297
3.91311896062463,3.95350478381461,3.96399748552853,0.0664968502621685,3.83366605392933,4.09432891712773,1.0,0.260662863198406,3.91311896062463,3.91690254812208,3.93335452194732,0.0703235000386903,3.79552299460468,4.07118604928995,1.0,0.275663054685268
3.91311896062463,3.76200715806265,3.87980582638888,0.0782849336628354,3.72637017587761,4.03324147690014,1.0,0.306871301022529,3.91311896062463,3.94415027455568,4.08156011061598,0.0693573369416115,3.94562222814681,4.21749799308515,0.0,0.271875764938336
3.91311896062463,3.8729803645012,4.01933063210771,0.08071462205517,3.86113287985382,4.17752838436161,1.0,0.316395504507791,3.91311896062463,3.86132605704123,4.02259516581675,0.0810739581390973,3.86369312778001,4.18149720385349,1.0,0.317804076073477
3.91311896062463,3.92462933140861,3.99470182376688,0.0662651954989014,3.86482442716053,4.12457922037323,1.0,0.259754793212705,3.91311896062463,3.8687749699729,3.95139987092688,0.0697161082150663,3.81475880968305,4.08804093217071,1.0,0.273282122487654
3.91311896062463,3.83215356158077,3.92360651904321,0.0827604119871072,3.76139909220278,4.08581394588364,1.0,0.324414853680854,3.91311896062463,3.84623039193403,3.9788819826724,0.0815041377707347,3.81913680805077,4.13862715729403,1.0,0.319490349243261
3.91311896062463,3.82378438826452,3.87963681198529,0.0723819607564959,3.73777077577216,4.02150284819841,1.0,0.283732072426247,3.91311896062463,3.82305973298625,3.89998003979704,0.0693249947362212,3.76410554688562,4.03585453270846,1.0,0.271748985822844
3.91311896062463,3.8944607135552,4.04707293408401,0.0693262463435541,3.9111959880673,4.18294988010073,1.0,0.271753892033435,3.91311896062463,3.80580129684916,3.90583514076687,0.0691404796000692,3.77032229087691,4.04134799065683,1.0,0.271025699779924
3.91311896062463,3.76804112427219,3.83602424777122,0.0734589147730748,3.6920474204726,3.98000107506985,1.0,0.287953654597247,3.91311896062463,3.7797430811829,3.8655145646785,0.068535995798092,3.73118648126965,3.99984264808735,1.0,0.268656166817697
3.91311896062463,3.73982447383893,3.84241061018202,0.0748077547674424,3.69579010507353,3.98903111529051,1.0,0.293241010216983,3.91311896062463,3.77303334504513,3.91515034774626,0.0706068646587572,3.7767634359538,4.05353725953871,1.0,0.276773823584916
3.91311896062463,3.79712467841873,3.84984946075645,0.0833335611303029,3.68651868223759,4.01318023927531,1.0,0.326661557037721,3.91311896062463,3.81335333819988,3.89557122798703,0.0742757691010907,3.74999339562488,4.04114906034918,1.0,0.291155664724302
3.91311896062463,3.78673413829678,3.91988277963204,0.0778109560730082,3.76737610812631,4.07238945113776,1.0,0.305013343011448,3.91311896062463,3.81344638920829,3.95247871100118,0.0691497476998054,3.81694769596953,4.08800972603283,1.0,0.2710620300633
3.91311896062463,3.90202382769922,3.94551655578308,0.0645078967666944,3.81908340140193,4.07194971016423,1.0,0.252866308762298,3.91311896062463,3.95729297379916,3.98582835309191,0.0658287721766612,3.85680633047916,4.11485037570465,1.0,0.258044045225497
3.91311896062463,3.82210648195427,3.94631469122257,0.069799797235394,3.809509602513,4.08311977993214,1.0,0.273610177419141,3.91311896062463,3.81926843196546,3.99481764164411,0.0746184417339649,3.84856818326304,4.14106710002518,1.0,0.292498916762143
3.91311896062463,3.81713920249614,3.93983886531703,0.0803689551660093,3.78231860771654,4.09735912291752,1.0,0.315040515200985,3.91311896062463,3.79381023495231,3.9161788564488,0.0800366008177082,3.75931000140109,4.07304771149652,1.0,0.313737710095434
3.91311896062463,3.77246033561881,3.91225064789774,0.0693411413409798,3.77634450822252,4.04815678757296,1.0,0.271812279350444,3.91311896062463,3.80710512207727,3.88244293551976,0.0676855017765104,3.74978178976227,4.01510408127724,1.0,0.265322291514964
3.91311896062463,3.90214493321118,4.00114822012534,0.0697423470697785,3.86445573167128,4.1378407085794,1.0,0.273384976908117,3.91311896062463,3.92248870527445,4.03040293204102,0.065742379788482,3.90155023539764,4.1592556286844,1.0,0.257705393286757
3.91311896062463,3.83906246237378,3.98844191053162,0.0773941189540397,3.83675222476649,4.14013159629674,1.0,0.303379371530253,3.91311896062463,3.85775727634962,4.04363598605587,0.0805036988861941,3.88585163561668,4.20142033649507,1.0,0.315568700878396
3.91311896062463,3.97862304128458,4.11881142715973,0.076621212768662,3.96863660968138,4.26898624463809,0.0,0.300349634956716,3.91311896062463,3.90730031339433,4.03323755495592,0.0722351842235101,3.89165919546123,4.17481591445062,1.0,0.283156718989391
3.91311896062463,3.86264867828655,3.98839110009671,0.0778830904738071,3.83574304776337,4.14103915243005,1.0,0.305296104666673,3.91311896062463,3.93613854328083,4.02983004280628,0.0780421667934209,3.87687020661571,4.18278987899686,1.0,0.305919672381146
3.91311896062463,3.73582057849284,3.83856335889029,0.0681023230947819,3.705085258361,3.97204145941957,1.0,0.266956201058566,3.91311896062463,3.72620513701877,3.81449343668736,0.0651951569973432,3.68671327700614,3.94227359636859,1.0,0.255560319362455
3.91311896062463,3.73070402292475,3.84207421209884,0.0778707968179175,3.68945025488829,3.9946981693094,1.0,0.305247914421109,3.91311896062463,3.81511412675844,3.83104478188985,0.0803133361240542,3.67363353560844,3.98845602817125,1.0,0.314822492562811
3.91311896062463,3.90503238189233,3.98153451196623,0.060646324719832,3.86266989972064,4.10039912421182,1.0,0.237729224491183,3.91311896062463,3.89938430963432,4.00917638346574,0.0668959284139586,3.87806277306201,4.14028999386947,1.0,0.262227220807457
3.91311896062463,3.90692286692939,4.01648911302635,0.0789488175756932,3.86175227395597,4.17122595209673,1.0,0.309473678140763,3.91311896062463,3.87260312118122,3.96116548708679,0.0759796568709508,3.81224809606201,4.11008287811156,1.0,0.297834782049549
3.91311896062463,3.92530114236367,4.02282269730128,0.0803685675937043,3.86530319932855,4.18034219527401,1.0,0.315038995945466,3.91311896062463,3.91820669622126,3.99913869206247,0.0782993948267404,3.84567469819077,4.15260268593416,1.0,0.306927987743386
3.91311896062463,3.89549246053285,4.00199349654353,0.0690352785959213,3.86668683683284,4.13730015625423,1.0,0.27061331942139,3.91311896062463,3.83982288503431,3.93879016782163,0.0693645221872207,3.80283820252985,4.07474213311342,1.0,0.271903930583564
3.91311896062463,3.84085136249145,3.96975232598686,0.0726046621757928,3.82744980301261,4.11205484896111,1.0,0.284605045948503,3.91311896062463,3.8256886408238,3.97863192188063,0.0711177432942831,3.83924370636207,4.11802013739919,1.0,0.278776431037119
3.91311896062463,3.79178847026165,3.89863722532554,0.0670627888981937,3.76719657438226,4.03007787626881,1.0,0.262881301886544,3.91311896062463,3.78285264436583,3.81837521044582,0.0701993250238216,3.68078706166011,3.95596335923154,1.0,0.275176297571424
3.91311896062463,3.73287424957101,3.8433174721449,0.0742004340266403,3.69788729381544,3.98874765047435,1.0,0.290860356658911,3.91311896062463,3.77123683951032,3.91773702547934,0.0685033572276586,3.78347291249305,4.05200113846564,1.0,0.268528225972585
3.91311896062463,3.83519529549024,3.91997027396667,0.0709285329322101,3.78095290394328,4.05898764399007,1.0,0.27803474004679,3.91311896062463,3.78023698001599,3.9012749583657,0.0727989607745112,3.75859161713571,4.04395829959569,1.0,0.285366682459972
3.91311896062463,3.89696983316753,3.98998927636349,0.0720922239002658,3.84869111395357,4.13128743877341,1.0,0.282596324819837,3.91311896062463,3.89253938928032,4.05577588832793,0.0652698822803769,3.92784926978322,4.18370250687263,0.0,0.255853237089415
3.91311896062463,3.86581060582494,4.0124213174194,0.0824332779796315,3.85085506145175,4.17398757338706,1.0,0.323132511935313,3.91311896062463,3.79306229597445,3.94864312140186,0.086337859269618,3.77942402673112,4.1178622160726,1.0,0.338438189341478
3.91311896062463,3.79680406234065,3.87244373442809,0.0732272722737273,3.72892091808547,4.0159665507707,1.0,0.287045632685228,3.91311896062463,3.87997596067937,4.01459460744135,0.0714338783532229,3.87458677859302,4.15460243628969,1.0,0.280015657696664
3.91311896062463,3.77718147011479,4.01631390436483,0.0752797322246735,3.86876834043865,4.163859468291,1.0,0.295091127852359,3.91311896062463,3.82269975895347,3.99108607787604,0.0719607975299157,3.85004550641863,4.13212664933345,1.0,0.282081142914827
3.91311896062463,3.88682563713453,3.98757698549235,0.0784480821799466,3.83382156976342,4.14133240122129,1.0,0.307510831457868,3.91311896062463,3.86875795234237,3.94952820634686,0.0693136190200843,3.81367600942936,4.08538040326435,1.0,0.271704393834991
3.91311896062463,3.82693651414414,3.9416989150204,0.0775913333925213,3.78962269605862,4.09377513398219,1.0,0.304152437923564,3.91311896062463,3.8140740270955,3.98103529232842,0.0863119577759844,3.81186696365235,4.1502036210045,1.0,0.338336657352142
3.91311896062463,3.7888538377674,3.96620074042404,0.0705379282747526,3.82794894146146,4.10445253938663,1.0,0.276503597925169,3.91311896062463,3.8264422057646,3.98509133129242,0.0732399949718148,3.84154357891977,4.12863908366507,1.0,0.287095504745303
3.91311896062463,3.87857418190761,4.01435325162198,0.0735012638956573,3.87029342156832,4.15841308167564,1.0,0.288119660107325,3.91311896062463,3.90218477842749,4.02385271455786,0.0692350137059252,3.88815458122511,4.15955084789061,1.0,0.271396266665501
3.91311896062463,3.74506076699428,3.82347962766468,0.0840807326849127,3.65868441980851,3.98827483552085,1.0,0.329590415712337,3.91311896062463,3.751983096904,3.86571363134403,0.0703832364933082,3.72776502270178,4.00366223998628,1.0,0.275897217284498
3.91311896062463,3.86475451876691,3.89574320422179,0.0638078889713866,3.77068203990834,4.02080436853523,1.0,0.250122328626896,3.91311896062463,3.94501453480679,4.01935660973897,0.0601716535827538,3.90142233582655,4.13729088365139,1.0,0.235868547824836
3.91311896062463,3.9115879828693,3.94569198131752,0.0726534662988243,3.80329380401983,4.08809015861521,1.0,0.28479635459538,3.91311896062463,3.90708339963892,3.9616721792469,0.0749020184779768,3.81486692066071,4.10847743783308,1.0,0.293610517172376
3.91311896062463,3.78939128092852,3.93002783647594,0.0809422997483893,3.77138384414325,4.08867182880863,1.0,0.317287984665377,3.91311896062463,3.87526187906366,3.99637004723878,0.0773109409335711,3.84484338739808,4.14789670707948,1.0,0.303053319681406
3.91311896062463,3.86869591744499,3.95721332998834,0.0722474172216465,3.81561099425787,4.09881566571881,1.0,0.283204671460932,3.91311896062463,3.82014795171026,3.95997557804865,0.0796325615363391,3.80389862544076,4.11605253065655,1.0,0.312153905215788
3.91311896062463,3.88767865115123,3.90779851505999,0.0705832145771106,3.76945795657579,4.04613907354419,1.0,0.276681116968399,3.91311896062463,3.8829888908138,3.92094939069016,0.0645091496075433,3.79451378078607,4.04738500059425,1.0,0.252871219808182
3.91311896062463,3.74214595507934,3.84007168071198,0.0688484604690221,3.70513117780167,3.97501218362229,1.0,0.269881005820626,3.91311896062463,3.80233488187396,3.8799910318799,0.0650904771001116,3.75241604102715,4.00756602273265,1.0,0.255149981705495
3.91311896062463,4.02488240407687,4.1311038480897,0.0677398473874935,3.99833618689197,4.26387150928743,0.0,0.265535322395454,3.91311896062463,4.00463967598763,4.12373183264842,0.076810455309848,3.97318610660499,4.27427755869184,0.0,0.301091452086851
3.91311896062463,3.7713192182935,3.8703242414214,0.0722442516636023,3.72872811007069,4.0119203727721,1.0,0.283192262701416,3.91311896062463,3.87193223625067,3.97094005754992,0.0741645377399004,3.82558023464965,4.11629988045018,1.0,0.290719645800533
3.91311896062463,3.87618146676661,4.01304654794731,0.07888439035476,3.85843598390958,4.16765711198503,1.0,0.309221128075457,3.91311896062463,3.78132509317775,3.86830441140745,0.0778393013132855,3.71574218425165,4.02086663856325,1.0,0.305124454311601
3.91311896062463,3.88507241751219,3.87756790519021,0.0718730492450697,3.7366993172108,4.01843649316962,1.0,0.281737175958821,3.91311896062463,3.83453136763186,3.87737043692548,0.0679702800063076,3.74415113609402,4.01058973775695,1.0,0.266438601662931
3.91311896062463,3.82461204972833,3.93295333158395,0.0683306757392452,3.79902766809575,4.06687899507216,1.0,0.267851326976411,3.91311896062463,3.81912612491554,3.92546505667225,0.069303234636541,3.7896332127725,4.061296900572,1.0,0.271663687799498
3.91311896062463,3.69133822310095,3.77883743110475,0.07889796224891,3.62420026664328,3.93347459556621,1.0,0.309274328922929,3.91311896062463,3.73683197694889,3.82515829565583,0.0688136288086747,3.69028606154532,3.96003052976634,1.0,0.26974446822102
3.91311896062463,3.77562422036065,3.85952651445635,0.0775376647389053,3.70755548412276,4.01149754478995,1.0,0.303942060667191,3.91311896062463,3.74612119725645,3.83008537320945,0.0723197367246879,3.68834129385765,3.97182945256126,1.0,0.283488158703614
3.91311896062463,3.80419202127499,3.91138279306104,0.0711992424552384,3.77183484212224,4.05093074399984,1.0,0.279095901877604,3.91311896062463,3.81222811325335,3.87695635543112,0.0692103137205179,3.74130663318018,4.01260607768205,1.0,0.271299444501867
3.91311896062463,3.88766152498023,3.89855422690455,0.085509082087574,3.73095950566183,4.06614894814727,1.0,0.335189442485448,3.91311896062463,3.87410649930027,3.90309019200197,0.0794425198217532,3.74738571431022,4.05879466969371,1.0,0.311408955383491
3.91311896062463,3.78739455606294,3.78535291661838,0.071086144620438,3.64602663336252,3.92467919987424,1.0,0.278652566511728,3.91311896062463,3.83014011881904,3.90568677415815,0.0703177398531823,3.76786653657166,4.04350701174465,1.0,0.275640475172988
3.91311896062463,3.89842670654001,3.93709169598594,0.0790395593563428,3.78217700629359,4.09200638567829,1.0,0.309829379384696,3.91311896062463,3.84868634992569,3.8669927154718,0.0775271631991737,3.71504226777786,4.01894316316573,1.0,0.303900895387879
3.91311896062463,3.85396673258624,3.97791760584067,0.0661266931970172,3.84831166875779,4.10752354292355,1.0,0.259211874165767,3.91311896062463,3.82077279282609,3.99405490303442,0.0717646192748946,3.8533988338914,4.13471097217744,1.0,0.281312138286045
3.91311896062463,3.94306716134695,4.01387309700104,0.0637477268411816,3.88892984829602,4.13881634570605,1.0,0.249886497410026,3.91311896062463,3.90238520134193,4.01386395242058,0.0696914815282065,3.87727115859606,4.15045674624511,1.0,0.273185587649046
3.91311896062463,3.88938366991428,4.05647102252657,0.0880435945163775,3.88390874820502,4.22903329684812,1.0,0.345124548643096,3.91311896062463,3.92072900700361,4.08188784239005,0.0790577644702439,3.92693747133012,4.23683821344998,0.0,0.309900742119857
3.91311896062463,3.90660371788257,4.0094949726994,0.0725371672688044,3.86732473731199,4.15166520808682,1.0,0.284340470774829,3.91311896062463,3.8638550190345,4.01050185556202,0.0694700327697322,3.87434309332852,4.14666061779551,1.0,0.272317524466985
3.91311896062463,3.88373451062623,3.94861142740904,0.0762682285168964,3.79912844635125,4.09809440846682,1.0,0.298965962115576,3.91311896062463,3.90140305710622,3.99194068234629,0.0715435381702133,3.8517179242061,4.13216344048647,1.0,0.280445516280369
3.91311896062463,3.88662094034095,3.9478210600751,0.0742828026342545,3.80222944224127,4.09341267790894,1.0,0.291183235667671,3.91311896062463,3.89270652914803,3.91854080319994,0.0721201140402944,3.77718797712004,4.05989362927984,1.0,0.282705652159797
3.91311896062463,3.8406334830344,3.91801963642936,0.0668266172175801,3.78704187347426,4.04899739938446,1.0,0.261955525910202,3.91311896062463,3.80681108166724,3.83489956758294,0.0679868252800906,3.70164783861074,3.96815129655513,1.0,0.26650345794439
3.91311896062463,3.90336138830805,4.0537365170908,0.0856318462596536,3.88590118249221,4.22157185168939,1.0,0.335670669197183,3.91311896062463,3.90046682953836,4.04460821142385,0.0777010814764912,3.89231689017012,4.19689953267759,1.0,0.30458264250747
3.91311896062463,3.86285535011779,3.95885366728461,0.0787818576554409,3.80444406364479,4.11326327092444,1.0,0.308819207279651,3.91311896062463,3.76047028157917,3.8904665007013,0.0810571668413691,3.73159737300336,4.04933562839924,1.0,0.317738255395875
3.91311896062463,3.86618489810477,3.99600976590581,0.0870993326993931,3.82529821073753,4.1667213210741,1.0,0.341423110336565,3.91311896062463,3.83636479531732,3.96325994654804,0.0738556458102524,3.818505540705,4.10801435239109,1.0,0.289508811686082
3.91311896062463,3.90956082917935,4.00193713469755,0.0847972928155966,3.83573749479248,4.16813677460262,1.0,0.332399279810133,3.91311896062463,3.88858752159758,3.98777517287741,0.0830905617831567,3.82492066432723,4.1506296814276,1.0,0.325709017100375
3.91311896062463,3.85047207406931,4.01857864392418,0.0745563104456943,3.87245096063043,4.16470632721793,1.0,0.292255366587497,3.91311896062463,3.83189852651926,3.9813090691323,0.078959435299789,3.8265514197051,4.13606671855951,1.0,0.309515298854414
3.91311896062463,3.83601136408597,3.96411599814324,0.0701342174631843,3.82665545783149,4.10157653845498,1.0,0.274921080623483,3.91311896062463,3.81793796788218,3.90201450206595,0.0755959985245519,3.75384906758249,4.05017993654941,1.0,0.29633086896693
3.91311896062463,3.80538679694299,3.86154233812643,0.0997268678811999,3.66608126878829,4.05700340746456,1.0,0.390922138676272,3.91311896062463,3.81685525763442,3.86793140287564,0.105570152310263,3.66101770650512,4.07484509924616,1.0,0.413827392741045
3.91311896062463,3.82689869983835,3.95234437800096,0.0833913446675612,3.78890034583018,4.11578841017175,1.0,0.326888064341572,3.91311896062463,3.90237633073182,3.99107117497161,0.0804025657958033,3.83348504174723,4.148657308196,1.0,0.315172266448773
3.91311896062463,3.87055903880624,3.99639056822747,0.0734572414729394,3.85241702053685,4.1403641159181,1.0,0.287947095381247,3.91311896062463,3.89050394726087,4.00136612381716,0.077329216422451,3.84980364467645,4.15292860295787,1.0,0.303124958281414
3.91311896062463,3.89992491984435,3.99526511743599,0.073084177990332,3.85202276073522,4.13850747413676,1.0,0.286484713401531,3.91311896062463,3.8916452188986,3.9326745022008,0.0704869015837522,3.79452271371482,4.07082629068677,1.0,0.276303576971947
3.91311896062463,3.87839544994154,3.96650758549546,0.0772742523308352,3.81505283399476,4.11796233699615,1.0,0.302909503001394,3.91311896062463,3.87081410538264,3.93421168171235,0.0779408573196914,3.78145040844158,4.08697295498312,1.0,0.305522546541541
3.91311896062463,3.76680407982328,3.89630252264614,0.0756986163025995,3.74793596101353,4.04466908427875,1.0,0.296733123265223,3.91311896062463,3.72824231503451,3.85828971109657,0.0719669320368082,3.71723711622658,3.99934230596656,1.0,0.282105189739972
3.91311896062463,3.79033172879973,3.89832284991278,0.0688050555180208,3.76346741914318,4.03317828068238,1.0,0.269710861539199,3.91311896062463,3.82720170315521,3.98826824142661,0.0707378176236516,3.84962466653929,4.12691181631393,1.0,0.277287149774639
3.91311896062463,3.87453702666217,3.93337781780674,0.0827300240805557,3.77122995016872,4.09552568544476,1.0,0.324295735276041,3.91311896062463,3.81286181967034,3.87409129644732,0.0820846908472907,3.71320825870452,4.03497433419011,1.0,0.321766075485588
3.91311896062463,3.8368443056185,3.9222355720893,0.0758585816122283,3.77355548421104,4.07091565996756,1.0,0.297360175756519,3.91311896062463,3.89830537394086,4.00985781558449,0.0868811389668061,3.83957391227373,4.18014171889524,1.0,0.340567806621519
3.91311896062463,3.8300853584328,3.95725859470648,0.0680293531201799,3.82392351269937,4.09059367671359,1.0,0.26667016401422,3.91311896062463,3.804341307607,3.93562314498286,0.0758368785313424,3.78698559436149,4.08426069560423,1.0,0.29727510124274
3.91311896062463,3.81638785185583,3.88596930397479,0.0658388955230041,3.7569274399678,4.01501116798177,1.0,0.258083728013967,3.91311896062463,3.83511756488771,3.91816946724685,0.0667899087634279,3.78726365153982,4.04907528295389,1.0,0.261811631414069
3.91311896062463,3.71824961742066,3.80493557997115,0.0703719139497217,3.66700916310655,3.94286199683576,1.0,0.275852833729212,3.91311896062463,3.73056919465221,3.84597627252648,0.0759695050491179,3.69707877870688,3.99487376634609,1.0,0.29779498763921
3.91311896062463,3.84179630110027,3.95294834085264,0.0710651944667221,3.81366311914353,4.09223356256175,1.0,0.278570443418221,3.91311896062463,3.80541197817983,3.88871110587297,0.0784220411315407,3.73500672966103,4.0424154820849,1.0,0.307408752423877
3.91311896062463,3.83257407927913,3.92725031713146,0.0700586695645319,3.78993784798018,4.06456278628273,1.0,0.27462493830255,3.91311896062463,3.87210219732265,3.92047311046829,0.0665503469965553,3.7900368271964,4.05090939374018,1.0,0.260872566543783
3.91311896062463,3.81463269762895,3.93650800258055,0.0789306157878269,3.78180683835884,4.09120916680226,1.0,0.309402328443418,3.91311896062463,3.82279441885197,3.92715887167621,0.0720278944040582,3.785986792762,4.06833095059042,1.0,0.282344157828416
3.91311896062463,3.8790655139037,4.04547641765911,0.0795111067887734,3.8896375119822,4.20131532333603,1.0,0.311677811353828,3.91311896062463,3.93564170458053,4.04075175341893,0.0776114038817763,3.88863619702106,4.1928673098168,1.0,0.304231112795748
3.91311896062463,3.82148679104004,3.96138482673937,0.072087222321542,3.82009646724362,4.10267318623513,1.0,0.282576718991509,3.91311896062463,3.82800077420379,3.97435023224298,0.0670369733713338,3.84296017880259,4.10574028568336,1.0,0.262780106880769
3.91311896062463,3.76958100929484,3.85406059573879,0.0629431277453089,3.73069433228368,3.9774268591939,1.0,0.246732526910218,3.91311896062463,3.81594314935165,3.89366123542503,0.0650630551597777,3.76613999058773,4.02118248026234,1.0,0.255042489674615
3.91311896062463,3.80702398018866,3.9444782293361,0.0776856104665668,3.79221723070463,4.09673922796758,1.0,0.304521997262958,3.91311896062463,3.83967970624167,3.95720037821046,0.0723765460991736,3.81534495453068,4.09905580189024,1.0,0.283710847359566
3.91311896062463,3.79259363676696,3.87802251191611,0.0761747296635108,3.72872278524356,4.02732223858867,1.0,0.298599453345112,3.91311896062463,3.85150049462202,3.98319750806065,0.07280871823093,3.8404950425675,4.1258999735538,1.0,0.285404930986295
3.91311896062463,3.90533939330411,4.04159422995612,0.0802055635744372,3.88439421399048,4.19879424592175,1.0,0.314400031931269,3.91311896062463,3.80139159295229,3.9501497956949,0.0779387794609787,3.79739259495237,4.10290699643743,1.0,0.305514401485056
3.91311896062463,3.77092559308336,3.85963471539741,0.074189901593315,3.71422518025794,4.00504425053687,1.0,0.290819070278936,3.91311896062463,3.82409968915547,3.86504371519802,0.0699567807314732,3.72793094448997,4.00215648590607,1.0,0.274225541416106
3.91311896062463,3.9081338124391,3.99617223678128,0.0841761293350508,3.83119005492659,4.16115441863596,1.0,0.32996436370937,3.91311896062463,3.93614180821735,4.03006928472219,0.0776871238231629,3.87780531996629,4.18233324947809,1.0,0.304527929511806
3.91311896062463,3.84040744117144,3.93724060951243,0.0769619422759215,3.78639797447137,4.08808324455348,1.0,0.301685270082113,3.91311896062463,3.76918002232045,3.88980875141164,0.0772042510695752,3.73849119986188,4.04112630296139,1.0,0.30263510309951
3.91311896062463,3.78001255960161,3.94362418711759,0.0834888711925805,3.77998900647023,4.10725936776495,1.0,0.327270361294723,3.91311896062463,3.728218352198,3.81351740266784,0.0792514391232566,3.65818743626328,3.96884736907239,1.0,0.310659932809103
3.91311896062463,3.7317365594622,3.82226691327148,0.092052198409448,3.64184791969123,4.00268590685173,1.0,0.360837987160507,3.91311896062463,3.78700655986125,3.8581255414597,0.0844648943120688,3.69257739065006,4.02367369226934,1.0,0.331096301619274
3.91311896062463,3.93179997475884,3.98117540917743,0.0756517494157241,3.83290070495516,4.1294501133997,1.0,0.296549408444536,3.91311896062463,3.87824828852141,3.94560618063887,0.0717948351127124,3.80489088954197,4.08632147173578,1.0,0.281430582193816
3.91311896062463,3.81869030620589,3.9342645328094,0.0775155793731145,3.78233678899734,4.08619227662146,1.0,0.303855487624121,3.91311896062463,3.79185269397604,3.92641235619024,0.0669746858331217,3.79514438408144,4.05768032829905,1.0,0.262535944217607
3.91311896062463,3.80342994350171,3.99059873349095,0.0731692468376129,3.84718964491331,4.13400782206859,1.0,0.286818177155285,3.91311896062463,3.86700694637744,3.97372619757728,0.0751219198146465,3.82648994029107,4.1209624548635,1.0,0.294472514572425
3.91311896062463,3.81085176701369,4.00875355905464,0.0680906077896096,3.87529842010157,4.14220869800772,1.0,0.266910277906154,3.91311896062463,3.77829650844283,3.93840650251631,0.0748512446534833,3.79170075879749,4.08511224623514,1.0,0.293411487437647
3.91311896062463,3.9394932107961,3.98942117131622,0.0741402590962364,3.84410893368313,4.13473340894931,1.0,0.290624475266183,3.91311896062463,3.86456607341725,3.99021296815615,0.0792149016426985,3.83495461389758,4.14547132241472,1.0,0.310516708517143
3.91311896062463,3.92885812808709,4.06889428076228,0.0637177474452065,3.94400979059366,4.19377877093091,0.0,0.249768980337247,3.91311896062463,3.98059694855147,4.08703133794732,0.0641775091278467,3.96124573143925,4.21281694445539,0.0,0.25157121301614
3.91311896062463,3.82819132339536,3.92502496266941,0.0653326045991308,3.79697541063891,4.0530745146999,1.0,0.256099104060984,3.91311896062463,3.86104667754442,4.03715070185128,0.0693407040652062,3.90124541922082,4.17305598448173,1.0,0.271810565260909
3.91311896062463,3.86544777797099,3.96024839671172,0.0866970165691872,3.79032536666904,4.1301714267544,1.0,0.339846060085358,3.91311896062463,3.81784056356012,3.90496267788659,0.0767062749431752,3.75462114160973,4.05530421416344,1.0,0.300683072553701
3.91311896062463,3.78219569910049,3.9479312655143,0.0786435921531389,3.79379265727929,4.10206987374931,1.0,0.308277216470018,3.91311896062463,3.81364923556332,3.99552050817407,0.0824462517177134,3.83392882414703,4.15711219220112,1.0,0.323183368054083
3.91311896062463,3.88331565810044,4.05466518929497,0.0789112498099806,3.90000198169237,4.20932839689758,1.0,0.30932641520521,3.91311896062463,3.84567567103306,4.03024362266604,0.0771925284471098,3.87894904703412,4.18153819829796,1.0,0.302589151263838
3.91311896062463,3.75986010527738,3.88612520759448,0.0730075049378942,3.74303312731508,4.02921728787389,1.0,0.286184160558805,3.91311896062463,3.72974219844264,3.85424139419131,0.0709181982172008,3.71524427983713,3.9932385085455,1.0,0.277994228708372
3.91311896062463,3.89319551154084,3.95967989617,0.0815081620139488,3.7999268341766,4.11943295816339,1.0,0.31950612398679,3.91311896062463,3.97039861481159,4.06382101567828,0.0833402856420108,3.90047705735866,4.2271649739979,1.0,0.326687916639244
3.91311896062463,3.90087869409805,3.99892300331663,0.0760165460089624,3.84993331090993,4.14791269572333,1.0,0.297979384813397,3.91311896062463,3.92427964716135,4.05323054367512,0.0700857884754521,3.91586492243515,4.1905961649151,0.0,0.274731242479957
3.91311896062463,3.82367038306762,3.91788456812336,0.0744726106988345,3.77192093331897,4.06384820292775,1.0,0.291927269608776,3.91311896062463,3.8236954999754,3.9880319910712,0.076631833195784,3.83783635793818,4.13822762420422,1.0,0.300391266266035
3.91311896062463,3.78251152125648,3.85819888779467,0.07636856441981,3.70851925198081,4.00787852360852,1.0,0.299359271627709,3.91311896062463,3.83200941768217,3.97892737600117,0.0745084158793787,3.83289356433246,4.12496118766989,1.0,0.292067623337429
3.91311896062463,3.74951702582327,3.82515608594605,0.0802033335348807,3.66796044077763,3.98235173111447,1.0,0.31439129033684,3.91311896062463,3.74155408256662,3.83961830487325,0.0746949718078308,3.69321885030367,3.98601775944283,1.0,0.292798909139166
3.91311896062463,3.96331417902035,4.08865850784395,0.0739074340875581,3.94380259884257,4.23351441684533,0.0,0.289711818002763,3.91311896062463,3.97738646015164,4.11314818844241,0.075671473510188,3.96483482570537,4.26146155117946,0.0,0.29662672547409
3.91311896062463,3.79931506586614,3.82563697285834,0.0632931915562965,3.70158459694141,3.94968934877528,1.0,0.248104751833871,3.91311896062463,3.80874028491317,3.87099232191601,0.0633355572528827,3.74685691075959,3.99512773307243,1.0,0.24827082231285
3.91311896062463,3.70651816507795,3.89930254241203,0.0751229609555436,3.75206424452715,4.0465408402969,1.0,0.294476595769749,3.91311896062463,3.83804315765163,3.96687938836841,0.0786522585642692,3.81272379427971,4.12103498245711,1.0,0.3083111881774
3.91311896062463,3.80649762516811,3.96071355233047,0.0726266163273451,3.81836800000986,4.10305910465107,1.0,0.28469110464121,3.91311896062463,3.90732346794909,4.07599619975313,0.0763949030127436,3.92626494124572,4.22572745826053,0.0,0.299462517014816
3.91311896062463,3.82058104003598,3.88302521187279,0.0762329279494352,3.73361141865586,4.03243900508972,1.0,0.298827586433859,3.91311896062463,3.87912629848909,3.99755155013995,0.0777057158496555,3.84525114568172,4.14985195459817,1.0,0.304600808916456
3.91311896062463,3.81074337066907,3.9118162351107,0.0824448616948372,3.75022727547843,4.07340519474297,1.0,0.323177919264533,3.91311896062463,3.77895320333141,3.88858961347234,0.075691200673207,3.74023758620626,4.03694164073842,1.0,0.296704054532159
3.91311896062463,3.82551430684706,3.93777763604847,0.0779378838327079,3.78502219070509,4.09053308139184,1.0,0.305510890686748,3.91311896062463,3.83033250822475,3.95613889303621,0.0726540660190451,3.81373954030849,4.09853824576394,1.0,0.284798705455448
3.91311896062463,3.83712529657102,3.90591714497056,0.0730543646583744,3.76273322132669,4.04910106861443,1.0,0.286367847287739,3.91311896062463,3.86550707052307,3.95324734186098,0.071559931556708,3.81299245327368,4.09350223044828,1.0,0.280509777174598
3.91311896062463,3.8641752605474,4.00597313420152,0.0744284717547279,3.8600960101379,4.15185025826514,1.0,0.291754248127246,3.91311896062463,3.8098302525357,3.98957972183781,0.0765569220630036,3.83953091182709,4.13962853184854,1.0,0.300097620021454
3.91311896062463,3.80284738995322,3.89611323705367,0.0716284272684498,3.75572409933826,4.03650237476907,1.0,0.280778275430816,3.91311896062463,3.74318307771275,3.82042214832811,0.0704272418029514,3.68238729086383,3.95845700579239,1.0,0.276069714928557
3.91311896062463,3.82834509345569,3.86885740331449,0.0698533561457969,3.73194734106947,4.0057674655595,1.0,0.273820124490023,3.91311896062463,3.87756851824161,3.98319024501324,0.0750638634142987,3.83606777618078,4.1303127138457,1.0,0.294244937664919
3.91311896062463,3.93327945175284,4.09494152710248,0.0990675209527603,3.9007727539974,4.28911030020755,1.0,0.388337546210154,3.91311896062463,3.83744308879895,4.02057257491794,0.0920561226061482,3.84014589005349,4.2009992597824,1.0,0.360853369728908
3.91311896062463,3.68830781666233,3.79053593194672,0.0703772110878218,3.65259913288222,3.92847273101122,1.0,0.275873598129007,3.91311896062463,3.75060244857464,3.85142808877868,0.0618232739671538,3.73025669839671,3.97259947916066,1.0,0.242342780763948
3.91311896062463,3.7176797549935,3.78808329874814,0.0827391083942013,3.62591762618255,3.95024897131373,1.0,0.32433134513118,3.91311896062463,3.73533325881156,3.85995853839027,0.0813697772041296,3.70047670564013,4.01944037114041,1.0,0.318963665500284
3.91311896062463,3.82958641944959,3.8610260925435,0.0792153235762009,3.70576691131046,4.01628527377654,1.0,0.310518362466081,3.91311896062463,3.87174290635845,3.91874669108653,0.0786458259084211,3.76460370477162,4.07288967740144,1.0,0.308285972629825
3.91311896062463,3.80196029447726,3.93863908401059,0.0792470326449594,3.7833177541448,4.09396041387638,1.0,0.31064265973158,3.91311896062463,3.86656381865495,4.04840714996764,0.0793399681649203,3.89290366982984,4.20391063010544,1.0,0.311006960275597
3.91311896062463,3.86633382332396,4.02162487013034,0.0750885111310045,3.87445409266084,4.16879564759985,1.0,0.294341554939008,3.91311896062463,3.8480973995928,4.00152240761916,0.076939765144712,3.85072323895656,4.15232157628177,1.0,0.301598337325212
3.91311896062463,3.86645071866073,3.98694286064894,0.0809214610206588,3.82833971147209,4.1455460098258,1.0,0.317206298353707,3.91311896062463,3.7912798605433,3.87443041457366,0.0738385532977146,3.7297095094396,4.01915131970772,1.0,0.289441810268124
3.91311896062463,3.85022090223384,4.00535425880528,0.0679601531987272,3.87215480615195,4.13855371145861,1.0,0.26639890530666,3.91311896062463,3.84139691162913,3.96007207150673,0.0757715508057217,3.81156256087477,4.1085815821387,1.0,0.297019021263923
3.91311896062463,3.91549756838705,4.02883138738833,0.0737010957471813,3.88437989410272,4.17328288067394,1.0,0.288902986571227,3.91311896062463,3.91137204060482,4.05565043674278,0.0694996100992055,3.91943370400876,4.1918671694768,0.0,0.272433465468038
3.91311896062463,3.76221245861526,3.87081256395405,0.088044150781459,3.69824919937298,4.04337592853513,1.0,0.345126729162147,3.91311896062463,3.81268307066185,3.98081135992762,0.0822214425444418,3.81966029378358,4.14196242607165,1.0,0.32230213228807
3.91311896062463,3.80273433395711,3.92581772743707,0.0658788920099227,3.79669747175622,4.05493798311792,1.0,0.258240511361704,3.91311896062463,3.89307226919346,3.92855410022858,0.0644527359969325,3.80222905896953,4.05487914148764,1.0,0.252650082518112
3.91311896062463,3.87613303964407,4.04153859176865,0.0659618978601175,3.91225564761091,4.17082153592639,1.0,0.258565888315479,3.91311896062463,3.93157237285376,4.05301221498531,0.0620263379472643,3.93144282651576,4.17458160345486,0.0,0.243138776939096
3.91311896062463,3.82274652602466,3.95532398133501,0.0672987579358157,3.82342083957654,4.08722712309349,1.0,0.263806283516956,3.91311896062463,3.84054601223462,3.94163928819498,0.0645403347528848,3.81514255652917,4.06813601986079,1.0,0.252993463331626
3.91311896062463,3.82202721801291,3.90493481064676,0.0743357933748433,3.75923933286986,4.05063028842367,1.0,0.291390955553808,3.91311896062463,3.86301988177224,3.98575262833123,0.0736420096480591,3.84141694167189,4.13008831499058,1.0,0.288671373318694
3.91311896062463,3.86658398767551,3.97243375088895,0.0752392891528016,3.82496745392706,4.11990004785083,1.0,0.294932593923772,3.91311896062463,3.79612197869067,3.94614371408897,0.0735102110667927,3.80206634790212,4.09022108027582,1.0,0.288154732373703
3.91311896062463,3.79269117091925,3.97170318265271,0.0837196406930383,3.80761570209572,4.1357906632097,1.0,0.328174961113978,3.91311896062463,3.81144616702742,4.04393189239889,0.0772197383547986,3.89258398632788,4.1952797984699,1.0,0.302695812142023
3.91311896062463,3.78923311500226,3.89956880239299,0.0695540919800387,3.76324528713473,4.03589231765126,1.0,0.272647030516524,3.91311896062463,3.81443168279968,3.98121827735284,0.0738428784083128,3.83648889515777,4.1259476595479,1.0,0.289458764390127
3.91311896062463,3.74065114716101,3.88132728408269,0.0725632174987587,3.73910599118278,4.02354857698261,1.0,0.284442585799827,3.91311896062463,3.7449623763358,3.90656548753279,0.0701342198194081,3.76910494260294,4.04402603246265,1.0,0.27492108985971
3.91311896062463,3.74102590928507,3.85351943625601,0.0735685853619394,3.70932765855305,3.99771121395897,1.0,0.288383555405924,3.91311896062463,3.74981472744665,3.88402976559101,0.0783398265459276,3.73048652700588,4.03757300417614,1.0,0.307086477170265
3.91311896062463,3.85276336720906,4.01694100442999,0.0713457242581229,3.87710595443314,4.15677605442683,1.0,0.279670099993693,3.91311896062463,3.85264377509807,3.99854694122079,0.0711305736987603,3.85913357857155,4.13796030387003,1.0,0.278826725298485
3.91311896062463,3.77890326888451,3.84252771290988,0.0805490064902842,3.68465456119844,4.00040086462132,1.0,0.31574630342288,3.91311896062463,3.90441477319056,3.90137869764164,0.0814671629326216,3.74170599237105,4.06105140291224,1.0,0.319345410541189
3.91311896062463,3.95437471065631,4.13051390109443,0.0793361258667713,3.97501795172262,4.28600985046623,0.0,0.310991898743616,3.91311896062463,3.96651702287883,4.17327819811972,0.0797155279805533,4.01703863426924,4.3295177619702,0.0,0.312479127700959
3.91311896062463,3.87499844776452,3.94172692593697,0.0751375938463887,3.79445994811305,4.08899390376089,1.0,0.294533955647841,3.91311896062463,3.79873553861253,3.92383001002917,0.0766543800256709,3.77359018592161,4.07406983413674,1.0,0.300479648215123
3.91311896062463,4.01270745906192,4.16669543128072,0.0724691030817712,4.02465859924853,4.30873226331292,0.0,0.284073664064385,3.91311896062463,3.93907640832639,4.11276031493477,0.0735643926973036,3.96857675470349,4.25694387516605,0.0,0.288367120462553
3.91311896062463,3.73606322066759,3.86659088952784,0.0749084828942777,3.71977296091853,4.01340881813716,1.0,0.293635857218637,3.91311896062463,3.79160268313468,3.92302689111782,0.0731019001241977,3.77974979967295,4.0663039825627,1.0,0.286554182889743
3.91311896062463,3.83203142681435,4.01906948313357,0.0817407901430671,3.85886047838531,4.17927848788183,1.0,0.320418009496516,3.91311896062463,3.84704575593606,3.98691088311497,0.0837281193725689,3.82280678465147,4.15101498157848,1.0,0.328208196927011
3.91311896062463,3.91084934274431,3.9874020708415,0.0748444100176613,3.84070972276274,4.13409441892027,1.0,0.29338469615753,3.91311896062463,3.90198441960158,3.97653600828823,0.0681640110223986,3.84293700164254,4.11013501493393,1.0,0.267198013291385
3.91311896062463,3.79315434484681,3.94452433888961,0.0678576153907399,3.81152585664699,4.07752282113224,1.0,0.265996964485242,3.91311896062463,3.83815250905133,3.9665630444088,0.0718667294675967,3.82570684296563,4.10741924585197,1.0,0.281712402886345
3.91311896062463,3.93614922546938,4.04681406898579,0.082539447594706,3.88503972439633,4.20858841357524,1.0,0.32354868917891,3.91311896062463,3.84706375683735,3.94939635897885,0.0790505741175055,3.79446008075133,4.10433263720638,1.0,0.30987255645505
3.91311896062463,3.71970141065598,3.85103004309434,0.0668190995326964,3.72006701453086,3.98199307165782,1.0,0.261926057126964,3.91311896062463,3.8515171497288,3.95281890433767,0.0699069486635169,3.81580380268808,4.08983400598725,1.0,0.274030203299167
3.91311896062463,3.85422229773258,4.11755041429967,0.0740771731262344,3.97236182289571,4.26273900570362,0.0,0.290377182807916,3.91311896062463,3.85662986781413,4.01904036503342,0.0704157439365728,3.88102804297314,4.15705268709369,1.0,0.276024644120554
3.91311896062463,3.80555205140221,3.96820378694543,0.0810754642127344,3.80929879705861,4.12710877683226,1.0,0.317809979773651,3.91311896062463,3.81353443787885,3.92172957599206,0.0784705748664133,3.76793007540774,4.07552907657639,1.0,0.307599001168648
3.91311896062463,3.81830571801552,3.9096745902202,0.0752501133066444,3.76218707830662,4.05716210213378,1.0,0.294975023827162,3.91311896062463,3.8988922855301,3.96864711625845,0.0786487888719972,3.81449832264164,4.12279590987526,1.0,0.308297587233618
3.91311896062463,3.93098316868036,4.08621584385163,0.0718555214103188,3.94538160979706,4.2270500779062,0.0,0.281668468109143,3.91311896062463,3.97247569298223,4.06951683110123,0.0685267410994887,3.93520688656833,4.20382677563413,0.0,0.268619889065797
3.91311896062463,3.82780881276013,3.92058526241745,0.0731491432239966,3.77721557619845,4.06395494863644,1.0,0.286739372437991,3.91311896062463,3.77689538017695,3.89811719322896,0.0701968896102695,3.7605338177661,4.03570056869183,1.0,0.275166750925724
3.91311896062463,3.83860661891097,3.87032641994117,0.0726301294230055,3.72797398207959,4.01267885780274,1.0,0.284704875723147,3.91311896062463,3.82017332824892,3.8616745266657,0.0792830884377973,3.70628252874452,4.01706652458689,1.0,0.310783995842373
3.91311896062463,3.86333894178048,3.93482170479229,0.0637830157955095,3.80980929100774,4.05983411857684,1.0,0.250024827569096,3.91311896062463,3.87190806133736,3.9613398109821,0.0650979311581792,3.833750210444,4.08892941152019,1.0,0.255179201076198
3.91311896062463,3.71332638586065,3.80163671648968,0.0684688063601153,3.66744032195941,3.93583311101996,1.0,0.268392789060546,3.91311896062463,3.72829134264517,3.79361228661493,0.0659428325488322,3.66436670978066,3.9228578634492,1.0,0.258491153668533
3.91311896062463,3.94197215945389,4.02007170879309,0.0724968279233277,3.87798053706997,4.16216288051621,1.0,0.28418234344624,3.91311896062463,3.91024431654344,4.00652693702588,0.076140953894871,3.85729340964341,4.15576046440835,1.0,0.298467054764943
3.91311896062463,3.83105611414923,3.93718057770499,0.0640587740239755,3.81162768772421,4.06273346768577,1.0,0.251105779961564,3.91311896062463,3.81412903666127,3.93864778156625,0.0588330945459831,3.82333703515708,4.05395852797541,1.0,0.230621492818334
3.91311896062463,4.03158116792863,4.15413467022919,0.0818133138173764,3.99378352169126,4.31448581876712,0.0,0.320702297075862,3.91311896062463,4.12114537565299,4.2014105018941,0.0800441024700159,4.04452694387803,4.35829405991016,0.0,0.31376711603213
3.91311896062463,3.81210344051392,4.01291042747233,0.0822656186199928,3.85167277781123,4.17414807713342,1.0,0.322475299322187,3.91311896062463,3.82480490634866,3.95943817588266,0.0754463341558457,3.81156607817163,4.10731027359369,1.0,0.295744195422064
3.91311896062463,3.73182433042896,3.77731426630888,0.068681707848107,3.64270059252989,3.91192794008787,0.0,0.269227347557983,3.91311896062463,3.73881347923965,3.83920034099654,0.0709075842645931,3.7002240296072,3.97817665238588,1.0,0.277952622778683
3.91311896062463,3.72213869950354,3.88260126311926,0.0793683024905781,3.72704224872365,4.03816027751488,1.0,0.311118028791228,3.91311896062463,3.82068490071221,3.95671244219423,0.0792265360204547,3.80143128497427,4.11199359941419,1.0,0.310562314439913
3.91311896062463,3.90506568586523,4.04969377546379,0.0670219208987113,3.91833322432762,4.18105432659996,0.0,0.262721102272333,3.91311896062463,3.88952163251772,4.03677706686381,0.076560164622833,3.8867219015526,4.18683223217502,1.0,0.30011033062242
3.91311896062463,3.78943299507166,3.82603793861918,0.0689143785922594,3.6909682385614,3.96110763867697,1.0,0.270139400115573,3.91311896062463,3.82519463806326,3.92997217970206,0.0680371074413849,3.79662189950466,4.06332245989945,1.0,0.266700560394793
3.91311896062463,3.79799283412262,3.93155398485015,0.0912152632951502,3.75277535395131,4.11033261574898,1.0,0.357557261797665,3.91311896062463,3.7861351733031,3.93033663222921,0.0760168714909166,3.78134630188961,4.07932696256882,1.0,0.297980660679212
3.91311896062463,3.80911413932238,3.95207285001331,0.0716001929216595,3.81173905060074,4.09240664942589,1.0,0.280667598825144,3.91311896062463,3.90871001501905,4.01688497986665,0.070369315823812,3.87896365523525,4.15480630449804,1.0,0.275842649262792
3.91311896062463,3.81898872397587,4.00653594943255,0.0669203956640456,3.87537438409985,4.13769751476525,1.0,0.262323130665399,3.91311896062463,3.89447844881814,4.04682313351405,0.0655240371423061,3.91839838059347,4.17524788643464,0.0,0.256849505841169
3.91311896062463,3.90005069396201,4.06834224595102,0.0699839413720067,3.93117624136573,4.20550825053632,0.0,0.274332009170591,3.91311896062463,3.92289848196681,4.07775392112796,0.0740638286668113,3.93259148438387,4.22291635787206,0.0,0.29032487348819
3.91311896062463,3.95221432841638,4.11335067272259,0.0708986398610614,3.97439189204204,4.25230945340315,0.0,0.277917561361113,3.91311896062463,3.90381660496266,4.01649210788238,0.0693445118437664,3.88057936214308,4.15240485362167,1.0,0.271825491478587
3.91311896062463,3.83795827395397,3.94149733544961,0.0853271202242811,3.7742592529055,4.10873541799372,1.0,0.33447616508822,3.91311896062463,3.82279434623016,3.919556898551,0.0905818943738471,3.74201964792685,4.09709414917516,1.0,0.355074501248303
3.91311896062463,3.86193207124761,4.04271713602059,0.0647172074020557,3.91587374033255,4.16956053170863,0.0,0.253686791376076,3.91311896062463,3.82859683887658,3.97320449731645,0.0688827247399351,3.83819683766919,4.10821215696371,1.0,0.270015319294518
3.91311896062463,3.94145475353759,4.12274613746279,0.0778714827094388,3.97012083592956,4.27537143899602,0.0,0.305250603066467,3.91311896062463,3.84122458867245,3.98799505073236,0.0843354533174234,3.82270059961036,4.15328950185437,1.0,0.330588902244018
3.91311896062463,3.87900634601091,4.01638665436156,0.0759968832140728,3.86743550032468,4.16533780839844,1.0,0.297902308073759,3.91311896062463,3.92838893158109,4.06780072401524,0.0958541393401583,3.87993006313945,4.25567138489104,1.0,0.375741321751589
3.91311896062463,3.88446406122744,3.96551385351859,0.0873757194471902,3.79426059027882,4.13676711675836,1.0,0.342506526479537,3.91311896062463,3.90890928118636,4.08029832195686,0.0859293786175181,3.91187983465262,4.2487168092611,1.0,0.336836974608483
3.91311896062463,3.89220068958358,3.92753405555059,0.0772294715648584,3.77616707273841,4.07890103836277,1.0,0.302733965624365,3.91311896062463,3.93218902233942,3.94175315315423,0.0826110988970135,3.7798383745928,4.10366793171565,1.0,0.323829557122846
3.91311896062463,3.92829572876595,4.05500859298984,0.0741013989379739,3.90977251986737,4.2002446661123,1.0,0.290472146244927,3.91311896062463,3.89904849269632,4.01419767287061,0.0735507553482651,3.8700408413523,4.15835450438893,1.0,0.288313663036632
3.91311896062463,3.7867959739758,3.93477079468346,0.0787514698992973,3.78042074995125,4.08912083941568,1.0,0.308700089464426,3.91311896062463,3.81564439034673,3.9151559725804,0.0766094260116725,3.76500425672123,4.06530768843956,1.0,0.300303431718329
3.91311896062463,3.87406396213207,3.99576699170429,0.0722431193527776,3.85417307964202,4.13736090376656,1.0,0.283187824124545,3.91311896062463,3.90091587029616,4.0500455810165,0.070335784213886,3.9121899771329,4.1879011849001,1.0,0.275711207767195
3.91311896062463,3.89361608624529,4.07430867051891,0.0821034347046924,3.91338889549068,4.23522844554714,0.0,0.321839550056466,3.91311896062463,3.86836696243752,3.97994703279652,0.0706995227527202,3.84137851447702,4.11851555111602,1.0,0.277137036639004
3.91311896062463,3.88054850251188,3.95004896162881,0.0680675740573731,3.81663896796134,4.08345895529627,1.0,0.266819987334929,3.91311896062463,3.85924192710669,3.88764389575266,0.0692830729364821,3.7518515680589,4.02343622344643,1.0,0.271584655387533
3.91311896062463,3.83808649872994,4.01013914754205,0.0700269442971136,3.87288885877231,4.14738943631178,1.0,0.27450057753947,3.91311896062463,3.73280097852613,3.8800339254971,0.07379604554353,3.7353963340303,4.02467151696389,1.0,0.289275182933592
3.91311896062463,3.8486250253698,3.98232624263463,0.0682282011407489,3.84860142566881,4.11605105960046,1.0,0.267449633931645,3.91311896062463,3.82047708428043,4.00051846966966,0.0717568428926334,3.8598776419558,4.14115929738352,1.0,0.281281655427721
3.91311896062463,3.87734622342731,3.94833094411292,0.0750770185591484,3.80118269167034,4.0954791965555,1.0,0.294296504885152,3.91311896062463,3.80514643017504,3.93198568718336,0.088760468475673,3.75801836572014,4.10595300864658,1.0,0.347934642926444
3.91311896062463,3.79702911532316,3.89728318157028,0.0778779258945486,3.74464525162629,4.04992111151428,1.0,0.305275859887989,3.91311896062463,3.89767749794046,4.04046213568929,0.0800029659456236,3.88365920377949,4.1972650675991,1.0,0.313605863819614
3.91311896062463,3.75970361185279,3.81597620808513,0.0757726408688733,3.66746456096865,3.96448785520161,1.0,0.297023294232959,3.91311896062463,3.75669874169672,3.81403414670453,0.0707218729975098,3.67542182271019,3.95264647069886,1.0,0.27722464798867
3.91311896062463,3.77538143799873,3.90277992410644,0.0687859907937424,3.7679618595098,4.03759798870308,1.0,0.269636129193277,3.91311896062463,3.75121706906489,3.86574073542079,0.0667597419716559,3.73489404553915,3.99658742530242,1.0,0.261693379763265
3.91311896062463,3.85121382138111,3.99737160126939,0.073630381743349,3.85305870488449,4.14168449765429,1.0,0.288625792769799,3.91311896062463,3.88356517788536,3.98964270163443,0.070187832796993,3.8520770771994,4.12720832606945,1.0,0.275131248870051
3.91311896062463,3.78099974539119,3.96493171628712,0.0762829940596128,3.8154197952974,4.11444363727684,1.0,0.299023841979448,3.91311896062463,3.83965958345758,3.95954817915918,0.0692567422599444,3.82380745864312,4.09528889967524,1.0,0.271481441032128
3.91311896062463,3.80338252105492,3.95637188347673,0.0699513311938833,3.81926979366608,4.09347397328737,1.0,0.274204179621289,3.91311896062463,3.78473493599801,3.9213838589606,0.0728279710602224,3.77864365861544,4.06412405930576,1.0,0.285480400690322
3.91311896062463,3.97537214316734,4.05051295144354,0.0717034960064226,3.90997668170534,4.19104922118174,1.0,0.2810725394764,3.91311896062463,3.94183385255761,3.95102703712811,0.067906574184063,3.81793259741385,4.08412147684237,1.0,0.266188879428522
3.91311896062463,3.77407386294439,3.82072786618155,0.0663208655922101,3.6907413581973,3.95071437416581,1.0,0.259973015968507,3.91311896062463,3.7661028320731,3.83329603345353,0.0719380666569168,3.69230001368853,3.97429205321853,1.0,0.281992039529997
3.91311896062463,3.7742695687229,3.93073202911609,0.0675920708735867,3.79825400456338,4.0632100536688,1.0,0.264956049105418,3.91311896062463,3.8047628289649,3.97278891736086,0.0717633702848826,3.83213529619328,4.11344253852844,1.0,0.281307242335163
3.91311896062463,3.78394967558074,3.87015933117637,0.075446387266285,3.72228712937079,4.01803153298195,1.0,0.29574440361116,3.91311896062463,3.78517780561619,3.95547535785639,0.0814488261378433,3.79583859204316,4.11511212366963,1.0,0.319273531626475
3.91311896062463,3.8369129728002,3.99712296843645,0.0744087760764155,3.85128444719297,4.14296148967993,1.0,0.29167704248696,3.91311896062463,3.84610641433483,4.01390160714581,0.0774538736851326,3.86209480425984,4.16570841003179,1.0,0.303613605771949
3.91311896062463,3.74885702203007,3.85629545646098,0.0788799481391805,3.7016935990058,4.01089731391616,1.0,0.309203714910362,3.91311896062463,3.69109485229154,3.77386622725074,0.0848305056407055,3.60760149140464,3.94013096309684,1.0,0.332529471692209
3.91311896062463,3.87332310087165,3.99882096439067,0.0689455292799923,3.86369021010683,4.1339517186745,1.0,0.270261508567673,3.91311896062463,3.76171808144797,3.88998930626784,0.0726922564587037,3.74751510165383,4.03246351088185,1.0,0.284948409228017
3.91311896062463,3.80083018028178,3.93258660752166,0.0779138417272075,3.77987828383918,4.08529493120414,1.0,0.305416647364961,3.91311896062463,3.78485075901481,3.90487129079504,0.0817348494168276,3.74467392965625,4.06506865193383,1.0,0.320394722277574
3.91311896062463,3.8981513729836,4.02018522768153,0.0716632557243736,3.87972782744688,4.16064262791619,1.0,0.280914800469312,3.91311896062463,3.84677221546376,3.8557897415147,0.0714762055780407,3.71569895283016,3.99588053019924,1.0,0.280181577369081
3.91311896062463,3.79370985942029,3.92790253631017,0.0712685490602042,3.78821874692174,4.06758632569859,1.0,0.279367578776852,3.91311896062463,3.80621949558031,3.90168052050618,0.0673572415655893,3.76966275293967,4.0336982880727,1.0,0.264035535133039
3.91311896062463,3.87578074862123,3.98230130897442,0.0697869327807953,3.84552143413254,4.1190811838163,1.0,0.273559749683753,3.91311896062463,3.88245876332305,3.96250490029146,0.0596788693484164,3.84553646573049,4.07947333485243,1.0,0.233936869121935
3.91311896062463,3.81395945413674,3.99676795085292,0.0824969870789835,3.83507682734505,4.1584590743608,1.0,0.323382247015748,3.91311896062463,3.68847532423352,3.85362321407344,0.083959239289252,3.68906612889712,4.01818029924975,1.0,0.329114170352629
3.91311896062463,3.9202289641409,3.97083819536982,0.0724755991118372,3.82878863135266,4.11288775938699,1.0,0.284099128034328,3.91311896062463,3.96280947733892,4.03900267703343,0.0739542830251881,3.89405494580158,4.18395040826528,1.0,0.289895462463701
3.91311896062463,3.72003769190286,3.78385720337262,0.080365848330313,3.6263430350582,3.94137137168705,1.0,0.315028336628844,3.91311896062463,3.7725260279583,3.83656557228037,0.080065703854328,3.67963967632904,3.9934914682317,1.0,0.313851791902665
3.91311896062463,3.88637469491331,3.96865792887122,0.0786539082008537,3.81449910155423,4.12281675618821,1.0,0.308317654633985,3.91311896062463,3.90962136521489,3.99485998614051,0.0715136125057839,3.85469588122482,4.1350240910562,1.0,0.280328209831379
3.91311896062463,3.84279655967644,3.92710822958531,0.0708248806759393,3.78829401425112,4.0659224449195,1.0,0.277628430668376,3.91311896062463,3.82043875426093,3.89450308654857,0.070938264987888,3.75546664204655,4.03353953105059,1.0,0.278072889004038
3.91311896062463,3.78827568554293,3.79150794134696,0.0803375088838678,3.63404931732692,3.94896656536701,1.0,0.314917248040095,3.91311896062463,3.81690560734139,3.80173716375985,0.0833772495120924,3.63832075758614,3.96515356993356,1.0,0.326832812347422
3.91311896062463,3.89410092039311,3.95655974588169,0.0641003120857567,3.83092544279582,4.08219404896755,1.0,0.251268606171721,3.91311896062463,3.84997795269624,3.94330091352496,0.0672631306286117,3.81146760000547,4.07513422704445,1.0,0.263666627038984
3.91311896062463,3.83106605641636,4.00496471766845,0.0794760250465451,3.84919457094282,4.16073486439409,1.0,0.311540293451264,3.91311896062463,3.76251917253297,3.88952171794368,0.0825896560061874,3.727648966676,4.05139446921136,1.0,0.323745502535359
3.91311896062463,3.84339860689858,3.95590690753943,0.0721623143660879,3.81447137034084,4.09734244473802,1.0,0.282871074397179,3.91311896062463,3.88207250380127,3.98092276178773,0.065699846298404,3.85215342925304,4.10969209432242,1.0,0.257538665069378
3.91311896062463,3.84907813967979,3.8827614765625,0.0711034286469432,3.74340131723718,4.02212163588783,1.0,0.278720318650645,3.91311896062463,3.85468058824389,3.91232598935892,0.0739544744184713,3.76737788300313,4.05727409571471,1.0,0.289896212711585
3.91311896062463,3.97693165784691,4.11659017916389,0.088718472770555,3.94270516777021,4.29047519055758,0.0,0.347770022787371,3.91311896062463,3.90375290813929,4.01794021733334,0.0797246233996977,3.86168282678891,4.17419760787777,1.0,0.312514781088854
3.91311896062463,3.85620076662091,3.90173038704422,0.0788656423641289,3.74715656839291,4.05630420569553,1.0,0.309147637302618,3.91311896062463,3.91524495085285,3.99153683275317,0.078476736966638,3.83772525467433,4.145348410832,1.0,0.307623156157667
3.91311896062463,3.80737073157357,3.93898143799321,0.0831070668166475,3.77609458017182,4.1018682958146,1.0,0.325773715642785,3.91311896062463,3.8083409515755,3.92757750732072,0.0752415238497623,3.78010683043328,4.07504818420817,1.0,0.294941353774891
3.91311896062463,3.90938365586744,4.00209259878183,0.0776737582588881,3.84985483005054,4.15433036751312,1.0,0.304475537462582,3.91311896062463,3.96789477135613,4.07865339436511,0.0759312983148551,3.92983078436863,4.22747600436159,0.0,0.297645219992965
3.91311896062463,3.77190774488484,3.8720541547831,0.0830336460314397,3.70931119905643,4.03479711050977,1.0,0.325485911453337,3.91311896062463,3.88303780443921,3.95799924645134,0.0695285459666661,3.82172580045924,4.09427269244344,1.0,0.272546891984207
3.91311896062463,3.84573209280405,3.87159070920767,0.0701970125543581,3.73400709277882,4.00917432563652,1.0,0.275167232857696,3.91311896062463,3.79998696001675,3.82380743019773,0.070219144632674,3.68618043569248,3.96143442470298,1.0,0.2752539890105
3.91311896062463,3.94288220522393,4.13267282134886,0.0713918562286907,3.99274735435117,4.27259828834656,0.0,0.279850933995391,3.91311896062463,3.92427977910558,4.12653851797273,0.0680741048279267,3.99311572423019,4.25996131171527,0.0,0.266845587485081
3.91311896062463,3.87299219344284,3.98361329047287,0.0717295872983302,3.84302588274222,4.12420069820351,1.0,0.281174815461298,3.91311896062463,3.90113097314972,4.04151755880874,0.0728729305318926,3.89868923951834,4.18434587809914,1.0,0.285656638580798
3.91311896062463,3.85104894012636,3.93338963465947,0.0780237511743476,3.78046589241903,4.08631337689991,1.0,0.305847484480872,3.91311896062463,3.81940576726579,3.9565729134698,0.0748965610260862,3.80977835129277,4.10336747564684,1.0,0.29358912435407
3.91311896062463,3.81705532978644,4.00889093008913,0.0761823350236078,3.85957629718469,4.15820556299356,1.0,0.298629265808871,3.91311896062463,3.81045764614895,3.97731083192574,0.0735851421148069,3.83308660358346,4.12153506026803,1.0,0.288448456684566
3.91311896062463,3.82507252378625,3.90619704278788,0.077357500425049,3.75457912802074,4.05781495755502,1.0,0.303235829534276,3.91311896062463,3.81744881031396,3.95761711451292,0.0783719721349096,3.80401087173112,4.11122335729472,1.0,0.307212485563599
3.91311896062463,3.85856636561303,3.89576905924672,0.0829462823358887,3.73319733321689,4.05834078527656,1.0,0.325143452059665,3.91311896062463,3.78983229805697,3.8940260602757,0.0811702629990268,3.73493526818196,4.05311685236944,1.0,0.318181584187474
3.91311896062463,3.75138105306288,3.83819510174283,0.0737697552774658,3.69360903825066,3.982781165235,1.0,0.289172126984333,3.91311896062463,3.8751903327222,3.93380009685399,0.0808672108373729,3.77530327608253,4.09229691762545,1.0,0.316993641542916
3.91311896062463,3.82075102447697,3.88541795151523,0.0715662355044858,3.74515070741732,4.02568519561313,1.0,0.280534488195808,3.91311896062463,3.83140700556625,3.89741889176389,0.0668054362088129,3.76648264282313,4.02835514070465,1.0,0.261872497881523
3.91311896062463,3.91559308120695,4.079432252914,0.0875664793567867,3.90780510712172,4.25105939870627,1.0,0.343254291584544,3.91311896062463,3.8028469643186,3.97832186324625,0.0886646731803995,3.80454229711165,4.15210142938084,1.0,0.347559132269195
3.91311896062463,3.92728099928043,4.04171466928429,0.0723910741122895,3.89983077122204,4.18359856734655,1.0,0.283767796124514,3.91311896062463,3.90237223371497,4.03657349117401,0.0729656089234753,3.89356352557396,4.17958345677406,1.0,0.286019931200092
3.91311896062463,3.78511360838488,3.88328595456148,0.0674204610861812,3.75114427901148,4.01542763011148,1.0,0.264283351099999,3.91311896062463,3.7738661277708,3.92246494025165,0.0715614463309999,3.78220708276129,4.062722797742,1.0,0.280515714980712
3.91311896062463,3.95375880722929,4.03470019807627,0.0736633050579735,3.89032277318046,4.17907762297209,1.0,0.28875484979163,3.91311896062463,3.89203110847617,3.96139701322471,0.0703676793978746,3.82347889592922,4.09931513052021,1.0,0.27583623459099
3.91311896062463,3.84212111600387,3.94323591055906,0.0696339375056275,3.80675590094632,4.0797159201718,1.0,0.272960019225486,3.91311896062463,3.85529627588456,3.93628448152603,0.0737209621962697,3.7917940507157,4.08077491233635,1.0,0.288980861620654
3.91311896062463,3.76476741165588,3.82096856848854,0.0701856793846407,3.68340716466416,3.95852997231291,1.0,0.275122807648742,3.91311896062463,3.82973108762748,3.91392282625884,0.0678343304196766,3.78096998172088,4.04687567079679,1.0,0.265905689075911
3.91311896062463,3.83073537903414,3.88363165014426,0.0777357088235675,3.73127246053738,4.03599083975115,1.0,0.304718379213769,3.91311896062463,3.79866216557154,3.89872220166938,0.0716841122426484,3.75822392341007,4.0392204799287,1.0,0.280996556518635
3.91311896062463,3.80371207922289,3.91958424787524,0.0878875259635398,3.74732786229637,4.09184063345411,1.0,0.344512771157734,3.91311896062463,3.85603211369441,4.03750926606577,0.0847435800300015,3.87141490128598,4.20360363084556,1.0,0.332188729559581
3.91311896062463,3.86289159164281,3.97603280046189,0.0709781028948603,3.83691827509699,4.1151473258268,1.0,0.278229050729808,3.91311896062463,3.86231885180829,3.93475358557424,0.0718548266548457,3.79392071321537,4.07558645793311,1.0,0.281665744717732
3.91311896062463,3.80736230378093,3.91119665552154,0.0781661523255697,3.75799381215336,4.06439949888973,1.0,0.306405686736376,3.91311896062463,3.80884512249474,3.99552964798404,0.0762531255938443,3.8460762681115,4.14498302785659,1.0,0.298906759745089
3.91311896062463,3.8007901386285,3.92284052375701,0.0664429456226416,3.79261474330988,4.05306630420415,1.0,0.260451560894261,3.91311896062463,3.82878074206194,3.89208244128587,0.0643480488565445,3.76596258305162,4.01820229952012,1.0,0.252239716468502
3.91311896062463,3.83368447515264,3.94527191059021,0.0755654803887885,3.79716629055371,4.0933775306267,1.0,0.296211240072986,3.91311896062463,3.83979859739233,3.90001952937124,0.0795135056841947,3.74417592194569,4.05586313679678,1.0,0.311687214851085
3.91311896062463,3.72520228305236,3.81139129004445,0.0664131149804109,3.68122397658173,3.94155860350717,1.0,0.260334626925446,3.91311896062463,3.72248020459617,3.89958953184467,0.0692408312755822,3.76387999628492,4.03529906740443,1.0,0.271419071119511
3.91311896062463,3.82292807355008,3.995939824314,0.0748243780220086,3.84928673822525,4.14259291040275,1.0,0.293306172177494,3.91311896062463,3.8201136811347,4.00129852717653,0.0769302073374593,3.85051809147191,4.15207896288115,1.0,0.301560871409238
3.91311896062463,3.81146009725235,3.95771533985081,0.0729436268248954,3.81474845837228,4.10068222132933,1.0,0.28593376295705,3.91311896062463,3.71683522804928,3.82171228862229,0.0742803183721576,3.67612553985269,3.96729903739189,1.0,0.291173497539195
3.91311896062463,3.88173656809285,3.99578432048017,0.0861452622336189,3.82694270906352,4.16462593189683,1.0,0.337683222833303,3.91311896062463,3.87656597475714,3.96077551233506,0.0877770273710575,3.7887357000178,4.13281532465232,1.0,0.344079624634518
3.91311896062463,3.847991752469,4.00586309762444,0.0794502783486098,3.85014341349948,4.16158278174939,1.0,0.311439368249915,3.91311896062463,3.88114450849346,3.95777288303604,0.0700566531860468,3.82046436591397,4.0950814001581,1.0,0.274617034244129
3.91311896062463,3.86744103632102,4.03420436667472,0.0792119517580359,3.87895179408384,4.18945693926559,1.0,0.310505145181749,3.91311896062463,3.77192531072304,3.92000127303254,0.0773976933091279,3.76830458166018,4.07169796440491,1.0,0.303393382744734
3.91311896062463,3.82517378170397,4.05649655467823,0.0796508261170881,3.90038380414988,4.21260930520659,1.0,0.31222550105671,3.91311896062463,3.91452928059393,4.11219504965283,0.0707901312332375,3.97344894197482,4.25094115733084,0.0,0.277492215356019
3.91311896062463,3.80921292654746,3.91844520968405,0.0690651901992372,3.78307992430814,4.05381049505997,1.0,0.270730570751827,3.91311896062463,3.79240815782831,3.93886515066519,0.0704125738373611,3.8008590418852,4.07687125944519,1.0,0.27601221755999
3.91311896062463,3.92889221619859,4.03223445627542,0.0791461000739045,3.87711095061377,4.18735796193708,1.0,0.310247011323311,3.91311896062463,3.96352510605615,4.04922280329458,0.0755555206071971,3.9011367040713,4.19730890251786,1.0,0.29617219844656
3.91311896062463,3.89037157712619,3.96458765643247,0.0748162379754343,3.81795052454184,4.1112247883231,1.0,0.293274263781258,3.91311896062463,3.86351640429899,3.94851522725367,0.0680400960265417,3.815159089537,4.08187136497034,1.0,0.266712275433337
3.91311896062463,3.94054303321069,3.96209040837315,0.0698047406159727,3.82527563081568,4.09890518593061,1.0,0.273629555114933,3.91311896062463,4.00960300044144,4.10061570832863,0.0697913310579604,3.96382721302191,4.23740420363534,0.0,0.273576990613428
3.91311896062463,3.82616493797404,3.864885839514,0.0820938330530219,3.70398488337723,4.02578679565077,1.0,0.321801912273534,3.91311896062463,3.84703941773709,3.91908736787892,0.079917915654239,3.7624511314771,4.07572360428074,1.0,0.313272472803637
3.91311896062463,3.81463544803561,3.89731205719465,0.0765921068423454,3.74719428628361,4.0474298281057,1.0,0.300235541822081,3.91311896062463,3.83693611925865,3.9271800378582,0.0823041990463686,3.7658667719509,4.0884933037655,1.0,0.322626531814596
3.91311896062463,3.76125409950124,3.89997722811924,0.0698769379300287,3.76302094642644,4.03693350981204,1.0,0.273912563385594,3.91311896062463,3.74193683949349,3.81507044554152,0.0717678765680079,3.67440799222131,3.95573289886173,1.0,0.281324906640423
3.91311896062463,3.89499913186525,4.02903093346731,0.0689757098069617,3.89384102643758,4.16422084049704,1.0,0.270379814059462,3.91311896062463,3.83737590281749,3.98860927449479,0.0687946914536815,3.85377415691802,4.12344439207155,1.0,0.269670235153522
3.91311896062463,3.88020400932686,3.9798435068596,0.0768877409717178,3.82914630370239,4.13054071001681,1.0,0.301394406314423,3.91311896062463,3.91854348750009,4.00978150607599,0.0815858027964996,3.84987627094506,4.16968674120691,1.0,0.319810470261853
3.91311896062463,3.81937546768868,3.84445692673986,0.0741567608098656,3.69911234634237,3.98980150713735,1.0,0.290689160794976,3.91311896062463,3.79714350068702,3.81654686468541,0.0660784342097586,3.68703551347949,3.94605821589134,1.0,0.259022702411853
3.91311896062463,3.84854621633003,3.8862603954472,0.0740003254621658,3.74122242269712,4.03129836819729,1.0,0.290075945500174,3.91311896062463,3.85884428910405,3.97176695003184,0.071991011569402,3.83066716014521,4.11286673991848,1.0,0.282199579773269
3.91311896062463,3.81552835933154,3.90701184574979,0.0801844649749843,3.74985318227921,4.06417050922037,1.0,0.314317326941165,3.91311896062463,3.81600206874001,3.85361839091206,0.0757927904070443,3.70506725142646,4.00216953039766,1.0,0.297102278971199
3.91311896062463,3.96172128680805,4.09609670471536,0.086411501077588,3.92673327475325,4.26546013467748,0.0,0.338726859924233,3.91311896062463,3.92434341412661,4.16075896101993,0.0889311201964258,3.98645716833013,4.33506075370972,0.0,0.348603585379594
3.91311896062463,3.74480189826857,3.88209932506001,0.0725127138592398,3.73997701747464,4.02422163264538,1.0,0.284244615170737,3.91311896062463,3.76397358757988,3.86232668433028,0.0696143043804087,3.72588515493587,3.99876821372469,1.0,0.272883058788819
3.91311896062463,3.80349289904668,3.86103077323032,0.0781620944765394,3.70783588310009,4.01422566336056,1.0,0.306389780260469,3.91311896062463,3.79122963677871,3.8268980067579,0.0732807863760599,3.68327030470204,3.97052570881375,1.0,0.287255404111701
3.91311896062463,3.87174876594158,3.9994003588916,0.0740263976333039,3.85431128562509,4.14448943215812,1.0,0.290178146533033,3.91311896062463,3.79640797323748,3.94904415308982,0.0724782590733914,3.80698937564381,4.09109893053583,1.0,0.284109554892021
3.91311896062463,3.72751187226802,3.73330699555534,0.0748027931234279,3.58669621509042,3.87991777602025,0.0,0.293221560929838,3.91311896062463,3.80791123730036,3.82091414660616,0.07076835996357,3.68221070983259,3.95961758337972,1.0,0.277406873547127
3.91311896062463,3.86423059456429,4.03919538509301,0.073251085425325,3.8956258958309,4.18276487435511,1.0,0.287138978524208,3.91311896062463,3.88327316020482,4.06539300736216,0.0737202230145937,3.9209040253213,4.20988198940303,0.0,0.288977964081729
3.91311896062463,3.78748461946805,3.88295525901671,0.0717245984118873,3.74237762932381,4.02353288870961,1.0,0.281155259385796,3.91311896062463,3.87191406361203,3.97234539467328,0.0689437228736525,3.83721818088081,4.10747260846575,1.0,0.270254427584939
3.91311896062463,3.84578597874744,3.94639573161303,0.0701675055284156,3.80886994789232,4.08392151533374,1.0,0.27505156744142,3.91311896062463,3.90987144917634,4.03930783174284,0.0785474176329564,3.88535772210362,4.19325794138206,1.0,0.307900219278442
3.91311896062463,3.78204435850865,3.87988024711985,0.0642243283923634,3.75400287653955,4.00575761770016,1.0,0.251754741160611,3.91311896062463,3.78484807558033,3.86453795644798,0.0731423075030485,3.72118166799585,4.0078942449001,1.0,0.286712576904257
3.91311896062463,3.9178744351626,4.03138203885619,0.0744173205989358,3.8855267706563,4.17723730705607,1.0,0.291710536399769,3.91311896062463,3.92390316794959,4.05115839160147,0.0732848477095362,3.90752272947828,4.19479405372466,1.0,0.287271324246387
3.91311896062463,3.73217714960645,3.98383495646412,0.0812585229461456,3.82457117805275,4.14309873487548,1.0,0.318527556822733,3.91311896062463,3.7815898261474,3.93028790331826,0.0742716249579436,3.78471819332742,4.07585761330909,1.0,0.291139419981671
3.91311896062463,3.73882325137715,3.81079310253183,0.0753287761832701,3.66315141421314,3.95843479085052,1.0,0.295283376637376,3.91311896062463,3.77043670839314,3.90013082321354,0.0751565862491343,3.75282662096425,4.04743502546282,1.0,0.294608404498563
3.91311896062463,3.84653566976165,4.02748941179585,0.0765014005803499,3.87754942189149,4.17742940170021,1.0,0.299879979808715,3.91311896062463,3.82492188041723,3.96233730617812,0.0707645841146083,3.82364126993253,4.10103334242371,1.0,0.277392072491175
3.91311896062463,3.8674645199097,4.02167636933468,0.070352504127516,3.88378799502254,4.15956474364682,1.0,0.275776748624274,3.91311896062463,3.89694838575056,4.02098210290329,0.0656982225750717,3.89221595280785,4.14974825299873,1.0,0.257532300190874
3.91311896062463,3.86500589110409,4.03520489402314,0.083656342840398,3.87124147497762,4.19916831306865,1.0,0.327926838091031,3.91311896062463,3.86659542564433,3.98107714187736,0.0847843264883764,3.81490291550666,4.14725136824806,1.0,0.332348452741406
3.91311896062463,3.86540086410791,4.02554191907186,0.07295393079522,3.8825548421826,4.16852899596112,1.0,0.285974153778517,3.91311896062463,3.91838060462471,4.01306388243469,0.0715131367135885,3.87290071005457,4.15322705481481,1.0,0.280326344760245
3.91311896062463,3.8245883895502,3.83401180732051,0.0627610922613238,3.71100232685792,3.9570212877831,1.0,0.246018960925181,3.91311896062463,3.842982392152,3.84414967383783,0.068696374431583,3.70950725408345,3.97879209359221,1.0,0.269284839508762
3.91311896062463,3.84329804683837,3.95228370197932,0.0663945567920208,3.82215276189746,4.08241464206118,1.0,0.26026188016372,3.91311896062463,3.77199056195183,3.91168475549868,0.0695258276185368,3.77541663737101,4.04795287362635,1.0,0.272536236255344
3.91311896062463,3.82539710778189,3.85623476668142,0.0740395504745672,3.71111991431973,4.0013496190431,1.0,0.290229704723374,3.91311896062463,3.82227524890062,3.86848506836134,0.0807926606291325,3.71013436331308,4.02683577340961,1.0,0.316701410096533
3.91311896062463,3.79697882643199,3.94371040339749,0.0743497310186671,3.79798760834067,4.08943319845432,1.0,0.291445590113656,3.91311896062463,3.85403682240703,3.96237816307747,0.0718603692988389,3.821534427336,4.10322189881894,1.0,0.281687471482944
3.91311896062463,3.90193955206869,4.01936539008175,0.0618119347877763,3.89821622408297,4.14051455608053,1.0,0.24229833199756,3.91311896062463,3.89492255502797,3.98134581659726,0.0696948449348068,3.84474643061694,4.11794520257759,1.0,0.27319877196065
3.91311896062463,3.88591166144831,3.96104773751529,0.0759775381212418,3.81213449916363,4.10996097586694,1.0,0.297826476703305,3.91311896062463,3.91467956983949,3.92765900924674,0.0769318816040543,3.77687529203989,4.07844272645358,1.0,0.301567434413692
3.91311896062463,3.78207132815295,3.85245289519063,0.0749486936792305,3.70555615489101,3.99934963549024,1.0,0.293793480599233,3.91311896062463,3.7595255427837,3.88570096813445,0.0724079378153462,3.74378401782156,4.02761791844735,1.0,0.283833900625789
3.91311896062463,3.82295483415468,3.9178393420911,0.0696873272947528,3.78125469041452,4.05442399376767,1.0,0.273169303353141,3.91311896062463,3.8387779242128,3.98077416306778,0.0653319891273978,3.85272581733972,4.10882250879584,1.0,0.256096691456124
3.91311896062463,3.78338827869617,3.89870438139046,0.0718632676449454,3.757854964995,4.03955379778591,1.0,0.281698832790911,3.91311896062463,3.7726892836074,3.87343370038575,0.0663940994775184,3.74330365662385,4.00356374414766,1.0,0.260260087523811
3.91311896062463,3.73040183403103,3.81517333761301,0.0795675382212984,3.65922382836075,3.97112284686527,1.0,0.311899018504518,3.91311896062463,3.81124462717789,3.91579279049496,0.075189829044863,3.76842343356331,4.06316214742662,1.0,0.29473871386331
3.91311896062463,3.81457312631953,3.99021787143858,0.0710185493717817,3.85102407243561,4.12941167044155,1.0,0.278387598005943,3.91311896062463,3.83976650533079,3.99553282798832,0.0716176755536927,3.8551647632466,4.13590089273003,1.0,0.280736129483424
3.91311896062463,3.78531654251546,3.91735230664359,0.0757366653238784,3.76891117029963,4.06579344298756,1.0,0.29688227268793,3.91311896062463,3.79445150475798,3.95556657135857,0.0784549871689386,3.80179762209989,4.10933552061724,1.0,0.307537898517344
3.91311896062463,3.92622118293912,4.00562281851556,0.0669344303533893,3.87443374569721,4.1368118913339,1.0,0.262378145636696,3.91311896062463,3.88426777133366,3.96252628642437,0.0649788175862837,3.83517014419726,4.08988242865149,1.0,0.254712284454228
3.91311896062463,3.72110371743489,3.82647380493572,0.0719718555370343,3.68541156018261,3.96753604968883,1.0,0.282124489506214,3.91311896062463,3.69570977209114,3.82261127059126,0.0687948682315219,3.6877758065363,3.95744673464622,1.0,0.269670928109924
3.91311896062463,3.74499423997579,3.88567373184945,0.0743536198978865,3.73994331472941,4.03140414896948,1.0,0.291460834240076,3.91311896062463,3.78407848891327,3.96719797912615,0.0713502953716326,3.82735396991146,4.10704198834085,1.0,0.279688018429389
3.91311896062463,3.8615870509366,3.95760964944751,0.0761233388547574,3.80841064690925,4.10680865198578,1.0,0.298398005076526,3.91311896062463,3.78008773350136,3.77414942028558,0.0743201152664364,3.6284846710365,3.91981416953466,1.0,0.291329498498161
3.91311896062463,3.83657392648295,3.98807376289444,0.0789174645327029,3.83339837465912,4.14274915112975,1.0,0.30935077647063,3.91311896062463,3.80369732750803,3.91258762195786,0.0710849378806162,3.77326370386858,4.05191154004713,1.0,0.278647836178549
3.91311896062463,3.83911976474367,3.98872846808218,0.0826481637279685,3.82674104378699,4.15071589237736,1.0,0.323974848590376,3.91311896062463,3.79423514260019,3.93613167920225,0.083639057485682,3.77220213882944,4.10006121957507,1.0,0.327859080745624
3.91311896062463,3.73172992258305,3.80152099443265,0.072693406860397,3.65904453507276,3.94399745379255,1.0,0.28495291871979,3.91311896062463,3.76347366039466,3.808646073439,0.0756261198035734,3.66042160233348,3.95687054454451,1.0,0.296448942211031
3.91311896062463,4.02955604785363,4.20370817753128,0.0876469082876179,4.03192339393126,4.37549296113129,0.0,0.343569567200033,3.91311896062463,3.81743657270185,3.93565909005996,0.0736948157432627,3.79121990535585,4.08009827476407,1.0,0.28887836940822
3.91311896062463,3.83486614520289,3.96866842781917,0.0754443891949221,3.8208001421615,4.11653671347684,1.0,0.29573657131534,3.91311896062463,3.82842122137058,3.96612387262366,0.0682454602896029,3.83236522834768,4.09988251689964,1.0,0.26751728855196
3.91311896062463,3.80202973615239,3.88929391426553,0.0687237762276193,3.75459778797781,4.02399004055326,1.0,0.269392252575448,3.91311896062463,3.82613553191486,3.88511976309588,0.0690943305386702,3.74969736370418,4.02054216248758,1.0,0.270844798783399
3.91311896062463,3.78977592696327,3.88336402460101,0.0791568267361643,3.72821949506765,4.03850855413437,1.0,0.310289059066719,3.91311896062463,3.80485707169871,3.94958309193192,0.0793196796093108,3.79411937663242,4.10504680723143,1.0,0.310927430599011
3.91311896062463,3.73886324164498,3.86482035762016,0.0690747506122293,3.72943633417911,4.00020438106122,1.0,0.270768046882111,3.91311896062463,3.82952141297553,3.89621581823891,0.0658022606462928,3.76724575727086,4.02518587920696,1.0,0.257940121936102
3.91311896062463,3.76112710036711,3.88874394684059,0.0673308001393834,3.75677800351713,4.02070989016404,1.0,0.263931886646912,3.91311896062463,3.73403172477377,3.87398531993578,0.0671034647440772,3.74246494579954,4.00550569407203,1.0,0.263040748272489
3.91311896062463,3.86990813947452,3.94078794557346,0.0792732738418059,3.78541518390694,4.09616070723998,1.0,0.310745523333042,3.91311896062463,3.88269874000569,3.97172669812895,0.0777026023115458,3.81943239609328,4.12402100016462,1.0,0.304588604071337
3.91311896062463,3.76276530494061,3.81195939122882,0.0670512292971087,3.68054139668735,3.94337738577029,1.0,0.26283598908294,3.91311896062463,3.73520126977813,3.76727545989451,0.0699052567368916,3.63026367436017,3.90428724542884,0.0,0.274023571068667
3.91311896062463,3.99467199715378,4.14372245866157,0.0750163412744116,3.99669313151176,4.29075178581139,0.0,0.294058654299624,3.91311896062463,3.96712165610444,4.0965611899549,0.0790872983888126,3.94155293347826,4.25156944643155,0.0,0.31001651295329
3.91311896062463,3.7376771080064,3.8572769147985,0.0694205143205896,3.72121520694189,3.9933386226551,1.0,0.272123415713205,3.91311896062463,3.8247762934131,3.95023526041882,0.0694888974706732,3.8140395240509,4.08643099678673,1.0,0.272391472735832
3.91311896062463,3.86807774744408,3.96272013393455,0.0653726427323061,3.83459210860503,4.09084815926408,1.0,0.256256050659048,3.91311896062463,3.90625517093238,4.07294955007412,0.0753470646811639,3.92527201695822,4.22062708319001,0.0,0.295355066231782
3.91311896062463,3.81368107272375,3.99662342357792,0.0670903054695522,3.86512884114581,4.12811800601004,1.0,0.262989164864226,3.91311896062463,3.86973076830518,3.98194050564052,0.0751571552090208,3.83463518825035,4.12924582303069,1.0,0.294610634780335
3.91311896062463,3.81508048768362,3.88628530177299,0.073952292530741,3.74134147183856,4.03122913170741,1.0,0.289887659868845,3.91311896062463,3.82533732250252,3.91349092208858,0.0723999003932904,3.77158972483344,4.05539211934372,1.0,0.283802394510273
3.91311896062463,3.84867688708514,3.94452596897177,0.0761967448769948,3.79518309327367,4.09386884466986,1.0,0.298685751396193,3.91311896062463,3.95026246321565,4.01802457088112,0.0721152294429823,3.87668131843603,4.15936782332621,1.0,0.282686504890176
3.91311896062463,3.91828794092186,4.07228048660509,0.0681933127535875,3.93862404962158,4.2059369235886,0.0,0.267312873967015,3.91311896062463,3.83532234898358,3.96156643330702,0.0681181654454578,3.82805728234098,4.09507558427305,1.0,0.267018301932076
3.91311896062463,3.67720085898372,3.8096002024976,0.0774426241983804,3.6578154482005,3.9613849567947,1.0,0.303569508594191,3.91311896062463,3.71720116429712,3.88510660464873,0.0732098789401065,3.74161787861358,4.02859533068387,1.0,0.286977452070292
3.91311896062463,3.84544933602675,3.87894393037905,0.0876008762031732,3.70724936800668,4.05063849275142,1.0,0.343389124744743,3.91311896062463,3.78327926847637,3.85088086874084,0.0859686066151542,3.68238549597404,4.01937624150763,1.0,0.336990745533588
3.91311896062463,3.95944598117993,3.99766777074871,0.0721042316808621,3.85634607352128,4.13898946797613,1.0,0.282643394454844,3.91311896062463,3.89222131116201,4.00123687101472,0.0648479632655303,3.8741371985435,4.12833654348593,1.0,0.254199344942432
3.91311896062463,3.74898483890587,3.87801541821247,0.0793375468784687,3.72251668370891,4.03351415271602,1.0,0.310997469007113,3.91311896062463,3.72488886474051,3.87171785215585,0.0763281787295385,3.72211737084042,4.02131833347128,1.0,0.299200962630863
3.91311896062463,3.81746354021197,3.92624415021858,0.0764571770579456,3.7763908368254,4.07609746361176,1.0,0.299706626786351,3.91311896062463,3.77535385923986,3.89675654397195,0.0731225771217226,3.75343892635662,4.04007416158728,1.0,0.286635235230658
3.91311896062463,3.82955545448618,3.92829484126281,0.0762186266902078,3.7789090779989,4.07768060452672,1.0,0.298771526527821,3.91311896062463,3.86384838902954,3.91421421855023,0.077874955655397,3.761582110168,4.06684632693246,1.0,0.305264216764464
3.91311896062463,3.88831471140923,4.00017011549869,0.077417342553964,3.84843491231412,4.15190531868326,1.0,0.30347040636914,3.91311896062463,3.86156527723495,4.00106660623689,0.080548623525216,3.84319420512319,4.15893900735059,1.0,0.315744802227398
3.91311896062463,3.82800464653744,3.9614319348127,0.0895438548155114,3.78592920433741,4.13693466528798,1.0,0.351005460950572,3.91311896062463,3.83347131561085,3.97412368187313,0.0796964694564523,3.81792147204349,4.13032589170277,1.0,0.312404419659286
3.91311896062463,3.90003903410671,3.97750547401448,0.0790242653504062,3.82262076002295,4.13239018800601,1.0,0.309769427983065,3.91311896062463,3.82775141720732,3.9256147502315,0.0751938455951207,3.77823752100599,4.072991979457,1.0,0.294754458451004
3.91311896062463,3.74182957702879,3.85625074865207,0.0754503770869506,3.70837072694168,4.00413077036246,1.0,0.295760043420779,3.91311896062463,3.74757664246518,3.84663790804459,0.0750148924960347,3.69961142044822,3.99366439564096,1.0,0.294052975192744
3.91311896062463,3.80624372389586,3.88013983090472,0.0846161831665171,3.7142951593891,4.04598450242033,1.0,0.331689343031235,3.91311896062463,3.89121905705226,3.98911182264909,0.084644284888938,3.82321207276962,4.15501157252855,1.0,0.331799499758933
3.91311896062463,3.82048916673496,3.96266127514087,0.0738487830949974,3.81792031997257,4.10740223030918,1.0,0.28948191033661,3.91311896062463,3.72084909682402,3.88763198014751,0.0694728963912599,3.75146760531896,4.02379635497606,1.0,0.272328749657104
3.91311896062463,3.79373469073728,3.92838616059507,0.0792720265383966,3.77301584359831,4.08375647759183,1.0,0.310740633993522,3.91311896062463,3.79281990430374,3.95288392594665,0.0756891511282071,3.80453591571496,4.10123193617835,1.0,0.29669602046339
3.91311896062463,3.76105449656962,3.80044787151101,0.0719281386546021,3.65947131027299,3.94142443274904,1.0,0.281953122476047,3.91311896062463,3.78471620594703,3.79097644727947,0.0768443950821489,3.64036420050469,3.94158869405424,1.0,0.301224493549557
3.91311896062463,3.8818041881578,3.97949761875079,0.0652401189319592,3.85162933529704,4.10736590220454,1.0,0.2557365669075,3.91311896062463,3.85472627277057,3.91862366482952,0.0640883204656731,3.79301286488714,4.0442344647719,1.0,0.251221599884761
3.91311896062463,3.78597072467881,3.94380655629685,0.0812450415594092,3.78456920091795,4.10304391167575,1.0,0.318474710757803,3.91311896062463,3.77566895140696,3.85286308515733,0.0813321566113225,3.69345498741417,4.01227118290049,1.0,0.318816195486326
3.91311896062463,3.88160013584918,3.9717003623962,0.0726356739000986,3.82933705755921,4.11406366723319,1.0,0.284726609673978,3.91311896062463,3.89841271484095,3.99995572923705,0.0680576443562284,3.8665651974262,4.13334626104789,1.0,0.266781063621687
3.91311896062463,3.73108178619902,3.90622186078445,0.0840273692654817,3.74153124330846,4.07091247826044,1.0,0.329381234951983,3.91311896062463,3.89046258863937,4.00020727744119,0.0835880050901167,3.83637779792501,4.16403675695737,1.0,0.327658959032359
3.91311896062463,3.67471797745013,3.84473122680087,0.0812630497162258,3.68545857608318,4.00400387751856,1.0,0.318545301435381,3.91311896062463,3.65552496020824,3.78036375206454,0.0701089604782118,3.6429527145337,3.91777478959538,1.0,0.274822075061675
3.91311896062463,3.78660640008508,3.85828160514318,0.0827002267194994,3.69619213925966,4.0203710710267,1.0,0.324178931767032,3.91311896062463,3.79862525939525,3.84388487769726,0.0819436262045751,3.68327832157368,4.00449143382084,1.0,0.321213112247159
3.91311896062463,3.81806704155391,3.91092175020707,0.0787753788045837,3.75652484488159,4.06531865553255,1.0,0.308793810650968,3.91311896062463,3.84537179976013,3.93425843561848,0.0782674661713497,3.78085702076143,4.08765985047553,1.0,0.306802829714104
3.91311896062463,3.8472037427886,3.91344012487235,0.069723925218677,3.77678374258298,4.05009650716172,1.0,0.273312764578741,3.91311896062463,3.8516528749151,3.98467947989683,0.0660879638873797,3.85514945086598,4.11420950892767,1.0,0.259060058061696
3.91311896062463,3.79862076860214,3.91877706520478,0.0786862989918807,3.76455475310395,4.07299937730562,1.0,0.308444624201673,3.91311896062463,3.78043117290883,3.90467788287711,0.07561272447,3.75647966614296,4.05287609961126,1.0,0.2963964334683
3.91311896062463,3.85453378446904,3.94960445665128,0.0763889658798447,3.79988483471053,4.09932407859204,1.0,0.29943924388151,3.91311896062463,3.85821642232919,4.01176500271557,0.0725391597862644,3.8695908620657,4.15393914336544,1.0,0.284348281299749
3.91311896062463,3.90291526365668,3.97693953150813,0.0795895514391,3.8209468771418,4.13293218587447,1.0,0.311985308732668,3.91311896062463,3.91204771903528,4.0370440379046,0.0783975955888131,3.88338757407599,4.19070050173321,1.0,0.30731292765722
3.91311896062463,3.84510641948919,3.90803887041072,0.0859988989633031,3.73948412573255,4.0765936150889,1.0,0.337109489356346,3.91311896062463,3.82809816240082,3.89901352311538,0.0858391703977017,3.73077184067309,4.06725520555768,1.0,0.336483364884584
3.91311896062463,3.76155570518646,3.94717615493984,0.07427724235615,3.80159543505083,4.09275687482885,1.0,0.291161439778014,3.91311896062463,3.73836075349615,3.86107104637534,0.069993487188043,3.72388633233441,3.99825576041627,1.0,0.27436942808186
3.91311896062463,3.915089951491,4.04839273133205,0.0695438258557871,3.91208933730759,4.18469612535652,1.0,0.272606788048936,3.91311896062463,3.90278178846565,3.98777750286011,0.0728150856150251,3.84506255752346,4.13049244819676,1.0,0.2854298906733
3.91311896062463,3.82010012661181,3.92234296220979,0.0705439213387519,3.78407941705761,4.06060650736197,1.0,0.27652709030436,3.91311896062463,3.75519929166273,3.86241566380671,0.0638840434226319,3.73720523951156,3.98762608810186,1.0,0.250420848590303
3.91311896062463,3.84491891628883,4.02683358463755,0.0771841541671995,3.87555542229265,4.17811174698245,1.0,0.302556324689796,3.91311896062463,3.81611911528625,3.99791959198451,0.078249225985952,3.84455392723391,4.15128525673511,1.0,0.306731329501203
3.91311896062463,3.84592522761415,3.96203020293025,0.0721343777113295,3.82064942056884,4.10341098529167,1.0,0.282761564722829,3.91311896062463,3.85723514148617,3.99899551081861,0.0690769251215497,3.8636072254176,4.13438379621961,1.0,0.270776570802015
3.91311896062463,3.78980994145223,3.88554717966239,0.0703663443370234,3.74763167903808,4.0234626802867,1.0,0.27583100124862,3.91311896062463,3.83450996833523,3.89828757486049,0.0706406176350569,3.75983450845011,4.03674064127087,1.0,0.276906132820752
3.91311896062463,3.75722477622175,3.84877664819972,0.0736995806788097,3.70432812439355,3.99322517200589,1.0,0.288897047612342,3.91311896062463,3.78665815044548,3.86997772238823,0.0714714003566952,3.72989635176446,4.01005909301199,1.0,0.280162741247531
3.91311896062463,3.87885619695922,3.97022910741028,0.0733697017882918,3.82642713434879,4.11403108047178,1.0,0.287603946122992,3.91311896062463,3.84649583324834,3.92795841091613,0.0697712547438492,3.79120926446201,4.06470755737024,1.0,0.273498292908227
3.91311896062463,3.97326683124404,4.11629918652311,0.0633956494147502,3.99204599689367,4.24055237615254,0.0,0.248506379258876,3.91311896062463,3.95059185655576,4.08137449736997,0.0615165960860585,3.9608041845898,4.20194481015014,0.0,0.241140625560345
3.91311896062463,3.86931564658269,3.98784370154082,0.080649742759259,3.82977311037026,4.14591429271139,1.0,0.316141182341135,3.91311896062463,3.89703766854957,4.09454310917877,0.0710756965133137,3.95523730383658,4.23384891452097,0.0,0.278611610684388
3.91311896062463,3.81877796639478,3.87105631194232,0.0754851922603238,3.723108053746,4.01900457013864,1.0,0.295896516392633,3.91311896062463,3.82556502641655,3.90891454896511,0.0789511276718142,3.75417318218953,4.06365591574069,1.0,0.309482733551159
3.91311896062463,3.92061986976042,3.96726012719529,0.0742893571692892,3.82165566270885,4.11286459168173,1.0,0.291208928972879,3.91311896062463,3.9171679794448,3.95369804565619,0.0725624100894456,3.81147833524946,4.09591775606293,1.0,0.284439420813479
3.91311896062463,3.89040989641023,3.93315312031249,0.0750261730048275,3.78610452332516,4.08020171729982,1.0,0.294097193974666,3.91311896062463,3.84231373115907,3.92345966507236,0.0800426616131851,3.76657893108379,4.08034039906093,1.0,0.313761467977138
3.91311896062463,3.95753959088829,4.11652580471013,0.065904026833627,3.98735628568006,4.2456953237402,0.0,0.258339038060141,3.91311896062463,3.96434700878616,4.1066842319831,0.0653119694812427,3.97867512404049,4.23469333992572,0.0,0.256018215885229
3.91311896062463,3.76915252635907,3.89606439981009,0.0713225248666293,3.75627481978504,4.03585397983515,1.0,0.279579160050112,3.91311896062463,3.76359629507509,3.87249025579101,0.0621883895893141,3.75060325193941,3.99437725964261,1.0,0.243774007703203
3.91311896062463,3.90376577644929,3.98536679672881,0.0770875887833117,3.83427789905848,4.13645569439913,1.0,0.302177795340649,3.91311896062463,3.92025727563803,4.05033339118046,0.0847394062609339,3.88424720683772,4.2164195755232,1.0,0.332172368685477
3.91311896062463,3.70435382221847,3.79159047225795,0.0817709392545856,3.63132237633695,3.95185856817895,1.0,0.320536191842001,3.91311896062463,3.77837204592705,3.82139646079164,0.0800694729006481,3.66446317764527,3.97832974393802,1.0,0.313866566292752
3.91311896062463,3.83897252066179,4.04140960950631,0.076050406616636,3.89235355152808,4.19046566748454,1.0,0.298112115956466,3.91311896062463,3.85347254419107,4.01619575549442,0.0693055249765851,3.88035942261068,4.15203208837817,1.0,0.271672665767495
3.91311896062463,3.85985228959532,4.00316471263415,0.0719288071852378,3.86218684110016,4.14414258416814,1.0,0.281955743067984,3.91311896062463,3.88200692994768,3.99558074146849,0.0689369201342926,3.86046686080016,4.13069462213681,1.0,0.270227761336655
3.91311896062463,3.88666598736898,4.00738063608678,0.0630782246055254,3.88374958765123,4.13101168452234,1.0,0.247262096871116,3.91311896062463,3.81994340436355,3.93790230660562,0.0659717672645882,3.80860001877056,4.06720459444067,1.0,0.258604575670103
3.91311896062463,3.79623947682224,3.94251430149188,0.0795731655111941,3.78655376295409,4.09847484002966,1.0,0.31192107707557,3.91311896062463,3.72718516820445,3.92975574983372,0.0764223929449348,3.77997061204928,4.07954088761816,1.0,0.29957027556888
3.91311896062463,3.90875036578693,4.08263104903695,0.0725168828471436,3.94050057038544,4.22476152768847,0.0,0.284260957303024,3.91311896062463,3.90532677318869,4.00913829754909,0.0734292920087938,3.86521952980158,4.1530570652966,1.0,0.287837535495022
3.91311896062463,3.84109500240467,4.00239449538706,0.0782396507104858,3.84904759783152,4.15574139294261,1.0,0.306693795111091,3.91311896062463,3.82883349947017,3.95688423063729,0.0716258844304314,3.81650007679282,4.09726838448176,1.0,0.280768307688947
3.91311896062463,3.8594683318792,3.99823809333943,0.0742537665146747,3.85270338525423,4.14377280142464,1.0,0.291069416170417,3.91311896062463,3.88083824488347,3.9599608547793,0.0694426855799831,3.8238556920528,4.09606601750581,1.0,0.272210325453011
3.91311896062463,3.87334210233539,3.9659945502222,0.0695920609143726,3.82959661722012,4.10239248322429,1.0,0.272795866004175,3.91311896062463,3.90802657923342,4.01140086744476,0.0687063514460657,3.87673889310132,4.1460628417882,1.0,0.26932394868688
3.91311896062463,3.82759378366856,3.99396386094468,0.0745206916317937,3.84790598924335,4.14002173264601,1.0,0.292115743402662,3.91311896062463,3.81940526426953,3.93458086742028,0.0693812779835337,3.79859606137119,4.07056567346937,1.0,0.271969612098176
3.91311896062463,3.89254749934577,4.07489379055049,0.064021047723778,3.94941484275936,4.20037273834161,0.0,0.25095789558225,3.91311896062463,3.87344890467476,4.02259948037012,0.0666199921290542,3.89202669514683,4.15317226559341,1.0,0.261145570446576
3.91311896062463,3.84373401675734,3.95313043618554,0.0663284967531701,3.82312897140065,4.08313190097044,1.0,0.260002929569791,3.91311896062463,3.90537571282867,4.07491919620041,0.0683628464592161,3.9409304792597,4.20890791314111,0.0,0.26797743388141
3.91311896062463,3.93092438665534,4.05749868242249,0.0592448189304553,3.9413809710482,4.17361639379678,0.0,0.232235422748579,3.91311896062463,3.89922670411455,3.96031893467918,0.0616439383096059,3.83949903572714,4.08113883363121,1.0,0.241639797904073
3.91311896062463,3.80422552044617,3.89629802096547,0.0760572095184573,3.74722862954468,4.04536741238626,1.0,0.298138782841586,3.91311896062463,3.87706065686719,3.98645157676796,0.0821809379982412,3.82537989807569,4.14752325546024,1.0,0.322143357384544
3.91311896062463,3.82760678173613,3.91573529368084,0.0835127674072897,3.75205327731329,4.0794173100484,1.0,0.327364032735117,3.91311896062463,3.79646677724669,3.89554060446696,0.0746620756044501,3.74920562527123,4.04187558366269,1.0,0.292669958391457
3.91311896062463,3.81271361296311,3.80535833552544,0.0815068744663911,3.64560779707889,3.965108873972,1.0,0.319501076893108,3.91311896062463,3.82458655412444,3.84439540348146,0.0797435970211508,3.68810082532233,4.00068998164059,1.0,0.312589156318262
3.91311896062463,3.77274889357473,3.9096367589386,0.0714034167277484,3.76968863377911,4.04958488409809,1.0,0.279896250318984,3.91311896062463,3.72333035557142,3.85547944003177,0.0697957402923285,3.7186823027845,3.99227657727905,1.0,0.27359427449455
3.91311896062463,3.85123744122663,4.01826110710787,0.0766686449200075,3.86799332432116,4.16852888989457,1.0,0.300535565573409,3.91311896062463,3.83871582910605,3.95494253496656,0.0755110750960902,3.80694354734432,4.1029415225888,1.0,0.295997975244473
3.91311896062463,3.79804951494671,3.84608617032088,0.0731323872262599,3.70274932525398,3.98942301538779,1.0,0.286673690133813,3.91311896062463,3.78729208040849,3.84214675411752,0.0725168394758073,3.70001636047227,3.98427714776278,1.0,0.28426078729051
3.91311896062463,3.82522276256693,3.92571069140345,0.0670837763423594,3.79422890582548,4.05719247698141,1.0,0.262963571155929,3.91311896062463,3.83438065514519,3.95236149638701,0.0674010506690399,3.82025786455553,4.08446512821849,1.0,0.264207263662955
3.91311896062463,3.86195067344475,3.92414770032673,0.0700392471338398,3.7868732984401,4.06142210221335,1.0,0.274548803773252,3.91311896062463,3.83757636373065,3.940257777222,0.0654816091588698,3.81191618162088,4.06859937282311,1.0,0.256683191202225
3.91311896062463,3.86729356185068,3.99462275408566,0.0713492734388762,3.85478074782236,4.13446476034896,1.0,0.279684012526595,3.91311896062463,3.82674175043182,3.91726563206462,0.0682439108485407,3.78351002463732,4.05102123949192,1.0,0.267511214854604
3.91311896062463,3.84051192977068,3.99938039621351,0.0775970885216418,3.84729289740592,4.15146789502109,1.0,0.304174997615169,3.91311896062463,3.80752451819345,3.88188228888097,0.0789168733450692,3.72720805935212,4.03655651840981,1.0,0.30934845905769
3.91311896062463,3.80818997301077,3.98504562767901,0.0878473116761538,3.81286806065508,4.15722319470294,1.0,0.344355134047853,3.91311896062463,3.78564623756606,3.98313361775034,0.0874746484113936,3.81168645730371,4.15458077819698,1.0,0.342894320893271
3.91311896062463,3.92519147260903,4.08709548423506,0.0745637329127388,3.94095325317322,4.23323771529689,0.0,0.292284462123664,3.91311896062463,3.92880282436577,4.0873263426196,0.0692945161651635,3.95151158660975,4.22314109862945,0.0,0.271629512019699
3.91311896062463,3.83871272475751,3.91233342458607,0.0774220628807618,3.76058896973098,4.06407787944115,1.0,0.303488909710177,3.91311896062463,3.84110452209476,3.88786925798797,0.0655425837806273,3.75940815432424,4.0163303616517,1.0,0.256922207327457
3.91311896062463,3.87690912428902,3.96699331634251,0.0802050113478662,3.80979438272106,4.12419224996395,1.0,0.314397867242888,3.91311896062463,3.83043959083501,3.99418653751242,0.0801441013968828,3.8371069852012,4.15126608982363,1.0,0.314159104622433
3.91311896062463,3.79979337180492,3.92086880254461,0.0723416182006614,3.77908183628796,4.06265576880125,1.0,0.283573932513287,3.91311896062463,3.75684582869212,3.86147059462726,0.0678908544504251,3.72840696502477,3.99453422422974,1.0,0.266127259204968
3.91311896062463,3.81433719247263,3.93207481783894,0.0781762045659398,3.77885227244166,4.08529736323622,1.0,0.306445090794556,3.91311896062463,3.80609824780845,3.93627204190188,0.0768837564683323,3.7855826482278,4.08696143557596,1.0,0.30137878734816
3.91311896062463,3.82580843604352,3.93689692749397,0.0735072706433911,3.79282532443108,4.08096853055685,1.0,0.28814320612577,3.91311896062463,3.84087996630827,3.97225224554661,0.0754416040085604,3.8243894187539,4.12011507233932,1.0,0.295725653585422
3.91311896062463,3.76629863935071,3.86045215252206,0.0681332019425561,3.72691353056326,3.99399077448087,1.0,0.267077243917608,3.91311896062463,3.81414103290136,3.96398096391833,0.0712357710793354,3.8243614181919,4.10360050964477,1.0,0.279239091452874
3.91311896062463,3.8075319993626,3.92999988305417,0.0792960632120435,3.77458245504275,4.08541731106559,1.0,0.310834856022834,3.91311896062463,3.76506391300017,3.84167242593121,0.0763802684625015,3.69196985061521,3.99137500124722,1.0,0.299405150632007
3.91311896062463,3.91554425234561,4.02574881490408,0.0650595494103095,3.89823444120947,4.15326318859869,1.0,0.255028747389222,3.91311896062463,3.88102288018058,3.97319129328982,0.0633393657345885,3.84904841764641,4.09733416893322,1.0,0.248285751286808
3.91311896062463,3.82839562360734,3.96571706779819,0.0733924486112045,3.82187051178302,4.10956362381336,1.0,0.287693112030335,3.91311896062463,3.77108904711108,3.88221926004914,0.0788853325423041,3.72760684935776,4.03683167074052,1.0,0.309224821382763
3.91311896062463,3.82491269299025,3.90362605024211,0.079461270222758,3.7478848224397,4.05936727804452,1.0,0.311482455604821,3.91311896062463,3.80539325880191,3.87560380628344,0.0778716448449065,3.72297818697052,4.02822942559635,1.0,0.305251238625822
3.91311896062463,3.85068258660991,4.05056238190342,0.0813997982467946,3.89102170899088,4.21010305481597,1.0,0.319081345825088,3.91311896062463,3.84229776433624,4.02076617017771,0.0844260243630122,3.85529420306831,4.18623813728712,1.0,0.33094393421881
3.91311896062463,3.83557263464319,3.9381523266092,0.0787662009069859,3.78377340963246,4.09253124358594,1.0,0.308757833953476,3.91311896062463,3.8775216891051,4.00306321799228,0.0810433404141823,3.84422118959366,4.16190524639089,1.0,0.317684056797233
3.91311896062463,3.83465432108331,3.95037853693662,0.0799658900264387,3.79364827249311,4.10710880138013,1.0,0.313460528887021,3.91311896062463,3.77164199752154,3.89031948944282,0.0750612705087873,3.74320210261178,4.03743687627386,1.0,0.294234773662084
3.91311896062463,3.92797187381014,4.09369992869329,0.0629152048702557,3.97038839306763,4.21701146431895,0.0,0.246623071251321,3.91311896062463,3.9371003922596,4.04094274288477,0.0614791837846265,3.92044575686798,4.16143972890155,0.0,0.240993972033574
3.91311896062463,3.88992228888721,3.95942637810416,0.0756610325021955,3.81113347936675,4.10771927684158,1.0,0.296585797474835,3.91311896062463,3.89096186610196,3.96860779951807,0.070916562003116,3.82961389208456,4.10760170695158,1.0,0.277987814867018
3.91311896062463,3.9388408046858,4.06318215136055,0.0677251270830997,3.93044334142927,4.19592096129182,0.0,0.265477619862548,3.91311896062463,3.89866786547937,3.99175222186989,0.066833593866648,3.86076078493388,4.12274365880589,1.0,0.261982873872014
3.91311896062463,3.84823391266279,3.9067377367239,0.0777604255039874,3.75433010331357,4.05914537013422,1.0,0.304815266820651,3.91311896062463,3.87431494639227,3.98151837550471,0.0733371513845492,3.83778020006223,4.12525655094719,1.0,0.287476350884956
3.91311896062463,3.86091655277338,3.9542151853574,0.0779097602457959,3.80151486123149,4.10691550948331,1.0,0.305400648251821,3.91311896062463,3.87040905812809,4.00284506492694,0.0763127857879998,3.85327475322254,4.15241537663134,1.0,0.299140623408799
3.91311896062463,3.79940697223019,3.96078048944063,0.0656675687344349,3.83207441976883,4.08948655911243,1.0,0.257412139343602,3.91311896062463,3.81583414599048,3.88529162478316,0.0680090667827659,3.75199630326676,4.01858694629956,1.0,0.266590643032801
3.91311896062463,3.91502300069924,3.98364211335594,0.0751868487050962,3.83627859778289,4.13100562892899,1.0,0.294727031146101,3.91311896062463,3.86400255088249,3.94819621004438,0.0720806598854558,3.80692071268701,4.08947170740176,1.0,0.282550994714748
3.91311896062463,3.76223631410598,3.88773496095757,0.0808378039401318,3.7292957766456,4.04617414526954,1.0,0.316878368623937,3.91311896062463,3.82170920739028,3.90676297435682,0.0729020717668933,3.76387753929535,4.04964840941829,1.0,0.28577087012293
3.91311896062463,3.82821072758093,3.88128865399214,0.081532660081528,3.7214875766686,4.04108973131569,1.0,0.319602154647083,3.91311896062463,3.87168921569889,3.94238072646844,0.0783655014952858,3.78878716590726,4.09597428702962,1.0,0.30718712112236
3.91311896062463,3.82098095021847,3.97474296442185,0.0846722913849102,3.80878832281895,4.14069760602476,1.0,0.33190928320581,3.91311896062463,3.74729336549384,3.8503438672187,0.0790048250124873,3.69549725558934,4.00519047884807,1.0,0.309693223258728
3.91311896062463,3.75891267938026,3.84143875527899,0.0728396405421573,3.69867568316951,3.98420182738846,1.0,0.285526144218943,3.91311896062463,3.70349777204159,3.79898071144806,0.0677803238602964,3.66613371782141,3.9318277050747,1.0,0.265693987253283
3.91311896062463,3.84595235480339,3.91224375133728,0.0710772854709605,3.77293483169533,4.05155267097923,1.0,0.278617839283909,3.91311896062463,3.79784813256884,3.86574831136648,0.0661592733121746,3.73607851843128,3.99541810430168,1.0,0.259339585870409
3.91311896062463,3.91093073743521,4.06328940216671,0.0738184997492677,3.91860780126536,4.20797100306805,0.0,0.289363201802688,3.91311896062463,3.856597383775,3.97300025168451,0.0714146295402519,3.83303014981635,4.11297035355267,1.0,0.279940203736327
3.91311896062463,3.91415293224523,4.02393191963107,0.0700744274811017,3.88658856553085,4.1612752737313,1.0,0.274686708200447,3.91311896062463,3.86066503696559,4.03484736375816,0.0731796313880081,3.89141792183575,4.17827680568057,1.0,0.286858883844825
3.91311896062463,3.77569264863941,3.8503942290537,0.0720458022813898,3.70918705134488,3.99160140676252,1.0,0.282414355417635,3.91311896062463,3.73780733199909,3.83024175600382,0.0699085330408249,3.69322354903178,3.96725996297587,1.0,0.27403641394409
3.91311896062463,3.78136271598637,3.95211739519748,0.0782272310802913,3.79879483966982,4.10543995072515,1.0,0.306645111055326,3.91311896062463,3.75119897789511,3.86364548590281,0.0718834848333808,3.72275644454615,4.00453452725947,1.0,0.281778082713315
3.91311896062463,3.83797434027398,3.99678195753423,0.0828285942128234,3.83444089598701,4.15912301908145,1.0,0.324682123094433,3.91311896062463,3.87445898385821,3.93924478329749,0.0829180856646116,3.77672832172784,4.10176124486713,1.0,0.325032923139291
3.91311896062463,3.82377367782294,3.99901745489545,0.0807416792082079,3.84076667159607,4.15726823819482,1.0,0.316501566598748,3.91311896062463,3.78259933387782,3.97126090834922,0.0704321317724913,3.83321646672076,4.10930534997769,1.0,0.276088883256924
3.91311896062463,3.88829965743718,4.03217560352022,0.0831050619258463,3.86929267521259,4.19505853182785,1.0,0.325765856615259,3.91311896062463,3.8984059282986,3.98531022832839,0.0781342126289814,3.83216998561519,4.13845047104159,1.0,0.306280485426396
3.91311896062463,3.84871527843693,3.89771135442718,0.0719939940736276,3.75660571893968,4.03881698991468,1.0,0.282211270975,3.91311896062463,3.78723079825111,3.90759349011444,0.0712619339542028,3.76792266609553,4.04726431413335,1.0,0.279341648037819
3.91311896062463,3.81092681539871,3.91085250232318,0.0698217862686687,3.77400431590034,4.04770068874602,1.0,0.273696372845688,3.91311896062463,3.80160262818934,3.92734894430102,0.0653437188477396,3.79927760874354,4.0554202798585,1.0,0.256142671114961
3.91311896062463,3.85052777951296,3.96758683804327,0.0746219480318774,3.82133050744457,4.11384316864197,1.0,0.292512661197398,3.91311896062463,3.85099799625115,3.94173112312047,0.0678094120200545,3.80882711774832,4.07463512849261,1.0,0.265808010744288
3.91311896062463,3.89141948534459,3.99589186945914,0.0694800396769822,3.85971349404784,4.13207024487044,1.0,0.272356750822598,3.91311896062463,3.93328715258866,4.07568537986298,0.0766003809008737,3.92555139209522,4.22581936763074,0.0,0.300267975535524
3.91311896062463,3.82375587097777,3.92782971489022,0.0776562442661322,3.77562627295395,4.08003315682648,1.0,0.304406883872528,3.91311896062463,3.84434250545319,3.93752210898582,0.07667589745047,3.78724011150061,4.08780410647103,1.0,0.300563994970416
3.91311896062463,3.74018478344287,3.88918336007988,0.0803378710941921,3.73172402614064,4.04664269401911,1.0,0.314918667878476,3.91311896062463,3.72497155272233,3.86203514948303,0.0814269247755989,3.702441309551,4.02162898941505,1.0,0.319187679864052
3.91311896062463,3.82675449643385,3.94798085889082,0.0769580889251259,3.79714577627855,4.0988159415031,1.0,0.301670165224555,3.91311896062463,3.84649595187607,4.03085180856292,0.0739820725503415,3.88584961086262,4.17585400626322,1.0,0.290004395400597
3.91311896062463,3.86214962450453,4.09808595862644,0.0707881321130763,3.95934376915194,4.23682814810093,0.0,0.277484378948985,3.91311896062463,3.85545177712782,4.05030624239384,0.068128791945663,3.91677626387011,4.18383622091756,0.0,0.267059957047444
3.91311896062463,3.79808037335592,3.99795648289896,0.0723687832533899,3.85611627411733,4.13979669168059,1.0,0.283680417563259,3.91311896062463,3.82219077173812,4.01971430559588,0.0718651342252087,3.87886123077034,4.16056738042143,1.0,0.281706149651091
3.91311896062463,3.84519373617343,4.00390945616975,0.0764943433470865,3.85398329818842,4.15383561415108,1.0,0.299852315962661,3.91311896062463,3.71047646476255,3.87823824615768,0.0736342907924144,3.7339176881774,4.02255880413796,1.0,0.288641115960563
3.91311896062463,3.89911523674327,4.0463726153814,0.0731978454015196,3.90290747464849,4.18983775611431,1.0,0.286930281465818,3.91311896062463,3.84934453252908,3.99520686297399,0.0755924351372493,3.8470484126013,4.14336531334668,1.0,0.296316900745377
3.91311896062463,3.79899640695629,3.94322406235321,0.0754698187557764,3.79530593567212,4.0911421890343,1.0,0.295836253362174,3.91311896062463,3.81214808746352,4.01434526130827,0.0728598441564718,3.87154259084238,4.15714793177415,1.0,0.285605340931772
3.91311896062463,3.86717903490589,3.96721991754328,0.076018470573762,3.81822645305889,4.11621338202767,1.0,0.297986928968783,3.91311896062463,3.86522604939058,3.95539393157354,0.0720247111351059,3.81422809175183,4.09655977139525,1.0,0.282331679643417
3.91311896062463,3.82619526294352,3.93601647008545,0.0671982418492425,3.80431033623652,4.06772260393438,1.0,0.263412267697855,3.91311896062463,3.85448197759916,3.94106344390615,0.0755157857600695,3.79305522355217,4.08907166426013,1.0,0.296016440707957
3.91311896062463,3.76902708387686,3.91615130974383,0.0825145055640049,3.75442585063625,4.07787676885141,1.0,0.323450918215159,3.91311896062463,3.81498261894436,4.01159779210375,0.0888492390880644,3.83745648343736,4.18573910077014,1.0,0.348282617332789
3.91311896062463,3.91878150561223,4.03538828246031,0.0712110957089586,3.89581709957111,4.1749594653495,1.0,0.279142365778387,3.91311896062463,3.8294206810405,3.9140477778748,0.0693528230898922,3.77811874239244,4.04997681335717,1.0,0.271858070964733
3.91311896062463,3.82047313282078,3.95554854817041,0.075905888038986,3.80677574139947,4.10432135494135,1.0,0.297545613541884,3.91311896062463,3.76383725241054,3.84904847455481,0.0733471123411299,3.70529077599618,3.99280617311344,1.0,0.287515397117256
3.91311896062463,3.76985468253109,3.96047677238243,0.0755465111209149,3.81240833142779,4.10854521333708,1.0,0.296136881909296,3.91311896062463,3.72814074733469,3.94738907245693,0.0764357006829204,3.79757785198532,4.09720029292853,1.0,0.299622440943215
3.91311896062463,3.86824905912027,3.96444235148432,0.0777225830320385,3.8121088879561,4.11677581501254,1.0,0.304666927056439,3.91311896062463,3.86180771485495,3.91618991437088,0.0717414939474692,3.77557917003674,4.05680065870502,1.0,0.281221488668275
3.91311896062463,3.88063288362141,3.99457054579977,0.0708955682340693,3.85561778539749,4.13352330620205,1.0,0.277905520804555,3.91311896062463,3.84510336966961,3.97728313911502,0.0627378203498703,3.85431927076073,4.10024700746931,1.0,0.24592773670858
3.91311896062463,3.94152969320091,3.93748796528403,0.0762853931625251,3.78797134213901,4.08700458842906,1.0,0.299033246290055,3.91311896062463,3.88917672151734,3.9950671408005,0.0741128659631545,3.84980859272167,4.14032568887933,1.0,0.290517096157655
3.91311896062463,3.70270930298918,3.76689225659181,0.0861287236147319,3.59808306027253,3.93570145291109,1.0,0.337618392638558,3.91311896062463,3.77922519119559,3.86304970506123,0.0830563037513181,3.70026234101963,4.02583706910283,1.0,0.325574728083204
3.91311896062463,3.83413400986817,3.97652199123534,0.0732850745730648,3.8328858844678,4.12015809800288,1.0,0.287272213535078,3.91311896062463,3.84508024250675,3.99184751403007,0.073962254996114,3.84688415802232,4.13681087003782,1.0,0.289926712015502
3.91311896062463,3.87832019484348,3.99128119746825,0.075995512399362,3.84233273017883,4.14022966475766,1.0,0.297896934578833,3.91311896062463,3.85779530708749,3.93821907261026,0.0648590572576787,3.81109765631399,4.06534048890653,1.0,0.254242832592543
3.91311896062463,3.83254748450857,3.85428084032855,0.0767776543694109,3.70379940294704,4.00476227771006,1.0,0.300962874763019,3.91311896062463,3.89687837724045,3.91885660622718,0.0762659034072542,3.76937818230055,4.06833503015381,1.0,0.298956847853257
3.91311896062463,3.92577269182803,4.0382285543799,0.0752008583662321,3.89083758037559,4.18561952838422,1.0,0.294781948008625,3.91311896062463,3.84186114469871,4.00864332409374,0.0739842348210455,3.86363688842074,4.15364975976675,1.0,0.290012871346006
3.91311896062463,3.74852241727705,3.89288941915705,0.0743050833563843,3.74725413191029,4.03852470640381,1.0,0.29127057449352,3.91311896062463,3.80737469345076,3.94556054064417,0.074268287049854,3.79999737283297,4.09112370845536,1.0,0.291126335622393
3.91311896062463,3.92255985164005,3.94982486465727,0.0756058994827535,3.80164002465232,4.09800970466223,1.0,0.296369680009904,3.91311896062463,3.8252752288871,3.92034431112289,0.070147912421445,3.78285692918619,4.05783169305959,1.0,0.274974763873404
3.91311896062463,3.91279322776952,3.98224559240109,0.0795136230353618,3.82640175497149,4.1380894298307,1.0,0.311687674859207,3.91311896062463,3.97683225681268,4.06776890243377,0.0782493300850446,3.91440303365269,4.22113477121484,0.0,0.306731737562148
3.91311896062463,3.88140204382465,4.02038026150793,0.065412356482786,3.89217439865777,4.14858612435808,1.0,0.256411725700311,3.91311896062463,3.92689113407755,4.06287087331958,0.0688191519205009,3.92798781410881,4.19775393253036,0.0,0.269766118421545
3.91311896062463,3.81466241424936,3.98085594572208,0.0783621455083329,3.82726896277446,4.13444292866969,1.0,0.307173965895239,3.91311896062463,3.81940781068562,3.98547109694671,0.077729288537782,3.83312449086874,4.13781770302469,1.0,0.30469321215595
3.91311896062463,3.84448311225854,3.99940712462857,0.0785428352332593,3.84546599632771,4.15334825292942,1.0,0.307882256601704,3.91311896062463,3.81425541943391,3.93537016184808,0.0807457598167206,3.77711138070298,4.09362894299317,1.0,0.316517562290188
3.91311896062463,3.82348406030031,3.90332506651658,0.0676509678913794,3.7707316059302,4.03591852710296,1.0,0.265186921172758,3.91311896062463,3.90003528413105,3.94326272601129,0.0673565196466531,3.81124637337988,4.07527907864269,1.0,0.264032705262809
3.91311896062463,3.87458369070213,4.04280272160157,0.0808563611301008,3.8843271658656,4.20127827733753,1.0,0.316951111471923,3.91311896062463,3.90765042839955,4.00787013422403,0.0795902774884148,3.85187605682719,4.16386421162087,1.0,0.311988154793684
3.91311896062463,3.86688130277149,3.9659682025732,0.0758607522866521,3.81728386025124,4.11465254489515,1.0,0.297368684643905,3.91311896062463,3.80020019496855,3.91978820385981,0.0717682304360347,3.77912505697101,4.06045135074861,1.0,0.281326293777598
3.91311896062463,3.75034171078897,3.84992943726758,0.0854157785348966,3.68251758762773,4.01734128690742,1.0,0.334823699279693,3.91311896062463,3.79961902730686,3.94239498488881,0.0846485154683368,3.77648694322609,4.10830302655153,1.0,0.331816083325444
3.91311896062463,3.88119928566643,3.99343025536849,0.0726253774237224,3.85108713125436,4.13577337948261,1.0,0.284686248228248,3.91311896062463,3.9213955489121,4.03891937224986,0.077985235412582,3.88607111951532,4.19176762498439,1.0,0.305696505469076
3.91311896062463,3.83973690856392,3.9979354474792,0.0791326371340932,3.8428383286947,4.1530325662637,1.0,0.310194237568999,3.91311896062463,3.84251908428477,4.00665376572958,0.0770171266422671,3.85570297131798,4.15760456014118,1.0,0.301901588823208
3.91311896062463,3.8725371614399,3.92948518972134,0.0786764254652774,3.77528222937705,4.08368815006564,1.0,0.308405920688587,3.91311896062463,3.85092073764056,3.87218483505178,0.0786052502361176,3.71812137559323,4.02624829451033,1.0,0.308126918917099
3.91311896062463,3.82474202096991,4.03313252904602,0.0793090105324009,3.877689724753,4.18857533333903,1.0,0.310885608586027,3.91311896062463,3.74957395456122,3.93356845021943,0.0750082566785474,3.78655496858634,4.08058193185251,1.0,0.294026963266178
3.91311896062463,3.87688564879143,3.98756451274627,0.0796882634762304,3.83137838634232,4.14375063915022,1.0,0.312372252807901,3.91311896062463,3.99624945132258,4.09532781314124,0.0693132106096662,3.95947641669345,4.23117920958902,0.0,0.271702792895571
3.91311896062463,3.86418160419448,4.0062354084912,0.0801532702000861,3.84913788565593,4.16333293132648,1.0,0.314195045670553,3.91311896062463,3.81446937611379,3.87000655706318,0.0695552610976083,3.73368075037659,4.00633236374977,1.0,0.272651613373184
3.91311896062463,3.96628668083461,4.04282273978875,0.0769665031280845,3.89197116564172,4.19367431393579,1.0,0.30170314829407,3.91311896062463,3.93910951506044,4.05091731616215,0.0791871058592681,3.89571344063803,4.20612119168628,1.0,0.310407751048253
3.91311896062463,3.79044916134366,3.91095705214145,0.0866602624872435,3.74110605877566,4.08080804550723,1.0,0.33970198673157,3.91311896062463,3.74856744897045,3.88119599213707,0.0779089108608506,3.72849733277506,4.03389465149908,1.0,0.305397318724017
3.91311896062463,3.76255745811808,3.87026775814373,0.0728672467614219,3.72745057883875,4.0130849374487,1.0,0.285634358609959,3.91311896062463,3.75814940596664,3.91880144189563,0.0662882201931223,3.78887891771785,4.04872396607342,1.0,0.259845048355561
3.91311896062463,3.82968291383796,3.9162960380421,0.0779044568941381,3.76360610829443,4.06898596778976,1.0,0.305379859495328,3.91311896062463,3.8507945462849,3.96373901295352,0.0684089195498992,3.82965999441442,4.09781803149262,1.0,0.268158037078201
3.91311896062463,3.91767391180547,4.00999309347111,0.0800586211436595,3.8530810793776,4.16690510756462,1.0,0.313824028187019,3.91311896062463,3.85916285400726,3.93232329563857,0.0790792346438908,3.77733084381155,4.08731574746559,1.0,0.309984903654036
3.91311896062463,3.74975704282168,3.92418263111214,0.0656523451519727,3.79550639911368,4.0528588631106,1.0,0.257352463996919,3.91311896062463,3.86015933275879,4.03479319809279,0.0618065271370843,3.91365463089461,4.15593176529098,0.0,0.242277134396366
3.91311896062463,3.8234950235689,3.91954499753972,0.064235550098377,3.79364563281978,4.04544436225965,1.0,0.251798729439874,3.91311896062463,3.83221910105291,3.98229760300571,0.0615961323063024,3.86157140209839,4.10302380391302,1.0,0.241452401814633
3.91311896062463,3.79121365495839,3.97712773020346,0.0771640862674005,3.82588890021941,4.12836656018751,1.0,0.302477659968094,3.91311896062463,3.73495380253856,3.94098561260993,0.0797113736433747,3.7847541911107,4.09721703410916,1.0,0.31246284299846
3.91311896062463,3.75508117816816,3.84394237120661,0.0820058313542259,3.68321389523006,4.00467084718316,1.0,0.321456951953096,3.91311896062463,3.81358334934224,3.96685387653022,0.0707774120462022,3.82813269800071,4.10557505505973,1.0,0.277442357059015
3.91311896062463,3.81550394578362,3.96258312845724,0.0650459760856304,3.83509535799015,4.09007089892433,1.0,0.254975540934178,3.91311896062463,3.87131709017175,4.05696703390242,0.0636249345217276,3.93226445372112,4.18166961408373,0.0,0.24940516036261
3.91311896062463,3.89174161943149,3.95768638915766,0.0654110897518634,3.82948300905449,4.08588976926083,1.0,0.256406760206338,3.91311896062463,3.9126462537655,3.94384286592542,0.0652716905761636,3.8159127031861,4.07177302866474,1.0,0.255860325478646
3.91311896062463,3.80739749826023,3.90247522019181,0.0742084688268792,3.75702929394326,4.04792114644035,1.0,0.290891852497093,3.91311896062463,3.76361888757372,3.83715210381327,0.0756174819915578,3.68894456250822,3.98535964511833,1.0,0.296415082610118
3.91311896062463,3.83333690000148,3.95643813666766,0.0675502708985452,3.82404203856059,4.08883423477473,1.0,0.264792196214145,3.91311896062463,3.83095038032734,3.94881567164328,0.0655666955374056,3.82030730980466,4.0773240334819,1.0,0.257016723677236
3.91311896062463,3.76386991369627,3.81059667914076,0.0688573275867952,3.67563879699896,3.94555456128255,1.0,0.269915764283589,3.91311896062463,3.77049952332171,3.83233763407942,0.0713344157264717,3.69252474839733,3.97215051976151,1.0,0.279625771364184
3.91311896062463,3.95713882391725,4.08835060891879,0.0771061218397407,3.93722538712534,4.23947583071223,0.0,0.302250443586898,3.91311896062463,3.92543582826404,4.08602841463033,0.0774633906545154,3.93420295882713,4.23785387043354,0.0,0.303650911606413
3.91311896062463,3.68042778801255,3.90695267944957,0.0740500206960718,3.76181730583082,4.05208805306832,1.0,0.290270747237492,3.91311896062463,3.75672126188827,3.89825257266906,0.0685884405869104,3.76382169936295,4.03268344597517,1.0,0.268861746612219
3.91311896062463,3.84412746525754,3.95309957353971,0.0801556565243471,3.79599737359482,4.11020177348459,1.0,0.314204399889767,3.91311896062463,3.75975373445841,3.87115565808177,0.0740177216125314,3.72608358950349,4.01622772666004,1.0,0.290144137156547
3.91311896062463,3.87080404194449,4.03800593628398,0.0650869610006184,3.91043783685961,4.16557403570836,1.0,0.255136198848751,3.91311896062463,3.84430461973648,4.02262324165535,0.0660036513770313,3.89325846210823,4.15198802120247,1.0,0.258729559094238
3.91311896062463,3.94635167893338,3.98790861270605,0.0727791965528484,3.8452640086387,4.13055321677339,1.0,0.285289208134689,3.91311896062463,3.84394207664231,3.95266997730849,0.0698990994824223,3.81567025977116,4.08966969484582,1.0,0.27399943507466
3.91311896062463,3.79581170483197,3.88677957032329,0.0758350605896001,3.73814558280226,4.03541355784432,1.0,0.297267975042058,3.91311896062463,3.89625310634877,3.95772470776219,0.0829562749999274,3.79513339647073,4.12031601905365,1.0,0.325182622582916
3.91311896062463,3.76474878643142,3.80330503727503,0.0630163290036747,3.6797953019899,3.92681477256016,1.0,0.247019470570258,3.91311896062463,3.72820533687945,3.80702351462839,0.0667351425633464,3.67622503870109,3.93782199055569,1.0,0.261596951854609
3.91311896062463,3.95305408811446,4.10094491839144,0.0793168439755178,3.94548676083204,4.25640307595084,0.0,0.310916315118796,3.91311896062463,3.93875051572711,4.04059378695517,0.0871346866798292,3.86981293925852,4.21137463465181,1.0,0.341561695393294
3.91311896062463,3.9008195505923,4.0101484366155,0.0795261720675916,3.85428000353468,4.16601686969631,1.0,0.311736866161629,3.91311896062463,3.87413765245062,4.02096268882014,0.0786198535615005,3.86687060736978,4.17505477027049,1.0,0.308184162900708
3.91311896062463,3.83288722311967,3.93982965499005,0.0721642234432645,3.79839037606895,4.08126893391115,1.0,0.282878557842199,3.91311896062463,3.84595828389373,3.86326461798916,0.0675217648389426,3.73092439073225,3.99560484524607,1.0,0.264680454513821
3.91311896062463,3.82951216765789,4.0573888343726,0.0723950047080868,3.91549723248414,4.19928043626105,0.0,0.283783203776915,3.91311896062463,3.82837291135824,4.03116379401747,0.0745990456986356,3.88495235116709,4.17737523686786,1.0,0.292422885700767
3.91311896062463,3.89946038068306,4.02534066059128,0.0759270324378123,3.87652641156017,4.1741549096224,1.0,0.297628498062233,3.91311896062463,3.90293120199782,4.04524241380418,0.0702955935151164,3.90746558224269,4.18301924536568,1.0,0.275553663122991
3.91311896062463,3.74544410735027,3.75162864291359,0.0696494027525162,3.61511832197393,3.88813896385325,0.0,0.273020641879313,3.91311896062463,3.74489096165602,3.80644538984895,0.0730754508125961,3.66322013810223,3.94967064159566,1.0,0.286450503493433
3.91311896062463,3.76642083625272,3.92078160277432,0.083722010761184,3.75668947696913,4.08487372857952,1.0,0.328184251610391,3.91311896062463,3.83612832287948,4.02704220180939,0.077645487471498,3.8748598428032,4.17922456081558,1.0,0.304364718012384
3.91311896062463,3.80486805359189,3.89930437551352,0.0735307223050893,3.75518680803833,4.04342194298871,1.0,0.288235134950382,3.91311896062463,3.91435929519165,3.99315339780923,0.0721058106142777,3.85182860592918,4.13447818968928,1.0,0.2826495837601
3.91311896062463,3.86477453553979,4.04384965440234,0.0679721911669747,3.9106266077648,4.17707270103989,1.0,0.266446093275084,3.91311896062463,3.94046175630294,4.10213937501699,0.0694852395793876,3.96595080798425,4.23832794204973,0.0,0.272377134065473
3.91311896062463,3.84494032002892,3.89891526171445,0.0716393499165817,3.75850471600209,4.03932580742682,1.0,0.280821091424725,3.91311896062463,3.84633401501782,3.9388276458576,0.0674751786233538,3.80657872590542,4.07107656580978,1.0,0.264497839904361
3.91311896062463,3.87821477856785,3.95498767776641,0.0797117794099266,3.79875546097935,4.11121989455347,1.0,0.312464433574115,3.91311896062463,3.82490180635993,3.87740017010424,0.0769269162365186,3.72662618483893,4.02817415536954,1.0,0.301547970530612
3.91311896062463,3.8610120946903,3.96534471792486,0.085256604418454,3.79824484382051,4.1324445920292,1.0,0.334199748208697,3.91311896062463,3.86341125003023,3.97076065436701,0.0789678053424339,3.81598659995767,4.12553470877635,1.0,0.30954810881868
3.91311896062463,3.79510749156297,3.891542449859,0.0717681563564686,3.75087944816349,4.03220545155452,1.0,0.281326003391035,3.91311896062463,3.86614605325237,4.00841137081953,0.0725577246217828,3.86620084376066,4.1506218978784,1.0,0.284421054117738
3.91311896062463,3.87815428355718,3.98334495986044,0.0800851916593611,3.8263808685131,4.14030905120778,1.0,0.313928182694671,3.91311896062463,3.89014431015105,3.97415630659879,0.0781319119713619,3.82102057309167,4.12729204010591,1.0,0.306271467014247
3.91311896062463,3.86585892355947,3.88383287424978,0.0802665698317703,3.72651328821694,4.04115246028262,1.0,0.314639172065678,3.91311896062463,3.83855088852206,3.86242987528053,0.0744956940421523,3.7164209979546,4.00843875260646,1.0,0.292017754651867
3.91311896062463,3.94482289528086,4.06037145759058,0.083413671317835,3.89688366598936,4.2238592491918,1.0,0.326975583202437,3.91311896062463,3.89712268257474,4.02555447232939,0.0817892662010375,3.8652504562534,4.18585848840538,1.0,0.320608032151986
3.91311896062463,3.94336524348013,4.04070097668617,0.0787224438997095,3.88640782186776,4.19499413150457,1.0,0.30858630963681,3.91311896062463,3.87974589041967,3.99740453084811,0.0725259268966671,3.85525632618526,4.13955273551096,1.0,0.284296409325704
3.91311896062463,3.86382558823495,3.94769387350434,0.075754035115973,3.79921869299345,4.09616905401523,1.0,0.296950361021779,3.91311896062463,3.8545375786398,3.98225891987836,0.0743066608028919,3.83662054089326,4.12789729886346,1.0,0.291276757970204
3.91311896062463,3.79120406027447,3.91141250694457,0.0644824771009986,3.78502917419268,4.03779583969645,1.0,0.252766665503771,3.91311896062463,3.80398056076882,3.94950838423287,0.0642581785113901,3.8235646686384,4.07545209982734,1.0,0.25188743118894
3.91311896062463,3.90718660555425,4.03193571847688,0.0718628977098022,3.89108702714098,4.17278440981277,1.0,0.281697382671796,3.91311896062463,3.81238328389647,3.99764221362722,0.0770210779649682,3.84668367476543,4.14860075248901,1.0,0.301917077723578
3.91311896062463,3.78575109605211,3.91487495973343,0.0695742570278273,3.77851192170776,4.05123799775911,1.0,0.272726076051349,3.91311896062463,3.77397091607792,3.86805267914259,0.0664126688456979,3.73788624008784,3.99821911819735,1.0,0.260332878109506
3.91311896062463,3.81037524677204,3.80377784974636,0.0771973328039509,3.65247385774807,3.95508184174466,1.0,0.302607983996593,3.91311896062463,3.75955846612903,3.83635117745514,0.0755931760472889,3.68819127492545,3.98451107998482,1.0,0.296319805059364
3.91311896062463,3.93116013536483,3.99181854611166,0.0714667570611812,3.85174627617987,4.13189081604345,1.0,0.280144539863577,3.91311896062463,3.88879764795831,3.9639632839376,0.0734617021624764,3.81998099345613,4.10794557441906,1.0,0.287964580962924
3.91311896062463,3.81400778620496,3.94490377969672,0.0854235633213611,3.77747667215578,4.11233088723767,1.0,0.334854215081889,3.91311896062463,3.8889380503593,4.011846018048,0.0784517808706665,3.85808335301846,4.16560868307753,1.0,0.30752533005907
3.91311896062463,3.80166947653422,3.91046703677765,0.0775403773558514,3.75849068981253,4.06244338374276,1.0,0.303952693930228,3.91311896062463,3.86250550067012,3.96425079717168,0.0765929963457071,3.81413128286609,4.11437031147728,1.0,0.300239028611188
3.91311896062463,3.84390340614282,3.97785137056984,0.0777581231401367,3.82544824970974,4.13025449142993,1.0,0.304806241720197,3.91311896062463,3.89975490437231,4.052072074785,0.0769925562467259,3.90116943746374,4.20297471210625,1.0,0.301805274642514
3.91311896062463,3.80890923256938,3.94280959058156,0.0766210394871573,3.79263511272872,4.09298406843441,1.0,0.300348955705699,3.91311896062463,3.82032738935294,3.94896092846134,0.0790166038515747,3.79409123073158,4.10383062619109,1.0,0.30973939545951
3.91311896062463,3.8255178671527,3.91918379701101,0.0755459954401532,3.77111636677208,4.06725122724994,1.0,0.296134860477855,3.91311896062463,3.83743406883008,3.92210581604587,0.0722691206185743,3.78046094243908,4.06375068965265,1.0,0.283289747213574
3.91311896062463,3.76093817206419,3.82895808494411,0.0795862419638817,3.67297191703001,3.98494425285821,1.0,0.311972335828197,3.91311896062463,3.84500532275078,3.86488700887613,0.0746879485973303,3.71850131954619,4.01127269820608,1.0,0.292771378659892
3.91311896062463,3.87284114746239,3.97497854546595,0.0728554092064158,3.83218456734245,4.11777252358945,1.0,0.285587956247005,3.91311896062463,3.81294500647667,3.91553159361161,0.0700402931696429,3.77825514153248,4.05280804569073,1.0,0.274552904158254
3.91311896062463,3.8169764390735,3.9964831928311,0.0747081710481498,3.85005786822586,4.14290851743633,1.0,0.292850649210463,3.91311896062463,3.78647761849468,3.92828691130512,0.0748825369590973,3.7815198357943,4.07505398681594,1.0,0.29353415102164
3.91311896062463,3.63355294422762,3.78295704916203,0.0778886925327317,3.63029801699496,3.93561608132909,1.0,0.305318064334136,3.91311896062463,3.75997544676713,3.9128193846379,0.0707097036857517,3.77423091205633,4.05140785721947,1.0,0.277176945163145
3.91311896062463,3.86787374278574,3.96006119735404,0.0734100773342257,3.81618008967666,4.10394230503142,1.0,0.287762215354765,3.91311896062463,3.86734710474673,3.94767345930245,0.0729321185638444,3.80472913360111,4.09061778500379,1.0,0.28588865140268
3.91311896062463,3.79473280556189,3.89540917569541,0.0639828876555232,3.77000502026371,4.02081333112711,1.0,0.250808310863395,3.91311896062463,3.77884831370281,3.87963708589376,0.0773431057158594,3.7280473842382,4.03122678754932,1.0,0.303179403311117
3.91311896062463,3.88198581164532,3.98339483303332,0.0745513796193814,3.83727681398156,4.12951285208508,1.0,0.292236038103522,3.91311896062463,3.83857728174605,3.99187793946113,0.0740840918408625,3.84667578762568,4.13708009129658,1.0,0.290404303670897
3.91311896062463,3.92899818092978,4.04750538114615,0.0715544059690143,3.90726132251172,4.18774943978057,1.0,0.280488117268852,3.91311896062463,3.8545464997515,3.99178496288089,0.073972913187833,3.84680071720123,4.13676920856055,1.0,0.289968491359321
3.91311896062463,3.86812540136663,3.97971474211345,0.0789120671624472,3.82504993252945,4.13437955169745,1.0,0.309329619168004,3.91311896062463,3.84327478760376,3.96227628123347,0.0763846435380861,3.81256513092689,4.11198743154005,1.0,0.299422300613158
3.91311896062463,3.78259327415177,3.93369009303885,0.0767007095455677,3.78335946474087,4.08402072133683,1.0,0.30066125659596,3.91311896062463,3.6940058438331,3.79026551173883,0.0780310886331067,3.63732738834349,3.94320363513418,1.0,0.305876246790683
3.91311896062463,3.76855696722666,3.92309634185856,0.0755685011294836,3.7749848012791,4.07120788243803,1.0,0.296223081158925,3.91311896062463,3.84576494824285,4.03789543228108,0.0738575521193075,3.89313729014094,4.18265357442121,1.0,0.289516284280265
3.91311896062463,3.89096729128962,3.92103406309605,0.0750895544557854,3.77386124074755,4.06820688544455,1.0,0.294345644696997,3.91311896062463,3.85969896071354,3.88838647867347,0.0645389378635774,3.76189248486039,4.01488047248655,1.0,0.25298798762616
3.91311896062463,3.92012528114343,3.97853546787243,0.0796777181457581,3.82237000993641,4.13470092580845,1.0,0.312330915872038,3.91311896062463,3.89538717159882,3.93026468897558,0.074851207452887,3.78355901816858,4.07697035978257,1.0,0.293411341613989
3.91311896062463,3.95651580329401,4.07438430204997,0.0683232905464018,3.94047311327376,4.20829549082619,0.0,0.267822377552427,3.91311896062463,3.95814269014645,4.08007217565664,0.0714318854859127,3.94006825275647,4.22007609855682,0.0,0.280007845800357
3.91311896062463,3.7381605444904,3.87281776778293,0.0685419006841394,3.73847811101009,4.00715742455576,1.0,0.268679313545669,3.91311896062463,3.72600114970155,3.88760555526506,0.069486623935071,3.75141427494504,4.02379683558507,1.0,0.272382560640036
3.91311896062463,3.74017967890537,3.89372713469263,0.0752727546426918,3.74619524657584,4.04125902280943,1.0,0.295063776233592,3.91311896062463,3.7850660633583,3.89800890950145,0.0762826685644929,3.74849762647044,4.04752019253246,1.0,0.299022566062023
3.91311896062463,4.04823402312211,4.2208675161525,0.080696212926546,4.06270584512769,4.3790291871773,0.0,0.316323342049612,3.91311896062463,4.02789609999034,4.22685487844948,0.0763602669668043,4.07719150534468,4.37651825155428,0.0,0.2993267462096
3.91311896062463,3.84147202343529,4.04626863222074,0.0807767270966884,3.88794915632221,4.20458810811927,1.0,0.31663895179706,3.91311896062463,3.93954259879031,4.08754972365068,0.0761977293460749,3.93820491842864,4.23689452887271,0.0,0.298689610444075
3.91311896062463,3.72178993581652,3.95128513400845,0.0741543480733855,3.80594528248757,4.09662498552933,1.0,0.290679703041765,3.91311896062463,3.7070123454206,3.90728061483677,0.0756424826411047,3.75902407315901,4.05553715651453,1.0,0.296513083355523
3.91311896062463,3.88331968083783,3.95234025911532,0.0657875049154893,3.82339911884821,4.08128139938243,1.0,0.257882280534221,3.91311896062463,3.89563893481154,3.97968345881944,0.0742055047338132,3.83424334208655,4.12512357555233,1.0,0.290880233465781
3.91311896062463,3.89345535614526,4.1058721330221,0.0828748254171194,3.9434404599795,4.2683038060647,0.0,0.324863346085197,3.91311896062463,3.85779185207161,4.10444180342327,0.0765320307586136,3.95444177947267,4.25444182737386,0.0,0.300000047901188
3.91311896062463,3.83438178506894,3.99133584423593,0.0797557469328602,3.83501745268743,4.14765423578442,1.0,0.312636783096994,3.91311896062463,3.85527351961428,3.90740316307777,0.0773850618776415,3.75573122885619,4.05907509729935,1.0,0.303343868443161
3.91311896062463,3.84271023614422,3.94090669791002,0.0808835108243215,3.7823779297512,4.09943546606885,1.0,0.317057536317652,3.91311896062463,3.87375947493268,3.94117760200763,0.0812384949408567,3.78195307776532,4.10040212624995,1.0,0.318449048484637
3.91311896062463,3.80066209665569,3.9026058767666,0.0724486313141087,3.76060916866173,4.04460258487147,1.0,0.283993416209747,3.91311896062463,3.82988880911208,3.99336295943476,0.078717425219694,3.83907964104843,4.14764627782108,1.0,0.30856663677265
3.91311896062463,3.79833480045744,3.86370287957131,0.0844841880195135,3.69811691378996,4.02928884535267,1.0,0.331171931562714,3.91311896062463,3.71449881973451,3.81154033066163,0.0771836788611024,3.66026309989957,3.9628175614237,1.0,0.302554461524132
3.91311896062463,3.86021700183956,3.99697412305093,0.0765975824111405,3.84684562022226,4.14710262587961,1.0,0.300257005657349,3.91311896062463,3.8452901367222,3.92281271672261,0.0750488488618074,3.77571967587227,4.06990575757294,1.0,0.294186081700664
3.91311896062463,3.84292697075449,3.98677762688852,0.0754970247919764,3.83880617735632,4.13474907642072,1.0,0.295942899064402,3.91311896062463,3.79490787686873,3.95587823577758,0.0682754816433455,3.82206075072949,4.08969572082566,1.0,0.267634970096166
3.91311896062463,3.90494630016299,4.03438465199221,0.0765211028564609,3.88440604633626,4.18436325764815,1.0,0.299957211311897,3.91311896062463,3.87719377190128,3.9672823856258,0.069456460201227,3.83115022513776,4.10341454611385,1.0,0.272264320976089
3.91311896062463,3.74121755020715,3.87513311120832,0.0827703124624407,3.71290627979281,4.03735994262383,1.0,0.32445366283102,3.91311896062463,3.69512859565904,3.84403453727859,0.0837969139014803,3.67979560401608,4.00827347054109,1.0,0.32847786652501
3.91311896062463,3.7528078045094,3.80894089088665,0.076890337368012,3.65823859888621,3.95964318288709,1.0,0.301404584000876,3.91311896062463,3.78569510557208,3.85742205679501,0.0730759447054539,3.71419583703608,4.00064827655394,1.0,0.28645243951786
3.91311896062463,3.73991390437258,3.85715923109559,0.0786432946372951,3.70302120598092,4.01129725621026,1.0,0.30827605022934,3.91311896062463,3.74976697470582,3.82487042582523,0.0804679888756665,3.66715606572055,3.9825847859299,1.0,0.315428720209352
3.91311896062463,3.90492576410177,4.04381175923887,0.0830810862540497,3.88097582238447,4.20664769609327,1.0,0.325671873708806,3.91311896062463,3.88485651418021,3.97494005901797,0.0771749651312152,3.82367990685265,4.12620021118328,1.0,0.302520304330632
3.91311896062463,3.83392957753519,3.89574340352037,0.0739388328179684,3.75082595413822,4.04066085290251,1.0,0.289834898764292,3.91311896062463,3.78181483509118,3.86959406821572,0.0827753813219617,3.7073573020181,4.03183083441333,1.0,0.324473532395229
3.91311896062463,3.83785820469428,3.9955488485823,0.0759220873154086,3.846744291813,4.14435340535161,1.0,0.297609113538612,3.91311896062463,3.8175744537456,3.90491371062737,0.0695446064303576,3.76860878670486,4.04121863454989,1.0,0.272609847845027
3.91311896062463,3.82295969914086,3.88650740253503,0.072625421700164,3.74416419164067,4.02885061342938,1.0,0.28468642178871,3.91311896062463,3.82070098274472,3.88807633539385,0.0704096249247104,3.75007600637644,4.02607666441125,1.0,0.276000658034812
3.91311896062463,3.80944825248281,3.89600508714369,0.0717965653007084,3.75528640494062,4.03672376934675,1.0,0.281437364406134,3.91311896062463,3.73641973318274,3.8837201857325,0.0693120083334555,3.74787114570279,4.01956922576221,1.0,0.271698080059426
3.91311896062463,3.89112767636859,4.04075722370298,0.0821438120558572,3.87975831052067,4.20175613688529,1.0,0.321997826364614,3.91311896062463,3.94073234637836,4.04930503932388,0.0839030277579702,3.88485812672439,4.21375195192336,1.0,0.328893825198972
3.91311896062463,3.84802424801329,3.95344877095124,0.075447538979837,3.80557431182858,4.1013232300739,1.0,0.295748918245325,3.91311896062463,3.85592591557905,4.00856943873553,0.0754126418389401,3.86076337675219,4.15637550071887,1.0,0.295612123966682
3.91311896062463,3.7693435164916,3.91888349180559,0.0779660232279801,3.76607289426094,4.07169408935025,1.0,0.305621195089309,3.91311896062463,3.81010952516027,4.02997065971924,0.0766576808187961,3.87972436617603,4.18021695326245,1.0,0.300492587086414
3.91311896062463,3.75940372451233,3.84045826701002,0.0840615286690248,3.67570069833335,4.00521583568669,1.0,0.32951513735334,3.91311896062463,3.77788744535237,3.83579311436029,0.0835451487300498,3.67204763176635,3.99953859695423,1.0,0.32749096518788
3.91311896062463,3.82870084136942,3.96799663803092,0.0651856509558638,3.84023510984863,4.09575816621321,1.0,0.255523056364584,3.91311896062463,3.76378697526543,3.90529124396448,0.0703721200055973,3.76736442323778,4.04321806469118,1.0,0.275853641453402
3.91311896062463,3.73744655261079,3.90862178225753,0.0837728489577848,3.74443001541796,4.07281354909711,1.0,0.328383533679144,3.91311896062463,3.71244288179586,3.84698873747654,0.0680892511502956,3.71353625748766,3.98044121746542,1.0,0.266904959977763
3.91311896062463,3.88711335671077,3.97247383040013,0.064272516340059,3.84650201317786,4.09844564762241,1.0,0.251943634444555,3.91311896062463,3.89631508678549,4.03048158325187,0.0717250795876678,3.88990301047177,4.17106015603196,1.0,0.281157145560196
3.91311896062463,3.88903641290727,4.05120917846893,0.0695875013928075,3.9148201819649,4.18759817497296,0.0,0.272777993008066,3.91311896062463,3.93411453899871,4.03027987332853,0.0727845166754078,3.88762484201258,4.17293490464449,1.0,0.285310062631908
3.91311896062463,3.8158697060825,3.89844541427384,0.0687754439200648,3.76364802116976,4.03324280737792,1.0,0.269594786208162,3.91311896062463,3.81275083942256,3.883464660791,0.0710775330397995,3.74415525592304,4.02277406565896,1.0,0.278618809735926
3.91311896062463,3.94370390619604,3.99305838958813,0.0726986374527733,3.85057167845556,4.1355451007207,1.0,0.284973422265141,3.91311896062463,3.91913072072845,4.0438571077485,0.0714115557087489,3.90389303047937,4.18382118501762,1.0,0.279928154538247
3.91311896062463,3.9028554436832,4.00963909626912,0.0630101690548597,3.88614143426181,4.13313675827643,1.0,0.246995324014611,3.91311896062463,3.90460517462721,4.01167654169694,0.0708445146114327,3.87282384455631,4.15052923883757,1.0,0.277705394281259
3.91311896062463,3.85659726446063,3.9841944236196,0.0767988137300438,3.83367151465331,4.13471733258588,1.0,0.301045817932573,3.91311896062463,3.84071627401708,3.98837231739942,0.0744199220757754,3.84251195039862,4.13423268440021,1.0,0.291720734001594
3.91311896062463,3.82123468653891,3.95123142135841,0.0692398189610513,3.81552386989867,4.08693897281814,1.0,0.271415102919468,3.91311896062463,3.85196912164935,3.94668056848169,0.0690205182056461,3.81140283860433,4.08195829835905,1.0,0.270555459754715
3.91311896062463,3.89788420942059,3.99628257788429,0.0748164263818456,3.84964507672388,4.1429200790447,1.0,0.293275002320819,3.91311896062463,3.87346171772787,3.96793780772468,0.0771299666987486,3.81676585086636,4.119109764583,1.0,0.302343913716642
3.91311896062463,3.83370026761484,3.9471024217179,0.0781102665409314,3.79400911247485,4.10019573096095,1.0,0.3061866184861,3.91311896062463,3.86447346868553,4.02144085922642,0.0728064691498757,3.87874280185114,4.16413891660171,1.0,0.285396114750565
3.91311896062463,3.89199562151858,4.03508977642571,0.0857029401928248,3.86711510027859,4.20306445257284,1.0,0.335949352294254,3.91311896062463,3.94401067625045,4.03136241053257,0.0899752156401748,3.85501422837661,4.20771059268854,1.0,0.352696364311935
3.91311896062463,3.90780050335449,4.03367180987087,0.0796921428339765,3.87747808006546,4.18986553967629,1.0,0.312387459610832,3.91311896062463,3.91308667919417,4.01316525755415,0.0708221648655945,3.87435636511042,4.15197414999787,1.0,0.277617784887447
3.91311896062463,3.86492321108371,3.95121955297085,0.0707759523620048,3.8125012353698,4.0899378705719,1.0,0.277436635202104,3.91311896062463,3.87231361498246,4.00838030464934,0.0695868557260632,3.87199257362887,4.14476803566981,1.0,0.272775462040937
3.91311896062463,3.72319461273959,3.80210573076446,0.0734579878395055,3.65813072022224,3.94608074130667,1.0,0.287950021084424,3.91311896062463,3.76227172444539,3.87670888327082,0.0756172385232581,3.72850181915486,4.02491594738678,1.0,0.296414128231921
3.91311896062463,3.8805197092537,3.97286664047965,0.0794643325914723,3.81711941054485,4.12861387041445,1.0,0.311494459869596,3.91311896062463,3.92134140316281,3.96976791319395,0.0833364930781509,3.8064313881629,4.133104438225,1.0,0.326673050062095
3.91311896062463,3.83846024310108,3.95141192119746,0.0771527506387521,3.80019530863731,4.10262853375762,1.0,0.302433225120307,3.91311896062463,3.79490731333296,3.89206038717839,0.0831896594952812,3.72901165068148,4.05510912367529,1.0,0.326097472993803
3.91311896062463,3.7798866764905,3.87902750418422,0.0740110771383024,3.73396845853613,4.02408654983231,1.0,0.290118091296176,3.91311896062463,3.81847471600788,3.89743805230547,0.0809656318383736,3.73874832991672,4.05612777469421,1.0,0.317379444777484
3.91311896062463,3.80038143138245,3.92513245352803,0.0822263043199367,3.76397185847913,4.08629304857694,1.0,0.322321190097813,3.91311896062463,3.79527159028993,3.96241516668144,0.0769074271830224,3.81167937925908,4.1131509541038,1.0,0.301471574844721
3.91311896062463,3.79442026656873,3.91685605592291,0.0718226970887306,3.77608615635647,4.05762595548935,1.0,0.281539799132883,3.91311896062463,3.79428032860605,3.88107755200125,0.0717274176520146,3.74049439669924,4.02166070730326,1.0,0.281166310604023
3.91311896062463,3.82492431305101,3.92855158105853,0.0730783119584233,3.78532072156904,4.07178244054803,1.0,0.286461718978985,3.91311896062463,3.8616264195363,3.98526760945377,0.0736903285985115,3.84083721939176,4.12969799951577,1.0,0.288860780124009
3.91311896062463,3.79513575801273,3.87115628870711,0.0744528300690878,3.72523142322462,4.01708115418961,1.0,0.291849730964986,3.91311896062463,3.87886694537123,4.02472252123648,0.0681557208145925,3.89113976309951,4.15830527937345,1.0,0.267165516273936
3.91311896062463,3.89589862097096,3.95669211642774,0.0621282494055738,3.83492298517029,4.07846124768519,1.0,0.243538262514894,3.91311896062463,3.92291746994091,4.00492524927281,0.0646799735990323,3.87815483049771,4.13169566804792,1.0,0.25354083755021
3.91311896062463,3.85325733538117,4.05221395391271,0.0747958995483851,3.9056166846066,4.19881122321882,1.0,0.293194538612221,3.91311896062463,3.82437887133205,3.95285971034011,0.0673475549241381,3.82086092824197,4.08485849243825,1.0,0.263997564196288
3.91311896062463,3.89702167616264,4.06075710719724,0.0737248122174151,3.91625913048412,4.20525508391035,0.0,0.288995953426225,3.91311896062463,3.89512025741521,4.00996162261427,0.0711194955470672,3.87056997274336,4.14935327248518,1.0,0.278783299741817
3.91311896062463,3.77913799049999,3.95266648759549,0.0675945584099126,3.82018358756117,4.08514938762981,1.0,0.264965800068635,3.91311896062463,3.85752381577418,3.97391110392204,0.077168664377746,3.82266330100659,4.12515890683748,1.0,0.302495605830883
3.91311896062463,3.78908239660311,3.80833751664106,0.0821018511693401,3.64742084528508,3.96925418799703,1.0,0.321833342711948,3.91311896062463,3.79856954219647,3.87658152700903,0.0780633724117507,3.72358012857026,4.0295829254478,1.0,0.306002796877538
3.91311896062463,3.80663968806919,3.99850603783892,0.0773468250344125,3.84690904645295,4.15010302922489,1.0,0.303193982771939,3.91311896062463,3.80335472389071,3.96640355918092,0.0722834822369189,3.82473053731942,4.10807658104242,1.0,0.283346043723003
3.91311896062463,3.78461533226075,3.87493644277364,0.0845167805797418,3.70928659674808,4.04058628879921,1.0,0.331299692051136,3.91311896062463,3.84297525124274,3.92561198159558,0.0779384421661299,3.77285544193881,4.07836852125235,1.0,0.305513079313545
3.91311896062463,3.86541818564448,4.02825842924058,0.0759479959905393,3.87940309240113,4.17711376608003,1.0,0.297710673678899,3.91311896062463,3.92842570937265,4.08666102917907,0.0700972059443392,3.94927303011128,4.22404902824687,0.0,0.274775998135583
3.91311896062463,3.85645815422408,4.00174535684946,0.0706992190826383,3.86317743371238,4.14031327998654,1.0,0.277135846274156,3.91311896062463,3.85358128094539,3.96417519562272,0.0699389329874275,3.8270974058502,4.10125298539524,1.0,0.274155579545036
3.91311896062463,3.92909308215833,4.00318561254719,0.0777860487111168,3.85072775857372,4.15564346652065,1.0,0.304915707946934,3.91311896062463,3.9252530707671,4.01231937654699,0.078990008868937,3.85750180402537,4.1671369490686,1.0,0.309635145043231
3.91311896062463,3.96584591530038,4.07501048900192,0.068054840729224,3.94162545219903,4.2083955258048,0.0,0.266770073605777,3.91311896062463,3.90952116029219,4.01721025559961,0.0756501146671238,3.86893875542572,4.16548175577349,1.0,0.296543000347776
3.91311896062463,3.91158985312093,4.04331455045736,0.0660369904686213,3.91388442749145,4.17274467342327,0.0,0.258860245931825,3.91311896062463,3.860284601275,4.042513885129,0.0671622047772052,3.91087838264338,4.17414938761463,1.0,0.263271004971252
3.91311896062463,3.8658912555068,3.95849461942263,0.0790534038013528,3.80355279511668,4.11343644372858,1.0,0.309883648611907,3.91311896062463,3.87006770165136,3.96441134834838,0.0747102432554017,3.81798196229157,4.11084073440519,1.0,0.292858772113627
3.91311896062463,3.73672506556898,3.89237877476533,0.0772750659252704,3.74092242864884,4.04383512088182,1.0,0.302912692232976,3.91311896062463,3.79533542151951,3.95733313458248,0.0744278877412407,3.81145715516426,4.1032091140007,1.0,0.291751958836444
3.91311896062463,3.64713476828506,3.75452729043281,0.075366276516092,3.60681210281239,3.90224247805324,0.0,0.295430375240854,3.91311896062463,3.7395915412697,3.82787047134202,0.0804060930686928,3.6702774247898,3.98546351789423,1.0,0.315186093104427
3.91311896062463,3.75049642154217,3.93719773051935,0.0629267010173041,3.81386366285951,4.06053179817918,1.0,0.246668135319672,3.91311896062463,3.73246627398306,3.8378742767451,0.0634901464794186,3.71343587627227,3.96231267721793,1.0,0.248876800945665
3.91311896062463,3.84226033163211,3.97112456552124,0.0736686958076709,3.82673657495017,4.11551255609231,1.0,0.288775981142144,3.91311896062463,3.9033669976272,4.0521594002851,0.0753839627657205,3.90440954825238,4.19990925231782,1.0,0.295499704065441
3.91311896062463,3.87069998256148,3.86637162791469,0.0673785730817166,3.73431205134483,3.99843120448456,1.0,0.264119153139729,3.91311896062463,3.86837481980199,3.93976757747454,0.064641581201986,3.81307240641492,4.06646274853415,1.0,0.253390342119228
3.91311896062463,3.91009667255674,3.99996846328323,0.0726386964908155,3.85759923427729,4.14233769228916,1.0,0.284738458011869,3.91311896062463,3.89994902296842,4.03835469183392,0.0741279152057322,3.89306664778164,4.18364273588619,1.0,0.290576088104548
3.91311896062463,3.8581243737835,3.97916307299,0.0687389822599953,3.84443714342647,4.11388900255353,1.0,0.269451859127057,3.91311896062463,3.78343835423628,3.89523239479132,0.0696150572746015,3.75878938975141,4.03167539983123,1.0,0.272886010079824
3.91311896062463,3.68734338474096,3.72865287595661,0.0724695538273583,3.58661516047931,3.87069059143392,0.0,0.284075430954618,3.91311896062463,3.6684517806579,3.74751829524202,0.0727003058184924,3.60502831417273,3.89000827631131,0.0,0.284979962138586
3.91311896062463,3.96131342328464,4.08317819635625,0.0659730794839855,3.95387333661844,4.21248305609406,0.0,0.25860971947562,3.91311896062463,3.91452427687384,4.01409005379388,0.0663997680338952,3.88394889986563,4.14423120772213,1.0,0.260282307856497
3.91311896062463,3.73186281473036,3.86979048833559,0.0763829026026702,3.72008275019973,4.01949822647146,1.0,0.299415476271729,3.91311896062463,3.72806666837921,3.87336244348235,0.0704266171921087,3.73532881023283,4.01139607673187,1.0,0.276067266499044
3.91311896062463,3.84166233388553,3.91011872395826,0.0825176941671409,3.74838701530337,4.07185043261314,1.0,0.323463417309774,3.91311896062463,3.90330240440083,3.92981903798743,0.0831081605538791,3.76693003648045,4.0927080394944,1.0,0.325778003013951
3.91311896062463,3.79519843200635,3.86199525774579,0.0669829343599178,3.73071111882154,3.99327939667004,1.0,0.262568277848499,3.91311896062463,3.86093085036567,3.95152223223158,0.0711384631908887,3.8120934064619,4.09095105800125,1.0,0.27885765153934
3.91311896062463,3.95557001851075,4.07184073557992,0.0780322437330056,3.91890034823038,4.22478112292947,0.0,0.305880774699085,3.91311896062463,3.83819487068043,3.93388702865129,0.0700338964993703,3.79662311381552,4.07115094348706,1.0,0.274527829671543
3.91311896062463,3.9924338232411,4.12828643235455,0.0675341666872784,3.99592189792156,4.26065096678754,0.0,0.26472906886598,3.91311896062463,3.85958846088979,3.99434230437467,0.0649846349490315,3.86697476032608,4.12170984842325,1.0,0.254735088097169
3.91311896062463,3.83236818761599,3.93714372455669,0.0743661044751988,3.79138883811476,4.08289861099863,1.0,0.291509772883865,3.91311896062463,3.79636348390928,3.91077135825209,0.0711309750844552,3.77135720890134,4.05018550760284,1.0,0.278828298701496
3.91311896062463,3.77791115049283,3.86850880327152,0.0730069801642109,3.72541775152964,4.01159985501341,1.0,0.286182103483767,3.91311896062463,3.75476386261321,3.84112583945754,0.0748109140702321,3.69449914222937,3.98775253668572,1.0,0.293253394456351
3.91311896062463,3.83865770998203,3.89955918821017,0.0765833779260733,3.74945852566065,4.04965985075969,1.0,0.300201325099046,3.91311896062463,3.87322408814816,3.91793694639357,0.0675981611661593,3.78544698508676,4.05042690770038,1.0,0.264979922613612
3.91311896062463,3.83942709030742,3.92601492574305,0.0705985223083023,3.78764436465703,4.06438548682907,1.0,0.276741122172039,3.91311896062463,3.88783162882936,3.98737850184435,0.0740459449904988,3.84225111646174,4.13250588722696,1.0,0.290254770765224
3.91311896062463,3.80303292351881,3.94229558663084,0.0793987608040471,3.78667687503779,4.09791429822388,1.0,0.311237423186085,3.91311896062463,3.8137998217107,3.91641704672917,0.0681638250614997,3.78281840456014,4.0500156888982,1.0,0.267197284338057
3.91311896062463,3.80141337191885,3.93445450925661,0.077034259680174,3.78347013470776,4.08543888380546,1.0,0.301968749097694,3.91311896062463,3.86519428193082,3.985264538555,0.0785124423171002,3.83138297927521,4.1391460978348,1.0,0.307763118559589
3.91311896062463,3.7209614163002,3.91848813590234,0.0673382450799018,3.7865076007636,4.05046867104108,1.0,0.263961070277478,3.91311896062463,3.75806791607726,3.91471545217463,0.0655552108242699,3.78622959996013,4.04320130438913,1.0,0.256971704428999
3.91311896062463,3.87980356683723,3.97402065907793,0.0807973501786452,3.81566076268151,4.13238055547434,1.0,0.31671979279283,3.91311896062463,3.84401036000963,3.92283787766391,0.077121833461638,3.7716818616574,4.07399389367041,1.0,0.302312032013013
3.91311896062463,3.8562382575788,3.91890181847901,0.0697658334306381,3.78216329760354,4.05564033935448,1.0,0.273477041750942,3.91311896062463,3.87559763843718,3.92778129121767,0.0681336217601508,3.7942418464315,4.06132073600384,1.0,0.26707888957234
3.91311896062463,3.88149842033456,3.98781525445155,0.077885815659918,3.83516186085158,4.14046864805151,1.0,0.30530678719993,3.91311896062463,3.8588546183068,3.93255670721721,0.0740558423279122,3.78740992340973,4.0777034910247,1.0,0.29029356761497
3.91311896062463,3.81038510200712,3.97089561136261,0.0796647279531304,3.81475561373629,4.12703560898893,1.0,0.312279995252633,3.91311896062463,3.83282510614989,3.95400684379131,0.0759983909754874,3.80505273459636,4.10296095298626,1.0,0.297908218389899
3.91311896062463,3.96233837871027,4.11865078975545,0.0898298649129269,3.94258748979001,4.29471408972088,0.0,0.35212659993087,3.91311896062463,3.93094175051708,4.0739520006148,0.0841611336236664,3.90899920981435,4.23890479141525,1.0,0.329905581600898
3.91311896062463,3.92395377438504,4.05491793562881,0.0722159339793663,3.91337730591933,4.1964585653383,0.0,0.28308125941896,3.91311896062463,3.88133459480034,3.94021479964363,0.0666389346278781,3.80960488780487,4.07082471148239,1.0,0.26121982367752
3.91311896062463,3.84160314541844,3.91865023473188,0.0794056708669296,3.76301797966445,4.0742824897993,1.0,0.311264510134846,3.91311896062463,3.87223273893927,3.91533425768468,0.0897784424228319,3.73937174394783,4.09129677142153,1.0,0.351925027473706
3.91311896062463,3.87573421785727,3.9472893505747,0.0742231194144485,3.80181470970217,4.09276399144724,1.0,0.290949281745069,3.91311896062463,3.81574920122513,3.94056418638184,0.0810194984039907,3.78176888746451,4.09935948529916,1.0,0.317590597834644
3.91311896062463,3.81993082192356,3.92353084869043,0.0704278920986805,3.78549471666994,4.06156698071092,1.0,0.276072264040974,3.91311896062463,3.78370221065863,3.89715789243677,0.0719163894424585,3.75620435923139,4.03811142564214,1.0,0.281907066410751
3.91311896062463,3.90425360730448,4.08391412123427,0.0739674210317253,3.93894063998278,4.22888760248576,0.0,0.289946962502984,3.91311896062463,3.88163678404607,4.00921762249639,0.0679083334967953,3.87611973459253,4.14231551040024,1.0,0.266195775807708
3.91311896062463,3.83966798115715,3.98140813040276,0.0768167986348617,3.83084997167077,4.13196628913476,1.0,0.301116317463989,3.91311896062463,3.87297497692153,4.0126892660448,0.0713857184758197,3.87277582882168,4.15260270326793,1.0,0.279826874446245
3.91311896062463,3.78342549005,3.86666603489723,0.0694606953880704,3.7305255735955,4.00280649619896,1.0,0.272280922603451,3.91311896062463,3.83246018747896,3.87431538283943,0.0692482623463909,3.73859128264853,4.01003948303034,1.0,0.271448200381815
3.91311896062463,3.84705435881309,3.99707766353726,0.0665857218034457,3.8665720469179,4.12758328015661,1.0,0.261011233238714,3.91311896062463,3.79855127432393,3.8982345373353,0.0662343036263181,3.76841768768662,4.02805138698397,1.0,0.259633699297348
3.91311896062463,3.81066345985869,3.940166263037,0.0754884843929367,3.79221155237933,4.08812097369467,1.0,0.295909421315339,3.91311896062463,3.78892641299469,3.94120099584535,0.0795894065812929,3.7852086253951,4.0971933662956,1.0,0.311984740900498
3.91311896062463,3.84545253903306,3.96608203812799,0.0899732745955352,3.78973766034961,4.14242641590637,1.0,0.352688755556763,3.91311896062463,3.89300252957593,3.94777296574213,0.0807756357458586,3.78945562885193,4.10609030263234,1.0,0.316634673780418
3.91311896062463,3.86394255884766,4.04112868562196,0.0693910602586837,3.90512470666589,4.17713266457802,1.0,0.272007957912137,3.91311896062463,3.8517803709209,3.99511793052932,0.0741098166626298,3.8498653589697,4.14037050208894,1.0,0.290505143119242
3.91311896062463,3.84501353900393,3.95805570729443,0.0738032034779057,3.81340408653405,4.10270732805481,1.0,0.289303241520753,3.91311896062463,3.89154318104508,3.9174419512898,0.0760386893330348,3.76840885876542,4.06647504381418,1.0,0.298066185048756
3.91311896062463,3.84512608915588,3.97339296330425,0.0802585089681711,3.81608917627375,4.13069675033475,1.0,0.314607574061,3.91311896062463,3.80574461991515,3.97588900236654,0.0787412223450541,3.82155904247158,4.13021896226151,1.0,0.308659919789933
3.91311896062463,3.84086669360244,3.93915439165736,0.0735841088726166,3.79493218843256,4.08337659488216,1.0,0.288444406449606,3.91311896062463,3.86940732079211,3.94594978299098,0.0699978753822562,3.80875646824743,4.08314309773452,1.0,0.27438662948709
3.91311896062463,3.90495192616071,3.99043822912082,0.0597213757980273,3.8733864834495,4.10748997479213,1.0,0.234103491342631,3.91311896062463,3.91612315190073,4.00914544721005,0.0646878357314628,3.88235961893854,4.13593127548156,1.0,0.25357165654302
3.91311896062463,3.81308092135538,3.91062120088821,0.0803797143319669,3.75307985570994,4.06816254606648,1.0,0.315082690356546,3.91311896062463,3.80306760199911,3.88818954509517,0.0795955197041912,3.73218519314421,4.04419389704614,1.0,0.312008703901926
3.91311896062463,3.8144210700014,3.88479744775606,0.065418727981693,3.75657909699752,4.0130157985146,1.0,0.256436701517082,3.91311896062463,3.87410790912712,3.97305499677479,0.0678289858492703,3.84011262740235,4.10599736614724,1.0,0.265884738744894
3.91311896062463,3.84005719202292,3.98869581846737,0.071036636645411,3.8494665690595,4.12792506787523,1.0,0.278458498815727,3.91311896062463,3.74382091973864,3.91335587204365,0.0791979515910734,3.7581307392758,4.0685810048115,1.0,0.310450265535701
3.91311896062463,3.94032322738494,4.00850044117824,0.0788019949537096,3.85405136915906,4.16294951319741,1.0,0.308898144038356,3.91311896062463,3.97754650128172,4.0763028170242,0.0725103068257886,3.93418522713771,4.2184204069107,0.0,0.284235179772988
3.91311896062463,3.7687361282867,3.84315703319598,0.0782545462207197,3.68978094097684,3.99653312541512,1.0,0.306752184438271,3.91311896062463,3.76413184878025,3.88213440039813,0.0795275347640096,3.72626329648141,4.03800550431484,1.0,0.311742207833432
3.91311896062463,3.94414940994608,4.04111177835261,0.0899634595240566,3.86478663776083,4.21743691894439,1.0,0.352650281183555,3.91311896062463,3.87456826056333,3.98021203912769,0.0844879198486167,3.81461875909569,4.14580531915968,1.0,0.331186560063991
3.91311896062463,3.8067454775515,3.85940157082239,0.0714456196349683,3.71937072948471,3.99943241216008,1.0,0.280061682675371,3.91311896062463,3.77322988285165,3.85419639425382,0.073610869561061,3.70992174104346,3.99847104746418,1.0,0.288549306420711
3.91311896062463,3.82407666488883,4.02510132333,0.0902435885595145,3.8482271399177,4.2019755067423,1.0,0.353748366824599,3.91311896062463,3.80086313304244,3.92543025967411,0.0900547563387993,3.74892618061354,4.10193433873469,1.0,0.353008158121153
3.91311896062463,3.81635242192235,3.99575668996089,0.0881018433637982,3.82308024999625,4.16843312992552,1.0,0.345352879929267,3.91311896062463,3.80724124141097,4.00013325348764,0.084330538423771,3.83484843538017,4.1654180715951,1.0,0.330569636214925
3.91311896062463,3.84426347058139,3.90417544267718,0.0686989398735248,3.76952799474899,4.03882289060537,1.0,0.269294895856382,3.91311896062463,3.81311668290589,3.91223450591595,0.066868708824783,3.78117424492668,4.04329476690522,1.0,0.26212052197854
3.91311896062463,3.92297731143797,4.10548897642986,0.0933578768497177,3.92251090013128,4.28846705272843,0.0,0.365956152597144,3.91311896062463,3.89650371242794,4.04677760751744,0.0856603894437602,3.87888632930599,4.21466888572888,1.0,0.33578255642289
3.91311896062463,3.80956128467815,3.83734756268421,0.0752680367296987,3.68982492150696,3.98487020386145,1.0,0.295045282354494,3.91311896062463,3.7594597737726,3.83439772909259,0.0719698556896258,3.69333940396838,3.9754560542168,1.0,0.282116650248423
3.91311896062463,3.80531561939631,3.93712492812007,0.0720743193135701,3.79586185805524,4.07838799818491,1.0,0.282526140129674,3.91311896062463,3.8313741068381,3.99458691066481,0.0711063027544684,3.85522111819225,4.13395270313736,1.0,0.278731584945118
3.91311896062463,3.87006613331981,3.87042828274747,0.078247765442818,3.71706548060881,4.02379108488613,1.0,0.306725604277322,3.91311896062463,3.86357891545734,3.91648314936569,0.074909343721967,3.7696635335651,4.06330276516627,1.0,0.293639231601174
3.91311896062463,3.86835066132087,3.92805100654151,0.0832276278964739,3.76492785334572,4.0911741597373,1.0,0.326246306391579,3.91311896062463,3.85630623224286,3.97481326864521,0.0771273716239366,3.82364639804006,4.12598013925036,1.0,0.302333741210305
3.91311896062463,3.84357117469943,3.96199673415057,0.0710323992799539,3.82277578982639,4.10121767847475,1.0,0.278441888648358,3.91311896062463,3.72697106078562,3.83908033094184,0.0733277534809351,3.69536057505197,3.9828000868317,1.0,0.287439511779729
3.91311896062463,3.78769659845437,3.90683620715402,0.0744106808322144,3.76099395265778,4.05267846165027,1.0,0.29168450899249,3.91311896062463,3.74079473157062,3.85869002623804,0.0791075394764128,3.70364209795869,4.01373795451739,1.0,0.3100958565587
3.91311896062463,3.75820115533308,3.87753393575596,0.0757186493035101,3.72912811016306,4.02593976134885,1.0,0.296811651185798,3.91311896062463,3.6959393763374,3.80228913591394,0.0750754829667545,3.65514389317715,3.94943437865073,1.0,0.294290485473578
3.91311896062463,3.78224640610319,3.86852594114104,0.0725670267653234,3.72629718221585,4.01075470006623,1.0,0.284457517850376,3.91311896062463,3.79270237408815,3.91804170791648,0.0705663942605677,3.77973411664691,4.05634929918604,1.0,0.276615182539133
3.91311896062463,3.79192075090279,3.89333017027718,0.0665841344866621,3.76282766474155,4.02383267581281,1.0,0.261005011071258,3.91311896062463,3.76307087361571,3.88592965818005,0.0683096232315528,3.75204525684871,4.0198140595114,1.0,0.267768802662688
3.91311896062463,3.71930856964713,3.85523150794538,0.0702888943857078,3.71746780643626,3.99299520945451,1.0,0.275527403018254,3.91311896062463,3.70857589647837,3.7953942159883,0.0755570340077784,3.64730515055439,3.94348328142221,1.0,0.296178130867827
3.91311896062463,3.83374420503165,3.95839434051731,0.0870288873406695,3.78782085571501,4.12896782531962,1.0,0.341146969604612,3.91311896062463,3.76942955027229,3.94742082098145,0.0871404524504349,3.77662867258207,4.11821296938082,1.0,0.341584296798755
3.91311896062463,3.8061842785915,3.91251450570911,0.0753326137882779,3.76486529582282,4.0601637155954,1.0,0.295298419772581,3.91311896062463,3.85084683868166,3.90863015469331,0.0723206526242772,3.76688428021129,4.05037602917532,1.0,0.283491748964031
3.91311896062463,3.93048388227862,4.08599650061465,0.0685136370250665,3.95171223959567,4.22028076163363,0.0,0.26856852203796,3.91311896062463,3.89556162385786,4.02927664015889,0.0765008682766963,3.87933769355052,4.17921558676726,1.0,0.299877893216735
3.91311896062463,3.90983367506455,4.01252824242234,0.0744263753048794,3.86665522732491,4.15840125751976,1.0,0.29174603019485,3.91311896062463,3.90081597034531,3.99666658917586,0.0730908793095131,3.85341109813085,4.13992208022087,1.0,0.286510982090019
3.91311896062463,3.8019698559387,3.92771287664841,0.077846630017232,3.77513628549682,4.08028946779999,1.0,0.305153182303178,3.91311896062463,3.80542358523527,3.95150051531007,0.0783497333552526,3.79793785973546,4.10506317088468,1.0,0.307125311149223
3.91311896062463,3.8050202086907,3.92511605368569,0.0942815009988461,3.74032770731958,4.10990440005181,1.0,0.369576692732231,3.91311896062463,3.70459688734575,3.8336338773402,0.0902533662121719,3.65674053008084,4.01052722459956,1.0,0.353786694518722
3.91311896062463,3.72484895037001,3.81783579529628,0.0813527941167936,3.65838724878567,3.9772843418069,1.0,0.318897093021235,3.91311896062463,3.77741357352324,3.90340477298165,0.072333076338822,3.76163454846657,4.04517499749673,1.0,0.283540449030155
3.91311896062463,3.81357673403978,3.95630196735956,0.0772531927510516,3.80488849187676,4.10771544284235,1.0,0.302826950965584,3.91311896062463,3.79757420470644,3.92698325625843,0.0797425686573783,3.77069069365526,4.08327581886161,1.0,0.312585125206347
3.91311896062463,3.79415196491779,3.87835875157751,0.0773133806885019,3.72682730990501,4.02989019325001,1.0,0.303062883344996,3.91311896062463,3.80126305828608,3.87469811077491,0.0714338241656328,3.7346903881323,4.01470583341751,1.0,0.280015445285215
3.91311896062463,3.85525584039657,3.95280568163675,0.0728142439458339,3.8100923859414,4.0955189773321,1.0,0.285426591390697,3.91311896062463,3.81570196581837,3.91942173177877,0.0779863405631092,3.766571312989,4.07227215056854,1.0,0.305700837579538
3.91311896062463,3.84165279895989,3.83351652082982,0.0774553017861669,3.68170691891726,3.98532612274239,1.0,0.303619203825136,3.91311896062463,3.83108372684707,3.84712712174982,0.077948223741223,3.69435141055816,3.99990283294149,1.0,0.305551422383334
3.91311896062463,3.82647541500451,3.97659380712219,0.0807513620402668,3.81832404582071,4.13486356842367,1.0,0.316539522602956,3.91311896062463,3.82810834393185,4.00320790382926,0.0759695477977631,3.85431032622385,4.15210548143467,1.0,0.297795155210819
3.91311896062463,3.8337434271867,3.99577761274405,0.0715914497637713,3.85546094960605,4.13609427588205,1.0,0.280633326276001,3.91311896062463,3.83286007186414,3.93035053813554,0.0757890989907714,3.78180663369289,4.07889444257819,1.0,0.297087808885306
3.91311896062463,3.9422328515575,4.04406614940098,0.0753112237446461,3.89645886322983,4.19167343557212,1.0,0.295214572342288,3.91311896062463,3.86505394644765,3.98261288860154,0.0643553320827172,3.85647875550629,4.10874702169678,1.0,0.252268266190482
3.91311896062463,3.88806257082569,4.0495177069837,0.0703612119658586,3.91161226562203,4.18742314834538,1.0,0.275810882723343,3.91311896062463,3.90369185655995,4.04395144528784,0.0700199833359882,3.90671479975121,4.18118809082448,1.0,0.274473291073264
3.91311896062463,3.86822180899307,3.99426793388806,0.0751376160515352,3.84700091254286,4.14153495523327,1.0,0.294534042690415,3.91311896062463,3.81666331591309,3.95975485529339,0.072787722149001,3.81709354136464,4.10241616922214,1.0,0.285322627857501
3.91311896062463,3.7560607407328,3.82025342706793,0.06498449837063,3.69288615070809,3.94762070342776,1.0,0.254734552719674,3.91311896062463,3.79895234939697,3.87789841512684,0.0616595552507058,3.7570479075327,3.99874892272098,1.0,0.241701015188282
3.91311896062463,3.87347914081249,4.02140141093049,0.0654812125418836,3.89306059268439,4.14974222917659,1.0,0.256681636492209,3.91311896062463,3.87193724544129,3.98794602173918,0.0660886132273608,3.85841472002535,4.117477323453,1.0,0.259062603427649
3.91311896062463,3.88390602080992,4.03364414791746,0.0709068695822537,3.89466923727976,4.17261905855516,1.0,0.277949821275392,3.91311896062463,3.88893193719437,4.04362788507467,0.0702265818729452,3.90598631384635,4.181269456303,1.0,0.275283142456652
3.91311896062463,4.05771180817163,4.22447574376705,0.0868396292622888,4.05427319798215,4.39467828955194,0.0,0.340405091569794,3.91311896062463,3.98456564549592,4.10863560260764,0.0888674773025261,3.93445854769775,4.28281265751752,0.0,0.348354109819764
3.91311896062463,3.75557456408068,3.81816118592144,0.0756176204133913,3.66995337331457,3.96636899852831,1.0,0.296415625213736,3.91311896062463,3.81848798111056,3.90399458094727,0.0765400275040131,3.7539788836637,4.05401027823084,1.0,0.300031394567142
3.91311896062463,3.92220030995855,4.0210505647583,0.0741184108401556,3.87578114892025,4.16631998059635,1.0,0.290538831676096,3.91311896062463,3.87435720880195,3.995085790274,0.0757906732751858,3.84653880029059,4.14363278025741,1.0,0.297093979966813
3.91311896062463,3.81587852846794,4.00092423382143,0.0728989533840244,3.85804491067807,4.14380355696478,1.0,0.285758646286704,3.91311896062463,3.82125697459399,4.02808848178951,0.0781798409579883,3.87485880919478,4.18131815438423,1.0,0.306459345189452
3.91311896062463,3.85475309890379,3.98486734431297,0.0706484928142176,3.84639884283507,4.12333584579087,1.0,0.276937002955807,3.91311896062463,3.82795294429731,3.98419443710663,0.0745333655300712,3.83811172502113,4.13027714919213,1.0,0.292165424170997
3.91311896062463,3.84315057287635,3.96817702234881,0.0761176603384382,3.81898914949802,4.1173648951996,1.0,0.298375745701583,3.91311896062463,3.79616404392638,3.93193992942457,0.0769361171235645,3.78114791075203,4.08273194809711,1.0,0.301584037345084
3.91311896062463,3.82962883717194,3.9752870044516,0.0713028708112148,3.8355359456673,4.11503806323589,1.0,0.279502117568586,3.91311896062463,3.83021615758411,3.97122339156369,0.0700703180774922,3.83388809174654,4.10855869138084,1.0,0.274670599634301
3.91311896062463,3.88339438195177,3.99939089781803,0.0777173793207886,3.84706763337644,4.15171416225961,1.0,0.304646528883167,3.91311896062463,3.88267762782467,3.95954871129707,0.0691914447001472,3.82393597164649,4.09516145094766,1.0,0.271225479301166
3.91311896062463,3.86139301178745,3.99186594271078,0.0719639330754818,3.85081922569699,4.13291265972458,1.0,0.28209343402759,3.91311896062463,3.78200041380271,3.92750465818616,0.0664269236260888,3.79731028027523,4.05769903609709,1.0,0.260388755821854
3.91311896062463,3.8809136847843,3.94552878892782,0.0793853527860905,3.78993635656708,4.10112122128856,1.0,0.311184864721488,3.91311896062463,3.91293221931348,3.91101921715102,0.0771070085711019,3.75989225739604,4.062146176906,1.0,0.302253919509962
3.91311896062463,3.91651735272845,3.9996737880123,0.0688187100312384,3.86479159488857,4.13455598113604,1.0,0.269764386247465,3.91311896062463,3.90005696299455,3.94580644199388,0.065934601405692,3.81657699790372,4.07503588608404,1.0,0.25845888818032
3.91311896062463,3.91477958942913,3.99916403147102,0.0827378137573202,3.83700089634709,4.16132716659495,1.0,0.324326270247861,3.91311896062463,3.86190583693242,3.93457551469974,0.0788364372829082,3.78005893695579,4.08909209244369,1.0,0.309033155487902
3.91311896062463,3.82042581084629,3.97424627024242,0.0689727638629367,3.83906213715688,4.10943040332796,1.0,0.270368266171083,3.91311896062463,3.78732046378652,3.94505827233857,0.070132584146204,3.80760093326929,4.08251561140786,1.0,0.274914678138569
3.91311896062463,3.89974972557729,4.03484687514867,0.0695156755844232,3.89859865464223,4.17109509565511,1.0,0.27249644101288,3.91311896062463,3.87277490664541,3.99650498627277,0.072107996122868,3.85517591087459,4.13783406167094,1.0,0.28265815079635
3.91311896062463,3.83642415520109,3.9697205461867,0.0719902620636389,3.82862222530437,4.11081886706903,1.0,0.282196641764664,3.91311896062463,3.81354655425889,3.93763213878896,0.0771655713481528,3.78639039810013,4.0888738794778,1.0,0.30248348137767
3.91311896062463,3.81013248639928,4.02789215938949,0.073215713819806,3.88439199720027,4.1713923215787,1.0,0.287000324378422,3.91311896062463,3.78029121742984,3.96454045357188,0.0691018088168409,3.8291033970243,4.09997751011946,1.0,0.270874113095161
3.91311896062463,3.80129568830003,3.90788602446633,0.0652611807654629,3.77997646057747,4.0357955883552,1.0,0.255819127777731,3.91311896062463,3.75473689682103,3.85950814100444,0.0662019327796819,3.72975473704932,3.98926154495955,1.0,0.259506807910237
3.91311896062463,3.90498173295702,3.9957259866976,0.0720217102031564,3.85456602859443,4.13688594480077,1.0,0.282319916206335,3.91311896062463,3.89262560055388,3.97606648252349,0.0728190058110374,3.83334385374384,4.11878911130313,1.0,0.285445257559292
3.91311896062463,3.84679990965953,3.88740399897012,0.0762000043955073,3.73805473473313,4.03675326320711,1.0,0.298698528473976,3.91311896062463,3.87310133373069,3.97428369661135,0.0684701895070206,3.84008459116296,4.10848280205974,1.0,0.268398210896786
3.91311896062463,3.78405434683883,3.85510866601619,0.0778564025399999,3.70251292107194,4.00770441096044,1.0,0.305191489888505,3.91311896062463,3.77456833477857,3.89917102481332,0.0801958025705307,3.7419901400638,4.05635190956285,1.0,0.31436176949905
3.91311896062463,3.91992746202863,3.99110533245695,0.0683033903562245,3.85723314733677,4.12497751757713,1.0,0.267744370240361,3.91311896062463,3.87903266206569,3.974996474762,0.069098592353197,3.83956572236731,4.11042722715668,1.0,0.270861504789362
3.91311896062463,3.77869777701576,3.85581101298695,0.0784630418767864,3.702026276791,4.00959574918291,1.0,0.307569472391919,3.91311896062463,3.78846011496297,3.8231020351261,0.0771265707714226,3.67193673416303,3.97426733608917,1.0,0.302330601926136
3.91311896062463,3.83080719559914,4.03217953362452,0.0781521487011883,3.87900413685578,4.18535493039327,1.0,0.306350793537495,3.91311896062463,3.79904775859347,4.04844478499421,0.0714438332301131,3.90841744494571,4.18847212504272,1.0,0.280054680097015
3.91311896062463,3.91979127322959,4.07594024219069,0.0645677303601468,3.94938981612131,4.20249066826007,0.0,0.253100852138763,3.91311896062463,3.93959773105168,4.02095968953574,0.0636714092758294,3.89616602051021,4.14575335856128,1.0,0.24958733805107
3.91311896062463,3.87080869810148,4.03845692936452,0.0777618133606196,3.88604657580518,4.19086728292386,1.0,0.30482070711868,3.91311896062463,3.86464249137571,4.02508721499622,0.07188179855039,3.88420147869349,4.16597295129895,1.0,0.281771472605456
3.91311896062463,3.82208317030838,4.02226070769226,0.0741284358473283,3.87697164320121,4.16754977218331,1.0,0.290578128982103,3.91311896062463,3.74523768013766,3.91526783583248,0.0734532160582453,3.77130217780968,4.05923349385528,1.0,0.2879313160456
3.91311896062463,3.81571083741402,3.95548358694206,0.0774676171561295,3.80364984734791,4.10731732653621,1.0,0.303667479188302,3.91311896062463,3.82256605033999,3.96164448469177,0.0804989529433289,3.80386943612966,4.11941953325387,1.0,0.315550097124218
3.91311896062463,3.96221330413915,4.09866559641072,0.0779497180120072,3.94588695650213,4.2514442363193,0.0,0.305557279817174,3.91311896062463,3.88835229214068,4.07107594086055,0.085495014519025,3.90350879154553,4.23864309017557,1.0,0.335134298630036
3.91311896062463,3.80642499256228,3.94143616563551,0.0714152571309468,3.80146483371219,4.08140749755884,1.0,0.279942663846646,3.91311896062463,3.8332580049595,4.02774640803306,0.0780674129425556,3.87473709029943,4.18075572576668,1.0,0.30601863546725
3.91311896062463,3.87247644791403,3.90970674141537,0.079325044370613,3.75423251137693,4.06518097145381,1.0,0.310948460076886,3.91311896062463,3.8644209530424,3.97480984746721,0.0763663677683992,3.82513451701101,4.12448517792342,1.0,0.299350660912406
3.91311896062463,3.7986162316595,3.99262934492718,0.075780700776009,3.844101900683,4.14115678917137,1.0,0.297054888488368,3.91311896062463,3.85452679983096,4.02543569897982,0.0756302832201478,3.87720306772777,4.17366833023188,1.0,0.296465262504107
3.91311896062463,3.72463349207783,3.84170574319677,0.0699550451551805,3.70459637415574,3.9788151122378,1.0,0.274218738082054,3.91311896062463,3.72641031519221,3.83576302838445,0.0672470133129494,3.70396130422318,3.96756475254572,1.0,0.263603448322533
3.91311896062463,3.89209241218878,3.97999270229157,0.0726335968577532,3.83763346838277,4.12235193620037,1.0,0.284718467817596,3.91311896062463,3.85014705790955,3.92254761817222,0.0656791803159529,3.79381879021884,4.0512764461256,1.0,0.25745765590676
3.91311896062463,3.788234751837,3.91198496136944,0.0862876855346174,3.74286420541227,4.08110571732661,1.0,0.338241511914335,3.91311896062463,3.75718163820825,3.92035812911908,0.0812731736919518,3.76106563577359,4.07965062246458,1.0,0.318584986690988
3.91311896062463,3.88106999716837,3.99660509921502,0.0988358261239661,3.80289043962978,4.19031975880026,1.0,0.387429319170473,3.91311896062463,3.88700534331507,3.98145629275879,0.095980894633457,3.79333719607328,4.1695753894443,1.0,0.376238193371019
3.91311896062463,3.75664892867662,3.87317091989969,0.0760239211352468,3.72416677251109,4.02217506728828,1.0,0.298008294777194,3.91311896062463,3.6762749935158,3.77392799004558,0.077598392565036,3.62183793535991,3.92601804473125,1.0,0.304180109371343
3.91311896062463,3.80179317595443,3.92589321509515,0.0671958915183471,3.79419168781012,4.05759474238017,1.0,0.263403054570041,3.91311896062463,3.79490628866452,3.93630896496235,0.069760770082397,3.79958036806707,4.07303756185762,1.0,0.273457193790555
3.91311896062463,3.90625500868643,4.06484830897438,0.0864861377794009,3.89533859376478,4.23435802418397,1.0,0.339019430419189,3.91311896062463,3.85276611018706,3.99158569632491,0.0812380856048388,3.83236197436645,4.15080941828338,1.0,0.318447443916932
3.91311896062463,3.81773804341366,3.88636630183896,0.0674256656404425,3.75421442555005,4.01851817812787,1.0,0.264303752577814,3.91311896062463,3.82729096186584,3.87461936193304,0.0665478643080932,3.74418794464112,4.00505077922496,1.0,0.260862834583842
3.91311896062463,3.84712092958445,3.93473067341303,0.0722954649712579,3.79303416582379,4.07642718100227,1.0,0.283393015178485,3.91311896062463,3.66176866552427,3.76682616720594,0.0735912997635658,3.62258987009386,3.91106246431802,0.0,0.28847259422416
3.91311896062463,3.86264768761144,3.97328718712532,0.0819734163411873,3.81262224340689,4.13395213084376,1.0,0.321329887436868,3.91311896062463,3.84603109603858,3.98844616600746,0.0743101914634917,3.84280086705474,4.13409146496018,1.0,0.291290597905439
3.91311896062463,3.88112431868978,4.04912188592412,0.0740624280375893,3.90396219436286,4.19428157748538,1.0,0.290319383122529,3.91311896062463,3.86055169997657,4.00976048763265,0.0738810964915572,3.86495619937087,4.15456477589443,1.0,0.289608576523561
3.91311896062463,3.84255944922877,4.03176884870555,0.0686820610940466,3.89715448257724,4.16638321483386,1.0,0.269228732256622,3.91311896062463,3.82182574919804,4.02951939842979,0.070422493145163,3.89149384816375,4.16754494869583,1.0,0.276051100532077
3.91311896062463,3.88009654264074,4.01669417803836,0.0745443834626129,3.8705898712019,4.16279848487483,1.0,0.292208613672928,3.91311896062463,3.72600069529426,3.85699855776882,0.0667019934713651,3.72626505286792,3.98773206266972,1.0,0.261467009801803
3.91311896062463,3.85082083281395,4.03631698546442,0.0814109315278237,3.87675449172203,4.19587947920682,1.0,0.319124987484782,3.91311896062463,3.85586923385246,4.00801915570677,0.0771081833266123,3.8568898934733,4.15914841794024,1.0,0.302258524466944
3.91311896062463,3.80567614907624,3.88032629347617,0.0812799713869767,3.72102047689325,4.03963211005909,1.0,0.31861163316584,3.91311896062463,3.82608498213181,3.90858752357043,0.0773933701830896,3.7568993053694,4.06027574177146,1.0,0.303376436402063
3.91311896062463,3.7077752785796,3.83607109785556,0.0780665505424789,3.68306347039503,3.9890787253161,1.0,0.306015254921069,3.91311896062463,3.79457448326691,3.91538199109273,0.073890744560495,3.77055879296332,4.06020518922215,1.0,0.289646396258838
3.91311896062463,3.90152061976814,4.05104946775387,0.0773967159994636,3.89935469187325,4.20274424363449,1.0,0.303389551761247,3.91311896062463,3.91093314608486,4.03347147712786,0.0715107885205559,3.89331290712151,4.17363004713421,1.0,0.2803171400127
3.91311896062463,3.83423120842475,3.94260179104345,0.07209942237688,3.80128951987863,4.08391406220828,1.0,0.282624542329652,3.91311896062463,3.86573189644771,3.99361969441718,0.0788324485407763,3.83911093446415,4.1481284543702,1.0,0.309017519906057
3.91311896062463,3.86320492893932,4.03793541374756,0.0750943770822004,3.89075313922497,4.18511768827014,1.0,0.294364549045165,3.91311896062463,3.84281138370638,3.98463927663101,0.0789083678377562,3.82998171759017,4.13929683567185,1.0,0.309315118081682
3.91311896062463,3.89004034068513,4.05795547822406,0.064825907126648,3.93089903499069,4.18501192145743,0.0,0.254112886466737,3.91311896062463,3.8139024095492,3.93390336846287,0.0702437320366719,3.79622818353132,4.07157855339443,1.0,0.275350369863119
3.91311896062463,3.84202071083113,3.87787215269947,0.0771967433856034,3.7265693159399,4.02917498945903,1.0,0.302605673519127,3.91311896062463,3.78276759168254,3.81737546517405,0.0793461633082736,3.6618598427784,3.9728910875697,1.0,0.311031244791299
