m_deb1,asym_se1,sigma_hat1,m_deb2,asym_se2,sigma_hat2
3.4346913411112334,0.08934355040568649,4.7980211314642975,2.5255895751839823,0.08886791080452087,5.094624349426635
2.8844364261414634,0.0883978312393949,6.039070526289919,3.5380577597918985,0.08724172043003281,5.590397285121725
3.4713800173107874,0.09235133757321363,5.944383241119741,3.618451628287425,0.09115625557503063,5.54687748412668
3.1923474220722765,0.09020923048587286,5.4075093749759695,3.025490084633712,0.08909384097958122,4.607853829066338
2.6637619988038,0.08767233177837266,4.89876097933381,3.694391359265977,0.08660834953067871,4.791935584702709
3.4748400738118272,0.09069181692071193,5.4016489094711275,3.3040945590432087,0.09005125165017383,5.830736454598007
3.2611315135882464,0.08862797015708052,6.967431846059304,2.48907412754365,0.08822054384024543,6.369058927807928
3.4318508695706083,0.08480741792468953,5.996742555042219,2.7257433223360312,0.08394974983044784,5.715178018123457
2.7802863993240976,0.09146425532875443,6.622885872724703,2.581495291267542,0.0903776575153201,5.30694179870109
2.698181461695331,0.08790350302397279,6.265498141105197,2.9691265715975987,0.08727176521658346,5.3621290299544
3.1299426515437485,0.08491735615363664,5.725341152205541,3.076141153045464,0.08430698643543873,5.081993038735038
2.7998876757574287,0.084519406581481,6.169946774660076,2.5737816650007104,0.08345982998070381,5.617164933708466
2.755336086974456,0.09229134625126291,5.450529618318623,2.683997843493904,0.09153962613541677,6.02605954659764
3.648784159718099,0.08498024659485892,6.436492023793874,2.5174055923221967,0.08421863770249965,5.604406985364916
2.3304762001026225,0.08680267977217589,6.157233802160702,2.5012203250126253,0.0863187189404566,5.121614972682374
2.9393249840095987,0.08241826799504953,5.77875599129558,2.8549997876013253,0.08163177113301928,5.67604459328602
3.340496578076147,0.08792540192360718,6.644569373269397,2.9070304188975546,0.08727704386304388,5.705694029416814
3.4576098356652727,0.08973954405408163,6.070701861155433,3.014767169256519,0.08856231450116879,6.463927703086622
2.4255992517855556,0.08838786390686375,5.7713617191571105,3.519281934661396,0.08657523926682252,4.994681588225258
2.7124348263481926,0.08856627698956282,5.991606312156245,3.3797482361883646,0.08767358676937782,5.763714219435956
2.939536614750369,0.08795577956519207,5.1793966794089625,2.7202810099128056,0.08680069736699454,5.319070302733713
2.94359842711551,0.08939915666708229,5.524563887417659,3.0254502410899247,0.08774816319974701,5.4700161848256705
3.0091632506866106,0.08966941249995297,6.543914078680534,2.4730747688239476,0.08813562172153507,5.706097728773883
2.7215448902589348,0.08462872446497655,5.635756465872128,3.2627026247355317,0.08420295319937343,5.634117498153817
3.121998244202568,0.0890642686619241,6.033217646136828,3.003309954126302,0.08808056611122674,5.890203489884456
2.906107917507916,0.08286980982910293,4.7903916404167886,3.0164303780948134,0.08164261802556196,4.975121221445927
3.0213212909724234,0.09060685481924889,5.549813364628259,2.6843802316194907,0.089408555500338,5.18609485338658
2.833610300118106,0.0870148422872968,5.8796271952475845,3.7114165079686194,0.08649048724921703,6.0059873907481265
2.9217770328637456,0.08980012075864975,5.156578454568157,3.0309479814831515,0.08840361262628617,5.650695666607752
2.945168976949741,0.09197954189283332,5.890373265632882,2.5109826319646578,0.09117817723541251,5.6908330840918575
2.5599214502560645,0.0856228037494919,6.430148246595801,2.9421899305761725,0.0847770893007059,5.699289403470926
3.3056598225062306,0.08916231367542142,6.51668891096391,2.6828252191479907,0.08804190793727379,5.878950308130093
2.7188900012059447,0.09086242744917858,6.084984966123846,3.100615636093953,0.09047147592618275,6.4645487919376965
3.2548413391486544,0.0842602870865484,5.817685128087132,2.3993032500641527,0.08350668950850013,5.600595543191442
3.1097092043951764,0.08261961422892726,5.865416901704386,3.6260778768563577,0.08184103077950607,5.616697417372174
3.285863909178566,0.0914782015461486,6.014846972644922,3.1168169528018987,0.0898470054140176,5.64219294565867
3.094311652112825,0.08527806947371422,5.889087835984046,2.799576299032088,0.08442847953062324,4.455140369251472
3.14523899468836,0.08883643697224386,6.811608440074059,3.613305749006908,0.08841719864383152,6.520159107669646
3.072302606515121,0.0823145185945199,6.099717226433475,2.9323002478484326,0.08129512319859722,6.509219529487331
2.924396567202459,0.08867661025574791,6.794409232523644,2.8745622999479474,0.08747423815059986,6.30680714757817
2.9656009956401697,0.08383112274189075,6.366966021912239,2.9161290868716643,0.08244302346396573,5.7770485769744795
2.718616675506698,0.08758439152877633,5.585167340208064,2.761925643917194,0.0867442785978085,5.5551374012465295
2.7062539229054225,0.08461907856729177,5.6988335161437265,3.1725433419883533,0.08423112424091937,4.4440562817687805
2.7747146229153836,0.08778078369748746,5.916498656901254,3.1656808738410858,0.08684859740859917,6.0942119118453135
3.0487890142889587,0.09012268466401363,5.7008676511280045,2.9399692400376107,0.08953848630719873,5.133078222464349
2.686527636183422,0.09024142560559711,5.843642431115817,2.73587464528199,0.0891007371261145,5.130104800794857
1.855524266656031,0.08214143562247171,6.086601812084049,3.2402972003278636,0.08123105025050822,5.600874508591424
3.436309089363843,0.08630299868748806,7.004206960941806,3.027397553047433,0.08572691091637463,7.35293448135394
3.4766760929073572,0.08480374130456704,6.2247602954115955,3.5878295411229133,0.08387180572024382,5.949469916349294
2.963695129888526,0.08854516335109867,6.348773900252612,2.9127259361225892,0.08789607596817008,5.998971346314382
3.292708185252514,0.0855636993358536,5.875209839324095,3.465335909557057,0.08486102248329298,5.851728202386138
2.5719129824661837,0.08827912009267715,5.8892542040226274,3.5186968678367605,0.08763328056539109,5.184713712720538
2.4026970445878035,0.08723674811106397,6.756460385568419,3.617546919628158,0.08603327850740342,5.590531974669476
2.9787365921804403,0.09602655200852536,5.6263492835181195,3.3640866543505483,0.09500699221627956,5.471965049629486
3.09048794414272,0.08829994013851197,5.752298511936088,3.3889456731621843,0.08729588694276012,5.24102718814033
3.324881048757054,0.09401228604196966,6.335278994486897,3.6294815026492717,0.09296356891369176,5.638468500844643
2.4492141849123263,0.08553198515352743,5.430479567233879,3.160280763631371,0.08467963123048085,5.131075326248003
2.9688835311126853,0.08980628617978745,5.9169786330126035,2.7322910304302614,0.08876386549967148,5.554971101229487
3.5861238568827085,0.08442299056702905,5.80162464978536,2.899045029029652,0.08366414190722643,5.789636566312093
3.2399867205562236,0.08943782262232573,6.477876833439679,3.101785528040329,0.08903577614685915,5.841942398694539
3.627841162588887,0.08978099959091607,6.002938583662408,3.081708142284583,0.08909071208702474,4.951918603097285
2.884058828857108,0.08522237141601641,6.398016423254878,2.916505461791581,0.08428627136205386,6.607718194053233
3.2018380430960196,0.09088275751093114,5.874328463082914,3.4160432404547363,0.08996875484642705,5.685566911690772
3.7913030604897062,0.09089650078932884,6.14820963235442,3.5248286108362197,0.09004108977561251,6.251637092091335
2.674600136876564,0.0836383336146431,6.340319449845907,3.0913049850034504,0.08315308315283584,5.738690261951753
3.2548641245163754,0.08777674706863664,5.278114149282995,3.495364842319149,0.08597393704648096,5.911019008825013
2.836101136289205,0.08393842593903761,5.416942426853479,3.0373197434903094,0.08380168881420624,5.263598152420427
2.6545891144149456,0.09142291230459998,5.999549404562197,3.144097429417953,0.09004018266218701,5.247509899193246
3.27954487149583,0.09025166619168361,5.1043598862346125,3.0395364227887156,0.08896280366727737,5.346515404449528
3.018916595830188,0.08432737907170401,6.3902238003902365,2.563971073734719,0.08385077518836419,6.196576760128659
3.1005159060773577,0.0849763054725281,5.4487950377812355,3.1138354894988494,0.08418116617695992,5.782346798255547
3.4247603282454557,0.08798105018602877,6.095159216604525,3.027339581795258,0.08627795914759065,5.763417417364048
3.3639051373155473,0.08561252643577107,6.552375016127795,2.9741485106027454,0.08549602395522822,6.436994842270743
3.3968877898359247,0.08872473254808812,6.087298057720901,2.8154481204855273,0.08764811914481566,6.086994914615409
3.3053468724890154,0.08919994972427751,5.767121614822023,3.611937428596794,0.0881050459135862,6.251201006710775
3.4135026310998824,0.0841549981900897,5.977245867570797,3.1801401562207046,0.08376766229174762,6.569378369116594
2.3200720889690407,0.09046343518652683,5.993450905190097,3.287367457604893,0.08954015360885409,5.669440988347936
3.070296377659541,0.08701777271022476,6.674244889495874,2.541879318992844,0.08615609774361382,6.3654725096299
3.3602492222651676,0.08361653399454501,7.0467014711335345,3.185073478769259,0.08268288505927399,5.796007252051935
3.378595961558628,0.09133632358203521,6.419984619846358,3.1459011442817384,0.0910280038012497,5.107003001868539
2.521915427387987,0.08892022085390418,5.405656272135668,3.2424515067516557,0.0883309762318396,6.068629548422833
2.8960618377748,0.09236925141551207,6.424094955739243,2.8651121551757592,0.09153557648217683,5.865382186247831
2.720200909597003,0.08745201523272636,5.353963535650901,3.304440155307164,0.08612623710816356,4.885261983736596
2.8572906527940933,0.08728232596381576,5.837156593469158,3.677757638985059,0.08603234145249111,5.232228761761019
2.7347698632339226,0.08949029736818946,5.989055504809983,3.3267074993326844,0.08829088756307263,6.262343296107743
3.122101975358552,0.08474863780061208,5.367416692375836,2.5731374972608956,0.08367909691622773,5.8935134257058275
3.0436607854116193,0.08625433750123815,5.625463939960063,2.7223749544718685,0.08497664186694703,5.06094252143447
3.272234557605758,0.08556222688727709,5.8867126245052654,2.6785661830032317,0.08450807991666695,6.371421642271253
2.86956622901935,0.0887866236388132,6.403428163415309,2.836848977623708,0.08796048825900742,5.20731117766836
3.451780423943986,0.08919239360037931,5.1381820273564855,2.897350337456915,0.08963729562711338,4.735414037318753
3.1236533646932725,0.09583898279067145,5.369506140073894,2.655980093242992,0.09426717034935303,5.232100047377423
2.6967425275573347,0.08777369522067853,5.594205968594091,2.733063658748599,0.0871311138905363,5.647948834346229
3.2851818180324,0.08925760150750366,5.220969481526272,2.893920899608495,0.0886320626936357,5.563536779905729
3.222107038083642,0.09064482238811697,5.845331606454328,4.066243136525023,0.0898332743398583,5.080073476197344
3.4199509230331135,0.08898192867032621,6.214371448188499,3.070575134765479,0.08824960535505848,5.448727094211075
2.916354864822559,0.08937073404091504,6.327556134737311,3.0152519888177727,0.08832422634427617,6.127406556502247
3.160678095382715,0.0927964583772086,4.377999131626678,2.869873257024014,0.09127216701348026,4.222651298552256
2.5459043500201872,0.08661120960176198,5.273358249162206,2.9787435268233673,0.08597034669634357,5.098128368931415
3.7265448033555466,0.08378539539829208,6.500747386866853,3.194425935874608,0.08328522324695652,6.186232535553622
2.540132906067894,0.08560039214189705,6.180670555518672,2.999647853586732,0.0848278898715682,5.289895518489146
2.5873297051764297,0.08678868491559794,5.511132883800391,3.2959158431973496,0.08587935398361074,5.558215919115902
2.476108888351886,0.08793803368737485,6.259267710317724,3.0703756784313416,0.08687814923915728,5.769523549694051
2.2108412540525735,0.09669302031113583,5.6623973824385185,3.0096775009094454,0.09623198059323328,5.213338938661435
3.046849754213538,0.09281879763368647,5.806872056211125,2.8599549386269842,0.09177808728388798,5.26217881015631
4.0841648384984826,0.08643042019889495,5.493780913663697,3.2540942837349904,0.08618049405681766,4.402872215872706
2.7984596910542834,0.08728579467355271,5.945960328025432,2.208034073932159,0.08682794095962733,6.11679020692256
3.0647518883928395,0.08912930839955645,6.232775162191519,3.696382819148437,0.08766495045638506,6.8767190700021565
3.127448653623328,0.08947585854027428,5.812476952379809,3.3094419067136296,0.08850280234084465,5.348189413367045
2.9176480299302643,0.09010610044343341,6.206747591515127,2.8958679454682534,0.08882992357108042,5.793033810480765
2.610640254678765,0.09151172328667584,6.582887025926092,3.971290058128699,0.09024366538964386,6.36441395220244
3.3969054821955993,0.0898909838517324,4.770018278954197,2.6710434597882444,0.08923064512351706,5.206576027149082
2.5108644242915865,0.08917123323414158,6.26535602603736,2.759818301545609,0.08761448752045731,5.7279458451263805
3.047026934132685,0.08682584667258764,6.336410416625161,3.588673695315617,0.08529360594385203,6.217844926229158
3.477962663251877,0.08876455204867045,5.479462575123444,2.9143525091379416,0.08779309943546038,6.19995930210299
3.131458402644827,0.0862075405044336,5.466147851940095,3.052171258127514,0.0846865699990473,5.413306221918608
3.3538592880651397,0.08881122866010291,5.43356203337893,3.3313410880698844,0.08787254020289646,5.047074067379348
2.630589520726784,0.08738872297736522,5.074452008786112,3.141635286985391,0.08653659697015999,6.037768852081443
2.9977691566694253,0.08924936208754809,6.7235857022172425,3.650702378979896,0.08774579582581638,6.5059000951224375
3.385531464616416,0.0899934394070214,6.662934950391146,3.5537731215071675,0.08891499404552729,5.660553516794479
3.614155256586128,0.09019986384095359,5.393371944733446,3.1960207826504994,0.08959311352621116,5.710278719184933
2.681733761819937,0.0878869419661858,5.948252003918684,3.992283231976564,0.08681971738159881,5.706503538211522
2.7895283186312554,0.08759048770939559,6.370003773566185,3.1606141122180627,0.08629425596498325,4.983977467542483
3.637696935653768,0.08831940600065874,6.76288956515121,3.344431251710718,0.08752985502039944,5.4467012720255665
2.6292492464974906,0.08880262238025273,5.64258310255549,3.0557227074392177,0.08715720251615303,5.121092368026506
3.0622612165237335,0.08704875509506495,6.286392214305559,2.9281915465037307,0.08618123912554781,6.906095020751748
3.7291840281235147,0.08816340065231394,6.505014863947543,2.530297999437224,0.0870576063485465,6.4389170845584776
3.3101557686266543,0.09101424188284304,5.952408604310885,3.146509211064933,0.08943484956619785,6.078780528260076
3.268355012305283,0.09260753812766595,6.271277694356019,3.185512104156191,0.09112506578306846,5.518407957102393
2.968473982641749,0.09371220364133227,6.22635518914431,3.034937826160645,0.09229706401327745,5.057792752135355
3.0548949817811426,0.08739059496748956,5.23777266475892,3.2563433601856904,0.08622480269522985,4.850048442348567
3.394575421573636,0.08878912046999772,6.123379603359423,3.651980512713482,0.08753278972183041,5.82583554803354
3.413197798061916,0.08981287180912659,5.678325662497323,2.918650803124924,0.0884864918073973,5.1913547502546535
3.1548171632723947,0.09098370170028579,5.523254346768575,2.6705557518539216,0.08949174618410138,6.260196473711437
2.810359276860866,0.08333617767340716,6.306837944645364,3.556662877248728,0.08156799477434905,5.669243502627526
2.673457114325103,0.0906059530892463,6.064759217202505,2.6601063683881625,0.08968423243874085,5.513372370029148
3.7184622171385966,0.0902614669257998,5.748776063399785,3.791888474308991,0.08963184703691561,5.386620767536268
3.101521836994397,0.08959134618131973,5.669777009706666,2.766292069520365,0.08840249303752588,6.0191058408003
3.0109107408963354,0.09334477072105132,5.673516270846371,2.8473766717521727,0.09254050158297769,6.053591200436139
2.967989880552894,0.08409399536448034,5.733755664753938,2.7849624978497936,0.08259697821674293,6.710400460148711
2.853879739864567,0.086448397140643,6.395351570439818,2.9717361605539323,0.08535466952987981,6.224179867582683
3.6336301822102106,0.08752441466156337,4.899012231700361,3.231697521986775,0.08627240089033154,5.148649240827195
3.240609924152418,0.08492988015501451,5.263373784363953,3.3528992055366853,0.08397003759431909,4.822534431270219
3.582227209485534,0.08455878535560704,6.136617349114383,2.9893040278902827,0.08355193601452145,5.972554685722032
3.2538891478782705,0.08199713893759189,6.089998298968297,2.4685688416512486,0.08098848512188712,5.938676025142621
3.737209629304397,0.09298323042485282,5.3081606081765305,3.4453552836711125,0.09222743339515438,5.099266808168876
3.796023967064812,0.08831597517072932,6.329270382540202,3.090764809204983,0.08717241685495677,5.900896026042853
3.3594149434231984,0.0847494970960233,5.9673569911341415,2.4721513515615463,0.08416236710406337,5.843298071187807
3.2842779663766724,0.08706855626308749,5.860320718214724,3.2242213360819063,0.08589685886398202,6.306564306259905
3.061505985769509,0.08674845901591596,6.993922586318902,2.986069428949576,0.08567461966502583,5.552454929710753
3.5187229245146923,0.09264894151443308,6.198120158839583,2.821081015164622,0.0918837171508702,6.269803101843888
3.1181062775512114,0.08588603225483346,5.355713115213712,2.8518907860378073,0.08496591124624855,5.312448631181877
2.761857889751624,0.08752718951946653,6.013454037759143,2.9974226561074317,0.08629423526219297,6.117105677218671
2.8211725139432184,0.08377797095773322,6.176669453806362,3.0333280142229286,0.08330233050757499,5.496246716704825
4.359406673496349,0.08395597407360493,5.925005794656418,3.576328787028167,0.0833279489856253,4.832472965203994
3.1942289429469177,0.08537321652352582,6.035285042632783,3.130632443314293,0.08458599114142501,5.101005693012268
3.6830220948975176,0.09292157473534611,6.415223984002216,3.046774602686144,0.0926298961704777,6.836259501291961
2.8007800410856922,0.08935589438875127,5.607501396951043,3.070947199305735,0.08827437903375225,4.877741499582266
4.081429838283405,0.08509614858178567,6.27842215777781,2.796739120919726,0.08470723770576051,6.112999813292922
3.043575562252229,0.088640512432818,6.561872487071774,2.8896798918840165,0.0875565615678072,6.009202191001396
2.7578760040487893,0.08777820542434006,5.873743284850712,3.157881342244526,0.08718660276320295,6.0713024043596455
2.7379783148735086,0.08277726140850093,5.092276201603946,3.0112858055602953,0.08177053280786116,5.227330285967586
3.2846425183583303,0.0879473443342098,6.0886201056615255,2.864191007933179,0.08687339407578434,6.0121665895159895
3.364487230981501,0.0853426815543417,6.666692630102315,3.6229132841387366,0.08448183055754525,6.889127150050175
3.3807511409707742,0.08878350369399568,5.433667475493742,3.458378695829284,0.08741793720267602,5.921025558242933
2.298089757446425,0.08760086225205257,6.578587153355254,3.201347161668124,0.08625024798330742,5.1949988683247135
3.067629053752098,0.0911229222643763,6.829627049287207,3.202405165084582,0.09048204818858296,6.032798773588791
3.420619208191284,0.08681732546118372,6.6370798683885,3.159395402001011,0.08573378379213095,6.676513567641507
1.8468409977454847,0.0855281600113546,7.360892203665538,2.4424547800906415,0.08413526865148077,5.778851062383853
2.4495526192277235,0.09052073797412699,5.806633148157204,2.1468352899902814,0.08991796985026197,6.578793113267982
3.270709259383321,0.08994291202597696,6.163670618967996,3.018545500255862,0.08971949182373452,5.963273669370444
3.0362371662609045,0.09022817489425171,5.842909023830171,2.4848798405847825,0.08956956669291201,6.307375612194354
1.9225433470927147,0.08522471755285099,5.361575779358223,2.455326975210207,0.08457624277627045,5.132637114938641
3.833903633251915,0.08777793424434238,5.606068552415399,3.4919185318888144,0.08686205583317926,4.713024364713155
2.9254762282528293,0.08695318980290428,4.807685591125135,2.782255893820881,0.08630124886214592,5.109171548608191
2.4669607336942296,0.0904740616959194,6.057666543860176,3.519013551015658,0.08882851093711423,5.32853590193899
2.985504093474119,0.09094659984824138,5.018007852674989,3.110515570010936,0.08990505714653536,5.881033165886076
2.893472098910318,0.08897675848788561,5.191777702196164,3.318128726442247,0.08822500539077381,4.421651729671932
3.728656927624634,0.08609278623999257,5.720270008821985,3.2346882612311876,0.08510342635155167,5.3899923378350385
2.739657289321806,0.08654476427522712,6.494737676455022,2.5766286879637708,0.0858393261980239,5.598812254104956
3.1824765301516997,0.08999497394257214,6.387775709568471,2.9889637332370027,0.08906975135807932,4.596505031112922
3.841339810733413,0.08409533224070709,5.645597618953911,3.570899595774366,0.08296664892521843,5.196006555349176
3.3301288461370406,0.08899418952902173,6.371047524521949,2.7851538567894645,0.08826361876227783,5.604154055200147
3.4545603851368014,0.08707465422685212,6.001179076691004,3.3064649849455523,0.08567884871954819,5.557175171503993
2.8987870607995854,0.08633079165471949,6.690727091448898,2.7191390312496573,0.08464187035064723,5.392238292467202
3.4359332941881418,0.08931972584974074,5.248652531109715,2.9925846062779398,0.08798806967528086,5.331335673890439
2.652342449805009,0.08786266585462157,5.899006246112189,3.1289727490079393,0.08644589505302963,5.631305548488847
2.771420733967551,0.08878491007686884,6.652269624897388,2.779408591040383,0.08814719924839277,6.288203769371925
2.8545332206074083,0.09046694787367075,5.5285006234607925,3.429526060907602,0.0902607333124669,5.441219713193864
2.7209654193594686,0.08755315714364213,5.704436699949255,2.9028064263170497,0.08638411877951463,5.16577940977982
2.716773982223689,0.09118252316280792,5.663421268618092,2.440294249465189,0.09025945120086594,5.141899682756519
3.120510380028927,0.08795726055079954,6.719061207472365,2.8834492639462357,0.08636778397067107,6.313007379355974
2.9741929890232663,0.083625585591132,6.91461459519587,2.365966686028102,0.08183892185438085,6.485929115844028
3.316874727346899,0.09224256395833332,5.430188836176724,3.3500008281343465,0.09137064852583433,4.8557804924726
2.209312497692514,0.08843386282718253,6.0133372465309884,3.0405258017914805,0.08724069538679192,5.202364745604845
3.140874934328323,0.0872169067089417,5.6612939781920195,2.807784723738495,0.08580151929298664,5.145802259080387
3.5591534445750033,0.08295793745663073,5.941556975346512,3.0672332367050776,0.08201488356316548,6.052742312505746
3.809156807991191,0.09049189966645271,7.09969773227301,3.101077118567736,0.090037395349205,6.98633035509911
2.456449053431877,0.08245278349874542,5.320930806514729,2.597356224557084,0.08158644792522839,4.8971339415525055
3.2655167318579523,0.08462451497168337,6.0274461374954855,2.9587988829204153,0.0835798464542915,5.608573134261342
2.0961377176637876,0.08896135401745171,5.701868852279945,3.2712849777003146,0.08815941833509747,5.463086021109961
2.186787437004421,0.08650939094423507,5.498048191023592,2.8206936523277535,0.08541264257704426,5.457093530766781
3.337102278794972,0.08345688411915567,5.954242755695667,2.7915600866321033,0.08158215622737294,6.092253078322258
4.470749052740455,0.08548851498009957,5.367041625119583,2.7712315939051053,0.08472695831823451,5.29204772332115
3.417822993381895,0.08669452839056523,5.428674557530648,3.0552930013153703,0.08587305994799875,4.93876940944733
3.4467874339051363,0.09144049490230127,6.677030835296626,3.4759997771360935,0.08952151034920981,5.548854353132027
2.917195738202792,0.08943028866063034,6.106565580908973,2.869110683675286,0.08843156623571273,6.19823079441947
2.6119637374191695,0.08860420253595316,6.449320632109867,2.6432962770822743,0.08773158248031876,5.712141044813809
1.3232161191695486,0.091627425342866,6.379884549780882,2.7620929172830992,0.09033104322907393,5.63572843003135
2.709499437111971,0.09361436033217928,6.045785593112197,2.648676804921282,0.09282699205095181,5.3792454755867976
2.6721656402621026,0.08595010141255079,6.8975314908627725,3.6102291836996447,0.08470213203712049,6.164157083838347
1.9947371522915136,0.08999095883180096,5.806212818676991,3.0730456445278125,0.0892559238206351,5.752308648381455
3.674340392371002,0.08752523356937818,6.099931417995465,2.51699231483876,0.08641268022289424,5.704425690012661
2.933763456274577,0.08693999689663284,5.032451823247088,3.5144614158269465,0.08663324310998512,5.330712118704051
2.864409223889921,0.08174671198409016,6.273706487810054,2.676628737993163,0.08026341401835893,5.659089163774328
3.66071453193146,0.08730205304297212,6.579994839205732,3.6394243949751144,0.08631959365357172,6.774191454836734
3.2278631467012158,0.0852316411394756,6.266535956605755,2.5476899792492076,0.0839991173776114,5.5327389911622875
3.0088931229707847,0.08364457510382306,5.792907036322945,2.8814624207342963,0.08304736595596036,5.06619784611333
2.286771976648324,0.08924541049749461,5.950983375132691,3.1048106597663825,0.08823178000184664,5.542940813251129
2.5340955004490953,0.08877702909989317,6.783043881215481,2.8211072421216405,0.08749075940179217,6.7329958780413595
3.251369484359969,0.08911229871194591,5.658118857871023,2.7748653423232934,0.08765530709919703,4.894820857969685
3.2641273327885,0.08609984966641453,5.906095190408785,3.276638833227208,0.08550839889354774,5.636957036366673
2.7890535812108617,0.08623503924958557,5.95038196778856,3.62240426106013,0.08517554372508507,5.490037038751403
3.392567325306107,0.08691309978535045,5.125229320464645,2.868451534870335,0.08634687144056262,4.804253716275631
2.83202294952555,0.08726805302881332,5.291212685671596,2.9321257016923674,0.08597325373463907,5.544721641517835
2.692994048684807,0.0905652763120781,5.976589828485414,3.227756140048289,0.0886438880268156,5.7701609297105705
2.682218904455556,0.08909805940947972,5.480101361158501,2.7370415464369784,0.08839196630754387,5.8641724324585125
3.651691099936684,0.09487495541825773,6.264967241325617,3.157302091280405,0.09385070596051719,6.250151277239875
2.7823408070144993,0.08878687039935887,5.391884780344336,2.845120926453645,0.08870945411736139,5.604921193262024
2.1966257331181636,0.08905593242386806,6.2723018169834575,3.0064169661551974,0.08757912295707299,5.7446018016563105
2.6154161080922176,0.08688982879795722,6.000248893987956,2.049364991443221,0.08624199930507302,6.00333522745871
3.1478652532287024,0.08531856427487884,6.889572677286647,2.353405051383507,0.0853180024253427,6.638410091672729
2.9011275354446595,0.09131062619449767,5.486374458988051,3.491383253346511,0.09059284570920662,5.536120156484712
2.845718180207787,0.08633487171664325,5.917496938469541,3.0566749604377965,0.08475187647039888,5.975059328298435
2.9432644403965114,0.08599055458645398,5.553025107619283,3.040766188772528,0.08481433029132207,5.236236492822751
3.2445854188475596,0.08723274502858569,5.701541989152652,2.5257513855876863,0.0861903687743188,6.327780315009854
3.6130920716787793,0.08777388232748802,5.23050416069988,3.3887279548596876,0.08722910505447076,5.023268401393342
2.4616147517908944,0.08548747378565187,6.048282258431522,2.3517049122885765,0.08432460373177697,5.77341955093708
3.1127468338853777,0.09017927556201859,5.887582501505106,3.024156075572014,0.08895670631777602,5.376069795015345
2.95702019698782,0.08804387507157205,6.226611035411678,3.65062800885988,0.08669993286698761,6.549333059936239
2.9488909165094164,0.09224218215721185,5.916935497765434,3.2320685701107608,0.09063402714083485,5.607831523226566
2.660768930939548,0.08780172431422444,5.771302412284386,2.8609349530343473,0.0868956477535882,5.674676124785554
2.5189599735158006,0.08705157267077723,5.988965568264187,2.8072438624923253,0.08623137646893013,5.662999068014988
2.3688468104008438,0.08658728905911244,6.642777756341994,3.190754273754393,0.08556974554057113,5.7828303272011095
3.1368715376902228,0.08338832299788908,6.58711407398505,3.5117285349222773,0.08266029890742839,6.702152652928393
2.7733336229516174,0.08812632992214728,5.803566572245978,3.5004760072090004,0.08757134862647906,5.233281107177866
2.7103738839061737,0.08758854850589097,6.419020593319425,3.6264550539974074,0.08692491688372254,6.5950184067386965
3.2133892925004686,0.08348388450963097,6.5322313225967195,3.1135330965947445,0.08321038450131062,5.566510146945572
2.875241693711603,0.09232409364053404,6.587729765222481,3.815921075048774,0.09155251470699835,5.5796187531661765
2.7368677139988073,0.08864911953576605,5.503579948498475,2.7848504960383713,0.0876566448300245,5.330037749431073
2.9446561332888965,0.08812114932019542,5.280878662833394,2.9645393690490156,0.08726877499495997,5.096410542125195
3.5013742761005284,0.08706327074986574,6.508277131142864,3.4847333815665458,0.08579205505160496,5.190069667308578
3.2487288505962195,0.07919299518860533,5.685548089198773,3.1309209996017127,0.07849010136825327,5.519741408201181
3.127500098218534,0.09210351952065977,6.040780436529362,3.34481884368261,0.09066935857554917,5.847505607438678
3.0248949807973644,0.0838554349209733,5.484867099904559,2.8115529553184704,0.08288076802787228,5.931860457157924
3.1246006949668566,0.08722285288434967,7.284538300500995,2.7659570788811814,0.0864715248149882,6.470794556473436
2.7602301637569684,0.08865624171341777,5.200746914204261,2.921357537855855,0.08780277612030352,5.719799238455765
3.0796175117600533,0.08040294565593739,6.905493945428035,3.547811187408833,0.0799840737465864,6.477513105507753
2.6747188097596473,0.08792854571298704,4.5986185605714995,2.454391369978884,0.08695612220859264,4.80717766052688
2.632058408109512,0.08855123255922356,6.40343832786122,3.452505027707824,0.08705709922304779,5.463629568542337
3.002420108138324,0.08878351353571272,5.646934993803027,2.938204585974614,0.08811149969469936,6.0201014142136815
2.78681664989339,0.08830267648206164,5.420210019151844,3.5472426182638044,0.08698463955926704,5.090203602017632
3.10477409478733,0.08311271865001327,5.1986554688404345,2.7821200745130943,0.08199702019215147,4.970343579437474
2.250781181679258,0.083325808420993,5.245830378458083,2.0901687501575466,0.08211687603822651,5.297516557592386
3.456647453901601,0.0847233815183637,6.369830514962978,3.0214531094278523,0.08356208156137099,4.848405626601037
3.171388586329386,0.0892067307379188,6.066974639844057,2.5995374300553022,0.08892607198636952,5.884637742677383
3.4610712149099108,0.08769332492083515,4.854926983099347,2.8317764219980153,0.08698695280670139,4.208788580492213
2.899900109385719,0.09000938369716673,4.379514722691012,3.260092632293503,0.08914047067312193,4.628825566106112
3.0945468376948657,0.08972046044586425,5.350498632398307,2.9184939034321196,0.08844663685738194,5.644428848481057
2.712821119002786,0.0886056386762721,6.106316738086726,3.12378071860179,0.08764993809602806,5.868009838266831
3.485266185444087,0.08622199916532748,4.883052070112247,3.921883665210546,0.08502410712788051,5.01999112930338
2.725966371490615,0.09063784482357902,6.177556361583208,1.9829779643146188,0.0897813378663389,6.029320600367254
2.7146945348602673,0.08744910653538154,6.330899632824724,3.8850369603896384,0.0865607795681123,6.100853215713309
3.3271473445025594,0.08815271131672632,6.610646288644638,3.1546256204783676,0.08741213476269936,6.390495500296046
3.2482873631603755,0.08672047719236757,6.08627641473874,3.2350686485596425,0.0854158527488715,6.358283005880256
3.4457757320332476,0.08292862230946837,5.321404412374113,3.432412807675988,0.08189900920364694,6.0527912616734225
2.9784251802244306,0.08903054128812826,5.853927184072675,3.2156053245509417,0.08781088997577115,5.44181499103521
2.7389733092235327,0.08358136910998669,5.273930720599676,3.4397335431470477,0.0831021891258481,5.127285044490764
3.137301381403343,0.0901671925192657,6.443774819994516,2.5768073701401795,0.08903749222308689,5.251687194790574
3.252001099678034,0.0837480129597386,5.691075392504932,3.674210769265498,0.08320463648880429,5.902026482569108
2.336933461627769,0.08504557696294505,6.242717117698689,3.3984062308008327,0.08398932154659272,5.867074202950742
2.551095627842461,0.08778774973297399,6.104942631429032,2.7337904945471134,0.08678415849871919,6.2019615387006075
2.6344425102995945,0.09014096838116324,6.069367214607021,3.35349559618871,0.08932273058727257,5.3413943008720715
3.2762884724405166,0.08441870122480287,6.237871914356261,3.3578169335508976,0.08297205163350149,5.7858748296828635
2.9371735715041627,0.08470434181740662,6.019381632325816,2.934062615797766,0.08307877548056322,5.748466414766963
2.6971651959267393,0.08918158539922519,6.333735227590435,3.5002321012837716,0.08771048734474896,5.004434584275841
3.0766608638395567,0.09090503293499931,6.802871650559215,2.953471471329185,0.0899703490962175,6.967947691932195
2.5304004569743745,0.08287953331445473,7.010624600779299,3.114937393628994,0.0811082850744953,6.3763217901877285
2.8900737763940954,0.08802589888804345,5.688114894697868,2.3687932609508664,0.08716423917164735,5.869677372552349
2.5468297206141095,0.08361571413413402,5.819605581352915,3.0814263276466236,0.0825717037542499,5.578444802332232
3.812920553289387,0.08503218099302087,5.613123806609437,3.269827517196646,0.08392005929747329,5.545781349819139
3.294162050413765,0.08898394674665931,6.044206283775003,3.02008308848852,0.0882345671472678,6.0632518111142355
2.7120566023930857,0.08646397111906343,5.980262061796836,3.2599843494697454,0.0848564013263728,5.542110725623776
2.811151126032439,0.09039196625243588,5.840993739959218,3.0270047965216453,0.08956751244885552,5.263633778035292
2.8189323459568207,0.0884241250490318,5.665259570114635,2.9892329324376723,0.08715643415362404,5.4335034874663135
2.6791994774553403,0.09430032304494569,6.880737028253431,2.6028734416152655,0.09276741968311245,6.730089902188593
3.862503169798508,0.0872285618200889,5.691666328386545,3.1729991902056294,0.08632630185246187,5.480949411614857
3.062072269417484,0.09017192940919415,6.580386637847256,1.6212357946540459,0.08912165386034636,5.750917857708441
2.9864492673116474,0.0893021394109326,5.369669395901042,3.226659934604893,0.08817379367520796,5.638639285529113
3.1155536816974987,0.08944117172876201,5.165712338079061,3.044591493933257,0.08824353065633289,5.409386792790885
3.314160386600972,0.08915308774772548,5.861263880633016,2.992500290409605,0.08851316202002521,6.2695278861274115
2.9580270742549164,0.08980663109903533,5.371671892756919,2.417577463630607,0.08871453898736019,5.460701147849374
2.943390894848064,0.08616791682499714,6.091615703227795,3.13465789285385,0.08532511073299497,5.311042273090273
3.3420035115582514,0.08838191098363962,6.432163836487676,3.1166237051731067,0.08696803829547754,5.366881164297518
2.3947495993444665,0.09124101779018771,5.583749797221942,3.6772869735359426,0.08977584318714667,5.14591356232848
2.8896186181453936,0.08804099167266154,4.891852846459277,3.631291134828426,0.08722893331152469,5.138910884068634
2.9151918466144,0.08995747469671334,5.015821242262102,2.9847734785641897,0.08865861082045742,6.340622523307697
3.347591059886553,0.08866642544665895,5.3642038177339,3.473186016497672,0.08761099451132923,4.916452035502117
2.2555238901509123,0.08778598786349366,5.883096269864598,3.161084504051559,0.08700992167446811,5.8191612770674865
3.3610760813064537,0.0864532009676377,5.5802915878266806,3.197350012475132,0.08583401463464624,5.991732447025566
3.4260862788451667,0.08508963908084566,5.781596648786331,2.912283445597912,0.08436179844879238,5.681816670056741
3.0820521752450363,0.08801173267228127,6.030154583411337,3.0513950846954923,0.08713638067000914,4.9754984947599326
2.98909835979131,0.09088663012996857,5.796894091526973,3.2260495057588154,0.09048150195071046,5.661079532806736
2.524638698535041,0.0865450960808684,5.78905860070337,3.618541752437089,0.08594350354477413,6.6700658211739805
3.5767184136063754,0.09043993042551798,7.077139991122669,3.212050237240822,0.08889956640267713,6.237123866268908
3.0250682487865177,0.08658925445081375,5.186500512534133,3.051592953117485,0.08560184216079746,5.555384632753155
2.51191072127985,0.08925028148083912,6.13585633148569,3.8340182311586837,0.08852533009303078,6.33550480532493
3.4919038139678493,0.0865895337835373,6.18549997079261,3.2234811326063992,0.08528345097869754,5.31621575683674
2.912957588915109,0.08980564992746495,5.255585990888528,2.8984839903939412,0.08912423850786583,5.469970708046227
3.169189033236986,0.08331904027099302,5.168656316545057,3.2046911938924962,0.08197678610398527,5.324597342078611
2.7513013966507467,0.09078961821005607,6.573290560553579,2.47717025644037,0.08916722835747017,5.462352788328359
2.7345149227963486,0.08914260438571865,6.154885205738284,3.205419887404714,0.08857556640586295,5.808415588132031
3.184609265896486,0.08693835764422522,5.976995553031159,3.6215661191660122,0.08607777512282125,6.237461870322974
2.0666658320949884,0.08115336031552356,4.670752040232947,3.574392148471828,0.08049167000984724,4.240303442886492
2.4525067614790164,0.09211569985208835,5.848387472041643,3.3263999373235507,0.09098576557383471,5.323373570829096
3.6174483279243623,0.08533607062686753,5.08644189002702,3.054250261495043,0.0845237402233296,5.522849942172345
3.4522098268846215,0.0884692028264678,5.318408740067311,2.8137991060773837,0.08796927715918729,5.480851522398153
2.95357509347289,0.09404970177788104,5.856635626139638,2.90333810356965,0.09340648344373248,6.273461153527687
3.0114854712135943,0.08493307135633225,6.441136818285864,4.06082448903404,0.0841558274063535,5.919670718825014
2.312265731924229,0.08843727707516168,5.594505259771582,2.4895500756664224,0.08713693890245328,5.276655908863272
3.194720801342023,0.08786243332113741,5.172940280858575,3.130599013857405,0.08636117770322424,5.019303384221761
3.2103133302266507,0.09136424359428123,6.456996492313681,4.125187346837661,0.09059845959212696,5.596179785510961
3.316053636349433,0.08346506313852803,5.410923791967387,2.536830126141809,0.08302009895648393,5.770898375962782
2.844927316487613,0.08648653866209945,5.160211143538793,2.5573375902564086,0.085592696749407,5.224789827891652
2.4187184015394454,0.08345815832590078,6.379169757953246,3.5209594072440957,0.08228890625913902,6.050496494501485
2.533124322259897,0.08309892262596712,6.403543873186529,3.023493575374787,0.08216224095441886,6.748658170202773
2.7049790100973565,0.08648259213350076,6.1283131026169615,3.0588343137253515,0.08517689239175687,5.790324257899825
2.137425502046416,0.08612573821069495,5.784581523396378,2.55727327350023,0.08441415782774092,5.462369790919519
3.5924047426965933,0.08357923113502785,5.976013012802559,3.4986660232508293,0.08212471402210934,5.804074522742679
2.318177624978831,0.09150734833065748,5.547678074812858,2.9879224998862117,0.09043910595303535,5.598014879617172
3.6101390955360793,0.08296169275944978,6.053244487460613,1.5465189471382996,0.08226328644255435,5.866781519411518
3.136914557269131,0.09698606021207465,5.3495166725445245,3.072869349258268,0.09592086895405254,4.760124767462289
3.002236522417162,0.08986579499002309,5.630965749525339,2.70740088689854,0.08864450276642555,5.916898737939631
2.988559869938064,0.08622394394516458,6.172763385307515,3.313988508107254,0.08480281043411532,5.965351254523392
3.5160457048829254,0.08184923171680819,6.3680699224946915,4.112680784258459,0.08065576838942189,5.721729371915508
2.924062752184259,0.09125663238431507,6.432508110389521,3.1061222656757908,0.09045885999339699,6.201572077096783
3.908898855512917,0.08991335140698893,5.411162111751055,2.738544685978209,0.08988804922315528,5.223715034888929
3.406091503298679,0.09191486266906802,5.771618715378335,3.672980409307179,0.09207303592198404,6.01459865761628
2.7209183489576088,0.08775113787631292,6.397461320278782,2.8571142544978505,0.0872906096298367,5.584115463800708
2.8715783571796747,0.09108679513496767,5.354577000793138,3.0364264288810796,0.09027562160503667,5.3601204020543785
3.0502789112638173,0.08287957156071685,6.229201715635248,3.06339796479106,0.08225084409573497,5.436831239235531
2.7582499287274413,0.08916158922111882,6.912275453686929,2.8991512192528233,0.08826690735988692,6.348884081353341
3.2521376661420174,0.08809196394598717,6.038431278094866,3.201656441080436,0.08685196810422029,6.002954190887759
2.902102449656076,0.08959587449036965,6.30905284325302,2.8348395101637878,0.08892245936232113,5.1281885665231615
2.3862893463893804,0.08740773908722049,4.69995670094872,3.3431390029597816,0.0866817469186518,4.9072904387523035
3.2423774497355655,0.0875040192963293,4.223104882107031,3.1809945150556316,0.08702504232319386,4.416546813251491
3.786582178531847,0.08510267577284404,5.23720085920588,2.593008192972113,0.08394073420766096,5.045006966540041
3.025275029677377,0.08944955506241115,5.9258373531669895,2.666414964179264,0.08835068612325545,4.967554090309387
2.6769441523201944,0.0845631986703291,6.085180312706279,3.116703136622466,0.08400223609169637,4.799671734539837
2.888619315172163,0.08705689244115834,5.186868162057436,2.4526284043827946,0.08634477267002166,5.044744385511572
2.9396049262739474,0.0900332227762732,5.051242055167542,3.4668425890874257,0.0886781735481228,5.478604337167679
3.191649243623099,0.08055835143731989,4.901781518159974,2.955685995213848,0.07987966203262936,4.667172737880072
2.439702521069114,0.08990519116716991,5.476431810061479,2.9477586810266216,0.0888197242051638,5.428734647110811
3.10042852663256,0.08341230994362522,5.746400363569285,3.148034021173197,0.08312920590970807,6.079026140373181
3.541982163587526,0.08651342490449482,4.796992431568909,3.376622772794333,0.08593171768489873,5.018154258818439
3.4478548009265535,0.0843248753098632,6.547214418088228,2.9979202488890975,0.08330043939187481,6.816912787000694
2.7744735149724375,0.0843870922536909,6.707638929037149,3.30373471245288,0.08370293630728663,6.620948074256354
3.0892037811018813,0.08772556257275936,6.068778602512742,3.0368432475839704,0.08703622094748341,5.88914438596866
2.831991270447394,0.08968450098061956,5.957032920231784,3.4352311455661733,0.08815436895674962,4.45397700531863
2.3606956558526333,0.08935607599547911,6.135258789868337,2.8863011409961867,0.08774034358085463,5.834492660016797
2.7204188434574297,0.08599194235859833,5.538147290397758,2.4346763780590623,0.08483359151377377,5.644995974913775
2.7390234046450432,0.08954343018965194,6.180184202167218,2.942286613632671,0.08870567872404554,5.3130735760702645
3.4164955194467233,0.08273555266155537,6.328996305292833,2.6306756925793167,0.08176121972624904,6.044127017402747
2.97306007181387,0.08820995216896761,6.551014362147254,3.005344273989396,0.08752282216020323,5.826061759169709
3.0486951366583064,0.08667675875876311,6.491977114169474,2.119654768052036,0.08622587411382493,6.166322593157412
3.0816553056164,0.08788810208059794,6.241424907363692,2.7697604386094157,0.08650424453493757,5.857113995278085
3.19114264161128,0.09090839328571042,6.943731655954701,3.314294341818588,0.0890949492737222,6.578394469121575
3.5670410779948667,0.0917958711551249,6.311923898684684,2.2696815297629214,0.09105022895813387,6.401334118813042
2.6680833358495883,0.08703218968309387,5.586280985046615,3.2587125104110086,0.08606914795416852,5.507155757248567
2.8417569622319387,0.08600861870281704,5.832775213369446,3.1300692198183193,0.08524815824345143,4.823811075014958
3.047141636581995,0.09026552709969193,4.9444644628631975,2.5040526530770824,0.08914598552812557,5.601039151158294
3.3725493846768924,0.08808738705035883,6.879851066769311,3.148152254669619,0.08776748292567967,5.4609930972843665
2.935422331789678,0.08674411631215082,5.283109438405833,2.770951162089242,0.0854160360441518,5.5130349706737105
2.8905445407424057,0.07889853087209447,5.6676614984857405,2.9597002384577094,0.07806317376412754,5.951966572173712
2.8932161853030336,0.08503382781793355,6.105663399211397,2.5871933212260596,0.08464933577986694,5.044029052925021
3.0487111204219732,0.08638632597065221,6.582886604935811,2.913001921386576,0.08538655839263108,6.170682350013132
3.479296237406866,0.08312984451739817,5.2178584549819655,3.521498918387893,0.082663233788601,5.551930328304934
3.815809084899338,0.09112615001627235,6.783107282943334,3.269988484730586,0.0902986995679676,6.442537382605176
2.5274440533039386,0.08701928383176276,4.98020495663636,2.427971754345236,0.0862284191203207,5.371870520572155
4.036218517888631,0.08572186772173401,5.6939781441585815,2.5455083491576778,0.08524322011467592,5.179927577398439
3.102061902867677,0.08826235652013349,6.087553947485103,3.4147089105902557,0.08744504914000527,6.1502794307996975
3.345210113836589,0.08426075374462458,6.080035702319399,2.8785147260077446,0.08279558821282805,5.878624807604029
3.5228410530969034,0.08491480031246236,5.338894035688418,3.868818349071513,0.0838556954105976,5.149714178878366
2.557523790668822,0.08493540737073038,6.0744054909588705,2.4253694600247506,0.084804345533809,6.026057195582504
3.26659378379365,0.08875409633897587,6.328703480616876,3.842683521365837,0.0877692557651567,5.14959149467751
3.1474804655450863,0.08547364714835337,5.405089497355431,3.5151728034256493,0.08485710959088515,5.2676979467495295
2.8256771946920423,0.08696204234493783,5.829548959404355,3.0298024129525203,0.08635940417588846,5.51075848728521
2.3177876768980545,0.08739376058484982,5.738569531095259,2.958803188429806,0.08638990303120829,5.376233441445887
3.084002139638876,0.08358580834193534,5.407085937396997,3.0631079086424595,0.08294499834235335,6.035050599364731
2.6855002543576063,0.08606416200316194,5.7935099339697995,3.022508413334612,0.08470049245162198,5.321462820910623
3.020890674620418,0.09058235658513833,6.330032442327139,3.5207420827365925,0.08974827780725146,5.668933701526109
2.663278892526554,0.08878543001002026,6.012700068690337,2.0114849913710726,0.08773810377180741,5.9219440459843415
2.9296229153006212,0.0920379877952196,6.208068807324072,2.703927602953609,0.09122773241131663,6.163789485717683
3.3848905307711683,0.08464289913596314,5.639904002864341,2.955705806310611,0.08402453584457245,5.05030651841198
3.439588628451131,0.08420216082524525,5.152436542579411,3.424529716241198,0.08352888983946992,4.805169244803546
2.8714211312896776,0.08573873068756238,5.839860284459607,2.6980521734864635,0.08455536968334536,5.680860477621777
2.7872186051352106,0.09602233956759472,5.477310613166161,3.1245983708710385,0.09444940743923964,6.050661486126168
2.6163954904160445,0.08521915235686524,5.107806926522451,2.879914314404909,0.08474098476050054,5.287198100765077
2.6781466341495648,0.0898852383015236,5.7523164640178885,2.955277305681669,0.08853512765375147,5.2152149612277405
2.9621413421784406,0.08733471591800862,5.26773640254743,2.638389792356113,0.08653732298903707,5.512537738648524
2.9058431049124467,0.08520115739833833,7.712434551407908,3.083209297304457,0.08394413890273317,7.1114545298795
2.8958937671262994,0.08519246346775318,5.5592376945777575,2.6261271129568966,0.08358934418225392,5.420538577102213
3.279453388411452,0.08532923179343571,5.779409768418302,3.4414125840616188,0.08423257380859726,4.638676192662975
2.48526522784065,0.08246374430691386,5.333488379759885,3.2168866153349986,0.08188109504916229,5.397029164497672
3.314369482803024,0.09157158976033992,6.058577401258118,2.744747766090254,0.09071726106410473,6.061706843488136
3.5714540872576626,0.09142853440357604,6.899510253002638,3.0010072458777364,0.09049914098584175,6.098559693068178
2.925667511121609,0.0838411136258604,6.228606592739396,3.0910399770857544,0.08300440906295198,5.786970307389198
3.3900252380291493,0.0863410150199163,5.959183197127043,2.861070571543995,0.08558150809325714,5.6496301478844275
3.483134317300192,0.087307055231926,6.324542737478153,2.773651833887783,0.08609475721649408,5.88451334937657
3.4199364292197925,0.0814509290297279,5.5152065858217085,3.2073308471236754,0.08096481371933263,5.976982553797191
3.3934296064047045,0.08980232119958326,5.821375698037519,2.860713044246901,0.08871578110856385,5.400946225266794
2.308813044736563,0.09209090538691686,5.713243087769475,2.3068628665702446,0.09149259322268342,5.993595109753063
3.639097621950412,0.08654114775845363,5.33149391026809,3.1063262390467967,0.08555958948758673,5.093485708823261
3.3404015227685493,0.08362716766493965,6.091802837051153,3.595029968526267,0.0828345449092454,5.751434315666482
2.7760744666317816,0.08679627805741838,5.560021761582533,3.4134857979839337,0.08580266722762374,6.045607527370782
4.1512392803625335,0.08961488694530771,5.466703368364512,3.02286513285722,0.08862254815157965,5.753755824327079
3.33846452037366,0.08479543369774008,5.660733773529992,3.4946711260756906,0.08431080516198187,5.339887742538281
2.481350010436102,0.09124694925946941,5.206878121548982,3.263894430816963,0.09040649888460789,5.993379513033377
2.486891644397451,0.08603195552011153,6.031122988305108,2.424384665413193,0.08502498718677264,5.0373402903781885
2.8336999139564907,0.08717945400199989,5.712080122337876,2.7878639548213364,0.08631991298801013,5.2084253172081265
3.1489808716360694,0.08580280336639853,5.947302470522512,3.2804026556405987,0.08564098544683493,5.987340831879557
2.964545979657017,0.08295912251986633,5.5230264906162745,3.0816715503585703,0.08179905570002732,4.933992363307235
3.4275480217140872,0.08072279560953065,5.882399543629123,2.9403593223726157,0.0793531219062791,5.719683870746943
3.264913249832348,0.08779237558684022,6.691205461383171,2.8684467679012826,0.08694479004972314,6.257650166851931
2.311471970025063,0.08706469589219433,6.042868994498392,3.3689254133450506,0.08632772901750838,5.839078074000769
2.54696673561447,0.08137806689576979,5.900966085449539,3.4433917402127436,0.08008752919313789,5.250369617718383
2.9349481944212172,0.08532876628202307,6.276765908525383,3.3174161620834828,0.0842496028039052,5.893739169000115
3.1912305547352844,0.09027971251260043,5.163894886636477,2.8707649094788024,0.08979842008458282,5.483771675621131
3.576615362923655,0.08784586996892264,5.612801650657558,2.837495924856663,0.086729567261404,4.9726260532235225
3.2263290502704915,0.08536464120408198,6.322148443401422,3.0245243453081807,0.08438628527014796,5.630883947628637
3.268347259663371,0.0827450903508864,5.916131806652375,3.2759271710864173,0.08212394739983445,5.929838677952406
3.004417351810215,0.08521500411430784,5.93487922862993,2.784856268213798,0.08440015988921712,5.094072425298503
3.193346690622034,0.08500363146434768,5.887560546621699,3.1463422712904605,0.08412395952114406,6.015771495255203
3.14170960308221,0.08574626915075591,5.532537243647931,3.218137644134515,0.08520383062378326,5.6575005864978145
2.8279441564434205,0.08886179365069018,4.693492534174872,2.89574854595253,0.08841441595090616,5.051337701423454
3.616307617425921,0.08806877219218164,6.033560114447879,2.469655323872417,0.08716845071047212,6.287323275781853
2.7673953234072846,0.08541949309258462,6.381366872643317,3.368024064809906,0.083873885615661,5.3832371841248685
2.861901622092944,0.08449248021722446,6.062782772539327,3.2922507796005362,0.08346677942432876,5.37974066809909
3.8389631433265707,0.08430039565774043,6.4160472136315185,3.014048300497582,0.08326645056002224,6.442531793700332
2.015134578215748,0.09335954435740161,6.354202340552434,2.7604067986242846,0.09234646166853505,5.429720396810833
2.888386331410478,0.08753206149815734,6.075406359814454,3.1668210179571084,0.08697319956372321,6.108518509834774
3.145163892574196,0.08657592893321689,5.83239328257865,2.597356778733322,0.08559791914260302,5.732793639357955
3.096649793909293,0.0892611360794824,6.094572498672877,3.5947710874500807,0.0881112635759248,6.083810797753785
2.6361898845977696,0.08896557733082201,5.3800189620982914,2.154233919293216,0.08749882045586221,5.488669128086728
3.6727409946185556,0.09283547039171547,5.834148589706786,3.2382496154778324,0.0917374083789804,4.262849326429814
3.496295222537455,0.08739697943449999,6.503776643381835,3.059324057087215,0.08664536491201595,6.095516193989387
1.743715628952634,0.08941035342953056,5.30195653154144,2.757228285479771,0.08823566399855694,5.204826093241569
3.427934789169528,0.08758436159982906,4.722112931374808,3.694631933325999,0.08692005826763764,5.038925773231816
3.2900896003138618,0.08891339039560506,6.333614695738312,3.6050376840593894,0.08844928988779593,6.603607488143167
2.820170085808022,0.08877013016831295,5.560522650262403,3.0018399413626553,0.0882809188518052,5.545037862233763
2.8600621902310057,0.08465877501603825,6.104668945547832,3.2872200971695347,0.08391506848159487,6.347569039522615
2.2406097346900715,0.08985607414304284,6.417937503169341,2.5210516687438025,0.08877841009092943,5.829200833997556
2.908243897490772,0.08786966101072201,5.0988632312854065,1.9836950730591947,0.08682386269482542,4.726672925064053
2.6687390665951893,0.08763485459243928,5.18317230363456,3.2144804352906746,0.08650747065651278,5.395938198808116
2.377154665194199,0.0863851325930955,6.659010986497148,2.9131935647033496,0.08555732751016565,5.614719349991497
3.3523159840384205,0.08975010006252421,4.946495050391707,2.8624531489073384,0.08875954964804779,4.85264388685447
2.4020046786606573,0.08928649369345072,6.123845560410492,2.902473153203239,0.08884448339540293,5.884757445242867
2.696391119691458,0.08606747239250202,5.325064286140233,3.0963346786674224,0.08520713729929183,5.698545855283747
3.667927163895068,0.0878332884822767,6.26731760753801,2.851392633008337,0.0866644002398126,6.072624428782369
2.525248260766941,0.09145463572565016,5.805695684066609,3.1467013156778583,0.0904254095795605,5.606926365907148
3.0813576993832683,0.08571268472505837,6.337575629861635,3.30395028542714,0.0839512189890175,6.16228409386681
2.901803544747,0.08665085653020152,6.0347082130554295,2.447782736207547,0.08622242862298449,5.683691955441604
3.111372016367929,0.08580980908061073,6.34307313679857,2.6512398321533124,0.08546618408808214,5.817536509354238
2.4585559958510177,0.0913990533712975,6.4771642005438235,2.653621866007472,0.09051245299751554,6.226316401392345
4.045748323790003,0.08634112007073104,6.196384240678071,3.4704127272204435,0.08567917453665219,5.591776749423907
3.1732129922301464,0.0820445800266281,5.575672768206254,2.7769415265218105,0.08134097691035662,5.421846092730038
3.2224098716824794,0.0891464545869345,6.303534892894306,3.037425412778022,0.0885142744384684,5.945241364348192
3.293481878353101,0.08460733522854318,5.572710368690509,3.24885281204094,0.08386715656070301,5.133689894750936
3.624979334427765,0.08927243511074824,5.670557043107541,3.65240442114215,0.08820466143430049,4.715654954686188
2.9960398747394024,0.08917218182146072,5.5600194487056696,2.4752322786713874,0.08834612127834938,5.00992288220435
3.5282802850359962,0.08732216062459101,6.240496148390245,3.0939541984076593,0.0866599478780291,5.923205551920274
2.5244385194297427,0.08786488885245652,5.926602131672436,2.7545896159976047,0.08689791914729865,5.577680177532041
2.183094881090828,0.0880616730570087,6.164864109882347,2.7820734222482564,0.0866795622505012,4.899424931956223
2.575793236778665,0.08931753427751582,5.767655876129329,3.079193459599509,0.08808383975820672,5.143039071550031
2.518410089218775,0.08780870098944572,5.993854014156865,3.079883441343305,0.08698621232107898,5.480296596997186
3.0293830944385833,0.082910652867191,5.1382136429495135,3.019470844004698,0.08196587495853207,5.1386183816321225
2.536309589759119,0.08690305581241271,6.563233786525869,2.646758773891395,0.0861544868725969,5.383665255523662
2.8251812375161,0.08911905574154261,5.266677134265498,3.2231198490380937,0.08813841614140432,4.797934636937073
3.0068217352410107,0.08952123899698976,5.0783722078328335,2.529924084820354,0.08815947109839596,5.258464262452504
3.547932380674668,0.0898896654545585,5.776288321368708,3.675409397117435,0.0891631325365201,5.754313375331977
2.888388464284129,0.08638551016891624,5.783935995043244,2.8834800771518614,0.08539409673494265,6.659147539804577
2.993444588796405,0.08560791596455196,5.567282704034944,2.803564590873817,0.08529077760967045,5.961282709192726
2.591606480186101,0.08560523528313285,6.518039474471068,3.4159510471883743,0.08526517405138787,6.111045147601058
3.3574471978181526,0.08588128742681661,6.512585542476935,3.5789823703993244,0.08531502497679087,6.023816847957979
2.8944140569877868,0.08876713775539129,6.386793509714071,3.133237756937798,0.08808906536139158,5.851072776198914
3.455085138719949,0.09130964999311028,4.907791124996336,3.267331745511448,0.09037242968268669,5.048701457647691
2.7859742264746954,0.08609811983264137,5.189576572917095,3.1048770491105775,0.08542866304419959,5.0612569344851375
1.7983681911431932,0.09065490389794148,6.039046709573994,3.0871951555959494,0.08941000469249766,5.187093479825277
3.1231179164278076,0.08836533058442815,6.006323272471784,3.2089054977338956,0.08718771957673005,5.137046389726577
2.6915033671807276,0.0836241243407223,6.84034735244522,3.166689396454969,0.08267330838608948,6.465049529399379
2.737748768841714,0.08202719732249168,5.5459869990280755,2.780902775100108,0.08074356166437573,5.028146056792605
3.5237369030459673,0.08592316626741787,6.3506451428862905,3.2627795472609953,0.08497945031712276,5.5882221066605835
3.346045461565465,0.08728289397530402,5.807579402770482,2.577128593396688,0.08661702532401556,5.12575144751166
3.0804014728499807,0.08781863829109672,6.2157340963710626,2.8382927869373935,0.08715819932480463,5.489124568811528
3.3914994030227144,0.08432769984658618,5.843765906006277,2.932959538316746,0.08348450076845304,5.793163964994559
2.2192824524763184,0.09121092754766685,6.247892961789116,3.0078718215921274,0.08950821788136876,5.712320341435617
3.308230619194134,0.08866924064224349,6.083225722026479,3.349008070600505,0.0879314836464197,5.995934961273302
2.2905848438646874,0.09178469090602616,5.794322800522178,3.157079626316118,0.0909199602451325,5.754038870286044
3.3621642712857183,0.08798472579025073,5.613088594064186,3.1543730960181318,0.08699709654163287,5.224252048528021
3.0679289047979346,0.08674481431917153,5.5978873218973115,2.9427535290284594,0.0856939905873737,5.347998714475358
2.5749910071183164,0.08599615235054553,6.779578253138686,2.7970434561212594,0.08524460555473293,5.7120376900036725
2.970157265668957,0.08835609851525632,5.522807943812608,2.4788795787618776,0.08727433751304702,5.578465582414782
2.683378273202639,0.08535250484858851,5.993964994184225,3.124718945885349,0.08444690248975527,5.7583391270947315
3.030874063909187,0.08758794379051196,5.719259541868482,3.208802912868242,0.08681603019317669,4.593903906759711
3.5191765246186018,0.0904765642468554,4.8541695824795825,2.7652519690032973,0.0896352391932405,4.990318377288377
2.85972015936023,0.08333339173770855,5.379710641580391,2.796617863609656,0.08224475514135679,5.019667290083626
2.761276772849522,0.08936775982959827,5.322268075762946,2.421315981184368,0.0879929635853515,5.089081057015947
3.4285468038096747,0.08827125520689107,6.152056512849904,2.789897382632348,0.08730660338954352,5.83056416988859
3.36879449327788,0.0846116155997864,5.924160818567759,2.7732547420573725,0.08360559208999999,5.3751286970362075
3.158778343154032,0.08805021600401894,5.950610195259741,3.3489052604055063,0.086634955502083,5.791356688596819
2.99320174072799,0.08583073462536457,5.525421332836237,3.149387825819777,0.08446308172814439,5.652549671370972
2.4201965551558793,0.08804933716586964,6.074691618661545,2.8659661080449323,0.08697501443226716,5.537586056808306
2.921524926960727,0.09024718491214306,6.242226725838402,2.1587429772165474,0.08948690869834294,6.233965443604798
3.6951194153515754,0.08392907984627042,6.013164323067653,3.4352704225307824,0.08311423428012316,5.580825178999805
3.0654187029994793,0.08770977133573063,6.0802503941586075,3.2744354540117686,0.08682208265433058,5.945673721288395
2.9009729531820048,0.08357205774887128,6.752378761155388,3.088458532228868,0.0827023451678756,5.756473501230628
2.7276930145847587,0.08636100415041671,5.829342645226936,2.9192442487512134,0.08557405959834236,5.774059437988136
3.358792544226965,0.08213351658483677,5.731571467941454,2.970101887380261,0.08152407912319841,6.049518148710225
3.121243075005692,0.08618153558181525,5.444004041268306,3.1106057188746807,0.08519376026179369,6.192159317473471
3.7419970377102048,0.08646268061367898,5.839274419455674,2.0707703583364934,0.08581386228764956,6.402682697344408
2.6916455426648422,0.0885060204501804,6.012123440805083,2.6765213652394357,0.0874226418221755,5.497977366430597
3.1151020115105794,0.08256639439451316,6.007058044515102,2.713600864770346,0.08179911450985722,6.242306947708614
2.452108720239422,0.08260666290092038,6.1011133594194265,2.7961270630325266,0.08241231246027228,5.537567749456181
2.9098982683544854,0.08755660145219811,5.950213626604533,3.477374743045164,0.08620470723136468,5.381625198708662
2.3050588885574226,0.0919520406147395,5.014039241763113,3.365219693166436,0.09114181948859305,5.589462970535122
1.902385526548216,0.08439213609952488,6.835412927633534,3.040059737592078,0.08283611006307934,5.887485075273869
3.564574697485888,0.08642339451197213,5.967363160955624,3.0544015458652725,0.08519463391384126,5.891815557052442
2.9040023909050303,0.09613747329596024,5.354729565292584,2.086989502299577,0.09478183036542287,5.1898961450063235
2.7331357031597223,0.08071878414452997,4.670603462889608,2.8487046683568455,0.07962139314923684,4.829898191931489
1.7680572452717924,0.08301965903699512,7.011385040431592,3.068422752019889,0.08226402890645167,5.306836876651303
3.112988637598188,0.08653700073138841,5.977468372779633,3.2369173201245824,0.0851741510737724,5.809979969728696
3.2197227195766644,0.09579246530805405,5.049270306460406,2.6576363205211377,0.09514165864132829,5.118438964333409
2.9481981782884414,0.08846880178264577,5.859993863901517,2.9908684303236965,0.0871633642776033,5.0642140090620735
2.590472853873931,0.08967996950347458,6.059326000595488,3.0015784202647264,0.08874171115893531,5.358027249312685
2.843007153732631,0.08904230838880987,6.857793040270042,2.9198159012287506,0.08791654458524621,5.972409522104058
2.990827351676391,0.08642388944998011,6.21139781050381,3.3152004673959024,0.08495779327202108,5.533001041874712
2.604043606688518,0.0856699484380197,6.527443411033993,3.5775010699421337,0.08442264104504549,5.986547567374668
2.968311392056153,0.08716313452293632,6.296355974615407,3.3212637237416636,0.08664770241891447,4.923597322669075
3.5659517415177735,0.09055008480019967,5.243436532216818,3.680402725557897,0.08981043727662304,6.041547933948306
3.015897877851035,0.09135557220894318,6.166275236403811,3.362571316338046,0.08976758807822963,5.947905970179598
2.9260517751742907,0.08611127667727464,6.266543823591306,2.589612385104504,0.08468488439260702,6.150670279787705
2.930173318220391,0.09305500338513044,6.295762807113438,2.831362552800805,0.09223862317196845,5.252611918285601
2.472400721728542,0.08594645651311718,6.084017092721054,2.0559276492598877,0.08504718707634078,5.650991988923071
2.8710033411590983,0.09224047389578872,6.109971880068483,2.559893404932147,0.09109430629494629,6.552207910305725
3.2158951297348466,0.08897084895261678,6.677418374376295,2.5936013782076484,0.08897962313982938,5.79132268333374
3.3830045382347507,0.08790963659669374,5.806256229578729,2.8188794774122385,0.0864011421793421,5.658273098448834
2.955607361826607,0.08941042200623275,5.602534393684824,3.1634608783442246,0.08832726635699696,4.774666222874711
3.475638761731136,0.08556635848146533,6.5954571660715535,2.3338929583651153,0.08444565329635734,6.449912647977812
2.51219508933029,0.08674845283162383,5.978871547840796,3.0769266939348907,0.08580934605353326,6.571680489346042
3.3224753007566,0.08773719287638576,6.030187290327751,3.47146948313113,0.08741712119465432,5.637675862700416
3.018145148520472,0.08733817928875037,5.0656926084478995,3.8980297273753335,0.08692374004714187,5.364632183705515
2.77356102231445,0.09037948111323135,5.8873442600454675,3.581764475809897,0.08897015308665081,5.585164848265035
3.879785067833475,0.08434468604116893,5.693320075930028,2.846897824616188,0.0838280167611689,5.866307225213104
3.389601690285955,0.08508946167062019,4.772437776668903,2.1687706573747128,0.08385986832291019,5.229105867809125
3.376463329068184,0.0864850003654477,4.712312008567156,3.078236866158887,0.08566555497359074,5.833378644167541
2.9910359159455067,0.08593157221782546,5.798548827340085,2.6305032268846267,0.0847285597123031,5.839301903237461
2.2654427207915253,0.09284077207744633,6.351404742427837,3.060556550653731,0.09213443242708474,6.387319470828407
3.2360919537401465,0.08669317931857543,5.628029065988592,3.4009505287194375,0.0855189818845856,5.3310096245137695
3.740250382932664,0.09125488141879794,6.241339015206319,3.4414040724049775,0.09028349323150746,6.178812701834344
2.4066598755574455,0.08749018412586598,6.164739326631635,3.5727964468449542,0.08709310262573386,6.630086642481334
2.823817147876721,0.0857175873602527,6.083309432019051,3.1569752734541083,0.08472767769127237,5.289022600878683
3.123992545347924,0.0849130608913654,5.3024118797833975,2.5738709229270254,0.08411469254090073,5.1415247789890195
3.069981808556595,0.08560695644396359,5.68224754582947,3.4919020722063796,0.08493251715811294,5.571110511235377
2.978034572699277,0.08906301546585951,6.279768026436378,4.234641621537892,0.0874019480439004,5.94279245317444
3.9117743267122904,0.08540349264801558,6.727455607796179,3.718424792144305,0.08435429553313412,5.938277224814575
3.6922513830302375,0.08559254073519618,6.522578533587822,2.892607429727343,0.0850414209356574,5.878999689252795
2.7092965757698124,0.08837061655497189,5.981514687191924,2.667501476966869,0.08830945309338292,5.639528952175185
3.2811022870953246,0.08467806359712134,6.250269152494977,3.0061577478710904,0.08365077861253424,5.6578366637668465
2.461523055471414,0.0874935942735965,6.7813225423518535,3.193206838296635,0.08653705660559527,6.345441453558672
2.7016209570826404,0.08343972514850018,5.198976118820006,2.8851710201792,0.08276334913289761,5.419101712060365
3.1977917222005026,0.0884198874634845,6.548290382009296,3.299787201497874,0.08721877852173958,5.839373656676231
3.098845605435351,0.0844146975240176,5.955776872916353,3.0605020569249404,0.08327392948295939,5.220708739144472
3.576881028661865,0.0846086865099248,5.6474389892966155,3.260509810827001,0.0833424099128218,5.426778085627775
3.0008152617471757,0.0885430782222575,6.302076786380413,2.591588194239635,0.0877395277683823,5.485147467161891
2.5182769632877133,0.08784821488403051,4.588222812480506,3.293993129673554,0.0870403288095924,5.180809913322957
2.9521277761555025,0.08583577989752676,5.303344931368701,2.8728839221278952,0.0849110348369872,5.490068715172369
2.6607948562219343,0.08807802579781275,5.373271397977305,2.9082071533729827,0.08728558383205176,5.9124258629073285
2.7856934242504052,0.0898768777127386,5.505159019253381,3.1620385778552307,0.08877052093875724,5.702548402052836
2.2740346918573664,0.09218948638240279,5.2458895589253185,2.6665511251423415,0.09125373424886266,5.997126819196637
2.95925431055013,0.0875224076004508,6.387410600315437,2.9578808045039384,0.0867523729718229,5.522759568740532
3.7130472489084068,0.08310021833096214,6.71325889263847,3.330939522799518,0.0823233096044567,6.589039342815799
3.0301841518691646,0.0888593683722508,6.298600963704248,3.1598843857254417,0.08796022220628907,5.645165501094126
3.2472000258616753,0.09021502405604657,6.0253642394532845,2.6321645128174604,0.0893257101706336,6.230715237073738
3.4237700900201884,0.09226984727356263,5.821634938740085,3.065788933124298,0.09167953379213319,5.525274290474194
2.144798395004346,0.08556850906202496,6.4980656831962085,3.3702693515386954,0.08443038908090186,6.4824656186242775
2.9741646642287636,0.08570188992263593,5.918477736851609,2.959484719842113,0.08508764139792059,5.812659679752581
2.700153528477852,0.08419345737232614,6.196058402829186,3.2240404208405877,0.08302731530355767,6.309590813529453
2.2566283262384466,0.08501693823611423,5.523616334220428,2.693935758890713,0.08411675164634506,5.354252690932299
2.8240915432471665,0.0856268483787277,5.0305879971315,2.6903667307143313,0.08502167225872968,4.918284115018847
3.410945139852731,0.08684327368635503,6.449884197605175,3.1288846243257575,0.08607395204246938,5.82895940467659
2.8697211132573557,0.09372111558526448,5.595595979019769,3.155508946945414,0.09304787431174044,5.9946642736124
2.69575150123315,0.08891837624633486,6.375670447619548,3.5317078000097313,0.08791922741961573,5.9339053738751995
3.4134370217627428,0.08762411442463629,6.426462514149872,3.466302853445617,0.08647394874485989,6.300402067107789
2.936180056785769,0.08661770341551803,4.945890899816912,2.7235404096476676,0.08591529824203765,4.872450163378552
2.2870753144313216,0.08976404141707928,6.591695485553097,3.090772697621301,0.087752491944826,5.864316091639774
2.2412011012500845,0.08514642732997141,6.3793954012628395,3.541430037896217,0.08414073540668382,5.554871234909367
3.3086907941432333,0.08329507444248262,5.836772986825257,3.3922724864888063,0.08178523407092492,5.5565811199066175
2.819116736116365,0.08829506738441473,6.294543989253837,3.145785009313623,0.08747247377826117,4.943823576588281
3.581744130793437,0.08809512591104492,5.740937066646204,2.7928794187746733,0.0861956220718294,5.919063069919157
3.366029584412477,0.08940223750690973,6.441880665517242,3.3330757723454814,0.08820777898959219,5.486700094689601
3.2092834629435347,0.09045742898253824,5.418729295704656,3.3759973532449146,0.08947804782640699,4.838586501102142
3.574778692843095,0.08873784366997459,6.2409420146366115,2.7786013236609053,0.08726382001905762,5.573612338809012
2.3278763250795906,0.08428703650364712,5.723370786576264,3.0361081214200083,0.0834324933256045,5.270265023429369
2.6197698982817683,0.09195678499899151,4.753391615838107,2.752209978276695,0.09118356426131805,4.630824938704331
2.908484840542928,0.08521068716535313,6.209402482529905,3.075172032003215,0.08390709146851809,6.184808154848865
2.1925630533394127,0.08652640792800793,6.190061550446983,2.786194185873522,0.08617709587576926,5.4085835745537825
3.8243075896207803,0.08572537942140854,5.144363228588456,3.268698134474907,0.08431494744517776,4.525674479073149
2.7110064585379954,0.0863960768361959,6.343803091063585,3.249589190898089,0.08524976071063381,5.900139809073482
3.3987791142758828,0.082501406400758,6.726317267326638,3.136952556057557,0.08086853387547761,6.016428467895422
2.981716584850913,0.08706573206078655,6.33060038037761,2.986385985977448,0.08603510360513036,5.258239117221444
3.2623015854502344,0.09131772027753703,6.391449054194952,4.154784240703046,0.0905471061755201,6.063919245885046
2.699032957764958,0.08871475499599538,5.553760743187332,2.4830094653044195,0.08818367758430246,5.669987406793228
3.0222572396608562,0.08528338700248284,5.555431656851018,2.6918694787028006,0.08428979794655204,5.867169615635907
3.3350667803664784,0.08521940460539591,5.113882337712176,3.187427905256077,0.0843636270830305,5.3545068151164195
2.865042356770126,0.07769424803512368,6.5162437956667185,3.199903172986705,0.07746531044400456,6.195822875431996
2.8237443035167464,0.08764657658302438,6.090930326215793,2.6454658447182755,0.0871341507894865,5.354345239106571
3.187444710026801,0.09086000346007075,5.1954405715498035,3.0209146914773,0.09002016937584978,5.011585785332858
2.4194207757362705,0.08693940384211953,5.994901770167545,3.058793401624834,0.08612328322597516,4.928416977829983
3.5684061785868177,0.08866005940141831,6.465603845222237,3.528093769968039,0.0875169595967318,5.628516398383786
2.5589117166293383,0.08663939144858541,5.830974993231258,3.8475249931367146,0.08557796201632331,6.338709723484493
3.128188476160868,0.08944153330225763,6.276999733448105,2.703666657750438,0.08848159884197015,5.897376360162809
3.5486937750724614,0.08707407741896843,6.1701403877499015,2.788611916866091,0.08633787379512689,5.322312462708992
2.925775744974778,0.08524551859455677,5.280964352217178,2.614875598066554,0.08429473601534644,5.503127299815136
3.0136182873354436,0.09423729301176026,5.7778299054012585,3.1702711458536363,0.0927470206464402,5.38086414864475
2.753090133870928,0.08529488975683121,6.282863863738476,3.520314994938747,0.08423729013017002,5.403779445650714
3.410457990704283,0.08656698151007959,5.891429773329962,3.02626422987672,0.08547132636175507,6.245350439760781
3.0071766306553775,0.08370482171186305,5.6460968532078235,3.3495765833911846,0.08298906627345613,5.029307865993212
3.345535115618778,0.08922748745294752,6.123808024319808,2.573900202526792,0.08844239274576218,5.995863467985197
3.082900891764115,0.08417724197809921,5.765750070060026,2.7033828347899633,0.08318403831655463,4.94524197696246
2.9740572322093994,0.08749772929746118,5.3898246889740085,3.233393404179716,0.0867216876188095,6.249515541011675
3.11309859488958,0.08779479003073147,6.107843465838537,2.7603778957004406,0.08666550429948633,5.254279123614263
2.6930996989332225,0.09144517610479695,6.204779493652923,3.048577111934308,0.09043516129020178,4.728922678997331
3.0082601257306307,0.08780853567153941,5.846300906071802,2.2998347647088346,0.08702552464728058,5.882194507594497
4.070933466733422,0.09589189509826519,6.040045444253472,2.932272727613447,0.09478202031065971,5.751337312497732
2.9982214264621248,0.08843798667473007,5.82654818921105,3.0036148349699188,0.08767828248992707,5.3973875795402995
2.862848978105598,0.09062076226492839,5.890148833419671,2.8732601944935556,0.08978378868427445,6.163460846304437
2.720601858081033,0.08854981802633533,5.531958091359435,2.685308545687594,0.08801433297209733,5.062295123135531
3.1181597071947627,0.08565601127165032,6.8785972772089226,2.9866663476390887,0.08449779189507943,6.26294456554976
3.7283063220076187,0.0856365515857859,6.380297493603172,2.966141687503241,0.08521458446920645,5.873296569529402
3.080289980856731,0.08581485023367628,6.6535435270125145,2.575788069237322,0.08518790822315342,6.503987313834599
2.125780373170653,0.10068869194440715,6.467660146393378,2.3399995299090754,0.09947951486501504,5.9129315530286295
3.145547902001428,0.08804044127681555,6.894811345642267,3.3021761786310657,0.08713586128436666,6.84178841707028
3.1975657319003026,0.08582477059875868,6.130844968766086,2.892079708579383,0.08501415080409067,5.509904973930902
2.8793994708093646,0.09108372926673805,6.674105457852206,3.11948259919482,0.08960237226875595,4.9569376974076835
3.1953246798844965,0.08816014706513653,6.508662762958692,3.8305213405138527,0.08696873478837941,5.89674099242947
3.109218458042854,0.08404381982891862,6.201219256808293,3.157259479070762,0.08352312037990642,6.245655606522053
2.535667657270481,0.0853592716979174,6.999824534998339,2.759685930345859,0.08446985619163011,6.4419825637512
3.168560872783141,0.08534248191393977,6.5728346537533175,2.9718831471136626,0.08419082027030945,6.392412530671863
3.179429639777581,0.08982878438014816,6.347586361090529,3.1991839333731127,0.08952792721491491,6.266986297727477
2.7310029473051887,0.08853910763237553,5.141009673166703,3.087890349284356,0.08668155417883314,5.075714215829343
2.8246169616454075,0.08318241600319994,5.836709525808628,2.830819905036944,0.08259753849833587,5.3081257765989545
2.7071012334158513,0.08821552602821751,4.834188438395509,2.931338340543609,0.087235714539413,4.4458591859489465
3.5292322194276036,0.08613661365196003,5.67581246178848,3.2990233760994765,0.08558157069476857,5.519163085786631
3.4373452498574144,0.08824337878712288,6.263764400807658,3.6448616672516345,0.08699594272853148,6.114972551325221
3.2822382468197104,0.09001013321978144,6.276929511071019,2.8815580874306645,0.08906868962211675,5.845183240209944
2.3455182744658933,0.08599943441320146,5.8796509864924005,2.961713703526053,0.0852503364869969,5.436068001944932
2.8712578792384917,0.08529864435624764,5.948077299532549,3.205702694690561,0.08403104086548785,6.645661676330082
3.318239875423015,0.08429047320368428,5.595260509538196,3.3433646506895505,0.08290849014355786,6.076901002297134
2.63651535275456,0.0876796302835023,5.228846714105762,3.1716498372705115,0.08612421805342127,4.440225141245308
3.171298315044596,0.086869863089855,5.819927970002451,2.9608756268206444,0.08635447535739375,5.240686771720632
2.364536734811945,0.09195560001732572,6.598641794303756,3.4708713008370586,0.09106371870238891,5.748000163836717
3.395951633963834,0.08156307509136958,5.723451606346559,2.92537711057102,0.08084246495089425,5.880366070859558
2.9931926260402864,0.0890631400242974,5.9548732427302875,3.4493362572310553,0.08764499605018607,5.83994142652614
3.0367911502261853,0.08248226524586304,5.899340701435473,3.333457142517837,0.08089674336168239,5.053832716184648
2.938497542729808,0.08567405848466257,5.560628056834724,3.2533001307226432,0.08489943298626787,5.3287262001509
3.538745020612293,0.08866766692500017,5.718519846375646,3.3887437073664426,0.08808495208526936,5.223411269914112
2.544297429143615,0.09109271167830113,5.935673722031321,3.124258878434822,0.09113943347138928,6.429445293864808
2.9522019761083196,0.0857789515127931,5.988167555399089,2.558187167175483,0.08557444152685553,5.298014117946195
3.0129928599855673,0.08684974023531847,5.766655237677181,2.997982040777543,0.08589868307030829,5.254017982441693
3.0208374702326157,0.09427759958738828,4.618414062207577,3.567804568855714,0.09361462639163058,5.154404097542333
3.6138305758175195,0.08184720539197725,5.403912115388153,3.727974201976264,0.08047754357761984,5.215384970429716
2.68978268083673,0.08656597745432221,5.569975302259999,3.0392520906831315,0.08517908263851533,5.634011962935755
3.112836384085253,0.08684341193842907,6.720007286731983,2.7919869569081337,0.08557250268590744,5.642271786028826
3.70828297828737,0.08514567056943692,6.645834351231635,2.9612698820303667,0.0846347700023917,6.6324104962497685
3.3682264466276424,0.08732487583242873,5.08707524732864,2.511444035500061,0.08686299786834321,5.453437622243371
2.742435349797789,0.08842999679205027,4.684980710900568,2.5268199846349972,0.08762474623819864,5.123192756372527
2.6497810624575147,0.08659041420674202,5.857662693565387,2.703876987479121,0.08641715750099788,5.308299382259993
2.495008788740679,0.08817808541036756,5.598075281425921,2.7579264869211726,0.08747655411563807,6.384693863965023
3.0920486260501137,0.08646048303100208,6.409034533664641,2.8339667789964764,0.08610244652737664,6.16843016706265
3.541697266835465,0.08733855400570614,6.1725318658720045,3.499215845678809,0.0865806515934176,6.438301560409942
2.8943457624646944,0.0888007107451003,5.990530349889665,3.1599665824852843,0.0871695447660203,5.804316365692142
2.5485745010939165,0.08624862782028321,5.867003184341651,3.262360555024106,0.08513648689778124,5.836202653921338
2.796150591620883,0.08726332214129763,5.661607025036587,2.820605209115313,0.0861052870209458,4.666511015296359
3.212482888365101,0.08247907486897466,5.732220751232904,2.7841727725695167,0.08129306342034681,5.798126298691295
3.2781658362961243,0.08655958917568476,5.636007708011119,2.8937119941322513,0.08585301888654416,5.47797795198676
2.8250850534661773,0.08701818177644743,6.0136438511712225,2.5987314944714397,0.08619674355461238,6.174897820866888
2.570537667575314,0.08952429386927822,6.455354465864324,2.288951832063314,0.08789489137241921,6.33635529023139
3.0457248935306653,0.08685085248330257,7.046205738446663,3.195974113887247,0.0854849237376237,6.808267186634021
3.1573401189011148,0.08774884664643921,6.359654745969688,3.152977589678509,0.0869951302209468,6.300931981205273
3.2448695897431366,0.08328421134770708,6.055367886289872,3.3411659362707504,0.08222751997453351,5.972979809260621
3.683614509565929,0.08488420878576902,5.462114146342357,3.3480646221971613,0.08331948194832554,5.58829449024571
1.7404065656616643,0.08640524438142266,5.851761583687514,3.821845498916537,0.08503650343004612,5.618111443396451
2.59751497514163,0.08300974377029464,6.2779860407261925,2.8477742822684458,0.08242989156252162,5.523890728316858
2.946274831051113,0.08360830591719548,6.204059225043489,2.3955230295862653,0.08274635800958076,5.550304320512066
2.585848629531776,0.09012420031458537,5.698677192554317,2.1109749573009244,0.08967264629633982,6.43831667152148
2.524927420216671,0.08702029984446627,6.860873946111468,2.9213508886294246,0.08547183293976761,5.721491591166168
2.4510584780877642,0.09013021327418716,6.3377427393890935,3.119082271252505,0.08945249604488906,5.737898681800963
2.599658753387976,0.08798079618665795,5.584014409574622,3.3005211517259454,0.08677866826134273,5.350961816003602
2.971859486666513,0.09046736685161694,6.195825955407377,3.0858176532531654,0.08927528657795644,5.733346178814043
2.7332757302354365,0.08483066111271456,5.410550318970553,3.0583018695368827,0.08344065038254705,4.892006647013585
2.9037797705643507,0.0857656209087762,5.2141439290605165,3.357856020431118,0.08482331253467258,5.387595916549859
2.6316031065235066,0.08713228313465612,6.187942559657932,3.437476519784975,0.0858499029050258,6.283543414391276
3.0943227348608486,0.08862843875441902,6.350096651360944,2.4476224757817553,0.08819642746111984,4.6044432720657555
2.9698197009048677,0.08561462324277104,5.055041402781016,2.9967013038087207,0.08486179193784212,5.533123799055482
2.926532341645528,0.09241891620826778,5.7685903370766995,2.472978063903484,0.09154603274563933,5.8035732530623525
3.3229793491651867,0.08527846069875934,5.912652966421323,3.495560879071878,0.085288728970269,5.454792078780923
3.310978726118817,0.08808044503338427,5.515524993557451,3.115331427552535,0.08756577220940341,5.215079998875654
2.5500237067507916,0.08924580556994095,5.874366385537487,3.8385267724696686,0.08815691479010962,5.457413642888112
3.2661547070072174,0.08066023449137098,5.681595918718591,2.768809139288043,0.08017536565564365,5.2990531707595885
2.9938134151380043,0.09350095673609955,4.494918760103635,2.7083725739765434,0.09213084680044577,4.659912092782408
3.5047380836802047,0.088073193479409,7.006752031112815,2.9404946706166943,0.08701300509633206,6.448870371694483
3.341838342996373,0.08791190872753923,6.116301132280139,2.765860139294851,0.08679320393558289,5.952912550582425
2.9302184204733006,0.08898613420021392,5.311947954461101,3.4414426626419896,0.08822427528282692,5.781525851703465
2.9369040935550728,0.08559486765882168,5.5275163117255115,2.611165863984699,0.08486122873171473,5.291618419762183
3.5835542280300117,0.08650097016402233,6.722350239028927,2.8306294778339405,0.08570796748974163,6.534285964631066
3.588036459931133,0.08235498078953829,5.642964256388608,2.8997042674329325,0.08128720670664615,5.774527733312988
3.33904075990055,0.08478529545351098,5.935021416328251,3.4141154594783574,0.08356038278760411,5.733884515624208
3.2957105225516714,0.08655776460059013,4.973694039444243,3.051717162749066,0.0859554145224339,5.574128086371976
3.2381175425668576,0.08490564237150819,5.887565896602917,2.5753833690395203,0.08363307963723106,5.969961803171974
3.4051538136709425,0.0881611566536359,5.758459492343109,2.8008919120178213,0.08711091921231484,5.959543709080318
2.691318522829739,0.08119369530426687,5.365869238096284,3.358413156767498,0.0801503014036076,4.9765562380987145
3.5739663953892142,0.08879207461399057,5.911436489134414,3.3812326767582914,0.08738829412985495,5.3350974606273835
2.6296397335359947,0.08558130623765835,5.55673997764376,2.9052334217518454,0.08437729250473654,5.403681482556401
3.400523288670458,0.09324623681556038,4.884150388255647,2.999815513019782,0.09240953162033796,4.57610391801993
2.713022168151989,0.08555363486800767,5.944895133486987,3.032622636317554,0.08481445452561988,5.191004553793759
2.4101786329630315,0.08727663370637567,6.083580181073386,3.0788879280603236,0.08607174561447187,5.268372433178987
2.5743951056315444,0.08714718639037175,5.648998912426175,3.4205279082543467,0.08656993656799773,4.6961338658122065
1.6159622780851421,0.0897160843333939,6.537677651254736,2.831945537387816,0.0881038088539246,5.534328587523437
3.394459250029053,0.08983100764905005,6.066726119767396,3.156380568817277,0.08886706250412103,5.944926172993718
2.7181786139600645,0.08973796883538956,5.606535436843312,2.912868233365379,0.08855259627825328,5.221482190886747
2.8952985229099744,0.08468207117219771,6.845557255604714,2.7837156933657723,0.08390305172520313,6.277698251232475
3.076115349821756,0.08813353880718819,6.678625773314801,3.2368660399124236,0.08702094114305849,6.111086527568008
3.2167763108229037,0.08743811688323029,6.326717183240396,3.1331333980382596,0.08625863761900934,5.977398447764678
2.645343911249712,0.08723373285214014,6.219380223679961,2.8996266707987712,0.08710383522206706,5.3894487596583405
3.5245230962415137,0.08849131762778187,5.567731337644868,3.166950149122298,0.08714769813673034,5.23735846024632
3.0335030294547938,0.08239044667008634,5.724411217426351,2.8474969356212556,0.08148896082699908,5.366989628418897
2.415593608242693,0.09427585692041572,6.634889390425474,3.022645494645814,0.0931362360484373,6.006034762231902
3.128520389418847,0.08770509934268768,5.4440166696242285,2.223023130421899,0.0867167043243309,5.510588390192336
2.822386081770016,0.08554011017786319,6.168357118134406,2.6572133413938754,0.08469950904629073,4.617157198287629
2.4298355429015097,0.09207584813823651,5.783576074013087,3.7949265989339636,0.09070798073489988,4.834591177934777
3.5969610085872192,0.09135920868095226,5.931797173509901,3.7375989229817237,0.08974720980324001,5.793526323376489
3.1520404207189534,0.08971643810297807,5.5659193212396,2.539582493068958,0.08867479270012263,4.7817088592132615
2.7209521313080036,0.08306684414097287,6.235828129823485,2.981246489074622,0.08210991561227242,5.602424458034119
3.105906481172224,0.0887446631510683,6.545080143936636,3.2374727008751445,0.0879143258327524,5.619328815989588
2.5147372596522306,0.09277404285787198,5.723191211136414,3.400950948176167,0.09173498415246109,5.79929672413514
2.3535287369028626,0.08719277156744648,5.49278320139327,2.3407950574291094,0.08609141903842144,5.885708941876327
3.271531103695379,0.08676863140332623,4.967340843232069,3.5802535999123055,0.08644996663048264,4.86800228597518
2.9314744529477474,0.08684310166870365,5.71621008171802,3.453265756619072,0.08520008571921053,5.6787416622349545
2.344618648378947,0.09056162802324447,7.062889923220169,3.077669722150844,0.08927535290151575,6.573799639891718
3.0737840673053727,0.08261253776813378,6.572561555065738,3.093454332807241,0.08199829448563858,6.6047241915496295
3.169800524728311,0.08705023391941576,6.21231887423332,3.1598625534474403,0.08642480730571303,5.394719565583998
2.8793073604717945,0.0910029474000294,6.8254839557795455,2.960340713117622,0.09040413697747224,6.147909885421985
2.8231675320891894,0.08554637077818845,5.140382467652882,2.8698189958910585,0.08478994293694822,5.400084752500965
2.300512181882576,0.09365089233682247,5.995204352172129,2.5984541191991397,0.09241634384264831,5.264154197168693
2.8874375599614654,0.09145889579818443,5.6390403591569,3.2067536747637875,0.09064011794799928,5.875697054711122
2.7565854295998515,0.08321076911671779,4.7527710941726395,3.2047957627335135,0.08270485257283801,5.264598971101835
2.4339166783666313,0.09398852223836175,6.618786815990553,3.0765739710901836,0.09335907670595914,6.212969206988426
3.242956262920856,0.08281432281461122,7.039379450585222,3.373982636567331,0.08143316419354976,6.590328092055026
3.6065743167154447,0.09462087675610178,6.178958856724102,3.129462928949151,0.09319213981375675,5.712320872906277
3.093714396197486,0.08687212662812054,5.641090839469642,4.212434148161039,0.0857584400869718,5.334481969100574
3.1649885505873554,0.0827265165387139,5.431445038069408,3.2236800043070764,0.081959727201257,6.312213619147809
2.9930784918286584,0.09035155725889903,6.198445622837558,2.636426865340975,0.08930065139648605,6.1625035344295425
2.8478150265291378,0.08767787023139735,5.706807571863449,3.0581121996971925,0.08676191714740947,5.148182141680368
2.3945149415499802,0.09480711390863869,6.6858587066081885,3.0661066393079874,0.09360717966126925,6.7627486472478715
3.5506333296639667,0.08730574849463044,5.580330846187243,2.937531089856991,0.08646344006753123,6.34036616075922
3.2123749960204235,0.08498982831662463,5.914049388232004,3.2751551114527064,0.08389494872922092,5.96890776036388
2.7482601648937464,0.08717360853189283,6.015729537200218,2.911682881748784,0.08600430460509437,6.0551134294443605
2.9120105486654047,0.08875418421997242,4.18403603132731,3.248542292353689,0.08684606941822534,3.980646825334391
2.7389742278776734,0.09325999202417433,6.1288465780409656,3.6999146050982286,0.09242305496220912,5.2910675354203
2.946828420531827,0.08756124697306975,4.854144815101126,3.344271054173487,0.08670632159128082,4.73901572541276
2.8985645688090553,0.08724173155411237,5.800694344487072,3.2475088200129707,0.08590192154334449,4.951712060528185
3.3112237210497346,0.08619668223208636,4.410910471736146,3.6497405380294143,0.08524827438258623,5.385091913481423
2.937943439301168,0.08867771363866848,5.078663493035446,3.1071601867024192,0.08799799178420742,3.792752476223304
3.1745365935684275,0.0820151065377894,5.2584014900259834,3.690153425687279,0.08139368373476027,4.829357182335906
3.1381380633718736,0.08865525559911713,5.457445011196274,2.838119917857055,0.08792828238429486,5.544019401581854
3.0790633313683764,0.08911523659909412,5.696201354155539,3.0711726979144043,0.088436535882647,5.857497865462521
2.6831805877963646,0.08704412995448123,5.387924246627774,3.203369659226425,0.08638830383685414,5.019971703477237
2.9929282661676577,0.08858777818365485,6.473461466344683,2.848491714822416,0.08770602340603881,5.428590498185391
3.4069772684415107,0.0851779173164792,5.703972969007506,3.0515132736259316,0.08397201098939114,5.355767987125911
2.736128458447517,0.08741971018792287,6.189056083480635,2.914779253585189,0.08714789066308247,5.538244506914113
3.0364166726410406,0.08462887140916708,6.319311441050222,2.6893647616181102,0.08397141626588629,5.985447393717928
3.5297099639071177,0.08732953719004129,6.204757680886383,2.924937525175079,0.08657736776612288,5.512113061248217
2.5364992856106605,0.08086971767956565,6.355087153526343,2.3483344152541044,0.0801409659972027,5.511800330693675
2.4697651392664537,0.08582142087653383,5.828190001708211,3.2342999393866267,0.08475027535623728,5.104149286751517
3.5714789557110365,0.08943038459085752,5.928873475625064,3.179240245942548,0.08813144339177126,5.145089294319681
2.4571834816145994,0.0842961133196011,6.912144254883819,3.2813967595360887,0.08311563222777833,6.1988118817888855
2.601663130682604,0.08860538946582754,6.193923379365682,3.0904942562592224,0.08801663974727271,5.647558894594884
3.185271889427736,0.09055139987169387,6.12930606942229,2.8819325001958616,0.08981274962598088,6.936595826747014
3.22647332384318,0.08476879918773808,5.856328498179733,3.4902768167915696,0.08380617664521721,5.596971962198388
4.012208741886863,0.08832677780658943,5.400475582413112,3.3672909129666895,0.08760948307819033,4.820233322140308
3.4966228709342078,0.0885254162919487,5.623685148203253,2.515156461434451,0.08776002689439265,5.5943732448134265
3.712815930865935,0.08217462194372532,5.140943015948118,3.292819112389136,0.08182786222834552,5.326053599082403
2.97949033442983,0.08424775490970621,6.05450639806219,2.737661904170519,0.08457233808816671,5.964996442720489
3.386013149339533,0.08704904590068224,5.749994537340914,2.992503384146776,0.08631743568037498,5.583880062287136
3.40895168692096,0.08870219317311692,6.2516490749035505,3.2849245994009904,0.08813532374890437,6.107771874835435
3.3912089915840182,0.08935235555866818,5.952330031828359,2.522445562300631,0.08770046267143129,6.661545463034988
2.539495730812223,0.08497668068751596,6.418006737665592,3.298803874944771,0.08431579750151133,5.299042109761264
2.8644979761676255,0.08670152983087133,6.08458457722712,3.525301069923683,0.08473986003991028,5.776736210819577
2.511002275612687,0.08692720455028007,6.858042167756538,3.162768425445157,0.08569510282572157,6.745898166117348
3.3145254464160847,0.08677031879182943,6.314599747775155,3.16527006777987,0.08589994459896294,5.30926217523472
2.96686002840573,0.09202755939796983,5.779347695861543,2.8252782749017555,0.09074107146726257,5.559234973702946
3.6743352283898076,0.09652728240768639,5.241711458101119,3.0319756260553303,0.09586780197587831,4.725159543567008
3.7199127594882997,0.08592734163847111,5.95921979472217,3.2743419034671604,0.08429987482750206,4.537287127699653
1.8701693680238467,0.08995264797845838,6.393861548937501,2.5528677589346422,0.08883343634398419,6.144587670508856
3.8309183255599337,0.08600895031604723,6.468627454782509,3.106148578634965,0.08536296639239581,6.190392351293302
2.7322167422039447,0.09151838759645275,6.350288163349656,3.465643318962577,0.0907644064063285,5.950113916931965
2.756564104105384,0.08579785784402405,5.779156141295935,3.112031577766209,0.08487321601836932,5.324418532538851
3.142733496120927,0.08646695088717923,6.226380085377299,2.7562612120171956,0.08602863881066013,6.386689009070407
3.1736994916537857,0.09262669834262355,6.227663181019418,3.1704262217274524,0.09105029881783568,5.281064483190805
3.0367477842587265,0.0816060971424573,6.613662691404917,3.276074538809313,0.08077572793408441,6.375210255825965
3.5367809799425496,0.08662262396202501,5.1835106054113,3.0572018235512806,0.08574683587104058,5.332219675019103
3.222681491128414,0.08650862051369043,5.945673752819337,3.4688403063744935,0.0855579773986913,5.982108515435444
2.9080563273000655,0.0886996899769342,5.197832197326134,2.677649159584441,0.08737117962321606,3.918398561767994
3.1869924174332773,0.08481129193328489,5.311674660496062,3.1003226618976947,0.08375660706813803,5.82576275794375
2.64821978567626,0.09055105063920492,4.946423849499992,2.6413914995135306,0.08935839226342829,4.275748341812374
3.709985965856383,0.0848558344580463,5.666224245731933,4.051340538778598,0.08394424301155924,4.812809411597493
3.01482469187681,0.0838750732934231,5.031376289797544,3.484392738275637,0.08246590855911967,5.611765071750606
3.3318556839256406,0.09140670415486402,6.28030785241403,3.430489639944153,0.09073507725926608,5.705960814219701
4.258733003915726,0.08461969343398637,6.266489663794762,3.6219304360774927,0.0837596060840328,6.081436876368635
2.7882606459833754,0.08883209588765238,5.679588809174331,2.5445998889287864,0.08727392890000805,5.604339820586465
2.9451634363569816,0.0929920640342232,5.571164978852911,2.78941578328533,0.0919534796801764,5.96330075486823
2.907642991545126,0.08733260390814503,5.0783705824427905,3.3026823295293637,0.08618709299313329,5.0867685614825975
3.388673175703619,0.09274754748982128,6.09148881086357,3.094352054448029,0.09155953421755209,6.289419822030039
2.8791293285472044,0.08352115540210957,5.163062223908718,3.2734969173285107,0.08252120217376846,4.628370292719711
3.0184039999428838,0.09143435683690584,6.113027213322645,3.4831825790719053,0.08988107219315164,5.01869914797998
2.5605593304003786,0.0816463335322079,5.363106267833871,2.559904918147842,0.08052411001538501,5.179828353267498
2.6412780545636823,0.09509258868542683,5.8088622389163325,3.4221223612515184,0.09364354692966151,5.952278457825105
3.5283018326434012,0.08904192011076716,5.8317441358088145,2.9162208831161,0.08824141409606555,4.623098359451537
2.467563088136395,0.09411468670362064,5.375616537670998,3.278696876927988,0.09338094930693361,6.461961910063234
2.6591383717856467,0.09287098363154928,6.829860144911653,3.187023012126204,0.09196181799238645,6.552410451531578
3.3655206106936952,0.09000155661605139,6.254796687182816,2.824355369178927,0.08951084547044268,6.609492234593662
3.1632505828970774,0.08648642953886107,6.201640217183089,2.3041792341805007,0.08563001988121922,5.517758715378347
3.2297134253757744,0.08891770084925969,5.8405699524883845,3.1943354945374254,0.08808060064743327,5.652813280105794
2.3052673616484167,0.08925114965542882,4.90531722771149,2.9343359347941327,0.08772160840650157,3.9678929269612024
2.083636546869195,0.08627504032997631,5.978513573888915,3.033287929407279,0.08558863005951384,5.077642758018699
3.0524107061188572,0.08239983671423695,5.310397588075266,3.1313176137204204,0.08125472921877987,5.09528513033803
2.748594791645636,0.08828424957713424,5.854605962091313,3.0918537855656596,0.08754204410092845,4.841235576830876
2.711838451388198,0.0896083800042765,6.285464109093885,3.5469545508900753,0.08849377876697605,5.823716493933902
3.482281114642967,0.09111274732914501,5.562568416723476,3.16557554929906,0.08977730196778962,5.297361705031836
3.4594008483303686,0.08633549721547586,5.607297174823018,2.6904611453840497,0.08523083714462434,5.5975307265906
3.1904129191934825,0.08962235781663488,5.317168566301609,3.4237887883624722,0.08841075422261697,4.572309354082004
3.6500623054062302,0.09236385250497496,5.565046751471891,3.244991512888784,0.09163409949959195,4.932898580350106
3.2222528286258383,0.09025085511308956,6.31296413214987,2.7841485966569133,0.0892517862457587,5.552856999217514
3.6222501154543743,0.08700366260863396,5.419280844241998,2.8904537671388155,0.08594448733694159,5.311042667616192
2.969658999434932,0.08872437019150575,5.734888181052226,3.015321274331795,0.08800375729905131,5.337227095998655
1.9415898200831765,0.08694650508565334,5.722565638302337,3.4599903131390417,0.08658155861697679,6.096153603300444
2.4571562327107,0.08670245727190656,5.722947142912628,2.5540950301519763,0.08577641820155917,5.445336051883693
3.214284866801651,0.08936768252578255,5.648502979571941,3.449297906299109,0.08841783415302357,5.623816144074677
3.94486631883606,0.08883655752512477,6.633628061459654,3.629411810480609,0.08823699953842919,6.29040469592215
2.7789380692734635,0.08336734062967495,4.455246384368472,3.008514225642174,0.08243229919384798,5.6297400075425506
3.3987855804478837,0.08864785991902266,6.163002273408934,3.1990371903454746,0.08761398245736662,5.916845737888801
2.6872990954099483,0.09009868593325804,6.062611266226071,3.0514613450637604,0.08906635580976353,5.738071938590921
2.4907907063439025,0.08623957301258323,5.437035906849277,2.9345347779945232,0.08552631806573031,5.2468845119312
2.99709310793355,0.08820910559640958,5.518392460577028,3.175441372870332,0.08698379590135646,6.306361802405227
2.577533289154866,0.08446203582406808,6.1525156615125365,3.6136744420757743,0.08402614439111218,6.27306657218796
3.3847282956009788,0.08912297965774811,5.766470500837829,3.473146982588755,0.08766006079567505,6.042716164388313
3.4025539027609466,0.0885880157925189,6.240560232273341,2.5958356315924473,0.08727660876550446,5.708641229611892
2.6099437614426235,0.08478914678921576,5.448313626370975,2.717300906772692,0.08389386638338943,5.4614478992395075
3.8413355416397192,0.08374729827977076,4.984768138661253,2.8776407160992075,0.08286843854170606,4.386061706678795
3.619548044130894,0.08757842486617018,5.5299633156456105,3.447235077624597,0.08674941806475965,4.82746681852967
3.193384658813523,0.08572240679924283,5.788025703608065,2.4446546348706657,0.0848855976856804,4.642660538967527
2.786952264054282,0.08466097065852488,6.252371452036525,2.2395388765275466,0.08300707549072207,5.982097351357012
3.1509993273637384,0.08786366076158553,6.097310215496484,3.0542038394274873,0.08710278545068698,6.522785253716496
2.609586227392122,0.08972549960833828,5.676869146604802,3.72929859779753,0.08901053694676374,6.1735979318900265
2.921052496250161,0.08373593759008219,5.815044012994216,3.1539459093223945,0.08271301201783021,5.1438281516212685
3.020249374852514,0.0879622814594728,5.267631645967075,3.3496253293560843,0.08702176042697722,6.377886460879231
2.5973315913129063,0.09039707004448633,6.096060388077229,3.298438739704153,0.08928694094097121,5.99478179558362
2.2715872724378228,0.09056237826256415,6.42157361289676,3.7245613753901567,0.08949935644764147,5.567104125649756
2.045205706451407,0.09125368317255426,6.373323724772025,2.7492801682210706,0.08998894208053698,4.524893629730158
3.668173227000653,0.08770579140085653,6.171787573693659,3.947981372681919,0.08634112522006594,5.843469690197513
2.7890145478550146,0.08875776150574277,5.475407735993357,2.9569023782162356,0.088237699240965,5.223239457072651
3.046856033767198,0.08375678535788905,5.727823682039481,3.1744483599506834,0.08280175256379485,5.582976117833253
3.198304291311297,0.08672226765653673,6.519968321952283,3.3094774742801674,0.08560476978387419,5.5652045903459895
2.8555330027067103,0.08715134707545959,5.786385471478482,3.679266642224382,0.08619958146301206,6.005854467726819
3.302764252904143,0.09330792825105147,5.9641126887527385,2.79223538028158,0.09206423299528285,5.7420064027348054
2.7702286600953885,0.08608261189382678,4.874243442684465,2.7670885772463762,0.08507083608732091,4.693672527874103
2.7199905905248025,0.09111644805546655,6.237209411352801,2.9119179936460116,0.08974022246532634,6.164390192741969
2.7590203694781295,0.08620083841397895,5.861223566672202,2.79236227836963,0.08472465176405554,5.384310222247426
2.8256056600468757,0.0899824953148313,5.7235126748526985,2.7397380009332815,0.08876275831624707,5.459119567716672
2.9150821369491697,0.08929074192713185,6.193882071678908,2.7469416362979593,0.08782342956729006,5.221282166258467
3.643414963483759,0.09024624172613839,5.777093756277984,2.950364781992598,0.08884218574430319,6.2576339806665855
3.0367402733560627,0.0872446579747375,5.531210679429709,2.68664053124109,0.08612281744481137,5.766566257315337
2.7967594715757333,0.0858794753505042,5.393954707840813,2.897203554003641,0.0850574954456153,5.681046223446303
2.915334218665903,0.0807048598268891,7.040949585520549,3.3134311600577115,0.07985632485361151,6.024588357250265
2.7412563817874376,0.09064349027401782,6.2951071808430585,2.5707331425331033,0.09014765751097396,6.426970844355118
2.405833394740508,0.08859483002424012,5.684963582694739,3.052408774701552,0.08746500894612261,5.150162770099403
2.9812040650976686,0.08707420288205654,6.181847595556987,3.73634588412064,0.08575475353615859,6.004185731356742
2.805356411382236,0.09007692418110887,5.8486954172641665,3.379931037551941,0.08950168650715834,5.50330287198281
3.166199422479811,0.08965925049382438,5.383469693453011,2.8835759398037375,0.08818319722072339,5.073330547081961
3.304166907050814,0.0885050062042594,5.677632279517504,3.148507004540036,0.08718825871291724,5.63990334954512
3.2498370955520173,0.08369677667802454,5.346379433298841,3.281202449149347,0.08254681124752757,5.826548094767828
3.2810552958913517,0.08795267904923543,4.9175248298230985,2.752930693876024,0.08692665311496008,5.003256541279549
3.051872982327067,0.08728787303754813,5.111649288151194,2.210249731652414,0.08667641227955804,4.523354295670307
3.166844899162958,0.08682419892802,5.957059715092699,2.7314695515021286,0.08623564201727431,5.7457159586703295
2.4951204760559222,0.09004267937410146,5.845631588456916,2.9598839710471236,0.0893026706907346,5.623148025796434
3.091208658652193,0.08589266729979107,6.001189859939331,2.937742703240009,0.08548652795907624,6.300360083088149
2.8297244948071105,0.09026639929919732,5.900923041171779,3.190370677171058,0.08989401763932359,5.35855370072879
3.3625822720252074,0.09011926435249487,5.892199626338855,3.1853166272040356,0.08931834377697793,5.75044379149497
1.7614931333916752,0.08933123113889906,5.8507961034689195,2.619316437206525,0.08805683112434065,5.186376453368501
3.330986728085886,0.08708408993513068,5.053886693805066,2.7924225088767574,0.08639411950319424,4.921459685969704
3.59601059648876,0.0848014565977821,5.097771141472354,2.947914635460208,0.08344644487334717,4.969943054625318
3.728344083846912,0.08506131098278374,5.89762067170513,3.2136304185663156,0.08419420399300268,6.106935999987572
3.5051012852109973,0.08486290913845841,5.644359578577335,3.2269185379235474,0.0838997645051177,5.2415742606551285
2.4478906577521444,0.08578183772168681,6.358591119959181,3.221423868465715,0.08458818293800006,6.040166401586187
2.602132026746631,0.0883512113962038,6.024887630291633,2.0489882364180643,0.08675445820178583,6.719510733987992
2.9896712283786404,0.08985257548821485,6.482439320950717,2.7996527471334356,0.08887048098044123,6.298937250605643
3.2218084794069686,0.08626846473104666,4.9189271030697945,2.843772306992134,0.08481284894558719,5.2262605023487545
2.715727282732459,0.08666842177658045,5.59590356426781,2.7732145092367713,0.08548743599099662,4.630137807079589
4.176457119422052,0.08998995239696543,6.0784870145346135,2.804984867739911,0.08833327740226435,6.072459257134874
2.621150853494089,0.08356625186618749,6.089540506956512,3.10407399098699,0.0826099099860196,6.143325594027356
3.524287797858682,0.08661193223013973,4.919280153100195,3.135069168754059,0.08566608932000554,4.635274600921135
3.5902577768578907,0.08850860383856937,5.1942999278568305,3.1581672953773277,0.08739935934885568,4.429815527056887
2.779634126604822,0.08984960635220131,5.34105115653792,2.2750721324016747,0.08841853030797182,5.401431777158443
3.939790582193675,0.08960872565044882,6.607186090950374,3.9664500201288164,0.08866640757351472,6.41836926152984
3.4953253639381487,0.09678060082169498,5.47610980021149,2.7683067200298,0.09592815143450742,5.774204863112395
2.5641510748945393,0.08709885380676365,6.120595720693077,2.654691522808003,0.08553501196693075,5.333590955327473
2.3598991911289247,0.08967983451284388,5.860904125400786,2.4350159046789,0.08877814031524164,5.33034683347585
3.623233952094061,0.09001609009308216,6.324582149967735,2.239767482532628,0.08882437039525616,6.921805194070143
3.3002693170637865,0.08729310323532719,6.048550861423837,2.7142070541036682,0.08662145804755754,6.850207252796545
3.3040971758025357,0.0930300041871732,5.732804804546705,3.0693167750862607,0.09257031560690263,5.5501242403747355
2.138522889467143,0.08959719396760774,5.133572239801901,3.207094738066756,0.08861695546274138,4.818973667183459
3.0336345904897906,0.08893552680951648,5.269031289057271,3.1567954421622044,0.08780587749983035,5.486503474239277
2.523255498392046,0.08875075661494482,6.578898422814244,4.4312378957597325,0.08741765413662027,5.7969193323793204
3.3632198103102007,0.08718126049851396,5.1816730278658385,3.3835926026912517,0.08624396866421664,5.295621175132147
2.9780359960713287,0.09034160915568501,6.745641212150631,2.9077576620949,0.0894793664572597,5.851528322036262
3.7675673382816126,0.08732779357382466,6.330231763859085,2.4317312787779035,0.08643260158998994,5.7114818019848865
3.125573472164288,0.09411152886536304,5.54422231847033,2.8208695103345525,0.09356763627751855,5.525190342412074
3.053427391086511,0.08896856921887746,5.6871487069783075,3.2974356650664443,0.08885854500322495,5.270089166904107
2.75756399692467,0.08180494277988173,5.622892591872197,3.3632361671341933,0.08119213857554491,6.08893997983389
3.1843136288351293,0.08610981738294807,6.562831220225297,3.728535599788736,0.08439313700953009,6.085946108142046
2.525128371243539,0.08785548121495639,6.8394008441286696,3.4985783972425937,0.0873870361804898,5.999540197400262
3.0335954516679795,0.08436791260104319,5.216264401108347,3.2486591455579505,0.08365152019343353,4.8373101229294075
3.56310587262867,0.08605733103340969,5.870494546677142,3.6256948316740862,0.08464764255487277,6.007481729816755
2.846976610036999,0.08776469018601438,6.036544821910061,3.168803861102748,0.08670812202394274,5.596331031145245
3.0940770865046985,0.08304810966397656,6.494097492788042,2.8156462559812283,0.08237989061877009,6.018106055234023
2.891130001146789,0.09028069144549035,6.644219273782381,2.9144807020841204,0.08901287005313702,6.95082161326851
3.1705576649375278,0.09021344912487769,6.289968675889021,2.501556257400069,0.08955586048651158,5.802473579135197
2.5651319724902146,0.08301900464037783,6.786711314770882,2.5799873091211367,0.08263204093367581,6.165859205039743
3.096959276790633,0.08829404895276646,5.914300319758112,3.2061848593879714,0.08787359443479234,5.755133689420391
3.236025631402888,0.08943209294740313,4.860129906702084,3.186877825242094,0.08822346357134998,5.390428184594216
2.8868715658369313,0.08956438892231121,5.634889404769512,3.141974351770288,0.08895441949042644,5.824295196361117
3.7208130423528387,0.08171347052679423,5.07999411630497,3.223679128066833,0.08074700766722248,5.208269108992057
2.974095441778074,0.08456221677294964,5.375047801453559,3.5414700108289043,0.08378349335537685,6.011026174364316
4.0229108824057365,0.09163201311123496,6.399212927528956,2.573997135304518,0.09043550704670297,6.9694289902243645
3.258198787647724,0.08930776342849153,6.323214010369164,3.5312911514088268,0.08855136132381283,5.894514702846213
3.16406274104662,0.08538466054110364,6.762703648511797,2.628672301351595,0.08410354546925256,5.31728996658894
3.259881244373744,0.08942313605095492,5.791970514703432,3.8894056593798774,0.08822335826289648,6.144016370461161
2.788193213242856,0.09068998491740596,5.699790270289109,2.597718303651085,0.08987676614661541,5.075196355080043
3.510001128658013,0.08595065153558511,6.531184498810226,2.5615908003788035,0.08532510963825651,6.318401145809126
2.6876571759265317,0.08782501705998114,6.468371073279426,2.3415862734013553,0.08681726596911436,5.824013325500358
2.7223016808020786,0.08732652293975215,5.996139224595901,2.587241240711795,0.08665308759620532,5.754520371499401
2.5020638572166067,0.08592156891499804,6.115702018238496,3.1182931050835325,0.08461916817590788,5.6542929511231
2.9949219594920287,0.09049315332259601,5.8406725336151135,2.971371797891914,0.08936927063585329,4.5046154050564535
2.91197233384995,0.08996919795395343,6.020001693017239,3.477722182132466,0.08916965416029081,5.593683525279608
3.738445782492971,0.08977536947905991,6.623261558856728,2.772066477185394,0.08844195228173658,5.702985154085452
2.717638895890983,0.08681133257015723,5.456685628027406,2.866445600414752,0.0857855045160807,5.208366140046231
2.7470229668629225,0.08698821325179777,6.033130351605105,3.1519421681730004,0.08575114090053186,5.571438333507024
3.6087396029251906,0.08802563815365091,5.75322740638721,3.1330792326437726,0.08722339699344532,5.583854928387032
3.827680752340915,0.09338472334592615,6.713229705482873,3.6945901058925767,0.09207639587867149,5.789476004403239
2.948668254751632,0.08832947285673902,6.117206519490419,2.4370925830548993,0.08757046866739925,6.525015480728267
3.0385207944152834,0.08113508600922718,5.742465969891616,3.143518841751041,0.08025718114634192,5.396492890319529
3.541158930418559,0.08873010994744997,6.380221021172242,3.050501876102196,0.08794472115510223,6.062619680409308
2.877034901412182,0.08773764296751298,6.984690249642219,2.8433441044168584,0.08626743490053083,6.422458988627703
3.4558907619876775,0.08642655823971172,7.275729137860679,3.5001609698896434,0.08542823573572887,6.216028056417255
3.3037405167615717,0.08415622885909975,5.36960837523873,3.2556127273981144,0.08347491374585149,4.651050059858773
2.9628825777900962,0.0857403907186755,5.870371039871268,2.308504326061695,0.08539209737427421,5.889206879483109
3.4374329527542904,0.08416355430009094,5.5979328186173305,3.4175037100041887,0.08321104567390371,5.372003430438341
3.36290414810579,0.08163567426674796,5.99223027775227,3.269148682204314,0.08089261174220319,4.790456091951092
2.694449340312807,0.08761256882322563,6.371228272606794,3.1629480594163386,0.08723266709751136,6.522981157196165
3.7484565174482247,0.09073970786678943,6.116180192531247,2.956997143591697,0.08939141050840484,5.553939679229104
2.80168146313515,0.08876622294243446,6.182958800195471,3.4677337091844658,0.08795357837979376,5.163591946716559
3.379158303117662,0.08468876941408071,4.904269547731566,2.6696481680340556,0.08361638957029341,5.572512948752341
2.715964595212445,0.091521533118093,5.720899655128951,2.717163966356953,0.09113712556505195,5.3025357435706
3.1638995738414257,0.08631300201530757,5.901948673134205,2.944005635416578,0.08519569651130615,5.808745437087774
2.2934206805274235,0.08724539197439594,6.769760133124687,2.9464179688341976,0.0860366173542643,5.892425916459872
3.4817514519960095,0.08577148159538532,6.074741173845832,2.897973237572606,0.08481113056800477,5.237372912965696
3.2805707156516375,0.08902054053132705,5.918274909259764,2.5433150154426483,0.08749075631324317,5.943628685875187
3.3960360866070127,0.08485141353860162,6.52941070902936,3.2936891716890315,0.0843515482975895,5.779766653161762
3.701282787917694,0.09253971650685391,5.994217894641522,3.297294796989549,0.0916509136406826,6.143366865659395
3.5204936819933774,0.0893120051626763,5.136004232352219,2.8656505667107344,0.08806855337847394,4.848416305058798
2.527081874867021,0.08491871235135931,4.993216815459055,2.948343372824219,0.0843744616929288,5.620089269577484
3.1705137500841456,0.08300333545357202,6.029009043967104,2.7395433894989374,0.08217926133726589,5.627086735735524
2.4130012139051265,0.08901358430294339,6.913834866240312,2.4123884080156897,0.08754084707344424,5.668167744696302
3.2168716329791476,0.08924279816950091,5.084045821326563,3.6158632548604865,0.088084579461718,5.149363868718712
3.419022251670043,0.08756964124221202,5.5764443289138965,2.642617711044056,0.08626672491945003,4.809443731193631
3.3431050124283086,0.08545403195692199,5.521673920115694,2.5580985619002585,0.0847733727661228,4.472938530779912
2.784084888442931,0.0917058746634835,6.2615672811064504,2.551347103831054,0.09077767021574414,5.418068206358585
3.477874920731056,0.08924002846247797,6.595497357838558,2.492950602152091,0.08820221449959315,6.438008583195012
2.8184044660029905,0.08764372013875811,5.84783859026628,3.6785091517224107,0.08676858873016768,5.835197018934719
3.401756801033913,0.08550621636590468,6.089606930013805,2.805876424341033,0.08444684373291154,5.95551422416204
2.7207499194603733,0.08836307707410804,6.2945264485565655,3.5452946344461536,0.08809603363462318,6.108968754027878
