m_deb1,asym_se1,sigma_hat1,m_deb2,asym_se2,sigma_hat2
5.504340218031385,0.06528452440860098,1.262635683334679,5.425087792584784,0.06456514601303115,1.2343902853772983
5.599716393113336,0.06373982579942872,1.2938476239469772,5.691642434384267,0.06268101405213644,1.2565497376753887
5.70144328748235,0.06710471458784849,1.3320473491667535,5.662425794186693,0.0661628049244783,1.3224947457853684
5.4129921685457,0.066284461740927,1.350447110852971,5.446934598898582,0.06539142508248864,1.3340320580634648
5.425191000168277,0.0636468190697279,1.318004559991251,5.6615746306343775,0.06293902295561793,1.34126686274451
5.624055313714403,0.0645506688428213,1.3280124232823722,5.653887116090981,0.06385767254682168,1.4098299700872496
5.598400125778247,0.06605048076997025,1.4249795556785858,5.513269265893314,0.06528488251415586,1.408097116251926
5.6471080432372105,0.06392050761174471,1.43669587761633,5.489721526519684,0.06311074709018276,1.362451094577039
5.559977288131097,0.06712619970270972,1.2952028966340317,5.329204024709493,0.06606838312916644,1.305599847555971
5.388282242162059,0.06369597455532836,1.3999010572356145,5.362418197766308,0.06290253426292954,1.3979635393046612
5.509624614432264,0.06357018797277697,1.3514473446335749,5.5907225411698445,0.06291154656288113,1.3323556930139102
5.534819946626577,0.062417909986105254,1.3710398202685083,5.52849539899189,0.06149492667529057,1.374771011820097
5.403177780010317,0.06783160199936845,1.3972076012826442,5.389850910823412,0.0671069158101847,1.3875252978519783
5.770950663139646,0.0624243717843945,1.226193070426275,5.585244696289908,0.061627976829031886,1.2344892361798576
5.426351769164199,0.06432557754259152,1.3252763031170718,5.393835118780431,0.06364859905441424,1.2678449274718726
5.526263425844171,0.06166666684347459,1.3126822466309511,5.517624776593071,0.06091960689726547,1.388181892026382
5.684245455436093,0.0641680874697847,1.2769214294796882,5.58171690857778,0.06338862985471905,1.322755440937571
5.475494102218705,0.06611450038547832,1.4070087760118684,5.60705794279187,0.06512350676461731,1.3954128415826736
5.238759218429037,0.06505681977145583,1.3386954168104146,5.306373665893198,0.06358717573618561,1.3514029161968193
5.480247984197481,0.06484306376619539,1.425612930852337,5.508179081063477,0.06399329518709301,1.3900434384991949
5.56638164676623,0.06445323897327303,1.3757635206715468,5.531654743484386,0.06328638976490114,1.3732117990856805
5.453288225928185,0.06568637164741256,1.3136847596711312,5.569028388847813,0.06438513460636706,1.3799760049970893
5.3974182631192695,0.06429491545854252,1.2968047102690448,5.36040660600409,0.06293148740396043,1.3122435017643426
5.370810240144068,0.06367733346390086,1.3032242341909719,5.546731340453832,0.06317638257228766,1.314051583228428
5.534680930521289,0.06532128219646219,1.3923223509302702,5.39934475798037,0.06453952932492264,1.3309789477393301
5.488094746825381,0.0631292118320601,1.2717603570167064,5.462680746183325,0.061993379683862454,1.2249364196477694
5.506662896722169,0.06580316991635667,1.3563387321940037,5.511507287549679,0.06485694894281965,1.3201264642020083
5.3661687380436955,0.06466196352196195,1.3542136475637114,5.5991062439811286,0.06409431230785798,1.3888390121357326
5.559163340026319,0.0654808250146472,1.328289246155484,5.440033086251378,0.06452539042777919,1.3457135978975099
5.477437509028825,0.0682808053089833,1.412441971180984,5.40743623486808,0.06749146018531302,1.36851992068275
5.370382503736818,0.06413166211862899,1.299199548660574,5.4376750518930255,0.06327825934265113,1.3156099906399707
5.61819704327709,0.06606686799641188,1.3642193701554974,5.520305055176357,0.06496632616479507,1.3237701474664145
5.422474441350901,0.06579077686925029,1.3498040235353703,5.522777738896032,0.0652775255873653,1.3727780868124924
5.6072697487798955,0.06259611093995067,1.3869715296470637,5.372880391537302,0.06185848830799818,1.3235973762815147
5.507612231114318,0.0626984933043708,1.399138263787493,5.510590036967895,0.06193736072050794,1.365146381452437
5.445467724113136,0.06680556651639821,1.298432653621757,5.376249812945629,0.06556330717484135,1.3459888885257028
5.428342685690593,0.06343646385632569,1.4023072711163067,5.453093735250601,0.0624151061067993,1.302807856583596
5.480323025182371,0.06619477801504423,1.3857953395180507,5.701706760567923,0.06570359235775125,1.348005593934819
5.32893895611208,0.061015763304162286,1.3084611320501456,5.372098715449456,0.06001296518526491,1.3401011762004085
5.329643682121277,0.0647209199613787,1.3391789852979994,5.358154187694769,0.05758129984216864,1.3794469497635997
5.6135637511008865,0.06368831205381079,1.304462219396957,5.452324461499948,0.06261455324449555,1.3426939065759327
5.257696870483099,0.06309303440347838,1.3737833468973122,5.356507952283479,0.0622061343292911,1.3622620805158747
5.523863720238609,0.06327656370507048,1.3814304162016706,5.458822424762374,0.06264327087329499,1.3225466269802626
5.305741506026459,0.0642494019073792,1.4089437308545683,5.397350746393383,0.06335122280808687,1.3582305730096518
5.601216611457136,0.06574378237690262,1.3009946410154245,5.456235681566908,0.06521446499060489,1.2485132638728464
5.486526392930924,0.06516258879566143,1.2985414149668189,5.490429364707589,0.06428294742607184,1.3059455771270587
5.210891156901551,0.0615749593227178,1.3502305046507013,5.457258524196841,0.0606205023530318,1.3444252001407324
5.5957603950504495,0.06357905009273827,1.391865306953565,5.591212162082331,0.0627996686731065,1.4381854198564548
5.805698552645333,0.0623064658661574,1.35987816804667,5.700080377768642,0.06130190509294243,1.3456116008683239
5.557437760745352,0.06441442932622436,1.2865427600071153,5.472039387919199,0.05777404858180687,1.2727341771002207
5.564223942009967,0.06364650839951295,1.278793502815254,5.683447127180303,0.06292122697095877,1.2590593902759735
5.517667592367434,0.06414348327267769,1.2651740457338156,5.652114055235022,0.06346542678174551,1.2629834811580551
5.560057470328683,0.06406473422103959,1.3532737270952224,5.702658362110155,0.06316499560887524,1.2936246094736956
5.524705107740631,0.06050057851684148,1.2917079112637773,5.650493761604651,0.05943704363146107,1.3383463371977822
5.5632035726737055,0.06531304403815193,1.3405046822802749,5.527556000784576,0.06453335870683694,1.2945021412747635
5.653054342115119,0.0692266075350704,1.327649882150139,5.6525861211459,0.0682770282182231,1.2572354041791085
5.431074881119368,0.06316562829027958,1.268766426021189,5.53104988731018,0.06257867510782969,1.2194735569404815
5.3972032472006335,0.06539627090847086,1.3878213318681205,5.42133308184669,0.06449174167746904,1.3332770723746123
5.565959553522552,0.06241389733243667,1.2358863614595466,5.44294745700591,0.06152279875788619,1.291322448795882
5.493872810286649,0.06565397351002222,1.3754419224741492,5.432531962605399,0.06476949327274885,1.3574740131591103
5.631057269282983,0.06591765280444033,1.2566318398287872,5.64166893104916,0.06518733654667035,1.2229247051343242
5.442654274801573,0.06356764068270014,1.3222241414743046,5.50681141836192,0.06250257188445256,1.3420848772093548
5.608080126232325,0.06675754604512248,1.38555478405898,5.542212826858083,0.06586097190569107,1.3188076827895643
5.61384992799765,0.06654066746735132,1.2586105293391425,5.569999561390064,0.0657034522213018,1.2997965232479602
5.532502343043322,0.0614955481547784,1.4158690030940984,5.586874142424372,0.06095698998851446,1.3561720551857979
5.540519636723904,0.06580616536913222,1.361792990639501,5.468075889247041,0.06419184927585125,1.4255023927969224
5.451284499135443,0.06265431223367354,1.326798896347172,5.486664462803299,0.062303653516538465,1.3541174791947816
5.465552853017184,0.06598250650083164,1.3640248622436368,5.596407318945163,0.0649307490250875,1.3342811559503007
5.546267422269742,0.06513950175006425,1.3517736504907552,5.523914037848268,0.06423608409790454,1.3828613267030072
5.401822093286513,0.06239423505591723,1.3144727620091512,5.402852448510868,0.06162055136656538,1.315716086486467
5.501711422546732,0.062090481824184085,1.3717941138747904,5.598370478111795,0.06113454921336417,1.3475297440888654
5.658073829293805,0.06568847492097461,1.395641606263387,5.502108186411862,0.06430768508626576,1.3707664163249649
5.569981931147044,0.06289118492328977,1.361843914236396,5.583622204069648,0.06264524089552537,1.2863322373419643
5.571651473839349,0.06560918649802273,1.2985951534648417,5.331922062482717,0.0645432215634259,1.3446680010047443
5.584056192666365,0.06429896603883746,1.3074808569680043,5.596216317661559,0.06308756967827676,1.319113390118409
5.735196800692109,0.06348901192163417,1.3357087186531293,5.582981186649126,0.0627814287655035,1.2678106312725927
5.456643671148633,0.06501721880996729,1.390150093413029,5.479372035521992,0.06400139066624569,1.3667158839001656
5.533762328279657,0.06418902925833303,1.3616332208926198,5.447072508582067,0.0633615255089585,1.2517189280135408
5.529293381079199,0.06202547855314167,1.3688007239065678,5.4950990615367505,0.06124296268141752,1.3263781403536807
5.594487197835994,0.0669398122736002,1.3141934582043184,5.526970542706567,0.06619665421313732,1.3013764773785705
5.369813731573999,0.065918089798631,1.3085402223870826,5.462686779634282,0.06516921545779347,1.2576889400539024
5.503553857011998,0.06622042765825206,1.3783797248271836,5.472220849529575,0.06533492336726246,1.373135286221054
5.425553427612363,0.06400898642071244,1.3577235161755852,5.4837047995197485,0.06322812104727767,1.314749629569228
5.553205808104717,0.06389022345507114,1.2710557241188427,5.758655372367019,0.06264076806037541,1.3576249601475288
5.558310500084271,0.06569168469629147,1.3289251705926215,5.600672987419272,0.06461872882932349,1.3157710455966214
5.381228802869277,0.0644343801110698,1.306369437188525,5.351311633264686,0.06369963937933902,1.2863689550746886
5.574445064557181,0.06486129555227922,1.365204486519478,5.515111065233083,0.06383267370753033,1.325663324113398
5.5545344777920755,0.06401184506403218,1.357660995898243,5.422874423517863,0.06284521337117041,1.3976008498520767
5.534270816632803,0.06515632347995351,1.358578974416177,5.546586659456522,0.0644918941099449,1.3301315250001537
5.5328697403681035,0.06567357065549881,1.2749324769039843,5.587972118227339,0.06589311961755927,1.2889760968798452
5.503584161450369,0.06751355255556107,1.3340799294272707,5.313333840496237,0.06659420739939753,1.3214666418667267
5.549686141941354,0.06349708161428085,1.2722101850055487,5.436275624416878,0.06277437867069759,1.3261176110086572
5.604024667001325,0.06681304478986479,1.3423018372190831,5.458835075299028,0.0661497510889152,1.368981185428686
5.5832532952879035,0.06429665729730226,1.3669674492895496,5.722516832636779,0.06341046974829884,1.3578610697459106
5.597158006495531,0.06483440858217389,1.2672411865815099,5.519023425869732,0.06416126387605856,1.2493091687785927
5.572353831816735,0.06549624505483959,1.3898658027341204,5.659636152293702,0.06456315579535594,1.3343145414583475
5.489140701713322,0.0667502800072764,1.3116972398533289,5.544669285406988,0.059138093609311736,1.268934455535138
5.410545681603741,0.06406183841072642,1.2673881839244563,5.578075522299476,0.06341022044605835,1.301260106226053
5.578052199202329,0.06302124714210586,1.3864913363069231,5.548953740783981,0.062464347160343034,1.3289792320121048
5.485215561968486,0.06410165884079289,1.3359079760533248,5.559722621370376,0.06328095747304344,1.2588322509869303
5.337833843964699,0.06347576864256715,1.3313320924329735,5.45965280935618,0.0626531437895685,1.3632133262914061
5.316001436925976,0.06356874734819327,1.384487909531304,5.472155841501487,0.06244969627440993,1.3333759915358714
5.38273724851691,0.062049789676447885,1.3658696823022498,5.387961243796525,0.061506200760156914,1.346153108025611
5.439659377909203,0.06775061292140162,1.319980252174308,5.487115842540037,0.06690764844510669,1.307725610596941
5.665196702800426,0.06387844266695462,1.3026966209846031,5.5470584715502715,0.06339046918311685,1.2677516211022963
5.43491599588086,0.06447144659406648,1.3808179270189684,5.449732144523941,0.06397090444847135,1.3501096950313383
5.583558274266429,0.06526912138310847,1.34924436783231,5.7596976627186525,0.06396953668592055,1.348917548705991
5.454462936148862,0.06501425244842325,1.2550494696913228,5.424765937095232,0.06411505608869862,1.2773265622434296
5.418146046996494,0.06599500164646026,1.425794380978626,5.447937919083145,0.06492605098780928,1.3661459197916337
5.65423557071084,0.06628311318282157,1.2753579108079771,5.772668707018261,0.06539746782809464,1.3095273378337937
5.5678231529858015,0.0657299247552175,1.3770479983184396,5.382937796902235,0.06502487693482087,1.2932466023619975
5.462330199431241,0.062440205860860895,1.3247810749415618,5.560675249478847,0.061078101271808266,1.2843430920017072
5.431440767483815,0.06447033422742757,1.4084559484412804,5.592864008410675,0.06313871696104624,1.3362884565128337
5.614497518091417,0.06534096665027457,1.3078019919671728,5.629645977945799,0.058074697163023756,1.3815403997771312
5.4512696995005365,0.06426234088539451,1.2817141756829367,5.3827082724411985,0.06308363963576016,1.3331618491013313
5.706102648325112,0.06440133223576751,1.2299103226286223,5.602871459012579,0.0634522675672228,1.2290856318019423
5.529430493998318,0.0653849114110389,1.3469445732600942,5.58179287369325,0.06453989324821012,1.3520311501080673
5.572771369902139,0.06608013550773865,1.449487103288595,5.604844802918521,0.06485448305290797,1.3660046473995642
5.6297618520245365,0.06550542360626778,1.337846238950932,5.445617562837524,0.06423824338807928,1.3099926579776113
5.688328778409312,0.06595218037541394,1.4020063105761136,5.67076328185701,0.06529016257706213,1.3641590071483023
5.588621116772242,0.0649087586041469,1.3015297210233192,5.892463711279652,0.06386620089362831,1.300391339182242
5.4958215223957705,0.06430669217224741,1.2967101478477825,5.572284061339791,0.0632423413200704,1.240909303353882
5.6403904351598575,0.06459836319884987,1.4080711616211044,5.610474115061838,0.06378932008586896,1.349127424255648
5.442671736098367,0.06544349790660084,1.265654457882786,5.4317432711313725,0.06399827162651062,1.2361325387418984
5.365268435035989,0.06517452772480105,1.4201703926884437,5.43505676113669,0.06421412637311502,1.3753667047442961
5.658731102901605,0.06494058087719067,1.4522991141725827,5.556473558592739,0.06386178892583465,1.39144783658979
5.48214349029541,0.06642242297971483,1.3355534203203008,5.435726860877297,0.0650381779159751,1.3359472865059399
5.606939377881418,0.05968985604698545,1.329365672999052,5.4924839072715255,0.058478965066096435,1.2953399088361988
5.406077277650474,0.06846624606703187,1.4148115940681316,5.446025683988962,0.0672545392321495,1.4185182802888403
5.521156676384592,0.06575333974227668,1.3050783766809197,5.675933645379006,0.0645218838937021,1.2392568057865045
5.522465455805139,0.06462401278715725,1.2717558766882628,5.458069606707362,0.06351466892303329,1.291040813965685
5.642803304056034,0.06472241233117634,1.2732288473011597,5.572917036546469,0.0636527215028071,1.2612275730755413
5.472633212472937,0.06670622648544484,1.3026573380790574,5.354227122678469,0.06533889623905292,1.372296666258936
5.4605144880924374,0.06123847803865214,1.3585494960396802,5.553360073503328,0.059857016800372136,1.330822498665491
5.425860338171369,0.0661963234001377,1.3328929231223021,5.387657203895677,0.06523938908930965,1.3229021122316371
5.729141039519337,0.06496243774403636,1.3976757639976594,5.85763990054818,0.06400697280157062,1.3713688211649118
5.45291338584452,0.06729816544319353,1.3526093973974362,5.514625978954271,0.06624996937125217,1.386301417798108
5.471854786260119,0.06752617056330695,1.3519055504737154,5.485653232338572,0.06672290719410966,1.4205518248583102
5.4608595393163855,0.06193574235036706,1.3273968729141814,5.352401073142466,0.06089239180405326,1.3712614751311458
5.388225750088994,0.0636515188984677,1.4143790506273581,5.478418528477551,0.0628701945357261,1.3162781531526413
5.56995113904233,0.06217258521871726,1.2567338613779795,5.45894846375998,0.06127134860731073,1.2519123340462064
5.486157025060761,0.06245439366959104,1.3076633572077931,5.573792276544098,0.06135921301435838,1.3192154021736822
5.550787473982817,0.06181210934999752,1.2257061322821585,5.447951147506982,0.06109366961890247,1.2123314316127012
5.648918306119483,0.06283818273322771,1.377918302623102,5.516201907560502,0.061964196639561826,1.4065150473152412
5.704370035472118,0.06639574291651437,1.3433770168460024,5.632545598894813,0.06545217615627694,1.280615612156435
5.697655181834812,0.06423681777965705,1.3315125056307393,5.506052396391807,0.06330384755976715,1.3372688689864196
5.357542935710267,0.06198747298662549,1.346928544174068,5.350647295589035,0.06139323223388867,1.340307634738048
5.513742916615037,0.06428350042457834,1.2483964857833123,5.5855493868648916,0.06340777207413113,1.2662579620982943
5.5288770519741535,0.06352249692593284,1.382695691496296,5.502000397222447,0.06266755049167633,1.3673806276327978
5.755719539210347,0.060034076879418884,1.3137673441661535,5.673155573681344,0.05939414988745609,1.3184386300217485
5.568741201649837,0.06478901578200703,1.4080895898387245,5.487797696084534,0.06386192816463801,1.3560037971360226
5.405604595240405,0.06482333656275956,1.3143165217958432,5.472303942673474,0.06384350957702578,1.3209167914488176
5.418236883016969,0.061704205993226485,1.4245183478242656,5.474595433236579,0.06108047279489118,1.2905131336763866
5.707907331902866,0.061746136102048876,1.3020014150478005,5.639116256764761,0.061219252900036866,1.2954531278619823
5.724676338802845,0.06390604953578874,1.2916930494425114,5.658420116948271,0.06316960547598915,1.2708235464081818
5.6343813831307585,0.06750043072844938,1.306955014653966,5.68915448862255,0.06718468646797918,1.3400436630166668
5.603052477550327,0.06450343798598845,1.3283111698394188,5.488581960415823,0.06365048236190304,1.3229773076000602
5.537829019799819,0.06320782611279685,1.3962519928597132,5.346769135797467,0.06269448684116542,1.3805114611652316
5.434473663322359,0.06513951421791585,1.3251859886206045,5.41167799256774,0.06426770755633367,1.276382436423445
5.324401501270911,0.06461889328910497,1.3187149737843185,5.427623805198732,0.06400324654841617,1.2789616814238618
5.3909133192291145,0.06193841429366194,1.3628913784716812,5.47276763369545,0.06088158254248312,1.2947795324755802
5.534406323572728,0.06494809437369435,1.324745493809617,5.423768387821949,0.06384383093036217,1.3485128856308668
5.623580272049198,0.06352651149577555,1.35738689877931,5.602479478347409,0.06276439962024644,1.3605093263695593
5.643500474042228,0.0645135966703141,1.3310772056981386,5.708826089607138,0.06325999271194097,1.3363806393783937
5.418373743517774,0.06489201546239416,1.367857561933109,5.6077473715248445,0.06371703186445107,1.3247067622617137
5.394420234799846,0.06555460274731613,1.4174738604443988,5.4960665785606055,0.06485869913251761,1.3386731133532643
5.56899968671957,0.0651947022760814,1.3492137674879465,5.619092499303361,0.06401066938119852,1.3821311931354445
5.4010288665772315,0.0642589114780281,1.3864732646986435,5.446620494335675,0.06301939825182071,1.3084062467609745
5.250806969073592,0.06671320922973262,1.3820519200367087,5.1695787324577935,0.06599822814256809,1.323359268262804
5.473691924005136,0.06405528141856492,1.3045381305608943,5.5238719609931675,0.06392105866688073,1.3083758111707833
5.505555496352871,0.06586304507908167,1.3263807018952114,5.350754010119125,0.06507984774603771,1.3228590633565993
5.2536187566678905,0.06268265623839263,1.3258862168375838,5.358489128862996,0.06222559996463201,1.2752142002591171
5.616326528098832,0.06355484183671159,1.3645970720587046,5.647409932721155,0.06254983332292967,1.364069817896752
5.56343005267598,0.06489863846553956,1.335741909401834,5.501435115943844,0.06425515654651069,1.2868116914069192
5.448565154481132,0.06626074098148008,1.3299379702709933,5.5797399141577815,0.06481090811113917,1.3004921505428386
5.589657054525188,0.06599801087869667,1.325861535107314,5.574266546824471,0.06498809757197833,1.296738775719751
5.617565106018667,0.0653163113162616,1.3102609269692842,5.6740550201475815,0.06475476759163117,1.3028366025295228
5.632605451358565,0.06439946373011043,1.3476528801718426,5.533004233129779,0.06363148241743345,1.2979189736093963
5.343608078535597,0.06442667639560701,1.3900964646723715,5.291254999422522,0.06361159946644326,1.2658925171587754
5.488362372138186,0.06634254952682549,1.3600224098470484,5.408785363213294,0.06543027982786999,1.3653646209007413
5.637169023892089,0.062230045080201524,1.3153857742108945,5.598973058781943,0.06121141397260731,1.30550300345532
5.55566922948369,0.06548461590695862,1.3745734408210781,5.412137914347239,0.06450290710186238,1.3321339875403957
5.536496001593805,0.06410849866060589,1.4037633849440732,5.55497066873896,0.06297533322889738,1.355094016455133
5.497545034473851,0.06417152438049885,1.4531317912293351,5.567363158054552,0.06280016669968319,1.3878359267986564
5.582514426509924,0.06684611973576317,1.3328398844192924,5.631397556965307,0.06569846313251711,1.3344193488690324
5.35722586407105,0.06479872689953127,1.295868792637291,5.451226096278924,0.06374502666697843,1.292451555253294
5.379307350253684,0.058516547312849686,1.3273194623020743,5.466357256022823,0.05772451624432079,1.3346202999224364
5.631239009970833,0.06544435899695625,1.290476850727331,5.600849305410389,0.06467150821960282,1.2669711826893792
5.514048770112005,0.06435055596616215,1.3200625365833516,5.4646198475773184,0.06329089430728498,1.2899963255116347
5.393682137491376,0.06615248555491518,1.3402976363358852,5.307953925294421,0.0654147726670395,1.3775452167370288
5.526980522281847,0.06567459835392492,1.3380964059235718,5.470728348693357,0.06438412793994219,1.3191984665457708
5.419493886682076,0.06332667171128152,1.320262340580819,5.289570777953909,0.06192251016605424,1.266986864895896
5.626975049708829,0.06618734488232184,1.366929794320968,5.617381860781509,0.0653876467623894,1.3887812759223108
5.379741931685602,0.06523833194814385,1.3123911292525996,5.33507599221271,0.06410851509441719,1.2929064898668032
5.568734623431946,0.06465015309966285,1.3358324887335817,5.483005663883453,0.06366726790592313,1.287371631007257
5.642706504522385,0.062337193497555496,1.3668829466883043,5.6504562909297436,0.061381880009351845,1.3657573096852027
5.557724708009006,0.059506577465888055,1.3562970525781206,5.419462886035027,0.05891917237374918,1.4165761905172172
5.4541320650639165,0.061843458247268,1.3120009256362293,5.462789855645733,0.06090728520658621,1.2789098850669318
5.604096160290655,0.06334347544351451,1.3192670075538728,5.638360097459596,0.062363430911276205,1.3229432981111473
5.265901274772862,0.06415471972778075,1.3432515151438549,5.453107917969377,0.06314970118080718,1.3492506981875687
5.308689186504285,0.06462113489762701,1.3682416745105759,5.42185259024348,0.06368444731348788,1.4149944794957223
5.625161545281189,0.06271775823490205,1.3851868403252707,5.418505301299834,0.06111635607253931,1.3622014649318583
5.911995561381686,0.0623803230875927,1.419581417570333,5.5898460384886635,0.06173790096317139,1.315853417769908
5.611857501809844,0.06530560973447287,1.325263895271948,5.536239496520161,0.06436251378385817,1.3202238753342832
5.648333607780288,0.06477569641547964,1.414154102677109,5.656724983686661,0.06322274907817994,1.345597656043172
5.54667174378149,0.0659673119201129,1.4090758624659498,5.565096184448746,0.06491407540097649,1.3702687498532622
5.426218884520401,0.06539592012227141,1.4152765229806674,5.391261935878636,0.06455629645499669,1.3973586434222527
5.101899771670412,0.0649302569219218,1.348053853193901,5.340042376795108,0.06386411514209085,1.3314363281140424
5.62584814820013,0.06830714062332567,1.2635332761448081,5.55842519339549,0.06746084124071924,1.2914590858817072
5.494428975339055,0.06417488517053221,1.3912932852118947,5.47743936872346,0.06325433613535146,1.408721911343701
5.296655149271721,0.06645926035238969,1.3526935335813415,5.484424222865963,0.06578003573990646,1.3134684787279802
5.517378963098687,0.06534980698638362,1.3580997797058099,5.415677109758481,0.06430241680487765,1.338177684962386
5.477874300290538,0.06443580891254039,1.3188636880945874,5.659994992993584,0.06404229648562014,1.314236074652884
5.5272842612890125,0.062435065919483855,1.3773890702956675,5.4710141479520145,0.06114459539433683,1.3144211654309217
5.622237280781241,0.06557981947285724,1.4063243494964206,5.559223898386779,0.06465551794185423,1.3990541239510978
5.634078089929588,0.06281853215175995,1.4272981368405093,5.460785658422654,0.062084510207774474,1.3747279415324754
5.496583091449716,0.06202151546438076,1.308363697295306,5.5635039543599,0.061254502687505506,1.3121916686942114
5.373346529040577,0.06573974737141239,1.4384428692931908,5.565459751149708,0.06474071074328962,1.3806624162536645
5.530633160325455,0.06422853419948392,1.4305126226255191,5.441805579715414,0.06340148983385988,1.3756014807647918
5.548838848084128,0.06606917950016723,1.3332202883103563,5.437875677917597,0.06505818926321834,1.2518693875051559
5.50263686171828,0.06446834953203576,1.3341215788395868,5.530724797626826,0.06391057361304005,1.2947101251788447
5.461993758316102,0.06373165196458541,1.2459514927934794,5.553062190333345,0.06287415539440662,1.2450428232308195
5.693241964725909,0.0649431029057486,1.2705957972871762,5.55956614910608,0.0644312819859711,1.2857068181947844
5.460403708907952,0.06311443781142784,1.3085624966911187,5.472773848161008,0.061888458780461814,1.3181479378658356
5.221408268920954,0.06647423530816127,1.3912974712696458,5.450035659617378,0.06473792986574955,1.3973899051243857
5.654741918661939,0.06553802448748189,1.308289765325294,5.620247917371788,0.06461481423449474,1.3767459028117455
5.578374435952999,0.06074947809319617,1.4001956019234993,5.5030620782969395,0.05982773762820493,1.3765330100836335
5.583144775202358,0.06437451416142333,1.2740881276002216,5.615077414793704,0.0640278353567107,1.2388526766489139
5.247611746742642,0.06548868211850573,1.3068589581878334,5.36995651829389,0.06428575335696661,1.2947454118530244
5.430960324661472,0.06343220832425013,1.3310685668854014,5.449684705165482,0.06265134956685701,1.3209939837181337
5.457094676386886,0.06370079612835212,1.4461001505799096,5.377709822549253,0.0633014280981295,1.3958681724123885
5.467904056811819,0.0655204500776124,1.3620283523180576,5.557655927841952,0.0647471315006301,1.3579661717254228
5.453429615594962,0.06523526186474601,1.3322792586740408,5.507255094821279,0.06407894811474871,1.3183012219215617
5.585184090817616,0.06455265180404958,1.3630517619895803,5.5935641744667475,0.06356968083839683,1.4428551570418957
5.471654853556724,0.06345647440068904,1.3569943990137783,5.425513145700276,0.06258109635201306,1.4544463341653318
5.718347702580653,0.06392622490229316,1.2297675421608254,5.577438874763699,0.06332427450295647,1.299243568893442
5.373980839536512,0.06337953399091215,1.3834279547819965,5.37522284969907,0.062225760160872064,1.3427131236915077
5.462701362469655,0.06588908123950041,1.330502160629273,5.483522773068272,0.06475324486570702,1.315037229342185
5.592839306126452,0.06488270974886448,1.4226599544984824,5.705962878091416,0.06391167566029042,1.394410355259679
5.484839553192639,0.06770794885947497,1.315526945184307,5.45251796230773,0.06651326949638718,1.2633987564277713
5.466875640344357,0.06445697444559027,1.26696383746828,5.537138258620243,0.06373151745017312,1.24328533698119
5.430589588906024,0.06483380873137909,1.3918620044215808,5.453509816787003,0.06394780548957814,1.4101368664516896
5.436323443496072,0.06427181378219746,1.371037909102981,5.514332947505015,0.06338420661446807,1.345191820252279
5.391227102717236,0.0625665168746035,1.4171515421091485,5.541376477438483,0.06177354208516516,1.3749077762666544
5.510526973478849,0.06516115802289606,1.2673485183020183,5.560763467510216,0.06453643619219007,1.308902302492751
5.41393528520236,0.06457069758887243,1.4127747379425346,5.700592024567206,0.0640856070973165,1.3880095069668572
5.743069424431984,0.06127276872072526,1.3541199586838957,5.735696781423041,0.06080246574181765,1.392744406853942
5.692695283152491,0.06616256898285106,1.41476555184559,5.807667647980871,0.06548390015433972,1.3507319420656636
5.389203722962417,0.06581223123365554,1.3792750137027416,5.337003322874386,0.06493776810432081,1.305013367984775
5.35509803034995,0.06384267389280544,1.3140934439975986,5.353524791869689,0.06297110056216895,1.3049650814774603
5.643952863942227,0.06555512033270369,1.4137627783660256,5.726611927830372,0.06442006496934594,1.2999135701011388
5.605314195692951,0.061403438532198,1.33941225133644,5.624243539934761,0.06084872974256515,1.3565042231303783
5.522767745790417,0.06695097354524084,1.3897085966853342,5.613906667434576,0.06583472849873592,1.4214990779550443
5.467697678809936,0.06313474944029764,1.3708919838315563,5.495689920173777,0.06220106259350478,1.3777285406745527
5.58125059674857,0.06447957910350412,1.3789955718356566,5.590094376713436,0.06378873883840588,1.3452136664853447
5.416414963922078,0.06513457774970724,1.3717497553789322,5.467098080334491,0.06425661875137227,1.4164285837581652
5.592214183795762,0.060330742822919003,1.4248538585257768,5.608571023106521,0.059698827739275005,1.3938233708065606
5.433748598017584,0.06475858253800505,1.27897223012695,5.413996426502552,0.06387603343119248,1.3092886178729208
5.39570384299901,0.06543160722151449,1.354233026184773,5.498465956670221,0.06415361250878178,1.34201616246256
5.377974979125711,0.06635394585293776,1.3430702692010836,5.367827800989576,0.0656607597567498,1.3234912592063826
5.4141527126799724,0.06469310256021925,1.2882082684592202,5.60540224140753,0.06353988394014944,1.2803887547054418
5.579373761489764,0.06247304773641043,1.2792747846738224,5.487077405122355,0.06174628107388379,1.2504111137684775
5.414169687881276,0.06260157270534149,1.341791886749633,5.327724683174,0.06164680975720685,1.296301349455995
5.558328497878928,0.06405479145320873,1.346069331227819,5.519494144741366,0.06293629138979934,1.3431162050063896
5.5556231854923395,0.06569887484098282,1.3177836342935252,5.494253991927238,0.06530080589796403,1.304277347172506
5.57027414303466,0.06595358485053511,1.2964500039333196,5.42673667388446,0.06503538042430974,1.3176055968417408
5.595657021540781,0.06600348113579167,1.2466155771591028,5.62347571385387,0.0653045488337546,1.305470405003693
5.440890196585083,0.06632313799861937,1.3673533986653343,5.527042993000882,0.06499176146421524,1.3427906973284802
5.536142830697946,0.06415012382653046,1.4016101094653084,5.562478421813532,0.06331122657609123,1.3286539280272944
5.7050896177053145,0.06425211704175171,1.3110478840963882,5.725361788100281,0.06317871886272931,1.3142320981576388
5.410271665836391,0.058781516143961265,1.338051810065613,5.350796569295629,0.05775542317085762,1.285810898823465
5.548451093155198,0.06387948269511977,1.3969068012668266,5.7228232655593585,0.06290595112804988,1.3700806858150252
5.618000488454116,0.06387895509925388,1.3083629369398107,5.523249221034504,0.06306311830231945,1.3380050472517653
5.693079621401119,0.06337764743345774,1.3103433695302111,5.598165033720418,0.06241490003298307,1.322496298319375
5.703797654398217,0.061921624150256746,1.219399836424441,5.629623936797889,0.06095016305134553,1.3125287090100066
5.604426508909252,0.06535366401621726,1.3753166558532475,5.64190789381541,0.06429166421999927,1.3154644096449832
5.414008750555195,0.06305711338816287,1.3218275774958637,5.4905080470408,0.06245458487129313,1.307697469040943
5.521596841958836,0.06590000281368578,1.3427316067766248,5.470444248216198,0.06500144340723404,1.2965897789629546
5.52856500824058,0.06201078529242301,1.407037442061956,5.645233937658494,0.06156901094844684,1.394120142714821
5.429948408917659,0.06326680498055787,1.272397552076339,5.568691416201458,0.0623659117373698,1.2735447552843506
5.398329287149871,0.06459507274232136,1.374041995861117,5.389549259875407,0.06387066922841846,1.3298236505348087
5.361884541740974,0.06603715169914894,1.2490860908829693,5.47089930476034,0.065263761017407,1.248833406406214
5.515085969305116,0.062310512922352394,1.3780712577306733,5.551638856057033,0.06108159073710339,1.33716289985076
5.587901812079337,0.06279682475995434,1.2518544021210456,5.507663549823782,0.06150005516313441,1.327986587024516
5.632164976528834,0.06459353055962902,1.3156287856475073,5.624554123558373,0.06331838152104251,1.2960930433307383
5.548347920043343,0.06548688857504874,1.4546312497814202,5.41484720041957,0.06446164001399154,1.451752818899102
5.5893856208235055,0.062048781536992795,1.3789877082915525,5.6323637379548,0.06055037034778273,1.3523872086961972
5.410774711309705,0.06400758764632423,1.358398970546905,5.400138575747251,0.0630981051879339,1.354092044005096
5.405292792586148,0.06355557543678846,1.4085679551346897,5.559395424940092,0.0624514602813453,1.3458225442142955
5.5458957460695,0.06273833588900848,1.2434630266787507,5.5569562813137265,0.06176620488375315,1.2745792640707625
5.577125486818643,0.06414236861112069,1.3533397847973025,5.457546486131137,0.06337491773478691,1.3526746896317372
5.550292542122937,0.06397637481367267,1.2317818133385998,5.545423032743271,0.0627310519229691,1.2894734132268153
5.431870717390692,0.06658285134918236,1.4073930384414368,5.460343567781445,0.06576765595000461,1.403792290261709
5.496391554152534,0.06506890201928961,1.3362975647213262,5.395922956783821,0.06418299620676567,1.3149434543589684
5.5112821001155154,0.06752129517872409,1.3694742507184936,5.43569996278771,0.06650415618339527,1.3398406871604598
5.694545659793603,0.06496521171570033,1.3163848611879692,5.427191751857525,0.06404866743298286,1.297380636760318
5.5150388973010145,0.06575673091268204,1.4100543635258562,5.234932554107902,0.06485848849866048,1.371705633935507
5.393904966102633,0.06400610856253619,1.362830536137255,5.500935650939535,0.06304500674192207,1.3365223782422313
5.578122206598346,0.0660019421272955,1.3379772396368101,5.5837352816812205,0.06497802836209475,1.3576271477244004
5.469333429616429,0.06762491470360486,1.3168823716653126,5.418528859755992,0.06687926680572369,1.3116896538945908
5.373850254264153,0.06587318751323211,1.3484559124468136,5.355360438247668,0.06514014910437645,1.3186110825562911
5.446776959340594,0.0623691513753546,1.3880497578194522,5.4117527929422815,0.061312880391633844,1.359649086296821
5.570298385927184,0.06584765789838073,1.3744941270050992,5.520098433917687,0.06452061469119715,1.3548042496066761
5.789076947674828,0.06709750315714885,1.2705567394069326,5.68689437087175,0.06585033737284239,1.295459412985325
5.512074750762032,0.064259863946622,1.2570047737357597,5.765640096459283,0.06338857302492852,1.3069167474150662
5.581733654385526,0.06548142038729997,1.2869169685929855,5.489247553045519,0.06433595566436719,1.350553270539128
5.600411646595199,0.06576060211012578,1.2961549500751572,5.734757974464808,0.06480005563074256,1.3232879433283746
5.415673465835941,0.06446215570036534,1.3071835262373679,5.583694447731184,0.06366366206256745,1.369180629141636
5.740887346035108,0.06360591075014262,1.4108776258117246,5.610669222181348,0.06303817890596485,1.4097389030617213
5.414011808015449,0.06414571325073297,1.3499173488909995,5.450955080008427,0.06341875005255476,1.3987717768084866
5.495945129930801,0.06526554996737037,1.344950698148153,5.504615896515527,0.06439295020864243,1.3056698674429201
5.633069742889665,0.06491254458166676,1.3423572897592726,5.663280230374034,0.06467385866316798,1.3436903574441954
5.402116824353796,0.06484891810785884,1.3430497830641588,5.554928857406501,0.06414702446939269,1.3927637707882332
5.601783250342205,0.06518515819496365,1.436292816714524,5.577662484408254,0.06381848337306888,1.419579064586682
5.592878824111282,0.06374830611715597,1.283477663695695,5.534764069673386,0.06271751554823572,1.2696745845370567
5.287112732688548,0.06504433948921758,1.4430517134635334,5.369270515313653,0.06430109482047897,1.4018236913692148
5.43401094246296,0.06294035170063265,1.3219710580845698,5.471962904252052,0.06200262405029503,1.3127290280089146
5.526131544499609,0.06558757827366843,1.3899614358983756,5.483155648459602,0.0650413463758451,1.3881612999677704
5.532477965853111,0.06186121119070221,1.287916514105622,5.583918055162812,0.06069833000223006,1.3187453104945481
5.460648930090838,0.06622738478849358,1.2545540606703611,5.454136567020217,0.06466599331951635,1.2752925954140755
5.533547844574497,0.06492714544508255,1.2975425577661255,5.573120583322755,0.06444464772201411,1.2993117480946832
5.602639335646784,0.06427949766522782,1.3750395025843294,5.699861970043076,0.06341197349428368,1.3628101353948052
5.514619567199085,0.06075598708774033,1.2620224692655397,5.732000516510994,0.06004865080022706,1.2238356777243333
5.524044364972875,0.06737095754867949,1.457684836238696,5.586740406493716,0.06638394299676945,1.3726116970314046
5.6464568500171515,0.06384954288624357,1.3458721318787954,5.6069016177525635,0.06311766536953355,1.2946933844435706
5.5919431582512935,0.06449715186805781,1.3266650025824565,5.512534579164612,0.06400440174226982,1.3410186174664307
5.571750736151302,0.06657390181446271,1.2850274069844896,5.539439787872291,0.06593698427351982,1.363654245295246
5.632158262143498,0.0628128008590636,1.3603458429958237,5.699235344262092,0.06193035706617605,1.3808772513896592
5.305118717030558,0.06523160699165227,1.2998528259159028,5.387485705811287,0.0640694238189959,1.3215408120206669
5.588713264693581,0.0652088629958834,1.329600228035195,5.509399731514089,0.06396347097596175,1.343182071388731
5.365978336797611,0.06591232134494875,1.3770017365291607,5.531239020498744,0.0649849362377346,1.3476196077448117
5.562114034991709,0.06242248644222863,1.316475825416437,5.414490463898387,0.06170404634512374,1.2930872410940468
5.390004961145149,0.06441500661865988,1.2796180695203556,5.347836526382534,0.0637449306475771,1.2806054671674993
5.3650183858851,0.0636360525008724,1.2863057555949404,5.508047927341318,0.062360355773452066,1.30069573698609
5.428092047359041,0.06225686528904399,1.2756234583637718,5.506782491532049,0.06135453702364984,1.3691128826254415
5.446225281209107,0.06379876391900183,1.3650764141525673,5.550549730519145,0.06258330706931363,1.3825721054738398
5.16188470964667,0.06360925983749723,1.3092961831638656,5.283900035364265,0.06241747528946263,1.3110303301678397
5.628050894212764,0.06241745347593494,1.311891695969066,5.574428115161013,0.06129855666669176,1.275664842760413
5.305649286429951,0.06640484611560427,1.3433219536665328,5.367198966969036,0.06526726384080705,1.395520272670535
5.656864806058172,0.06376033788291828,1.3363770787534657,5.277289340852307,0.0631386891014759,1.3346015678525929
5.587793077873778,0.06821814571555847,1.3086650084053804,5.627181084347394,0.06739768794699032,1.2810687659595907
5.396945183251612,0.06618633272311834,1.30063415419573,5.547810847182006,0.06513575664476366,1.3112053213790058
5.666490773145256,0.06316674321845268,1.343189681462587,5.64605477334365,0.062035012105541666,1.3829590137694907
5.876227056670528,0.06306940404814883,1.3708740417346945,6.053636663981697,0.056513083803566934,1.2742534175958706
5.423273626203355,0.06557319281994832,1.3257477992495525,5.419884295649624,0.0651604755051064,1.300483951632918
5.616584539252179,0.059547116349745,1.2358628790586483,5.382161588773893,0.06546202548400457,1.3026993361585724
5.44694673257996,0.06731313369090186,1.33045741052737,5.5070345411729775,0.06716676177907581,1.367723898687001
5.523311967406743,0.06472050078886488,1.3611654307728767,5.525409555228521,0.06396103229105284,1.3645813820857806
5.487586360720325,0.06771079633632793,1.3012142434537965,5.642039446666502,0.06690339078874184,1.3040535673418998
5.550223956265525,0.0617520935557883,1.3035378187623061,5.5849028083837835,0.06105997282492888,1.2714755023272066
5.433586215380171,0.06584657197090316,1.355593795221252,5.361854672845941,0.06484064825014739,1.3302794848422075
5.536595313706297,0.0659306232844195,1.2740976477385688,5.548340234475155,0.06480101385052413,1.3255381878940975
5.38371303153709,0.06659290396676275,1.3878224032534046,5.338250356514487,0.06567176808413629,1.2938333747726052
5.509721864101509,0.0643265410303787,1.3550773386254635,5.747197957141072,0.06350500584991213,1.351115071167714
5.625327416474921,0.06425426819665263,1.2637017754750517,5.64898424109974,0.06377725841014804,1.283914540999598
5.546989215333211,0.06335000566575956,1.3480263053463355,5.449470565931762,0.06228417053750544,1.3192177343807472
5.512401859899059,0.06594670075561228,1.2955055210017468,5.497276784819779,0.06492597155162375,1.2988000327637799
5.497273263997689,0.06364317605559225,1.3161809087901533,5.543464421755594,0.0630075016594515,1.278981919700743
5.428919596966588,0.06438047612692999,1.2739955077758254,5.270552031103154,0.06349892920733542,1.277109038895424
5.508063729164253,0.06408993821010497,1.3182355882578616,5.687988298762546,0.06274758081862805,1.328549307140954
5.473748863504983,0.061107638105225244,1.3664793335174912,5.427875014315525,0.06058465872701657,1.376035820727362
5.515706265251769,0.06413135556741294,1.2730156048550538,5.410184578399844,0.06332448211443152,1.2827895553293185
5.6655432132939465,0.06293580648836057,1.3956005158509757,5.597984957825319,0.06255120538475803,1.3809576985251864
5.5887337669346975,0.06412212352315119,1.2716602761892055,5.530965530806674,0.06332918178714898,1.266541024343743
5.599827236910186,0.06334702842472005,1.398844563113253,5.4843734323744044,0.06252595270686186,1.3817078475375708
5.542819897135234,0.06358365213068747,1.3207250424681483,5.71360695591361,0.06278384150340972,1.349749856053522
5.587386928514546,0.06436374191915434,1.333942909179665,5.394171644132887,0.06391206444101424,1.335757480869501
5.375208272959528,0.06494206924590953,1.301879077801838,5.524391802996561,0.06382563906457873,1.2734707829831917
5.2161005954251785,0.06592227610264072,1.3076710532315454,5.417131419643006,0.06465043123685613,1.295983806624988
5.304116257966524,0.06370915317681275,1.2680274246352823,5.386993732743789,0.06273735638237554,1.2743164250765888
5.3195489509245695,0.06612706228865813,1.2995486211619938,5.517261249340448,0.06555202057543508,1.247524737289696
5.608263912826525,0.06240908968103163,1.4378850723113397,5.579392498579039,0.06144771943380656,1.3818370961298836
5.514021854046275,0.06393396468270524,1.4299015449435808,5.4396807301310375,0.06309927250413885,1.3950514381526005
5.446273160067834,0.06286768627070036,1.3382239140582048,5.307852900014506,0.062438388219288106,1.3846759549674692
5.51902792078081,0.06397754088565999,1.2804195802707865,5.382865594875489,0.06298012406937674,1.2782650663165345
5.412212421505278,0.06565297550718885,1.3350878076679296,5.5055416377885,0.06442537366370372,1.337367010802556
5.631760939185848,0.06469383249278714,1.4392442965075618,5.350141067452357,0.06407944607162812,1.3543775129194915
5.509079703476798,0.0635156247067447,1.3533507525693953,5.555890089192122,0.06286742579885453,1.2726035233265005
5.319383986450623,0.06249036662023885,1.3487071668814685,5.3993479380697265,0.061944846604752794,1.282347675412866
5.562352080417894,0.06538028867803095,1.3370024725510492,5.519937520092198,0.06471118043090264,1.3257601782035127
5.4864108260643585,0.0636050865526677,1.3112858652896406,5.564223317653967,0.06311986271753864,1.2568466003148742
5.42382761139716,0.06394744034353506,1.2732633565971954,5.378396335056041,0.06280013747161291,1.2558838369119827
5.479230862107368,0.05994465458965569,1.2973308845253053,5.4911684106329055,0.05931582932943724,1.3246185625245634
5.478182212826352,0.06458173584317438,1.3055542433999836,5.438999534210347,0.0639031171597397,1.2646615898862403
5.505061213324366,0.06307209229750127,1.4321308031468452,5.522039631352086,0.06209088374923228,1.337017873129512
5.677648063716792,0.06266699018665951,1.350828358938957,5.656501140649825,0.06214910942318465,1.3416992225892825
5.531792714901059,0.06592626830598589,1.3909687093069045,5.627213296060133,0.06515865202006978,1.3972681452563105
5.400298704633792,0.06457118941626068,1.2652609778168071,5.344827082467066,0.0635252554219265,1.2281311088991143
5.526663121086677,0.06359650166148348,1.3558527224695867,5.381615252158763,0.06258127671663775,1.3141562073351842
5.455692261125064,0.064817515206356,1.3657694728469227,5.613038821745154,0.06401024840590709,1.331950215027283
5.494375231408086,0.06309754941617346,1.3539614213804219,5.526690458529409,0.0619663117769974,1.2808529054179314
5.65598629800911,0.06324070619833298,1.3410699976994573,5.660663275955589,0.062137344556779765,1.318976061203106
5.388070795351561,0.06263004714221782,1.3681024782939615,5.423005355927461,0.06228752505279845,1.3855388652001288
5.523400246353626,0.0652231796207039,1.309487320467078,5.607828545072742,0.06441250142082464,1.3134568676636253
5.6846990274258795,0.06287438279739892,1.4087896653617356,5.75656497911582,0.06243281942045199,1.3388123928723727
5.479136545379759,0.06396504976819073,1.2914111215348687,5.501960850597583,0.0633602790301036,1.324388204645528
5.444590099110534,0.06342841749356135,1.3195832247762886,5.470212257425199,0.06243487586982058,1.3316954354029413
5.496659327915791,0.06291433026449278,1.3017246776031337,5.438789613557568,0.062175932514065654,1.2832763366211222
5.554309722040961,0.06292218878978319,1.3326522439089634,5.516067295870714,0.06176481552800505,1.3049207887070415
5.66139966315428,0.06496586181288254,1.3630547098109376,5.5060081712479985,0.06415728464708889,1.335347122833615
5.389278957388721,0.06490215248563662,1.3539148691229448,5.368693814643805,0.0638742933137683,1.3337812545675236
5.436303444106943,0.06701524331910583,1.3669084678724228,5.456388859169798,0.05988158872684024,1.3264239980783683
5.531746263472018,0.06306801329441408,1.379278016505268,5.5724616288036115,0.06249501233238519,1.3476187041408723
5.556783659449795,0.06207460383073658,1.3692734464067933,5.694019040406556,0.061227403287235575,1.3680398524548116
5.412542941660259,0.06417425209345085,1.3186973463654261,5.361289230235796,0.06314337295383786,1.2828295263429106
5.467267186662558,0.07051163463344796,1.330209864026645,5.472631347150134,0.06922198369217757,1.3667701705493802
5.48050897422941,0.0637721563561127,1.237176378618928,5.455662613055634,0.06307373270834216,1.2280056172176022
5.522841268599357,0.06609306117387184,1.38368816391983,5.607807883022776,0.06489051772586393,1.283774698304272
5.4298957110282275,0.06508206397271712,1.3040036865664484,5.404540280714809,0.06431685348794916,1.3234109416132678
5.486535877130551,0.06388841896262189,1.412501747798167,5.553265001481646,0.06255329761522255,1.420297552908295
5.493551466512109,0.06213932232240975,1.2983191442375623,5.322143354669683,0.06067932591131166,1.3179466790135406
5.546766341477834,0.06339021746814913,1.3003370954870124,5.635719835746956,0.06247936132969231,1.3171299072181506
5.451841487338539,0.06167717364947195,1.3262244112838644,5.688555963172458,0.06093116471067974,1.323734915256819
5.480410871321466,0.06602510410072993,1.3731059122778353,5.4520408772251425,0.06531636851546921,1.3659513879670624
5.532626541471982,0.06604102663603974,1.429669152243381,5.482661986686605,0.06495831390259803,1.4278766040862287
5.524002602766644,0.0633073575774892,1.3744495812656086,5.564587564908658,0.06228839240314779,1.349797701048711
5.561939419626255,0.06441915337703008,1.3285493779984088,5.475726070232212,0.06376314133304284,1.326451022331611
5.607276551115285,0.06398872652431975,1.4120705133661726,5.534812109870624,0.06281605152475966,1.3951696516380232
5.532469715315456,0.0612606193461124,1.3337853312816004,5.53037251422206,0.06066086985259932,1.3683500567742706
5.599706046408846,0.0659229468604521,1.2886311141367142,5.482912503284717,0.06477045581651794,1.2877846439265153
5.476332835386801,0.06574458299600221,1.3497402408911545,5.569939523146779,0.06531814993226127,1.3822562692913885
5.633311440872449,0.06256812646763657,1.3209136759970497,5.53620589847447,0.061394548029965926,1.2800038680783696
5.58044596627706,0.06263391454870641,1.372078196832489,5.554224348343699,0.06206115278239381,1.267830662906504
5.526616019087595,0.06416429773026851,1.3590039705650836,5.577654773995772,0.06322760468002596,1.3735984952564109
5.597697336959597,0.06489870351331128,1.2420598765705633,5.50376081547195,0.06409843087458386,1.3066763916896134
5.585796428529587,0.06301598470817471,1.3361911086107772,5.730449882375042,0.06236105267504505,1.3483202152111338
5.4849749339905545,0.06708125436180797,1.2853591376771927,5.6825298478831785,0.06623101109240129,1.3356808832225278
5.269766134439,0.06335249202009888,1.3868444728352392,5.241876479443038,0.06247897224641309,1.3556837053494402
5.410454552672273,0.06482314800505819,1.4232701625514108,5.522366098839002,0.06397726148273436,1.346132625532959
5.532142735020452,0.06395798066156305,1.3790348685074156,5.496474035577809,0.06348031196825413,1.3581177983224006
5.662433113013677,0.06291334166505139,1.3877265366261928,5.633481320750609,0.0618376399066333,1.300058712050251
5.498768740060148,0.06104202356175253,1.3675337876931328,5.407970334757666,0.059810623085510425,1.3437679009539891
5.3309670756919365,0.06556129595634062,1.4074138285760793,5.373523882878116,0.0646264791504884,1.3778575946369482
5.458980439656751,0.06572811578892192,1.3456589835575528,5.42661897487072,0.06521127788145864,1.3700235815605086
5.536765767826809,0.060919884418270294,1.2922521786346013,5.541247358585136,0.05972642728573278,1.2863809357746498
5.5094927104267075,0.0631415502259364,1.3819982751651274,5.687142727519903,0.06211459045983001,1.3244418740263137
5.449239752065661,0.05997585661434773,1.372557907087632,5.3771695502881505,0.059243820388136026,1.352179336232027
5.464875996444215,0.06416009498567735,1.3301806219220071,5.456100122588587,0.06314968924849916,1.304713837400349
5.631884492314257,0.06391232673723511,1.3026862443964913,5.518442130385527,0.06306464043095061,1.2706394138696109
5.464918082152342,0.06321259674155613,1.3299951922893745,5.519961467136339,0.06245351208258873,1.3329290514953223
5.5958615417562685,0.06199502056912799,1.3271617035877925,5.637817113170382,0.06106247763533271,1.3529169242083285
5.610854871691822,0.06299055819052683,1.3310995024683971,5.504646714133674,0.06216001235803412,1.346127646015202
5.482762088482613,0.06333350592878759,1.4399577963663126,5.492386576300974,0.06265800896258243,1.4310192266690185
5.435972168533631,0.06550330625856739,1.3165194189866738,5.42080169113679,0.06502680272980384,1.3327884228019062
5.634948532191463,0.06407464486243386,1.3806969085261294,5.480425533315331,0.06319394549008617,1.3003724092163471
5.367939526425061,0.06253479245380635,1.35232986478261,5.616508368371668,0.06115735081172527,1.3796624487955704
5.415812500693669,0.0631384793573807,1.2606055768988704,5.478167166674075,0.06206611236834802,1.3263288732280802
5.6050092769434325,0.062404654981609124,1.385413800760692,5.61111601462967,0.061450091866252436,1.353342116653228
5.1743079238872305,0.06764133516365277,1.3514624494271825,5.400721073198592,0.06663688363016955,1.2725015180660808
5.558512438569849,0.06361957863130464,1.387181074868485,5.5137590082442625,0.0628723662242473,1.3782214026468365
5.5662043607155,0.06542197597155035,1.3222675608355263,5.549700461261707,0.06442198979968418,1.3371007525313852
5.436255830160907,0.06511247247405993,1.3225893179701664,5.567458346222096,0.06388730277531036,1.2867102140576991
5.4903610061862915,0.06499947513786171,1.3160373920085855,5.407194818829964,0.0637642467633159,1.2805519041856213
5.749557842166622,0.06660871376659244,1.293324560226757,5.756726742120432,0.06571356989989405,1.247392057356889
5.675273327152563,0.06437589837441224,1.2836855401388765,5.511416335656592,0.06378710776188676,1.280409146159481
5.320984611564023,0.0660477086113624,1.2808986898830363,5.446226840565942,0.06477961408767861,1.318897422015506
5.659753798740434,0.063923944724341,1.279814913620664,5.596543669719877,0.06305648408614652,1.3011579037326362
5.5226018750516825,0.0657845894373145,1.3640845507844792,5.592496790995924,0.06530007994335463,1.3532308186916
5.357377336626166,0.06465534870641478,1.3171497351179557,5.544664599732717,0.06413896375841831,1.2337133489944174
5.385569169415833,0.06249097175296211,1.3229313518936936,5.489492293706101,0.061595593311009354,1.3449721312522345
5.477802272682271,0.06406282645587953,1.3718233246316358,5.627744185696876,0.0629109004900135,1.2900970402579333
5.377665887314001,0.06564787700945564,1.345032652847901,5.259277447973112,0.06484392785489722,1.2925515990294885
5.445520422761529,0.0649464723515373,1.3507433727986273,5.626646391198809,0.06377536349946268,1.3353484590349558
5.525954324481415,0.06480165985675057,1.3792366784482821,5.5631553407131555,0.06403413453681135,1.3551686581293714
5.408430588586492,0.0662927693950186,1.3811217008724275,5.282303912843122,0.06518569810062734,1.380568024932865
5.427986235393727,0.06636849792491022,1.2811607435610293,5.51924987532397,0.06567128741462629,1.2726369794407417
5.482339035929121,0.06342308091906164,1.2947747107583951,5.412858596444383,0.06269748068002526,1.3289198915004419
5.620393472979486,0.06534409739332629,1.4144227944182381,5.582504174787549,0.0643531180436906,1.393328560029084
5.3964845375637704,0.06696404449254334,1.3545404552783786,5.4387679739074875,0.06596761821328805,1.3693057730316853
5.6845224637133445,0.06412277083169793,1.3320120253483507,5.611128989178569,0.06272454874407027,1.3629555001543183
5.502422349165277,0.06343882704878384,1.3217126032192688,5.506296811907442,0.06284942150084959,1.3441937659197845
5.487151209680577,0.064130186528865,1.4371239911808,5.503551724005572,0.06337477892000659,1.4606759224289168
5.446810815582225,0.06566844731004695,1.326613640813951,5.450327196285264,0.06503961746800489,1.281049111225529
5.822679224007746,0.06494536032534054,1.367873085139405,5.691735165216841,0.06427270818149815,1.332857198144388
5.506094023584076,0.06222529996999221,1.302858707957464,5.516010436491836,0.0614556282079848,1.266282345773809
5.479555714912427,0.06451156853765283,1.3535316261180104,5.482893655312395,0.06368133973850582,1.3538303251340431
5.54496094530961,0.06403614358613288,1.3228425124899672,5.570514419881517,0.06316153551541547,1.2852250257935085
5.724542616895119,0.06426713869610924,1.3302342271280854,5.783958325240654,0.06315522629768366,1.356781707686271
5.457758914263816,0.06489156755028244,1.3042354630649506,5.408957280354053,0.06396912406994526,1.2860009363123952
5.567032978168905,0.06405310323541574,1.391732152943508,5.571757075860126,0.06322645486967554,1.3343677655276989
5.592135664154037,0.0648272959508576,1.3202998692860146,5.587058607981136,0.06402158780990813,1.3764610662431198
5.36186790227475,0.06542997780086067,1.3328164725391483,5.494934405565651,0.06438364772638305,1.3070527459075896
5.520260619532345,0.06655696620209936,1.2818581050451794,5.525384182184317,0.06525355210898096,1.2646531165299224
5.520657410966778,0.06402466996700715,1.3347653789112046,5.660315762803799,0.06312487341752751,1.3676485478513263
5.472805472148719,0.061757870286676765,1.3698986913559823,5.456916293056772,0.06096697311088162,1.2867443072628184
5.48654594894499,0.06477274437437601,1.3318730022669867,5.437719061170958,0.06377098583553079,1.304012858020245
5.566794148644012,0.06602704022190123,1.2517846037590874,5.689673475334408,0.0651048022126482,1.282360007255378
5.5160633908394265,0.06443829119014612,1.2625037230362544,5.49702370261486,0.06355474785632105,1.2699502701876133
5.590911460727559,0.06517924589820306,1.4125972786266239,5.55840096285962,0.06472677482983495,1.4272842620410413
5.667367948955395,0.0647355101023842,1.3232464771529866,5.646679264815098,0.0636994360344703,1.3757873669849177
5.5324672265821535,0.06398208161812377,1.2862023632381356,5.578744507411133,0.06322396169829586,1.400624857058125
5.50683527160188,0.06429372471609443,1.3215602662652794,5.617734267525681,0.06371035965662838,1.2431586807871717
5.567959190384431,0.06465536103715686,1.4127454402216026,5.580675261752321,0.0640527120771642,1.372458046178891
5.396477783621987,0.06520975409882532,1.3631647440531964,5.447779840222405,0.06430371933384116,1.3225938526579613
5.670072522056529,0.06662246574707817,1.2622450844569564,5.725546609294886,0.0657900811846123,1.3093137813167344
5.477703992120499,0.06422114132537081,1.3303770934471424,5.567456098458226,0.06330206018105952,1.3029221560424082
5.332548749280969,0.06588909979746965,1.284259020799427,5.506928498258623,0.0649268951167411,1.3221048138177087
5.558443588552725,0.06448227014053179,1.3828552677206547,5.557587076527906,0.06345719220677079,1.341624390023044
5.535244575808566,0.06171199729679249,1.4174024123778208,5.61722379571814,0.060989545271300995,1.3711466306234392
5.299865552492743,0.061340314487675955,1.3108038863564702,5.466856432880222,0.06025698486151589,1.2672348034304162
5.740276333639211,0.06310287903928903,1.4117849911068783,5.673141945026866,0.06244288212937961,1.373968276230191
5.456239791263728,0.06425375702623759,1.3341180857121269,5.392834914062947,0.06345796907193084,1.3127893133126405
5.546916555808651,0.06526040188872904,1.3920241329175636,5.514317384245705,0.05874238046881973,1.344828282350121
5.5822236098152835,0.06204846567278988,1.3554758591814298,5.486224999707436,0.06103376022859408,1.3979996634028125
5.536191082909802,0.0662815610037596,1.4167056823889996,5.533901188920305,0.06480254843429244,1.3326692472120107
5.654852763965367,0.0663045142322316,1.3230194768541388,5.661631608866197,0.06556285319046654,1.3501635730408557
5.38200478844078,0.06716555010561627,1.3736136850639638,5.578571973209926,0.06621120018296618,1.3636371100860172
5.64249591915134,0.06444598796632284,1.3117408660510177,5.610304831777751,0.06345330172267563,1.2632960835493707
5.450498296444239,0.0632275938143424,1.3752485425836147,5.406583958079564,0.06200869624345721,1.3069466340504619
5.477337172931867,0.06516760984019135,1.3877466552457132,5.453715270733273,0.06433114451706917,1.3623531561519817
5.585659414387921,0.06622093369778408,1.3096633747843494,5.532454930531764,0.06536812033494313,1.3145936612506588
5.487931585877331,0.06393369056823381,1.3117652529423218,5.594243856124684,0.06302117365782071,1.281735834242409
5.372471232750909,0.06503050796455632,1.310189822525162,5.44305593232441,0.06428008454659885,1.2516106830317373
5.728660359932201,0.059706770013714904,1.266323237965767,5.6562448807763,0.058971912981676304,1.2836463817069597
5.444375777223131,0.06247855950214936,1.3633401807485679,5.4277501867662306,0.06147944034392354,1.3007921594427647
5.527905247127875,0.06504496920364525,1.2868033067217557,5.469587251608477,0.06389141398694448,1.260592252924056
5.523938403837732,0.06543568370650694,1.3788579551876448,5.505689930829164,0.06457354741337622,1.3698648479026452
5.455249382794149,0.06340193937313439,1.3788331867778372,5.433144060148557,0.0625046724782291,1.4100468726040722
5.608549797516345,0.06542205002045072,1.3838934668711622,5.622578020838958,0.06415797130387589,1.3290328120173729
5.429737506026014,0.06447361243442128,1.240650521702696,5.42527954437641,0.06322785639355247,1.3176891425193769
5.374900839944848,0.06421908249501668,1.3638072518774649,5.4370300667377585,0.06337600038654641,1.395409591730904
5.529602441680867,0.06545801192583676,1.4540774258564575,5.3586831528304,0.06448142638598871,1.4385454989215616
5.582203447570667,0.06308893374045452,1.3732952035218777,5.665069532394765,0.06226494344413432,1.3786856729160482
5.545801439645993,0.06416550669805181,1.3117431998897193,5.608752148668453,0.0633591896645703,1.31855893096382
5.328242708712924,0.061934873341459445,1.4185509194895065,5.535661319909157,0.06090349195380387,1.322820910305178
5.50119591282304,0.06423856529178446,1.3636569472099584,5.474152506812972,0.06348095739639684,1.3768749904651054
5.5446655403861245,0.061616893423916255,1.3422883297307853,5.445039278793069,0.06096356862604216,1.3637240376283437
5.40331627517488,0.0647608145025082,1.2946559776492064,5.381687036861089,0.06395556127275775,1.355892251237262
5.5951991949190445,0.06421444988179795,1.3839958362444411,5.352044642752022,0.06353840125873868,1.41641293684299
5.4757868908366225,0.05850080532260848,1.3768993538383534,5.548067565010897,0.057606661505226066,1.3393202009475433
5.555119322841142,0.06200821446749233,1.3199843807015834,5.448840748682057,0.0614163235756765,1.3228022131645796
5.282987484950616,0.06188011210547023,1.3605239005173537,5.370486238055239,0.061422330775756304,1.2639345050643986
5.587907268102743,0.0639629444855792,1.2961141169299688,5.58236767448808,0.06277637958070868,1.284076936994307
5.455043229176735,0.0610596524225183,1.2434994748643697,5.56908867023204,0.06034115469859772,1.253786338422495
5.486039682578125,0.06254703329541991,1.421907470517081,5.491221589808866,0.06122701300797656,1.3007592103328989
5.622996928934669,0.06449027113251092,1.3002259400914986,5.355773163002751,0.06334998097896047,1.2790999870952562
5.318386204324227,0.06214902772322508,1.3136114294839043,5.166248584031194,0.061112513910421815,1.3523160380282506
5.324725886311538,0.06014645676534912,1.3916660750586605,5.3647240389460205,0.05915383264663094,1.3957087779967485
5.469299404073968,0.061560443033476575,1.3144364366796915,5.582356804679603,0.06070494662689354,1.2760002240990358
5.587200658221583,0.06290123506337116,1.2572773400855775,5.614972310970055,0.06186278475784478,1.301479620236893
5.663022007420096,0.06756257164259356,1.3382544213516208,5.480552310549732,0.06661324482242502,1.312987893198645
5.36142369594884,0.0649747578052133,1.2882030998645968,5.3946290303123785,0.06362235002961149,1.3805207221988687
5.57507054018009,0.06604169826050424,1.3879526491565795,5.697289112900759,0.06510273026800904,1.303225687061612
5.621655468209612,0.06554262872468698,1.3580424281514996,5.566756090635949,0.06438725829075789,1.3148698120564062
5.5964100258611165,0.06442021829714353,1.3800892077235292,5.552989839412046,0.06321484870838077,1.3527810787135266
5.454126532695547,0.06358718944252827,1.386912144055875,5.530127201671587,0.062321039035296504,1.388263017945272
5.4466098048079115,0.0629442854981245,1.296539741779399,5.434085699747117,0.06222900365697308,1.295625376432791
5.5381207925819655,0.06652162040186906,1.2708487579709908,5.57906218251417,0.06590518483321703,1.3096226683840466
5.644942717191803,0.05933658305359071,1.3909171177764754,5.7552136083989565,0.058094843953877116,1.3924404046732537
5.52618466861572,0.06274441448652532,1.3291775759780688,5.598870899785704,0.06171157537740287,1.2430810721048193
5.41740594469628,0.06754896480463181,1.4399291297210166,5.424605237712185,0.06651845605264001,1.4275765886176806
5.365084428069718,0.06345817609970043,1.281453532627114,5.225513142703185,0.06262814054168875,1.2711384468094764
5.399617484903289,0.06732204965304445,1.4075723309496062,5.3030982826250765,0.06631086628123355,1.406109147156267
5.4370312059342325,0.06522795895965437,1.3625434888261323,5.5142218957939795,0.06482634644286916,1.395430355980322
5.5994820109218075,0.06422397737834908,1.3675314820618578,5.6669689205743135,0.06318892108787871,1.3990988072867216
5.420119883000025,0.06593971203271055,1.351232325340058,5.35206709273451,0.06494404487942167,1.3519945001476996
5.574410655856498,0.06315652183555438,1.4151143553338645,5.355539970387962,0.06222175923147542,1.3509070814637187
5.2584821689986,0.0628546775823732,1.2691965713096365,5.381087840428,0.062242437330135625,1.362477763025815
5.54025562805999,0.06388380407916831,1.3282423210474563,5.6035779458637585,0.06331951699297461,1.3433738199689362
5.440883406443364,0.06435704983401504,1.3062853329590596,5.624196960933591,0.06363145740337449,1.3346756014866146
5.477537970075098,0.06534041425845075,1.3234516967635501,5.6806694798174675,0.06417892133171214,1.2981974112812922
5.786216541776538,0.061913759941034055,1.3324178605446655,5.558161757069386,0.06145487063159034,1.3694748680419357
5.455334210139846,0.06306221639958873,1.2574019869085384,5.324036407892722,0.06195321184099504,1.2309339478076418
5.501893012936774,0.06430121872799562,1.191397379258392,5.410421281795097,0.06358844829221803,1.362346814449033
5.510733400636377,0.06385672763069745,1.2638294966465096,5.552254787473237,0.06289829071599803,1.3160303993083173
5.4104693208364045,0.06650341158390422,1.4041385582163746,5.492635447016293,0.06578024303458246,1.4019553648044558
5.389933545060457,0.06403457176110776,1.3190451744287848,5.51195838625012,0.06289322816611642,1.395552985050778
5.637356800296159,0.0661821487593692,1.3434963162385256,5.482126785234169,0.06516264606224689,1.2787961148775315
5.515473527460258,0.0651587205111293,1.3359277760163926,5.652615015006275,0.06440610164648265,1.3815252169512817
5.474419861831713,0.06382180448764761,1.2894964293473297,5.645161878973757,0.0628475603921891,1.2954462510774927
5.5850842019341504,0.0641097850706818,1.289596011953714,5.537896662560778,0.06329016997036793,1.3074841788979361
5.615808865432506,0.0636713643634357,1.360239085946227,5.606093209573392,0.06277424778239818,1.3513460610885575
5.480415898383933,0.0655376204326361,1.3198952417263112,5.709773900000193,0.0643532962326996,1.3163554078391742
5.549939285048609,0.06300378391174358,1.292663134628382,5.6833107372820875,0.062006070183265684,1.3157107899510472
5.669935661041593,0.06388568896715849,1.3559336970274043,5.451892137840719,0.06359169301940047,1.3393072461659443
5.448481521515121,0.06407260781989238,1.318087899557582,5.506485192851887,0.0636000120579133,1.3257088955155516
5.591519077892883,0.06279094273062623,1.3955809182518921,5.445345674906945,0.06171356620583833,1.3829377397661813
5.327809618223837,0.06510955583282085,1.3477803738185972,5.491359044273737,0.06416574804708289,1.389919983335601
5.4863166894273,0.06270336967759335,1.3854045795848313,5.471675271027435,0.06197122939859657,1.392588218233257
5.49119555534372,0.06562391799644013,1.4537990488155832,5.456123287030348,0.06458504023103451,1.4252434280964175
5.577077742436275,0.06178477563348095,1.2717593269965237,5.573499239722069,0.060807935622289894,1.2480460414181778
5.833488463012955,0.06304685104575615,1.4107278411620627,5.8237634148539,0.062078902976037936,1.3255782102861065
5.622208276156779,0.06488115053485959,1.3172519882932576,5.567552863011763,0.06401168752194183,1.2588890536984936
5.475124167998806,0.06422410327912,1.3609612413723577,5.52420005162193,0.0632081890388978,1.3683278539864983
5.49547905255943,0.06405745224200908,1.2891430814045584,5.390035974440098,0.06324466381816961,1.3097451248950223
5.5965408134971035,0.06385828742651373,1.2766716661218447,5.505143808756859,0.06304103831094446,1.3377706630408013
5.529657348843768,0.06537021506518585,1.2938743744424668,5.599061935849507,0.06441911508150679,1.3116101258886272
5.360842905322536,0.0681177895357217,1.2829685845839833,5.431473279488702,0.06716855224362335,1.347737917502165
5.553022186272116,0.06472425569170678,1.3633585001292206,5.547081393554454,0.06395405411579581,1.3300636954510052
5.721983470565339,0.062118387052086825,1.445209216445564,5.6691230751566,0.06143049438012241,1.4077453537368905
5.491254803118295,0.06523253714372787,1.3007067440862632,5.442486237377668,0.0642661538279819,1.3028373493410788
5.426742831299319,0.06514570871257556,1.2683330597187619,5.407596412743091,0.06439333340195891,1.2538954383808796
5.4760472448814435,0.06767016533106801,1.3907777796896945,5.4847220918786554,0.06706498841597884,1.2885757713308417
5.36262863243598,0.0637206716104601,1.3695117370877612,5.529816500910319,0.06263693003404802,1.375306022474354
5.428839457488123,0.0622600810192246,1.3566488773066767,5.4933425708934545,0.0615900234362217,1.3314401164480252
5.457682115357629,0.06359606134140884,1.3784600018008804,5.498719154146412,0.06256413046492332,1.3292464253961844
5.489040838452393,0.06282540598937512,1.2747278325567302,5.430742672827631,0.061844380775541434,1.337120210585413
5.535584626386278,0.06381104950527161,1.2886675942296857,5.428876828340432,0.06309394199242933,1.3268816886687
5.471997954356042,0.0641975003021795,1.2868975187431961,5.449157320495722,0.06338166323904867,1.3439960832146283
5.65085536358415,0.06173502817476843,1.3276363949326833,5.624961405301271,0.06083800410692998,1.3857798817102729
5.515600018000274,0.0655043906256387,1.4129861066915268,5.6238398493930335,0.06443367453965261,1.3613491874729706
5.643647026104009,0.06495593773359944,1.2787648487030994,5.619451225204018,0.06388929810829984,1.3226356275876197
5.682864864751148,0.06320479921730765,1.2503748061731301,5.620142555290878,0.06233320180588406,1.2649495353522562
5.397474501520806,0.06673115633489952,1.3674767266220857,5.566020575972192,0.059227740251731296,1.406333075737845
5.399596307859924,0.06303347503829004,1.3398563335078353,5.488136313149834,0.062251027474122304,1.3028952628647
5.646324269176583,0.06169637449370149,1.3514794380407527,5.743952951273354,0.06047896487462918,1.3356769981169931
5.52731896380442,0.06508595896920712,1.383574622919598,5.4856982767213935,0.06417391906876765,1.2973710268000025
5.622256130858015,0.06497422942491055,1.3301359336515168,5.507482521373483,0.06342461719038824,1.3434991329348056
5.409202527004763,0.06630742030276884,1.3789505563927131,5.439272552859506,0.06505151191940696,1.3059595493466039
5.5401322281733245,0.06526252407403603,1.37900276829924,5.633674358928843,0.064391778529968,1.358043950058396
5.334893381763313,0.06525183347265033,1.3574458201887958,5.313719254163261,0.06403732546737184,1.270602452494063
5.442777389160649,0.0626130867790923,1.3080590741547913,5.452990803700367,0.06178870082742565,1.3157369206807314
5.313318791433909,0.06541468378180518,1.3614143287005351,5.34514644531663,0.06454828672386441,1.3886507351844153
5.459922059899048,0.06407538409686311,1.2663900297803288,5.508284060016812,0.06297850806920333,1.2388897152202276
5.266481958926197,0.06368878265940582,1.3114021551510973,5.385962906102259,0.0630362309062862,1.3049530182454134
5.588351646647081,0.0637342715071797,1.337761144295785,5.616919557185207,0.06252205858232544,1.2927741323626933
5.5097754603357,0.06383354470694907,1.344610449968395,5.55713383873532,0.0628545128773087,1.2420718287039174
5.631292984815151,0.0626718084139191,1.3301329625295164,5.545448982687661,0.06128625782807748,1.336120106689684
5.517056335647429,0.06418281792071176,1.3290029188973875,5.557569532577551,0.06317594639898301,1.3119888010345053
5.4674528572622805,0.06638657726248522,1.2910016549827423,5.81955459777079,0.06579269822221433,1.2869991879088134
5.30616879230582,0.06474425532906163,1.2511305080402195,5.443203761343937,0.06416606471376612,1.2514504821042278
5.291918676039009,0.06418204483877214,1.3654380589595208,5.374834743771706,0.06323087737410407,1.3916848491470868
5.5487961360594,0.0637261721463477,1.3583786869687888,5.5221847713240235,0.06294861504193112,1.2924701319343206
5.478599831773601,0.05874171232885652,1.3424666655516773,5.513442870020272,0.058227986562432235,1.269447423631073
5.439832942345124,0.06532900598753365,1.296291031375237,5.436616107998998,0.06474124201910093,1.2484547715898648
5.535495760111465,0.0656768414243509,1.2765310827341716,5.600846621822971,0.06475147332936781,1.2564736261328824
5.3585131812255415,0.06357915224605735,1.3589651574201544,5.4189983600498195,0.06227520603732254,1.3218900314472224
5.666913250265568,0.06627899789254257,1.347319948746152,5.753485349137165,0.06525232559541504,1.3570816750228636
5.541145501149214,0.06396069300188102,1.2855458469738765,5.675380907452444,0.06293433858400552,1.3656254920830622
5.4638971951053446,0.06540129812045842,1.4522178819852862,5.407029982278712,0.0645202338420741,1.415527608288572
5.5467316346027955,0.06429019842987786,1.3744157897125584,5.451172370524902,0.057798486935281286,1.342430031062624
5.526499654273046,0.06331848125579635,1.3393893754011656,5.438110359032354,0.062445222139963265,1.3316605966903599
5.577126072538371,0.06874020631108214,1.34619917754898,5.521699487447759,0.06755559253865076,1.2845072875222072
5.4077446338472015,0.06320879450695079,1.282313258693058,5.5132001544540055,0.06247560899271736,1.3278658503644711
5.511284607817002,0.0641233914727158,1.2899893047735163,5.496295774650776,0.06330045465310435,1.254802445011907
5.290228172478981,0.0628369267190997,1.272163980988494,5.366212753805803,0.06222433394926711,1.2305752609877665
5.587152954750667,0.059757687241976304,1.3302317010590887,5.439641649245074,0.05906653449643677,1.324456205621488
5.681197702048493,0.06286165758364984,1.3748885487041707,5.552080575901065,0.06187196352079466,1.3530911573510687
5.497665303086102,0.06345665903268614,1.2861987135449309,5.594370413583226,0.06248139962479215,1.2878046201599396
5.5525373485476335,0.06503956339036476,1.3394185813041446,5.432546872523391,0.0639835361537275,1.3420322879894866
5.47982963326651,0.06568030453094305,1.2686540803050828,5.499272940035145,0.06473102452287781,1.2514691319106908
5.426088299033805,0.0641778135785593,1.309765500330621,5.275582739959429,0.0632055828358787,1.2918540045235323
5.77575545978995,0.06844211790835689,1.3293063393380662,5.594153180170571,0.06742633446349226,1.3020495389011078
5.409057666632885,0.06473465213822756,1.263326235320717,5.559760641497428,0.06390972800216738,1.2334482662137247
5.6095028253133945,0.06550581310856936,1.3877624542950304,5.531609364934714,0.06470485255867335,1.4148902163310138
5.410474587035112,0.06547588562868213,1.2639419812431805,5.419956514028495,0.06477752499125133,1.270323495834757
5.758225596943682,0.06374818811903465,1.3449260176667668,5.586531338647173,0.06281140111473991,1.355201020833496
5.672142703002446,0.06313183412132779,1.419848599250372,5.643602139765574,0.06261898960104723,1.4114804203750937
5.455285520619895,0.0637541770381101,1.3936172258206492,5.343755539316481,0.06308052822930024,1.361046796820008
5.45077894496461,0.06226112852461687,1.3057170385709873,5.501353937300208,0.06121517132756411,1.2554486931039548
5.467070662164548,0.0641326535815628,1.3370165725276473,5.5810601585715665,0.06318822826128882,1.4048402726091214
5.505801235305553,0.06356809246281098,1.3255906858459703,5.503289052231473,0.06277841552997421,1.3330052424380194
5.394849470320678,0.06711096840890762,1.3639657241180922,5.500751577645894,0.06571919600311965,1.3094975073292074
5.828499684901529,0.06564089221065425,1.3699059931750663,5.870487419661347,0.06449740547937331,1.355539035432627
5.5561618907955665,0.06301414424441783,1.3754015132607882,5.491619870808824,0.062409893036073257,1.332582519928515
5.363887005348655,0.06431045220814653,1.3808322700231481,5.488291137901413,0.06347122551226064,1.3951417466835767
5.234067049647095,0.06210797268380566,1.2719831071105419,5.320861627188362,0.06130762390881797,1.3150332339201831
5.52459382758963,0.06529600419009526,1.3189719598419278,5.612274407486669,0.06445088692300859,1.349998018770111
5.623931500176704,0.06439094449229392,1.2889339888537783,5.601872369620053,0.06288467188774298,1.2283643622854579
5.411104442266493,0.06105390162505947,1.3442085888410864,5.358129056439222,0.060423073008288496,1.3297285271056958
5.492114350894229,0.06418089020949101,1.3125769893594115,5.535148459630625,0.06343705603324722,1.2795253372062154
5.583778796972197,0.06482159799562094,1.4017714109828268,5.550313743553316,0.06421304860079469,1.335078816498284
5.748849311253691,0.06536697138920206,1.2815374929354424,5.67474581200577,0.06428156455544289,1.3488105361290952
5.66229693833018,0.0659703385848305,1.4422199722099713,5.445157862003695,0.06500425149432415,1.369880601148795
5.568647604434959,0.06379567234114586,1.303322626712718,5.610599682075767,0.06301426128895748,1.360195152677737
5.458843355458695,0.06306287841765887,1.3555666804139224,5.443186209932534,0.06211512529294692,1.379212489384229
5.51367003010926,0.06292821691129842,1.3493855597142868,5.537504415607835,0.06176483823566308,1.3640498847201952
5.560768279557829,0.06512853149396981,1.292745107639921,5.616108847749684,0.063911949580055,1.2684656049974774
5.513749445992548,0.06479383277594106,1.3263794485893787,5.5489121921270845,0.06420474106577481,1.377492271238005
5.342285019126583,0.06531654951779657,1.3461231205798432,5.53629432064433,0.06451269738428368,1.2756301535230679
5.704067637902382,0.06168480913805304,1.3668776256764257,5.675224972299368,0.06075332798744472,1.3184149251706156
5.452031903707536,0.06500761876713014,1.358467151514525,5.525029112904444,0.06382903958712474,1.348806414061514
5.479108917802989,0.06150772367270056,1.3189703420622099,5.616447738552768,0.06017933628390913,1.240509319459044
5.5008878709047195,0.06374656288379818,1.340373460172241,5.538834743826867,0.06291045685354708,1.314700033477224
5.635605178434296,0.0648595276801169,1.284596260241458,5.543559602241804,0.06421439376851701,1.363718940318477
5.418102241386612,0.06558831284968407,1.3329660955968745,5.3872908260895676,0.06533007721444455,1.3185563235676534
5.507906836887895,0.06326577486576777,1.3791326491561717,5.412122969164775,0.0629023086779637,1.3508683836017377
5.710286654726004,0.0641162782835105,1.3745661994855989,5.658287473547827,0.06308519210541146,1.312578842058461
5.634163481209936,0.06821098194322453,1.2126673109782578,5.609040721634383,0.06719442245028079,1.3107130306676846
5.603711330809668,0.06097669983947966,1.307700317281145,5.696948241060488,0.060047738413610614,1.3239647952419118
5.531630288047358,0.06424521610549574,1.2904785400376937,5.627004543652843,0.06302323769570031,1.2633278342653598
5.50361745352417,0.06548305821006542,1.3467877456378579,5.611228614614276,0.0644623850799617,1.3117684391651883
5.650981094803088,0.06331381702748039,1.4197457444741537,5.459475481877595,0.06285131831032507,1.4162513332616706
5.556292171461188,0.06341915595330049,1.2509003422651195,5.286484683391578,0.06292357192411085,1.2807926781393957
5.400880237686137,0.0639107704774373,1.273468658985204,5.331476720737853,0.0630677666292111,1.3339556806151194
5.467906980885962,0.0643659561754938,1.3608430655985662,5.487264939034162,0.06382672447666837,1.3053398419201045
5.454089231785217,0.06558722182149208,1.3259879613778796,5.49418685660526,0.06478788199614438,1.3426340873162708
5.3690749434146605,0.06338811313020015,1.3046248451190756,5.452120534938472,0.06290447671468194,1.388003604711632
5.522028553885882,0.0637311655294969,1.4333574033412713,5.658483055387839,0.06284217528799982,1.398233275585568
5.521247838670488,0.06557338407674705,1.3540393389077388,5.470552746693224,0.0644434868043803,1.3383336487618511
5.323681212531675,0.06441075364004596,1.345509070758933,5.44753655346292,0.06337652562673249,1.333222783208283
5.436601162319138,0.0653947956755528,1.299195926625724,5.375669927101413,0.0642490006002553,1.2806091910780244
5.35653376813871,0.06234753419017954,1.2318384847634805,5.364615155924361,0.061251204452025206,1.297828599820172
5.548910139121729,0.06462673950340926,1.2526785976723138,5.483265255546879,0.0637530357702515,1.2432440182723785
5.477946953207636,0.06276896605805221,1.356798087927604,5.432833872209271,0.06207265923449009,1.358077588756395
5.436195189567605,0.06540235464891296,1.3734383654409281,5.382430556802022,0.0642387894506004,1.2934844112055088
5.431324464725212,0.06442135953767313,1.337043635029324,5.449737562394491,0.06320989328013374,1.3556407326859194
5.54213653502723,0.06449145364873671,1.3903009213029842,5.528060097804362,0.06350646914383233,1.3466704997981538
5.562245815343584,0.06241062975950126,1.343707741467315,5.666345577697312,0.06137515271343721,1.325026361394772
5.6895869562856225,0.06326086265729901,1.2756375995644968,5.651490162755631,0.06198139241946343,1.2766018325675432
5.44287191666924,0.06427803449578927,1.3380652106227369,5.5922140048700335,0.06323027382221696,1.334169427410591
5.481058864170613,0.06240436655184712,1.361914031147487,5.658239947069854,0.06176049172662305,1.3393887749406335
5.53282062419291,0.062256747332409185,1.3561059154843895,5.460366875869968,0.061463524641410444,1.3518101108362681
5.489686495092569,0.06481276161800144,1.2846238446958111,5.338865195072258,0.0640721016529162,1.3534155924699283
5.274050033979061,0.06346886423437129,1.3702172361007399,5.276222739041761,0.062264290695798065,1.278547455162447
5.475201091409146,0.06634093388638712,1.3619982747435257,5.566798396016787,0.0657126592675053,1.3380603612024282
5.322445710407003,0.06431800742733179,1.3001515867526725,5.384760107785808,0.06315467675691566,1.270352385300359
5.704502097063426,0.06654470891158497,1.4238223449615024,5.649376651952422,0.06561577566994913,1.3668541197877255
5.3622595871697945,0.06292184766601927,1.4102278453256152,5.427725780629525,0.061569494592844096,1.338875672587025
5.554128543109785,0.06325232712782242,1.312052422456715,5.599302484365522,0.06226257146665358,1.3279982738293439
5.440834398039166,0.06492172548279068,1.3350201398636352,5.696557711646162,0.06379840590808931,1.3997130827703839
5.440810638546897,0.06623883760249039,1.3380009034377491,5.463570133922203,0.06549412656724031,1.274279047406601
5.649619202507779,0.06227803803111714,1.385834226262425,5.53849228488147,0.061770835550938076,1.3582344378212947
5.414766675630662,0.06705586829444043,1.3569738556147788,5.3563701802127,0.06606929253084225,1.3648003722655024
5.705378259259086,0.06344584447492502,1.3237007196811093,5.662486372878078,0.06280279149472624,1.278552983011074
5.686275248553232,0.0658820633209195,1.2838074146409282,5.710275264453321,0.06519855941318625,1.346736800334082
5.501618506873152,0.06582965216120663,1.3595560359697294,5.518548071318991,0.06492301554805492,1.3367403367093393
5.566719594119937,0.05976164403704661,1.3709363947027968,5.40079112211219,0.05919974311426487,1.3372097622954577
5.489593827231443,0.06714628612749562,1.2679035335366622,5.431897916716148,0.06602059910778665,1.28028882399038
5.597982459811122,0.06452589378217526,1.4041840160252472,5.441918388793988,0.06367984506657103,1.300814790669757
5.45736620434996,0.06430922317989336,1.2602058600130916,5.6487628369645595,0.06313935598062247,1.299408242016678
5.466422786729953,0.06559402577709274,1.3423455655463747,5.5285864895141446,0.06507161487178824,1.3721738056568058
5.445468284445938,0.06404655607502473,1.3206205971506635,5.4379141627126435,0.06322865320193677,1.3069624986745034
5.612314075941447,0.06546429794931069,1.400256488495281,5.491059936636658,0.06479881704744163,1.3653613191690661
5.644183748766922,0.06118873341517561,1.3424581228538133,5.625698448312382,0.06019919879507872,1.36751453989432
5.78738503415424,0.06255214279629975,1.2678951842244903,5.693409274686126,0.061433103331086605,1.2959173302057228
5.710244957250185,0.06352114663957553,1.3672488208818232,5.527873613628626,0.06275792918189793,1.458196859386808
5.469963539705801,0.0636376992862577,1.3660748602782007,5.404537564849301,0.062382342542693606,1.3490727255372303
5.581371056827195,0.06340407179773659,1.298464819720594,5.518903877252961,0.0625040896718585,1.276487932828256
5.47226160779576,0.061269898714877105,1.40067930359212,5.631930094134889,0.06029169675826523,1.3504830353240995
5.684020736526944,0.06426841652763321,1.2727676152278498,5.574243444473785,0.06315443624433359,1.283062111461562
5.477684828790522,0.06396345755360941,1.292795863627874,5.455718902819238,0.0628041134470004,1.3132258126143883
5.718753832628627,0.06823774331872469,1.2169739822316203,5.565919401926909,0.06731979271334287,1.2333163506318798
5.42321858781689,0.06303770632711893,1.3413659094345936,5.52170607089125,0.062061378667905155,1.2595017849203696
5.448502084975921,0.06604551011803896,1.2558990546880682,5.539270544765096,0.06487705074140937,1.2303945298258803
5.3332727320634765,0.06528560184649058,1.3466460138635235,5.537513772917492,0.06456980944179665,1.3259380563165564
5.226972662771164,0.06613933300464925,1.230921436984882,5.472648950766284,0.0649378848117819,1.2227992036347435
5.624502817393834,0.06047184720388872,1.341510422215087,5.542995784504299,0.05963415483791616,1.3598598554631582
5.490210692337098,0.06589864972290063,1.3748076211449254,5.470281304734873,0.0651509009665696,1.3275718052257541
5.453658357804973,0.06160351137140137,1.3679674622212488,5.457533767619729,0.06077856213494977,1.367420517762178
5.517683011041689,0.06429155813895175,1.360677605912036,5.606807090951078,0.06328237346757049,1.3757142907667947
5.55379752173458,0.06290405790085336,1.3618082855621267,5.536041803233737,0.06167815635592642,1.2926610344970852
5.542079151249501,0.0642101930498389,1.3521634303370988,5.597568144672378,0.06386355692951405,1.2943935084113705
5.5530898652793965,0.0654047846787743,1.2552518946768905,5.4521166912754095,0.0642592998415546,1.2732939651768498
5.584933398266592,0.06235272541250808,1.2984024635404394,5.395307017152572,0.061486175220428506,1.2676423082724018
5.438437652557214,0.06718047958042542,1.2662963645094734,5.353869010959573,0.06595674846318038,1.2656366165474078
5.549558309155934,0.06518039840234938,1.321586599266156,5.300724409005798,0.06430980586623812,1.3358230083285367
5.514988032449536,0.062370901490848875,1.36893148281662,5.4383770257240425,0.06163481417700994,1.3168127133715337
5.4662993551796335,0.06627433107505104,1.3443553003962208,5.674851627970728,0.06521213280606644,1.3219086438386198
5.6988698115333225,0.0665514226431229,1.37528767642118,5.69018463926697,0.0651231215765697,1.430108085395097
5.568133058652911,0.06618670816492207,1.3123607108592157,5.327796101621344,0.0652224362929709,1.2736249115138822
5.516535339485141,0.06196397412704691,1.321227048351416,5.4684882022276975,0.06103532536238868,1.3229202515754652
5.203114803601921,0.06439796341157811,1.38467880581389,5.341397675902433,0.06356754963290777,1.334304501664594
5.321962889451555,0.06821022330327063,1.3244435419317164,5.53687089916154,0.06706280850597342,1.3165545844682844
5.480075023012796,0.06423845464576347,1.3358479480550605,5.389132942443274,0.06323138508518222,1.3562499748832981
5.759300029795058,0.06539963789292946,1.3250247455013706,5.7438386751002195,0.06487730382144537,1.3821675434241856
5.528868582059152,0.06511145255611547,1.335814792499544,5.67356238120857,0.06368343839030265,1.3485408775869225
5.523961650534421,0.06608462276659445,1.4203261965573064,5.626300884840231,0.06482095371947959,1.3779866896485524
5.498769880975063,0.06165905158566061,1.331888358857825,5.470722046177261,0.06085581461607662,1.3405852761547281
5.554552366375454,0.06458938831157066,1.2506726188689472,5.440646453562327,0.06395354080540368,1.233222897567221
5.540867286813686,0.06567321845048471,1.3887813667305473,5.645306176118251,0.06497922987092768,1.3583975891879745
5.398507288438704,0.06444960844699708,1.407799410944888,5.44329224268081,0.06373187924526251,1.3171998637271052
5.261233296376999,0.06870491140226724,1.3857179059683866,5.41431102781311,0.0674912832048706,1.3326215220786934
5.574509088518912,0.0663261209790049,1.270652826207827,5.576496857049628,0.06572256822037698,1.3222292838820013
5.290737097681786,0.0640012459836265,1.2934321544213039,5.396229707882139,0.06322388809177779,1.2522729003921005
5.463053647104279,0.06621588636124308,1.288091148097844,5.411455864710072,0.06549087418276123,1.369226655435352
5.577611859686611,0.062078978062932444,1.4038994270037406,5.617255038114524,0.06098594578251967,1.381105426637159
5.705455886998933,0.06639741720396679,1.3330263072720732,5.613044981328992,0.0653829210829073,1.3297406107635963
5.62319119869886,0.06422590417601397,1.3783432983152557,5.761598969079356,0.06327137165942281,1.375289328706625
5.526140300961527,0.06113530683852554,1.2477795702778647,5.491479158437694,0.06032163487806473,1.3297894198943983
5.472846514901091,0.06616925289834856,1.2782199248612276,5.525607911663369,0.06533026759139865,1.2991505687847595
5.522400749042717,0.06489982845172511,1.2915074933830013,5.49874653491127,0.06396324616730246,1.2400636592914935
5.509384172016453,0.06650946492359634,1.3509011751717623,5.483874142318723,0.06534725305456038,1.3549853149444127
5.513646239606196,0.06405854162664944,1.2746929934236877,5.401493481553988,0.06323404222934445,1.3241067488571925
5.527034238215688,0.0633577206226438,1.3794718849253682,5.519535121224433,0.06250611139414104,1.3858751303343662
5.434037968516593,0.06329664232467239,1.350661450747603,5.544016769711943,0.06228293342385981,1.3649145266722178
5.435411500526682,0.06594080304173183,1.3904125071636884,5.532336376083203,0.0645302087988649,1.2926429875027845
5.593732971229877,0.06698173207148556,1.3613656729180257,5.858635786134561,0.06613851142168861,1.3602405209260304
5.402656448874642,0.0647949389384984,1.2935695010668902,5.499932810846343,0.0637061265170038,1.326898092300266
5.468071380036295,0.06458614633837616,1.2745263935443167,5.565151598924281,0.06349309321298428,1.2101121416351488
5.598997636632877,0.06447615565762477,1.3246964090184556,5.62268528874874,0.0636184840320625,1.3631596506643218
5.50389485668267,0.06480396830117055,1.441315231843642,5.655454914763277,0.06411411548118752,1.312010208113383
5.562696451880384,0.0613150878309981,1.3204435428647934,5.613282314457913,0.06065213932691589,1.3065625441425601
5.669755361782545,0.06515032149936306,1.3037919888591383,5.644841155336217,0.0641442818242723,1.3257377083208877
5.608984948615407,0.06450068307096778,1.2965806195257628,5.641829299949202,0.06377690470513946,1.317686586043455
5.545271536038711,0.06487253445237752,1.3185984191474476,5.583490561163227,0.0639995873607754,1.3036110056778465
5.612091124491687,0.06567262617005953,1.3151347717919608,5.5181803383223755,0.06466706437654138,1.3013339735556766
5.559326565666201,0.06375160176268625,1.3745571314086014,5.5422568886161345,0.06277411441264767,1.3342305128006142
5.424664755995095,0.06510126971926293,1.350682091897184,5.563206945651455,0.06450792929768337,1.3239071270284493
5.287560972324941,0.06220663285753132,1.3924616740017581,5.410424648511625,0.06143710731920328,1.3133724590340532
5.621867607328229,0.06410069744287997,1.3546411803226803,5.624960842163359,0.06350518893306255,1.3252833423967718
5.385913838003984,0.06157789704729466,1.3562684460085586,5.348872043017714,0.06059941269357947,1.3640085059155382
5.485361689441944,0.06187449330857645,1.306446052279815,5.680184660987891,0.06067585447108885,1.2389876157547237
5.329720323020995,0.06472165250770215,1.2964834349433272,5.337801760569541,0.0635379456653762,1.2467257002401375
5.473429177117518,0.06409065593332154,1.4145533195372493,5.567430354094637,0.06290437078047505,1.3376036910870894
5.38510895754947,0.06416301475624393,1.3672663989588432,5.453786703519243,0.0635869015363615,1.331242350670993
5.551816209078633,0.06499006665543904,1.3750757615453042,5.516488998471915,0.06425219187196252,1.4208084994032795
5.663761084761673,0.06219804482106211,1.4030590805338132,5.609514593179572,0.061198697934174005,1.3318038636105873
5.774029342546308,0.06419389314477744,1.3218651533740924,5.6884510496038185,0.06306003537537666,1.2908086508673042
5.563079854785992,0.06434022635188569,1.3348191180250326,5.422587439711252,0.06330554091756262,1.4036691476928123
5.60912943346772,0.06296914192889784,1.406721999722568,5.577867005306559,0.062287097944070266,1.3599039164228544
5.558904999705669,0.0622316610603995,1.363168255736328,5.598380635960642,0.062016890726759165,1.3493343895715546
5.385720726351048,0.06380217419074707,1.3591638315904118,5.339097702923149,0.06297856667129345,1.2939765592444097
5.65158960382659,0.0652258156982377,1.410937419884866,5.698522741898874,0.06457180575152686,1.3246609042944926
5.569981568400225,0.0649384237903131,1.3460882824538818,5.512336727119322,0.06358259141518643,1.3571807139268917
5.529997382061553,0.061527574109157615,1.3916128987058143,5.626717274326427,0.06090282759342496,1.3390780780335498
5.477986904413512,0.06308970273708865,1.3375200001807221,5.561000941546978,0.06162309294380192,1.3554771390665528
5.4719274094820145,0.06460799652920363,1.3938946214135473,5.583007895529191,0.06355833233197204,1.3124252462640242
5.483244651611789,0.06338801269499511,1.379090086592215,5.488735469618421,0.06260049057148391,1.324700687381392
5.626969093661503,0.06629711209189497,1.3137597883855014,5.520306369813678,0.06514609021609868,1.3270077930552815
5.793570746187205,0.06258002769982601,1.322202892267494,5.676021669826133,0.061861582897423946,1.338175644457717
5.69011461888432,0.06266012066991483,1.4613356742222992,5.522968349823705,0.061279437423866455,1.3850791297148841
5.1403446099863705,0.06633070729620125,1.3483982181464773,5.19888139683324,0.0653713835823391,1.3475246985796918
5.601246493942602,0.06377815674208506,1.3743437000868257,5.577504327164327,0.06311096164413924,1.3452260193062109
5.330741510494001,0.06568197146285275,1.3410556054149785,5.446539948715076,0.0645927478684423,1.3228546439947713
5.5703851405816085,0.06306739036431865,1.3739464303503128,5.540468761380372,0.06221102038306479,1.360668355501028
5.550054366509428,0.057704273511289365,1.3428688790338565,5.574036156291654,0.05705422292977164,1.395706944822348
5.601074031391209,0.06837606811378087,1.338447909239834,5.54618831630652,0.06731846658164443,1.3554889478611383
5.573556887606474,0.061525000114052555,1.3721660650443188,5.6395103559834086,0.06068908927324031,1.3802039775102002
5.475247827239834,0.06343994325475752,1.4085860831060328,5.466760685180264,0.06257217677538811,1.3853908046162828
5.565259391191225,0.06394669976815039,1.3631663261328322,5.4749964282957,0.06297785735267411,1.3329755673032517
5.431706214807681,0.06561537374949157,1.264163330671588,5.389405144213038,0.06460716884152311,1.221674998064103
5.471761530269781,0.06421366403476325,1.3425213423938682,5.406387716883449,0.0633685837894554,1.323650606675251
5.463318109949741,0.06639280663367805,1.2833645744309083,5.41357825437077,0.06534303048370328,1.2810057884419015
5.560420645027666,0.06149113974082915,1.3759249101779978,5.703973510336083,0.06048940372689155,1.2989471551780958
5.5172274336025,0.062447878363488266,1.3058050454954382,5.645133728989594,0.06136612661563082,1.3504489091008594
5.548602099311194,0.06610642526496244,1.3903210570290618,5.55541880116505,0.06549019039496268,1.3656208983528697
5.690362148218444,0.06346074354927712,1.4340562017130514,5.51999369392872,0.06258189527927356,1.4208005344415553
5.296172233511448,0.06454915909452401,1.3663049260078248,5.328083591023474,0.06327537391823516,1.3620405846490005
5.4135646925676895,0.06706960937204486,1.362158360173049,5.450244338703004,0.06582973499545114,1.3945576319887414
5.662563998812317,0.06546677953091391,1.3729235757861429,5.665158043066801,0.06451158753796364,1.274894616109384
5.47487269026058,0.06616178896441881,1.3055885866870152,5.389990261678546,0.058436122364210676,1.3496504329569492
5.579027879218523,0.062144538595254886,1.344762990816943,5.653268899367832,0.061310370911905804,1.3174432447123474
5.536742115108494,0.06623358325231715,1.333582115511343,5.634005471062844,0.06506735649388148,1.3390466756723478
5.441822358935994,0.06295011301437904,1.3043053113054082,5.4310745844610135,0.061664588873957975,1.3174961866167416
5.472818385671927,0.060088696189537646,1.4240646609636103,5.588805520723179,0.058989554767728096,1.4134850487264714
5.55059572539865,0.06583418526057234,1.3387843244752862,5.556758440791509,0.06509751703164612,1.3431082880133849
5.453956813151869,0.06666090613625113,1.325009535528735,5.648596662181365,0.06606623225102784,1.3290982306287773
5.522095510739831,0.060359615650507924,1.3751376658772427,5.508627398674364,0.059422846548826486,1.366189975299309
5.633298880494525,0.06586289982031378,1.3973668807784305,5.548371849481861,0.06542625305931034,1.4420341217875359
5.491188414567474,0.06508571525709796,1.3920962198999023,5.309637439463261,0.06429770026372031,1.3875855471677874
5.61832110536959,0.06405679754061173,1.363010089467726,5.620381140115496,0.06329862056392024,1.319979495060143
5.416871987893345,0.06522578154231637,1.3361745988151614,5.619981990507222,0.06381796452212601,1.3409187530505071
5.353866364406153,0.06342814887890404,1.3769845189285754,5.403038932530302,0.0630637985565018,1.27829531656698
5.470752516332447,0.06104977860686752,1.336809086245038,5.45189657580266,0.06010276007084812,1.3097273621489398
5.429819369231263,0.06460815845678379,1.3753429998052673,5.329490808091784,0.06390184166768297,1.3263641161574864
5.583922159656432,0.06681612222506261,1.309607123945428,5.677922554360607,0.06595203757994902,1.345773908438537
5.512429363836695,0.0653408593271343,1.3601258116467583,5.481417793084646,0.06412998829226019,1.378340554582206
5.5413312691624625,0.06404478519395668,1.3877551245173427,5.394754192747172,0.06312721475541484,1.444344315130549
5.569197485100984,0.06589755282189581,1.3554179942625375,5.586494683847094,0.06495371204002458,1.3612543057142787
5.701061486352236,0.0678278252694966,1.3375899034868777,5.6490081744699125,0.06027806061482084,1.3392275645870055
5.441601234078402,0.06616848945532738,1.2792961132344,5.331960219563028,0.06505040234104097,1.3100474254686254
5.6064064115922525,0.06438073817111543,1.3163137507489568,5.535580332729414,0.06330679103313464,1.2447678710474357
5.522531479697078,0.06625903408308302,1.3968967335606075,5.598010477943642,0.06539892905755702,1.318888444129812
5.493395313809688,0.06529805541444349,1.3338234353745118,5.495635771505206,0.06492259804796076,1.3083262096073418
5.516164523380681,0.06288748036885576,1.2936532168609178,5.4705630253346,0.06197018187289237,1.2487707322977872
5.675888692164448,0.06463045533897384,1.325539071688899,5.702101821028637,0.06367465922383542,1.339017680233501
5.6669977605664315,0.06495526584576673,1.4337146670222334,5.668115115002211,0.06420614109406879,1.4097933383623438
5.513281601796908,0.06267743788280043,1.3040857433328314,5.645402046901648,0.06178744088567102,1.370360561826657
5.562501759396585,0.0653453523423477,1.3444353670839233,5.522315618455974,0.06440155119970366,1.3538037023535423
5.5387127190226355,0.06721077291057694,1.3047657382939593,5.49377121562902,0.06621190494742234,1.2786118948110334
5.501657114972512,0.0634019510389265,1.3655996498508718,5.592298045462851,0.06249124073712092,1.305944883514025
5.372531548417133,0.06552818199540562,1.3652419516854835,5.48764082600543,0.06427560440511414,1.3158370369202843
5.515520220326498,0.06235523511752826,1.3996594807668692,5.572059794532067,0.061868342070598485,1.32527928645569
5.46171380879016,0.06446508373704343,1.3569606286580438,5.533812376166905,0.06321233578688149,1.3223615713607935
5.268091202190803,0.06544924387844465,1.3828308433942476,5.197439890943086,0.0642511566689948,1.3690652349707122
5.610463120208625,0.06304782306372707,1.276472118358566,5.597419307926504,0.06214013707428424,1.3107612583463257
5.6887389743030425,0.061767000226655176,1.2589649635904638,5.534536340413186,0.06075024909537426,1.3145390324858484
5.69900564112507,0.06380760074493863,1.335686291286299,5.72066543415936,0.0628341120097308,1.3297696827142458
5.455759755766372,0.06410937962295465,1.3898333411994706,5.424333033891845,0.0632776299434478,1.32526367366912
5.488451717106639,0.06303703733384806,1.3201572238326966,5.370151783458991,0.06169961000557471,1.3046103563916287
5.668896067915126,0.06421201480390827,1.4594093677751236,5.639592989937196,0.06340355524840016,1.457867024521548
5.5307667787366395,0.06544086245242471,1.2769168429242472,5.62923651285126,0.06454491995725717,1.3364370633268892
5.322022650057506,0.061589959355877764,1.4102117916018149,5.377507578397152,0.060547752213717984,1.3810232897137567
5.481953648855199,0.06555811860032582,1.3007957488341522,5.510665594870956,0.0647363362183666,1.3485572338380312
5.513050038049713,0.06388643634600855,1.3385888333587361,5.583569851677286,0.06307701337955827,1.3688710936876596
5.3355202453017965,0.06438452759901593,1.2843353306030305,5.679296909183626,0.06312064832768255,1.2612066257657795
5.127074105129633,0.06862134767896717,1.4116210664353814,5.346524507364404,0.06760437316077694,1.3523820734491774
5.717796830654974,0.06344790920615352,1.3729704411639714,5.766806230731724,0.06237247281104458,1.3626345034921137
5.2316405527843886,0.06412734395067228,1.3472399170004778,5.429085616950226,0.06342329280531867,1.3753219945359825
5.499732063398971,0.06187419975187103,1.3760004212903019,5.543175742804785,0.06073775751735165,1.3452966434836147
5.554511173110312,0.06364906554416867,1.3772031316196345,5.603006220242063,0.06244338812644458,1.371457008120475
5.463733023811494,0.06413356641277539,1.3470935793752374,5.508932768784834,0.06355453238473854,1.342891542721466
5.582930995949637,0.06776886353474985,1.3687143770961234,5.548236838530051,0.0667637514491442,1.369091980632651
5.5369745605141985,0.06330672988683153,1.2859160165953756,5.4539614774544996,0.0621989696531692,1.3046242877502021
5.556877812938272,0.0668588489809415,1.3748859610125403,5.400412408621347,0.06551509002045063,1.3471119053191594
5.4603775554211165,0.06445030946242611,1.3506148010009926,5.485750249227336,0.06327822940644391,1.346959817195299
5.4483542190374274,0.0669114727393003,1.3612623612858035,5.422205885139679,0.06583000287922601,1.38993074418842
5.567103654771507,0.0642884369609728,1.3838159390597915,5.514082834663492,0.05721547705246581,1.3913404808907535
5.768465619123534,0.06631405153840496,1.3330934337006541,5.6472140097163415,0.0648884345315349,1.369000995499657
5.501179710913945,0.06459906170438447,1.3487587116592943,5.4204745509987005,0.0635624487109882,1.3317716400738522
5.541533245982068,0.06448859292383116,1.3633751256297586,5.472077511129795,0.06387854916349257,1.3848790020333077
5.57862243827787,0.0608640738580023,1.4192150080503005,5.590981546008596,0.05997947058497519,1.3777258920862192
5.555322053312219,0.06554530150321915,1.3087170877156709,5.44571492143997,0.06481756548913718,1.3920729621147614
5.311537647069675,0.06516517462154008,1.2916734009596755,5.509626151844858,0.06410049804646992,1.2650769107205124
5.447145331198215,0.064920661151999,1.34380946764812,5.584523142563567,0.06369538692606254,1.4267907808292437
5.537784872122271,0.06567203078924806,1.2842985857689413,5.641809125150357,0.06508198259050733,1.2917809787268157
5.523779391189381,0.06556423942231145,1.3848086514152895,5.410050957770856,0.06448233556927234,1.2909552507159092
5.703661362776838,0.06676774371079258,1.2840490013615011,5.662165003858497,0.06568943542729987,1.2257570481945887
5.554004829585838,0.06268042167529976,1.3139049078676166,5.502494247233036,0.06182718815121015,1.3988146650133835
5.654515762015057,0.06402998044664918,1.2657567251841766,5.459728824413484,0.06308163959259967,1.2899981788018071
5.571359729483015,0.06398851528471398,1.2835949853809263,5.483099289128174,0.06312328319994218,1.2800032993982076
5.326018322773136,0.06390879715068415,1.313269780718391,5.331294946219322,0.06320419598993363,1.2813309946846148
5.192063666026792,0.06493811292544562,1.3387493351185558,5.425562868735921,0.06425150573203003,1.3208391415963543
5.485855783194401,0.06344464614998208,1.3923576756090439,5.4241341223237445,0.06268196728992599,1.4510891488233235
5.429804666598935,0.06647432447471173,1.3087176860728142,5.545397980381418,0.06566780239438587,1.3285844348044455
5.5156826787171855,0.06596483083384674,1.3580602788176366,5.421442737985256,0.06543178561191991,1.2685195397465896
5.231850544318812,0.06530444440987263,1.3025049869959282,5.3082585035749625,0.06424951437027754,1.3491358306316568
5.510938535046541,0.06449164126898829,1.2772402767562712,5.493163400182554,0.0637369585432661,1.3155391532243352
5.616143558458003,0.06324128751976973,1.2353040421710948,5.577819760937217,0.06225438577348631,1.2414113442215418
5.708442253836994,0.06378254101078804,1.3462906643824315,5.586564142605194,0.06285921189828565,1.3310141335527284
5.703418341344457,0.0629124793924566,1.264812835847926,5.691472312677177,0.062015175843304814,1.2561468913868268
5.217306744966754,0.06350235473763555,1.308988876351667,5.466272751331151,0.06256943946730109,1.3163988997480776
5.453900662649756,0.06436282120018529,1.4308646541455647,5.322989810062147,0.06294528562278354,1.548856332669967
5.528759961587124,0.06623865455024552,1.372174286795544,5.542493600597844,0.065435893496756,1.3322653054369074
5.62683547884357,0.06397560052641722,1.2978516676060352,5.453481291378754,0.0628060110843738,1.2751041200159852
5.483702711188699,0.06449428607681716,1.2934525723466357,5.496474871397639,0.06360647727688551,1.3384990057474442
5.784708261977777,0.06495919059727157,1.3524514112610904,5.679429578424094,0.06371487819095115,1.354494106836113
5.386351715255714,0.06322765816461433,1.3715018527530016,5.507305572837332,0.06227240156220415,1.3751419156322522
5.569505103503017,0.06320883187023213,1.3352449580916856,5.515506770469088,0.06237494819589453,1.3027631156434913
5.7432285257913716,0.0638629834350168,1.3103660008674884,5.586802712996387,0.06279127534841548,1.2824715888911893
5.645294104400379,0.06564177408208847,1.3159313212135992,5.423810358548171,0.06422744964164875,1.3370108798864735
5.727026454680129,0.0580801978170385,1.3510399775123827,5.703094127068205,0.0570592104120345,1.3340280406096932
5.7051811524284695,0.06818983059205277,1.3823839660543351,5.665529568111886,0.0603783696784503,1.4325400752872985
5.490865750644146,0.06502594598842815,1.3477770499587065,5.478045016009803,0.057754207504362484,1.28517145036411
5.408468110408633,0.06454966162978441,1.3406572336977736,5.301586056274323,0.06368534402069513,1.3255787952757487
5.626897495867419,0.06493359083394475,1.259194251816251,5.531444785628828,0.06382484695656787,1.2808311033910114
5.63253726990474,0.06472211106876319,1.3755096242287266,5.376646532957964,0.06395979866498139,1.3924740959127282
5.509798125029337,0.06737235136502577,1.373442787242847,5.443161826587008,0.06653945822833948,1.3743067358940433
5.4901476716976525,0.06522328441190503,1.3068685832663216,5.535800868874405,0.06441186036138952,1.2759880145586324
5.536590398765241,0.06503989038618904,1.27359198565637,5.579126822759947,0.06407604045133754,1.2970848125711858
5.58431800716998,0.0646840328037647,1.3724936563702284,5.779376195886384,0.06337792366107052,1.3324919443613896
5.614481203564199,0.06507152054229476,1.313616820609035,5.67507856021736,0.06401440867853407,1.2812825463981525
5.645823273234606,0.06003744148009423,1.416132595708166,5.606479263518915,0.059196470465515766,1.4118563179326522
5.486689819222387,0.06457749690252718,1.3532300450267105,5.331157183169712,0.06362222072691036,1.2986821158428592
5.636681868276036,0.06758214116779088,1.338367011065581,5.481031733722484,0.06676115027856028,1.3037117723476566
5.563044662740127,0.06574764495840235,1.3742106321142347,5.527498185357905,0.06521836089032745,1.3002577055836875
5.479175984078471,0.06169094330885171,1.2757900262544706,5.4988585594118975,0.061156197197911336,1.3447994897497206
5.654643170483212,0.06313246310210907,1.3355473042591754,5.689798661537812,0.06177656922174822,1.341152924348088
5.345958027597481,0.06457406249627115,1.3658922770251447,5.422261784243391,0.06400366556938007,1.2972924134421797
5.636936049128218,0.06402998489892964,1.3022434160528975,5.665769983035289,0.06339002223787898,1.2553653808291338
5.5475591742957855,0.06273844959346259,1.2285683818787236,5.618573684900978,0.06146640047403268,1.217521571759425
5.41859998781005,0.06560535804566123,1.3182947053582257,5.478377734515275,0.06467165167490672,1.3756831937413918
5.523463864781296,0.06094402744767285,1.3509098774237929,5.38894919732573,0.06030480860337226,1.3490970536341036
5.457213517826908,0.06491129491395743,1.390291758810986,5.501688000936857,0.06386064855720841,1.432100581989231
5.571559651279646,0.06595149190341358,1.3794485863370975,5.384551262123495,0.06525857835895214,1.3695639897994063
5.362400865508011,0.06233088776203018,1.392257842712419,5.375171482203259,0.06195538835673557,1.3185107065460226
5.476815711767657,0.06470799073661061,1.3481998659128134,5.517488833103342,0.0641123467531861,1.3995979886362933
5.591177948618965,0.06560081827742073,1.2311632588679478,5.5582552013636555,0.06481458048530422,1.2622035015073425
5.50296594086117,0.06545337224592716,1.2901123809101511,5.580261776562285,0.06470601022410422,1.3284155040525427
5.722619129187467,0.06136712530926905,1.3164082804969668,5.632705248580909,0.06055407911697643,1.3240241170168772
5.683999907038802,0.0635575608991812,1.3824635367151425,5.773934807456465,0.06264330601627387,1.404035242954488
5.632256284962849,0.06646696338431536,1.3978265628845055,5.556179397841062,0.06528643474565306,1.383364353724695
5.6082840790146005,0.06564664727041264,1.3177546291075553,5.753193701944989,0.06502274297260217,1.3247400195998364
5.4485998610328155,0.06414305398387928,1.4553894393348559,5.3758621293398665,0.06288042881384821,1.2882168152318956
5.490274635289498,0.06547008637701912,1.3344067347119106,5.644475173063676,0.06434889378934099,1.3748354506179856
5.519992802856088,0.06640407707235658,1.2293505730340497,5.484684081618106,0.0655794965935766,1.2485348082081953
5.72510686060693,0.06318371057822293,1.3953034445270533,5.533254885041775,0.06228093953442009,1.3820751193877567
5.386477097156804,0.06343681715963201,1.4064106721613945,5.38793853317521,0.06233586645659476,1.3746331670423981
5.427502944396844,0.06394523662714466,1.2697360750475115,5.315744580247225,0.06311275360893136,1.2805429637629608
5.280457009852684,0.06391444215773495,1.3457543391106161,5.415564745981195,0.06304766147758177,1.3250907910667724
5.590613325441357,0.06549618516421686,1.3440326329360295,5.530566791430692,0.06460564931061279,1.2976148498660738
5.500807384388385,0.06572458710818926,1.4018165185774445,5.542796567960843,0.0649805766501358,1.394704613121806
5.540576350097473,0.06598362627342748,1.316577150006724,5.4155228451860955,0.06482793952013698,1.3041049486755831
5.395326410788645,0.057737358477308875,1.3811904734938434,5.4323949011183,0.05690302306902013,1.3525563579629878
5.481785318904509,0.06327155655470311,1.3647705157251468,5.494750182405311,0.06220952417472658,1.335806214617805
5.637088644438847,0.06430392495820843,1.3010185074976532,5.5660706001155384,0.06338875577321151,1.2875864667836179
5.676370182930968,0.06888860490231019,1.355020839482528,5.828197147006206,0.0678457682418129,1.3016596832866947
5.4605486394517735,0.06488705163341414,1.2876231571671282,5.468019630824876,0.06395059177487471,1.323556458508203
5.441553164431118,0.06235301946915485,1.2878624177525624,5.507667573944509,0.061535193185970394,1.2838603494447676
5.50165392767166,0.06534945708746386,1.3229375560440435,5.409208997509346,0.0643128858714769,1.2978080285215565
5.5315683997897125,0.06442776062384879,1.3512296321793784,5.574949710971112,0.06333021421306888,1.309842984998822
5.64820531803096,0.0635427439675602,1.3800744031144396,5.728711660536811,0.06273046091653504,1.3536284518642792
5.618762588057312,0.0632081040823511,1.294130871878326,5.597382843582476,0.0624109443575665,1.2459494203526083
5.489872628487741,0.06367698763277282,1.3483801564229259,5.329231279182401,0.06337650155237039,1.3965727910240235
5.679257397453712,0.06241981513480484,1.3574385462828686,5.533911513344,0.06170653870663949,1.331357276428424
5.667289519154868,0.06184657764157191,1.3502628503237117,5.63820093007224,0.0610074758588044,1.3158034007933188
5.476565859085158,0.057428477953484054,1.369013740560064,5.643480778721915,0.056777507533083256,1.2935824001703602
5.596301365428078,0.06586512455345173,1.37938066186402,5.447658178239564,0.0645830060271386,1.3113271218163696
5.44184477784194,0.06677706218487496,1.2843720464489676,5.5285464852808275,0.06593827062650845,1.2659865936986503
5.642493978160747,0.06260611431033186,1.2906591462728398,5.581009407018464,0.06142540223959504,1.3320217347281742
5.627899182229041,0.06561015043455456,1.2678580393598937,5.588898506429845,0.06499671370555993,1.3057002043701542
5.352491624269284,0.06431463155725373,1.297536230801945,5.430090863543744,0.06323202788121031,1.2728132866391753
5.395152933060997,0.06339464760763282,1.3587190896488406,5.450194637206734,0.06236825924372377,1.3289167115031497
5.57131251077618,0.06363300842438899,1.3464643550090067,5.534864623877327,0.06254941245384701,1.276686257201755
5.604243638900224,0.0653530198877684,1.3695711766072045,5.38944627327124,0.06425904582295233,1.3772209293599853
5.67978824366276,0.06348024205172256,1.3922813077641805,5.676243461430713,0.0629265331952455,1.3228764734053693
5.569060805427392,0.06667677822051375,1.3079948442160945,5.5189729216624315,0.065814570909345,1.3302924494351478
5.898064876020012,0.06513943576458027,1.2985766982575855,5.696007369250809,0.0638167086286141,1.29031199378538
5.342855155126777,0.0631387557719032,1.3686701284236802,5.337046620765246,0.06240634471400226,1.32173794139635
5.631153611266956,0.06236992904034807,1.3724372793107302,5.36620372132907,0.06148469301677466,1.3493476643587599
5.55656315922604,0.06642339291111375,1.3798749235461092,5.550896730562273,0.0650381390250511,1.3375857250844287
5.437570165082305,0.06492746916435746,1.3085646475364046,5.515550009772185,0.06374185336452934,1.3267925047666662
5.52130457965598,0.06396647084190688,1.4130678012656535,5.418314839829478,0.0629242999408316,1.3001068971045853
5.558633977965768,0.06380670648931529,1.3486440817480438,5.4315461928533395,0.06310241833748298,1.270166482537534
5.473368409320198,0.06630492307339274,1.3412582493783811,5.418032759906883,0.06535248524889668,1.3485494436117411
5.5700569675976705,0.06546461244449307,1.4465370304467127,5.524892941605228,0.06451169454890933,1.3564039388799105
5.506996243984755,0.06497824227863182,1.2936031022412264,5.616417747693821,0.06420653403147904,1.2711675578338468
5.5778725485056695,0.06258259638112872,1.3663704375088677,5.493965744932447,0.061726313095164465,1.3392079183567611
5.42614233840854,0.06482065037293515,1.3673373851614186,5.49018016667465,0.06428523512939953,1.3591967203182798
