m_deb1,asym_se1,sigma_hat1,m_deb2,asym_se2,sigma_hat2
1.91230535166798,0.09815648779649085,4.7980211314642975,1.6545304212769127,0.09733634567323869,5.094624349426635
0.9818799449131281,0.10472592623399447,6.039070526289919,2.560409499495117,0.10307198584085005,5.590397285121725
1.6453856442502721,0.10793467051382011,5.944383241119741,1.9084853722428405,0.1067819019621673,5.54687748412668
1.4117846027410224,0.10295880238508577,5.4075093749759695,1.602866930940459,0.10202110286763748,4.607853829066338
0.8702021240611801,0.10218555758073736,4.89876097933381,1.7396450205217238,0.10059292743767985,4.791935584702709
1.325098326849871,0.09964075389698561,5.4016489094711275,0.7452911726796461,0.09868930560259466,5.830736454598007
2.4341459178326383,0.11004796177381262,6.967431846059304,0.678040413533386,0.10926873323157363,6.369058927807928
1.8276406357709312,0.10086933991938757,5.996742555042219,1.3374050718419275,0.09968688147366582,5.715178018123457
1.1959518487974488,0.10464736137949851,6.622885872724703,1.2051916526024142,0.10283681571979914,5.30694179870109
1.3690435159317391,0.09954163160305735,6.265498141105197,1.174768618803488,0.09820719078636643,5.3621290299544
1.4084935216618168,0.10550335852947336,5.725341152205541,1.9223330676402073,0.10413910962680732,5.081993038735038
0.9559216634944324,0.10456331794402979,6.169946774660076,0.9025799130428638,0.103237038598594,5.617164933708466
1.8246983779941714,0.10009406659467009,5.450529618318623,1.6925196196277486,0.09897172474462136,6.02605954659764
1.8344860695374816,0.10431476666222873,6.436492023793874,1.1215875901581507,0.10316346086859067,5.604406985364916
1.2543209714364378,0.099965832049231,6.157233802160702,1.2578462217209556,0.09861041385825361,5.121614972682374
1.3333798428985355,0.09927601840144008,5.77875599129558,1.3261483115856403,0.09829933587334075,5.67604459328602
2.0231468448737444,0.10415997363815951,6.644569373269397,1.5840507637415775,0.10312392248049464,5.705694029416814
2.2868719135510096,0.10815994581343887,6.070701861155433,0.6774144128427897,0.10699881142542846,6.463927703086622
1.657848357539458,0.10002427841063319,5.7713617191571105,2.0363168290279035,0.09768559457788116,4.994681588225258
1.188400891997386,0.10183380083564926,5.991606312156245,2.204731861930294,0.10035107989571478,5.763714219435956
1.623152288901452,0.10442322398217282,5.1793966794089625,2.2474393999735858,0.10285067640925986,5.319070302733713
1.6650414346337068,0.09654447893553418,5.524563887417659,2.423683888486107,0.09540590980267981,5.4700161848256705
2.3799369865623015,0.10811934909930261,6.543914078680534,1.4434978871752506,0.10635566291173117,5.706097728773883
1.8668397133725128,0.1062000780819294,5.635756465872128,2.065177484331921,0.10513897560252437,5.634117498153817
1.4690293765983005,0.10468137616984656,6.033217646136828,1.5903962043983988,0.10282655629720763,5.890203489884456
1.5570239071450356,0.10545274279590268,4.7903916404167886,0.9274193117527743,0.10393452123208696,4.975121221445927
1.395579178513718,0.10087867542814062,5.549813364628259,1.1490418019328303,0.09961805072400869,5.18609485338658
1.5091235845808164,0.10143422249414422,5.8796271952475845,2.8804620582135962,0.10088866431346792,6.0059873907481265
1.1880964520470414,0.10202616909197923,5.156578454568157,1.850528074862034,0.10026153431806985,5.650695666607752
1.6016595638727888,0.1046884079326648,5.890373265632882,0.728125319860602,0.10317638893118798,5.6908330840918575
1.1088200798538324,0.10279885191930335,6.430148246595801,1.8227387605752012,0.10157795591722543,5.699289403470926
1.6764838710644918,0.10240315160423175,6.51668891096391,1.277337339780823,0.10121446454805427,5.878950308130093
1.3574737066842653,0.09149969563747572,6.084984966123846,2.1023070561567074,0.09013754285563572,6.4645487919376965
1.5818631916809844,0.10460393681505034,5.817685128087132,1.431112098170837,0.10377759280688532,5.600595543191442
1.57821716892824,0.10185087140059282,5.865416901704386,1.7083599743494235,0.10058197003996007,5.616697417372174
1.481259826902697,0.10388185400771274,6.014846972644922,1.948436991299404,0.10270498412618892,5.64219294565867
1.1867720823518628,0.10541886692854166,5.889087835984046,1.8240256067932692,0.10403540762229929,4.455140369251472
1.3035004916588613,0.10589149958291418,6.811608440074059,1.7048395883159668,0.10552824745932858,6.520159107669646
1.9643872289936715,0.10583055242365857,6.099717226433475,1.8289533579758133,0.10430662132706273,6.509219529487331
1.4454933814675832,0.10457466300932858,6.794409232523644,1.2669747648137126,0.10330000635323042,6.30680714757817
1.2643517025430433,0.09572642627759091,6.366966021912239,1.8863498018053613,0.09444365481254957,5.7770485769744795
1.4608014967615692,0.10556340059118592,5.585167340208064,1.2155366051242693,0.10408939989247736,5.5551374012465295
1.3160114998653851,0.10460933466032464,5.6988335161437265,1.8306939072866983,0.10295866644528696,4.4440562817687805
1.1035381551397727,0.10268907361384254,5.916498656901254,1.236109435026708,0.10119163352308048,6.0942119118453135
1.3606955568873729,0.10879370006933377,5.7008676511280045,1.4426231055665273,0.10769938821612796,5.133078222464349
1.6047824946599145,0.10101158410604881,5.843642431115817,1.6281552279714568,0.09961133925325893,5.130104800794857
0.6426420347864935,0.10859680502781666,6.086601812084049,0.947952844982085,0.1069694912862241,5.600874508591424
1.1853394975088238,0.10287602460354277,7.004206960941806,2.00504854295481,0.10147511734988722,7.35293448135394
1.5922595382152755,0.09934569809197603,6.2247602954115955,1.7718994646760682,0.09811659678627824,5.949469916349294
1.4644996587299202,0.10601585429360993,6.348773900252612,1.5687539754601132,0.10498416305419186,5.998971346314382
1.7211918122776408,0.1007980589012228,5.875209839324095,1.79283609810136,0.09988370550565895,5.851728202386138
1.2872412789688248,0.11154049155653833,5.8892542040226274,2.2396267657269733,0.11045928945455932,5.184713712720538
1.2347807852074102,0.09763364059738971,6.756460385568419,2.2278848133688705,0.09617099381161591,5.590531974669476
1.3362149940336112,0.10740699126205035,5.6263492835181195,1.749902273256612,0.10607260620694865,5.471965049629486
1.891890756218142,0.10615042061622752,5.752298511936088,1.3537857517497014,0.10464133411439054,5.24102718814033
2.7963802854692066,0.11118196052202163,6.335278994486897,2.6951937756776476,0.10985549754802695,5.638468500844643
1.6270053546006293,0.10485916611191842,5.430479567233879,1.0508205726901003,0.10333526452650665,5.131075326248003
1.1698562845019778,0.10278620282370332,5.9169786330126035,1.3549795334444859,0.10181395063798286,5.554971101229487
2.3045313651027817,0.09427111377071672,5.80162464978536,1.8870242819242011,0.09317759587957401,5.789636566312093
1.854036861682951,0.1019641253688861,6.477876833439679,1.394693245268095,0.10127345130637473,5.841942398694539
1.8172537131356679,0.10337947397987182,6.002938583662408,1.657302170354388,0.10188785276211784,4.951918603097285
1.5337010406145415,0.10015216976232238,6.398016423254878,1.5151435596172613,0.09862970411092273,6.607718194053233
2.2085132369106453,0.10830930345609806,5.874328463082914,1.9196871844960248,0.10678277286328103,5.685566911690772
1.7244073852771122,0.10585563870875801,6.14820963235442,1.5115317260466679,0.1045194933426236,6.251637092091335
1.0788375022849248,0.1015229806477317,6.340319449845907,1.8757731540713025,0.10017580875425335,5.738690261951753
1.9112203827977714,0.10446690227837507,5.278114149282995,2.5825159051493207,0.10269402954493298,5.911019008825013
1.3575176841696779,0.09882757243377482,5.416942426853479,1.8451067793047993,0.09803831748558292,5.263598152420427
1.6301409315923374,0.10723784131232966,5.999549404562197,1.3243791963437765,0.10562142529528167,5.247509899193246
2.3801275880841803,0.10288354467033967,5.1043598862346125,2.331781742951366,0.1016338799774303,5.346515404449528
2.103470797402469,0.09610041324241385,6.3902238003902365,2.10046638836517,0.09479881461758362,6.196576760128659
1.365314465029258,0.10265025468776727,5.4487950377812355,1.5191853926139376,0.10112069418708076,5.782346798255547
2.560363355349962,0.1037768337638386,6.095159216604525,1.8801135096619372,0.10158106289473812,5.763417417364048
1.9581164890004708,0.10567509193656698,6.552375016127795,1.644398039200246,0.10498572988122602,6.436994842270743
2.3566409529571546,0.1017787202888649,6.087298057720901,1.953022835672682,0.10034206641461096,6.086994914615409
1.846227360158423,0.10136294636006869,5.767121614822023,2.8201325283286263,0.1004807561154687,6.251201006710775
1.5296090955525732,0.10008559662796153,5.977245867570797,1.7139831316697896,0.09897787784890953,6.569378369116594
1.5211840485178987,0.10277608824199372,5.993450905190097,2.4114886524542234,0.10153801277242229,5.669440988347936
1.9160885236242924,0.10616896521397617,6.674244889495874,1.5381513326854055,0.10522285946174488,6.3654725096299
1.4790135708799113,0.10547304193195667,7.0467014711335345,1.8747696335557142,0.10359487451791605,5.796007252051935
1.6479077522834205,0.11017459911420906,6.419984619846358,1.086934623827948,0.10904386599893455,5.107003001868539
1.199633146652898,0.09951267256386757,5.405656272135668,2.2672608462159087,0.09800585838939044,6.068629548422833
1.8468170925002703,0.1027281488302231,6.424094955739243,1.7503348716668536,0.10186367209703827,5.865382186247831
1.912150163622035,0.0982956758659116,5.353963535650901,1.559991845361659,0.09669510437788448,4.885261983736596
1.5388335628625804,0.10851347674123267,5.837156593469158,1.8216231951321717,0.106990612493367,5.232228761761019
1.5957271198351866,0.10306913327362917,5.989055504809983,3.0161408162697483,0.1012918360896475,6.262343296107743
1.7833522885691986,0.10369493088842545,5.367416692375836,1.2237044805227222,0.10225152881814933,5.8935134257058275
1.7638151408004206,0.10234442060333113,5.625463939960063,1.5718015803437784,0.10061473494547633,5.06094252143447
0.9453037869644345,0.10236079821797547,5.8867126245052654,1.2283224171372613,0.10139275035301129,6.371421642271253
1.6784770308042218,0.10607411471769107,6.403428163415309,1.580829662604774,0.10500967823931286,5.20731117766836
1.2610426574994285,0.10333748368557893,5.1381820273564855,1.2368145136887259,0.10223452855867794,4.735414037318753
2.104444137133939,0.10811537721515588,5.369506140073894,1.8447643384553492,0.1064439238491644,5.232100047377423
0.730839203133871,0.10005447958975093,5.594205968594091,0.8358276786131951,0.0993200889842996,5.647948834346229
1.5666514365023458,0.10077714526638286,5.220969481526272,1.400414018593162,0.10004661453523632,5.563536779905729
1.2568944520763239,0.10845520429902009,5.845331606454328,2.834676678642732,0.10711371908999417,5.080073476197344
2.364791802243305,0.10737271025244564,6.214371448188499,2.2383695379602497,0.10594259914257975,5.448727094211075
1.7128216938744103,0.10290946645528742,6.327556134737311,2.192135801819278,0.10157152158013738,6.127406556502247
2.120971357610803,0.10732592616767628,4.377999131626678,1.7839074565494561,0.10525290288146247,4.222651298552256
1.0526570236685426,0.10447369785646442,5.273358249162206,1.9382286753489595,0.10349899003802605,5.098128368931415
2.5942498097588795,0.10158237222018801,6.500747386866853,2.0286463784729936,0.10082465773693712,6.186232535553622
1.7007062965418154,0.10566960821163905,6.180670555518672,1.6865798855035752,0.1038261789924727,5.289895518489146
1.1747170569804206,0.10484903266364415,5.511132883800391,2.1244093197409826,0.10354886461367918,5.558215919115902
0.8232958679136612,0.11089394518621226,6.259267710317724,2.011940502867585,0.1094303607857465,5.769523549694051
1.1656687017554341,0.1069810215202904,5.6623973824385185,1.6152424381738122,0.10648740875591381,5.213338938661435
1.8986107431982977,0.10559003831677118,5.806872056211125,1.2925314721896712,0.10382287909913944,5.26217881015631
1.8617930233234514,0.09964938926522092,5.493780913663697,1.63142805460586,0.09848776861796828,4.402872215872706
1.7036673022417084,0.10221243510801555,5.945960328025432,0.7028932322681581,0.10145238643507086,6.11679020692256
1.6259054925771552,0.1101314384426228,6.232775162191519,2.5424154910489465,0.10886841629048895,6.8767190700021565
2.3176852202257643,0.10346643045054364,5.812476952379809,1.591397556179822,0.1020305812203138,5.348189413367045
2.0436741801420206,0.10058762820849079,6.206747591515127,1.608773903156895,0.09905951606031523,5.793033810480765
1.320763993097176,0.1087390766679548,6.582887025926092,2.31940967075902,0.10748739826554642,6.36441395220244
2.146724029279901,0.11033842861649604,4.770018278954197,1.1408780333948139,0.10951902623778532,5.206576027149082
1.4394546773744543,0.10508224504884493,6.26535602603736,1.4000447375035718,0.10348855061224506,5.7279458451263805
1.4404561608763378,0.10229503137545053,6.336410416625161,1.9175294790282744,0.10111866462883456,6.217844926229158
1.9335486198422038,0.10664118293941294,5.479462575123444,2.3233119054607676,0.1052198613492199,6.19995930210299
0.9327762620341826,0.1038673691359771,5.466147851940095,1.44887437826194,0.10278533311992266,5.413306221918608
2.3860046911312853,0.10996501216714993,5.43356203337893,1.6819592408923645,0.10852914976360754,5.047074067379348
1.90879920272917,0.10354118667756469,5.074452008786112,1.3874831802193786,0.10192255582881382,6.037768852081443
1.754989855314247,0.10753926263165159,6.7235857022172425,2.4338443635072373,0.10664264371760405,6.5059000951224375
2.7735214786828246,0.1041887527570686,6.662934950391146,1.869551054917606,0.10267973885109631,5.660553516794479
1.5376299977733519,0.10607019460591731,5.393371944733446,2.152163100764446,0.10499227319167966,5.710278719184933
2.593493241799826,0.10629151623847315,5.948252003918684,2.4641311330706133,0.10513130030426732,5.706503538211522
1.6164046135007264,0.10527008605317359,6.370003773566185,1.7511383041231405,0.10356260114698772,4.983977467542483
1.9562973412312854,0.10149713370762514,6.76288956515121,2.2764564090044663,0.09977046956364288,5.4467012720255665
1.866110254188337,0.11081811348147082,5.64258310255549,1.778849213822539,0.10883525592160921,5.121092368026506
2.41416539204126,0.10384811676763421,6.286392214305559,2.1773951946540167,0.10230323463040522,6.906095020751748
1.6430532647131824,0.10788406723640963,6.505014863947543,1.3362910933151668,0.1066648481093715,6.4389170845584776
1.6998320295581935,0.11025711724827952,5.952408604310885,1.4426581842748627,0.10800788818722247,6.078780528260076
1.7518604018822508,0.10963884022688704,6.271277694356019,2.1679305583062938,0.1084171341464255,5.518407957102393
1.4832495523213405,0.11022046282118568,6.22635518914431,1.6209655179367428,0.10891528044986735,5.057792752135355
1.2674176425603623,0.10083744637540604,5.23777266475892,1.8739872811130844,0.09929539039848553,4.850048442348567
1.880777724075553,0.11186145703272075,6.123379603359423,2.1817908553577094,0.11003310469084128,5.82583554803354
2.3540725106698903,0.10578338424761399,5.678325662497323,1.394156228739882,0.10405426510583456,5.1913547502546535
1.2931329453277796,0.09962191158251266,5.523254346768575,1.3123957714585734,0.09819192385321375,6.260196473711437
1.653464713686474,0.09819304306064813,6.306837944645364,1.5826401473751979,0.09699649300797179,5.669243502627526
1.0582039445599856,0.10585907896170281,6.064759217202505,0.9473468449408404,0.10418277059337312,5.513372370029148
2.4508966835282533,0.10582879476062823,5.748776063399785,2.4119032182124185,0.10474504529142421,5.386620767536268
1.638889396630766,0.1025411898501904,5.669777009706666,1.505949067335949,0.10086003811662828,6.0191058408003
2.096927425397822,0.10545387088682727,5.673516270846371,1.3753657136376305,0.10465733249244566,6.053591200436139
1.4272076149694641,0.10686566817411527,5.733755664753938,1.4901988086087405,0.1055452092802593,6.710400460148711
2.2340556147214787,0.10154232815771143,6.395351570439818,2.2591737668338085,0.10023634315457924,6.224179867582683
2.6943948724982443,0.10133488288199065,4.899012231700361,1.2971165252481769,0.09972313875063137,5.148649240827195
1.2416586948499777,0.10337705884441525,5.263373784363953,2.1155019463309586,0.10152306525962732,4.822534431270219
2.494094512151295,0.10599782556905989,6.136617349114383,1.3683471910440144,0.10466458428564615,5.972554685722032
2.353070902721174,0.10202094855193095,6.089998298968297,1.8609677266011884,0.10082198291513439,5.938676025142621
1.6119549778329445,0.10568922716677051,5.3081606081765305,2.0793629020953532,0.10470980701999703,5.099266808168876
2.3641086202660566,0.09873624820036242,6.329270382540202,2.179361213821486,0.09729050832033875,5.900896026042853
2.3281857297357207,0.10873069987129767,5.9673569911341415,1.3324045491842784,0.10757137845007017,5.843298071187807
1.8964232895058757,0.10647855385394442,5.860320718214724,1.4802321845645041,0.10461524094952672,6.306564306259905
1.6284476013871692,0.10101085338264613,6.993922586318902,1.4378429626316414,0.09977705130253772,5.552454929710753
2.209677171358293,0.10065987923202878,6.198120158839583,1.349516885948359,0.09939655817809623,6.269803101843888
2.0737010381256717,0.10893726941442097,5.355713115213712,1.2091746724496837,0.10718125586679783,5.312448631181877
1.5924989161599135,0.10593166945803223,6.013454037759143,1.2216933046760565,0.10420336214410632,6.117105677218671
1.5512115172883303,0.10874271369769925,6.176669453806362,1.1713743691615526,0.10756973710489652,5.496246716704825
2.691985942585665,0.10346441214849057,5.925005794656418,2.41354895376835,0.10224952013310182,4.832472965203994
2.369256378683207,0.1012366919491201,6.035285042632783,2.423786886128524,0.09975287205296045,5.101005693012268
2.6628650483925576,0.1083663584976184,6.415223984002216,2.0928655407635794,0.10731578782431524,6.836259501291961
2.4083683579379387,0.10532017975358438,5.607501396951043,1.9283701072103363,0.10358027247706951,4.877741499582266
2.7639147433565148,0.09682942743118526,6.27842215777781,0.6695430094108924,0.09624928808973217,6.112999813292922
2.1529333301383398,0.10795695411526784,6.561872487071774,2.000921672231655,0.1065750859184006,6.009202191001396
1.4970957083022873,0.11042063120673679,5.873743284850712,1.9997754560216738,0.10922656190928329,6.0713024043596455
1.5125126537195646,0.09904112162867049,5.092276201603946,1.9612434690348597,0.0975756169170317,5.227330285967586
1.7022003940227293,0.10603232669789098,6.0886201056615255,1.9739955111765903,0.1047288975215616,6.0121665895159895
2.071535342022201,0.10585204816779577,6.666692630102315,1.7816590533033776,0.10466871514191417,6.889127150050175
1.5198174069557644,0.10392488808383246,5.433667475493742,2.2483345385706914,0.10240780941114146,5.921025558242933
0.7060940428502774,0.10527382144659464,6.578587153355254,1.7768929357691743,0.1042112738857505,5.1949988683247135
2.086076322990693,0.10622265199148839,6.829627049287207,1.9169629671655986,0.1050649700509988,6.032798773588791
2.3112114455629094,0.10044964582881255,6.6370798683885,2.1411788015615167,0.09939737859291939,6.676513567641507
0.8059320815527662,0.10279417012182647,7.360892203665538,1.293119201572506,0.10136807961559216,5.778851062383853
1.8059294287558307,0.10777025594604539,5.806633148157204,0.5486046809902022,0.10684940106859757,6.578793113267982
2.0009574485604946,0.09808490414316597,6.163670618967996,1.6872930546549676,0.09665371655960805,5.963273669370444
1.776536354287051,0.10598851320560444,5.842909023830171,1.889278889691652,0.1050808435911698,6.307375612194354
0.2838123498046553,0.11197780495048977,5.361575779358223,1.1376550448176928,0.11068806309794724,5.132637114938641
1.969472421811946,0.10834469148721677,5.606068552415399,1.874633688972004,0.10705102004979597,4.713024364713155
1.318697480252475,0.09972249786788112,4.807685591125135,1.1698371222350772,0.09917878169920719,5.109171548608191
1.3861043614088855,0.10766727313451599,6.057666543860176,1.7489878549768827,0.10615687739259153,5.32853590193899
1.1617703070760559,0.10959561659578174,5.018007852674989,1.962246963717463,0.10833248113373946,5.881033165886076
1.5847655180053724,0.1013820828060089,5.191777702196164,1.608759930282806,0.09998963214183154,4.421651729671932
2.1592090257673062,0.10437992007885165,5.720270008821985,1.8166707246745577,0.10378467138525233,5.3899923378350385
2.3487803639270464,0.10359151179120532,6.494737676455022,1.3841667118851826,0.102495464799578,5.598812254104956
1.6665386904093142,0.10092102413924545,6.387775709568471,1.7960540986965081,0.09949217239644353,4.596505031112922
2.43492783513373,0.0955588051784284,5.645597618953911,2.401262006252304,0.09390030853265953,5.196006555349176
2.0605856921460832,0.09027984254868418,6.371047524521949,1.3268195385468782,0.0892005367421725,5.604154055200147
2.5286202479918383,0.10767455042069497,6.001179076691004,1.9886833096863077,0.10697495293516532,5.557175171503993
2.1103778944021907,0.10480846894220316,6.690727091448898,1.8411953486608121,0.10263880821686593,5.392238292467202
1.5087323504763923,0.10389462226324582,5.248652531109715,1.2408748160337542,0.10211532208723044,5.331335673890439
1.6108011063392038,0.1047203639789149,5.899006246112189,1.3762883988498684,0.10340536632478023,5.631305548488847
1.9242579365394035,0.10521389756910478,6.652269624897388,1.0856239644905878,0.10408530695293505,6.288203769371925
2.18859227829608,0.0902519802265411,5.5285006234607925,2.4062556293044355,0.08931736979995046,5.441219713193864
1.621955861302316,0.11145783234629382,5.704436699949255,1.3007807094823838,0.11043186313816682,5.16577940977982
1.674265012954131,0.10686923959913017,5.663421268618092,1.2542577704974018,0.10523054667198092,5.141899682756519
1.056019700181257,0.09579560498673739,6.719061207472365,1.8469276161459511,0.09436500286654065,6.313007379355974
2.0031428857285754,0.0987194466050091,6.91461459519587,1.6285790360272152,0.09719428857681678,6.485929115844028
1.5686058234193507,0.1084506567090745,5.430188836176724,1.759057020662875,0.10725974346939507,4.8557804924726
1.5034813199368733,0.10611386116945044,6.0133372465309884,1.7175283317695103,0.10463208847318613,5.202364745604845
1.2037107930549227,0.10199802149688258,5.6612939781920195,1.1238526605138204,0.10036846725951878,5.145802259080387
1.6859274062184624,0.09851139915312,5.941556975346512,1.5380747997837358,0.09717031691594523,6.052742312505746
2.3249262904655037,0.10380774130505396,7.09969773227301,1.4743479265113548,0.10222888204725793,6.98633035509911
1.4324675369598656,0.10558386014110868,5.320930806514729,1.1803128403784293,0.10405285858237451,4.8971339415525055
1.8100767814600105,0.0983077661366451,6.0274461374954855,1.8769594772757228,0.09647881354728506,5.608573134261342
1.5506615007107205,0.11264498144324357,5.701868852279945,2.3317732337870902,0.11063060737037797,5.463086021109961
1.4162519037553132,0.10319240474366721,5.498048191023592,1.8173194643943131,0.10185810703001673,5.457093530766781
1.7986403150871262,0.09797699904957113,5.954242755695667,1.1159013031318958,0.0956595865334859,6.092253078322258
2.502828291514756,0.10099970718559408,5.367041625119583,1.494898051966733,0.09926282698770479,5.29204772332115
1.3411943634702004,0.10520520272083633,5.428674557530648,1.7219877330052324,0.10376701789646242,4.93876940944733
2.308107093720313,0.11323702788276281,6.677030835296626,1.8050350376033752,0.11073707480211033,5.548854353132027
1.904290881382921,0.10458555020219494,6.106565580908973,1.1976945535845627,0.1029599202919897,6.19823079441947
1.3151389180089152,0.09930226370129915,6.449320632109867,1.4551539447516348,0.09820127343411768,5.712141044813809
0.6668863837168924,0.10451704665475053,6.379884549780882,1.605887840926704,0.1028306155194419,5.63572843003135
1.2332138995706012,0.11089486735563485,6.045785593112197,0.9809605171194407,0.1095683465018171,5.3792454755867976
0.7591082801476248,0.10831740525236896,6.8975314908627725,2.014533346600319,0.10712183938472425,6.164157083838347
0.4089124742962925,0.10116331385521235,5.806212818676991,1.9271416994748654,0.099802778683837,5.752308648381455
1.987928301147812,0.10239083065206578,6.099931417995465,1.0340593716558992,0.10093428471211305,5.704425690012661
1.1211337664679637,0.10356794407857041,5.032451823247088,2.8607579587329077,0.10239871942622383,5.330712118704051
0.9748346331224689,0.09846795325460858,6.273706487810054,1.6703891393271801,0.09721680844865009,5.659089163774328
1.7628177854007183,0.10064966064198508,6.579994839205732,2.5010325767226735,0.09875586922583732,6.774191454836734
1.9109862218025122,0.10010799946888388,6.266535956605755,1.7026990405374902,0.09906917559901478,5.5327389911622875
1.5321684482621643,0.10270826263344854,5.792907036322945,1.4215015161394913,0.1017049864244452,5.06619784611333
1.3167983632875764,0.10504019291746512,5.950983375132691,2.253181130003081,0.10371829822240296,5.542940813251129
1.1799804880372455,0.10892365072063334,6.783043881215481,2.157823189856117,0.10690480960651844,6.7329958780413595
1.5245485058309798,0.10400907491003693,5.658118857871023,1.596222698465647,0.10219901929948194,4.894820857969685
0.806841072773704,0.104515358261858,5.906095190408785,1.7363026758597435,0.10312698651571858,5.636957036366673
1.127312412363925,0.10671112594941957,5.95038196778856,2.826114037139853,0.10581865177682313,5.490037038751403
2.3437580358129106,0.10410849967888261,5.125229320464645,1.493804356215179,0.10276866839939042,4.804253716275631
1.6929296038353012,0.10584429890565081,5.291212685671596,1.7703029983818763,0.10456297488880527,5.544721641517835
1.678851398667791,0.10289498249894448,5.976589828485414,1.613945807570214,0.10108436025036778,5.7701609297105705
1.0211254323810977,0.1028352863659029,5.480101361158501,1.5100590637478608,0.10160408136444551,5.8641724324585125
1.7735721658000319,0.1088784483939706,6.264967241325617,1.6599817953983924,0.10805911356695289,6.250151277239875
1.1545844061351531,0.10632106611856489,5.391884780344336,1.5408301590292754,0.10520651250894456,5.604921193262024
0.6187079623798599,0.10718159605586698,6.2723018169834575,1.2170345402442901,0.10565988842762516,5.7446018016563105
1.535151929381152,0.1035090977037857,6.000248893987956,1.806340552403555,0.10237882434079232,6.00333522745871
1.2132358511528176,0.10770961542020835,6.889572677286647,0.6828540155880717,0.10680372976405744,6.638410091672729
1.4006615350055904,0.09714975014692387,5.486374458988051,1.447621595714407,0.09614782824006178,5.536120156484712
1.4343096316308643,0.1009268830739722,5.917496938469541,2.078499055330122,0.09928926045207409,5.975059328298435
1.3851115080702103,0.10382462027094458,5.553025107619283,1.8551015640823914,0.10260023938061648,5.236236492822751
2.1282526028967843,0.1051168428816146,5.701541989152652,1.4118235508908923,0.1035323005614279,6.327780315009854
2.0019200871726666,0.10643483464190345,5.23050416069988,1.8368749013282764,0.10524377122589469,5.023268401393342
1.2180064258898713,0.10312134589789969,6.048282258431522,1.360646242195372,0.10195336561903809,5.77341955093708
1.5591616988272612,0.10888225703618899,5.887582501505106,2.146250560071767,0.10758981354820202,5.376069795015345
1.809096811841869,0.1047574149405822,6.226611035411678,2.276910773765435,0.1035409641133517,6.549333059936239
1.085228026618932,0.10894353871888074,5.916935497765434,1.3747150134243897,0.1077011402853782,5.607831523226566
1.3024949743684913,0.10464924080490501,5.771302412284386,1.592151293611272,0.10302202345205565,5.674676124785554
1.1457988569705901,0.10154996778077834,5.988965568264187,0.8574470587432806,0.10028934021686474,5.662999068014988
0.053700295757126544,0.10423959212188204,6.642777756341994,1.3031803292567234,0.10204049155047099,5.7828303272011095
1.2689332227447245,0.10055835846027669,6.58711407398505,1.8880513476433762,0.09975412957828086,6.702152652928393
2.0085860354025606,0.1037359485367647,5.803566572245978,2.16949036695313,0.10306352394483288,5.233281107177866
1.3199632410551132,0.09893491264562353,6.419020593319425,1.9630716113385889,0.0977422207074537,6.5950184067386965
2.2967225162912386,0.10262715749208964,6.5322313225967195,2.346347911798012,0.10173326755475537,5.566510146945572
1.1086335660815807,0.10838579917107327,6.587729765222481,2.255391735718664,0.10769650251181692,5.5796187531661765
2.418248610278035,0.10738821241316594,5.503579948498475,1.869037397142244,0.10598588774187978,5.330037749431073
1.7338747951989815,0.10551318994908936,5.280878662833394,1.707339453789052,0.1039610772215328,5.096410542125195
1.1812796195025543,0.11083841723505895,6.508277131142864,1.7758231503682071,0.10914458298591823,5.190069667308578
1.9896388984185585,0.10233534647828105,5.685548089198773,1.5856069173299576,0.10116309970845434,5.519741408201181
1.5978038378080466,0.10863594527169994,6.040780436529362,1.8922579168451452,0.10728166397290582,5.847505607438678
2.25922718073954,0.09813991837865295,5.484867099904559,1.2918371653719076,0.09693832331229307,5.931860457157924
1.9955959360661935,0.09944832932326649,7.284538300500995,1.3149144841924723,0.09831076339792942,6.470794556473436
1.6796069710149533,0.10604980702568294,5.200746914204261,1.707762496813643,0.10504809222243068,5.719799238455765
1.0197289372622103,0.09962726809114586,6.905493945428035,1.7384976665668634,0.09834095180348419,6.477513105507753
1.440703826165174,0.10577779398850616,4.5986185605714995,1.554009555540798,0.10516379928156269,4.80717766052688
1.7576405516746219,0.10011747567969846,6.40343832786122,2.017697075663517,0.09839298437913979,5.463629568542337
2.1452978312131474,0.10186982525491568,5.646934993803027,2.4790101874851302,0.10128632684206863,6.0201014142136815
2.2624715655030974,0.10485523695519586,5.420210019151844,2.545891004282612,0.1031320252330217,5.090203602017632
1.4942135370054932,0.10166377335719384,5.1986554688404345,1.5778252189057829,0.1000297467420862,4.970343579437474
0.5656819551644952,0.10198034285087451,5.245830378458083,1.1959926036000745,0.10014383851119928,5.297516557592386
1.6861454400891527,0.1019522054782617,6.369830514962978,1.712428497132581,0.10043470582869526,4.848405626601037
1.7025940433279456,0.1040815822294726,6.066974639844057,1.7106168472390169,0.10282086202235208,5.884637742677383
1.9372808874824088,0.10778679839889928,4.854926983099347,1.2367445282311047,0.10683963633905529,4.208788580492213
1.2694938070778252,0.10459236960004074,4.379514722691012,1.4255490805872149,0.10400244451529665,4.628825566106112
2.1892874453854487,0.10274333749198473,5.350498632398307,1.3234583791255186,0.10093829397437067,5.644428848481057
0.9474583386040708,0.10296182507603477,6.106316738086726,2.0433499700444973,0.10181717542398229,5.868009838266831
2.501080183811135,0.10608940350849977,4.883052070112247,2.304274508865473,0.1044354636657674,5.01999112930338
1.3085757204921191,0.10594408051346901,6.177556361583208,1.5001536741422838,0.10483108684560172,6.029320600367254
1.8026922983040097,0.09988550575138619,6.330899632824724,1.7124721179709665,0.09920654073283623,6.100853215713309
1.913876341300675,0.10743250275317975,6.610646288644638,1.4696222877709013,0.10625550430096257,6.390495500296046
1.737900607693409,0.10142315492759482,6.08627641473874,2.046925424444741,0.10014552698712036,6.358283005880256
2.218648033250816,0.10478421000833638,5.321404412374113,1.6979526473694002,0.10359236685988177,6.0527912616734225
0.9063357613187241,0.1064987824090607,5.853927184072675,1.3637906530864414,0.10522128462452127,5.44181499103521
1.1670286498323774,0.10446973046772888,5.273930720599676,2.083109298496994,0.10346748247643654,5.127285044490764
1.4109620551482296,0.10496627768639255,6.443774819994516,0.917470601962508,0.10342710517166884,5.251687194790574
1.8677764260315315,0.10574086569417514,5.691075392504932,2.164788170674117,0.10449208578555826,5.902026482569108
0.5148201838082898,0.10014379021767261,6.242717117698689,2.0005027554187853,0.09893240532100933,5.867074202950742
1.164275615994157,0.10463771215936574,6.104942631429032,1.7167582337325316,0.1035630233952875,6.2019615387006075
0.8589964761043438,0.10681382297420373,6.069367214607021,2.0594063441931865,0.10589134946246972,5.3413943008720715
1.6375894153728365,0.1019556277728418,6.237871914356261,2.195549529587268,0.10044006205306207,5.7858748296828635
1.9327546590040563,0.08570242149351119,6.019381632325816,1.7271345635212372,0.08410160092814974,5.748466414766963
0.9984009690470196,0.11081050394080294,6.333735227590435,1.6444063207391793,0.10866677727831274,5.004434584275841
2.057015962124915,0.10893980450185556,6.802871650559215,1.7494256326706452,0.10763752104609789,6.967947691932195
0.6139436723376652,0.10117771925915911,7.010624600779299,1.079471530618533,0.09966927438989978,6.3763217901877285
1.7242191657795742,0.10403305709416072,5.688114894697868,1.1907113984797004,0.10332927257660361,5.869677372552349
0.963805073341825,0.10207112181799495,5.819605581352915,1.736497430013436,0.10072497784812548,5.578444802332232
2.0198290313506084,0.10198239737255248,5.613123806609437,2.2389271346577853,0.10033252082431666,5.545781349819139
2.2229340625244443,0.10927426411442512,6.044206283775003,2.4590371858778917,0.10785832433541491,6.0632518111142355
1.489359649196112,0.10237360201462416,5.980262061796836,1.8262553576525749,0.10056540119779482,5.542110725623776
2.3267244355515366,0.10489290870679331,5.840993739959218,1.8143923195731673,0.10354040071051161,5.263633778035292
1.2913741958676346,0.10269708970901154,5.665259570114635,1.5456982789157292,0.10125538501394836,5.4335034874663135
1.0094762416863294,0.10298857992722472,6.880737028253431,1.218721344737915,0.10199881609873801,6.730089902188593
2.31627882647358,0.10458542364323141,5.691666328386545,1.7493891067447669,0.10303306761342576,5.480949411614857
2.1126233158555503,0.1123585203239912,6.580386637847256,0.23371950957866672,0.1102605105121165,5.750917857708441
1.6800312420448844,0.10878561062446397,5.369669395901042,2.576594319369497,0.10668931289223904,5.638639285529113
0.8290243697237847,0.10503334937358463,5.165712338079061,1.7112292169242558,0.10372489254370051,5.409386792790885
2.0049849083241624,0.1017613137505345,5.861263880633016,1.362326093181246,0.10071351996923189,6.2695278861274115
2.3163702510131134,0.1028464915523598,5.371671892756919,1.2298660358280955,0.10160538405387459,5.460701147849374
1.5354559180737755,0.10280856797408901,6.091615703227795,1.9690752017974353,0.10121424904749146,5.311042273090273
2.5631371300336068,0.10564033992663785,6.432163836487676,2.0005391661975613,0.10364533223088913,5.366881164297518
1.5420124040183765,0.1088246144779382,5.583749797221942,1.7334506403393388,0.10687549003957895,5.14591356232848
1.137508511787695,0.10494645099589553,4.891852846459277,1.8454121697719852,0.10405126493147102,5.138910884068634
1.8705211573506948,0.10847302116917017,5.015821242262102,2.0227549873722097,0.10711857522346346,6.340622523307697
2.0269161236153552,0.10101573419149512,5.3642038177339,1.7993328320602306,0.09964780421781336,4.916452035502117
1.2701597859615712,0.10665564962635231,5.883096269864598,2.2002115924313093,0.10563241517429936,5.8191612770674865
1.453705902984399,0.10591435880742191,5.5802915878266806,1.9014679717187257,0.1047071433912434,5.991732447025566
2.036786952842488,0.1018118634161141,5.781596648786331,1.058596349673951,0.10068944017021057,5.681816670056741
1.5124715270829854,0.11053734178485572,6.030154583411337,2.069037856289087,0.10861959217146683,4.9754984947599326
1.4159342514849889,0.10611206173521348,5.796894091526973,1.4646158700877112,0.10467525792709761,5.661079532806736
1.1266116530674382,0.10460944673007293,5.78905860070337,2.053870840099254,0.10382409049972333,6.6700658211739805
2.0009127777726206,0.10312978616444621,7.077139991122669,0.8768286104770442,0.10178314661143574,6.237123866268908
1.4442953954432873,0.1060221180849015,5.186500512534133,1.8392744053602712,0.10447907996986534,5.555384632753155
1.2864689347206584,0.10000138197040227,6.13585633148569,2.688365561638167,0.09893454045679663,6.33550480532493
1.9283418332027655,0.09960117112199855,6.18549997079261,1.8243180551535663,0.0980524111285894,5.31621575683674
1.6035322138991823,0.10562682696716566,5.255585990888528,1.3609807887795153,0.10436140854957612,5.469970708046227
2.725826033278107,0.09840377920017698,5.168656316545057,2.457215687832513,0.09628385445341747,5.324597342078611
1.592146580903472,0.10318902014119913,6.573290560553579,1.5007739358072367,0.10173522922721324,5.462352788328359
2.0530379849319473,0.10219427604024678,6.154885205738284,2.5548651270555447,0.10116057828787854,5.808415588132031
1.823647862894581,0.10705289304317323,5.976995553031159,1.801319449627663,0.10588303626268125,6.237461870322974
0.5806994314893787,0.11173980535430329,4.670752040232947,2.8407666216211496,0.11067923683205293,4.240303442886492
1.4087720925157683,0.10041387685293268,5.848387472041643,2.014254192664583,0.09954300391439522,5.323373570829096
2.4079173367039006,0.09442134768633595,5.08644189002702,1.7022484571947043,0.0930501965004836,5.522849942172345
2.0086929597819068,0.10649560639815348,5.318408740067311,1.7254872891327158,0.10623934380348621,5.480851522398153
1.58994668095495,0.1049013787620095,5.856635626139638,1.8416035481711361,0.10382140910424426,6.273461153527687
1.8181123195542217,0.10390019125392606,6.441136818285864,2.6649615466756855,0.10278892193153451,5.919670718825014
1.4189805879289092,0.10557700823767413,5.594505259771582,1.3126086736252178,0.10387635791132861,5.276655908863272
2.2615619724086606,0.10273352858147064,5.172940280858575,2.5822680054810623,0.10154746501773787,5.019303384221761
1.8236476446038359,0.108479777003306,6.456996492313681,2.704530377639979,0.10715938598722653,5.596179785510961
2.4349767087973957,0.0937678869322798,5.410923791967387,2.043202726350322,0.09250269755614159,5.770898375962782
1.7054146642989236,0.10338291269725516,5.160211143538793,1.8565650291129325,0.10200383848421092,5.224789827891652
1.244989022021758,0.1050210334870961,6.379169757953246,1.808952695854976,0.10393196054898304,6.050496494501485
1.5137462063110765,0.10286257241908425,6.403543873186529,1.276698561250568,0.10126292332975341,6.748658170202773
1.7554059557864687,0.10342526528130154,6.1283131026169615,1.1948995138475167,0.10220073556498438,5.790324257899825
0.6678573116037365,0.10106751001726304,5.784581523396378,1.3169110038566458,0.09976959231352726,5.462369790919519
2.152855920873112,0.10217868020622276,5.976013012802559,2.0522801136358275,0.10101368922812134,5.804074522742679
0.7858728965191183,0.10774190472656571,5.547678074812858,1.6636787278636254,0.10588899937185083,5.598014879617172
2.956362413727329,0.09859801179703909,6.053244487460613,0.7469268305584216,0.09839216490370956,5.866781519411518
1.8944201226514843,0.10672207040104154,5.3495166725445245,2.1711096863679127,0.10545487377353924,4.760124767462289
1.7694928463574788,0.10629828121082771,5.630965749525339,1.7458806955728918,0.10461852591851731,5.916898737939631
1.7321630517571038,0.10418223087479238,6.172763385307515,2.3223470846449357,0.10235283659291547,5.965351254523392
1.5833619796812939,0.09503536776846873,6.3680699224946915,2.640906348622767,0.09356803343161686,5.721729371915508
1.508009524790771,0.11094034966828926,6.432508110389521,2.2661966488856633,0.10996422841696393,6.201572077096783
2.479376075323593,0.10512365817555402,5.411162111751055,1.9433685379059251,0.10405965839968541,5.223715034888929
1.697662226590047,0.0981928555544615,5.771618715378335,1.2067740632831376,0.09712159689335419,6.01459865761628
1.7232760236786815,0.1032720839193263,6.397461320278782,1.833587339435138,0.10183102741079693,5.584115463800708
2.021283748393747,0.11041384615742246,5.354577000793138,1.969178006943379,0.10932247601561815,5.3601204020543785
1.9744295903054456,0.10276778577604981,6.229201715635248,1.7291913737568103,0.10211716754475599,5.436831239235531
1.7871585953345894,0.10379056580993097,6.912275453686929,1.3952120339242182,0.10267245086534293,6.348884081353341
1.8640427300454812,0.10244924066027451,6.038431278094866,1.4250137279819668,0.10149544117376018,6.002954190887759
1.3359598110485904,0.10469811841615814,6.30905284325302,1.9138698389578535,0.10370990002733488,5.1281885665231615
1.7876742609266594,0.10858189414199684,4.69995670094872,1.616589300892241,0.10748991597097346,4.9072904387523035
2.0446524550461014,0.10810751545983158,4.223104882107031,1.0627459689552663,0.10698049539776043,4.416546813251491
3.128473737735687,0.10298483230454565,5.23720085920588,1.550108673231203,0.10215683794287014,5.045006966540041
2.0258490829735205,0.10567169312237512,5.9258373531669895,1.693842825530715,0.10473196111886032,4.967554090309387
0.9878537629088561,0.10584519891637487,6.085180312706279,1.6479860721739463,0.10427730969512176,4.799671734539837
1.2502001864125816,0.10650674189289505,5.186868162057436,1.0172081006188958,0.10510229982997342,5.044744385511572
0.9200755290443214,0.10614584752854268,5.051242055167542,1.7490602285158214,0.10475918152072536,5.478604337167679
1.7878121475129642,0.1008092648255427,4.901781518159974,0.9851828138701733,0.09986089858278997,4.667172737880072
1.0924627191974943,0.1041888272461474,5.476431810061479,1.3369220642400839,0.10299361514951426,5.428734647110811
1.3887279793470937,0.09979524499894304,5.746400363569285,1.8234243756452058,0.09852426175719879,6.079026140373181
2.05190385807617,0.10397779045502052,4.796992431568909,1.5969048636617245,0.10294097512187877,5.018154258818439
1.6971192055827535,0.1009908568899821,6.547214418088228,1.3703748308087014,0.09979625226218057,6.816912787000694
1.2685730470480534,0.10067549215508476,6.707638929037149,1.7364492463119505,0.09952048637960036,6.620948074256354
1.7893470949401515,0.10419139568760995,6.068778602512742,2.1657573406203294,0.1034991043636994,5.88914438596866
1.3050492467501955,0.1043287771577731,5.957032920231784,1.7005058060324856,0.10247515914419904,4.45397700531863
1.454767052797934,0.10062487283311511,6.135258789868337,1.3322351819728646,0.09901645295082907,5.834492660016797
0.8622959929227628,0.1049598535717614,5.538147290397758,1.1454034331796135,0.10366671907526548,5.644995974913775
2.02598439306263,0.1051538745099473,6.180184202167218,1.9981202697015896,0.10393525040846711,5.3130735760702645
1.934349120282328,0.10058979626778639,6.328996305292833,1.1299445528472956,0.0990597558034274,6.044127017402747
0.854387521725225,0.09908520168217422,6.551014362147254,2.521650035848148,0.09784353102458024,5.826061759169709
1.4831003233124576,0.10721653911553491,6.491977114169474,1.3568326317447583,0.1056837874607602,6.166322593157412
1.3406051735155697,0.10835015370390094,6.241424907363692,1.5684806514245877,0.10670557846540797,5.857113995278085
1.847459240193087,0.1032127456212189,6.943731655954701,1.677988841672457,0.10136258813322764,6.578394469121575
1.7656802202568649,0.10328884808074824,6.311923898684684,0.5536493263607232,0.10144821236614994,6.401334118813042
1.6254664789615532,0.10439772402482271,5.586280985046615,2.0762221391559663,0.10332146871731217,5.507155757248567
1.7141123633599387,0.10421729628373612,5.832775213369446,1.4069276692382828,0.10370135871614314,4.823811075014958
1.279096474567775,0.1000265365193311,4.9444644628631975,1.3633497792195868,0.09863622151206285,5.601039151158294
2.116588748061348,0.10636148524029408,6.879851066769311,1.9935966242936192,0.10550366440645445,5.4609930972843665
2.347852218791045,0.09905398963727802,5.283109438405833,2.134096348786681,0.09780225717965667,5.5130349706737105
1.7713894874537521,0.09771777268734691,5.6676614984857405,1.7104465609433066,0.09671542240370137,5.951966572173712
2.6254834625542616,0.10746500361135002,6.105663399211397,1.7701432157836559,0.10623702496885336,5.044029052925021
2.0993263225415837,0.10501157829150577,6.582886604935811,1.4678988973801788,0.10363113773923066,6.170682350013132
1.4368149554266434,0.1029605453157485,5.2178584549819655,1.640491232546614,0.10163862256679956,5.551930328304934
3.0446218983341735,0.10470522384721169,6.783107282943334,1.8870125921475234,0.10408685700660608,6.442537382605176
1.7154302501439673,0.10173053716419952,4.98020495663636,0.8452934076714858,0.1004102558549089,5.371870520572155
2.9042571532985955,0.10723870852144832,5.6939781441585815,1.4938022303730176,0.10607236901904682,5.179927577398439
2.665726309543721,0.1009882357330863,6.087553947485103,2.3933606140625234,0.09965363453830343,6.1502794307996975
1.749403611667981,0.10597691389987283,6.080035702319399,1.6931035322083738,0.10448846653389682,5.878624807604029
2.377804549086664,0.09703356888744674,5.338894035688418,2.339055840742489,0.09568095521120432,5.149714178878366
2.380325782171586,0.10032209188075103,6.0744054909588705,1.4865220570621245,0.09924618542254994,6.026057195582504
2.4311852856634624,0.1102858891657276,6.328703480616876,2.049834694019704,0.10872514296030564,5.14959149467751
1.6027279538076478,0.10546244094587638,5.405089497355431,1.8964268814518734,0.10485396366385685,5.2676979467495295
2.008000987149007,0.10473992700033356,5.829548959404355,1.8959770033500452,0.10356028459787835,5.51075848728521
1.197439701589381,0.11196649939187449,5.738569531095259,1.4044802183377336,0.1100028595222757,5.376233441445887
1.6181468216070345,0.10165158112065037,5.407085937396997,1.9392630065578988,0.10078261995095893,6.035050599364731
1.034209611730501,0.10204420171516254,5.7935099339697995,1.7934936284671006,0.10036605623354151,5.321462820910623
1.9288867568370935,0.1047731647454869,6.330032442327139,1.7468622952167985,0.1033058400310806,5.668933701526109
1.3151656156042129,0.1077347663344268,6.012700068690337,0.5431426079284727,0.10634130370421203,5.9219440459843415
0.9159027022467167,0.1060242410265075,6.208068807324072,0.9171262131402632,0.10492591130570574,6.163789485717683
2.2665697598389567,0.10069895340286772,5.639904002864341,1.918497736697863,0.09931494889627007,5.05030651841198
1.660838911346155,0.10398620586884305,5.152436542579411,2.0042935486666495,0.10283687455815622,4.805169244803546
1.6478064584428045,0.10109815136353581,5.839860284459607,0.7105503274462523,0.09939655904310644,5.680860477621777
1.4066924128327074,0.10673810534812131,5.477310613166161,1.7111940810150654,0.10504734046968721,6.050661486126168
1.545789547922681,0.10386854799449236,5.107806926522451,1.4364563983511531,0.10276159032109407,5.287198100765077
1.4723846648815817,0.10732347396030606,5.7523164640178885,1.7926502469642205,0.10591164076475504,5.2152149612277405
1.8683832120020987,0.10540029552130521,5.26773640254743,1.2175581202381804,0.10422741894617336,5.512537738648524
1.6376759694325023,0.102168286595589,7.712434551407908,1.806761869501621,0.10122223441446124,7.1114545298795
1.6440835305291583,0.10138336497098288,5.5592376945777575,0.9651963050045375,0.09977884127877219,5.420538577102213
2.738271701892596,0.10619854546008839,5.779409768418302,2.3230370509745146,0.10486978587430502,4.638676192662975
0.9111081576168316,0.10046997485312122,5.333488379759885,1.8336337598258692,0.09900899570366563,5.397029164497672
2.5386849916293883,0.11051293256807924,6.058577401258118,1.5889757566608118,0.10944266476828748,6.061706843488136
1.6954460009926566,0.109022638705832,6.899510253002638,1.9017413854593408,0.1077804613664933,6.098559693068178
1.8540510969548925,0.10004690001776426,6.228606592739396,1.787086220566536,0.09875314194612703,5.786970307389198
2.1002357379263357,0.10426600815488647,5.959183197127043,0.8986582596488017,0.10320062871050019,5.6496301478844275
2.8223613051207823,0.10659956129866828,6.324542737478153,1.8812393885675234,0.10493492020385661,5.88451334937657
1.2690178738852689,0.10443738757039349,5.5152065858217085,1.9297132033570872,0.1033514222318456,5.976982553797191
2.051411848683079,0.10605685020551385,5.821375698037519,2.329571126118836,0.10489074301388508,5.400946225266794
1.3552031440865218,0.10968201326084967,5.713243087769475,1.6241371452832034,0.10825545295383407,5.993595109753063
1.9771946599198544,0.10182081143872738,5.33149391026809,1.7362837928273418,0.10038106733929061,5.093485708823261
2.451552711250832,0.1025377570053376,6.091802837051153,1.8651460742152888,0.10181206564079562,5.751434315666482
1.7269362245228752,0.11095803008700901,5.560021761582533,2.3048223930095997,0.10965260230644795,6.045607527370782
2.8409318799415746,0.10741091372499044,5.466703368364512,1.9153300905430783,0.10644655492385799,5.753755824327079
1.8303388420854532,0.10878300387747314,5.660733773529992,2.056294493663518,0.10762105934389737,5.339887742538281
1.7180191850186495,0.10833903464626107,5.206878121548982,1.4225116613012623,0.10717324672672074,5.993379513033377
1.2522702370804089,0.10380889375072487,6.031122988305108,0.9564478284325292,0.10298561209990947,5.0373402903781885
1.2975458298043732,0.10546515987506244,5.712080122337876,0.6895801108404058,0.10445016807096452,5.2084253172081265
1.5959005364921246,0.108731679606736,5.947302470522512,1.1169007836569125,0.10749680897805808,5.987340831879557
0.7852131797098278,0.10276228870121264,5.5230264906162745,1.5325718513623992,0.10084159561731852,4.933992363307235
2.1917958584574437,0.09812691883464403,5.882399543629123,1.9974745849857967,0.09743722421735605,5.719683870746943
2.156921376085814,0.10704758254401492,6.691205461383171,1.7085029342549953,0.10586628306710512,6.257650166851931
0.9967762746813881,0.10449728624659045,6.042868994498392,2.073870224310438,0.10359121255374096,5.839078074000769
1.189966495994443,0.10277926453607365,5.900966085449539,1.6528050355587147,0.10158732317905332,5.250369617718383
1.4278226032646928,0.09971265141880777,6.276765908525383,2.038465769641999,0.09855500489611843,5.893739169000115
2.0488724807698757,0.10729144959311646,5.163894886636477,0.8955388486806238,0.10636065475692082,5.483771675621131
2.3733493372468617,0.11198837561794714,5.612801650657558,0.9511421817158433,0.11056586471949784,4.9726260532235225
1.639067196050322,0.11056334965118542,6.322148443401422,1.6850047469286347,0.10997112960162946,5.630883947628637
1.639843726118893,0.09939416880977958,5.916131806652375,1.2674306482745399,0.09853656897354707,5.929838677952406
2.30831555473553,0.10127946840215528,5.93487922862993,1.592172879879048,0.09995305195539995,5.094072425298503
0.9021592480974335,0.10457632864893449,5.887560546621699,2.3784710321109963,0.10364136369546677,6.015771495255203
1.6783634629660007,0.10424529348611242,5.532537243647931,1.7512358172350744,0.10281038937732978,5.6575005864978145
1.764367706993201,0.10947092743762582,4.693492534174872,1.5709098926544776,0.10799549643119989,5.051337701423454
2.722325010709246,0.10226303206362009,6.033560114447879,1.8924906456904098,0.10097689653851351,6.287323275781853
1.375500778270321,0.10516350692340158,6.381366872643317,1.9587855254195214,0.10335582742360498,5.3832371841248685
1.861718342484533,0.10790303238525947,6.062782772539327,2.2446328831516658,0.10625784476684856,5.37974066809909
2.290966018726999,0.10120975254446021,6.4160472136315185,1.2853843443963848,0.09967133726498834,6.442531793700332
1.348428416837052,0.10484554364300516,6.354202340552434,1.6281524055124659,0.10368000403272211,5.429720396810833
2.016293239974745,0.09058246803122007,6.075406359814454,1.8845876218526065,0.08960776013979355,6.108518509834774
2.0879972472364683,0.10264523870644916,5.83239328257865,1.350984594468161,0.10129502858413855,5.732793639357955
2.022929188321849,0.10478829606011052,6.094572498672877,1.5999714878780813,0.10387361344765197,6.083810797753785
1.8529614604684328,0.10219689297657518,5.3800189620982914,1.008600120526466,0.10076698065247497,5.488669128086728
2.3877822792868733,0.11450390794781908,5.834148589706786,1.749079518924551,0.11311053210040949,4.262849326429814
1.9681912077078079,0.10808409993173987,6.503776643381835,1.6801295803646112,0.10636847561121011,6.095516193989387
0.7353901255531754,0.10461486672956093,5.30195653154144,1.4233859865951521,0.10316618517630355,5.204826093241569
1.9871994673114082,0.10451618181984959,4.722112931374808,2.2640766397607437,0.10323441191184766,5.038925773231816
1.2080114671729654,0.10200710579903627,6.333614695738312,1.1776376942056321,0.10156109775053221,6.603607488143167
1.3926534414260032,0.10606728671464895,5.560522650262403,1.1279819884640527,0.1056760707088438,5.545037862233763
1.010037815452781,0.10625883719077736,6.104668945547832,2.2245743353829037,0.10524715129502445,6.347569039522615
1.5635781836253047,0.10363300623692993,6.417937503169341,2.0346914273174037,0.10249893414883968,5.829200833997556
1.9315445607565223,0.10839997487701804,5.0988632312854065,0.8983511322409221,0.10691670243388554,4.726672925064053
1.301173362229911,0.10660782567890772,5.18317230363456,2.5950007092918277,0.10502730964791974,5.395938198808116
1.1462499462287328,0.09967946841414146,6.659010986497148,1.4638661554919152,0.09812792199752576,5.614719349991497
2.0685842623155795,0.10993427728828534,4.946495050391707,1.7710927715837967,0.10889414059297646,4.85264388685447
1.084571500692801,0.1006810560903093,6.123845560410492,2.047529312184996,0.09963908440483021,5.884757445242867
1.7612448000963008,0.09919254778165613,5.325064286140233,1.317379571719934,0.09819051973601466,5.698545855283747
2.6004070389816882,0.11094407349905927,6.26731760753801,1.6756441947848777,0.10949906238487264,6.072624428782369
2.110098232523618,0.1051913998067012,5.805695684066609,2.6972656573555662,0.10364992015531457,5.606926365907148
1.7150742512807078,0.09954340410768917,6.337575629861635,2.2025562122696165,0.09785656206892232,6.16228409386681
1.8698960780234437,0.1095081377235786,6.0347082130554295,1.0734879347367778,0.10857341404362424,5.683691955441604
1.7431815584791317,0.09763888296491735,6.34307313679857,1.238456119152041,0.09690521260641866,5.817536509354238
1.6542574141728872,0.10252496674545718,6.4771642005438235,0.8001193883164966,0.10126808467468025,6.226316401392345
3.014658996574631,0.10039453047238435,6.196384240678071,1.4376732268622074,0.09945529555412444,5.591776749423907
1.5984620417867283,0.09979572715910971,5.575672768206254,1.393452795449366,0.09858448338597636,5.421846092730038
1.3181041647029812,0.11117368153201214,6.303534892894306,1.1941781638904378,0.11029473910669034,5.945241364348192
1.949993739637991,0.0975570824091628,5.572710368690509,1.4908257732819703,0.09583997240031375,5.133689894750936
2.1639438933215054,0.11048209437778526,5.670557043107541,2.0781831583722252,0.10903901971123584,4.715654954686188
1.8854482489998055,0.09984966491472937,5.5600194487056696,1.4672650595019916,0.09876340051745017,5.00992288220435
2.3471497183280197,0.09926011675778755,6.240496148390245,1.8775667510861893,0.09807898491107864,5.923205551920274
1.5431620447002012,0.10694553650316087,5.926602131672436,1.4143357019617,0.10542621984360484,5.577680177532041
1.4653589418601283,0.10615502805667165,6.164864109882347,1.6942056483621952,0.10464016111453193,4.899424931956223
1.5798071609570847,0.1093131207397545,5.767655876129329,1.8496815105177002,0.10765915462966569,5.143039071550031
1.9244968163034477,0.0985036281284889,5.993854014156865,1.6197987398306863,0.09687473499831653,5.480296596997186
0.97368776609454,0.10421360320267835,5.1382136429495135,1.7246754963663584,0.10266428294798106,5.1386183816321225
1.3580721231911235,0.10159488081214871,6.563233786525869,0.876346450026452,0.1003373479440783,5.383665255523662
1.3883288628956398,0.09055046194636573,5.266677134265498,1.7254279899143403,0.0889568855556253,4.797934636937073
2.4217362072435824,0.1102515168941974,5.0783722078328335,1.3569340989977223,0.1084045288175365,5.258464262452504
1.6833642036678644,0.10878112300850802,5.776288321368708,2.0847808235442358,0.10735450188889957,5.754313375331977
1.7169416271075455,0.10079873050928705,5.783935995043244,1.7033496949131812,0.09947735451089931,6.659147539804577
1.5483213570199001,0.10258841413603383,5.567282704034944,0.9523274245529012,0.10147209075605512,5.961282709192726
1.1303011971298649,0.10604002138950035,6.518039474471068,2.2570186741133904,0.10440847250976347,6.111045147601058
1.538129890486579,0.1056262297875353,6.512585542476935,1.7861293909622082,0.10436912803299321,6.023816847957979
1.7989919608603353,0.10397977692187571,6.386793509714071,1.5594104663499118,0.10276071549097773,5.851072776198914
2.002363818821757,0.10075948946645537,4.907791124996336,1.6832113750762028,0.09939152919359384,5.048701457647691
1.427921964938296,0.10399914353848724,5.189576572917095,1.6390367610712393,0.10300735214059545,5.0612569344851375
1.4939450955498514,0.11111285374719956,6.039046709573994,1.9321226140228411,0.1098415801686699,5.187093479825277
2.18595631230527,0.09870303206845386,6.006323272471784,1.4084010413330712,0.09728775098162007,5.137046389726577
2.0832673518928777,0.10171082298485817,6.84034735244522,2.0211313641553823,0.10032309665707793,6.465049529399379
1.9165821062441042,0.10850704998618727,5.5459869990280755,1.5518515341937658,0.10697267841423254,5.028146056792605
1.2475706470481542,0.10536734577888052,6.3506451428862905,2.006422461578599,0.10391031062409886,5.5882221066605835
2.1255762432342395,0.10738469902203907,5.807579402770482,1.2896809255841846,0.10626091048796961,5.12575144751166
2.1382626765882167,0.10209065894180955,6.2157340963710626,1.9545631025281316,0.10148330340099547,5.489124568811528
1.3877827189292629,0.10252090032814862,5.843765906006277,1.4406437630957962,0.10160704220515318,5.793163964994559
1.187782014302563,0.11163858714799074,6.247892961789116,1.6759436366957157,0.1098417858521543,5.712320341435617
1.768922580564129,0.1067878566180114,6.083225722026479,2.22423224350527,0.10521389202906507,5.995934961273302
1.4959743068481992,0.10661278262824786,5.794322800522178,1.9316595330825896,0.10551078568994067,5.754038870286044
1.4190897572154575,0.10504472328262135,5.613088594064186,2.4420323144422444,0.10388730696858471,5.224252048528021
2.257307821124487,0.1023419445462756,5.5978873218973115,1.5702035098107934,0.10147753921044947,5.347998714475358
1.4862307586563654,0.10437767238396113,6.779578253138686,1.779930265401271,0.10314894998498352,5.7120376900036725
1.2321737679856901,0.10219670747736519,5.522807943812608,1.561307862618019,0.10079696489628832,5.578465582414782
1.4194634277102272,0.10111323373048292,5.993964994184225,2.408900137517856,0.09951255624343543,5.7583391270947315
2.0507496201066884,0.10658302520336255,5.719259541868482,1.8757400149004568,0.10614618883714193,4.593903906759711
2.271199733352026,0.10685494622693746,4.8541695824795825,1.5814042186822332,0.10565546203429092,4.990318377288377
1.8182965660017039,0.10523152748438995,5.379710641580391,1.259756630745733,0.10431397315363473,5.019667290083626
1.5908132918128308,0.10476951537237775,5.322268075762946,0.8309789312647478,0.10375982176894451,5.089081057015947
2.2940131171630895,0.1095688433555794,6.152056512849904,2.040503321167262,0.10785618581776085,5.83056416988859
2.2693273313897775,0.10235955183544582,5.924160818567759,1.9056657934021306,0.10119996681117113,5.3751286970362075
1.9845776721389337,0.10329878784482889,5.950610195259741,2.4897886873571116,0.10174289397973971,5.791356688596819
2.0362128450148465,0.1035567885599183,5.525421332836237,1.9679136317921215,0.10258588800822506,5.652549671370972
0.5120372614546916,0.10592037500602455,6.074691618661545,1.9061783235089451,0.10445650034985311,5.537586056808306
1.0387245986230713,0.10961964649019851,6.242226725838402,1.2231546690868031,0.10865350291893534,6.233965443604798
2.3650214278009987,0.10536363864445192,6.013164323067653,1.286422115942147,0.10433013274772648,5.580825178999805
1.9793523302648892,0.10328869896817262,6.0802503941586075,1.486744049615472,0.10180667368922305,5.945673721288395
1.6179726359224096,0.10412452724101989,6.752378761155388,2.257215859687947,0.1026192909435609,5.756473501230628
2.3520366045198826,0.10763769498303011,5.829342645226936,1.40293820809767,0.10640301504963959,5.774059437988136
2.0314532695662777,0.1001600918954661,5.731571467941454,2.0223495842622943,0.0988607724787781,6.049518148710225
1.8602191053092985,0.1066279730025247,5.444004041268306,1.8803046500912903,0.10563548014831152,6.192159317473471
2.2261157103799163,0.10103441630167931,5.839274419455674,0.8462721074112047,0.09935807384901404,6.402682697344408
1.6013405257759412,0.10606725432619243,6.012123440805083,1.3141833978036106,0.10462660408040801,5.497977366430597
1.1971608560130529,0.0967819340981404,6.007058044515102,1.395765976039672,0.09552699396720477,6.242306947708614
1.7067164731356455,0.10187387046842383,6.1011133594194265,1.2254414953281403,0.10101801464164466,5.537567749456181
1.592761766788332,0.1039931353072973,5.950213626604533,1.9226510879270104,0.10247798618904527,5.381625198708662
1.342391829417347,0.10124848029142193,5.014039241763113,1.6306036724590642,0.1002947205843983,5.589462970535122
0.4906885016190101,0.10422651157737088,6.835412927633534,2.0603542925798526,0.10235237539071956,5.887485075273869
2.0134368021757263,0.10313984325546464,5.967363160955624,2.2834097097860306,0.10213883268631194,5.891815557052442
1.6994731835638277,0.1071325550209199,5.354729565292584,0.8369117336305657,0.10561809497020241,5.1898961450063235
1.701117648140907,0.10181405626105289,4.670603462889608,1.4320485619985288,0.10105268072598358,4.829898191931489
0.03335787954726556,0.10830228823563595,7.011385040431592,1.5786253183745695,0.10697316837773396,5.306836876651303
1.401037456603607,0.1032841309192364,5.977468372779633,1.3696135253975998,0.10204117548561432,5.809979969728696
1.8107984043599208,0.10447984395907593,5.049270306460406,1.6425198731431616,0.10326971553436629,5.118438964333409
1.515812206180653,0.10572989273425808,5.859993863901517,1.65637953443332,0.10485114046906574,5.0642140090620735
1.0534576035727217,0.10167706746583041,6.059326000595488,1.5274413255318,0.10046616458435208,5.358027249312685
1.2480015850540147,0.10768332480571405,6.857793040270042,1.672003458575205,0.10629666328556467,5.972409522104058
1.2508099383232294,0.10908542861746189,6.21139781050381,2.211075480668745,0.1078406865769904,5.533001041874712
1.5449805623532513,0.11196262155215962,6.527443411033993,2.5213540773935565,0.11060495292498748,5.986547567374668
1.1875615491863047,0.10783667059184761,6.296355974615407,2.5561510731365376,0.10682737276077292,4.923597322669075
2.425243750996915,0.10199630323043904,5.243436532216818,1.9080183317552595,0.10150412456251107,6.041547933948306
0.9266612274154579,0.10701313191575232,6.166275236403811,2.323398396749907,0.10495517191741392,5.947905970179598
1.677643219395193,0.10526650114487822,6.266543823591306,1.4539543852493118,0.10373909412652957,6.150670279787705
1.854010666655184,0.10520671457366126,6.295762807113438,1.3561737720410294,0.10392166832374196,5.252611918285601
1.0868068573391318,0.1036862459287095,6.084017092721054,1.0696784174560183,0.10197201526099685,5.650991988923071
1.9924850550940043,0.10353491530117673,6.109971880068483,1.4700240931342883,0.10230647445029219,6.552207910305725
1.6145786867110616,0.10410932192522508,6.677418374376295,1.4394604444211416,0.10308904757210315,5.79132268333374
1.991994053016523,0.10180313641952603,5.806256229578729,1.8624013249600917,0.10052609307725188,5.658273098448834
1.2839691951279126,0.10707111175838681,5.602534393684824,1.6439928540554656,0.10564156911454604,4.774666222874711
1.8365857927098463,0.10380372560508179,6.5954571660715535,1.6621907439672163,0.10246580526128996,6.449912647977812
1.3293047464032188,0.10815059352997931,5.978871547840796,0.8125377581656652,0.10699393990324023,6.571680489346042
2.174263520470765,0.10419538124129762,6.030187290327751,1.8581158240315157,0.1030916788329236,5.637675862700416
1.8082000984295774,0.10413340461771277,5.0656926084478995,2.5765113031194025,0.10344416796202567,5.364632183705515
1.4020088158929522,0.09978930571919976,5.8873442600454675,2.056637032692625,0.09805505830630228,5.585164848265035
2.513665262638327,0.1013244516119537,5.693320075930028,1.759313564886791,0.1004735672106481,5.866307225213104
1.9411621738156448,0.0995166293051722,4.772437776668903,0.5431981903006944,0.09771918063626127,5.229105867809125
1.8651479918188902,0.10348036664101866,4.712312008567156,2.054229345852474,0.10279335991673734,5.833378644167541
1.6363251842243918,0.09982591414744299,5.798548827340085,0.9055501350204276,0.09844331927992461,5.839301903237461
1.4735346885243907,0.11013889821116674,6.351404742427837,1.057236072060627,0.10909100207928013,6.387319470828407
1.2854716022740829,0.10740446980878632,5.628029065988592,1.6331045381691678,0.10570205245447026,5.3310096245137695
2.4164998963888573,0.10226264244159522,6.241339015206319,1.994728271473176,0.10111091001024565,6.178812701834344
0.9033194833344372,0.10346977615595693,6.164739326631635,1.6278043151355306,0.10262610023782202,6.630086642481334
2.1689591027935475,0.10018506302854403,6.083309432019051,1.8648903527275864,0.09842855171612935,5.289022600878683
1.1637824491098385,0.09688891092628034,5.3024118797833975,0.6139166879173862,0.09559155105274655,5.1415247789890195
1.7944475672173497,0.1049208213154754,5.68224754582947,1.8332426199572742,0.1040392835725027,5.571110511235377
1.1787664866852645,0.10327016611503426,6.279768026436378,2.4973314338773207,0.10221817950064571,5.94279245317444
1.9110914812322433,0.09473118435410893,6.727455607796179,1.989553175994343,0.09374582660271921,5.938277224814575
1.962037818932135,0.09868230829987244,6.522578533587822,1.71966893516077,0.09775271437911089,5.878999689252795
1.218494845004694,0.10472046344319987,5.981514687191924,1.8764564913606987,0.10394658944944662,5.639528952175185
2.3198472571123814,0.10077511943759954,6.250269152494977,1.5230976390020237,0.09965168731692983,5.6578366637668465
1.339229896339688,0.09998698161227758,6.7813225423518535,1.642852250988321,0.09900651164075297,6.345441453558672
1.6108369251217667,0.0991792824060583,5.198976118820006,1.872003633926512,0.09757665153436985,5.419101712060365
1.2907029448435312,0.11389513159710211,6.548290382009296,1.8056980790588608,0.11259785412880449,5.839373656676231
1.383639484323754,0.09732602585018342,5.955776872916353,1.5022484442345037,0.09601776494085072,5.220708739144472
1.9240673618495374,0.09720005547408375,5.6474389892966155,2.7752428714001,0.0960275439293124,5.426778085627775
1.086645068942134,0.10203437337056002,6.302076786380413,1.592326138589516,0.10093462459993995,5.485147467161891
1.0634381370121027,0.10176802933653581,4.588222812480506,1.5016650990343046,0.10014703799380557,5.180809913322957
1.2483162210456398,0.11081923619801602,5.303344931368701,1.7611126198838556,0.10989164798015927,5.490068715172369
1.2401241383551098,0.10831855216872512,5.373271397977305,1.2983589039426395,0.1074762479032679,5.9124258629073285
1.6317968381129209,0.0992874098441037,5.505159019253381,0.9258498553952026,0.09796476727481929,5.702548402052836
1.0221854707607672,0.1052182487858097,5.2458895589253185,1.5540418722869722,0.10397731845516386,5.997126819196637
2.2696284944222302,0.1013165947485391,6.387410600315437,1.5719458912460738,0.1002666374266959,5.522759568740532
2.0415281693116496,0.09726930763235839,6.71325889263847,1.3921032053633007,0.09601631043936869,6.589039342815799
1.0584545557611762,0.09763958935014067,6.298600963704248,2.1274176635472797,0.09649428875368503,5.645165501094126
1.4714213098134281,0.10573742876069939,6.0253642394532845,1.75957246745375,0.10465388340602771,6.230715237073738
2.2816657222973324,0.10751837793167553,5.821634938740085,1.3933622705523208,0.10669090964213328,5.525274290474194
1.0806614032215085,0.10859866143518997,6.4980656831962085,1.640119069670412,0.10706613554789512,6.4824656186242775
0.9617563115656773,0.10016474601486036,5.918477736851609,1.605327975246962,0.09967643179793334,5.812659679752581
1.457342305516552,0.09615767362095379,6.196058402829186,1.628748608599911,0.09489302197436988,6.309590813529453
0.662065286431362,0.10132481799580657,5.523616334220428,1.0740442640948829,0.1004635185526052,5.354252690932299
1.5080496123938347,0.10354340127732668,5.0305879971315,1.925301783311045,0.10226257471103178,4.918284115018847
1.3225775825225559,0.10725014849130185,6.449884197605175,1.9893667624701759,0.10599583182003405,5.82895940467659
1.6102002383014402,0.10469081924017015,5.595595979019769,1.3235960073255209,0.10334046846921321,5.9946642736124
1.8842920322142027,0.10512162545793453,6.375670447619548,2.261299177574565,0.10360118813013976,5.9339053738751995
2.0856675575603854,0.10419397709200445,6.426462514149872,1.9627389937067603,0.10306663554930737,6.300402067107789
1.9546808131630782,0.10823952907773805,4.945890899816912,1.3826227538439955,0.10735862300734486,4.872450163378552
1.4512295026847157,0.09963658049075023,6.591695485553097,2.2009174962607,0.09754615915551815,5.864316091639774
0.6946987524679205,0.10371553033633117,6.3793954012628395,2.656217904691189,0.1026574541963917,5.554871234909367
1.7128685448127432,0.10676500151628254,5.836772986825257,1.3829200694181432,0.10531924769336931,5.5565811199066175
1.2037756252933953,0.1078810286067691,6.294543989253837,1.86436423739507,0.10655573835615266,4.943823576588281
2.3792822965012235,0.10354470620123361,5.740937066646204,1.501021258067896,0.10241377855288229,5.919063069919157
2.667962370419213,0.11010046681354808,6.441880665517242,2.1962555200859564,0.10894538582988689,5.486700094689601
1.785820209207122,0.10847044706077341,5.418729295704656,1.8192560229915078,0.10724717369136771,4.838586501102142
1.5149291048199969,0.10202429978686695,6.2409420146366115,1.5604408733942425,0.10060009699732127,5.573612338809012
1.008716858032032,0.10527631760771068,5.723370786576264,2.2132616844198503,0.10457307136162802,5.270265023429369
1.529708881567296,0.10451613445070165,4.753391615838107,1.7605473264637328,0.10331661570426937,4.630824938704331
1.9059517458540443,0.10392879215212959,6.209402482529905,1.6126457375714627,0.10243440432782343,6.184808154848865
1.2373011444557775,0.10514072609766442,6.190061550446983,1.8587508948386229,0.10402617941285992,5.4085835745537825
1.9909695214239411,0.10362452506694188,5.144363228588456,1.6418090593663948,0.10157760320344383,4.525674479073149
1.2117089356130288,0.10526532601250962,6.343803091063585,2.221880746481199,0.10410878064165588,5.900139809073482
1.6690018462476652,0.10036485173270711,6.726317267326638,1.6991402720173836,0.09916093249203409,6.016428467895422
1.853626331085179,0.10820204722735209,6.33060038037761,2.315744894730555,0.10720559160341944,5.258239117221444
1.1699753464615557,0.10482059204671307,6.391449054194952,1.755065897973456,0.10374873994664462,6.063919245885046
1.656800052540211,0.10708434764318099,5.553760743187332,1.517627082329271,0.10588872082977017,5.669987406793228
1.7809112235199966,0.10377074671942334,5.555431656851018,1.9528671924440923,0.10282771280118062,5.867169615635907
2.0437866093540364,0.1059416353545276,5.113882337712176,2.1315905606457757,0.10484412984856264,5.3545068151164195
2.3075693428218815,0.1006584865816047,6.5162437956667185,2.0109844625737647,0.09976525182811262,6.195822875431996
1.729493731898707,0.10413725926459506,6.090930326215793,1.2085043059292588,0.10363874559497822,5.354345239106571
2.949350378793248,0.11199049161765004,5.1954405715498035,1.9576200745996888,0.11120149375745189,5.011585785332858
0.7628132321031316,0.1037761905658009,5.994901770167545,1.4294625101916392,0.10200601492061755,4.928416977829983
1.8251073221221226,0.10337581820482016,6.465603845222237,2.3841050628128446,0.10209740494933613,5.628516398383786
1.2675263353034338,0.10062238976978921,5.830974993231258,2.0684206222223347,0.09949731065531296,6.338709723484493
0.9251590662498513,0.10824055329151262,6.276999733448105,1.8660520085993146,0.10699139249166194,5.897376360162809
1.8458243308863718,0.10438176646052655,6.1701403877499015,1.531854001362405,0.10285455902541134,5.322312462708992
2.078530110878333,0.10019509890833588,5.280964352217178,1.4502851172019569,0.09931361439831828,5.503127299815136
1.8722062556504373,0.10381309479073754,5.7778299054012585,2.0909820615943646,0.10205354930706059,5.38086414864475
1.2276561866914042,0.10132597504502558,6.282863863738476,2.336381470908892,0.0999963545842296,5.403779445650714
1.34266730784499,0.10555760150159892,5.891429773329962,1.3795298238514946,0.10431631995606057,6.245350439760781
2.151002700819936,0.09711230203668957,5.6460968532078235,2.1281808006958673,0.09551957933448231,5.029307865993212
1.9122169262954491,0.10322987309429883,6.123808024319808,1.416451677567481,0.10222000620544663,5.995863467985197
1.5440864862672183,0.10504527672164077,5.765750070060026,1.9553660912497266,0.1036757472587682,4.94524197696246
1.475034962590645,0.11189252592553024,5.3898246889740085,1.459820778511057,0.11062116527577688,6.249515541011675
1.8544553880319854,0.10164015420063609,6.107843465838537,1.9223782368927995,0.10026920936773742,5.254279123614263
1.1001008798228988,0.10669632136934187,6.204779493652923,1.604841734803173,0.10552956198013841,4.728922678997331
2.1097009094760635,0.10494071677177944,5.846300906071802,1.8360423089429836,0.10403282333567511,5.882194507594497
2.486021884248699,0.1061591272633172,6.040045444253472,1.224100953394943,0.1051606523101221,5.751337312497732
1.4842300619681694,0.10551574838916525,5.82654818921105,1.2813190648805557,0.10419159730787783,5.3973875795402995
1.63277315245356,0.11416103240670489,5.890148833419671,2.062215786933649,0.11326532969065384,6.163460846304437
1.2205817001707842,0.1065651473952052,5.531958091359435,2.106936297667602,0.10567207525476444,5.062295123135531
1.6441872246139464,0.10001412735937552,6.8785972772089226,1.8100172152974134,0.09847267716293456,6.26294456554976
2.248263688275577,0.10802129536907581,6.380297493603172,1.5686773792431092,0.10668944281547504,5.873296569529402
1.4883155867540931,0.09816070462949818,6.6535435270125145,2.0758415047158407,0.09702524091684399,6.503987313834599
0.8091959196832754,0.10941152350393525,6.467660146393378,1.6728616353895958,0.10758640915378316,5.9129315530286295
1.8012977863383148,0.11050810729837389,6.894811345642267,0.8793880029368333,0.10909133107039932,6.84178841707028
2.003559484357274,0.10404477124367556,6.130844968766086,1.6225948845055274,0.10324055171995375,5.509904973930902
1.7151959315339238,0.10753823864987065,6.674105457852206,1.5679555804277088,0.10615565106741613,4.9569376974076835
1.8523707602741357,0.10950625619717338,6.508662762958692,2.1438056764953943,0.10804728458764626,5.89674099242947
0.8477438103731134,0.10210292309712889,6.201219256808293,1.8965593290829614,0.10105864726854145,6.245655606522053
1.7857403713697613,0.10344633594746737,6.999824534998339,1.6859454944012897,0.1021923309158034,6.4419825637512
2.1770319539748777,0.1019368870934367,6.5728346537533175,1.5914344217586416,0.10073026278812339,6.392412530671863
1.4377463571839235,0.10052373104482325,6.347586361090529,1.9266143413619068,0.0991480282299947,6.266986297727477
1.676524240575486,0.10814590354075637,5.141009673166703,1.316875586732818,0.10661516845243804,5.075714215829343
1.4627053739475089,0.1055787214241075,5.836709525808628,1.94421511163696,0.10409137314107052,5.3081257765989545
1.8510506994445017,0.10988947921025878,4.834188438395509,1.5776312127342296,0.10877027469532058,4.4458591859489465
2.0882641117694645,0.10441929379386886,5.67581246178848,1.9489249989346982,0.10350518738374949,5.519163085786631
2.782618425636978,0.10391915363365796,6.263764400807658,1.3271821062011053,0.1029534648988383,6.114972551325221
1.7942475541895904,0.10263569393286462,6.276929511071019,1.426266825355665,0.10107008072403699,5.845183240209944
1.2673074390984795,0.10205270169654165,5.8796509864924005,1.4537742944980547,0.10100709015002195,5.436068001944932
1.2968794273104383,0.10640218658065798,5.948077299532549,1.9819355155552294,0.10498184051460338,6.645661676330082
2.917398143332674,0.103316238217348,5.595260509538196,2.0827093025897834,0.10191760805210615,6.076901002297134
1.6030818645094964,0.10279478668307225,5.228846714105762,1.8907290551670881,0.1008845782861095,4.440225141245308
2.3331119388839547,0.10014791541874844,5.819927970002451,1.9444430395808623,0.09897388226666322,5.240686771720632
0.920578477220794,0.10485541006283303,6.598641794303756,2.0367563307543497,0.1038258799735297,5.748000163836717
1.4613789901951166,0.09942778846755505,5.723451606346559,2.0461789345379513,0.0985417681760934,5.880366070859558
1.9141391544965893,0.10053805354536152,5.9548732427302875,1.8769310145666913,0.0990651723086382,5.83994142652614
1.6596962079172084,0.09570735624807235,5.899340701435473,1.8248853120660855,0.09414078126990474,5.053832716184648
1.573544221504699,0.10388172790986627,5.560628056834724,1.3451833233013237,0.10346726509768685,5.3287262001509
2.3809687746251567,0.10646731130998091,5.718519846375646,2.111963975658383,0.10543598437778955,5.223411269914112
1.9922535279231521,0.10635852765214442,5.935673722031321,2.1720242708910193,0.10545706555464389,6.429445293864808
1.3111051213511713,0.10229970972128798,5.988167555399089,0.7369500231592663,0.1018469034300775,5.298014117946195
1.5138979293113304,0.10615149741215794,5.766655237677181,1.5715054095348737,0.1039465029004098,5.254017982441693
1.4521075063981803,0.10462452271782068,4.618414062207577,2.6358073346450217,0.10320851266448543,5.154404097542333
2.5925795668522547,0.09762520366092306,5.403912115388153,1.9506899336540233,0.09624551722092867,5.215384970429716
1.4242148001969652,0.10123433319175881,5.569975302259999,1.2523125989344106,0.09922545234666731,5.634011962935755
1.284297289224258,0.10679290891534293,6.720007286731983,1.0236158005991443,0.10593359389044818,5.642271786028826
2.5847931525507897,0.10293223288099779,6.645834351231635,0.7296233691386972,0.10192156990798366,6.6324104962497685
2.233596325666994,0.10455478436496088,5.08707524732864,1.7593948161027764,0.10421966733662866,5.453437622243371
1.748194320088555,0.1061017237721359,4.684980710900568,1.2390689373515245,0.1051220287694976,5.123192756372527
1.4083029441050017,0.10371409812890175,5.857662693565387,1.1745903227144814,0.10283433006283929,5.308299382259993
1.706933836763771,0.10052026231053655,5.598075281425921,1.815343711892136,0.0996521918830451,6.384693863965023
2.1729811596668664,0.10240953233041125,6.409034533664641,1.6652277962180269,0.1015677994481037,6.16843016706265
1.5627126702557121,0.10271003400859818,6.1725318658720045,1.4446159733709674,0.1012290795438509,6.438301560409942
1.3987374438549804,0.10575319812841232,5.990530349889665,1.2525827290298608,0.10417585926861182,5.804316365692142
1.4657154473976415,0.10441197810457437,5.867003184341651,2.2767731213662663,0.10304047602361968,5.836202653921338
1.5360350988531164,0.10225989568533249,5.661607025036587,1.403139925798873,0.10051968555007666,4.666511015296359
2.457886562043492,0.10174728000814728,5.732220751232904,0.8101829054748582,0.1005311667989606,5.798126298691295
1.857086038828328,0.10755328628286005,5.636007708011119,1.6378182480041406,0.10621639650034202,5.47797795198676
1.5919724172045457,0.10370932859354927,6.0136438511712225,1.7049169426708295,0.10267863102893304,6.174897820866888
1.0027810260759973,0.1023895657513092,6.455354465864324,0.9328885319016256,0.10119742050694902,6.33635529023139
2.363245143792962,0.10292938419078625,7.046205738446663,2.0455078524093833,0.1013713207731073,6.808267186634021
1.4088046501889675,0.10079860103487752,6.359654745969688,1.89565583194755,0.09927559321297186,6.300931981205273
1.570677957478126,0.10030163731022956,6.055367886289872,2.125697174131279,0.09937220976507048,5.972979809260621
2.7139485110994994,0.10447203151375115,5.462114146342357,2.2946013835591352,0.10261594375214672,5.58829449024571
0.4878615206088369,0.10337466885686969,5.851761583687514,2.1953390423719017,0.10163958886096128,5.618111443396451
0.9247379940385017,0.09790818988953533,6.2779860407261925,0.8156023163620673,0.09727828867974603,5.523890728316858
1.0745885020558947,0.09971121768608085,6.204059225043489,1.411698366579428,0.09883085258043062,5.550304320512066
1.8545494009538284,0.10600533876881851,5.698677192554317,2.104289472782523,0.10464251897115132,6.43831667152148
1.9442554213950016,0.095717190214535,6.860873946111468,2.179193184667625,0.09442423998695675,5.721491591166168
1.262277084011755,0.11024383304672618,6.3377427393890935,1.7835977687050357,0.1091877628427883,5.737898681800963
1.3000369666163598,0.103568362958352,5.584014409574622,2.6250965380819755,0.10255378451214626,5.350961816003602
1.7732999768873405,0.10409474376732497,6.195825955407377,1.8721641578720976,0.1029284722251611,5.733346178814043
1.2874151062888255,0.09843895817073783,5.410550318970553,1.7547473525473167,0.09700934060404914,4.892006647013585
1.8863070195359155,0.10925058333461547,5.2141439290605165,2.2191344149954286,0.10810396126695748,5.387595916549859
1.0871725314349767,0.10342658652482814,6.187942559657932,1.6201301679928763,0.10161207076573076,6.283543414391276
2.0492413897791866,0.1018397153740984,6.350096651360944,1.2450708296136455,0.10137336591743483,4.6044432720657555
2.0310580577143784,0.09977052749378251,5.055041402781016,1.2689269348702776,0.09885504093247022,5.533123799055482
1.8891959189562701,0.10157576305654736,5.7685903370766995,1.6831251476209403,0.10046170303002928,5.8035732530623525
1.7754773301801927,0.10282208920969556,5.912652966421323,2.230905819991979,0.10183023316942842,5.454792078780923
1.8018409443100145,0.10050085291544414,5.515524993557451,1.4066821759300416,0.09947700328489048,5.215079998875654
1.3595050646509668,0.0977727828380505,5.874366385537487,2.227903184970054,0.09686008620526863,5.457413642888112
1.7670170336706177,0.1005248216689573,5.681595918718591,1.6323872240380102,0.10006497879640827,5.2990531707595885
1.7507654282744525,0.1138255029207509,4.494918760103635,1.3470708916511893,0.11257599682723995,4.659912092782408
2.0478915213573727,0.10581274099796878,7.006752031112815,0.930632963863447,0.10396164337240782,6.448870371694483
1.23602362615907,0.1047160468867579,6.116301132280139,1.134908336151239,0.10313441426161783,5.952912550582425
1.3269161706092942,0.10693055546616252,5.311947954461101,1.9735628696164005,0.10620163002937115,5.781525851703465
1.6574252895112713,0.10350887071813344,5.5275163117255115,1.4979439911734163,0.1027076631393686,5.291618419762183
2.1159397567301985,0.10352467464939494,6.722350239028927,1.6099512707766102,0.1025456063501007,6.534285964631066
2.3846490744720192,0.10166694756875742,5.642964256388608,1.944946520959908,0.10010048432669068,5.774527733312988
1.9318465168951406,0.1103613456170771,5.935021416328251,2.130223312275489,0.10833814478614458,5.733884515624208
1.4722475112543763,0.10120654904035689,4.973694039444243,1.5779058262080237,0.09990742684529,5.574128086371976
1.7545425161125885,0.10154061399416889,5.887565896602917,2.2585760702254314,0.10021924119278028,5.969961803171974
2.0186112509615737,0.09971116698333252,5.758459492343109,1.415669777607568,0.098185575412604,5.959543709080318
2.153753764955126,0.10190357746236285,5.365869238096284,1.9956709410695312,0.10014373751140525,4.9765562380987145
2.4418101460222834,0.10833828037460876,5.911436489134414,2.1634968425301473,0.10693764173754715,5.3350974606273835
1.199814701487708,0.10223733976767524,5.55673997764376,1.6992203281068714,0.10082273827472417,5.403681482556401
1.534711061604136,0.10619423599859157,4.884150388255647,1.8244579283368387,0.10467076650151158,4.57610391801993
1.9955764384107204,0.10557429993845077,5.944895133486987,2.207412468654262,0.10368224813224966,5.191004553793759
0.6088127543755216,0.10203089681032904,6.083580181073386,2.1415706771658605,0.10049561470669945,5.268372433178987
1.0050776732266626,0.1029666416333025,5.648998912426175,1.9438424761546815,0.10172908085941752,4.6961338658122065
1.1370866671998814,0.10479224548148323,6.537677651254736,1.154337884685599,0.10310519159563394,5.534328587523437
2.403489631548965,0.10625373413917977,6.066726119767396,1.9615535678150413,0.10501297568319035,5.944926172993718
1.029874274172042,0.10669869682559072,5.606535436843312,1.2878309531578425,0.10611831359211506,5.221482190886747
1.746730546614648,0.10052181776174222,6.845557255604714,0.7476919993559477,0.09901335757591322,6.277698251232475
1.9485795112844395,0.10017220283398484,6.678625773314801,1.793850956702211,0.09964439057255872,6.111086527568008
1.9657687612616614,0.1052788722236321,6.326717183240396,2.0422471080294002,0.10361479554010972,5.977398447764678
0.4876015160426017,0.10224077940332969,6.219380223679961,1.9230079108865406,0.10140011684635215,5.3894487596583405
1.9826933198013728,0.10499051144086395,5.567731337644868,2.0403471810859237,0.10296167661439075,5.23735846024632
1.4909257457020868,0.10270237460737704,5.724411217426351,1.72667103701611,0.10135145838341263,5.366989628418897
1.0392019134776522,0.1042605794895232,6.634889390425474,1.6983993512556195,0.10402934402643683,6.006034762231902
1.06750682109069,0.10405243047029822,5.4440166696242285,1.2781739076505079,0.10252950904849845,5.510588390192336
1.202166844795133,0.10758024781301818,6.168357118134406,1.6717515388525128,0.10657447484057737,4.617157198287629
1.536884484918882,0.10927016160037287,5.783576074013087,2.0458973914940617,0.10762356048397158,4.834591177934777
1.7958126927596303,0.10776221461003874,5.931797173509901,2.0376148986540112,0.10634439162781838,5.793526323376489
1.8265465065978073,0.10309351139520148,5.5659193212396,1.6909820484162905,0.10132986739768404,4.7817088592132615
1.680280282929921,0.10069825801860965,6.235828129823485,1.514993472880378,0.09921820773740836,5.602424458034119
0.5230499822889202,0.10150446832243928,6.545080143936636,1.977790070313983,0.10044490392089082,5.619328815989588
1.4596535172891336,0.10290686296472433,5.723191211136414,2.2192589241505356,0.10221057097011783,5.79929672413514
1.2109317561051869,0.10669976509186024,5.49278320139327,0.9522341609591426,0.10523082676260682,5.885708941876327
1.9615225156698113,0.1032915836767898,4.967340843232069,2.091935185493022,0.10242591461771483,4.86800228597518
1.9525099662788454,0.10033550038564489,5.71621008171802,1.738627872258461,0.09828507658954097,5.6787416622349545
0.7318445898620738,0.10775241041634681,7.062889923220169,2.251260547163455,0.10573006422145496,6.573799639891718
1.4591885819695807,0.10090856577230467,6.572561555065738,1.5285966481250823,0.09938855858050219,6.6047241915496295
1.6003594291730625,0.10146606601247438,6.21231887423332,2.163914945733129,0.10081201545251686,5.394719565583998
1.350402752791389,0.11089642155407771,6.8254839557795455,1.8589937865373174,0.10973077861120345,6.147909885421985
1.840769020483144,0.10040467096080871,5.140382467652882,1.3924158118268612,0.09923784842718646,5.400084752500965
0.49781460912484504,0.10612861968579529,5.995204352172129,1.1768669073402545,0.10547141562290518,5.264154197168693
1.3008125879599142,0.10832851725905965,5.6390403591569,1.633499421740229,0.10706393803938236,5.875697054711122
0.7062060227888184,0.10249502387734281,4.7527710941726395,2.274521222529564,0.10126427708883066,5.264598971101835
2.2526886611072454,0.10660562461871873,6.618786815990553,1.7607911638460405,0.10502487687181694,6.212969206988426
1.9182233478612911,0.10089251525630649,7.039379450585222,2.317884046640084,0.0995307472433534,6.590328092055026
2.29644800614113,0.11252903970843459,6.178958856724102,1.5628811907420466,0.11115980779337971,5.712320872906277
2.122552970645536,0.10721849098893227,5.641090839469642,3.012481931235662,0.10570933921333285,5.334481969100574
2.194983779804672,0.09614488437232048,5.431445038069408,1.7808689800160131,0.09446004429665851,6.312213619147809
1.823779907345393,0.0969687334274057,6.198445622837558,1.218729686660293,0.09586635983301138,6.1625035344295425
1.6191306572387987,0.10140519647148528,5.706807571863449,1.8338703879546563,0.09986316250339562,5.148182141680368
1.7135250702548344,0.10858759942882872,6.6858587066081885,1.1822925441380852,0.10712133786923339,6.7627486472478715
2.236464042316331,0.10499939441360497,5.580330846187243,1.9121715435962532,0.10373189581272134,6.34036616075922
0.7737225187666845,0.10640445299948127,5.914049388232004,1.8960853493037169,0.10453422063111954,5.96890776036388
1.8538852528242644,0.10359745496553768,6.015729537200218,2.471448620717225,0.10203747032372086,6.0551134294443605
1.4627724490365264,0.10829700162682991,4.18403603132731,1.8162991624331324,0.10683828792211687,3.980646825334391
1.3207266592772147,0.10215948266747614,6.1288465780409656,1.8687130669369463,0.10155261754611199,5.2910675354203
1.8617185635518714,0.10367038239689629,4.854144815101126,1.9105406525833022,0.10244346527570859,4.73901572541276
2.126865447679454,0.10328363624900326,5.800694344487072,1.9336662605118269,0.10165996998168486,4.951712060528185
1.9746735543350775,0.10101840022621085,4.410910471736146,2.741809431678275,0.0997690974866754,5.385091913481423
1.3162324331765969,0.10486231099007885,5.078663493035446,1.2078569401999302,0.10389950063672562,3.792752476223304
1.3356050520184781,0.11011636151497614,5.2584014900259834,1.7418284878905332,0.1094060611684024,4.829357182335906
1.6142755180662074,0.10556392107564991,5.457445011196274,0.9297805869322867,0.10471697556920638,5.544019401581854
2.1562792412495853,0.10595419412770773,5.696201354155539,1.670137598975073,0.10503112851211291,5.857497865462521
1.7135220591818674,0.10212841135312141,5.387924246627774,2.021918866675802,0.1006960903412072,5.019971703477237
1.6422880596101535,0.09952470301700199,6.473461466344683,0.7768883656181405,0.0981224817812275,5.428590498185391
1.8722902265414265,0.10358582048843873,5.703972969007506,1.9452049847547448,0.10247700789721123,5.355767987125911
1.9998943495938142,0.10103557001611406,6.189056083480635,1.8872648178439264,0.10026132008899698,5.538244506914113
1.6529096523856457,0.10420707494539738,6.319311441050222,0.8713052711311209,0.10346035570321771,5.985447393717928
2.0685303113122004,0.09766462659642698,6.204757680886383,1.8216996508819299,0.09682375842099528,5.512113061248217
0.555063362654424,0.09342461633738434,6.355087153526343,1.391611153888651,0.09299885130737705,5.511800330693675
1.2385962190853443,0.10441522414576306,5.828190001708211,1.537398278066412,0.10297446041375397,5.104149286751517
2.086243596557896,0.09929671073566412,5.928873475625064,1.7266957225504345,0.0976801470100823,5.145089294319681
1.0277678314919805,0.10005373610283924,6.912144254883819,1.7905848202745944,0.09810323436589971,6.1988118817888855
1.4646001613154322,0.10270400277359795,6.193923379365682,1.915167770419497,0.10205903388826364,5.647558894594884
0.7977793450535904,0.1054951373145123,6.12930606942229,1.3657955169461662,0.10466442547090156,6.936595826747014
2.0319611374197843,0.09956414404330223,5.856328498179733,1.492908833724386,0.09830124284696867,5.596971962198388
2.5481065599137382,0.10599427557433995,5.400475582413112,2.389392042449728,0.10573055287086656,4.820233322140308
2.6161411838722004,0.10368906480583902,5.623685148203253,1.9368192042793908,0.10280956111289644,5.5943732448134265
2.450657584818267,0.09482070854054518,5.140943015948118,1.9810439943278042,0.0938913947961848,5.326053599082403
1.81378242499413,0.10309727585884924,6.05450639806219,1.6097426766815697,0.10190652629852039,5.964996442720489
1.845216209718782,0.10071122712966342,5.749994537340914,1.348688778225303,0.09968988474199543,5.583880062287136
1.8361769143768112,0.10608814726580024,6.2516490749035505,1.0514419515249545,0.10484584295481254,6.107771874835435
2.0845708342257656,0.10670656305335319,5.952330031828359,1.7229071325520993,0.10457816615958856,6.661545463034988
1.1601618866005503,0.10408388292111735,6.418006737665592,1.5677612246709827,0.10310065270149159,5.299042109761264
1.5854225980697407,0.10257539674023948,6.08458457722712,2.3381066136185003,0.10025965835386137,5.776736210819577
1.076537830017487,0.10216401403527449,6.858042167756538,2.144671637700654,0.10120908213688905,6.745898166117348
1.8453097268881375,0.11341080935139065,6.314599747775155,2.2639051699299655,0.11160640831325182,5.30926217523472
1.3114945848161645,0.10938529979112749,5.779347695861543,1.763776440917201,0.10820744689124573,5.559234973702946
2.036921469216391,0.10203089568879282,5.241711458101119,2.114523612738871,0.1006802290011311,4.725159543567008
2.3420178337648023,0.10462968983915229,5.95921979472217,2.0912551627056186,0.10341204417817366,4.537287127699653
1.2188111577932919,0.10156398257514798,6.393861548937501,1.3394190732283089,0.10025294027515229,6.144587670508856
2.218901719950876,0.10245009510819714,6.468627454782509,2.252900187867373,0.10074365923832562,6.190392351293302
1.6341559502354026,0.10457508789031612,6.350288163349656,2.415206806441088,0.10383546766777886,5.950113916931965
1.4813219028895772,0.09844996629047309,5.779156141295935,1.8352776355062348,0.09742521075099489,5.324418532538851
0.8792445040538056,0.10024906404762728,6.226380085377299,1.7697644577281386,0.09887455756099406,6.386689009070407
1.7101285246681608,0.10891083695399811,6.227663181019418,2.426852791512985,0.10779487117098882,5.281064483190805
2.0449821249374835,0.09375357751140102,6.613662691404917,2.200945394631044,0.09259308130795893,6.375210255825965
1.299316148873181,0.1023720411651172,5.1835106054113,1.5302621479286362,0.1007603650173931,5.332219675019103
1.5450006523886823,0.10172920333723834,5.945673752819337,2.685007070675555,0.09992161819379984,5.982108515435444
0.9918232756408252,0.10478566935066845,5.197832197326134,0.7397577900889982,0.10340359704346248,3.918398561767994
2.1112840447241883,0.10787507655807636,5.311674660496062,1.8833927143298455,0.10695017330545727,5.82576275794375
1.0026448423009333,0.10266804263715011,4.946423849499992,1.410167658600356,0.10109509946864728,4.275748341812374
1.7209317131716833,0.1025188449710168,5.666224245731933,2.429000877775014,0.1014956696222997,4.812809411597493
1.7641551725672693,0.102004194437907,5.031376289797544,1.7342164866571215,0.10033320597274298,5.611765071750606
2.62357322324583,0.10603600097905441,6.28030785241403,2.6998846969805355,0.1054505634667125,5.705960814219701
2.425439394893134,0.10680666255796366,6.266489663794762,1.453887993869838,0.10554466603287217,6.081436876368635
0.944601696240041,0.10913033280786169,5.679588809174331,1.3333767708896083,0.1072430119730276,5.604339820586465
1.4284261605306545,0.10722246327921135,5.571164978852911,1.3117826494945493,0.10568362080424784,5.96330075486823
1.6685852057549742,0.1035967024793703,5.0783705824427905,2.043536060451015,0.10200500722952231,5.0867685614825975
2.481348260038774,0.09864000551378838,6.09148881086357,1.4082292092384574,0.09769721129718148,6.289419822030039
1.1907786763527801,0.10570844188645823,5.163062223908718,2.3459190609823937,0.10478880741258745,4.628370292719711
1.188533584318994,0.10557463765000116,6.113027213322645,1.6321502292306995,0.10404284975993902,5.01869914797998
1.461563302490646,0.10230789017500995,5.363106267833871,1.7365240707338003,0.10079805856565988,5.179828353267498
1.167560814983672,0.10773241838294388,5.8088622389163325,1.6534509004235194,0.10589536187861986,5.952278457825105
1.8671213580623844,0.10798600182880068,5.8317441358088145,1.4491483634096265,0.10665051738788973,4.623098359451537
0.844611945310641,0.10844805576985929,5.375616537670998,1.2993594830432293,0.10736390367016542,6.461961910063234
0.954902782178048,0.1166083415233223,6.829860144911653,1.4271733274770004,0.11518024524137298,6.552410451531578
1.1564801105012554,0.10331125020067418,6.254796687182816,2.025749619365124,0.10275687989290148,6.609492234593662
2.0810054201832253,0.10320652355062863,6.201640217183089,1.1020391079441731,0.10202253590869069,5.517758715378347
1.767109947217863,0.10455173980850965,5.8405699524883845,1.8084032035343085,0.10315825173440425,5.652813280105794
1.4444704792327492,0.10958352058605943,4.90531722771149,1.8682519063671685,0.10833268106611883,3.9678929269612024
1.2783853245420196,0.1046804484921043,5.978513573888915,1.5876442741676589,0.10399583190379252,5.077642758018699
1.2101413280653126,0.09727535298310053,5.310397588075266,2.260939280558975,0.09539743331288227,5.09528513033803
1.6146168146090767,0.10407864425400382,5.854605962091313,1.6684711069743667,0.10293963820672453,4.841235576830876
1.0532572741148818,0.10128611574353781,6.285464109093885,1.7762696405309413,0.09976254572174653,5.823716493933902
1.8863532412224435,0.1095637936463218,5.562568416723476,2.0172718073099447,0.10782365292324116,5.297361705031836
2.103558265147805,0.10015635029206335,5.607297174823018,1.2389329302028382,0.09933531959198041,5.5975307265906
1.58428259782545,0.10587820211535372,5.317168566301609,1.4917209819868034,0.10424051454938853,4.572309354082004
2.0805960415674503,0.10485799958621905,5.565046751471891,1.5935629753143536,0.1042548616094716,4.932898580350106
1.8773855166554259,0.09083394157341264,6.31296413214987,1.2366157492140226,0.08963457333036924,5.552856999217514
2.135333094245512,0.10303422873016724,5.419280844241998,1.7041558613100625,0.10120087858769586,5.311042667616192
1.861248091226833,0.10551284550467521,5.734888181052226,1.8724287838879916,0.10444147437869178,5.337227095998655
0.938041336884718,0.10304182401299232,5.722565638302337,2.0979199064556564,0.10203751097529004,6.096153603300444
1.1517867393588568,0.1011661228083869,5.722947142912628,0.9655688903437857,0.09984035590267677,5.445336051883693
1.9898265851060952,0.10341210985040798,5.648502979571941,1.6316095233600931,0.102346639987133,5.623816144074677
0.9612140122419714,0.10918841243108414,6.633628061459654,2.27848586768103,0.10764685555783046,6.29040469592215
0.9626410509912255,0.10659188430088011,4.455246384368472,1.334438826385959,0.10554659092573751,5.6297400075425506
1.7767281897735787,0.11151481384339272,6.163002273408934,1.9874018917455056,0.11041367960480628,5.916845737888801
1.3437854140242307,0.09901749245374653,6.062611266226071,1.7045156460160735,0.09755559943648948,5.738071938590921
1.2592576543437097,0.10381688221376993,5.437035906849277,2.130899801087404,0.10241307472371587,5.2468845119312
1.5797612793284983,0.1053364266522633,5.518392460577028,2.1276398860966674,0.10359052523336987,6.306361802405227
0.8258078736050442,0.10024227879189729,6.1525156615125365,1.8872741728790752,0.09885300569281587,6.27306657218796
1.9507084488533772,0.10113068811499241,5.766470500837829,1.5773200055178167,0.09967228411875255,6.042716164388313
1.8482946052482019,0.10289650776268948,6.240560232273341,1.4418951521905874,0.10123550472955953,5.708641229611892
1.321791579316693,0.10518404021672605,5.448313626370975,1.5137329003731148,0.10463702724608911,5.4614478992395075
2.154326881245613,0.10076280048043629,4.984768138661253,1.3814303753707198,0.09929801625844539,4.386061706678795
1.2078300549334595,0.0992182387153824,5.5299633156456105,1.9752325034294624,0.09866639912893008,4.82746681852967
1.622606575789203,0.10153408226296387,5.788025703608065,1.1875063434805089,0.10026273520224478,4.642660538967527
1.4924996414093044,0.1031260399060202,6.252371452036525,1.354081341108353,0.10175375345859003,5.982097351357012
1.6826816297787932,0.1037125590854703,6.097310215496484,2.161269218158165,0.10184342836963423,6.522785253716496
1.1619715466090639,0.10515201998933466,5.676869146604802,2.078336381127757,0.10403845624683847,6.1735979318900265
2.191187722919807,0.10127279822451525,5.815044012994216,2.309544428285114,0.09960328676336352,5.1438281516212685
2.2950212919889434,0.10610583894119241,5.267631645967075,1.3865928270808863,0.10432936355701325,6.377886460879231
1.3614553897396142,0.10373315555873595,6.096060388077229,1.6963545720865663,0.10231851119028446,5.99478179558362
0.7566087373576602,0.10057888114832655,6.42157361289676,2.331914446118655,0.0993869949793489,5.567104125649756
0.779424700709419,0.10301341347054571,6.373323724772025,1.709183165440513,0.10165126248746004,4.524893629730158
1.8149418048861414,0.10843081575593912,6.171787573693659,2.617910124526184,0.1072668003013422,5.843469690197513
1.6088994246897976,0.1080283011050275,5.475407735993357,2.0020431168430317,0.10688247099182106,5.223239457072651
1.2541855924791476,0.09748741313876548,5.727823682039481,1.850488283444217,0.09616509918493231,5.582976117833253
1.8424311614031619,0.0996898735811664,6.519968321952283,1.2405777553737554,0.09858378830142868,5.5652045903459895
1.9342322585528207,0.09873576894393764,5.786385471478482,2.269845498195178,0.0977218389790888,6.005854467726819
2.5171246867978656,0.11072941565725056,5.9641126887527385,2.36499318317349,0.10898417008910408,5.7420064027348054
1.2198773461695573,0.10374450699818782,4.874243442684465,1.7594777519779274,0.1017176762729253,4.693672527874103
1.733031966971223,0.10310132721276005,6.237209411352801,1.8404787106213516,0.10166881288822179,6.164390192741969
1.5695450149503616,0.09819038845298333,5.861223566672202,1.763177170571536,0.09671328069915111,5.384310222247426
1.4941068462621465,0.10139315472378801,5.7235126748526985,1.634491774713031,0.09994464332440983,5.459119567716672
1.0796833349314534,0.10109094182883341,6.193882071678908,1.5678921095241998,0.09959991200887501,5.221282166258467
2.1438771673987667,0.10574682259224076,5.777093756277984,1.8744203607198942,0.10426017648001006,6.2576339806665855
1.7449625237601538,0.11138286840165751,5.531210679429709,1.6150976515023239,0.10872711387281674,5.766566257315337
1.4240034472018426,0.10931259650950914,5.393954707840813,1.0219741493774748,0.10820962185562381,5.681046223446303
1.8454216725698867,0.09669196027836714,7.040949585520549,2.0465985134031532,0.09526636397450929,6.024588357250265
1.285546775431436,0.10835288537184305,6.2951071808430585,1.3674941186639917,0.10716183125028204,6.426970844355118
1.3697522152041457,0.11182198090217202,5.684963582694739,2.1349648325589876,0.1108896443566279,5.150162770099403
1.8888522556597396,0.09962406074308663,6.181847595556987,2.5526377610092297,0.09801442506727566,6.004185731356742
1.1719884148803221,0.10546604594570423,5.8486954172641665,2.121396538960695,0.10405338345301793,5.50330287198281
1.680390310275687,0.09841553300399725,5.383469693453011,1.4983093704643673,0.09711358836392281,5.073330547081961
2.0155639616498955,0.10854157373028259,5.677632279517504,2.0598771313768998,0.10690662371487021,5.63990334954512
1.7228678125725705,0.102081650835754,5.346379433298841,2.508665725641345,0.10105965271771865,5.826548094767828
1.7387184928438824,0.09857151513104773,4.9175248298230985,1.4322055291075104,0.09768817896456547,5.003256541279549
2.4251542298173048,0.10306434671952915,5.111649288151194,1.643564353315567,0.10181736842993055,4.523354295670307
2.539264525111657,0.1023181599240347,5.957059715092699,1.6529892669515291,0.10115646104937173,5.7457159586703295
1.58463983499506,0.11220442753535935,5.845631588456916,2.0788168492399843,0.1112361850632703,5.623148025796434
2.3977695703543995,0.10084654070261895,6.001189859939331,1.5021213818942114,0.10000804559044409,6.300360083088149
1.286678732088157,0.10868502700849256,5.900923041171779,1.4348716182031294,0.10742442239241469,5.35855370072879
2.401138176943344,0.10714643136536983,5.892199626338855,1.972649578009387,0.10568711127210356,5.75044379149497
0.2006078815025099,0.11156003493339708,5.8507961034689195,1.8921972884396507,0.11097345612478204,5.186376453368501
1.7259300334732317,0.10758818909873698,5.053886693805066,1.833043138839873,0.10647442886924027,4.921459685969704
1.4029589243458078,0.09880637156473093,5.097771141472354,1.0661161449043874,0.09761235760043419,4.969943054625318
1.910132416768566,0.10383824423243086,5.89762067170513,1.6580096684595624,0.10264102367822069,6.106935999987572
2.3057254248968944,0.10093431436241437,5.644359578577335,2.3390831060553974,0.09995423794272,5.2415742606551285
1.5919836629736335,0.10568215626522849,6.358591119959181,2.1479254845702553,0.10384404047948663,6.040166401586187
1.220589805295083,0.10286333238694807,6.024887630291633,1.0089913877384598,0.10116494678080479,6.719510733987992
1.3836789612291698,0.1070225692559901,6.482439320950717,1.8985149156126877,0.1058383362000531,6.298937250605643
2.0262870960453943,0.10586919266777088,4.9189271030697945,1.2072171038263557,0.10436852871838635,5.2262605023487545
1.1381021126477582,0.10568220047238619,5.59590356426781,1.3256168519423008,0.10443519206648795,4.630137807079589
2.708088249258341,0.09832919093347454,6.0784870145346135,0.7647154881457816,0.09634890053044858,6.072459257134874
1.712930012579216,0.0995788185859936,6.089540506956512,2.2395413349444517,0.09830712565566095,6.143325594027356
1.5564580758233741,0.10090291620191269,4.919280153100195,1.7025807912001205,0.09931795500409402,4.635274600921135
2.437910252376448,0.10702821519832109,5.1942999278568305,2.088657164426899,0.10487158427603346,4.429815527056887
1.8184506791756154,0.10444645432975237,5.34105115653792,1.4048070936016646,0.10271626185159985,5.401431777158443
2.449535943188727,0.1064723620930818,6.607186090950374,2.842941166496978,0.10477030399390976,6.41836926152984
2.354582648050889,0.10715886016070601,5.47610980021149,1.061998147567505,0.10586035064050225,5.774204863112395
1.6692576777875865,0.10617891973698448,6.120595720693077,1.702460643517276,0.10459015014429085,5.333590955327473
0.9782921579440156,0.10219705530776563,5.860904125400786,1.5588230152328655,0.10064467335647766,5.33034683347585
2.0461271643444046,0.10736250126772394,6.324582149967735,1.430196599160336,0.10589110606622941,6.921805194070143
1.925933494118071,0.10510352062691215,6.048550861423837,1.17978476702846,0.10457638100123921,6.850207252796545
1.732863377054401,0.10418522262499007,5.732804804546705,1.9718989311049444,0.10297873327379975,5.5501242403747355
1.472879728174009,0.10737319271272527,5.133572239801901,1.4630045099167521,0.10636863244786934,4.818973667183459
1.4631012665114906,0.0975127237949475,5.269031289057271,1.8748154589464625,0.09638746695504319,5.486503474239277
0.7233172778816925,0.0941545910069563,6.578898422814244,2.7308329518331242,0.09297236925152488,5.7969193323793204
1.9573011608820168,0.10103044756304408,5.1816730278658385,2.7281543781883597,0.09975620372903873,5.295621175132147
1.4141369870144334,0.10441063195795464,6.745641212150631,1.6230164681513637,0.10334055952480226,5.851528322036262
2.232079827311032,0.10681486684456665,6.330231763859085,1.5929974149303838,0.1053315560454531,5.7114818019848865
1.6309172170704156,0.10488768379371308,5.54422231847033,1.5033567583091934,0.10430907181083267,5.525190342412074
1.5781360232965527,0.10795579598280056,5.6871487069783075,1.2945030945991072,0.10701203193015998,5.270089166904107
1.6180775378033796,0.10346861715897036,5.622892591872197,2.392138145537909,0.10259303319641556,6.08893997983389
2.5466845896901393,0.10078701539319801,6.562831220225297,2.5779009846551904,0.09951357810489157,6.085946108142046
1.2800700124810773,0.10491802117082034,6.8394008441286696,2.130518007112514,0.10402937772166498,5.999540197400262
1.02069862568712,0.1021438669594676,5.216264401108347,1.9227381763351565,0.10110176991214218,4.8373101229294075
1.8680602665899881,0.09978513982924658,5.870494546677142,2.436630510142625,0.09892205993795629,6.007481729816755
1.7423243593123872,0.10419480835557143,6.036544821910061,1.8422387190339078,0.10276620436190631,5.596331031145245
1.862599422385354,0.103448486460949,6.494097492788042,1.8770636807493908,0.102457115208518,6.018106055234023
1.645824143573595,0.10753323814981729,6.644219273782381,1.6241530420238894,0.1061089647988389,6.95082161326851
1.9711437749179925,0.10252843670796968,6.289968675889021,0.9559652691278335,0.1012820376619064,5.802473579135197
1.9873632431136796,0.09992317598286053,6.786711314770882,1.4078659630760508,0.09958739751121777,6.165859205039743
1.8002125942400098,0.10390017519017788,5.914300319758112,2.0723319911700164,0.10306361956329478,5.755133689420391
2.0024666500745165,0.10599525427089489,4.860129906702084,1.7569910519031178,0.10469180948553523,5.390428184594216
1.7852255953793938,0.10607196322563191,5.634889404769512,2.3344715685203017,0.10521424544260499,5.824295196361117
2.0302701466079975,0.10226939758171527,5.07999411630497,2.057752790297316,0.10050978601504114,5.208269108992057
1.4786653509106673,0.10309794510859496,5.375047801453559,1.723530756822648,0.10151934825289963,6.011026174364316
2.394623510924931,0.10876119804448706,6.399212927528956,0.7630277615637121,0.10787899962152933,6.9694289902243645
2.2902729367352945,0.10473485723456243,6.323214010369164,1.7820935864289653,0.1032772753096744,5.894514702846213
2.009999493996636,0.10449850911160263,6.762703648511797,1.7804017351365253,0.10331388748503248,5.31728996658894
2.111585805341088,0.10085292199086442,5.791970514703432,2.197391363080079,0.09955619372474096,6.144016370461161
1.321286812345019,0.10295261944484425,5.699790270289109,2.28764135701337,0.10155946211952267,5.075196355080043
2.1154788073292288,0.10102255663820912,6.531184498810226,1.786667982786725,0.09951783374119884,6.318401145809126
1.2743822798997222,0.09918583398109922,6.468371073279426,0.970242116782429,0.0978672358441542,5.824013325500358
1.3682665786524242,0.10305727808561718,5.996139224595901,1.7134266274280257,0.10137715414911178,5.754520371499401
1.406266150702439,0.0958560899725003,6.115702018238496,1.5102495484644334,0.09447442591489327,5.6542929511231
1.1410801691817845,0.10667099436351633,5.8406725336151135,1.3156266023286172,0.10543721934787605,4.5046154050564535
2.1942114765993495,0.10999563895232675,6.020001693017239,2.0178614461385815,0.10867437187913034,5.593683525279608
1.6847403139452273,0.10918508488978561,6.623261558856728,1.961556437243299,0.1082736965711891,5.702985154085452
1.5547539248596443,0.09999189567753607,5.456685628027406,1.8683165575527036,0.09902845889552157,5.208366140046231
1.4518213774452662,0.09697802359977024,6.033130351605105,1.611497660416691,0.09585636852679315,5.571438333507024
2.6168475477999955,0.10060442434688875,5.75322740638721,1.744354146888243,0.09913954392982793,5.583854928387032
1.8290286496257855,0.10801063995448523,6.713229705482873,2.040004114713346,0.10589517909875454,5.789476004403239
0.9933113111747982,0.10284145177943692,6.117206519490419,1.0699391661108124,0.10139573094241719,6.525015480728267
2.2731732722921016,0.10277046807629431,5.742465969891616,1.6794395282369903,0.10146810451283211,5.396492890319529
2.6682949361108124,0.10786888727585135,6.380221021172242,1.977860825499306,0.10688254442220288,6.062619680409308
1.2127746902810055,0.10075909912806938,6.984690249642219,1.892080430828414,0.09919426758098945,6.422458988627703
1.940128732688459,0.10739931108259276,7.275729137860679,2.053590010426286,0.10644508496139303,6.216028056417255
2.2660005757998247,0.09829207954084654,5.36960837523873,1.5551155206704044,0.09705556478236661,4.651050059858773
1.6952541070432028,0.09878269216796447,5.870371039871268,1.018489424509423,0.09824460492628635,5.889206879483109
1.8172166344976224,0.10105774147867447,5.5979328186173305,2.258392288575075,0.10023956959572392,5.372003430438341
2.1603394959252373,0.10812499988193292,5.99223027775227,1.7743178180849042,0.10683361754887861,4.790456091951092
1.826843974349197,0.10590351719812938,6.371228272606794,1.6136695068026308,0.10467995137598962,6.522981157196165
2.018081259834623,0.10519858110787166,6.116180192531247,1.3644089543515703,0.10406589803398428,5.553939679229104
1.4974625629371832,0.1011988943524924,6.182958800195471,2.1897643035923546,0.09991982591744904,5.163591946716559
2.415590820512205,0.09805371633659582,4.904269547731566,1.5675387720481342,0.09653242448457701,5.572512948752341
1.7781120452182104,0.10747466842779299,5.720899655128951,0.9865963640437516,0.10602534989874236,5.3025357435706
1.3381119845396983,0.09984412725831181,5.901948673134205,1.3002883173047848,0.09862843309567847,5.808745437087774
0.8242959492109403,0.10973199680713129,6.769760133124687,1.5039377024601257,0.10782740998015064,5.892425916459872
2.0790488162416687,0.10387246069081438,6.074741173845832,1.528317723764966,0.10220744093061473,5.237372912965696
1.2241209743146897,0.10491355526622942,5.918274909259764,1.3088722007906481,0.10318376906497831,5.943628685875187
1.7978130861373105,0.10332747515354734,6.52941070902936,2.336174171295618,0.10223676997871337,5.779766653161762
1.9193066780322363,0.10772385038746268,5.994217894641522,1.6788855394844981,0.10622787816380919,6.143366865659395
1.8842614068163919,0.10401872924649307,5.136004232352219,1.4575631259080408,0.10228861983561584,4.848416305058798
1.5172951430398007,0.09692516425402023,4.993216815459055,1.6000971694739299,0.09663294528758336,5.620089269577484
1.6506629348161042,0.10066994521835528,6.029009043967104,1.5957875592913053,0.09925434295883878,5.627086735735524
0.811850729827438,0.11152322228774032,6.913834866240312,1.209159762626389,0.11018462333223206,5.668167744696302
1.7288156868475524,0.102187611124685,5.084045821326563,2.2879453434751333,0.10042776594169402,5.149363868718712
1.8000317121486402,0.1034302390211112,5.5764443289138965,1.7104095046626568,0.10221218974912419,4.809443731193631
1.5480269798559116,0.1048936325444341,5.521673920115694,1.1865215148351074,0.10402123740167418,4.472938530779912
1.1695180499333007,0.109644080525646,6.2615672811064504,0.9030292794235616,0.10826178015673127,5.418068206358585
1.285061738168177,0.10746914371349574,6.595497357838558,0.7590895588359174,0.10621863105063667,6.438008583195012
1.2844630180343168,0.1054547885248366,5.84783859026628,2.077741315958996,0.1050437319895973,5.835197018934719
2.036381431947757,0.10084212094823915,6.089606930013805,1.7232483018901612,0.09920968209946938,5.95551422416204
1.1392350374354179,0.10902347871345071,6.2945264485565655,1.7791083007096438,0.10842781157383619,6.108968754027878
