m_hat1,asym_var1,sigma_hat1,m_hat2,asym_var2,sigma_hat2
4.107221518572588,0.15310868272183956,3.0615672233674847,3.810070206529115,0.12122308856711014,2.445018553748228
3.869967983885298,0.14975830380441307,2.941906453317556,4.0163899100083995,0.10525033940407048,2.1409641526952465
4.040215208978271,0.10973718113032926,2.247564143173371,3.974243837866143,0.09535939459538037,1.9203605351367776
3.744731685154244,0.14833263730252194,2.9613609224507873,3.839110300664796,0.1766837348799483,3.5857709920068808
3.7261192697837022,0.12781736193296075,2.5477271797877075,3.659615123329219,0.12673106482030172,2.6093085834258347
3.459406397506675,0.20095292681871027,3.976654622409703,3.581406741908638,0.20008557685852063,4.041922829547221
3.7475036132830604,0.19502194003383125,3.896575066394312,3.7733321517568874,0.20193947670334658,4.060325643578326
3.8019160261232368,0.13390459653997364,2.6261475963487926,3.9705416710244577,0.12360025784423635,2.4851866740998108
3.735695698955631,0.10617892962459771,2.065165249774696,3.694155019322255,0.1470189189421375,2.9653095694433707
3.982484243121022,0.12213562004377228,2.416940055051344,3.862204403880415,0.1333806177093966,2.7214772565746377
4.07597791514256,0.22104284561409446,4.402434767421179,4.21434546936615,0.20488345004721376,4.1356298871411274
3.421339816375441,0.35202199617685537,7.027881404111837,3.49374419728306,0.29760251698148765,6.145729372462196
3.7450644331661165,0.12005177458091883,2.406259786274467,3.265958088337333,0.4370015253172167,8.909722393532927
3.7109456072609484,0.14046401722758023,2.839711644826537,3.8136947573173594,0.14954466479412723,3.0767234026890753
3.889665181742387,0.1598290804912286,3.1883421669694716,3.5699132399319824,0.1950984346227132,3.956447737740412
3.9310232094002115,0.10966306152237668,2.170120771139499,4.024327610054457,0.11874683136534903,2.3894709719313716
3.893030849911048,0.11065397556675953,2.22662330864291,3.7977922612227015,0.10524471798405016,2.162054928920987
3.7734404174832576,0.3160188717169702,6.2890106033317,3.805890286565918,0.27337406830541083,5.4403472960577925
3.7253152922149777,0.14828911820450863,2.908257979188927,3.738476432325355,0.15072676138269625,3.0707207083582015
3.9482286684007586,0.11828733812622066,2.3426795333736274,3.929327775687235,0.11519890132432338,2.332543638892325
3.6739933652113024,0.13275404506798752,2.646127910415398,3.7821487368738964,0.1310500610482396,2.677991751419057
3.918595398671001,0.1068362951088817,2.126121737951737,3.7322875351783478,0.11446402249157189,2.353212902155688
4.174777024381422,0.11963419055308953,2.390313643257612,4.27175054088215,0.12173639083100472,2.4838902730671673
3.8375196541026453,0.12452322635705104,2.529124210543954,3.808117554755583,0.13142482596275054,2.630057538804225
4.422183884080067,0.16549296920041462,3.285519433897992,4.144317470459733,0.14744632717010386,3.056174205853912
3.5492780039282312,0.1279325336827989,2.5459525770435403,3.7652622368536304,0.1422686902207496,2.847063623709397
4.1125716508562045,0.13421700901267725,2.692301661444101,4.015031297345641,0.20533798904090478,4.102691667109552
3.919860117597503,0.13587624098770232,2.738431226721153,3.764924810166315,0.15094175532694232,3.0609838953793584
3.619013266358156,0.1835769038895048,3.670810968548826,4.017879144755864,0.16546125991486668,3.3580124763990016
3.987930259008602,0.17873423702479807,3.5881088434857884,3.8982299291147458,0.11147690799627816,2.248442203437928
3.8140372245135206,0.1377725662246981,2.7307874151197713,3.8506442560136076,0.1484994167777893,3.0021604920397875
3.868421069451085,0.14652646247450377,2.883141583504377,3.8408719238392397,0.14771099241106977,3.0092811594164917
3.9309514144479416,0.1344085717263539,2.7278026350354962,4.0202862483783575,0.1108677984786446,2.2378975988746905
3.568515907622512,0.22910015160320704,4.599209942621964,3.9509482984230533,0.10626980838711342,2.1500841447684675
3.8885916760435313,0.1130937874414317,2.2361999358837417,3.923429309266854,0.107665196374299,2.2017935985580306
3.9420390159388266,0.1537434085632334,3.079127414861459,3.890205614164821,0.1348244308901606,2.7235843470165904
3.6431899989364864,0.12365865974744365,2.4351714662315036,3.6571734953811412,0.11698606453246767,2.3705599038538674
4.074800939506187,0.14605720330144864,2.9066469836600524,4.413572203822269,0.135288833849165,2.749888287649483
3.9140704018713985,0.11954401517649314,2.409273775512856,3.7445383877792504,0.12754324577125398,2.566475921354571
3.664389503521179,0.17840084977781423,3.5926607210735795,3.7419867582322235,0.183231911111425,3.758499104501862
3.9306389754247437,0.2039050439957386,4.061107033097956,3.715739669333271,0.1250857509995237,2.563857626094874
3.840509869763804,0.09224997386740032,1.8387780987058067,3.8485902505167595,0.11832496450945804,2.416120720191155
3.8674590692259145,0.1135247484166225,2.257418828596939,3.9424522189149065,0.11082212530576387,2.1966032381819303
3.7785883530464726,0.19034090556134692,3.8866405558056023,3.8565138741994263,0.17547110800756793,3.5857303392148374
3.800942788608945,0.16237494778695702,3.257130708839086,3.7970254988408603,0.15878998476094414,3.21765821008015
4.133707926736795,0.17329923750783816,3.454297373675872,4.0136859167127925,0.15614968481856353,3.212614707888023
3.7964467638476544,0.12463370177536809,2.498097721949539,3.835853215837564,0.13611010256985795,2.7792819580359187
4.120325369956139,0.12643321484665296,2.544139437578262,4.1207805635164805,0.1260533915602463,2.581741940862559
3.781419617767133,0.16594662730990015,3.259915753498888,3.675144135265029,0.1515286624262232,3.1058526940842968
4.239367582293458,0.3188076841740589,6.324175025154846,4.606737799809117,0.32976179347965273,6.572996589808362
4.34076620174537,0.19500613254474206,3.917845318679498,4.549322496846439,0.19482520602165937,3.9569898707952293
4.90587383141493,0.6822419095998705,13.489948024726955,3.7603565673838397,0.12040022366548102,2.4132439314291143
4.014634880972856,0.16605795164767287,3.367528849735603,4.064947318741776,0.14592656412140478,2.9524320837678135
4.00394705619151,0.10647794733829269,2.070981102256664,4.037895000841433,0.10726559679442273,2.18028642793668
3.998886479027984,0.1181467239451039,2.3512076845370284,4.045915046099006,0.11296311675503765,2.297854666489655
3.934975763294891,0.1536640587924235,3.003725602964506,3.7836120536181905,0.13994691373291432,2.90286950173651
4.019897706923554,0.12780638514529136,2.5798077202064604,4.067318283896813,0.13909707230075757,2.8402739852664323
3.8073088290281625,0.1647540628791518,3.317839859397487,3.748626562416949,0.13713283483529604,2.798036907783583
4.330635785182612,0.4546910000330973,9.263312346774947,4.054004115034088,0.4708629730557241,9.422852211955556
3.9831933096265786,0.12234319499978805,2.4424992596958903,3.5859338118557496,0.15532519820623544,3.147449129068412
4.072245308038293,0.15569228339863064,3.0180312676669407,4.194687750271379,0.148834859546212,3.0298619157144544
3.753812589413204,0.20852936691154525,4.143244362973565,3.902417807199726,0.1399057770437828,2.8762581679303483
4.137785239271253,0.13425399443509192,2.682420076371255,4.0258414179076345,0.11986173177836053,2.453073596488261
4.001530472690959,0.14934803862248952,3.0028881966839873,4.04788714657401,0.15775289736138132,3.101498404198047
4.512858500885096,0.418475886789838,8.166518955438493,4.089788440158421,0.37052877626216424,7.691405324312046
4.036915851592202,0.1531289043318306,3.0813207195298356,3.9181604701096067,0.18469060640799054,3.819671319796896
3.9657881783190922,0.21175212452521822,4.317267873129277,3.9901108929810576,0.20500260162903436,4.150886066525515
4.106042539141305,0.18467403913208963,3.600897616378183,4.051179709948566,0.14427768952353107,2.9100201285637755
3.674456005524351,0.14332577659728227,2.868217906953835,3.7990485954521005,0.11757492021888914,2.3621839208979813
3.803777661829341,0.11069334885326687,2.2221807670813427,3.6002898278520585,0.1139982855947931,2.3260031844407405
3.8536578256288267,0.11270602169370222,2.2679153970044745,3.773844746118509,0.10817905877462253,2.1870179921662634
3.72919194475562,0.20506608935795742,4.107002853008925,3.76601050453177,0.19981129713426596,4.052021001863075
3.8495820193187527,0.11606309809449863,2.315278724913345,3.9947453317126955,0.1537998271808637,3.1618995191084815
3.5144596180952914,0.1572365162147023,3.136624532243536,3.5335772105594843,0.16863604897768025,3.3853866429819264
3.6354959472001758,0.13080034400701895,2.623765691681409,4.069289113594356,0.23543539796705484,4.770770917023905
3.9491195880880063,0.1182541836530236,2.3646152932810383,3.6677571095916015,0.10334451914757467,2.1021966496758675
3.893868703414729,0.1172384272466801,2.3591182642922783,3.4053392462147674,0.39536784192407054,8.103775598177931
3.8950325864981608,0.1195424116887068,2.36370838223198,3.891994846395947,0.11486049497734752,2.283979904296031
3.826799909261599,0.10816010666612619,2.140378818777822,3.9604023538099407,0.09857395979161059,2.025016739205948
3.8493942091894313,0.17644527735441579,3.5393719236463492,4.03706501281594,0.18761991049709434,3.760562868058835
3.8873196101542598,0.13729328289259324,2.6948238325991585,3.8189777530215316,0.13832816397589429,2.828862772734553
3.9154453291691014,0.16913169235214404,3.333377747216042,3.9632738276391346,0.16371641213001462,3.325155906209509
3.7213155563089564,0.18673385560750527,3.75164797375273,3.6783281011933835,0.20194470175829302,4.104739129743229
4.019816616888365,0.10806073352908943,2.1693307340747023,4.0065927430297315,0.10132845837172402,2.118777150542423
3.833918551107051,0.1699209202470585,3.4165398520522436,3.7888039996525396,0.15804904773266643,3.2001720214668534
3.7526987723569434,0.13719993266567024,2.7150475241470247,4.040519720129739,0.1535365752079359,3.1039949528024184
4.4103391344215375,0.3187154903451479,6.188579219988085,4.142221159547839,0.2702668587434925,5.442670978445288
4.010979974506171,0.11278805968994754,2.233766379649322,4.1102876008222395,0.10956434379025512,2.1611391340402752
3.792447574439964,0.2169320945596425,4.247474663738681,3.7852505696009793,0.1945962210726571,3.924923681090144
3.9820662519323777,0.15366189338320235,3.0457294665612555,4.124814754367056,0.1648769098529554,3.346153175922913
3.5071357410672985,0.15958767382814248,3.1682820503266584,3.8582914373728228,0.20320136309947678,4.183781314006261
3.5536737201719513,0.13553820729919308,2.742251585349382,3.6630556019820246,0.13476099744710737,2.743357403860803
4.076248296386723,0.12103217432215205,2.416325617307546,4.04383709426645,0.11819718837079882,2.4135116124898306
3.8357838597120386,0.13714142214288982,2.753128655092804,3.8061927426933013,0.165993330680415,3.4048970014629742
4.0911626202867435,0.14032812290946026,2.8126691189626443,3.981225332580067,0.1543911945011181,3.1573577643837085
3.654108462868609,0.15113887200891044,2.9519141468682024,3.5872027326334917,0.13317719105568487,2.7028119413986254
4.191173161109337,0.15691800052347712,3.1327619007515395,4.142631783627089,0.15902131768087796,3.2148780627739453
3.96866186896468,0.1355728507347977,2.68718689622643,3.790075440920017,0.12721009732705876,2.581710632253037
3.737751744900422,0.13685142804585682,2.7408198360948055,3.6332358053192984,0.12761983373133443,2.6217096290639903
3.8330536061137592,0.13245498448494633,2.625387728580568,3.7286761893685236,0.13100093273075344,2.633989426845646
3.8421704861013555,0.14366260816679144,2.8795039309481427,3.781358007299852,0.1426628028890712,2.897547383620126
4.072007039183107,0.17422296296053422,3.519472929922759,4.018372540711883,0.15841814311915672,3.23233900795766
3.927161308551152,0.13515516178796075,2.7196459230596255,3.9248622051587376,0.12619472379488442,2.5611037724297705
3.611962714413435,0.185022561786492,3.6435916739816925,3.9110715642159706,0.12464102609478749,2.4883739055922316
3.958861226163815,0.1283965466702756,2.5613118875733614,3.9644395611311274,0.15991284760195298,3.227885667329794
4.2193251684353825,0.12792925921152115,2.566173688835216,4.263988585645733,0.1193961073619311,2.4062928615934793
3.8104252592498047,0.20692848733514937,4.150844325549796,3.779943192451824,0.1997488775256757,4.050755179717063
4.028924003401918,0.13326553631904084,2.611460514239917,4.198707029801441,0.18787358637715215,3.844994790093232
4.056536218915088,0.15367118971672766,3.0825392581305353,4.284812427454403,0.14170001916170538,2.8491121740550587
3.747121968335576,0.1550708733310748,3.125277228733236,3.748010326379131,0.15665750822325322,3.1325296772494617
3.7336759059499403,0.11272027890560085,2.2628716037501877,4.094670168659973,0.10685699443258576,2.171981153826814
4.080704621246818,0.13188849315236417,2.6246791129471565,4.235546803664375,0.12401080729197904,2.5628240041639017
3.7736311524092705,0.124706374666977,2.499554342288899,3.898173590711195,0.121597314337329,2.4791636911526354
3.8777944812198726,0.13610390495867133,2.738736910500429,3.8124025748663657,0.13913506699870112,2.8475190049086017
4.2227294015479035,0.1324328355018652,2.6544197914846084,3.971062114855894,0.11591631711580933,2.3488829601656067
4.14929880039191,0.16161833353653296,3.2368440779813015,4.204999729600139,0.15148829033203243,3.0578336166473856
3.832990054252545,0.16744632105324922,3.3746903140578794,3.915000260593995,0.10752273094024843,2.1277657995665615
3.7909327995015025,0.12556205622448977,2.5619485512370748,3.965642946503563,0.14246602261896024,2.8935506854951676
3.517246476840608,0.1829366960931665,3.663801924184435,3.8380386629452654,0.1347303279574074,2.7195694472959078
4.621854453343603,0.33924277909670353,6.778134574259776,4.267013477337016,0.16153545144868234,3.265705421110981
3.94639695399774,0.1699965593829101,3.3938664953479902,3.8297782661780557,0.19806169430450457,4.093169583791494
3.6888944438362796,0.12452586857142076,2.460249973573348,3.83636769572235,0.15618530680847814,3.215751893493711
3.8654724532918747,0.15013105368477486,3.0138968916931206,3.7584624715835764,0.14978456730776393,3.0116653245834573
3.6721106979312865,0.23283167070815006,4.655711217220765,3.9671261791519354,0.12441861913774759,2.5597815726716573
3.7975749561630314,0.21644329683474492,4.279726565484232,3.9625887847274956,0.2119610906986931,4.314935615751132
3.8111818690852513,0.12661335810368343,2.5257400424432404,3.804846036646613,0.11406431006753906,2.3397158532269273
3.9496618728046946,0.12925064281665075,2.5967594930859246,3.9202465954788117,0.10598900299239182,2.1576399818584466
3.9099105695669927,0.12377486806209015,2.453339306032851,3.742961956659093,0.11748944390369509,2.400882221161956
4.42312322431534,0.3413736215378789,6.815293796172471,3.6868951879705185,0.15044500145360068,3.064980479873742
3.6006447775343795,0.16756396953937072,3.2835697971737714,3.747447779878638,0.26335812597791414,5.311822293158997
4.0978823018479975,0.18600692693207227,3.7429053674272748,4.377485636372359,0.21023404053672992,4.260100456522708
3.9402643902882017,0.13203766214073354,2.6734943248591003,3.8351715439303486,0.12125608049447263,2.443778506397821
4.174043357808689,0.1610921286235254,3.2084168381013267,4.097390070633483,0.17114956643264279,3.494765584118026
4.29471020716586,0.27442073307657133,5.45680601317872,4.116887980889805,0.27709117556446095,5.571374275701487
4.252061536906759,0.15953117009649762,3.156960065353964,4.088776670345902,0.13886848252812192,2.794366839955392
4.054366214786228,0.11091685558531797,2.20379337197891,4.0757464542601785,0.12081140418916159,2.4575016771467824
3.9806905793899303,0.15720897066470313,3.1683681507488592,3.8318135473678283,0.13810251026616022,2.741738718821836
3.710952596352242,0.1330232788771743,2.6067132572881975,3.880686221390933,0.1377678155775604,2.8513492823642044
4.134396870440115,0.14700703673488244,2.9020506063767155,4.127135076983668,0.14748932636601675,2.9817398493638008
4.1144098303974665,0.15940890356604223,3.154540534714631,4.187041623468096,0.13884656674097665,2.822202962345295
4.22740732788227,0.10280574983102682,2.014573037681869,4.073061009522979,0.09374038425352098,1.9097507071480657
4.092605959111705,0.14842525036693413,3.0168998132582643,4.0675401535532885,0.15330163426090435,3.125561181389685
4.208286208392606,0.2770687909860666,5.4159614669003115,4.064908774501741,0.2534648665935519,5.199135174305064
3.9275225762654022,0.13738307777272316,2.7795775842806973,4.134127888705009,0.11226935609239223,2.3063629164090513
3.958350535819057,0.11370757577351875,2.2682897094091854,3.9910772840745072,0.10512969180102284,2.1204215305983727
3.901464080730583,0.10744536003105928,2.1072269457170085,3.883795724322857,0.09824681832579175,2.0198109016920336
3.931565956226002,0.13461407326969785,2.6746304777694445,3.7168993916933517,0.17223955615522402,3.455008024797394
3.913545307334121,0.10563926736003278,2.1782912189508683,3.907974670828987,0.12120636549350808,2.4711929050873267
3.820472655601958,0.12466407519720664,2.5065764734043525,3.836128854179518,0.1554272382103514,3.1422178219070607
3.9124725281090402,0.2599296521624512,5.205794026477737,4.122795686598959,0.2621560834015363,5.295807299266764
3.7349219709406847,0.17854151678970848,3.5559503351462713,3.7674336477477754,0.1682846166795855,3.4258046309357266
3.88625366480718,0.1124697152622104,2.270232738317633,3.9335869213595336,0.11300517400136904,2.305739890859114
3.648674677598246,0.13480763620125924,2.695618779525638,3.625976424909722,0.12925546654432374,2.633291090083233
3.974433008529647,0.11169108373413324,2.2280638219876283,3.8840607628368584,0.12362778124106716,2.5070772933620606
4.00582191255151,0.1698380178729467,3.3609221300103576,3.9780902315999422,0.13171259307094424,2.7300553174522926
3.6427246789229635,0.22788502844170908,4.553185757851051,3.867882177633738,0.21003909869926776,4.308374887229744
3.684958550637375,0.1206689361049139,2.4224417435591326,3.860884213317611,0.1311391841466135,2.6532491671049
4.0868369499573385,0.18255001684629116,3.6905495003876854,3.964702982606426,0.20111552134537924,4.021513850916626
3.9747697090042653,0.12727820987027613,2.5248126568635376,3.9149881994472278,0.17636032038241867,3.473008852334666
3.73312065944007,0.16158634702512156,3.2438631254903925,3.8975114186360065,0.17421017196059738,3.5680571693351903
3.637750345934749,0.19964145278399612,3.9602793544739554,3.671940120821114,0.2531738231845172,5.082491463465041
3.9497686260668687,0.13621027110171197,2.717183566302035,3.7921437477915316,0.11940305043947881,2.432570143895754
4.110559856072263,0.157807408132387,3.177947175687497,4.141057113126665,0.15151104121159528,3.058292849530555
4.100189393586072,0.18929093602370264,3.8119667678409215,4.193358877979427,0.16963717732623465,3.487492276437871
3.957203786250643,0.11007110045563986,2.167595893677934,3.9512375026196964,0.11244296705370113,2.287273970304712
4.136955550273597,0.15194638237430247,3.0551321756154373,4.260001761884811,0.16495174312075786,3.2163391314364347
3.7079110719102277,0.1292846541543077,2.6076169305586343,3.666743820492358,0.1254709500596582,2.544455353912318
3.9513698915314635,0.4261910978827003,8.481519850594252,3.534442587397034,0.4338228220716684,8.824666180987247
3.5513663617024673,0.18606795080650543,3.796501358245537,3.884628059997392,0.18888196006520466,3.7498593052339753
4.196859518612499,0.1234814099697105,2.5175772162203147,4.0716567745483525,0.12583897553189763,2.5062918432812844
3.701663240992668,0.1111878044961089,2.256540503278251,3.664578381887717,0.1224083221538398,2.4554274568750043
3.951028788511869,0.1119163587248851,2.2003298436651164,3.8624249991579687,0.11175500254958072,2.2767582706850193
3.805090844579536,0.11233638492780976,2.2427200550350452,3.7585106444024183,0.12591100135733763,2.531647976739315
3.7323100147575405,0.18343165431321035,3.6387262434900705,3.6533568558097875,0.16960065488007187,3.41010038957787
3.231538808554688,0.6001872764551703,11.90589051831376,3.929549942594369,0.5491930303850664,11.239708472626981
4.281049284377397,0.21130913117949263,4.218644089471316,4.048384532873219,0.09966266805381517,2.0226395165135185
4.1121401632322705,0.09811792599480498,1.9619698955691092,4.344791134891346,0.10402667487231611,2.1354275409726595
4.02509885039632,0.12209251646479276,2.43167489919553,4.182710242903863,0.1390036254628835,2.814540925556215
3.896053604630782,0.09646504513383708,1.9181897535453358,3.91657970431488,0.11566576315961095,2.316519619500626
4.151069788620321,0.12462066169329314,2.4859888408991333,4.148926120108542,0.14677551019730053,3.0106962280379816
3.6671140913266798,0.30133824121280317,6.101486990028405,3.9955342627281776,0.1225049345892962,2.4301253898412
3.8942312729570183,0.13182177036608547,2.6170476633609594,4.091742241115121,0.13384209292244348,2.757778748740429
4.103057063699213,0.16076411483029712,3.1787838342764214,3.771777062909913,0.15040880934325115,3.061903136177425
4.043531680767522,0.12030389468172059,2.4132140770563555,3.983494700436209,0.1168652207516214,2.38993754351629
3.8599953068982407,0.16273410336257282,3.20728913261583,4.085756808540686,0.149773778398356,3.1021259055082284
3.6304799544134982,0.2810217613493594,5.538593463695906,3.976692400542616,0.22216063732148048,4.5121850992565085
4.030661992015653,0.10118443520066518,2.0104211074675695,3.9485270038010025,0.10834035578724237,2.169808532007003
3.8157897555067333,0.14708142863648418,2.929370517613111,3.864211528912664,0.13508540989464704,2.7562615696106865
3.989145074426586,0.14946782545510592,3.0473963005125517,4.121184083848914,0.1343584134851688,2.741428048609029
4.20218622644749,0.12230968216854816,2.478435611631346,4.1480615411131,0.13203849200113496,2.6610857571325095
3.9835876737768063,0.1458882134178336,2.919497079121129,3.94559467358817,0.13524496231269037,2.7699975952346088
3.928166009721657,0.17125212344125954,3.480880092523094,4.057115685459495,0.15642297390392934,3.1327929552417224
3.8579170502554456,0.13125670404790127,2.669976170705038,4.189481135190177,0.14191602997530692,2.891221758468614
3.8221669953848254,0.11186501911081329,2.2244154153538824,3.9407640627768736,0.1405601049326576,2.839450528973337
3.9962420109930834,0.1096030036873568,2.182925544169904,3.7289912818160307,0.17103798371626697,3.4604942130121206
3.818767749764388,0.15656693916781175,3.213957903731008,3.8024065969628964,0.13715167552576554,2.7898895380797013
4.095605985476952,0.17945508286821987,3.5912331640299837,4.636245954528856,0.23969136337449332,4.834473676187539
3.797213929858831,0.13815250494183481,2.7272542161499174,3.830252956094834,0.11145573021771674,2.255007344247398
4.055338894450234,0.1829010930353413,3.689037882619765,4.393066621576428,0.4098678948082207,8.298991915986655
4.097008158627886,0.13701244705348456,2.7527009909093785,4.113232344577388,0.1358905547999272,2.7194251579616653
3.2901919525533994,0.4025518123197342,7.9854038788266894,3.6167698778373643,0.36152319511074427,7.493424115208292
3.967764854490222,0.14815607849237133,2.978921875876137,3.9600715263703075,0.16057090336822905,3.2512344730468006
4.34879814613167,0.25996880857880517,5.194225723386204,3.8467550886754247,0.10423023567253593,2.154036053586058
4.37902646504249,0.21753268366816106,4.3635572716634305,4.3405010623557825,0.20255601812074794,4.173609886140756
4.266720616574057,0.14990915253910111,3.0283103635916393,4.137443617279049,0.12327711679654281,2.5514385710199488
3.9872493532342115,0.11938770225343967,2.3891720917413926,4.007209738284199,0.11216217165502296,2.2622636823298214
3.728361339003782,0.7453832410291286,14.869239131085182,3.437045860280081,0.7286908154819359,14.754508131865068
3.8154295627221955,0.20118116601280397,3.909666840632286,3.682079948609409,0.1857803443662891,3.8050297647810507
3.6655226612687404,0.1779562749896137,3.544294274345355,3.461844276736901,0.16494608252286044,3.321706777254021
3.9222378577194834,0.11043002713135008,2.185298242711759,3.768461937380683,0.10650268924018744,2.1813174260735946
3.9908429841312154,0.218706449507295,4.257370851326946,3.7926402315782073,0.19523096978595947,3.977394434372979
3.734150739022765,0.1531453114168417,3.015842912345168,3.9215189494734117,0.129353784913403,2.641322237112873
3.401451768820852,0.19828097912925519,3.980511772962628,3.4384449111640913,0.22755096082483706,4.603882517733429
3.824046996400112,0.08871154860239329,1.7597673706251158,3.855914453886071,0.08176590553914874,1.6336981815980784
3.445762122689017,0.13367873810714181,2.6962437500729632,3.509340469653624,0.1339787863165686,2.693864075798356
3.744581100489299,0.1574500167268668,3.143383244937685,3.875197029846996,0.17107607251371937,3.4826308727652835
3.6135111046718094,0.14923713168612757,2.9604108931071655,3.8071457308444114,0.1559153060530583,3.1594068439143506
3.8105527343609227,0.13394407027567545,2.665586626647949,3.862597536124673,0.15222810995095457,3.0965688878808475
4.06775034423656,0.16573770661358506,3.342859619531605,4.011948423755149,0.1532634475577473,3.13666848403194
3.8627102898678127,0.24422679065816705,4.879697242571942,3.9299229485333185,0.1131797808929876,2.2649399289459984
3.998805777035663,0.0942839320166391,1.9016671314507714,3.847959284652657,0.11925961005920895,2.451803169140337
3.7692179713128207,0.3339435467557234,6.629756043364307,3.680413582041859,0.3023982023725307,6.300192088436018
3.901661408676997,0.11257646238968322,2.2582070555797857,4.121171666151297,0.12508764034337816,2.4893370835454536
3.2265049327229702,0.2095301556890909,4.183128045294679,3.841699512129911,0.12375686808583314,2.4922327415412866
4.143661413580898,0.2141223752933261,4.2509553647966065,3.0894157766622983,0.5645679713103788,11.457825792037173
3.95122642506895,0.10834489678989372,2.1544184277627196,4.013414138473246,0.1093925779290981,2.189150886554705
3.864540555841121,0.16209394381969408,3.1711337396346044,3.831579618306394,0.19302177179775745,3.9263787313994993
3.7953605242347503,0.1160527266598397,2.3297708473225303,3.7509563205834873,0.12172704294071741,2.4628197696846907
4.065497906443537,0.18737396439537954,3.6535425603598655,4.306489861470265,0.13122224969463608,2.638439368771224
3.9549038337847824,0.12845013683375703,2.543953658830204,3.7274973023588496,0.13156791551702868,2.6701519257577937
4.16289852351239,0.1495318643821163,2.9638682402714625,4.073928272480085,0.13379620648205467,2.6859730944357567
3.918173719760664,0.09941069154247421,2.0081924442296066,3.8808964601070244,0.09978259812694137,2.014139721560116
3.958121958715233,0.15169238056609974,3.0042660605121134,4.067646355341801,0.15491854293217508,3.1173325392693796
3.82589323368721,0.1381985673075763,2.7502542820955354,3.8340049070076185,0.18497061269648288,3.621677062397632
3.8105728459581996,0.15244548415320244,3.10573584140362,3.7271993476546523,0.14349306869261488,2.873836646286573
3.9253529560728375,0.21318329577043552,4.194720970972768,3.839358894868053,0.19346729930186818,3.8439779927601423
3.9531037130890234,0.1393056332942359,2.74106026573125,4.118324451014187,0.10937786137720547,2.2821127437329665
4.088751669343299,0.15555632098103161,3.137505366734478,4.077320732686465,0.14472734996407927,2.9190895899429767
4.070440212081446,0.14739783847986915,2.914492868397235,3.89537844152102,0.14291923141373822,2.884864759675267
4.12464968678164,0.13346369103798683,2.66027297098035,4.433064293721248,0.2900706696502389,5.83691738944535
3.916820308078463,0.1178320409297358,2.384014865500179,3.754747254589159,0.1392345342275807,2.8710286512021024
3.760018636837865,0.1902949017039092,3.802127950900183,3.7771092145702485,0.18155241236565087,3.6987244148907554
3.814460746084157,0.1502542992296707,3.018741488621488,3.832662496785513,0.14420461682155522,2.928862336331183
4.0655180938022495,0.29887740711859073,5.909693660067863,3.7962467008325467,0.14042408712936205,2.8760729938467344
4.107149852308931,0.12504765975998486,2.510345087269161,4.014035345997071,0.13776271348993235,2.825823472259643
4.0716482964633665,0.12051434977918998,2.4136256751240506,4.071440544836848,0.1229640012199211,2.51084690721639
3.8521846053649704,0.13794366573781336,2.790919576082337,4.139064158925444,0.11579318063262228,2.333679967746787
4.012817871470869,0.18378062111349444,3.7154281941394705,4.066572212245019,0.14199091353688845,2.8683542513353064
3.7050920638735367,0.14171235993126055,2.853822892938907,3.6981273885006676,0.14271265169565903,2.8694728183047893
3.8432817024139814,0.11739961896964972,2.349386812286015,3.717791347813217,0.139619319522206,2.7874054177906906
3.983199983509581,0.23117899292857663,4.680904793379569,4.004876243367729,0.2369786209454349,4.79091345069085
4.005022478130488,0.10681467026823938,2.151048443911909,3.7895249537202886,0.09902758997360833,1.9580694515548451
3.7941124727094895,0.1180469744962546,2.367941797411807,4.086718136591448,0.11851895789499996,2.440226747661381
4.1904889195927,0.14700125413749918,2.9324469347097684,4.143621023212322,0.2006819896504243,4.082200098981347
3.842190040160741,0.12829200586315295,2.5916230219499776,3.8598005012903593,0.14907661351616094,2.9997789119503513
3.7282506037275405,0.19277718379748945,3.842542698239974,3.911836222663668,0.14613242560633488,2.9243842235607787
4.354119065533578,0.1749776283566415,3.454215143391565,4.24942965076798,0.16869145322569484,3.402435442545562
3.6503933040089103,0.13867569256919823,2.799207738238544,3.567182658289882,0.1418532988613693,2.8965543833231155
4.603820618778505,0.2767444970081787,5.516226170073972,4.04168342096654,0.12480126508861288,2.5289240744327706
4.033663472558276,0.12931238311001006,2.5877835908690163,3.942123383140069,0.13381560948032595,2.7115872271760133
4.053409071686824,0.11405962175456089,2.2552973476687375,4.419922408248639,0.29485978301516635,6.007108714210208
4.09748332791081,0.16119868846889424,3.18995856280569,4.0689394662937906,0.15362223549669093,3.1320976986428195
3.9121805841064496,0.11439032516024032,2.3090007876354335,3.815645663867411,0.10644562436485251,2.1883663633420936
4.482550877241728,0.5176820910538018,10.514362245120648,4.16043727815667,0.13808535671608144,2.8131803569540446
3.9267990740923375,0.16263816892124536,3.226246722042929,4.194164379521342,0.15626479905271798,3.1172402825663155
3.7910732774016696,0.18545062021622286,3.5888171419852366,3.867393002430287,0.19995660760005812,4.036180190891884
4.085688329278985,0.14930588821171334,2.9450347329664317,4.0188423227058845,0.10967463140559107,2.194795306220184
4.024327845058372,0.14365404406853055,2.8473640756143492,4.1804964685100074,0.2567933502316945,5.223597003197036
3.842043089174305,0.12904564310602484,2.584487889071113,3.8965538641552167,0.11708422742387013,2.3743790031533405
3.958087705020111,0.11641150494744827,2.351625373785672,3.955629604476914,0.13456366112551715,2.7267454534415876
3.7294229457013586,0.1323988012587348,2.617917372686753,3.3194581609160387,0.23994384131716948,4.9106574136899095
4.178581227324577,0.13136307875794592,2.665994793188037,4.439111639164142,0.1462293063624668,2.9193693407858725
4.444845390515571,0.17927170578679338,3.613017504940793,4.119781804131982,0.19334191910216286,3.8905029973450844
4.010938695292745,0.1384111466570154,2.7829839776902157,3.958631759943167,0.1330041070624411,2.7055212077626254
4.136637917670034,0.13094928317842336,2.6718686871827586,3.9104615391589403,0.09775516004807008,1.97321531545813
3.8202495386136546,0.12412070100076418,2.442272531429504,4.028108838561755,0.12601916583720812,2.515887534777948
4.11298490528769,0.16423151521033108,3.291777169217739,4.00971565329148,0.14297551157444735,2.934957264331258
3.883062585449646,0.118063106531945,2.3287758680050255,3.922792069798382,0.1165015852360182,2.3951022123058343
3.6340566880762037,0.17406454825814716,3.5080731623887234,3.6651778148885046,0.1906838412971633,3.8817902637186203
4.091441504196221,0.12338505724972415,2.4769681648083544,4.101116620850808,0.11340657259778186,2.2658846644285027
4.004122595781321,0.16263259067615718,3.3082130534597187,3.7857449978750326,0.23362758622559593,4.671626375116864
3.870458846686477,0.10473008346948191,2.0708246777997337,3.9960798470650625,0.12105335763565667,2.4434959664210982
3.4449536419158124,0.41561776238879783,8.467282505250562,3.42740181286963,0.434361323362999,8.781330139645059
3.883910986809491,0.27882678932159954,5.526620488696238,4.101359589970851,0.23265058835648553,4.743352223870888
3.916720515178026,0.11740887733051673,2.3290351098931907,3.6525840920337935,0.12730490517942372,2.557667906611641
3.800044086507736,0.1359098330174735,2.7305485017393,3.6964492867680305,0.14018389123723313,2.8406316005353585
3.7298476547693813,0.1292781325895408,2.5520661555087587,3.7855746636774574,0.22954610448504337,4.680057045553898
3.757546266188034,0.13476259722051584,2.711746582692114,3.7288471823303055,0.10301469031465287,2.0938822687165244
4.258880101818712,0.13357646713365542,2.6667639510911174,4.14217773926529,0.11975210663676854,2.398359695407888
3.9911650207808247,0.1267664527058585,2.5207276929824727,3.93788493450898,0.1544644759269459,3.142060231794933
4.034185839493836,0.15011909147769442,3.023118803003788,3.8334011415558544,0.1448670988815549,2.8875720770321602
4.041454943100606,0.19454477188904729,3.8404880866091484,4.772403600496927,0.4425455657576684,9.125329472327326
3.6704327231780423,0.1224090043055521,2.4631626724524964,3.8914900837010937,0.13625470987451546,2.7758850212451165
4.585653995090858,0.451923258801084,8.841225402621236,4.361819664420127,0.3978361352686943,8.209527537521696
3.7832912436540767,0.13931228924029646,2.8360089890709586,3.718555181156719,0.15270187661250814,3.103826753854633
3.730395386322876,0.1675621617210718,3.353233480999578,3.7346486839243718,0.1746816774757044,3.5858116722732225
4.499109362628032,0.6627094814114978,13.230547213875155,3.907012799447477,0.33074327274412546,6.670952274401991
3.705843361235791,0.19941399375682392,3.984329126395504,4.032894110886382,0.1179103514811383,2.3929736276272506
3.7553635656489313,0.15964125289097006,3.148898146009626,3.8682980014793973,0.158336347027847,3.272200219930655
3.802638240312495,0.12326878687564671,2.4570624365355234,3.7747292346208696,0.10167609289672988,2.0587342499560544
3.865189630870805,0.124583366334959,2.48326536990726,3.901496464254568,0.12356644264677807,2.4903412300713477
3.915746805787464,0.09551921174805392,1.8871672277805775,3.706683007380118,0.1094864036195896,2.2390379689708038
3.9154893174051377,0.13486947270150357,2.671088540664927,3.6777274210713964,0.14612505162685382,2.976971162414985
4.1099025144880725,0.16133258236172163,3.241313974632683,3.760692765568199,0.16382764929425,3.329969822119105
4.171060139263865,0.1359478292763934,2.7184181249650026,4.192657942387795,0.12198102768275584,2.4774909819225157
3.9984510513584097,0.10733622167392849,2.129224250548906,3.898007913681957,0.11087561592817703,2.258842734756126
3.6772139425443413,0.1423398494038454,2.7984704126764903,3.672790094265137,0.14034955153349557,2.8593082631719584
4.086809518775684,0.2402068913093025,4.825968457247272,3.9956456458456526,0.23660134577986,4.746061628320597
4.101578384199555,0.1379310068894512,2.7117904324576196,3.842404744516229,0.1387767629010277,2.8530472883053273
3.5430789939116245,0.13759507362124257,2.755713349250974,3.6078999186292537,0.15944086694819523,3.2432881693637237
3.8010456467378613,0.2098555412193886,4.199603417396396,3.849003799145463,0.21283868579515117,4.245801543732766
3.6678990799149456,0.201423418862875,4.046774264820997,3.8864522285409753,0.23072702493528496,4.678968427430476
3.7494736377540656,0.19432171193262432,3.826716941086426,4.021638355160342,0.1221861839146232,2.4625236838571456
3.961696614692595,0.16557658824035262,3.302996028802341,3.9596231147755745,0.16741739640294837,3.4495884507502534
3.7259193590444384,0.13639882259471078,2.6926349555219953,3.782011817748031,0.1303898353815971,2.714570267510932
4.148186027682817,0.13074244030992008,2.5914434230548133,4.095654712131208,0.1262443874772495,2.5699830191411106
3.59335984576381,0.24096463564262982,4.8030419522847145,3.8136041765610984,0.21199159520617739,4.289080545027581
3.94555807522197,0.14639367946552,2.8449507756012733,3.857290909837325,0.12582519530725708,2.5983906535431105
3.873788974537199,0.08475216185091274,1.6825782761129178,3.9468140624136163,0.0903537883818395,1.825234210933997
4.0217430443935385,0.12217533269218676,2.4216349458843496,3.8950957611757744,0.12802543065051625,2.5741620587839975
3.8746288252921874,0.14995180079965104,3.0102983709338105,4.223731283497576,0.16878398604087358,3.417532706133585
4.341083815812308,0.2903654340351995,5.759967269456034,4.059665800299728,0.27984918376319345,5.761909112761103
3.8933687136434125,0.1506475749569893,2.98598271835856,3.6832245786713393,0.14307830194967314,2.9326473451302326
3.881166592800896,0.1198589028060617,2.44930182009315,3.7710481353896177,0.11474348538298912,2.3052978959703716
3.6691155136135367,0.2138039820138833,4.271843800069847,3.667262497981226,0.20635034377012917,4.165239548245286
4.227973657269632,0.10921515969816581,2.1821394458404084,4.123076981937795,0.11013939962337566,2.2575052506098623
3.7997198577122324,0.1484205701337883,2.9418412981088284,4.257698927109177,0.2707670877236238,5.591556351731514
3.857175605943064,0.20110414733120177,4.011715708542164,3.8247554701249293,0.1886738104801609,3.8173077998664833
3.7066182602216258,0.2368657293517253,4.818236581614725,3.6164255319647203,0.24737421138011986,5.020424047183079
4.135220757016264,0.23250461792072857,4.63441214514726,4.221202333062959,0.2105499456043532,4.243394883727942
3.918010618926263,0.13644036629923081,2.6956439768938094,3.9639449925437695,0.1364760736139176,2.7612267912315267
3.7678440078741278,0.11737881399575847,2.28108856294607,3.983418510282409,0.11250310916738371,2.2902489840418374
4.077596786535621,0.17846810385797063,3.5317027793267988,3.9096524241384834,0.17854480918725935,3.6207528151637307
3.703750688520259,0.12447220358820837,2.4909225104207273,3.9759196955274616,0.12551095070759163,2.543304866533233
3.9874115097577776,0.11222846481862718,2.284657992420649,3.98037764044884,0.12240402419474312,2.5202176864061356
3.7164191772623565,0.11158457066852935,2.193806729703146,3.964886290773133,0.11228015147854621,2.262878857368893
3.8395070594969054,0.12929274451422984,2.575079379038065,3.7833929793467664,0.12048952758166107,2.458449470397167
3.9940453364519612,0.13335777210247665,2.6240266211234924,4.024229668374984,0.13028367439774116,2.6277667473933426
3.8667579139870547,0.1745068063255211,3.5252068413569013,3.7379756575300815,0.22397854551578114,4.5665439295762305
4.002863406041358,0.12194878143525718,2.4519810219776486,3.972138968372714,0.13084647099280058,2.610184076535364
3.7929124755462507,0.14724261824962567,2.9090634083772287,3.671146462302685,0.126132601629403,2.553928850061729
3.88380731720373,0.1879569928436733,3.7821453693334077,3.9723144278946183,0.19001751848055703,3.912334696119176
3.722333811219234,0.12727850342405403,2.5410293591645323,3.7444557379562333,0.13469397347533743,2.6954793188823603
3.7860310582630827,0.11005046918662477,2.2057984514499775,3.762499811612247,0.10307692559887537,2.1191108433366086
4.225700832764405,0.15511871420553217,3.101759891732283,3.9229800539221436,0.10630293084723684,2.150754288786114
3.8623773225782654,0.1056163152360082,2.1401677464052575,3.7888309357222365,0.10518724178967495,2.098322266476652
3.9491595956864725,0.10150809658036007,2.0409874003067134,3.836202032825705,0.13767428653387564,2.757299801985299
3.537321852960647,0.32978247303858776,6.589115878721634,3.8808739550988784,0.30335756863521013,6.1707894109807935
3.9785821757582105,0.1963161520942413,3.9750031164798556,4.012336983269024,0.20395966820950917,4.142515014541082
4.18783816207837,0.11116657805107455,2.217600747427158,4.1541969241052445,0.13349901897721608,2.7176670480124945
3.9491244105044165,0.20818291336670927,4.15623126223246,4.123703834694856,0.13989874016420198,2.8696381893235965
2.9908086157148284,0.4384511318186993,8.697537215209687,3.7981421597811336,0.30306198678463125,6.178921614343456
4.014430550336721,0.1157283024808008,2.2882921196844905,4.0261093408961734,0.1219332144658349,2.4612561232441688
3.9168728236124677,0.23099597019952525,4.68802999763815,3.6298147380190504,0.28405990696627914,5.8003231172905965
3.084436159663417,0.30329031878499585,6.01151164096744,3.344119134901386,0.17230721353864473,3.4915660526911263
4.0515552105842065,0.13692472082870455,2.7336095747602203,4.05616870900873,0.13497887072415993,2.75827649009718
3.69320391231229,0.14082717970489014,2.820445011849742,3.730986526625771,0.14622147183426146,2.9606876461109612
3.8026892892648934,0.12505822191544635,2.478776638354693,3.7173699788869237,0.11888988341089617,2.44420212996539
3.766383128501618,0.12180118658393155,2.4662264979075785,3.8430475595370712,0.12753684416036487,2.600260664058955
3.965634569961167,0.1712167616892318,3.472145590294434,3.8136238428138687,0.17108362535228092,3.4801209294552766
4.079039999970795,0.16520027929408784,3.3294238948141808,3.8545010179434844,0.21805016875652125,4.38082034524737
3.8115703217903567,0.4566594491698593,9.073310472256937,3.5713296769770126,0.381946550069503,7.775364651953704
3.961394961738457,0.15804919902961573,3.1977010411937474,3.957593070391406,0.14172938583445502,2.913748897692273
4.064050770558251,0.18150893503303242,3.562698725321952,4.314077702085575,0.20389905283509646,4.128541446134906
4.17238250625382,0.1689170861384849,3.310085359016331,4.054629260964294,0.15693489135958152,3.184971052673863
3.2535141781369825,0.4195213491712666,8.207328870558317,3.25595821182785,0.40403009908987925,8.193422846341425
4.054736660593034,0.15078851153896985,3.0247146999431824,4.255218634490771,0.17447501952706376,3.516345744352298
3.615694101433357,0.21060225655352874,4.207872722784424,3.9145040437992065,0.26868124307038244,5.457040077165262
4.138159038979943,0.1436109504319702,2.839614848998548,4.12229300980977,0.1193987171447305,2.4007077811005852
3.8592289711177057,0.20291970154756853,4.09280477068681,3.8981780481072983,0.18675023687475364,3.7283423513290472
3.6345112911849022,0.12388350550160737,2.485018628719358,3.4369328200047105,0.15034076075611472,3.025216585523493
3.9813906768315275,0.1355855263705743,2.7154667325744146,3.88033570055421,0.16662014603752665,3.3396537318408273
3.729697862677946,0.14997898186152814,2.970332216524301,3.93253977728824,0.1388308706409489,2.780463525652955
3.7915645895974546,0.13045666793220542,2.6086166474084957,3.7660134552624047,0.1099083794426066,2.240846067632996
4.041296786556573,0.13863883362351676,2.736854780020331,4.012236498791955,0.11045445554272218,2.2138957588515065
4.160874528803476,0.2138522053253529,4.306584969433831,3.9688046617227415,0.17321368615407953,3.5342249533050025
3.469672339849555,0.2906684422834819,5.816821306933485,3.595334062063918,0.2362139423055495,4.83797725962221
4.096917522930969,0.15718837426867588,3.1030393305896724,3.945890941219838,0.12226663789998002,2.4909093348562084
3.9720818689933948,0.17929930771135386,3.5308854142968937,4.166851292869346,0.1691371022227844,3.43789005475472
4.2298011915251905,0.1811219295450686,3.6159769967531723,4.136896460733751,0.30808661964527434,6.319550328444773
3.974917829528626,0.296183822259871,5.889561055370221,4.045320965411112,0.2933410089700133,5.865658317782893
3.866124317248638,0.1295193509345437,2.6021580763409236,3.9038559967980104,0.11892534707828803,2.4154286982623594
4.151953165379532,0.2306889545283637,4.670982511655617,3.96760763166104,0.11631990851536282,2.3314600652986055
4.109218360515153,0.2030173845985096,4.0012230866209615,4.025755311537704,0.19865025925189214,4.006691920812446
3.8076744668058424,0.1278419909795092,2.6223271137636486,4.085493273486825,0.11202973085596613,2.2718776604328164
3.9456573393564263,0.1277460534442248,2.5402068742371187,4.19685486011329,0.13894496418074348,2.8306929367944287
3.698049981965189,0.12898232938718565,2.5872975583389013,3.8834942813599524,0.1294690717809958,2.6436763218211308
4.0031159108535075,0.17131992250588413,3.4419684531316563,3.98962355064614,0.15736395562762015,3.230318812132362
3.8348053415948695,0.11273996904854429,2.250777339431785,3.9231380723739755,0.11721012147752549,2.3493030639510617
3.7065266160350556,0.15338101431364753,3.0888078513603223,3.680885211159103,0.15982601128632648,3.2536110573385746
4.28269577544101,0.20704134876581995,4.110376279289388,4.213839700809573,0.2065599962089482,4.136922376604262
3.9715474264562456,0.11762473021710165,2.4127480879649243,3.8536231530769616,0.12310849719743919,2.5157068786330554
3.9033321316451324,0.1302582388146339,2.6252067772465,3.9601296280621114,0.16872291877254528,3.3844666773353294
3.8328283825922855,0.16468782021467632,3.256367138607081,3.9602672608802227,0.12977891102136527,2.658045558918512
3.6052531561973273,0.3476138469850785,6.9122376768926,3.7626875948437415,0.13119198320489303,2.6584230894123
4.326887906285014,0.19779985141490153,3.980207284471286,3.6093920063477674,0.16276744500509943,3.285506516322172
3.7003257148476543,0.2998451939698977,6.047751061075883,3.6024529692544505,0.3036021376262528,6.027390336661671
3.6042216907245836,0.21695335159904777,4.296758930745081,3.819650528665882,0.1451060098950754,2.978691477651537
3.820991711127836,0.11399157566758038,2.259424853530079,3.6829198273455113,0.11116664675101573,2.226412649674594
3.9250679895477947,0.14233651416224305,2.8775672569271706,3.715392399013845,0.12443632706501113,2.538979349585461
3.6480250559582847,0.15378101221820728,3.079880529716991,3.949597518152029,0.11971828755380334,2.4090189997492493
3.888687531605092,0.11776821279515222,2.3586268576037672,4.184674404483338,0.13765107925234152,2.7849998744009814
3.8688762335192064,0.17119883505835498,3.4422344332372696,4.010326883069059,0.1203101916784698,2.4863465847229054
3.7156227924464806,0.2459190054905945,4.771057124337175,3.7676707482653096,0.20903415467943284,4.245580177263112
3.9050136571663603,0.12547216372398842,2.5405563246517757,3.8038826000169004,0.12292219541267424,2.4908473406941845
3.986449948933369,0.18455956277267863,3.7137809301271805,4.1346326534039655,0.18453024970056423,3.7363625449037383
4.172842855696453,0.16887070937132675,3.360652723232253,4.246469202700506,0.18756615369077273,3.809555166983354
3.4772178101671134,0.20619213360692537,4.109936984337928,3.9402168881881465,0.12849607178533487,2.6337582893140215
3.92531660625315,0.14116044154020016,2.797938427321135,3.8463061897664277,0.13546077635086393,2.710824484217613
4.03893012101441,0.1376052155072783,2.764610232333998,3.9230665812015135,0.1348086719999362,2.7527075713127624
4.131024127973357,0.12818197507763665,2.601434751443562,4.031674915796753,0.1259771577974,2.5821286129852727
4.002714253334632,0.12248745798832157,2.4647413486619016,4.22399943434351,0.13448411748043024,2.7502505818753296
3.784292743777193,0.1245592896725885,2.4847645643101464,3.9747215527128743,0.11689702427869647,2.3650973149088492
4.030441006096862,0.15424596420383713,3.02757492326787,4.140027664143906,0.14829460684564683,3.0487202402394713
3.895996044255656,0.11694306907090057,2.378813410052333,3.6928969404394647,0.14671100769734202,2.986626225828827
3.934814668246348,0.1278036580344587,2.533193875459696,3.9770753916776327,0.11996026848627693,2.4289516476352055
4.188903867338033,0.1370125697900917,2.7003493246922914,2.796894822568008,0.8081567015867476,16.564626313437987
3.8029665904947505,0.13699279432798062,2.7327936905127053,3.765367663955875,0.1263865939884665,2.60998398413643
3.6117631342942205,0.18378558399908523,3.706877692201744,3.665048932541951,0.1432685611028342,2.894163972085759
3.9040387805922614,0.12246202034145644,2.4409815145401392,3.9059215571354318,0.11392865877973328,2.2817294078841237
3.564356288212078,0.194303954129318,3.909861448808062,3.784639668950872,0.16633370172379944,3.3705211431964606
3.993449603218423,0.15514881316702434,3.102361751746514,3.9441399659971634,0.154030510144029,3.1139806617227155
3.571431870126805,0.1889842961978374,3.832457664800507,3.6849299620882516,0.1868341635293441,3.7917724817997582
4.05373703305965,0.11499644692048663,2.288514828557864,3.8976335868472956,0.1344340667335118,2.7513089847752017
4.186801879661559,0.12425348458042415,2.4648113046828533,4.130555124989298,0.1252990217770608,2.525259393531293
3.6963792164025833,0.127037361083638,2.5220631467790686,3.6400820583254796,0.12793398122789873,2.6063687818632983
3.852880895812178,0.1844492492351158,3.635267963918333,3.6388505348273052,0.13814179599401186,2.788430886167407
3.5266559241967044,0.1500386440659614,2.9618972510602637,3.5864886339725706,0.13695586444793462,2.7773606749494175
3.720234734001221,0.142951083293266,2.8219824517760195,3.752525994553824,0.17429009820756375,3.4740477635908067
3.8012438080709896,0.19076527184067643,3.7781042764081323,3.8721400679754767,0.10820157941603092,2.155013856194423
4.04949359815594,0.12301702412610217,2.4579032947197805,3.832025672946703,0.15438416830881543,3.116287725593412
3.79375748726858,0.12625962594311657,2.5046070490537535,3.743305723788327,0.13187434244551266,2.7354230010189977
3.909944597425064,0.13952398187068507,2.789927012467712,3.919030974255996,0.13985368535552276,2.866553023594153
4.013093255228611,0.159907919425513,3.174639862014156,3.921630631304714,0.14426310823847396,2.861741392892073
4.025116683503743,0.13522399918585531,2.716769494733042,3.966062652929571,0.12695031528432751,2.570485889775673
3.8506379321089335,0.10608372538377718,2.1279671794500072,3.8342014021370594,0.11983737454131456,2.428337735832767
4.376493780912247,0.17534888220751954,3.564151036828993,4.16564959121469,0.19211595854302566,3.901963803843506
4.18552570113502,0.15102842817350728,3.0319117801248905,3.6992102863738414,0.3320263947779504,6.7952061953606995
3.835475335253919,0.10351136292519034,2.1136363723040716,3.850942794549702,0.11495169136020832,2.3167207077335683
4.127612829199104,0.11399919276527708,2.3277912050692837,3.9593280242508606,0.12337401003212864,2.5115501538082605
3.239150323169789,0.6036402350406076,12.06084550550364,3.3096834508592052,0.5946473920700723,12.031092827046262
3.869771562072528,0.15004162454925,3.0002382078836214,3.914034082939224,0.15045089504519732,3.008421996768803
4.061560821205256,0.13851653938913172,2.7872849001282978,4.05154451855956,0.1284136095014454,2.645926371887706
3.9171201556586173,0.10498611327805361,2.119174133915884,4.045246062914267,0.15073883534024582,3.0733100435545517
4.009445142208975,0.19866797398451536,3.8705312137991275,4.4058143383417825,0.2770372871661867,5.6698067373727055
3.796586284945087,0.13919008122514598,2.7920580982668466,3.827329719265789,0.13296947433688686,2.658862822808078
4.019424080020675,0.1404786950358131,2.7978661303851133,4.019157667689562,0.1397604682822867,2.8385996279615076
4.087402020341251,0.11961566643751907,2.395627111540233,4.018385340072186,0.1137188917977311,2.30435519208
3.7271364436073857,0.10982781317579589,2.203071026996576,3.7667693019543655,0.10766440276188938,2.1816693918178163
4.140510391805134,0.1445506734772608,2.8651361500735963,3.90221203282484,0.20052453703929296,4.0507902511964105
3.7638516999194893,0.13249261949216282,2.6133957001939137,3.61864480143299,0.10708100751323496,2.1898467175049556
3.969659548744827,0.11893564395550751,2.3612203677714496,3.784876618430212,0.27493481788259044,5.702876015686991
3.84836922986748,0.08787100064877156,1.76817522548287,3.9014902909053277,0.10070993004557878,2.054869656754908
4.045252289580724,0.11749113326721249,2.354935528538556,4.015011552718518,0.11431227119179017,2.3092188146784642
4.09705196023364,0.23170381193890754,4.625810116618893,4.323448196514108,0.22853812488391048,4.663056145735331
3.811351657369406,0.1408618513944259,2.7534763355819956,3.8039301417409113,0.13444736666386914,2.7578182432507385
4.001730950143005,0.16890132418857426,3.390712071092458,3.9674277264921933,0.16879089943413805,3.5011701299333127
3.8658555589970858,0.12731609431036944,2.527596816503673,4.035877101470115,0.12440427949209423,2.5267083448076457
4.043813557411202,0.12622565803046557,2.516000446946139,3.8149657625433853,0.1159795066142424,2.335611172152048
4.090413041674617,0.18353878410710311,3.6084614326455102,4.001986776368125,0.16648043117656117,3.3552239012349356
3.9552713226853893,0.13734300216832548,2.6957997338694897,3.9026543337577198,0.13849204002082177,2.791149683627608
4.028860894710819,0.14100692804415818,2.828502806321352,3.843660982884223,0.16057928033366517,3.328385752085643
4.079009004604119,0.1671306694342334,3.3525272415625844,4.030285250353864,0.15329170617640175,3.1983524981101974
4.095173537483132,0.12758590074967846,2.5104558569703226,3.9140677544429745,0.11523852429339924,2.3079630061281198
4.427929343240796,0.19078731933725904,3.808939976117396,4.248491817887047,0.17943364469613518,3.6944197535536207
15.052011834303523,6.238318827274026,124.0478272437834,9.497088899870281,5.979806872574586,117.75847400747611
4.683884870174004,0.5066832545239919,10.155714432342386,3.8932724025048793,0.13949748467165018,2.8267225260775084
3.9898144841276015,0.1344997144759723,2.620378779152884,3.9304621076011332,0.13270533026604622,2.689088962977003
3.668245782688051,0.14835513993444718,2.992260583121729,3.8871841408731305,0.14794880378313552,3.032477047305336
3.9695647619489485,0.10469522613500865,2.108366787981171,3.990527186984074,0.1096803137722452,2.2430035042337333
4.206240983374856,0.1707205629076449,3.353696676398963,4.338043615665639,0.1574840797042893,3.1813312435663152
3.631487540508093,0.16282235446867124,3.2532212866110366,3.742409641699443,0.14498191306763372,2.955936129921442
4.024988831014549,0.15244285419130538,3.024002679664461,3.9098442626517054,0.16113468498078456,3.170581633974928
3.9641474590221324,0.14944757459984817,3.0001759762726303,4.090516877793524,0.13134640008440424,2.6942104358480123
4.050529638291436,0.2568631113800505,5.176784109442256,4.133513569913264,0.23217657503628739,4.801750462802153
4.188178990902562,0.25897030069271504,5.166055683694309,3.5356562076681604,0.23136529391717978,4.65562446905672
3.8887535288554,0.11026014457867907,2.225631934521829,3.7931940338902,0.10871813338355933,2.218267784793445
3.867799566725014,0.12202565397039032,2.445823271399294,3.922331252961375,0.10899298195137998,2.196629691103446
4.374365508607066,0.2548922186657458,5.060355989876012,3.9723650332263474,0.28745616951844816,5.815903517451334
3.8962286012875906,0.15003675956534387,3.0143709247608137,3.394191565895424,0.4543125052661521,9.297896790642175
3.7860991960133106,0.10858387712232506,2.2070818664839518,3.710478069192911,0.1272372017322748,2.635346613131839
3.8722987371147295,0.11028833882962796,2.2227361369350125,3.9097435417528335,0.19001443918072575,3.9151941731072966
3.818150491570272,0.12620270534863562,2.53751316573325,3.8146573789003653,0.1251585735080079,2.5459302155253165
3.6641500123775854,0.17272145016861054,3.4810045466969672,3.9076168499322597,0.190985486117447,3.867067963693759
3.9425416560034034,0.12183552948260082,2.399269129838438,3.969171029458206,0.12275542512175383,2.4874679726780884
3.925725719521318,0.20861104261949898,4.191179970015206,3.9532306635716967,0.2144311883839294,4.361881302703707
3.9156773849697877,0.12435243289901972,2.4727253512854444,3.722954730588438,0.14754215364722034,2.99434679149103
4.145520188813207,0.12610294967991656,2.5275466173209273,4.0220974663305915,0.12531051711360827,2.5587612733393756
3.790652714943917,0.1296583270228006,2.5699552342073937,3.6761924978224014,0.15536777814074784,3.1042774485747593
3.7399150335278435,0.11323674208070446,2.264286334858208,3.671664262802346,0.11576603626183601,2.390660995088782
4.3487556460584065,0.23566429637177252,4.764342212942013,4.239050481758485,0.2392136765577093,4.813552746220231
3.7053277026490665,0.13677730150350834,2.745818894478338,3.89515148843024,0.1629543781028189,3.2994949926065846
3.738257610769433,0.11800572946436731,2.374558224708748,3.9580671726250385,0.14509461907251917,2.9694863719929745
4.225576653148489,0.20722713750406854,4.070845072617462,4.037099517052033,0.19400544888536297,3.9433654386055066
3.9519602011092507,0.10438028587850617,2.100381629394524,3.9708835394031743,0.1163419391331192,2.3538666578801415
3.698857341352622,0.1081707194631125,2.1595553574506687,3.899819047241564,0.12517316079823645,2.5148392804783595
4.084030600345946,0.10166605419974603,2.034528638936955,4.00708540421791,0.09885658165716238,1.9861159780567836
3.8917581086635913,0.12976528046083532,2.592734726357663,4.048258288810407,0.1546691006858745,3.1196105076893694
4.055697973360134,0.11089384415297569,2.169477788155074,4.4059385728295135,0.13446168474736125,2.772612064529809
3.9758047375177457,0.14351797188138207,2.881138570196179,3.9376114004001006,0.13467627700376678,2.768747295097834
3.8591862984711667,0.12198667054664607,2.415944774486996,3.8462555933330864,0.1147618600203027,2.2801892925478167
3.893879629087847,0.16954035108142418,3.373979091345508,3.7538756781708824,0.16683909082097123,3.367693828777581
3.9643245960074296,0.12556958973856308,2.5148705225817336,4.090521626016229,0.12382311847431408,2.5398909888536285
3.9953233532958485,0.10429380787818193,2.082155436056465,3.957610834457932,0.10649463251293162,2.129470847571011
3.7780620834750365,0.14986281164724174,2.9966626580834954,3.5156922174863126,0.16246927550797957,3.276936743045669
3.7980565710503926,0.12797709892967468,2.575206087172112,3.813464862030563,0.12178386881102438,2.4467454130063193
3.7881031469125253,0.14112582377526542,2.8353423597888767,3.789887193065073,0.14319754022238704,2.9328770201616896
3.757214051573943,0.09188075927715722,1.8416135617551148,3.743045522463332,0.14876224218358775,2.9934530069560537
4.027970199560846,0.12426100169739411,2.4748638780295726,3.725241265316206,0.38695527101975774,7.6821938063426405
4.030398886800701,0.11825646328154622,2.359032957196565,4.098381148134347,0.11975188390100829,2.428477045787318
3.903537530529103,0.14297788137767425,2.8499151366104676,3.872513715167613,0.1656798437365731,3.3598611091287376
4.059144303294272,0.15125877089301984,3.0053419292192602,3.9680405530196947,0.1442631772002524,2.9569334962137424
3.8614153725354137,0.12515181203680112,2.498571401948556,3.8758839561656004,0.12328347836049071,2.4981682371912384
4.017697044674019,0.19300248563265626,3.76642599280133,3.9119056661584057,0.17827709065934072,3.5676593280601097
4.026126834709648,0.11160049666533167,2.2770790742539573,3.949916134269551,0.1270151509622368,2.571798680491053
3.815790307596052,0.13419826756593406,2.6556476160055507,3.9345929760390677,0.1478444676700364,2.9633231030481393
2.657233579590947,0.5021173797536125,10.080059874101698,3.230670993700937,0.48204863251216307,9.752959354139625
3.93749177895163,0.15370331724343841,3.112179810669189,3.791985283916685,0.16104963181374027,3.298511716880566
3.7396852409091723,0.14694628059728806,2.9055642284522816,3.6133752464740723,0.1424343593368203,2.8571361045083843
3.560811592922193,0.1315025443300823,2.6107100929483784,3.948200890469046,0.17014043523294436,3.434332391407975
4.130099002576147,0.15504912004437504,3.05333402260306,3.9471467434956673,0.15139453185770455,3.096074890739306
3.803141359330236,0.14152710609632918,2.8074674300139533,3.7077917241037173,0.16149103582649096,3.3050531656595363
4.202617771463998,0.28327832895054444,5.59216799796388,4.352904545914795,0.2707575907155914,5.628622577446613
3.694465086512602,0.12019334392990853,2.4336709517012602,3.5088427821323127,0.2078692603844195,4.215430362545632
3.8094240176103917,0.16118218069786716,3.253507511783265,3.6332568199599478,0.15805255585131772,3.1903351567299567
4.045127575101913,0.11855791815284424,2.3763176495431133,4.087212018018575,0.11643319701827398,2.337408830288227
3.8672030071141057,0.14892742420242594,2.9590206883456065,3.8824349757308667,0.1474641966887628,2.983541948871861
3.7913018816364277,0.1672527454456849,3.3917583584364417,3.787701794293791,0.15414139008043076,3.159405250371659
3.616077779442853,0.1569923109277133,3.106718617224663,3.6662191937635358,0.14720333246317935,2.978264061917166
3.8837876992683857,0.14605004585296383,2.9041784106491106,3.7801680810198888,0.15329739474871473,3.156291699291094
3.7027387939272,0.11997535403121226,2.4123020150534367,4.008838872503231,0.1883143807668085,3.7923007644683433
3.8910338365080523,0.1332870773993239,2.6290662551766584,3.907692211109331,0.11424422204191184,2.3627372657060026
3.74797662203245,0.10539726499357868,2.0974839683005637,3.8248524939335042,0.1073723516535997,2.215676756143205
4.039590570024504,0.2769319155255074,5.449076623889986,3.8049896399893175,0.2909020628535149,5.894725742804451
4.004546616213299,0.22258192512477007,4.457804819791269,4.185891248172693,0.14344719048570362,2.9357703267760575
3.353500974549402,0.2780474541923037,5.586218764315683,3.7547520329165653,0.21497784547523907,4.332634173739843
3.876738772486262,0.10938160895626947,2.190662441833284,3.8880958608151506,0.13735412524313773,2.8343641354100866
3.613193901072636,0.26816772513454407,5.332466095578588,3.6376333195279194,0.27975487251210696,5.6600884572870305
4.029013837310735,0.1833352349928397,3.616258148271189,3.7599791107816882,0.12064762645203365,2.442869249558804
3.552079467157156,0.27362742494060605,5.436669677422641,3.696800581833036,0.29461952946358083,5.988452781609242
3.633186949751796,0.2901388148937497,5.792425484623434,4.246286970581416,0.26055790577848253,5.259434386818832
4.162038522335586,0.25119141297670505,5.014866909750311,4.165365439674579,0.25535005006879474,5.237804532500064
3.7169801140984347,0.21180426981340517,4.204934191565481,3.744087273240128,0.12454449782471365,2.5256676078386024
3.9722839974893973,0.13727679813948276,2.7580120375480184,2.954884021463874,0.834211989826991,17.13731747225326
4.030835558765423,0.19481070417961993,3.8861712824969006,4.007351900104989,0.19200683425649534,3.9384925378660083
3.7971058569992846,0.16656883853658136,3.2962283864294455,3.826331034167543,0.16113863275532114,3.2928479842130636
4.074774413053747,0.14483296434767487,2.90525048511764,4.307118127666203,0.1376676275270729,2.845057685915876
3.7353684706180834,0.10370560849543851,2.070412432639668,3.7100492021743054,0.13182381709093977,2.6671008758914625
4.056700348428798,0.16240998499872494,3.270634498332025,3.9018694165161354,0.10782902871081122,2.185005307725473
3.9814654582609075,0.09905610926197018,1.982298740139852,3.9387457689600884,0.10707871348656978,2.163093929083881
3.859423861225108,0.18999296426334425,3.759768078644392,3.750276001919513,0.18228965603334002,3.6995423556752356
3.8690046089636567,0.2088617423404554,4.215932832566549,3.7264739525430888,0.2057514075932465,4.178906068539328
4.021371715157334,0.3054415656079657,6.131771959135229,3.803208093344101,0.2765648055886493,5.556431045256431
4.208846330528486,0.12116863957303962,2.422892868138637,4.155457026519984,0.12648786419055855,2.5151880113831697
3.883569512022246,0.18540607719014396,3.6897188419027445,4.058568584800706,0.17665558152727118,3.6154086570194526
3.5603390316838435,0.14741223693633776,2.9383031929026573,3.4929259766409455,0.13395750702918185,2.70817181603438
4.179104858459974,0.21124708303597847,4.217405340192298,4.419960138896808,0.2197378254814181,4.486907013717844
3.9171602257520637,0.1690868650359953,3.3783873867716854,3.695249349743368,0.16207091827942413,3.256147794887643
3.7177986178047235,0.1309082435453885,2.5926364373541624,3.536083667244385,0.13492419818543777,2.7779997661687217
4.338540087103637,0.14008784953439582,2.796759303047005,4.205403852346236,0.16259682121121252,3.2947984565325896
4.187141343398624,0.17844743152071166,3.576714129642721,4.087199847207951,0.17380806102350133,3.502903953647712
3.812616121474961,0.1119837169540575,2.2160441886060145,3.780878859469217,0.11709980599010182,2.3838248887976374
3.459970291140388,0.43134532852109314,8.693274913524895,3.4154279876033447,0.4295388973284016,8.764244460468106
4.094583356835328,0.12179386601891684,2.4565308941466157,3.8512615558091765,0.13210417005789474,2.6582526539443814
4.219657360499604,0.11269725100469943,2.2247446984799497,4.224323159584399,0.13828028860454397,2.8193013355497376
3.969566501918293,0.18927187006325477,3.8264428432649558,4.229406657206696,0.2260813288488667,4.58122371515782
3.592297892622333,0.11056501868332795,2.2091098824170246,3.470317982737546,0.12787292455762508,2.6130673610987327
3.7779042563766536,0.13702740956537704,2.7269473719137234,3.703778736583784,0.13793016169049188,2.8462509065149195
4.076367496202098,0.15390249554448893,3.045574304371849,3.8738594143694023,0.1586649183195798,3.26436297845627
3.9613082541383293,0.09502068001679102,1.9090493284672083,3.9965119840651426,0.17304737577619075,3.4437714913110598
3.6626673479692333,0.1152626810308513,2.302970060254059,4.013336849358404,0.10533539795875184,2.1426943829014764
3.9367145531803316,0.22919411277977753,4.655038232653807,4.263095087773985,0.2373452775611099,4.790880977586706
3.77412338018745,0.14471682672770836,2.9029208436698677,3.8484786095027443,0.1336645828367281,2.72311697488593
3.940761329801266,0.14398678982620197,2.8331694781443524,3.9052061692569424,0.13044950738970648,2.6858688500588155
4.063037409656737,0.1780892445102277,3.569534802204187,4.005086413501762,0.17073953157017913,3.518040113187579
3.823378572967101,0.10547563422147015,2.124082752799334,3.8758133336910126,0.08255288184758275,1.6715280893495088
3.9794830900220157,0.10240018220214891,2.0637593042456897,3.9278553306887773,0.11330179248078535,2.288806164077118
4.217764768876724,0.16322994396026566,3.2845778565915746,4.182699796393583,0.14879104257149683,3.0726537193494345
4.0480219159034485,0.12802329803354698,2.5721010531171946,4.052666815324653,0.12947293585520336,2.627634614782214
3.91851456956212,0.22092059902067035,4.4210360004291775,3.980634257391729,0.20500931975122927,4.21469179397636
8.380107451566841,2.4030070837726125,47.28299265319357,5.842039962714989,2.3876662235146293,48.27060846400297
4.293512655610101,0.3137901577323012,6.169266553820104,4.628491029152344,0.6314613231217285,12.586640434229386
3.8996217847832764,0.14477594155054507,2.9562328931651223,4.2941990846615585,0.226175347227405,4.5689615103323105
3.4328571325896755,0.317826212745742,6.380395069392166,3.5138101589282162,0.27339559537058067,5.645837131395246
4.127019701645512,0.15050888555511283,2.9976340049948846,3.997837895525314,0.11392535409429438,2.2942443676625923
3.4156153757309933,0.2741440871238075,5.433804737484718,3.6359949036907238,0.24063742500449514,4.913663579086324
3.4168551222258534,0.13424491516400952,2.7076633024462864,3.4941121621066014,0.13665339554285522,2.7882545034680724
3.881957761845314,0.1938406978468573,3.9248801987113215,3.9730130663518683,0.14729792920230042,2.9663058511192784
3.51211583257174,0.2360312158475894,4.73835179548693,3.582074937988517,0.15683698477344324,3.168259297977152
3.7726970353616514,0.09974708638626563,1.999282422997727,3.710531989462157,0.11118027904147024,2.2702307749034545
4.113433435598169,0.20114756473377798,4.047571303416701,3.9309014329758765,0.1576459460990308,3.2141343561413027
4.02650685966968,0.17542660699031637,3.4827311956164104,3.9992572552012446,0.1583726203225283,3.2017635763821093
4.089979643913208,0.29030052596956357,5.791045066376211,3.788148978503571,0.27801246169179106,5.642222931432862
3.6484126586682186,0.20065230133677048,4.021777815576226,3.984171607474427,0.19755785073625845,3.9815539759379313
3.967662533729311,0.12679764718932748,2.545476271287039,4.128713652499006,0.18027518721205943,3.647384215730067
3.9221075093119815,0.11000360837277459,2.164496243743434,4.0805335404452965,0.1359001768882255,2.751702398901625
4.268270709989521,0.14861359943937474,3.0044688827589296,4.036025037890795,0.15763612462027976,3.2188296740646747
4.373744166724125,0.15136337653479323,2.96855057804846,4.1954738855173,0.13372045685325626,2.718009370454611
4.034840479965222,0.12330854516148616,2.4262920714295513,4.166874412862593,0.1342886508039501,2.727464489040053
3.68183092000567,0.22547944507124543,4.530081063620626,3.535630335139282,0.23716621005973307,4.738625513363667
3.83846821523057,0.2420621482558294,4.782407066752953,3.8726376967349414,0.23684000696004448,4.81032987300308
3.753656010055256,0.13325508299555894,2.6603477338313013,3.898045348588536,0.13272885755464667,2.683332641638601
3.7702493922755727,0.17069201722898172,3.43741919650676,3.8050815366477813,0.17743794066787166,3.587200453851604
3.9138894943522073,0.14393264583712306,2.8689460360661214,3.8411223646523602,0.13144018698647744,2.6859639266035535
4.06250315128271,0.10536450825809587,2.1235019272295195,4.006101511749219,0.2565547855072622,5.218744206274963
3.6735915716413365,0.1921117128549657,3.8201062221363924,3.672980466972518,0.18217068019421911,3.702811278407029
3.597201870880645,0.14988672208975753,2.9852425880128517,4.002243261353088,0.09282422297183296,1.8838542569531784
3.8382044038144847,0.12350532474704698,2.471573449338253,3.6626225696693133,0.12141956648134918,2.4774258386034194
4.004692909236471,0.12334948173076332,2.435029276173931,3.9447747750414175,0.0955361046702105,1.9118568388828783
4.093112284024309,0.17330956590589147,3.465504875628057,3.8381588616769333,0.1898822631445697,3.7666867077242183
4.05415534410949,0.12556332233615236,2.5187146087433208,3.975260946352963,0.1257222375423806,2.5769035634919852
3.8125505748753112,0.10145939140898583,2.009402219100975,3.81680328497301,0.10901929681020942,2.2005850743899207
3.627018014955964,0.12560445375743348,2.491610425134203,3.6938113003417845,0.11395904189192028,2.3002952139354726
3.7028960399573405,0.12209347761106333,2.474054526952138,3.898081040181936,0.1271503188529416,2.5645682879820106
3.7379013775357413,0.12147349480565615,2.4481602447691,3.7278446523886393,0.1189313392278375,2.4468865888274127
3.575539925742283,0.17146129463312104,3.4122072968301573,3.6908329287514876,0.12715942072229347,2.5886105395299785
4.1459834486235465,0.1298452044509476,2.6168825390205557,3.979800394559401,0.146115540191092,2.8914783551821173
4.03750479852358,0.2094533399420587,4.158261358167428,4.000757468348026,0.20482199780786628,4.1918586303386185
3.919173179049045,0.14245819654132383,2.8007971747466027,3.8833008076935664,0.15108147602846927,3.07324447735443
4.371468247603693,0.19992788680110438,3.985074511769771,4.0884369870781505,0.1446558198909166,2.9221879458977496
3.9787106808358557,0.1632358319368137,3.287265516961059,3.9031532526024426,0.15263953766928146,3.064254974835869
3.5202591266659935,0.2090682453430653,4.220101153576279,3.344563962327503,0.19805539632038385,3.957184093917715
4.1393099872044905,0.10667550075658568,2.1092913532123108,4.304895434139449,0.1217555609349471,2.4786030519194706
3.9008056250877767,0.1386900699215502,2.7400912338441565,3.8983957866645707,0.12198736208184123,2.517264067941267
4.3081505234043656,0.4683335942665675,9.320186874399008,3.697981920285637,0.18023182604236537,3.6096295885708787
3.8253150976062558,0.11930543864512314,2.406340363856569,3.8484483756832617,0.14029081487956427,2.809702856114662
3.9210513468360215,0.14912430156314094,2.981895381483532,3.9138191197084957,0.1448671993218198,2.8967701981375846
3.558446238751693,0.3533765609797329,7.110783714506791,3.5715331261082204,0.33663425741171604,6.810890039532683
3.777280664507178,0.17336912021395198,3.447413200441471,3.836885002884302,0.13789006732747522,2.7919936363423115
3.812476984087036,0.1687249992809008,3.4031120523263647,3.9554143013284655,0.1429198251722971,2.962351735576415
3.7749492572118277,0.1339921397420927,2.634350395689895,3.8854911274264587,0.11553098025064068,2.376927797204268
3.760407844378104,0.10791326884815611,2.1094187611994832,3.815047859331811,0.10179810781986796,2.048422015444989
3.7146518811702243,0.14831219262649561,2.949160784896528,3.7359145243967893,0.14457221186642058,2.9632677179716307
4.390077351540537,0.34131356128845314,6.73235533351258,4.255284413645289,0.30588209149890816,6.2459182833462386
3.8583708955724587,0.1370942865461763,2.758665762725525,3.7671948812465557,0.1049762674589115,2.185488259911216
3.9012672662537753,0.1683876471503205,3.388363211642911,3.9908495218587277,0.15589133832941637,3.094898980496274
4.544872419662184,0.37095210976803283,7.493592615125413,4.6243943116404695,0.368747862587401,7.523873698265401
3.8421626501228534,0.1323610482994359,2.640397543803265,3.696675857982863,0.21594724747277355,4.355564875823873
3.9907737773611234,0.11650070633985536,2.3091582848691203,3.971097473150026,0.1091183796080054,2.207717332502965
5.027292963676466,0.7464915501709584,14.855737091952191,5.435122278617838,0.746305307475468,15.215903664409216
3.9016449116154943,0.23348647044545673,4.579155226812951,4.047222325899803,0.23005863410488914,4.567336708862112
3.8494656000077243,0.14164295264392343,2.845731935187286,3.949115959605822,0.1337271279473033,2.74304452531689
3.7901560462540975,0.10348931986441544,2.0644513585424478,3.885389719495491,0.09913661669289901,2.036575467758068
4.189200473333937,0.19275705522503603,3.905953654630367,3.902860108797905,0.14212760455692314,2.855469019881786
4.090104165557793,0.15414189968191047,3.1210602137392476,4.0062189578510665,0.1427282301421124,2.860775709113751
3.8129340059532852,0.20125863126412502,4.065619666954277,3.963156561293097,0.17118501883932918,3.540356055765204
3.8010196878603173,0.11756158982557281,2.358205311962391,3.571968455332509,0.15668506263998955,3.2212157405759902
3.978635699446282,0.15653071591203266,3.1100895568816838,4.094272678696261,0.1765361081480943,3.557884643278568
3.761579237517796,0.11742397037869134,2.3572987110160613,3.8486302016991942,0.10693521564300862,2.1802282835973665
3.9152102387000087,0.1251225738367298,2.466012120504062,3.8344411544654933,0.11082078464870737,2.288537604462649
3.6656838483875305,0.15024790163573315,3.0233480373687374,3.725679914177622,0.1454162959167125,2.9146540011994815
3.9299475114171902,0.10415196170671064,2.05605303215097,3.964906263997127,0.11156157061466014,2.2883790312978767
3.727888159426491,0.1383133199798696,2.7810170112885717,4.052876116446274,0.17826540600631907,3.6123005369201686
4.101340259293532,0.1876272561817414,3.66152887785054,4.054695443560103,0.16666135609569663,3.4314468011652544
4.006471494762519,0.09782822224866713,1.9762250287560812,3.953352062943359,0.10428872474515141,2.1488398945022116
3.52606030677159,0.1581851324915344,3.1780789287457942,3.8895367819326205,0.1309534207619498,2.6268363069831544
4.046324562880442,0.1123528098955803,2.2197475974074954,4.132451281077773,0.11633359140415414,2.355518807035397
3.924570383525318,0.1092212117465286,2.2386853372989437,4.008490925135271,0.11717843579748924,2.381775339447878
3.7280965761381535,0.1616959655572995,3.199799172064441,3.7702339280365833,0.1357232097543351,2.7608322065090785
4.0642443193175675,0.15112360548521095,3.0242671046816296,4.141839761818966,0.16228392371986944,3.301120596952043
3.756155179663451,0.12454334759608005,2.5256442820775113,3.6251991638992447,0.11354920061195488,2.308007305191975
4.241146789944715,0.11248706734059415,2.2278052292193427,4.1407110754958625,0.1049176554546403,2.1504762045230734
5.874818007279826,0.6174525919893783,12.169231570230712,5.051870153455663,0.6437848506249861,12.924049439443428
3.8678096180829167,0.15539166352179207,3.139062406053206,3.680679665785645,0.16007801836207067,3.2337313217925696
3.801047456535666,0.09919739312737236,1.959836832458549,3.7140375468207925,0.10763986727713619,2.1811722143410806
3.7185852866853857,0.1338699568888047,2.636259359975782,3.504261732587227,0.15596807565561852,3.1823482147404607
4.200284748641325,0.17809286943969455,3.594854505680166,4.186607557514331,0.18346217990026636,3.723338558943844
4.149881438952993,0.11868154682455594,2.3485874490416294,4.209301727272989,0.12443111178267992,2.5562033296685964
4.5928000635521435,0.4191750209484765,8.173354202206129,4.915647093224301,0.426853388658321,8.669589370524353
3.8624198571253245,0.16956253020448991,3.3007283287535665,3.9411221342520957,0.15523347265283968,3.126112910842547
3.978234454271973,0.13144609934568344,2.613781609271746,3.758072982345048,0.11845666675728697,2.4114467831304296
4.033710680415117,0.14834677466002605,2.96164316524523,4.137012709424094,0.12864111740027295,2.6167708577098763
4.09089952329754,0.14200888306887774,2.8306005201048943,3.7327111280602763,0.17261744658941683,3.530091447367086
3.936471398794221,0.08337886753186124,1.6698872441862334,3.9258821732132203,0.10385853950450434,2.1716811242068377
3.9199121218323536,0.1521220430044016,3.0176387612373894,3.999888198445749,0.13046047649431725,2.6190079596763725
4.110345633307938,0.2279173789868802,4.539352497764672,4.269200077410776,0.18685973361247615,3.786452633626405
4.078498422990421,0.1280799425829381,2.5873391378886335,4.072041644692081,0.11552249340494908,2.3980062488424845
3.205644466493688,0.4072187123265706,8.123381475382194,3.513002953295113,0.35278785285901365,7.258237159914937
4.174957534692599,0.130136030943614,2.5773427745983066,4.2213163931401185,0.14593189432965692,2.9319005591493297
4.178285037430479,0.1815095027616911,3.5831601959480377,3.9303181627623744,0.14067492151220945,2.90720682743819
4.2091218517549285,0.1578427452434274,3.090520389052394,3.8714190648074696,0.14540271037171226,2.9486562802206713
3.9879937918210824,0.1436832355739594,2.843345513566156,4.204277454121972,0.1335147400671727,2.715908318763915
4.311396502340053,0.1377984963122827,2.7335031498370026,4.173239812722215,0.12859360380418222,2.5977155930504554
4.202589987337322,0.17977612689697722,3.6033458580222266,4.142145377029481,0.15591068832744287,3.16904923749293
3.73654511223216,0.2489687530087304,5.126101521767047,3.676360140535816,0.27757293366583163,5.672168489113965
3.9399122249969114,0.13180367485496278,2.639724931417031,3.8652715498418657,0.13390789459401317,2.6987614419942543
4.161200285404558,0.16279835852691166,3.270762711511274,4.118211346134385,0.16232981824113712,3.309630591498094
4.048591940650457,0.11158018737720546,2.2080587475255005,3.9852588670554705,0.12151813179977043,2.4982350731045693
3.603077283323151,0.1821275581466009,3.615764673449007,3.7578925721581875,0.0999258549456869,2.0170314006147407
3.7861471933228277,0.13795547250556883,2.751997626476,3.9871876530562544,0.13066000612845502,2.653765040601883
4.045703180760965,0.1472700709673308,2.9378094133720305,3.8238570001147547,0.13436620064829524,2.7561533454990315
3.858843652139912,0.13445167938130376,2.6606623788304398,4.019111599434948,0.11729396670227243,2.354688873366548
4.289413286834888,0.24047346087496652,4.754874250443035,4.126259600103464,0.16291835960970324,3.291108971460084
3.522202357103464,0.2725141477279541,5.556102814066392,3.797564881698682,0.25861231298905013,5.268647568931685
3.858153235376748,0.15040866982320544,2.9571073320167254,3.8371960993417114,0.12361190435388222,2.4893134420737733
3.977755346397177,0.187190196175352,3.833905414224557,3.898295218275673,0.15022278214436627,3.102220283624318
4.102063340941927,0.13302575292984278,2.6515437435552944,3.9705338486329644,0.13803947648751733,2.792858049266428
3.9763841203280474,0.13384394783756878,2.705876029788439,4.043219084435121,0.1521957570724701,3.147630405199311
3.5853037854986045,0.14521371127459803,2.9288992923858026,3.71176389214323,0.16745725678269996,3.321842771355212
4.007406823222372,0.15443026710339658,3.1196412653954493,4.248706098649381,0.14841831279267587,3.0190713786937233
3.680499082546012,0.21633783497582124,4.277641271433173,3.8383975129616204,0.12968744972301968,2.6681821925722558
3.93400731633233,0.11833927872155114,2.338021896072156,3.96952092082036,0.11333154277049008,2.331676695954706
3.862352383872942,0.16075877361810603,3.257552978252704,4.075013916403599,0.1446730864705347,2.9293359892010855
4.506677079553869,0.4327363303245761,8.728109216081933,4.707663763366298,0.4324142471931873,8.605365150677535
3.929382519879675,0.12445382853109174,2.4925243878467875,3.981675656424442,0.12335933073169875,2.5035598779461217
3.9402772301118567,0.1385395464739746,2.7570400211285975,4.037702926017651,0.14672785290345175,2.9823984189338804
4.0266997700391425,0.1597929438058713,3.133871921745527,3.900963511720976,0.12565763653545536,2.5046783246643463
3.8368667774449605,0.24784087968424204,4.892601001608567,3.8568455270084545,0.22385340415117475,4.61587737950602
3.656276083712809,0.1338019998301146,2.6903094924345408,3.74003747600829,0.12481961037918132,2.592899468317694
4.034403517717221,0.22240255927624591,4.48925801916926,3.636311383995219,0.10622809761875977,2.140906589406774
4.08614927976583,0.2912779343955416,5.745410606480621,3.9653261485326468,0.1291250093977819,2.6526306342305195
3.185963946750292,0.3148147673627106,6.239937517065962,3.153588659074311,0.2963752882707834,6.014893856251967
3.869709146565936,0.10969347115080995,2.2003762175999726,3.8513530703408576,0.11424245414009399,2.322098414584838
4.068616030829652,0.2781692199641063,5.57988483412885,3.7816390249259304,0.13652969356458677,2.7365352357653303
3.9754433506613958,0.11089699710475827,2.238486981329893,4.150170455908238,0.1264101865812158,2.5694204143028516
4.12257466012351,0.13366809916471062,2.6537026897258693,3.963682475449156,0.10322871399341803,2.098232525798141
3.9233281842529766,0.13309428679315086,2.6359310017321165,3.833307634067517,0.1344139251397737,2.763353724456033
3.536330741622483,0.17805909294405936,3.5661147341085533,3.6974864241283485,0.17230511743679586,3.472613833609676
3.8053440682471242,0.13807748936319203,2.7257733414222636,3.9601083060945754,0.1548668630434411,3.162283109244921
3.6389363864211273,0.13358204775555607,2.6090093917996313,3.739702541735776,0.15405205418685491,3.1288683350593423
3.8109311655422324,0.17789598908875823,3.565661283876076,4.050102516474926,0.16305710967773454,3.2939118574870636
3.7956805975373653,0.16406155233535796,3.2805812336407407,3.9378130559843614,0.1438975301478623,2.9293516834005495
3.9288784064781335,0.15934051171309122,3.1962619907584804,4.14955664282937,0.15014946737295126,3.030809099821401
3.8620454868537615,0.1255269140455863,2.527878169250964,3.658057142092284,0.15618424973508346,3.1721742109220226
4.355706458025679,0.1258110100618959,2.5375549947058538,4.1060564134288535,0.12803796108808385,2.582471657378607
3.9287790394268445,0.15371518315157,3.0541480824921194,4.017690545460288,0.14943441290585344,3.0397405179115164
3.9705330598893993,0.10654081947200594,2.137136175110299,4.0314821029740555,0.12553935885351755,2.5517199219501148
4.09933046987186,0.18909856008279555,3.808092674822658,3.9987104997694476,0.18249885194612625,3.7208430949940916
3.9970305203811995,0.09825609716418926,1.9569330871804447,4.0676158703944285,0.0913170677936281,1.860381053292074
3.9618036449806495,0.1280861139450845,2.5408390170369475,4.137210067561492,0.13763917148144306,2.8317804624235645
3.880271813529905,0.10593379890205247,2.0929275895780677,3.9912538520591703,0.12278939373409142,2.4862356844146953
3.281696943036516,0.35041495274334866,7.0951906623928345,3.313940056493349,0.3565283271361461,7.263467397628012
4.139365447802848,0.4089413979333557,8.099080243613237,4.31451026716371,0.3849175766707872,7.690725626112239
4.022226194499278,0.2111267917709508,4.198217583499395,3.966124409829912,0.226583126953211,4.60200790521576
3.8146732541867516,0.18642850291863464,3.777714343333307,3.7576707409178303,0.19980059016356888,3.9920533953624657
3.7579276656049956,0.11754083635536415,2.3596448079440053,3.6980649862519126,0.10015676554429735,2.052893196018153
3.756422752704939,0.22834794106088166,4.620007272216577,3.7935715212804975,0.23366799366735505,4.785832828622374
3.759262999170974,0.11252567906312584,2.242924800181358,3.406339553835498,0.12354498449718221,2.52845453634021
3.9552494436418915,0.1220301202518684,2.4323726402795884,4.227362277657173,0.14467428716777625,2.938401557875252
4.078151723022831,0.22092322328149672,4.448982096469282,4.2053736038440706,0.18072980180936882,3.6735239050023267
3.586583792531431,0.18867809371879946,3.796655647958418,3.4064204478511764,0.17408899755713897,3.5222232834253453
4.0485894973515535,0.13322349981753934,2.670267485147533,3.9270037059925373,0.19853575420921082,4.099921695902126
4.138239959030718,0.16155173151020227,3.1813879246097057,4.148054538554387,0.15656483084150086,3.1676688377419575
3.867404821821095,0.12594678039773588,2.5224247852987003,3.9636391503511432,0.09565806321002315,1.9248695956212707
3.60095336620345,0.16946915627856832,3.4314060110099374,3.5365725580580367,0.17503465321604916,3.5495695241328873
3.5388281873802456,0.4944015031519073,9.75992859854104,3.9334760806846103,0.1552354712364854,3.1770276474295396
3.814397352378608,0.15723435523820112,3.1440643327795486,3.6110475704496445,0.13277360342287825,2.725535636041457
3.6660677588081776,0.1935993102343024,3.8589297824092514,3.7549233648484015,0.18721854976603783,3.776119163391737
4.055941649953015,0.1479010277151974,2.936267946605608,4.059371696409611,0.14411247645631667,2.89079798940772
4.042270654141293,0.12830337832565822,2.573678263106232,3.822805988643987,0.12330167444074021,2.5368016161916116
3.844464794249559,0.11519407630844412,2.2832595958646924,2.7300786351470965,0.6498180098180998,13.198103752677017
3.859155269864693,0.17560823885264484,3.5364227401862003,3.605000900728608,0.18553477977025556,3.727557481856878
4.158278532371583,0.1407637101756892,2.8080176107679593,4.031742158154733,0.14683563741428501,3.0277640843389833
4.089691736547571,0.15854444958777136,3.17277212900452,4.178172084368564,0.14730898407450377,3.00795601476194
3.8731605436437704,0.12630975859886456,2.4649234768753137,3.3807378881778014,0.24717026320769298,4.993079188065551
3.734927873084714,0.13835577203604954,2.766567442806771,3.7909061940423268,0.12904715129938285,2.6089008808769525
3.8629493202478917,0.1280880202207269,2.5551572636107,3.7626195795972257,0.14532449626739458,2.9943704459990883
3.8177425672199523,0.13275944960895325,2.6058327200817124,4.088265284988381,0.13591011687665264,2.7262642504536236
4.082493191210586,0.11717397428321662,2.3651895256991575,4.068154224324337,0.12576859311990046,2.575908888145515
4.1396897229297185,0.1160071989827762,2.2676336708212967,4.044535519185282,0.12275407330787062,2.452649487882297
3.7046924250304243,0.13071034577544555,2.5824363116597215,3.596182173818523,0.21715072662129026,4.4138176285577195
4.031726565421934,0.12279761805549823,2.4690482797156497,4.125047259034555,0.12381978410953678,2.497392807322485
3.827819612685723,0.1300655264471337,2.6007953669356536,4.050573634908102,0.17432375212692447,3.5730790895742364
3.7321948798829347,0.15777843668259092,3.1348803675274257,3.507782376071779,0.2569280371066993,5.129394736089069
4.028768364483412,0.17980668315147766,3.514744710054799,3.728705949531011,0.16102994128523546,3.252961088652924
3.808072965303468,0.18030544377202284,3.619650986269991,3.898283002517314,0.14978338182451234,3.042169628847502
4.185821434212535,0.09111335192467512,1.83628606640911,4.261058185917682,0.13134356562915792,2.677873279923002
4.11269609965553,0.18705968783951266,3.677684106143464,3.697119249930089,0.1327481483374171,2.6753880741335476
4.121626648090791,0.13335361764368842,2.6875906199433377,3.795245073378857,0.12618613925383457,2.6019695702086327
4.090002219640925,0.28876750642698296,5.865001358291059,3.967993969088167,0.30672757857531957,6.210610119140473
3.667788495075764,0.2392543778570072,4.810603164918897,3.8146163084019205,0.23071284069513187,4.646126751329994
3.659133375134388,0.15817067622478623,3.1376252516752854,3.7147459604904127,0.15438811380398784,3.1284604168711696
4.103312729061345,0.19838077871391044,4.00748425257102,3.8507829944998297,0.2100590305258996,4.24339627256363
4.0576854118677845,0.12281177815202429,2.4420897138342057,3.8243897794624346,0.12541571476102215,2.5841555924148336
3.9065320578437075,0.09254389526114032,1.8709273892179905,3.90793061009013,0.11216144148427756,2.2675284230792614
3.680218961807769,0.157039130990688,3.1251955130798525,3.9330165771819314,0.18644966795417506,3.7429969410871475
3.658417712569061,0.14810507433923223,3.00345816433892,3.8106149925294863,0.13867387978643916,2.8573363605576003
3.9871942898532318,0.11466376776941793,2.2891846815936923,3.8175659372731703,0.14274920758779652,2.9015282551298975
4.469417447983393,0.2639464911757086,5.286242087584169,4.350526126653216,0.25854580948718897,5.291362717072052
4.276432479643692,0.1973705254340596,4.008686483048196,3.894653150145636,0.14187332039133296,2.8792986357493784
3.8665823938337454,0.31529521291317675,6.284640611008466,4.024409407625231,0.18320448347796592,3.7466003177718368
3.7509967119213155,0.2399617331294016,4.794480590433,4.092336033261034,0.24848007926587165,5.1692939500139765
4.4067533580410005,0.12930091380623437,2.587554068564999,4.436982877829165,0.1168733915093644,2.404546489863311
4.127292850425053,0.1321187695411394,2.648124805057542,3.8308267227618917,0.14847921933481953,2.987757908621646
4.459574280937365,0.36876131136001195,7.402922598666404,4.4511479600811805,0.38147644712666484,7.813147514776988
4.1043544697494285,0.21700369450068224,4.2698934023461,3.7831170243806405,0.13377155306037683,2.7294538403148754
3.934171253514353,0.14780408738835601,2.922525615408928,3.8521075326302014,0.14670981193677363,2.963680578561264
4.379459972296319,0.22198557313548023,4.424740658429848,4.289698940118999,0.21411781192367998,4.3488316026451255
3.779892310398137,0.13144374678289383,2.5757608759815027,3.6972035533517786,0.11714335611108764,2.397439696695674
3.7506269084684174,0.2804639410449145,5.585904405246967,3.5227523822380813,0.25301142564334217,5.122967186900145
4.122369352759732,0.1521470457988859,3.039926610219588,4.204338848188183,0.13722869220526718,2.833881961028396
3.587884814766895,0.23193826413856342,4.641520166879951,3.5992452335234257,0.23549640833821867,4.697787953024042
3.7173586754823815,0.14114030345284456,2.8042993432068024,3.618658542235838,0.13381331373415997,2.711540707072681
4.081258040840507,0.10846848143945535,2.1962663141171053,3.9528557564298334,0.0935668498857662,1.9279186731716345
4.129084251757894,0.16106016372272086,3.194943897294751,4.159355997604145,0.11457556495867587,2.319922344263065
3.220442273511704,0.2935266192211016,5.855400621177885,3.4669801499516444,0.21476564194449757,4.42518575719922
4.153045078944587,0.10473331323977894,2.1402122724053774,4.031837363437369,0.09904298910124476,1.9710291517060234
3.9767756075230025,0.19380992888829504,3.7664174404459083,3.900657312571193,0.18624646270622092,3.6975369749696494
3.970815081466769,0.13257714437019374,2.6468131470438907,3.8997155893190727,0.14202569402484472,2.8690568509454355
3.7553700316017116,0.22276168713590627,4.4684475149155185,3.8462849081300052,0.14188780531795667,2.9104383946690326
3.872351816808211,0.20009066567583753,3.9403231500989944,3.9194486070156516,0.13275982087682103,2.671445920505973
4.006122233526879,0.14930909825104757,2.9450980504781974,4.070823183884508,0.13332902361889848,2.6512232135603435
4.3421477718756485,0.16502868233441334,3.2999200030247255,4.407573272579597,0.18400669302169834,3.7743916261607975
4.087263542360878,0.15170830384190145,3.0407679690950364,3.9989321938016484,0.14847997099059404,2.999439509334298
3.9954716380443216,0.1329915718662711,2.6677202280659142,3.867626709871063,0.11440147969290364,2.3324527865967357
3.794335356823994,0.2995927137736495,6.047362931298275,3.7692587818330683,0.28430637234932676,5.862423035078898
3.9126258050906477,0.11566831127771576,2.322053667586118,3.8913510071393342,0.10534618652896144,2.1214759174569635
3.61977323183264,0.20621545267763944,4.197970478184914,3.888313487437237,0.21073312832680655,4.299765781545225
4.283731030213718,0.3123272180463075,6.24035659877254,4.134379054717029,0.27416055817926593,5.602437019073644
3.902966863805665,0.20226673770455747,4.028477446938119,4.001301766707513,0.19253976704416267,3.9345262706486985
3.900556111551919,0.12418621198149739,2.520341314004042,3.99578675405989,0.13571738775784065,2.745876820672919
3.8801066866170957,0.12729454880163082,2.5352819983410404,3.906135277758116,0.11832964318408354,2.418051589298307
4.263184923551032,0.27293469890944316,5.492100570417831,4.567590404399494,0.2762329824423992,5.501637849595796
3.825434429098852,0.19960061941818052,3.984891559882768,3.826963669528723,0.1816691067448048,3.746033363031206
3.8715980384566033,0.1543069525253097,3.090413906291075,4.020790898919214,0.15583525039415264,3.1602202502263292
3.798222918767847,0.12042107068322261,2.3926314536942077,4.038246596739168,0.1163313778710775,2.379020256625074
3.8627318063239415,0.152089643505899,3.033952407527143,4.085187625685475,0.15515990874461777,3.1489480357482917
3.841062278169668,0.12417749211067972,2.4453886703423224,3.767706844363834,0.1225981282715904,2.495755368873335
3.902374165259876,0.09735133983505101,1.8950550268868296,3.950642096340724,0.09526824118147412,1.9482712208132358
3.872667666246516,0.11804685323152096,2.3642073856701726,3.9288760791294473,0.11773588474232739,2.40043566907385
3.9302644018665247,0.15117679412186488,2.977077514456324,3.994621654951248,0.16631211735999527,3.406294454653679
3.780354115988273,0.10528475780582365,2.1400237855626534,4.022555639869562,0.13785352342959695,2.8020183093078073
3.763315026708072,0.4467443898239999,8.933118336556422,4.426940760721103,0.27073340800296863,5.502942161308217
4.099124323574997,0.16810139404519256,3.315773075347003,3.928364705191834,0.15334703492803226,3.0905352246978133
4.167795038290734,0.29113103508320376,5.8811294425513365,4.106818218570505,0.2815902259880512,5.771698555305417
4.079759428194098,0.14994914408465643,3.0244109743391223,4.023580287147988,0.15916039171097449,3.2794551872113273
4.063981772578419,0.1365601737572038,2.700200061460298,4.1048706806065995,0.1345374460098587,2.734615537046175
3.7018646769376358,0.11610150869138713,2.339893969385767,3.9325470194021013,0.12211167714774715,2.4648584425183007
4.112634372677716,0.12336887136255398,2.486359405358728,4.210646322505084,0.1287336097719425,2.7015539804412043
3.7289032693538138,0.18197945675564997,3.598274129247704,3.7490926776842834,0.17333184481370473,3.4769185903183892
3.756961260685752,0.26899808912550105,5.344689973056198,3.87826685557359,0.1607608216084536,3.237423420345348
3.5440430109361576,0.16453399685179743,3.3159957293562528,3.7432291866918783,0.14085178967052306,2.791820644481896
3.8923248191268014,0.20845922177234366,4.111824763777408,4.020952566636417,0.2055030616429661,4.157802495798029
3.943461640023669,0.12034165841689852,2.3308060979026988,3.93014436074237,0.09869883573601629,2.023010300265409
3.8038140812835697,0.12369844119888763,2.4910561328981933,3.81783182195669,0.12881348891693103,2.585944508656013
3.773808559013211,0.2200144738395523,4.357384425709999,1.2736221312494596,6.8629756199736835,139.0686565178113
3.807476392705016,0.10012586735712929,2.0037066082671986,3.9865805337803057,0.10115962374827213,2.065615350050706
3.9947394551239346,0.10858941585613742,2.1816572074855,3.842274992163651,0.15239545579143599,3.0999729761488943
4.001520332166919,0.1433941561101699,2.849080864657435,3.8858629355823253,0.13029129737542483,2.6238239725953227
3.806065043537925,0.15095157670201548,3.0398835043491976,3.724923313916761,0.15717224934518473,3.192240939090069
3.6578720686264603,0.10248924900432688,2.0927654543804355,3.775345763177234,0.10238101206328813,2.0873757710357936
3.41989294833769,0.23548191982008884,4.7087057023840355,3.290407641335738,0.2715957506049391,5.528930680196484
4.270938370279983,0.14024751311829053,2.8021717076844745,4.269185972310585,0.12483417595441046,2.5432171811929267
3.698408506286699,0.17986525935542527,3.547813434555396,3.734387868635254,0.13307737977008818,2.7028630151874014
4.284967110324923,0.1620935223424767,3.236087698410071,4.456659867618654,0.15155123630391892,3.1319782101404043
4.306279743296198,0.17916241262587115,3.513747484635637,4.400990148390498,0.1865279369158031,3.7120446848873367
4.339990294526794,0.135880436753385,2.706284192612353,4.060665981761937,0.13303617582794974,2.6874598593124395
3.919641699619044,0.0993795075637226,1.9490388056759995,4.0859111883997805,0.14412562694615255,2.8705008261242657
3.629536551304681,0.19829017301520793,3.9775656318377495,3.763011680891997,0.15126722106605367,3.0887807033672465
4.394644915455646,0.1870878390059812,3.717225280174776,4.183159226886862,0.18071581349046037,3.661954636775768
3.8898337220593424,0.14083852615431317,2.829570297009993,4.0412671959321464,0.1355091807582597,2.74378552187156
3.9019320457081603,0.15195974598869777,3.02411197347235,3.891470140316042,0.13641882635697555,2.751510174059859
4.147805895863027,0.12939392104130687,2.5894153179748716,3.9786834590722995,0.14433207601834833,2.883782043171464
3.7807788235087654,0.22018235371919626,4.318233831543425,3.5561796063072397,0.21004145210853595,4.285652928199184
3.8860095721743715,0.1245268656260539,2.472222469833957,3.720754463701333,0.14693227929095182,3.002542912311415
3.8013993461645117,0.1256649271965719,2.520752732946286,3.734350802283925,0.11592382331040259,2.3051239934351675
4.056753116762264,0.2095363794529884,4.213073880573387,4.009845104418311,0.22136901504847661,4.516778750248023
3.9046485615438185,0.11088749993055635,2.229575746508144,3.931063061460278,0.12017348301980486,2.4482659848804507
3.9524776919084563,0.21615392194717953,4.369907833647015,4.0596924530906024,0.16713335542834432,3.4023681683300664
3.956935269739602,0.28085073944302524,5.571224660984426,3.9728238383571783,0.15759791051969366,3.23268802888505
3.9220927925837117,0.1332291846334634,2.640733135001365,3.7728338309911593,0.14483681841194607,2.9574759600599307
3.5638516319094258,0.1415663944164489,2.833009365991794,3.8079707541467633,0.1492663189585501,3.0035962403168797
3.926568388004908,0.12163602691729504,2.395340387965731,4.035468944790169,0.10745049579064707,2.20239132642354
3.798078770824912,0.12756237787800884,2.5284114660671264,3.8902918403754234,0.13128525537061508,2.690927627536458
3.8907850304730776,0.1211012081825296,2.4177038317057105,3.7617460926191377,0.143880742786556,2.8997528641243426
3.7817548352250725,0.2365272258082956,4.7145930164608005,3.977808668707506,0.11267867617323299,2.318244655825557
4.063031009621851,0.1445740883572574,2.9250683692677923,3.902973655830097,0.13537552717576756,2.7935348746170923
4.040319676405483,0.13192179504529428,2.619033445772126,3.9012785583622422,0.12246742856826795,2.494999995714975
4.135825486826622,0.1385259256840023,2.789654044109623,4.133019388534081,0.13550517860915265,2.75005811402821
3.747225370271501,0.20172000789247138,4.00473210033572,4.0246862630280615,0.18757158066186708,3.7891279619197236
3.7619224349893257,0.15609870709093634,3.155792672156761,3.6304263302968303,0.15658976481207937,3.2432991352398455
3.8116347744442294,0.1224239199492839,2.442167251543552,3.627799599018509,0.13140489783683887,2.656566613568589
3.88371053996366,0.13448513966574674,2.7082801424262497,3.902211407656556,0.13130229778638428,2.6586046911274686
4.310873339534329,0.20238738965889735,4.001799550778001,4.195600798518859,0.1724992044428466,3.535681700530184
4.176628436581034,0.09849299931917897,1.983465495794661,4.06863945343564,0.08810450485284788,1.8140133287524582
4.0477247459655805,0.23829623138776063,4.753640078691483,4.004008659945326,0.21799881306859092,4.393518342542364
3.9094820445974574,0.1964191951219225,3.9616922985716876,3.975811012971111,0.17667121529985447,3.5855169089292107
4.056798128562229,0.1407934501739891,2.790664298430538,4.0066085230356725,0.12177802515018367,2.4922921911456215
3.596550649440444,0.25456862746538117,5.134541816351247,3.527890340137908,0.2661995597205725,5.327153022579545
4.0152384758037245,0.1735102710817345,3.577797435938312,4.147067358625838,0.18026034572860106,3.6244310237434836
4.056482710820727,0.14354085700277627,2.858854163132254,3.6683578564455357,0.11153560774618167,2.2531275184092183
4.051287717942462,0.2756543818180056,5.555500810632978,4.028607425491857,0.26339640699923705,5.374299080498261
3.747190567586599,0.187511767415967,3.758395300372402,3.736356112709131,0.1750879276904556,3.567024995498433
4.046759867496237,0.148903416895346,2.9986373819396497,4.105775150433152,0.10770187053788625,2.1857939748785666
4.059374140894305,0.1223419389736191,2.428845285818829,3.923202501085283,0.11687514696034818,2.3919505653753275
4.006039706696704,0.31490446026128643,6.266832986459672,3.814905223256651,0.29701890684781423,5.9860785338641405
3.763170566906538,0.2111582269153027,4.2256726041739565,3.964630438138673,0.1290171700527994,2.6324461532432974
3.5779317235027204,0.14671482209391667,2.9406810327243265,3.4948873679249335,0.20543307115429676,4.172440508511693
4.377527576828921,0.14670449874714647,2.954355267422083,4.474171070991285,0.15746555573093207,3.2445335676647016
3.5008261997327113,0.21991792474732957,4.435651761267823,3.563358332175758,0.2230184501535837,4.515670386446042
3.8933652964036476,0.14134346382516674,2.774321706591846,3.90385276036295,0.14125527037896102,2.9386259724919612
3.911867396605817,0.15292596080924262,3.026249672328225,3.8613658768104715,0.12360548197713733,2.44404734446883
4.312806841751393,0.2852545340438731,5.85121283872339,4.357542675039528,0.29087847326204463,5.97555154196455
3.9324975554465507,0.12858864098044728,2.5590096002821068,4.088737994316196,0.12979891609472785,2.656446633972764
3.934171365416377,0.1647376866011002,3.2255215689567693,4.1295053561310215,0.15911914555913564,3.211864569046824
4.266081211596227,0.21318030000545193,4.282980383806245,4.1207146196065905,0.19647943770707796,3.9629073660986083
4.070208457899646,0.12573916066463087,2.5262107173556987,3.9366057656387414,0.12247406825624338,2.502742401869031
3.8330021748828327,0.17957670891718117,3.579423446441415,3.562152389521992,0.1744525775495906,3.6079339393082734
3.87719869964589,0.11514935928317478,2.3061772357331853,3.993769103978687,0.13357799691244676,2.713030780446888
3.701932681154693,0.13635903446425968,2.7158162595567017,3.8215444641874203,0.12414457983418789,2.5407257714372125
4.066721140205323,0.12043993936410208,2.417844609599161,3.969407094621916,0.13305526103144455,2.7313174166779643
3.9417280913690877,0.14421107456866392,2.885934381650787,3.857422596658905,0.12857637383481932,2.6512564228071738
4.042454039972382,0.16532297228234294,3.3962497494750936,3.9693199426572248,0.19452703304509816,3.920471289607777
3.6732594645529604,0.18051057627856665,3.5894197462273807,3.566769313990489,0.1648788246570752,3.335880172211035
3.958080089865276,0.11197650796777041,2.239086644119976,4.13484872406038,0.11053243862971983,2.2380572527437135
4.065088328855857,0.26277666045047116,5.237811435935048,4.046700380732703,0.15674634328625595,3.1615076145738983
3.806254961923188,0.19083191633776844,3.8309710440976477,3.6982948145009122,0.17371267923288503,3.503711452712111
3.8255992790388387,0.14164084640288455,2.834499290035974,3.7522255906383477,0.12750573458545397,2.563712713790701
3.7066243647351036,0.22561449052506172,4.479107461607061,4.085296303985628,0.12728435102350436,2.522900701071228
3.934122889717912,0.11272101875093515,2.2486094275383537,3.780867572590328,0.1403125549962596,2.847623126496731
3.651433810894643,0.23908548575508243,4.750360132938656,3.7469633154269024,0.2993819425902474,6.080585456672922
3.9770188316567046,0.11981025294991772,2.4014188433544463,4.0213711177598,0.1226529392663211,2.494961514411468
3.734245857008788,0.15883190265352795,3.1659263599887923,3.676220296269052,0.15390751635617886,3.07754073204341
3.8494715455146276,0.16277784906572898,3.236807713600565,3.882007424608501,0.13555511320763192,2.803477600951836
3.9690872883202575,0.18417696433332056,3.7320900451431234,3.944614273978737,0.11609334770429888,2.3597197791060776
3.934466556693703,0.10181707589108109,2.032709154675883,3.9818182859409643,0.1392839557286359,2.828921438025995
3.918350697789988,0.13573407956621572,2.6400087599429347,3.991738757878552,0.1188831549103261,2.420128890375577
3.91577932787929,0.15386724934178592,3.06941288584179,3.8848026196542844,0.1254011373263075,2.5625566954509327
4.049693969750098,0.5592228265510132,11.244095608185777,3.7083478990194587,0.5441521177465405,11.19535462932376
4.506283441601776,0.2724205892044343,5.486043097134419,4.2710337237300235,0.3578943499437488,7.268999460905563
3.8408810635831476,0.11327645314047537,2.2578896491957403,3.9472186184069753,0.11107094925765777,2.2332642972525893
3.858645699591116,0.15897685916761597,3.163757745091075,3.880011712579731,0.14274053279583968,2.887971297192575
3.866557847347875,0.10583492301268624,2.1112425019415277,3.838106634165345,0.09944061840613205,2.030514351352059
4.074927532885418,0.21039054428799772,4.236873565849904,3.9172815989935525,0.12356433564184022,2.4941807615372174
4.089834209345032,0.13622906178859417,2.6849073451281082,4.038468878904646,0.1334774066169727,2.7005568186078297
4.083074744008698,0.17722643867169324,3.5297583739790106,4.242764554347315,0.17348819574905974,3.5209179848687375
3.852527073879697,0.13872417432824952,2.791463012959403,4.034713461816311,0.12211241599527604,2.4820636926797155
3.5094125533373433,0.2544445335522458,5.140026508485035,3.7945879672089116,0.24223348105672657,4.904735712495136
4.043505513114389,0.1457543323742684,2.9237324993351153,4.125939794955229,0.18034754555752064,3.6090930181854106
4.464729974342288,0.5060389498678771,10.277884672850966,4.414445868726019,0.5034707291541393,10.296165017514886
3.5896848618707438,0.1690238507576863,3.3529192321275865,3.788316750772211,0.16531345026734634,3.3781598625247256
3.694311681099113,0.1661788976996788,3.3855234317873766,3.65832124160886,0.16713716991681238,3.4102406666603016
3.9636150079945858,0.14931628496500127,2.9667469150463535,3.900437754048279,0.14478679213205173,2.9180132590441605
3.850617310930379,0.2985546439055211,5.969910366389131,3.731037339854219,0.32071535500786197,6.478761415717785
3.8459021879107285,0.21508765199110064,4.276978563489355,3.5997315439702566,0.18944686039764588,3.8091410254467455
3.9720775031277626,0.26440969306704426,5.308052747977966,4.094213322598986,0.2619655462156255,5.304269931480613
3.7907253067488673,0.1318185758293065,2.6731803724646914,3.4885477472861037,0.18040118044907377,3.6301043070274432
3.744158102956033,0.12669020028814165,2.5192114276228845,3.726403350912785,0.1247017787142117,2.4677217326322127
4.018799419878665,0.22757355193588227,4.521630934697921,3.984717555970259,0.22605520549018016,4.534513246840529
3.9086984712796533,0.11585013743847371,2.3366483962709594,3.8023472426668072,0.11179558732414999,2.2723632649264087
3.8757242655430226,0.12145879950501688,2.424842900948183,3.8948283618012183,0.1169512171424669,2.3514967640964777
3.6979337893354316,0.35820747784731277,7.252973459391805,4.01759360354059,0.08980903560916709,1.8310544228140875
3.600875293674186,0.14105138333031123,2.822703027141872,3.6730500003811364,0.12816124172192175,2.5768927639681043
4.141563132646714,0.11121973990885,2.2710365407847983,4.4200199462147065,0.18143216470589102,3.6707925478151266
3.8187207350000567,0.24882681094447442,4.9716065136489505,3.641204326710105,0.2533597985363208,5.137943847124511
3.9013452823491357,0.12846445489610822,2.5951066597722487,3.847713787049444,0.19027197407882432,3.897024344761347
3.987559695718848,0.17666451499857408,3.4561859061886517,3.9089850621064963,0.15359587510227188,3.1219982163932083
3.933198299500441,0.0856843261963025,1.7241740924070494,3.8705377621158834,0.10742698144841838,2.176858379084941
3.742994464704671,0.39903449141899444,8.02324540318039,3.5706094001068225,0.4070324312699654,8.361716303817637
3.8296112552744863,0.11523957511955245,2.30433506283763,3.8708385189029815,0.12016158990839478,2.4008511816369262
3.609378087390936,0.1953080913202233,3.926990722823331,3.479662806079146,0.2251209309521852,4.476488477893195
4.804272875282373,0.4320291610280225,8.645714716541177,4.29959210307406,0.48525882950355587,9.855830835595516
4.005601399357328,0.15933532836940292,3.173427248202245,3.9024728370709,0.12885811289331833,2.6131444377407376
4.178630309592637,0.14261002363131434,2.842582790170802,4.075108932751915,0.14594705996705046,2.9914477045756636
4.299481748942428,0.3005212148643562,6.1271195698116845,3.64270827800295,0.1632962169688163,3.2600986843458215
3.910898783627428,0.14830854782691857,2.949088308724536,3.9697576550373475,0.12456887261902483,2.5819847985183095
4.058879786739724,0.1572680212629709,3.1720296392741987,3.9285795211766894,0.11463616947626588,2.38135707988529
4.287281404087313,0.22338815694691966,4.512657561782577,4.236689198348267,0.23498751912663213,4.761695275193112
4.102105333771041,0.17446338469280434,3.5243296822366412,4.1796155787511715,0.19388410478043158,3.925759100902476
3.9883209816067673,0.12862548020548964,2.604404575075905,4.073612240231904,0.1263237132260395,2.5676627521231463
4.013169226561057,0.1330017414531901,2.612734463089471,3.8108525494502867,0.17836637231896227,3.619919876865924
4.104493293393221,0.10128920295533113,2.004410602568089,3.9838113762410274,0.11589412937196045,2.3155865169524956
4.042237590870845,0.1342700146627337,2.6419764468089193,3.961479798772388,0.1457920547844875,2.963377334830123
3.8908681878845686,0.20942545383309435,4.174385332329092,4.1188610795715395,0.18951860350850258,3.878661482796692
3.7047705461739824,0.1265014201144962,2.497251363639514,3.995748990851365,0.10040906757166332,2.067356115408847
4.160884732582055,0.11992012103336362,2.3979274424626613,4.076957166646453,0.11861448490173095,2.4348816121282075
4.114584284406437,0.22113198978831558,4.407726557521349,3.8020264239437758,0.1939108555040443,3.898896996390179
3.295941286381345,0.4207773138280971,8.353660270917079,3.5439194731333,0.3818143186972654,7.796406197919403
4.173074324599908,0.2114432208815268,4.304393233132475,3.8760367729626046,0.19393435165393882,3.9024241607902
3.873380708367816,0.12507535660411562,2.526643585256535,3.8555924683646965,0.11552752122916563,2.328325904366688
4.037360569507595,0.15659080904375797,3.1411048305775084,3.8879256940862166,0.12157408828451441,2.5068686633310366
3.9934137051165126,0.10772938815091015,2.095321450078071,3.9574115510512375,0.09850744230408183,1.9914903228188012
3.8806053224502666,0.10485950120598557,2.108372907913155,4.045171403894542,0.11161739045019771,2.2964098239009436
4.194792706876089,0.1881014185276046,3.770213982460348,4.06707433683131,0.16055951650858558,3.205462307977405
3.757277838726959,0.13001470665098097,2.610059082596867,3.821848296698778,0.12530820770208903,2.5274136832351797
3.6519570424647947,0.10858395248223751,2.1935012175853212,3.6314704122949752,0.10418325676231743,2.117634614688814
3.625471538331468,0.21782646404909514,4.3625638549573535,3.8386124902886993,0.2339160104270068,4.743638625624578
4.113391276416867,0.11258497398840532,2.240524723545751,4.661677741855012,0.16699530935522514,3.3418897008023216
3.797861101738196,0.1488944156686952,2.9820132224835785,4.187129307746897,0.16049130533043743,3.2319958646642815
4.196510022280538,0.17375117731037934,3.463305690708467,4.190288152590666,0.1635005552488845,3.3028698883748167
4.78994652851612,0.4682005835363178,9.5020635149351,3.7683957349438955,0.16541799409216232,3.3050826548062555
3.7691454378011393,0.12222135782556212,2.468990040210197,3.9239262475530072,0.13499229599390303,2.707853389522418
3.8819852126361165,0.09792597495629875,1.965874376373193,3.842713580749861,0.12857062687462503,2.5972514367749846
3.975055038578499,0.11284063210156725,2.2670678940547035,4.170698321218116,0.12973557881396608,2.6531411872852884
4.000150801710451,0.11760122695989392,2.360857155761545,3.9722889488340707,0.20110934109853762,4.10340353256456
4.071448211630952,0.11803846387705683,2.3807860173070003,4.30763923253753,0.12357346257091285,2.51753296520834
3.9780935584534354,0.1520941397259319,3.0388695369246665,3.920060903892854,0.16081065241931405,3.2460081093066457
3.569937176805025,0.1373555047005764,2.729099641948532,3.8186775928044643,0.1063643779275455,2.1685898675235484
3.761415632813908,0.15361810022979835,3.039946409517766,3.8705200711486256,0.1509223719714161,3.0345427605787805
3.7418990819799243,0.13038195229782085,2.56337236115266,3.833935786214561,0.11888996846010505,2.3979605055069273
3.994195979596922,0.09714763759942932,1.9517817835927278,3.909852273782749,0.09556417794747883,1.9866282905261896
4.355855520389137,0.27673528412772685,5.4763106177756065,4.170305516642344,0.26253286345315147,5.348520017512415
3.782153811771314,0.14295220046477883,2.925639929585559,3.6641231929570752,0.13578290855070907,2.759930877243497
3.828435620165429,0.13720250675724924,2.7456797800288975,3.994153663085931,0.1415984934691481,2.8626469520856177
3.6472976152192604,0.12219323412470677,2.4433807009699335,3.7884315269758675,0.12919186991595882,2.58945944262438
3.4958830881475946,0.16370961366289585,3.2265152414665974,3.635076950008721,0.1481333481940937,3.0293824631390494
4.090399386510693,0.15585114303644587,3.0741388361322786,3.9852194214794334,0.17994018148167612,3.6658788158965203
3.9097940289080166,0.12583686328545224,2.467922570159944,3.9539019455411943,0.1339761099191669,2.73362758645906
3.9062370251804377,0.0964254712904305,1.946375175049412,3.9893352861770124,0.10900602412409266,2.210559189671911
3.9978631258890234,0.2351175039972816,4.712581691464697,4.102806026335267,0.18641407673669988,3.7890627902282477
