m_obs1,sigma_hat_obs1,m_obs2,sigma_hat_obs2,m_ipw1,sigma_hat_ipw1,m_ipw2,sigma_hat_ipw2,m_full,sigma_hat_full,m_var_oracle,m_var_mcar
0.0,1.2487893989246552,0.0,1.2742489117367175,0.0,1.2813962481286745,0.0,1.3142760821448922,0.0,1.1837903524187925,9.526315789473696,13.609022556390997
0.0,1.3654839440317272,0.0,1.3985986312856462,0.0,1.377472907703,0.0,1.4477191115514378,0.0,1.3003445109858704,9.526315789473696,13.609022556390997
0.0,1.419774857215488,0.0,1.326292632945992,0.0041481253271761,1.447157484328537,0.0,1.335927706901181,0.0,1.2451433659326483,9.526315789473696,13.609022556390997
0.0,1.3520210399897363,0.0,1.3616127985766289,0.0,1.3420196316033146,0.0,1.3796963949174346,0.0,1.2610905451419825,9.526315789473696,13.609022556390997
0.0721013469540325,1.336872962284579,0.0405051044161575,1.2891032484450138,0.0742749729757686,1.374075562194922,0.0602538091467779,1.289926845259913,0.0,1.2037375694109589,9.526315789473696,13.609022556390997
0.0,1.2982903679545337,0.0,1.2927011290049764,0.0,1.3199527232301858,0.0,1.2942776001403118,0.0,1.2078120772191718,9.526315789473696,13.609022556390997
0.0,1.4364090589780367,0.0,1.384867978862525,0.0314048004133009,1.4715180682666202,0.0,1.4096918962613738,0.0108166962126782,1.2767014454968209,9.526315789473696,13.609022556390997
0.0572299684978499,1.3329445287048642,0.133146473607176,1.3330691875021257,0.0628195129623219,1.3475954069429574,0.1267062225307146,1.3210774711565818,0.0406006932983577,1.241020855946953,9.526315789473696,13.609022556390997
0.0370555661699887,1.3829294185885028,0.0,1.399701796278762,0.0639482242423261,1.4164577196385446,0.0,1.4489386364718664,0.0410975667698537,1.286850131637263,9.526315789473696,13.609022556390997
0.0,1.2855934712408792,0.0,1.248033743081524,0.0,1.3144372421167032,0.0,1.2489904637936708,0.0,1.2092587095790237,9.526315789473696,13.609022556390997
0.0848453581351632,1.2887125528482737,0.0046743171287756,1.266541391180202,0.1146602185960222,1.2922797918894908,0.0034009513362896,1.286277105760305,0.0173935055465438,1.2158535205076018,9.526315789473696,13.609022556390997
0.0698856662271895,1.2907879187314546,0.1747519641916989,1.3381786349510345,0.0800243456497541,1.308077335441236,0.1674779129699835,1.3727479344544415,0.0039907864325263,1.1829956977842593,9.526315789473696,13.609022556390997
0.0,1.3584711061716286,0.0,1.3273713342661135,0.0,1.35383033561649,0.0,1.345086360193156,0.0,1.213889208743522,9.526315789473696,13.609022556390997
0.0,1.3036448973589267,0.0,1.3464187381022454,0.0,1.3316945088378875,0.0,1.378907825877067,0.0,1.2741860106977576,9.526315789473696,13.609022556390997
0.0,1.3526927593442046,0.0,1.2917511517933455,0.0,1.4191458800243688,0.016463777455298,1.3102673172976589,0.0,1.2070166191830043,9.526315789473696,13.609022556390997
0.0974230605970119,1.2747488556653588,0.0902453913889862,1.3569646549248968,0.1402018417544536,1.3049435940998535,0.0934398394134115,1.3551659217547176,0.1035314652767628,1.221775813474486,9.526315789473696,13.609022556390997
0.0062012679143688,1.341133940851519,0.0,1.2332828184572049,0.0151319839888691,1.3757591732806955,0.0,1.2580395573094885,0.0,1.1746639489741963,9.526315789473696,13.609022556390997
0.0,1.2078773563249008,0.0,1.1886512809763703,0.0,1.2503376688409469,0.0,1.215620774024491,0.0,1.1504288102258085,9.526315789473696,13.609022556390997
0.0,1.323643517934761,0.0,1.304760493174511,0.0,1.3507947726940497,0.0,1.319686274330787,0.0,1.2031223751537043,9.526315789473696,13.609022556390997
0.0,1.3674679421849796,0.0418729574825003,1.3215832638891254,0.0,1.3929647550111877,0.0670372488054033,1.3528574332256282,0.0060553283559405,1.239655351718537,9.526315789473696,13.609022556390997
0.0,1.2726232716724155,0.0,1.3487965852210635,0.0,1.3344051412463278,0.0,1.369753520172747,0.0,1.2646385084994778,9.526315789473696,13.609022556390997
0.038639625089794,1.184334855649818,0.0160931850000021,1.1429759405765203,0.0476260377760562,1.242360995703218,0.0477932997748397,1.198544864231168,0.022547263692553,1.1207345031906264,9.526315789473696,13.609022556390997
0.0,1.3193244015192005,0.0,1.3263951685068442,0.0,1.408179670909956,0.0136153679095444,1.3764125702528227,0.0377999655774176,1.2245346273385571,9.526315789473696,13.609022556390997
0.0,1.313464624549602,0.0919889906955179,1.2779320864646335,0.0,1.3436102783196424,0.1262787190601328,1.2941806117195451,0.0411836197987155,1.2051105368437127,9.526315789473696,13.609022556390997
0.1944811055036887,1.3146367873040077,0.0,1.343193220535118,0.1927086674434037,1.3498157280645162,0.0,1.3892617123539348,0.0927972913960588,1.2439138689384328,9.526315789473696,13.609022556390997
0.0,1.23854400073585,0.0,1.2729553976185322,0.0,1.2627082938320475,0.0,1.2854891201885037,0.0,1.1584225153327046,9.526315789473696,13.609022556390997
0.0,1.2769179177639618,0.0,1.2150473313949146,0.0,1.298322999158373,0.0,1.234707834723496,0.0,1.1873361688580533,9.526315789473696,13.609022556390997
0.0818926677654005,1.446703937096865,0.1120970261266398,1.3921653656582265,0.0437238409548651,1.4409983242236153,0.1109072136631068,1.3620235903938,0.1058846336983639,1.293741061712189,9.526315789473696,13.609022556390997
0.0,1.3921638549003252,0.0,1.3297141277306688,0.0,1.418638228774409,0.0,1.3290820974619564,0.0,1.2248999253781698,9.526315789473696,13.609022556390997
0.0,1.304669781343956,0.0,1.3158049242570444,0.0,1.312020735661605,0.0,1.359454270356867,0.0,1.2321375540741493,9.526315789473696,13.609022556390997
0.278064875888812,1.327063055557469,0.0755285840675456,1.3044963179051072,0.2586489568811138,1.4223857971786429,0.0475717746964131,1.366205401052342,0.1872224772143309,1.2197114595644645,9.526315789473696,13.609022556390997
0.0104448742371156,1.3645464393977111,0.0,1.2954299348905138,0.0051103944711705,1.3813993698050573,0.0,1.3218421610321682,0.0584151362720698,1.2092162560315376,9.526315789473696,13.609022556390997
0.0,1.289586753492108,0.0,1.29689567917176,0.0,1.347456364545679,0.0,1.3371263005682,0.0,1.2069751353051594,9.526315789473696,13.609022556390997
0.0,1.4448835733947814,0.0,1.3916157657874912,0.0,1.4972452181098317,0.0,1.4429745249689518,0.0,1.3314437093950002,9.526315789473696,13.609022556390997
0.0,1.2831871858279165,0.0,1.310894906297548,0.0,1.3224139446263792,0.0,1.3300823329689606,0.0,1.193250080282194,9.526315789473696,13.609022556390997
0.0932374858366479,1.2901876932860672,0.0217084106158419,1.3708792623544737,0.1098769684425737,1.330852185924159,0.0436999161461623,1.3985637497499563,0.0679811267686801,1.2325080318608608,9.526315789473696,13.609022556390997
0.0327351795734791,1.3601381043035516,0.05880207555267,1.2612565213145166,0.0623642980798969,1.427475157287002,0.0788874701462945,1.294071724256387,0.0634473289905236,1.210302281293229,9.526315789473696,13.609022556390997
0.0,1.4096116792064823,0.0,1.406329468089371,0.0,1.4490210987390222,0.0,1.4516004412730914,0.0,1.3182002399337842,9.526315789473696,13.609022556390997
0.0,1.419845431472734,0.0,1.3632414784219995,0.0,1.474629588349925,0.0,1.4093413329614115,0.0,1.2865597068747556,9.526315789473696,13.609022556390997
0.0388037806234209,1.4161301287238943,0.0614304773514654,1.3065255949774457,0.0559335460775225,1.4610169530278454,0.1103544291827572,1.3816946743230374,0.0955548246604329,1.2470418341188592,9.526315789473696,13.609022556390997
0.0,1.3741494626423372,0.0,1.35894334531505,0.0,1.4383123362012642,0.0,1.3911542087993465,0.0,1.27994993129399,9.526315789473696,13.609022556390997
0.0,1.3455768255834022,0.1489642079280464,1.281006465863147,0.005665147866287,1.4247945277950185,0.1327689810000125,1.3259451118639844,0.0862643949907034,1.2423501537974588,9.526315789473696,13.609022556390997
0.0,1.3100752023642388,0.0,1.3003341635259438,0.0,1.3452571566577338,0.0,1.320894183423029,0.0,1.1947913604561564,9.526315789473696,13.609022556390997
0.0,1.3656096722003446,0.0,1.361486119474576,0.0,1.414498778077896,0.0,1.4117646363670568,0.0,1.2718932172666146,9.526315789473696,13.609022556390997
0.0,1.347052827554866,0.0,1.371565443696289,0.0,1.4160511415220856,0.0,1.3984398341942337,0.0,1.271712482035681,9.526315789473696,13.609022556390997
0.0,1.4274338765799754,0.0,1.3877497393359317,0.0,1.4664006686517597,0.0,1.4418808881255984,0.0,1.3036756982120703,9.526315789473696,13.609022556390997
0.0,1.2890026164967412,0.0,1.2710004180276258,0.0,1.3420509551732456,0.0,1.2955674077006676,0.0,1.172835172297033,9.526315789473696,13.609022556390997
0.0,1.3871012801930982,0.0,1.4164272018992623,0.0,1.3908738555026303,0.0,1.4823034706202165,0.0,1.2845877896070572,9.526315789473696,13.609022556390997
0.0,1.3460044464334726,0.0,1.2938357111451737,0.0,1.3706324461415165,0.0,1.303102000979099,0.0,1.1929328472222536,9.526315789473696,13.609022556390997
0.0985218037289573,1.342198734743579,0.17072116884237,1.3512914665663096,0.1072521745501515,1.393461541550039,0.1424483886310935,1.363910153430536,0.1457191076070779,1.263007388088702,9.526315789473696,13.609022556390997
0.0,1.3626703631088517,0.1657185475611015,1.3599020750903268,0.0,1.4319254005517,0.1741958087805911,1.4220941083097396,0.0406236160601035,1.26801196606573,9.526315789473696,13.609022556390997
0.1326655968347901,1.2817324748100003,0.1674745637032643,1.2289696837916702,0.079368233271797,1.3333926299271577,0.140330064677581,1.2722318288979413,0.1718006638158812,1.221008026640252,9.526315789473696,13.609022556390997
0.0,1.411780228065597,0.0,1.3611698563639107,0.0,1.418391418668399,0.0,1.3692589162254811,0.0,1.2794403752204644,9.526315789473696,13.609022556390997
0.0,1.3545052945179537,0.0,1.272977922306582,0.0,1.383844046961216,0.0,1.2990830650012457,0.0,1.194720220656843,9.526315789473696,13.609022556390997
0.0,1.2896397187267703,0.0065310078154362,1.2231781715076862,0.0,1.3489547556377464,0.0,1.2781127069816087,0.0199361451540738,1.1708009903502898,9.526315789473696,13.609022556390997
0.1288065995819172,1.456357430788323,0.0392297935470169,1.4087928818402953,0.1552256847108727,1.518491852519858,0.0708825249682666,1.4456311304083638,0.0899126789654081,1.314140474441322,9.526315789473696,13.609022556390997
0.0098311186185579,1.363334233161919,0.0194430178947375,1.380961180050685,0.0,1.3962122457947694,0.0480922040285247,1.3949406036402272,0.0,1.2155137254434638,9.526315789473696,13.609022556390997
0.002753512951853,1.346373310409986,0.0,1.4290152322026,0.0119265264533704,1.4043967651690052,0.0,1.495878358786564,0.0,1.2736551782934906,9.526315789473696,13.609022556390997
0.0,1.2261985400463715,0.0,1.2471713182126678,0.0,1.2575722582983937,0.0,1.2669578695855048,0.0039506734290531,1.1152232347944329,9.526315789473696,13.609022556390997
0.0,1.433881567083909,0.0105424510531949,1.362650465914485,0.0,1.46650679239882,0.0091488478725943,1.3824263591885415,0.0207576311932718,1.2829036052109342,9.526315789473696,13.609022556390997
0.0877573827795811,1.4339720769852728,0.0027034725481112,1.2951233252082852,0.087371231521307,1.499067202566804,0.0335450976254209,1.3402849819566294,0.0268736793445224,1.2407889737824924,9.526315789473696,13.609022556390997
0.0,1.3930482696590174,0.0,1.3868499975121678,0.0449452506877915,1.4230810419727458,0.0031185166782835,1.41284609531649,0.0,1.322042833540537,9.526315789473696,13.609022556390997
0.0,1.453171817222089,0.0,1.331323653644057,0.0,1.5090353451152374,0.0,1.334601767012715,0.0,1.3169662845516057,9.526315789473696,13.609022556390997
0.0,1.2637673273906618,0.0,1.2242773321975615,0.0,1.3088320270836715,0.0,1.2848637619112653,0.0,1.143429847291607,9.526315789473696,13.609022556390997
0.0,1.3887972431899196,0.0,1.3396306736015595,0.0,1.3749148398192206,0.0,1.4020204380679515,0.0,1.2381665664493238,9.526315789473696,13.609022556390997
0.0,1.4003453169764033,0.0,1.323243485055711,0.0,1.4369017188913746,0.0,1.367468176854719,0.0,1.2488844794511011,9.526315789473696,13.609022556390997
0.0793339526369201,1.3343859860364646,0.0,1.3687822352088688,0.1037130437150207,1.3954261165030593,0.0033898321213491,1.4209308608568103,0.0139738691628211,1.2517600091359429,9.526315789473696,13.609022556390997
0.0066929499916146,1.3493365599219662,0.0155905172645376,1.3195420741284631,0.0190720929089509,1.4089813388982364,0.0173776809693842,1.3612732296830667,0.0,1.263640356321132,9.526315789473696,13.609022556390997
0.0,1.3341603980899557,0.0,1.3667038708898944,0.0,1.3803967040319327,0.0,1.4114706346442871,0.0,1.2821380793530963,9.526315789473696,13.609022556390997
0.0,1.480964650530722,0.0,1.3774597123132986,0.0,1.534465299428281,0.0,1.4413222529940306,0.0,1.3211878040206306,9.526315789473696,13.609022556390997
0.0,1.3994010018871172,0.0,1.3603209982820996,0.0,1.4454684622444174,0.0,1.4133807074285514,0.0,1.2644730878118635,9.526315789473696,13.609022556390997
0.0,1.20635083423345,0.0,1.3109635014379712,0.0,1.22761299384781,0.0,1.3506567532010505,0.0,1.1878429188861823,9.526315789473696,13.609022556390997
0.0305486187717155,1.2947842978893,0.0890431156014851,1.319196308034771,0.0125485121792007,1.3397886367108436,0.0840310161975659,1.3490189041284166,0.0783785197890237,1.2046901814274518,9.526315789473696,13.609022556390997
0.0,1.2830477187358258,0.0,1.2892581285308005,0.0,1.2937376438749444,0.0,1.3289755951953133,0.0,1.2375061442637745,9.526315789473696,13.609022556390997
0.0,1.3823500642599158,0.0,1.3292789896599595,0.0,1.416688516107598,0.0,1.372794223415534,0.0,1.3133651722126338,9.526315789473696,13.609022556390997
0.0,1.3323975490417883,0.0,1.2574962840697688,0.0202055827739114,1.3867377199945032,0.0362079125519142,1.2988637912115368,0.081242392312564,1.192133457035225,9.526315789473696,13.609022556390997
0.0,1.357054214585413,0.0,1.2877388287279132,0.0,1.3887779409194054,0.0,1.3155127899616694,0.0,1.1965625585177266,9.526315789473696,13.609022556390997
0.0,1.340128932604382,0.0,1.3668481573086988,0.0,1.4227751002082034,0.0,1.4460761329823508,0.0,1.266583610075323,9.526315789473696,13.609022556390997
0.0,1.3290909926974637,0.0,1.3314790334450064,0.0,1.3329281704587077,0.0,1.3421825793835902,0.0,1.2079709645776509,9.526315789473696,13.609022556390997
0.0804219616825786,1.3461749178817757,0.1667345700577344,1.314986563642238,0.0968237381188921,1.4087225973659947,0.1816854441032351,1.358933132669072,0.0077754051975881,1.2923227444028949,9.526315789473696,13.609022556390997
0.0,1.2965365641959143,0.0,1.3147592933159122,0.0,1.3653768785591611,0.0,1.3718654300601398,0.0,1.218481023942286,9.526315789473696,13.609022556390997
0.0,1.2825413089012685,0.0,1.252003767312647,0.0153378282256445,1.339611995102408,0.0,1.264644695718252,0.0,1.1934778123722818,9.526315789473696,13.609022556390997
0.0,1.364009447623989,0.0,1.3173703324587844,0.0,1.3779908245330377,0.0,1.2946684203408314,0.0,1.2105945552868214,9.526315789473696,13.609022556390997
0.0,1.264718843099978,0.0052610187332985,1.246412775640912,0.0,1.3302443995223745,0.0282107269087586,1.293329725035632,0.0,1.1883134168727616,9.526315789473696,13.609022556390997
0.0,1.268064503804613,0.0,1.230153494658631,0.0,1.2969804549320425,0.0,1.2592838065923946,0.0587347986562278,1.195845273128907,9.526315789473696,13.609022556390997
0.0257421789217245,1.3354767205823286,0.0272179084128789,1.3616264583155977,0.0192876048960433,1.4050376690702526,0.0404467516166819,1.3699237383465643,0.0531170176617258,1.2633338841822364,9.526315789473696,13.609022556390997
0.0,1.2774556218590132,0.0,1.271388395095968,0.0,1.2925842249380797,0.0,1.2812857558299826,0.0,1.1714301720625098,9.526315789473696,13.609022556390997
0.2182306316211578,1.3387308574444094,0.0976760525841266,1.3682920371896246,0.2114766766092816,1.3995309010813073,0.0896205535498763,1.4087911698572526,0.2382693306732024,1.2663103890828915,9.526315789473696,13.609022556390997
0.0649609952405451,1.413678953087553,0.0,1.3906550352377425,0.1009136315836625,1.419753461183164,0.036046628696866,1.409357228428258,0.094245431596308,1.2598657134684506,9.526315789473696,13.609022556390997
0.0,1.314101180603504,0.0,1.2653703883992704,0.0,1.3591060451229544,0.0,1.319226906809452,0.0,1.20772075419124,9.526315789473696,13.609022556390997
0.0,1.3113714657838118,0.0,1.3602548173789435,0.0,1.3165703156661384,0.0,1.4044602350867736,0.0,1.2294856476202318,9.526315789473696,13.609022556390997
0.0,1.330311993515046,0.0,1.2479851909008322,0.0,1.393278194380146,0.0,1.2890360839729795,0.0,1.1993179029763,9.526315789473696,13.609022556390997
0.0525835732929403,1.2078977787060723,2.8419004901871145e-05,1.1799660858448886,0.0706975932443426,1.1657319466586653,0.0682515900070413,1.1589778806131374,0.017929165109903,1.0979710196357373,9.526315789473696,13.609022556390997
0.0684078766950773,1.3250592343656684,0.1108625114926431,1.2903180326299244,0.0651938208763579,1.3737694008244328,0.104333583187524,1.2873342799970309,0.0321535802804212,1.225278107016193,9.526315789473696,13.609022556390997
0.0461270535315754,1.2788849182926325,0.0750261012460035,1.2242278303268752,0.0752147628316454,1.3045862039358151,0.0825267298468927,1.2909706057499584,0.0030324521113565,1.1765685122371914,9.526315789473696,13.609022556390997
0.0491354538488149,1.3432023943738458,0.0,1.3334538326019645,0.0,1.3806734684086224,0.0,1.343998659946925,0.037324336508354,1.2895931892046713,9.526315789473696,13.609022556390997
0.0,1.216616905564956,0.0,1.2083508576981516,0.0007723149231576,1.2260047014523194,0.0,1.2098224548159189,0.0658754155445479,1.1223502795223257,9.526315789473696,13.609022556390997
0.0,1.3320952319809756,0.0,1.329778764046229,0.0,1.3546675787739006,0.0,1.3416462890915215,0.0,1.254683760263382,9.526315789473696,13.609022556390997
0.0,1.3658828949917363,0.0,1.3592642497672225,0.0,1.3705484072037728,0.0,1.378543089018735,0.0,1.2445172821557176,9.526315789473696,13.609022556390997
0.0,1.2784454359958526,0.0045253437588394,1.2017296583905726,0.0,1.3221291042719767,0.0250333083566532,1.2444512548669142,0.0258967053544715,1.2108033753278706,9.526315789473696,13.609022556390997
0.1499942186950132,1.3578420210428883,0.0620736145461738,1.302832904455539,0.1627123816506734,1.3857627579427254,0.0711368427820108,1.2927742444403638,0.0743019215153373,1.182966823610004,9.526315789473696,13.609022556390997
0.118872242262241,1.4354741372438535,0.2184421291182575,1.3388694566203778,0.1034576149452609,1.4911066809092517,0.2061596314929338,1.3934176832935925,0.1103546105760303,1.2862215390369711,9.526315789473696,13.609022556390997
0.0,1.2288142941006848,0.0,1.2566224037776812,0.0,1.2675300099259112,0.0,1.2856702959230502,0.0,1.1664583836353644,9.526315789473696,13.609022556390997
0.057736483615198,1.3268171333659569,0.0,1.2787560376434368,0.090887630355649,1.3582709453283883,0.0,1.3126876180028073,0.0211822594521915,1.210432955649008,9.526315789473696,13.609022556390997
0.0,1.3812243414320755,0.0367116331375908,1.4007628929650868,0.0,1.4191132560053803,0.0,1.4293591005542,0.0,1.2858117730576126,9.526315789473696,13.609022556390997
0.0,1.3562584624999388,0.0287731668803931,1.3082808113811808,0.0245437048857684,1.4167606678608302,0.0434892325562509,1.333887388912548,0.0181239646602641,1.226949358579038,9.526315789473696,13.609022556390997
0.0,1.3384820842635912,0.0,1.3033291655004304,0.0,1.4205078637719115,0.0,1.3369628158195033,0.0,1.266026835856612,9.526315789473696,13.609022556390997
0.0,1.2644173704478985,0.0,1.2137907346775418,0.0,1.2969831337787403,0.0,1.253881568517923,0.0,1.1504018807175294,9.526315789473696,13.609022556390997
0.0,1.2989546606592988,0.0,1.2313640241189068,0.0,1.3454022192070216,0.0,1.2664284903849274,0.0,1.1444982902166845,9.526315789473696,13.609022556390997
0.0,1.3566081823631746,0.0,1.3475815874957189,0.0,1.4185563086361572,0.0,1.414116213407285,0.0,1.2301633083462349,9.526315789473696,13.609022556390997
0.0685191257960616,1.3312946044857112,0.1105639878503802,1.3950120015891418,0.0768394881801072,1.3508384253171573,0.1582947425257498,1.3889010298055948,0.0915676503162556,1.2508823253368797,9.526315789473696,13.609022556390997
0.0,1.348718794296388,0.0,1.3566979814254965,0.0,1.3410239291954362,0.0,1.365737204564553,0.0,1.2323785319581932,9.526315789473696,13.609022556390997
0.0,1.3457294983059238,0.0,1.2997389327103903,0.0,1.4211249658003682,0.0,1.3665601625767938,0.0,1.2564406191954471,9.526315789473696,13.609022556390997
0.0,1.383961712004483,0.0,1.348815950076931,0.0,1.3913131722833494,0.0,1.3508164247553869,0.0,1.276128881448229,9.526315789473696,13.609022556390997
0.0358166624971693,1.3043035406843615,0.0,1.320027003373391,0.0418475096110567,1.3612525844728756,0.0,1.3772121476140773,0.0127356159895318,1.2151053731038732,9.526315789473696,13.609022556390997
0.0,1.3451344982668505,0.0,1.3410196417307143,0.0,1.3804360563907645,0.0,1.3738506701027904,0.0108557465732951,1.2462058104961624,9.526315789473696,13.609022556390997
0.0283254419599182,1.2766625734195505,0.0,1.242961438845213,0.0639609306131172,1.2927851293818264,0.0,1.2634956846517804,0.0,1.1669013453937327,9.526315789473696,13.609022556390997
0.0,1.424142241243454,0.0,1.4258744711492124,0.0,1.4649733188437135,0.0,1.4592925598296829,0.0,1.2643016122145834,9.526315789473696,13.609022556390997
0.0277711181254881,1.2687895844405797,0.0,1.2903156207402424,0.0373479980617887,1.3210602978878727,0.0,1.3579086177406232,0.0,1.2039195062994776,9.526315789473696,13.609022556390997
0.0118356329758435,1.3837161343003432,0.0627198063104802,1.3004247093092811,0.0268071607890627,1.4465782020334956,0.0703649914263408,1.353723743973818,0.2217937633395028,1.2252464913966636,9.526315789473696,13.609022556390997
0.0807841131515037,1.3790098508976891,0.0,1.359823798564378,0.1132254755064093,1.401653204078604,0.0,1.3778133796131364,0.0388805360829298,1.2159058095615427,9.526315789473696,13.609022556390997
0.0,1.2868301998307827,0.0,1.337353740139673,0.0,1.3427372521017678,0.0,1.367308350817076,0.0,1.2207479331481088,9.526315789473696,13.609022556390997
0.0,1.3511839280707183,0.0776661678910274,1.3204618195165063,0.0,1.3927701021589975,0.095346106373812,1.3554684212995556,0.0,1.2339278310536694,9.526315789473696,13.609022556390997
0.0,1.297861719956703,0.0,1.3384660953606422,0.0,1.3149192795410936,0.0,1.3819353618163928,0.0,1.2167522925339251,9.526315789473696,13.609022556390997
0.0,1.4610956104218706,0.0,1.4958658871631227,0.0,1.517505211820325,0.0,1.568295801164015,0.0,1.3347356744860033,9.526315789473696,13.609022556390997
0.0,1.3046819628041686,0.0,1.2786806346323734,0.0,1.3282778656306164,0.0,1.3221061344625242,0.0,1.2073556485300885,9.526315789473696,13.609022556390997
0.0,1.2960215485332205,0.0,1.3642521567628751,0.0,1.3210963051391968,0.0,1.3935187385671386,0.0,1.299423364417391,9.526315789473696,13.609022556390997
0.0079174497058524,1.331038709138859,0.134275011296112,1.313493346453521,0.0,1.3926397280401055,0.133731602010447,1.354861613570206,0.0599869812071158,1.2507125973514148,9.526315789473696,13.609022556390997
0.0,1.2709755253752306,0.0,1.1705434937297177,0.0,1.2937959441983526,0.0,1.1998540572567118,0.0,1.179080637394029,9.526315789473696,13.609022556390997
0.0230632920869877,1.3700349793102669,0.0,1.3513057939984436,0.0395124852135132,1.4203577279802524,0.0,1.3989478395522112,0.0766021768378076,1.2664738262845434,9.526315789473696,13.609022556390997
0.0,1.3049191161658429,0.0,1.3420042775265095,0.0,1.3359003311234825,0.0,1.3866855461602348,0.0,1.2042742660361494,9.526315789473696,13.609022556390997
0.0335919669417672,1.3042151066371208,0.1016806151341016,1.3655924662693557,0.0273335375082667,1.3589062895363064,0.1229756117868984,1.4115223070502974,0.0795989202399721,1.2512461644548245,9.526315789473696,13.609022556390997
0.0249750345454373,1.362816679214557,0.0,1.28281509585008,0.0286467453162192,1.4203164703720808,0.0,1.3014200703508296,0.0,1.228949306677906,9.526315789473696,13.609022556390997
0.0032423516770971,1.3527409467478082,0.0338931242699604,1.3590335870325998,0.0,1.3818570189587829,0.051175910315818,1.4000520772459233,0.0207710962617046,1.275621242697469,9.526315789473696,13.609022556390997
0.0,1.35105076979093,0.0,1.2961351303704294,0.0,1.3744969362013644,0.0,1.3492420855255196,0.0593078858416766,1.2138967788639266,9.526315789473696,13.609022556390997
0.0,1.352180231536322,0.0,1.4295462519940734,0.0,1.4059106420737173,0.0,1.4420581873601253,0.0213581411036918,1.2674777793684886,9.526315789473696,13.609022556390997
0.0,1.3724237767045928,0.0,1.3041011969328025,0.0,1.4451263957610458,0.0,1.3330146354942842,0.0,1.2457598915257722,9.526315789473696,13.609022556390997
0.0,1.3773157053262144,0.0,1.3616861354956442,0.0,1.3894360249074964,0.0,1.4230578193255998,0.0,1.2742897095904162,9.526315789473696,13.609022556390997
0.0629894934989248,1.3555603927327144,0.098245028635075,1.3889430916188683,0.0812726598097092,1.4285481396734958,0.1054977726250016,1.4672805865171112,0.1162551407902705,1.2887055951787094,9.526315789473696,13.609022556390997
0.0389785344957817,1.382571406215058,0.0,1.341959030031823,0.0775129533664105,1.4226227349464986,0.0,1.372792907835819,0.0,1.222438180471787,9.526315789473696,13.609022556390997
0.0,1.3149316959006652,0.0,1.2576914395603234,0.0,1.3833401409078891,0.0,1.278671425451238,0.0,1.2111040952909309,9.526315789473696,13.609022556390997
0.0,1.351450792208949,0.0,1.3139207271600462,0.0,1.406946886224805,0.0,1.3546034513735383,0.0,1.221510258238906,9.526315789473696,13.609022556390997
0.0555197257309365,1.2380770463698494,0.0,1.2816970965458283,0.0182918032408649,1.2705049141799738,0.0,1.3206483190500646,0.0,1.1924002406706875,9.526315789473696,13.609022556390997
0.0,1.3084740481441726,0.0,1.2897010087478842,0.0,1.2701086270821855,0.0,1.256704452110375,0.0,1.1758559471661894,9.526315789473696,13.609022556390997
0.0436109458439577,1.2981512202671113,0.075140851651528,1.3057047068916288,0.0681943581461235,1.368183246856158,0.0804289834697113,1.3520010972553074,0.0391607671473878,1.259372861696752,9.526315789473696,13.609022556390997
0.0,1.299614485944346,0.1027133939503253,1.3868819211068577,0.0,1.327093197789451,0.1140930343496043,1.4448487622755488,0.039338775644748,1.2588477395532889,9.526315789473696,13.609022556390997
0.0135515214393864,1.4273503123943043,0.0,1.3955311576285088,0.029886030815676,1.474952171487426,0.0,1.4392771689523365,0.0352824487125043,1.255505271828517,9.526315789473696,13.609022556390997
0.0,1.290293900807706,0.0,1.2891583402055933,0.0,1.3811800564944798,0.0,1.3461188361898817,0.0,1.1854094185575144,9.526315789473696,13.609022556390997
0.0,1.3921985765136975,0.0,1.3890621440410469,0.0,1.4898059826385026,0.0,1.4380748541044084,0.0,1.2928900431690793,9.526315789473696,13.609022556390997
0.0064515682289501,1.2937514762203597,0.0,1.3848761689116793,0.0,1.3542565355548692,0.0,1.4438191788619494,0.0,1.2649545103426638,9.526315789473696,13.609022556390997
0.0,1.233421031906422,0.0,1.2676383174001788,0.0,1.2440259801425584,0.0,1.280020834313911,0.0,1.1887493441166268,9.526315789473696,13.609022556390997
0.0049862130154197,1.3819617389439247,0.0,1.485217142990686,0.0185908836155223,1.4049738399029683,0.0,1.498446299203561,0.0557429624554038,1.291883440613529,9.526315789473696,13.609022556390997
0.0,1.2804626864069983,0.0,1.2799475541990044,0.0,1.3138383387348729,0.0,1.3154633560978408,0.0,1.2018952188709469,9.526315789473696,13.609022556390997
0.0,1.2754104082579465,0.0,1.233720064522871,0.0,1.304700747443185,0.0,1.254856244170485,0.0,1.169455965577144,9.526315789473696,13.609022556390997
0.1451724279248543,1.4399681131666504,0.1044236658434421,1.353022429224987,0.1514949773779,1.5186686653463886,0.0668849355051986,1.4105625738348009,0.0909194979308018,1.3302239601303654,9.526315789473696,13.609022556390997
0.0,1.3141391159538736,0.0,1.302724115110616,0.0,1.3451226380118126,0.0,1.3309289007269514,0.0,1.2248830256833614,9.526315789473696,13.609022556390997
0.1688848963057678,1.4523919324834726,0.0062746425323314,1.38226674963358,0.1464682559786827,1.5134459685664825,0.0,1.441805559185072,0.0764092228206902,1.2815675739419523,9.526315789473696,13.609022556390997
0.0224497931239401,1.307598773295667,0.0006386823844739,1.3837268576519572,0.0636737228940457,1.3363907340434795,0.0239932531472825,1.439013695352667,0.0526262112357969,1.2828841472813464,9.526315789473696,13.609022556390997
0.0,1.348526363171208,0.0,1.3014337576278026,0.0,1.3673048045734388,0.0,1.3437481707497203,0.0,1.2274899696992976,9.526315789473696,13.609022556390997
0.1333241268762292,1.413807072186506,0.1364189126134516,1.3845683986369957,0.1354780154861886,1.490132763233692,0.0855163728119862,1.4202753536200692,0.1170725796208428,1.314357106391082,9.526315789473696,13.609022556390997
0.0,1.3498322567642764,0.0,1.4272368192712757,0.0,1.3795438767415158,0.0,1.472008641890389,0.0,1.2778525260278877,9.526315789473696,13.609022556390997
0.0,1.4006116427848636,0.0,1.3123605811141354,0.0,1.4460460041926888,0.0145668873666443,1.358798405485856,0.0,1.2347176261670356,9.526315789473696,13.609022556390997
0.0441610398628318,1.3995951969932376,0.0341477050251809,1.386458465848898,0.0502462727889083,1.4522749323877495,0.0116249481800436,1.4350476848581564,0.0526188709750809,1.2924035608684374,9.526315789473696,13.609022556390997
0.0,1.221874991418831,0.0,1.3138573204078294,0.0,1.222336386232275,0.0,1.3351945175009168,0.0,1.191598249784745,9.526315789473696,13.609022556390997
0.0,1.3830345073119716,0.0667760017008118,1.2895916678924562,0.0,1.435309965347935,0.0162087514742932,1.3184903205319376,0.0,1.2467200581325049,9.526315789473696,13.609022556390997
0.0,1.450870344032898,0.0,1.4097897848755678,0.0,1.4670581833584917,0.0,1.4451585557505469,0.0,1.298625922428371,9.526315789473696,13.609022556390997
0.0,1.4488261629012775,0.0,1.385802198929252,0.0,1.5288274776991448,0.0,1.4379057576135317,0.0,1.3199135830241262,9.526315789473696,13.609022556390997
0.0,1.4470034452529477,0.0,1.3740701731656697,0.0,1.5090495773378985,0.0,1.3938384581949432,0.0,1.2683596929765972,9.526315789473696,13.609022556390997
0.1539831978042475,1.4141366772346706,0.1054910355317553,1.4064207479225674,0.191056397524569,1.5004562417279406,0.1303771065194161,1.4667494413375637,0.2204609184562146,1.314108972662192,9.526315789473696,13.609022556390997
0.0,1.3995955705564609,0.0,1.359928677656574,0.0,1.4633337406515758,0.0,1.451680919956041,0.0,1.330434224831417,9.526315789473696,13.609022556390997
0.0,1.307344578166982,0.0,1.3211482384202708,0.0,1.3631953609746188,0.0,1.3629197516095477,0.0,1.206875640419388,9.526315789473696,13.609022556390997
0.0,1.2757819036517517,0.0,1.2661756743285777,0.0,1.3262641063008005,0.0,1.305581217633757,0.0,1.2174932921389972,9.526315789473696,13.609022556390997
0.1690400966150142,1.3240212754643046,0.0,1.345625987037338,0.1406960219646487,1.3742187240578707,0.0,1.3870803724799432,0.0958647056241542,1.2258107084971093,9.526315789473696,13.609022556390997
0.0624470875461623,1.2644144180813277,0.0767654175622907,1.1616221366773436,0.0299350318723278,1.3099678813232276,0.0825089296897673,1.1881168832029692,0.0415810409666101,1.1377199940749088,9.526315789473696,13.609022556390997
0.0,1.4127735232453438,0.0,1.4584686265484923,0.0,1.4634393843574034,0.003388839391172,1.5242559344844664,0.0,1.3580206999788906,9.526315789473696,13.609022556390997
0.0,1.2512673915982524,0.0,1.2812412844255014,0.0,1.2647626721123952,0.0,1.318730145388963,0.0,1.1742995174538642,9.526315789473696,13.609022556390997
0.0,1.3730046965409624,0.0,1.320803658782529,0.0,1.432462495536246,0.0,1.3698577771730416,0.0,1.230312949703745,9.526315789473696,13.609022556390997
0.0,1.3817279967744214,0.0,1.3494541728565448,0.0,1.4203267871113263,0.0279301711906882,1.3736349818053564,0.0,1.2796407123230205,9.526315789473696,13.609022556390997
0.0,1.353563728413832,0.0,1.362827870219033,0.0,1.4005996495421318,0.0,1.4537404787313442,0.0,1.2597897760515315,9.526315789473696,13.609022556390997
0.0,1.3369861545775044,0.0,1.2930752772351342,0.0,1.3836758982896131,0.0,1.3281685699389767,0.0052606082239441,1.2095510967579155,9.526315789473696,13.609022556390997
0.0,1.3627543078320328,0.0,1.3216223805386615,0.0,1.398072669769795,0.0,1.3397338503566645,0.0,1.2382739872951496,9.526315789473696,13.609022556390997
0.0,1.3180135373634274,0.0,1.3101594352459769,0.0,1.3337008093560794,0.0,1.3517363055524785,0.0,1.2414450954303082,9.526315789473696,13.609022556390997
0.0,1.3642233838487992,0.0,1.2791328932921189,0.0,1.387810605409587,0.0,1.3177841385267626,0.0,1.21942825516365,9.526315789473696,13.609022556390997
0.018857728674016,1.3940445339538363,0.0711025790427109,1.3734704091421166,0.047661365431717,1.4450964219086135,0.0538984368633353,1.416311094967824,0.0397601948294868,1.256664930495924,9.526315789473696,13.609022556390997
0.0,1.284585931828707,0.0,1.3425435749658197,0.0,1.2964686141693302,0.0,1.363296308405239,0.0,1.2494817631249144,9.526315789473696,13.609022556390997
0.0,1.3026010404490964,0.0,1.2434104651116649,0.0,1.3277607773126705,0.0,1.275438579628478,0.0,1.1754835893685756,9.526315789473696,13.609022556390997
0.0,1.509316701300448,0.0713999617331606,1.4145598502658998,0.0,1.5546393842680373,0.0875142040972081,1.471154760080121,0.1199609018776589,1.303888502010414,9.526315789473696,13.609022556390997
0.1406896097237541,1.2849984391358993,0.0923776719479887,1.2530351370964117,0.1444731614085531,1.3312386005584016,0.0867810268406378,1.2778974585495433,0.0391778844511339,1.1482839869979744,9.526315789473696,13.609022556390997
0.0663132489575488,1.3816212648999748,0.0894389994409932,1.383918317679069,0.044004477753518,1.4098368223311986,0.0987904091360912,1.4389379560624145,0.1621266109884934,1.3005329656156062,9.526315789473696,13.609022556390997
0.0,1.365420956863927,0.0,1.3171909297980646,0.0,1.3963560270433866,0.0,1.342405324424082,0.0,1.2252921654002316,9.526315789473696,13.609022556390997
0.0345204865021696,1.332114713938954,0.0643336777630722,1.4145631661167342,0.0506741334388937,1.3953791167265597,0.056718721152606,1.4848183727579036,0.0854899196925059,1.3152690276823804,9.526315789473696,13.609022556390997
0.0,1.3096385037168106,0.0,1.20288295501867,0.0,1.3511218191491283,0.0,1.250341616074226,0.0,1.1681261712056343,9.526315789473696,13.609022556390997
0.0,1.3221294525519018,0.0,1.3524882214275409,0.0,1.3158023514298396,0.0,1.338916421367334,0.0,1.2075849784937345,9.526315789473696,13.609022556390997
0.0,1.3318478486980123,0.0,1.3610672001963848,0.0450876427074681,1.3831964315981498,0.0,1.3672924184644193,0.0219173302290069,1.2238096341680316,9.526315789473696,13.609022556390997
0.0,1.3446813594371485,0.0,1.323594946611157,0.0,1.3650453886472065,0.0,1.3363254702704843,0.0,1.197161609031596,9.526315789473696,13.609022556390997
0.0733200346333607,1.4024123075168244,0.0390232435175552,1.3426367956794083,0.0564969948576716,1.4727723964042172,0.0554601326494716,1.3889295468382192,0.0836468341701163,1.294494749154966,9.526315789473696,13.609022556390997
0.0,1.351049123840537,0.0,1.3533804755789605,0.0118150726451652,1.419357307590858,0.0350080167818726,1.3916455363140865,0.0,1.2632081297956133,9.526315789473696,13.609022556390997
0.0,1.3226129236696171,0.0,1.2625789713996285,0.0,1.357560256051857,0.0,1.3099939846850637,0.0,1.1770402844355097,9.526315789473696,13.609022556390997
0.0,1.2860469500560348,0.0,1.3132810555018095,0.0017505630109383,1.3538718791288606,0.0,1.3807551299337544,0.0,1.247992703853513,9.526315789473696,13.609022556390997
0.0,1.3287019229103725,0.0,1.3147960692537404,0.0,1.380120504780292,0.000369018115231,1.3059539688819166,0.0,1.199141746668753,9.526315789473696,13.609022556390997
0.0598506318880308,1.3697719246812343,0.0,1.3196017407611886,0.0558728076133641,1.386795873612653,0.0,1.3405497435095868,0.0438426519510064,1.2069899177143508,9.526315789473696,13.609022556390997
0.0412959297841758,1.4124323331688695,0.0146113982798807,1.4611014816800811,0.0650692856434813,1.4876491077184084,0.0176153621279934,1.5469762483799006,0.0410231008688739,1.3202737171923198,9.526315789473696,13.609022556390997
0.0508714688666388,1.3136086563979716,0.089055508590459,1.328085132426585,0.0582018146739461,1.3405273768726944,0.1154833942349918,1.3411850919367942,0.0261520514074169,1.182442222631657,9.526315789473696,13.609022556390997
0.0,1.291540158151213,0.0,1.2676298566195905,0.0,1.3207539628291145,0.0,1.287055368723646,0.0,1.2185028536242368,9.526315789473696,13.609022556390997
0.0,1.3651765422288755,0.0,1.2779338454269886,0.0,1.3958048190736456,0.0,1.3066260589940184,0.0,1.2340551327227722,9.526315789473696,13.609022556390997
0.0,1.3820246562767522,0.0,1.3478064386450717,0.0,1.432565594794968,0.0,1.3785833918936503,0.0,1.263533132681052,9.526315789473696,13.609022556390997
0.0,1.336321866304978,0.0,1.3695043489751717,0.0,1.3717551271219477,0.0,1.3991384454899567,0.0,1.224846544814298,9.526315789473696,13.609022556390997
0.0464114999044054,1.4032426158498963,0.0,1.3567758355404955,0.0665860942146763,1.4690773243046549,0.0,1.394312206995615,0.0135739065027201,1.2593703634032671,9.526315789473696,13.609022556390997
0.0,1.4101472487404865,0.1264390671753569,1.3347780410734391,0.0,1.4554920948219168,0.1229833658914877,1.3734441045294496,0.0876935920893314,1.2526381352062772,9.526315789473696,13.609022556390997
0.0132777846187359,1.4427419590110837,0.0,1.4406959094439398,0.0433929132115101,1.474666471850705,0.0306689592789334,1.476256857965758,0.0,1.293922303534339,9.526315789473696,13.609022556390997
0.0369052251260056,1.305570943722122,0.0,1.3503878887002658,0.0225763220131988,1.3518933240194049,0.0,1.3780137510593948,0.0,1.2283363379838703,9.526315789473696,13.609022556390997
0.1201781185199227,1.3483378543272848,0.0758377404995534,1.3756197206219476,0.1358255991012227,1.3753668848016374,0.0455033636608378,1.3814577290397312,0.1221113823275812,1.2878544648736736,9.526315789473696,13.609022556390997
0.0244030738946844,1.2948501256945688,0.0,1.3692445242942852,0.0252417579598927,1.360139743657089,0.0,1.3911015266161646,0.0559481301246036,1.2217821434293,9.526315789473696,13.609022556390997
0.0,1.3920271540295213,0.0,1.4009263977058568,0.0,1.488121608489802,0.0,1.4693799234984466,0.0,1.2965939005347245,9.526315789473696,13.609022556390997
0.0,1.3085072685851753,0.087934651589407,1.2559863392898682,0.0329382824661346,1.3613999315863967,0.0902057244470252,1.2910924173434737,0.0766929498924284,1.2527653056725778,9.526315789473696,13.609022556390997
0.0,1.415690290245119,0.0,1.3505040085786555,0.0,1.4763970108037323,0.0,1.3853023691805118,0.0,1.2736548424167788,9.526315789473696,13.609022556390997
0.0995032373918635,1.359499551957782,0.1051428309110566,1.2634525761393929,0.123413901299877,1.3890737042646932,0.1112241220746822,1.2785577336058191,0.1488442116380325,1.18980745191536,9.526315789473696,13.609022556390997
0.0,1.216427666394815,0.0969517810968065,1.266299396369524,0.0,1.245022513872531,0.0815053962998883,1.2857072324509284,0.0092310162308961,1.1784581420824962,9.526315789473696,13.609022556390997
0.0,1.379006102332797,0.0,1.3133062810174054,0.0,1.4179137120608205,0.0,1.3459169307898824,0.0,1.22674983004538,9.526315789473696,13.609022556390997
0.0,1.3635148429432309,0.0,1.3239147241957745,0.0,1.393622935731874,0.0,1.3671791009907457,0.0,1.2789904010963478,9.526315789473696,13.609022556390997
0.0,1.3257284306279846,0.0,1.3325480868133353,0.0,1.3582149504758978,0.0,1.347396305526008,0.0,1.2030786310750237,9.526315789473696,13.609022556390997
0.0,1.4582928213082025,0.0,1.32758804528172,0.0,1.5124579371465638,0.0,1.37522823998344,0.0,1.3186982611138454,9.526315789473696,13.609022556390997
0.1000172941838923,1.3165022679252234,0.0,1.3635745387705274,0.1059847643775134,1.3767076154777582,0.0,1.443793197027524,0.0,1.3049561368166016,9.526315789473696,13.609022556390997
0.0,1.2689884233465374,0.0,1.2072858207893449,0.0,1.3247875258577908,0.0,1.25018268268416,0.0,1.199508319570631,9.526315789473696,13.609022556390997
0.0,1.4806047274891756,0.0,1.41022890999543,0.0,1.5329765459908369,0.0,1.4142174452821767,0.0,1.3107541983326818,9.526315789473674,13.609022556390965
0.105691265052795,1.2965813146720448,0.145327567012082,1.28744720704771,0.1413582426871631,1.30681277924591,0.1718421857859036,1.2937487231096956,0.1431707942320562,1.1828406970021312,9.526315789473674,13.609022556390965
0.0,1.43092693069635,0.0118304855198086,1.3783484990441552,0.0,1.4476084904742546,0.0403469742411641,1.4293460062155656,0.0818615659420613,1.2908459146058335,9.526315789473674,13.609022556390965
0.0,1.3004419067253057,0.0,1.2871083950222997,0.0,1.3601469673416184,0.0,1.3662934495041814,0.0,1.2056614092978368,9.526315789473674,13.609022556390965
0.0013691067746771,1.2579437282996468,0.0738225636598682,1.2977120576698915,0.0127184696796623,1.286523328796795,0.109836199504926,1.317786979387708,0.1253751775932787,1.1723689190884434,9.526315789473674,13.609022556390965
0.0,1.420724241915304,0.0,1.3905911696124629,0.0,1.4867341120612183,0.0,1.436632338823324,0.0,1.2849470730069383,9.526315789473674,13.609022556390965
0.0,1.370365532128934,0.0,1.3133306420592468,0.0,1.3877821706974778,0.0,1.346933818683645,0.0,1.2442227841378082,9.526315789473674,13.609022556390965
0.0377126339609013,1.3563293773673264,0.1161641265577453,1.4420249042533777,0.023885920150073,1.4105823619362936,0.1081555285887513,1.4747892872129147,0.0476855862451118,1.3116724112799494,9.526315789473674,13.609022556390965
0.0,1.3146993875677262,0.0,1.229753228334452,0.0,1.3602650379696233,0.0,1.2519806188952525,0.0,1.1991330236609694,9.526315789473674,13.609022556390965
0.0965273918518258,1.4622100233731083,0.1964566026825788,1.4188986531400969,0.0680623093153168,1.5214731467437046,0.174228863397291,1.4621620075999218,0.1324911585047296,1.3120693371837078,9.526315789473674,13.609022556390965
0.0,1.2680077952062754,0.0,1.3034869686107924,0.0,1.3102083893075231,0.0,1.3344785410666822,0.0,1.2102950538984651,9.526315789473674,13.609022556390965
0.0442589105163406,1.296103586418407,0.0,1.2990887313509796,0.0229985552068972,1.2950280271797632,0.0,1.3419943964666363,0.0634760025422442,1.208483195770072,9.526315789473674,13.609022556390965
0.0,1.351028251421729,0.0,1.3215478541184134,0.0,1.377331604564151,0.0,1.3494327492035711,0.0,1.227577507526011,9.526315789473674,13.609022556390965
0.0,1.3128256024782006,0.0,1.2824056398013763,0.0,1.361597643251424,0.0,1.328264956905599,0.0,1.2060910461526009,9.526315789473674,13.609022556390965
0.0391155607183084,1.3448651995706036,0.0341855230921215,1.2826482635548917,0.0628748011924713,1.355244620229407,0.0560736933469248,1.3168997864005214,0.1311781970301035,1.213311638760848,9.526315789473674,13.609022556390965
0.0,1.4638242588108938,0.0,1.348641523292318,0.0,1.5070225841831335,0.0,1.4081149557056554,0.0,1.3177648061913303,9.526315789473674,13.609022556390965
0.0,1.4028301821041806,0.0,1.4354953841612517,0.0,1.4834474169956566,0.0,1.528297023043437,0.0,1.3352084614248658,9.526315789473674,13.609022556390965
0.0,1.3983167941313162,0.0,1.343192739531598,0.0,1.4172526967471273,0.0,1.3777303942219097,0.0,1.258591303335166,9.526315789473674,13.609022556390965
0.0,1.329813392694488,0.0,1.3426500064903062,0.0,1.364744844423435,0.0,1.3986649786796097,0.0,1.2086330161279666,9.526315789473674,13.609022556390965
0.0238188501836123,1.4417566705487226,0.1352919248095557,1.418106412346846,0.0731001241449325,1.4874735610896015,0.1499214135482685,1.4780334731584883,0.0915096707299933,1.3213657851495086,9.526315789473674,13.609022556390965
0.0,1.3505217425017708,0.0560875195427272,1.3604043215599382,0.0,1.3704810029234225,0.0384143977797684,1.3883820834893932,0.0162699180650232,1.248382605042928,9.526315789473674,13.609022556390965
0.0513970029330929,1.3066316238157425,0.1743310578585456,1.3893060789011036,0.0343342300154483,1.3417910613668689,0.1856336433533374,1.4502292240767516,0.1234253967672027,1.235969974298945,9.526315789473674,13.609022556390965
0.0,1.4936247134460707,0.0,1.3813619750121888,0.0,1.491270544014959,0.0,1.3892999413267149,0.0,1.2923435986439715,9.526315789473674,13.609022556390965
0.0,1.3706616190904637,0.0,1.338815321948137,0.0,1.424769543178742,0.0,1.358497919917248,0.0,1.2622020467482042,9.526315789473674,13.609022556390965
0.0382039296931801,1.2948870381490454,0.0,1.2833419696653985,0.0580628553342876,1.3367556875382,0.0164410373472832,1.32370892435516,0.0619550818948187,1.2025031125529702,9.526315789473674,13.609022556390965
0.0,1.295737747501123,0.0,1.2693371119563588,0.0,1.325272256414883,0.0,1.2890755943214676,0.0404285896424879,1.1704366899789942,9.526315789473674,13.609022556390965
0.0780104763211614,1.3963110310867504,0.0,1.356047676835792,0.0184533410271573,1.4084664309598358,0.0,1.373482902661483,0.0,1.2682405694159278,9.526315789473674,13.609022556390965
0.0,1.327966570005762,0.0,1.343372859765282,0.0,1.3212710528320686,0.0,1.3586489842166802,0.0,1.244995778179795,9.526315789473674,13.609022556390965
0.0104157678435984,1.3587329476505638,0.0,1.4314375354674391,0.0,1.4108084955426157,0.0,1.5032047038115988,0.0,1.2913272555831798,9.526315789473674,13.609022556390965
0.203334905554814,1.3243728237434098,0.0880239333902587,1.2859302033202191,0.2080662180710729,1.3831015664389577,0.102814533262278,1.3318364109746277,0.1164988574348901,1.2079376043572447,9.526315789473674,13.609022556390965
0.0,1.3582765935388057,0.0089187690550365,1.3652809328520197,0.0,1.4010679380980795,0.0395872828636393,1.403357516300587,0.0,1.2798063541970357,9.526315789473674,13.609022556390965
0.0,1.2937663162588835,0.139651322928566,1.3159414766982442,0.0072423111369691,1.348540523815185,0.1405542336465804,1.3380388188066048,0.1312574165087546,1.229710919898192,9.526315789473674,13.609022556390965
0.1158415695637723,1.3263621345476933,0.0254077624995816,1.341922160238712,0.1338698731207844,1.3668453431088463,0.0236228540593413,1.3980221649476885,0.0605030824761443,1.2528659015557284,9.526315789473674,13.609022556390965
0.0,1.3209953546630078,0.1028837484740788,1.3832116900079925,0.0,1.3539144212456296,0.0771822240729089,1.4170052393334878,0.0470591134694296,1.2779655117644215,9.526315789473674,13.609022556390965
0.0478674150052353,1.3256173737939876,0.0085644880642964,1.3188574198915683,0.0447321381639422,1.3805370743854375,0.0370881615634021,1.3599188569339429,0.0915890703263909,1.2364396747975048,9.526315789473674,13.609022556390965
0.0,1.299172984356249,0.0007351962317414,1.2784826013559387,0.0,1.3358361397799887,0.0020061237029873,1.3138202997082422,0.003463998528943,1.1560679783479315,9.526315789473674,13.609022556390965
0.0,1.2863727656571118,0.0,1.209071786906787,0.0,1.3396553611950566,0.0,1.225323569689056,0.0,1.206949172601666,9.526315789473674,13.609022556390965
0.0,1.302517120182063,0.0,1.2815329216500464,0.0,1.3472032504797875,0.0,1.34784636066399,0.0,1.1777333325128772,9.526315789473674,13.609022556390965
0.0,1.2866701389656794,0.0,1.2690479824579812,0.0,1.3522817971543677,0.0088095317178115,1.2849201804209311,0.0,1.172232451616657,9.526315789473674,13.609022556390965
0.0,1.5004091405953772,0.0,1.486585271169638,0.0,1.5560942134292772,0.0,1.5564013569091844,0.0,1.3818992196983932,9.526315789473674,13.609022556390965
0.0,1.4339824879150005,0.0,1.3823473690257413,0.0,1.5205002347149594,0.0,1.4617557047169891,0.0,1.35589535075837,9.526315789473674,13.609022556390965
0.0,1.3272844746693044,0.0636302471554442,1.2465074103070404,0.0,1.3466325328502906,0.0926677730926001,1.3027902227372523,0.0459302433035053,1.1530110056622302,9.526315789473674,13.609022556390965
0.0,1.3633887978052202,0.0,1.2976389409234477,0.0,1.401025310529152,0.0,1.3003573275957336,0.0,1.1974592873267815,9.526315789473674,13.609022556390965
0.0524891364533073,1.2993400089764915,0.0,1.256429272227119,0.0566458344929264,1.3267928048792927,0.0,1.290336393542802,0.0,1.2031682229408205,9.526315789473674,13.609022556390965
0.0953942324585327,1.2757297951636974,0.0339244219335766,1.3570293572023224,0.1160647106430721,1.3254434083725777,0.0328445118195544,1.3714262797854633,0.0701273400602499,1.1837495535196407,9.526315789473674,13.609022556390965
0.0,1.34534914647195,0.0,1.30043886370155,0.0,1.348459717982322,0.0,1.327320456981974,0.0,1.2440292029468156,9.526315789473674,13.609022556390965
0.0,1.3538188405531382,0.0543947205033639,1.318649652904526,0.0,1.4306375310177188,0.0361358340401685,1.378864809042514,0.0,1.2830283201985824,9.526315789473674,13.609022556390965
0.0,1.302430194721729,0.0,1.2798071056403888,0.0,1.3544784909922103,0.0,1.317169060877247,0.0,1.207888937206145,9.526315789473674,13.609022556390965
0.0,1.423654938287406,0.0,1.2958269753244596,0.0,1.4724439667146298,0.0,1.3269373203175503,0.0,1.2281901067869931,9.526315789473674,13.609022556390965
0.0,1.4327982522215763,0.0,1.3657894918284263,0.0,1.467654896237216,0.0,1.3963407581804508,0.0,1.3020931254973491,9.526315789473674,13.609022556390965
0.0,1.379839420991187,0.0,1.3922485317206152,0.0,1.4503643928376513,0.0,1.434964689194371,0.0,1.2545727585722863,9.526315789473674,13.609022556390965
0.072406151791573,1.4078247208449417,0.0623415930575214,1.3305168393437017,0.0558121719324416,1.4078942950781312,0.0479596107308564,1.357647392723116,0.0,1.2081998530016769,9.526315789473674,13.609022556390965
0.0179262958245914,1.337338831495022,0.0,1.2874670688712535,0.0,1.3971741993329858,0.0,1.33723187004141,0.0260834708987041,1.281914413335497,9.526315789473674,13.609022556390965
0.0291514675860672,1.401050521468216,0.0546020550707828,1.327958273255171,0.0206245738751648,1.4094964542545985,0.0987405385823548,1.3748086977267209,0.0044026404020319,1.2610101738235526,9.526315789473674,13.609022556390965
0.0,1.480771336763253,0.0,1.4210479055745546,0.0,1.4918195548026962,0.0,1.4408188433130094,0.0,1.3179441712784998,9.526315789473674,13.609022556390965
0.0,1.4181921625387943,0.0,1.368012264532007,0.0,1.4439411746097062,0.0,1.4509230453756197,0.0,1.2465794591434485,9.526315789473674,13.609022556390965
0.0,1.4108039522547935,0.0,1.3978711051514658,0.0,1.4233804679149789,0.0,1.431645333733695,0.0,1.33372891978021,9.526315789473674,13.609022556390965
0.0172473141999429,1.3555564810415337,0.1163166680536219,1.358741081402831,0.0418153089816355,1.4163512608358704,0.1142803827198754,1.4390914911737436,0.0,1.289258887835684,9.526315789473674,13.609022556390965
0.0,1.322099175860951,0.0006371747846902,1.3941662238056003,0.0,1.3570788050268794,0.0,1.4351867855309617,0.0708381335769905,1.2349778531896074,9.526315789473674,13.609022556390965
0.0551572325046738,1.4438255847298078,0.0,1.3305650926622865,0.0637831619197074,1.461017233267979,0.0015300529489091,1.3781376342373228,0.1076971842249974,1.2932495728291988,9.526315789473674,13.609022556390965
0.0,1.420688545536224,0.0,1.246047352873989,0.0,1.4053919875993364,0.0,1.276549934583874,0.0,1.24882408640847,9.526315789473674,13.609022556390965
0.2337214597768822,1.3329520344054462,0.2355910871829402,1.3412298405633822,0.2045095468317384,1.371021060920674,0.1766516921358846,1.368670598504128,0.2217391011329639,1.263028720130828,9.526315789473674,13.609022556390965
0.021488435849747,1.385931658293663,0.0588594841154643,1.364216396311216,0.0553804646561599,1.3948616381541397,0.0719221692742166,1.3919659600025849,0.0663339071620289,1.2594661357985593,9.526315789473674,13.609022556390965
0.0,1.2948392389761183,0.0,1.353022939527752,0.0,1.342490223812393,0.0,1.3599475723651244,0.0,1.2122818865026184,9.526315789473674,13.609022556390965
0.0,1.339585592228492,0.0,1.2860147968747897,0.0,1.39422429518323,0.0,1.326454041452701,0.0,1.2352553769211512,9.526315789473674,13.609022556390965
0.1706553170217859,1.3966444546802244,0.0,1.3697374620129743,0.1760429224330333,1.4228802260952564,0.0,1.411697634498868,0.0722497970360362,1.2133571720799292,9.526315789473674,13.609022556390965
0.0,1.377332820948974,0.1207506324079403,1.3380787487737824,0.0,1.4238862255425526,0.1239083144843482,1.36397793502751,0.0,1.2580229197384447,9.526315789473674,13.609022556390965
0.0,1.2956777431934747,0.1487988526261855,1.296214395800838,0.0,1.346411889133656,0.1641448132407961,1.3521161218579223,0.0819441910319395,1.215165753202231,9.526315789473674,13.609022556390965
0.0,1.4034427831522756,0.0,1.3329302216060592,0.0,1.4450049102767626,0.0,1.3733376968878914,0.0,1.2681373803520564,9.526315789473674,13.609022556390965
0.0507681490859097,1.3136283085351328,0.0,1.3635061826077048,0.0422236256998858,1.330270257179622,0.0,1.3887636832160082,0.0,1.2183591917757952,9.526315789473674,13.609022556390965
0.0,1.3832612045812132,0.0,1.3318417526662218,0.0,1.4685558941748604,0.0,1.3521702588493334,0.0,1.277267278749184,9.526315789473674,13.609022556390965
0.032177885423317,1.2868081768983206,0.0,1.2800703284964263,0.073084706452033,1.3322747015220084,0.0,1.2941605608187214,0.0,1.2186061679910891,9.526315789473674,13.609022556390965
0.0,1.38885338287426,0.0,1.3914078284535694,0.0,1.455774223538305,0.0,1.429934936848968,0.0,1.285889370049664,9.526315789473674,13.609022556390965
0.0,1.3001708438013315,0.0,1.3482745854449212,0.0,1.3089238892024273,0.0,1.350933764361986,0.0,1.197366457411423,9.526315789473674,13.609022556390965
0.134191353456735,1.3128978010103811,0.1154657011851951,1.3552363143841533,0.1261342250046085,1.2972631913676098,0.112929252714035,1.3636676055886507,0.0969515518763044,1.213037176717748,9.526315789473674,13.609022556390965
0.0,1.3323313340588776,0.0,1.2310208355538184,0.0,1.3581130078765768,0.0,1.253196064921554,0.0,1.1900822840337155,9.526315789473674,13.609022556390965
0.0481865806374409,1.3420047785554905,0.0208837683500814,1.32841030560239,0.1030488485807284,1.3573212031466624,0.0129505762594293,1.3392950857213877,0.1123423674848826,1.2327561142182362,9.526315789473674,13.609022556390965
0.0,1.3505943765104018,0.0,1.4149541721383014,0.0,1.4137710287503122,0.0,1.4516260049475884,0.0,1.2836731481697434,9.526315789473674,13.609022556390965
0.0229182820480883,1.2683261720140102,0.0537442232025198,1.3181333451411366,0.032442753133585,1.3245484634046236,0.0607449635008238,1.342717385648335,0.0,1.226411491281186,9.526315789473674,13.609022556390965
0.0,1.2958112844780325,0.0,1.3237223186997522,0.0,1.3625748884664977,0.0,1.3512082378199948,0.0,1.2040409629045528,9.526315789473674,13.609022556390965
0.0,1.2462145440340533,0.0,1.2352486273342485,0.0,1.3227277727003388,0.0,1.2736797613810784,0.0,1.1849534294187374,9.526315789473674,13.609022556390965
0.0,1.3147138484188592,0.0,1.2938759048821866,0.0,1.3716983521201336,0.0,1.3252111622131963,0.0026388584080758,1.2246340613732978,9.526315789473674,13.609022556390965
0.1370752323273777,1.3840494850280178,0.0594304838617402,1.3955007990674757,0.1252415827010839,1.4300391333251636,0.0444324545701351,1.4450693615196923,0.0,1.262923667165432,9.526315789473674,13.609022556390965
0.0,1.3148557095504618,0.0364831422276468,1.3955824380286852,0.0,1.3939107090298104,0.0599230954271956,1.4505207329876997,0.0,1.224816115225662,9.526315789473674,13.609022556390965
0.0,1.3699926751406113,0.0602356428687658,1.343744464045195,0.0,1.430227649308528,0.0644059809722844,1.3870807922355082,0.0,1.246405613166776,9.526315789473674,13.609022556390965
0.0,1.2143777813797223,0.0,1.279645854778666,0.0,1.2505052544310864,0.0,1.3564985898230335,0.0,1.2217805766531158,9.526315789473674,13.609022556390965
0.0381171759906499,1.3449995118669271,0.043067266361041,1.2562090601033418,0.0156028336676067,1.3662830162254376,0.0032412304478172,1.291623928199454,0.0,1.2187716342565085,9.526315789473674,13.609022556390965
0.0,1.417177899595271,0.0,1.4544771194053283,0.0,1.4602247528199948,0.0,1.4910818415576208,0.0,1.2881462852851568,9.526315789473674,13.609022556390965
0.0,1.2133712454809753,0.0,1.2605925520142156,0.0,1.197841293580733,0.0,1.2649809707127742,0.0,1.1872765276406685,9.526315789473674,13.609022556390965
0.0,1.3332859622688678,0.0,1.2905534987362168,0.0204496477367786,1.4093595779127548,0.0,1.3557768667908898,0.0,1.2942740654003773,9.526315789473674,13.609022556390965
0.0,1.3711277409336209,0.0102926110827125,1.366745540813652,0.0,1.419363875839836,0.0862794810240338,1.4235351108719712,0.0767024605659205,1.229620988672739,9.526315789473674,13.609022556390965
0.0,1.4732852864783026,0.0,1.4402535137039034,0.020416720831632,1.54871372317373,0.0,1.4714728766500906,0.0112816749001355,1.319741761497859,9.526315789473674,13.609022556390965
0.0614269802117029,1.3799519810001768,0.0526644695739633,1.3374057983835357,0.0624309507260444,1.4246074678704057,0.0733561328035162,1.345309503375577,0.0590874236892607,1.26747999218308,9.526315789473674,13.609022556390965
0.0,1.2778154462902915,0.0,1.2965504878218008,0.0,1.307757437341562,0.0,1.3077759316119957,0.0,1.179304516362537,9.526315789473674,13.609022556390965
0.0,1.2502219679956683,0.0,1.3062157560835683,0.0,1.2846852029546592,0.0,1.3891300341234605,0.0486409447927481,1.2185641377690446,9.526315789473674,13.609022556390965
0.0580249437574384,1.2852553123575368,0.0418971517559382,1.2954445895021074,0.0606940075043488,1.3319540554819194,0.0575672484588588,1.33515563958895,0.041677788036755,1.200409308355266,9.526315789473674,13.609022556390965
0.0584880053019627,1.2851040533994311,0.0,1.3490215202300668,0.0678748076174105,1.3428947125870114,0.0356921029897345,1.407100657195948,0.0839997740480043,1.25147452845729,9.526315789473674,13.609022556390965
0.0,1.394151440287345,0.0305607730596833,1.3753777848216553,0.0119486083041258,1.4563383978649151,0.0552661508684563,1.42176694541334,0.0921402605775082,1.2531012358069582,9.526315789473674,13.609022556390965
0.2213407321500942,1.2953676313188496,0.1522538616843891,1.2798094454653963,0.2421397215533327,1.3462466084039248,0.1586434467562501,1.3254203688078423,0.1733552597431784,1.2148088502590746,9.526315789473674,13.609022556390965
0.0,1.464146449789805,0.0,1.3341798137904513,0.0,1.4850627191088064,0.0,1.3896514552616337,0.0,1.2484632629446957,9.526315789473674,13.609022556390965
0.0009569556416622,1.3241830485163677,0.0,1.2388213459140252,0.0336233478641683,1.353172868149321,0.0,1.272942289258385,0.0,1.1996704655398045,9.526315789473674,13.609022556390965
0.0,1.337575612628613,0.0,1.3135971263436688,0.0,1.3642116100184272,0.0,1.3656622818439013,0.0,1.2141139796651528,9.526315789473674,13.609022556390965
0.0,1.374881271933439,0.0,1.306935918325815,0.0,1.405275135234456,0.0,1.329050111276088,0.0657148231582812,1.2494942395033153,9.526315789473674,13.609022556390965
0.0,1.3071223796579567,0.0588091399576481,1.286716724668731,0.0,1.3263385394519864,0.0470360641357647,1.3465926435419973,0.0,1.189277913873258,9.526315789473674,13.609022556390965
0.0,1.278009121659588,0.0,1.3168833300339862,0.0,1.3195939210565213,0.0,1.3603605762723414,0.0,1.200084019040682,9.526315789473674,13.609022556390965
0.0185648752020458,1.3094814448524594,0.1673685602819371,1.307513622889679,0.0,1.3790365747402074,0.1471805000816759,1.3874317732179056,0.1715616467032738,1.256293214013205,9.526315789473674,13.609022556390965
0.0318672790522951,1.2733156988237442,0.0367689858199368,1.3922110907853305,0.0455074838873274,1.3226926213371026,0.0546028735849014,1.44804014831602,0.0,1.2210412052871904,9.526315789473674,13.609022556390965
0.0,1.4084960612255524,0.0516964374990038,1.342459370915693,0.0,1.4715187788499535,0.0838258315102216,1.3911679429498167,0.0816400791120287,1.263499962810068,9.526315789473674,13.609022556390965
0.0,1.3268814379297302,0.0,1.322665390209817,0.0,1.3689634788271257,0.0020334804445056,1.3510342411261342,0.0259231982457915,1.2331285590384675,9.526315789473674,13.609022556390965
0.0,1.3175238988988625,0.0,1.300142241119441,0.0,1.3705702909614006,0.0,1.3638812369201063,0.0,1.235407311480473,9.526315789473674,13.609022556390965
0.053432188902005,1.2834267188404964,0.0,1.330833814494133,0.0585431846782102,1.3369921528662536,0.0043460208171863,1.3625744277900496,0.0703117772882591,1.215765843269231,9.526315789473674,13.609022556390965
0.0,1.3625097588407211,0.0,1.3450879237626443,0.0,1.4153335875673358,0.0,1.3974445149035684,0.0,1.273539596603047,9.526315789473674,13.609022556390965
0.0,1.3184680185907067,0.0,1.388727994285569,0.0,1.29961353637969,0.0,1.4307052353837304,0.0566224483341735,1.2538795606896609,9.526315789473674,13.609022556390965
0.0,1.3123903162083843,0.0,1.308181818571299,0.0,1.3542565414823784,0.0,1.3540474897633137,0.0502893982267767,1.2138504784344974,9.526315789473674,13.609022556390965
0.0019852218289376,1.329522184301571,0.1554735596698316,1.388636830929023,0.0284359844809365,1.3669357345731088,0.1711930184649866,1.419486129720304,0.0007701914931582,1.2696090561777955,9.526315789473674,13.609022556390965
0.0,1.3910460859247202,0.0,1.3625378699715889,0.0,1.4497347065115809,0.0,1.3800524494955986,0.0,1.3097763240972211,9.526315789473674,13.609022556390965
0.0320577121224573,1.318621100674901,0.0595332001351487,1.3142489233286403,0.0521190151399087,1.3559277949262702,0.0439798496136877,1.337699081225955,0.0,1.224694155750944,9.526315789473674,13.609022556390965
0.0,1.3928916093035288,0.0,1.392854482073533,0.0,1.4403145572938805,0.0,1.4478346744326684,0.0,1.2654424124440258,9.526315789473674,13.609022556390965
0.0,1.3532442546320205,0.0,1.4508674081077235,0.0,1.4238028673745875,0.0,1.476738388616856,0.0,1.2926319756688918,9.526315789473674,13.609022556390965
0.0,1.396640679350161,0.0,1.423570806385899,0.0,1.4629786516779184,0.0,1.4662714786805142,0.0,1.32613756915663,9.526315789473674,13.609022556390965
0.0661731168136207,1.2242781724836702,0.2156545888754665,1.1809315704118664,0.0656816214429292,1.2617567125651543,0.207342833979007,1.238462484738727,0.1492841003105407,1.1541211927401709,9.526315789473674,13.609022556390965
0.0,1.3366041074395338,0.0,1.325789184872061,0.0,1.3734396196050556,0.0,1.3460130021730512,0.0,1.2035358000402323,9.526315789473674,13.609022556390965
0.0,1.3014866942036545,0.0,1.200240257857903,0.0243818023156679,1.2860229409828094,0.0,1.2244284379918895,0.0637905478836008,1.161201791306331,9.526315789473674,13.609022556390965
0.0,1.3010482318961285,0.1096257020368242,1.3631253181338874,0.0,1.3622466373663782,0.0942861001294433,1.4176274560088644,0.0442327046063435,1.2327955039440646,9.526315789473674,13.609022556390965
0.0,1.3353326209401382,0.0573415603908832,1.3247814207311264,0.0,1.3722681568860642,0.0721869480881365,1.3729150494075693,0.0,1.2128320770736134,9.526315789473674,13.609022556390965
0.0,1.3096669507799128,0.0,1.2503693739416464,0.0,1.3554649139863375,0.0,1.2850697828438102,0.0,1.217996493648601,9.526315789473674,13.609022556390965
0.0,1.3871682274660049,0.0,1.4007945772930082,0.0,1.428462098728115,0.0,1.4400576107812346,0.0,1.273497203914277,9.526315789473674,13.609022556390965
0.047047338911691,1.3838776414754863,0.0102696455182601,1.4611473010231877,0.0386663964145098,1.454797936589319,0.0381882323806189,1.5089149281603254,0.0265381233609996,1.3212328250873124,9.526315789473674,13.609022556390965
0.0,1.2893265683410442,0.0,1.225902268055277,0.0,1.312537816779184,0.0,1.2695747538557631,0.0,1.165026665615064,9.526315789473674,13.609022556390965
0.0600208153067277,1.3988126517641624,0.0496833726852448,1.4322581961386516,0.0710845368868486,1.4222081367828918,0.0858575557472936,1.4676079302969545,0.0594438058460109,1.2609824592513958,9.526315789473674,13.609022556390965
0.0,1.2264438308219336,0.0,1.2483443474513003,0.0,1.2760488190719854,0.0,1.2620620731390484,0.0,1.1769426911129053,9.526315789473674,13.609022556390965
0.0,1.338448168279779,0.1575209457284563,1.3593490719648211,0.0,1.3874229691980196,0.1380151233371759,1.4024718699039975,0.0730602497996399,1.248059957890724,9.526315789473674,13.609022556390965
0.0,1.2818783405006953,0.0,1.251951324003935,0.0,1.3386642419924082,0.0,1.2835819016192695,0.0,1.1896228604475578,9.526315789473674,13.609022556390965
0.0133407518119801,1.2903682550218267,0.0505994696261348,1.3212670763549794,0.0,1.3374603211821434,0.015422375633754,1.36268281526349,0.0575413388394348,1.2495624085017096,9.526315789473674,13.609022556390965
0.0,1.2661236102597169,0.0,1.227351834539438,0.0,1.285215687989366,0.0,1.2422222109648025,0.0,1.1664327229584537,9.526315789473674,13.609022556390965
0.0,1.3845223674402902,0.0,1.3288361828388355,0.0,1.427271585241082,0.0,1.3427021403583608,0.0,1.247392373102782,9.526315789473674,13.609022556390965
0.0,1.3234031990906492,0.0,1.293379922695103,0.0,1.3470392427234976,0.0,1.3148477825984797,0.0,1.2122263836891072,9.526315789473674,13.609022556390965
0.0,1.3911584384797575,0.0,1.3586544171835138,0.0,1.4313185307118943,0.011432285217166,1.3883019479052523,0.0,1.2709622899979036,9.526315789473674,13.609022556390965
0.1562943479647058,1.3379633553302612,0.0067257833868873,1.3300717320653093,0.1482330005439456,1.3781979327617124,0.0,1.3485423700434382,0.0398453941473568,1.2687709374547338,9.526315789473674,13.609022556390965
0.0,1.3514622837876682,0.0,1.3265873027674406,0.0,1.3863820207167556,0.0,1.395989471089886,0.0,1.245486965378105,9.526315789473674,13.609022556390965
0.0,1.2974576574141938,0.0,1.303256518406268,0.0,1.358550549524335,0.0,1.3340475082324297,0.0,1.1835089833223962,9.526315789473674,13.609022556390965
0.1179142039198863,1.3518557659908403,0.0,1.4437216887877071,0.1438070944857558,1.3779186248206334,0.0,1.4699278593295797,0.09933918418809,1.2942303147482963,9.526315789473674,13.609022556390965
0.0,1.434412795584966,0.0,1.45282263806768,0.0,1.508900477541604,0.0,1.5241602932437506,0.0,1.3553650630824272,9.526315789473674,13.609022556390965
0.0,1.325426136999296,0.0,1.3292377909419206,0.0,1.3623197812958556,0.0,1.3540315748853125,0.0,1.2224086274913746,9.526315789473674,13.609022556390965
0.0,1.3334539847074818,0.0555322414119821,1.2675140078370588,0.0,1.372654511320907,0.0645523689629652,1.3216415058544908,0.0011135694571241,1.235281310638724,9.526315789473674,13.609022556390965
0.0,1.3964071812479582,0.0,1.2951923659753866,0.0,1.4519729035380975,0.0,1.3271077926374648,0.0,1.243418904432574,9.526315789473674,13.609022556390965
0.0,1.3166339248832808,0.1131625150611079,1.3038247094609658,0.0,1.3740251927418374,0.0974431887739809,1.3563001998488766,0.0598674895138968,1.229845968279718,9.526315789473674,13.609022556390965
0.0174080218421253,1.3076304457153,0.0,1.269062108919748,0.005927672507739,1.360903509998732,0.0,1.2907492566289716,0.0,1.200511411841731,9.526315789473674,13.609022556390965
0.1410411776310743,1.2821947597011996,0.0147777493606251,1.3843591532258728,0.1377436964292393,1.326506339679099,0.0,1.4277623542589477,0.1069874020289349,1.232086195562987,9.526315789473674,13.609022556390965
0.0,1.35327939087917,0.0,1.3363437751723954,0.0,1.4336842695038858,0.0,1.3634291973270871,0.0,1.252002601761222,9.526315789473674,13.609022556390965
0.1532081721384121,1.3382306842692613,0.0,1.3052953465875108,0.130783178826803,1.369386733755141,0.0,1.361380220064916,0.0,1.243381742879737,9.526315789473674,13.609022556390965
0.0,1.2893575032568507,0.0,1.3471916913800772,0.0,1.3152233480310522,0.0,1.3588102551618748,0.0,1.2273637522680385,9.526315789473674,13.609022556390965
0.0,1.421045200864942,0.0238600065823176,1.2951861464153775,0.0,1.4807948863808402,0.0,1.3429271943572978,0.0550174110021398,1.2664693703103027,9.526315789473674,13.609022556390965
0.0,1.390015351293569,0.0,1.3239539332820949,0.0,1.422684840482949,0.0,1.3842600993040723,0.0134467150854036,1.2483273785735156,9.526315789473674,13.609022556390965
0.001340314966039,1.261143672802802,0.0365215682794163,1.2709080626384717,0.0,1.2940593688277753,0.0398603246951307,1.3015443301175542,0.0711807574794365,1.1360131179656976,9.526315789473674,13.609022556390965
0.0,1.285881170603069,0.0,1.3510312019973587,0.0,1.3222514736564428,0.0,1.4206125517355257,0.0,1.2143802023537924,9.526315789473674,13.609022556390965
0.0,1.3002105874060148,0.0,1.2894381586548198,0.0,1.3148328290192062,0.0,1.2847195131076528,0.0,1.195075079830061,9.526315789473674,13.609022556390965
0.0,1.2465571056857512,0.0184881511488345,1.254067593452732,0.0,1.2604071274490791,0.0061492179694863,1.2596275585095962,0.00123477029697,1.1433095842182366,9.526315789473674,13.609022556390965
0.0,1.2845365101823245,0.0,1.2973017096931103,0.0,1.3302052179833148,0.0,1.3539690084675695,0.0320964280295847,1.2270793759426466,9.526315789473674,13.609022556390965
0.2152705279609247,1.4053804495086044,0.154161205332188,1.357399167794033,0.2263885990945456,1.4180606645426004,0.2025037509688148,1.3826213148303088,0.1562880275292836,1.240191846887756,9.526315789473674,13.609022556390965
0.0714910352536376,1.2736862746525928,0.0082153183583083,1.2851262677935915,0.0545493971743423,1.32744441117203,0.0491054020519566,1.328913820861065,0.0948062791998149,1.2183235068994491,9.526315789473674,13.609022556390965
0.0,1.3553969936828572,0.0,1.351893012950429,0.0,1.4046219629315628,0.0,1.3641100948103304,0.0,1.281111652225871,9.526315789473674,13.609022556390965
0.0,1.3706346146164,0.0,1.3449550411385824,0.0,1.4049502956706863,0.0,1.390581289122251,0.0,1.25751113388252,9.526315789473674,13.609022556390965
0.0,1.2469468643883626,0.0,1.2834284333931634,0.0,1.2624486023065078,0.0,1.2878990670963095,0.0,1.1734159079390982,9.526315789473674,13.609022556390965
0.0,1.349295260745211,0.0,1.3429460767454158,0.0,1.3950932513531646,0.0,1.3656250243898616,0.0,1.2347148330930735,9.526315789473674,13.609022556390965
0.0,1.3870114644948328,0.0,1.3885080698805914,0.0,1.442496624709448,0.0,1.4309696559812783,0.0,1.2975295276226593,9.526315789473674,13.609022556390965
0.0,1.342497183715754,0.0,1.308263499845847,0.0,1.3420218148505183,0.0,1.338870911319566,0.0,1.2127614270702087,9.526315789473674,13.609022556390965
0.0,1.232633172065469,0.0,1.351037179218431,0.0,1.2885291447652607,0.0028725755248938,1.429150405109724,0.0,1.1848805527879347,9.526315789473674,13.609022556390965
0.0866924687199268,1.2947241178904705,0.1121688484991625,1.3560010530552098,0.0566184983167927,1.332304170770451,0.0782257391950084,1.383658028808406,0.0704294755257562,1.2239587724569987,9.526315789473674,13.609022556390965
0.0,1.3800543783992605,0.0,1.316011646907148,0.0,1.4430103507790275,0.0,1.38445583802798,0.0,1.2495556300331123,9.526315789473674,13.609022556390965
0.146594655470493,1.3391966434911786,0.0,1.325661102506402,0.1626118285012513,1.3190071770213228,0.0467083132297469,1.3194175374975192,0.1286269254639044,1.1974959678306152,9.526315789473674,13.609022556390965
0.0883806276527845,1.3726093320158397,0.0,1.3673631067639112,0.0931861457575044,1.447407844054902,0.0,1.3766861220770552,0.090359889866565,1.2467574221867708,9.526315789473674,13.609022556390965
0.0,1.3468441495851495,0.0,1.364690454635713,0.0,1.3787666255438351,0.0,1.4024325305262937,0.0,1.2561653860463655,9.526315789473674,13.609022556390965
0.0,1.2872414956110945,0.061926590352388,1.2470263337910992,0.0,1.3437563759652351,0.0714222043058938,1.2726721331267152,0.0,1.1619737202052027,9.526315789473674,13.609022556390965
0.0165808530126095,1.332719304462271,0.0,1.2738961181926487,0.0003191741688592,1.3812759629440208,0.0,1.3266114369302595,0.0,1.1974622789673697,9.526315789473674,13.609022556390965
0.0,1.33397652584467,0.0,1.3313118361118064,0.0,1.383715015790653,0.0,1.38375423928311,0.0,1.2310120695609608,9.526315789473674,13.609022556390965
0.0,1.4563652822751234,0.0,1.3723427544433937,0.0,1.49611316295669,0.0246779911131228,1.4216727293124334,0.0,1.2773414164474348,9.526315789473674,13.609022556390965
0.056417398710311,1.3421748387166472,0.0,1.335780937546467,0.0633274076105775,1.349784520000746,0.0,1.335334247464912,0.0,1.2262406613219654,9.526315789473674,13.609022556390965
0.2526931585712311,1.3498648236455657,0.2355420781962345,1.2764474606513714,0.2377531982174625,1.382884272941391,0.2251343814595967,1.318751395611891,0.2092793705875358,1.2400905699882685,9.526315789473674,13.609022556390965
0.0,1.33347773742594,0.0,1.3000524514019638,0.0358813560568507,1.365063938510747,0.0,1.3368228818021786,0.1132946985342624,1.2388202565574684,9.526315789473674,13.609022556390965
0.0,1.3261561381082267,0.073829102501167,1.3115579999363398,0.0,1.405199677707117,0.0942533558585161,1.3834019336948171,0.0173916565571928,1.2391538330864176,9.526315789473674,13.609022556390965
0.0,1.3902026412779354,0.0470306238019854,1.3868080474251967,0.0,1.422563934686436,0.0603534479875671,1.39723331164165,0.0,1.2523706288106982,9.526315789473674,13.609022556390965
0.1505037166750327,1.338742377710081,0.0578048888004238,1.3726765289179017,0.1623943902354933,1.3740861390148489,0.0718159871530057,1.3813129390065395,0.0622317682931199,1.2795208645186005,9.526315789473674,13.609022556390965
0.0,1.322806585875825,0.0,1.347407150064059,0.0,1.3406258265001365,0.0,1.373219591028099,0.0,1.259469796520079,9.526315789473674,13.609022556390965
0.0308328675709007,1.2409038229183078,0.0973355047060722,1.3153539699748809,0.0133549431165669,1.2918584634012988,0.1035258658344875,1.3411122331935623,0.0992570371404045,1.2040644191024374,9.526315789473674,13.609022556390965
0.1744037708170284,1.3147081538232928,0.1029895787040324,1.2969534780639262,0.1694508165793338,1.352879127827069,0.0882808559182829,1.3294119942386695,0.0789115191096035,1.2309627834206498,9.526315789473674,13.609022556390965
0.0,1.321359339017252,0.0,1.3092697417877297,0.0,1.374946459522438,0.0,1.3416391906183247,0.0,1.237490595261131,9.526315789473674,13.609022556390965
0.0,1.2668469122318955,0.0,1.2913625361219758,0.0211286391703695,1.3226275816506736,0.0,1.3195316260914345,0.0,1.1923394392321045,9.526315789473674,13.609022556390965
0.0,1.3157995388023591,0.1449264724269749,1.256538186514586,0.003155508257603,1.3231770835178178,0.1339764358048961,1.2457287533973629,0.1674792468108326,1.1749887201144014,9.526315789473674,13.609022556390965
0.0,1.2500788477668336,0.0178401948689468,1.268704740435497,0.0,1.2900999345412871,0.0602253890143069,1.3296346455605337,0.0,1.195890811350914,9.526315789473674,13.609022556390965
0.0,1.396376874184549,0.0,1.3560878953644175,0.0,1.4435667782641113,0.0,1.3943957108199754,0.0,1.313321035917802,9.526315789473674,13.609022556390965
0.0,1.2644667050316691,0.0,1.2901715692629854,0.0,1.3028363586714915,0.0316876726924351,1.3535035452481774,0.0,1.1646805012832957,9.526315789473674,13.609022556390965
0.0,1.352456563006727,0.0,1.282561940891017,0.0,1.4451102800558997,0.0,1.3530825320887685,0.0,1.2438895578957452,9.526315789473674,13.609022556390965
0.1235625122488401,1.2794897517021324,0.1337016359225707,1.3501464994167958,0.1278051723695485,1.3288691756376787,0.119960742626315,1.3734871671433206,0.0637996064563256,1.173333875146897,9.526315789473674,13.609022556390965
0.0486579028270857,1.3418975175798409,0.0662762330434946,1.3726496256545735,0.0420557906067539,1.415695379409766,0.025899680617662,1.4256444449132477,0.0064040285801863,1.2739320844265776,9.526315789473674,13.609022556390965
0.0,1.3230522221331993,0.0,1.290126998459116,0.0,1.3668571548838204,0.0,1.324779001397723,0.0,1.202868263335696,9.526315789473674,13.609022556390965
0.0,1.346887873916392,0.0,1.3033560881877122,0.0,1.3577816842403998,0.0,1.3585656883386734,0.0,1.2331003961596223,9.526315789473674,13.609022556390965
0.0,1.2706602321702338,0.2013634358214736,1.2729773196325356,0.0,1.3112465334009704,0.2037029246978922,1.3080244076118617,0.089981879658249,1.1845080316816357,9.526315789473674,13.609022556390965
0.0,1.3913038750438125,0.0,1.4189525754947374,0.0,1.461255095671434,0.0,1.4763438161779308,0.0,1.289414430076779,9.526315789473674,13.609022556390965
0.0709525496875464,1.4049024477393557,0.1157136266356614,1.301563746839668,0.0556674849434208,1.4556192071622267,0.0950843302692924,1.3592829814695266,0.0249871524846646,1.2618490372082405,9.526315789473674,13.609022556390965
0.0,1.2555852600615305,0.0,1.2758195284314686,0.0,1.2722824043428724,0.0,1.3025335420380315,0.0,1.1733507698064982,9.526315789473674,13.609022556390965
0.0043551777411666,1.238820846522032,0.0,1.258969296816309,0.0,1.2284892083035293,0.0,1.278997021520584,0.0,1.1526285610716531,9.526315789473674,13.609022556390965
0.0,1.3376917900977745,0.0790252102353518,1.263846358757056,0.0,1.388548183302898,0.090914159891516,1.319989935184413,0.0322817863744539,1.2187149566447455,9.526315789473674,13.609022556390965
0.0,1.307711768394141,0.0255812446414226,1.3016262821010365,0.0,1.365791327681182,0.0246300741558752,1.3153974859965871,0.0044348829143444,1.2208464666326218,9.526315789473674,13.609022556390965
0.0107424909135252,1.3848094250313558,0.0537762674114112,1.3593259707980232,0.0,1.455054766547064,0.0251613691620273,1.407019625228329,0.0629970260049004,1.266526449204689,9.526315789473674,13.609022556390965
0.0,1.4697714648930345,0.0,1.371636803814092,0.0,1.508042412839239,0.0,1.3867031761437267,0.0,1.297579284163209,9.526315789473674,13.609022556390965
0.0,1.2128948261560208,0.0,1.2677708989901642,0.0,1.2277835531155368,0.0,1.289733687755067,0.0,1.1383007283027329,9.526315789473674,13.609022556390965
0.0,1.3200996528180644,0.0,1.3136501595153025,0.0,1.356994995626297,0.0,1.35518730631747,0.0,1.1886353355974162,9.526315789473674,13.609022556390965
0.0,1.3154280035491257,0.0,1.355972947123358,0.0,1.355125926632088,0.0,1.4580614831617262,0.0,1.2252993589652426,9.526315789473674,13.609022556390965
0.0,1.4180837194700635,0.0,1.258053791178355,0.0,1.3891048238971253,0.0,1.2418497798860204,0.0,1.1736086329957705,9.526315789473674,13.609022556390965
0.0,1.3092716220524283,0.0,1.275203174514424,0.0,1.32658079717792,0.0,1.325512732444781,0.0,1.1951216558325537,9.526315789473674,13.609022556390965
0.0,1.3482854474737065,0.0,1.352176438739236,0.0,1.397524218289303,0.0063111965499912,1.348049535672159,0.0,1.2424399681251117,9.526315789473674,13.609022556390965
0.0,1.3216428180219864,0.0,1.3248459315789534,0.0,1.3772978520897334,0.0,1.416086429064055,0.0,1.2109510346716512,9.526315789473674,13.609022556390965
0.0,1.3549486590363624,0.0,1.2892963199956389,0.0,1.3921362057252311,0.0330608738483645,1.3220347648413184,0.0483597531367317,1.175788296970381,9.526315789473674,13.609022556390965
0.0,1.3520298669546382,0.1027945750407313,1.391267083896152,0.0,1.4040317171078616,0.1126503298316741,1.4553976303852847,0.138509565733891,1.3080182969081466,9.526315789473674,13.609022556390965
0.0,1.2513575100364758,0.0,1.3198034563608785,0.0,1.281709185058198,0.0,1.3677228611286554,0.0,1.2028895420970185,9.526315789473674,13.609022556390965
0.0,1.3640439019800756,0.0,1.3330198826539947,0.0,1.3989529286505216,0.0,1.3891423587698175,0.0,1.273429234747171,9.526315789473674,13.609022556390965
0.079083721001965,1.3999829036524412,0.0,1.3203765366856293,0.111708517575501,1.4357668775767032,0.0,1.3687212776023192,0.0491145913579764,1.306755850870084,9.526315789473674,13.609022556390965
0.0,1.2863740840439786,0.0,1.2788683916157328,0.0,1.3283338479597642,0.0,1.2944362611045737,0.0,1.1637030788719065,9.526315789473674,13.609022556390965
0.0486030938612773,1.2575384907607994,0.0500766269135395,1.210194331888245,0.0520036877458243,1.3002529320377718,0.0365158866704699,1.2496469307677442,0.0167120699607071,1.163451252554542,9.526315789473674,13.609022556390965
0.0239860591331633,1.3297177283552035,0.0702675451378948,1.3044338283649348,0.0240404645553868,1.373853185097866,0.0684556959319415,1.3330374526390727,0.0634154778003964,1.2147710998147685,9.526315789473674,13.609022556390965
0.0,1.387175007732408,0.0,1.3401015365561342,0.0,1.385635868295891,0.0028685710887916,1.3572239099310883,0.0,1.2204117693124206,9.526315789473674,13.609022556390965
0.0,1.3950218389589526,0.0,1.2961450128892884,0.0,1.4380538173547988,0.002139337969655,1.3442092060169435,0.0,1.2568870618585908,9.526315789473674,13.609022556390965
0.0,1.2763597955544266,0.0414989054567829,1.3316354980393987,0.0,1.3407604753035012,0.0193474737786026,1.3825897294170175,0.0781569764742046,1.2316940105143297,9.526315789473674,13.609022556390965
0.0,1.2952387632014968,0.1462721870285554,1.3360501866865706,0.0028537941301909,1.2997607269056608,0.1413439508388161,1.3269034100379895,0.0974975239703467,1.2143869690607332,9.526315789473674,13.609022556390965
0.09379439898348,1.3240561697241773,0.0,1.2058289256362158,0.118694960197391,1.3319514538812218,0.0,1.2242729309436224,0.0831168632998431,1.1831771902429398,9.526315789473674,13.609022556390965
0.0910544575060021,1.323192222598898,0.0507892335291552,1.3287153922260742,0.0938755447784465,1.3592611030057804,0.0882772388033228,1.3504231561329494,0.0685159148142148,1.2237993064318406,9.526315789473674,13.609022556390965
0.0693730996376599,1.2958895897474605,0.0893632882080981,1.2837128603890662,0.0936909894888028,1.358297340106705,0.0732907412323359,1.3434286947376946,0.0754729204297809,1.2153589395353674,9.526315789473674,13.609022556390965
0.0,1.3445158471703895,0.0,1.3437908873511173,0.0,1.3453315417920162,0.0,1.360879465125392,0.0,1.2424074077072875,9.526315789473674,13.609022556390965
0.0,1.3129269672020818,0.0,1.287078359468845,0.0,1.360497815083152,0.0,1.357271362414941,0.0,1.265660135589753,9.526315789473674,13.609022556390965
0.0,1.382402139244048,0.0,1.356376029027378,0.0,1.4299013233177431,0.0,1.3927347199192592,0.0,1.2664995031501745,9.526315789473674,13.609022556390965
0.0,1.2274525547196604,0.0285055414764948,1.2300318565973265,0.0,1.2533229300356925,0.0396434186130803,1.260292881883372,0.0210760151589555,1.1752871189434793,9.526315789473674,13.609022556390965
0.0,1.314332321176583,0.0,1.318370153902211,0.0,1.3484639785879946,0.0,1.3511185029666224,0.0,1.2560952387484683,9.526315789473674,13.609022556390965
0.1644203751872497,1.338942563361325,0.14805685763814,1.3622268522426328,0.1352030881161502,1.3983587486806344,0.1262563218902075,1.4127708573743094,0.0956803254434826,1.253851425892861,9.526315789473674,13.609022556390965
0.0,1.3978674026661508,0.0427441266981757,1.3378830899644956,0.0,1.4640078642972196,0.026302757775913,1.3900095953787135,0.1089793211530762,1.2651812359172252,9.526315789473674,13.609022556390965
0.1273004011274009,1.254276389660542,0.1356292135489825,1.3034774667857147,0.1089292920854169,1.3010170397700207,0.1390783410876564,1.3242507504059924,0.1361875515282194,1.2003235115786206,9.526315789473674,13.609022556390965
0.0,1.406749571922636,0.0,1.30835349724955,0.0,1.467480049311531,0.0,1.3611267573189032,0.0,1.2393143164017963,9.526315789473674,13.609022556390965
0.0970035284389141,1.3993555796376047,0.0,1.3367067420238423,0.1040512121169674,1.4156573502364262,0.0,1.3184151910941366,0.0129604790615121,1.278275378229315,9.526315789473674,13.609022556390965
0.0482217254420536,1.330245461754939,0.0340081004821099,1.228178243721308,0.0857487390245968,1.3386853040691882,0.0340382166024304,1.2702028169976107,0.0230983130740997,1.1910874014555386,9.526315789473674,13.609022556390965
0.0388904936138061,1.386508151163667,0.0,1.272972575394068,0.0510330354971845,1.429885490847847,0.0,1.2997686425117898,0.006787359938996,1.2066845138148217,9.526315789473674,13.609022556390965
0.0077679969031624,1.326808596549713,0.0,1.3226721881265566,0.0387033194705368,1.401996672719113,8.144711704038785e-05,1.369586144057589,0.0,1.2669530397039563,9.526315789473674,13.609022556390965
0.0,1.2680664708786271,0.0,1.328931185008864,0.0,1.304867592544291,0.0,1.3656172365382098,0.0,1.18972213661239,9.526315789473674,13.609022556390965
0.0,1.3377001287883323,0.0,1.303580100724621,0.0,1.3607454137564492,0.0,1.3034858808986385,0.0,1.171349701314884,9.526315789473674,13.609022556390965
0.0,1.3593835006806252,0.0,1.3758383388758122,0.0,1.3233644266417748,0.0,1.4133048508937294,0.0,1.2437883558126968,9.526315789473674,13.609022556390965
0.0,1.3872405332833992,0.0,1.373756062011211,0.0,1.3975005979209052,0.0,1.3991157250875093,0.0,1.2628360483441865,9.526315789473674,13.609022556390965
0.1501726509590955,1.327540797440656,0.0631422006363685,1.3152283593354188,0.1776316774138468,1.3648169235895835,0.1124862564640833,1.3151019452814805,0.1347539919494376,1.201730659649897,9.526315789473674,13.609022556390965
0.0,1.3006219642270729,0.0,1.3504252460525752,0.0,1.3293247320758392,0.0,1.3620095327377044,0.0,1.2160930915287662,9.526315789473674,13.609022556390965
0.0596515716920736,1.3602930811791554,0.0,1.38681451217125,0.0,1.3511544631125076,0.0,1.371313798007602,0.0235257477066347,1.2261690698175036,9.526315789473674,13.609022556390965
0.1314836232134618,1.3033942705679216,0.1576301347678021,1.2633120304978938,0.1414068862472799,1.3457295176661064,0.1467560827497604,1.3096851602611832,0.033024937133211,1.1507955699873953,9.526315789473674,13.609022556390965
0.0111560993172293,1.3306858270952844,0.0358114278606039,1.3258027902483105,0.0217532140249855,1.3820235039275035,0.0285037643604217,1.355694338059324,0.0,1.215825111772476,9.526315789473674,13.609022556390965
0.0,1.257333547497482,0.0,1.277334829492916,0.0,1.3133756877999712,0.0,1.330515124366337,0.0,1.204105320852103,9.526315789473674,13.609022556390965
0.0,1.302356608677104,0.0,1.2844001317508855,0.0,1.346863561669586,0.0,1.3375942733398416,0.0,1.2389156457821644,9.526315789473674,13.609022556390965
0.0047644110754162,1.2395951325223764,0.0424366092679638,1.2466869961631772,0.0,1.2609024724408282,0.0432403529033448,1.291701929865685,0.0643715093129362,1.1980161762826909,9.526315789473674,13.609022556390965
0.0,1.3977393518853043,0.0,1.385368357259112,0.0,1.4724888989509937,0.0,1.421171237704479,0.0264845327413244,1.2827765113245655,9.526315789473674,13.609022556390965
0.0916699272198806,1.3676031277682077,0.0,1.2885800985610287,0.0966922865318929,1.386288155161713,0.0,1.3255882700154051,0.0020798360040019,1.2262556108098612,9.526315789473674,13.609022556390965
0.2164513200380443,1.3226249138557968,0.1261327062781198,1.31896341542825,0.2034478375803813,1.365702856493695,0.109143120717755,1.3345378378506207,0.1482502132318278,1.2258804295829673,9.526315789473674,13.609022556390965
0.0,1.312149119220528,0.0,1.2589950953243667,0.0,1.3544336134239812,0.0,1.288896022146513,0.0,1.238423053531594,9.526315789473674,13.609022556390965
0.1600435733579789,1.3091053140646915,0.0251422383553402,1.25994635135341,0.1714302054448927,1.3672029858384114,0.0251011172136724,1.2993670466502705,0.0359693668272325,1.2033163554286022,9.526315789473674,13.609022556390965
0.0,1.3131430399020845,0.0,1.3380897316348954,0.0,1.3458232456003854,0.0,1.3924306669798818,0.0121624575417519,1.2240830916187495,9.526315789473674,13.609022556390965
0.0,1.297732407238438,0.0,1.2818624896348394,0.0,1.348086199949756,0.0,1.305001398455842,0.0536936004635865,1.176777192327823,9.526315789473674,13.609022556390965
0.0,1.3024405318253156,0.0,1.3722627789554502,0.0,1.3483956716985852,0.0,1.4036613161455245,0.0,1.2422187013069164,9.526315789473674,13.609022556390965
0.0,1.400159564986148,0.0,1.3926671845886456,0.0,1.432987717261072,0.0,1.428949934621503,0.0,1.2988583961133435,9.526315789473674,13.609022556390965
0.0,1.3747007371914457,0.0,1.3629750492764594,0.0,1.4218865857751208,0.0,1.400323057148009,0.0,1.2901761678064905,9.526315789473674,13.609022556390965
0.0413452132689449,1.2940811051508183,0.1754306381995662,1.2865868171620467,0.0205322051100031,1.3281430090625503,0.1571098393502009,1.3159605572919666,0.0338991055340393,1.1814517345012912,9.526315789473674,13.609022556390965
0.0107735164652682,1.3028708786728285,0.0,1.396302221758137,0.0484054698633972,1.2920297938595913,0.0,1.4173734518053438,0.0,1.2449712613433217,9.526315789473674,13.609022556390965
0.0,1.3698677194681728,0.0,1.369858473847282,0.0,1.403376192504056,0.0,1.364327148739193,0.0,1.24101924180723,9.526315789473674,13.609022556390965
0.0,1.342882716595328,0.0,1.3760367120325725,0.0,1.3664448054434977,0.0,1.3935110483085795,0.0458813749979795,1.2737746437192714,9.526315789473674,13.609022556390965
0.0204514257643186,1.4597045219146487,0.0,1.44740065322751,0.0226483952239376,1.4877388982995257,0.0,1.4883140725115294,0.0,1.3325049847274824,9.526315789473674,13.609022556390965
0.0,1.286156500909921,0.0,1.2163603437936128,0.0,1.3089943440636302,0.0,1.1904972827911195,0.0,1.1210750473414492,9.526315789473674,13.609022556390965
0.0,1.4010402771525554,0.0,1.341055486528576,0.0,1.4464939257101983,0.0,1.3659156848480691,0.0,1.2891266335530125,9.526315789473674,13.609022556390965
0.0,1.2836188958571626,0.0,1.3507158831232078,0.0,1.327938119633968,0.0,1.395608165186687,0.0,1.2336574278150758,9.526315789473674,13.609022556390965
0.0888024048519008,1.3167297943641578,0.1063865096291798,1.2855192358064544,0.122496599836006,1.3833093560993528,0.1263846704889022,1.3281921298379795,0.1533732648514002,1.1880809820602958,9.526315789473674,13.609022556390965
0.0146543090443989,1.2409974278353917,0.0,1.268089956563914,0.0338064715681755,1.272899809017088,0.0,1.3201156864208083,0.0171079428892586,1.1417231947921134,9.526315789473674,13.609022556390965
0.0,1.3038706668868352,0.0,1.2891400309320753,0.0,1.355700032389584,0.0,1.3316303317870029,0.0,1.2084339996844635,9.526315789473674,13.609022556390965
0.0,1.352041698904715,0.0,1.3332696500912662,0.0,1.382572258001472,0.0,1.3789474062180271,0.0,1.2669906551310963,9.526315789473674,13.609022556390965
0.0,1.302664191114707,0.0,1.3796575260642308,0.0090120638893787,1.3529788973776833,0.0,1.4323656791745578,0.0201756389086381,1.2424519957608977,9.526315789473674,13.609022556390965
0.0,1.3127311357119973,0.0,1.2547135716550135,0.0,1.3383982050978651,0.0,1.2745726405896205,0.0,1.1851171610147209,9.526315789473674,13.609022556390965
0.0,1.3457564004253162,0.0,1.3610995947847606,0.0,1.369947335289435,0.0,1.3944184325598945,0.0,1.2278074443529212,9.526315789473674,13.609022556390965
0.0,1.3136499520186335,0.0,1.2952118120924003,0.0,1.2977643844422797,0.0,1.3039389889287207,0.0,1.197961823455911,9.526315789473674,13.609022556390965
0.0,1.4293842835322583,0.0,1.4079630643639578,0.0,1.4591611235982385,0.0,1.4591567170068287,0.0,1.3249204433086554,9.526315789473674,13.609022556390965
0.0,1.3946035429197308,0.0,1.3569681943000755,0.0,1.4075868472840751,0.0,1.4035375312428804,0.0,1.236085416353823,9.526315789473674,13.609022556390965
0.0,1.2490312460037245,0.0,1.3050615735505913,0.0,1.289891231664149,0.0,1.3131669828598018,0.0,1.1629171267926188,9.526315789473674,13.609022556390965
0.0,1.3454537723786368,0.0,1.3320141514975532,0.0,1.3792000405827352,0.0,1.3695862043521871,0.0,1.245871415267186,9.526315789473674,13.609022556390965
0.0,1.226077128063745,0.0,1.182090633903584,0.0,1.265591118218972,0.0,1.2349616570338184,0.0,1.141375651881063,9.526315789473674,13.609022556390965
0.0,1.2998830842621054,0.0,1.2827256050795843,0.0,1.3538588796102382,0.0,1.329120260528613,0.0,1.2590109966652336,9.526315789473674,13.609022556390965
0.0,1.2798669607811053,0.0,1.2548741430295247,0.0,1.3244965144985532,0.0,1.2985255168245742,0.0,1.1899974057403655,9.526315789473674,13.609022556390965
0.0,1.468808842492093,0.0322202513693179,1.3519353895924364,0.0,1.5197481308553564,0.0267264238642493,1.389302648300835,0.0139709545807153,1.2798388462547687,9.526315789473674,13.609022556390965
0.0,1.2920918007475364,0.0,1.3407501030669111,0.0,1.3651167363112384,0.0,1.3825128197972638,0.0,1.2413320566078236,9.526315789473674,13.609022556390965
0.0,1.3884228777631216,0.0948233638680657,1.3704659521895235,0.0,1.3986130759643547,0.1115180307719844,1.4163591167091645,0.0,1.2701735191490988,9.526315789473696,13.609022556390997
0.0,1.4104889696047171,0.0,1.4446524929237787,0.0,1.4519308118974938,0.0,1.46109457095247,0.0,1.2996303709191417,9.526315789473696,13.609022556390997
0.1080979230757568,1.2460746924516042,0.0,1.355022839796044,0.1483246853787871,1.2788563203124934,0.0516841171269419,1.3743119395303656,0.0509261923895851,1.2156199938846504,9.526315789473696,13.609022556390997
0.0,1.3729849205710547,0.0,1.3327009150271845,0.0,1.39198406606183,0.0,1.3735588284443647,0.0,1.249852654278863,9.526315789473696,13.609022556390997
0.0032575384081894,1.3215772748324328,0.0458807038550128,1.369640793756908,0.037766280419725,1.3562635881710914,0.0630271563836631,1.4264617544916334,0.0298599019814754,1.2205102088531776,9.526315789473696,13.609022556390997
0.0,1.302883698562141,0.1202325763518767,1.2753495599696396,0.015062528024283,1.3524775523045236,0.1288785003296401,1.3320303396047588,0.0,1.2475340842816631,9.526315789473696,13.609022556390997
0.0,1.2042119289379394,0.0,1.2368808643982347,0.0,1.2452346243833692,0.0,1.2498512221620686,0.0527018757401119,1.127617151533183,9.526315789473696,13.609022556390997
0.0030018759194567,1.311643103341334,0.0,1.381215100588021,0.0,1.352210684551435,0.0058516885247136,1.424644437822962,0.0,1.2279163273426563,9.526315789473696,13.609022556390997
0.0,1.3835461470458086,0.0,1.3436446280249714,0.0,1.4083621286086383,0.0032176254246907,1.4064101581437454,0.0,1.2658967225606357,9.526315789473696,13.609022556390997
0.0,1.3421384837211423,0.0,1.3247765290434144,0.0,1.3607489411360472,0.0,1.3797456022343193,0.0,1.25877546599025,9.526315789473696,13.609022556390997
0.0,1.3154949167705536,0.0,1.267857894770943,0.0,1.3485583233907927,0.0,1.2961803101334213,0.032608378279973,1.202422486192723,9.526315789473696,13.609022556390997
0.0,1.353157657398842,0.0,1.3220284953841697,0.0,1.3918634303806672,0.0,1.3706646463959535,0.0,1.2557516916834934,9.526315789473696,13.609022556390997
0.0556492347119187,1.410229633699892,0.1228162836229859,1.397878494459782,0.0758508867462263,1.4452000488284602,0.1601139946859842,1.4378601496940766,0.0873216487493784,1.3012989581912044,9.526315789473696,13.609022556390997
0.1727304401152068,1.282385384728068,0.2406487523933823,1.3283557639623154,0.1530920930474563,1.2747899855257436,0.214652882294944,1.32301102486742,0.1784652898550668,1.235297642818362,9.526315789473696,13.609022556390997
0.0,1.3129269614575525,0.0,1.3120594915974375,0.0,1.3696574236949872,0.0,1.3381677646620682,0.0,1.2205026418217746,9.526315789473696,13.609022556390997
0.0,1.3375768025700563,0.0,1.289322446840065,0.0357901211889316,1.376209207456653,0.0,1.321127381550241,0.0,1.2028365091321076,9.526315789473696,13.609022556390997
0.08027845923167,1.4071211748862278,0.0884456488870947,1.4447536102075849,0.0831385809061506,1.4417405621676398,0.1347254998981551,1.476478524280158,0.0915666246653221,1.2998443393202903,9.526315789473696,13.609022556390997
0.0398842252463509,1.296263462265692,0.0,1.237342048525241,0.0364111757276344,1.3425601493697514,0.0,1.259761546206156,0.0,1.1638983029307708,9.526315789473696,13.609022556390997
0.0,1.250004378472076,0.0,1.299888862992626,0.0,1.3282192535927908,0.0022693253197726,1.372444672455218,0.0,1.193466098653208,9.526315789473696,13.609022556390997
0.0546894465105035,1.347369097321929,0.1382246763505325,1.343830625918656,0.0576166312646151,1.392764914476156,0.1754917432646995,1.3674461238797084,0.0617416917136688,1.2318765463939103,9.526315789473696,13.609022556390997
0.0,1.332802615498691,0.0778478283537491,1.2504017446090232,0.0,1.3398375511017249,0.0718097362414128,1.2658704732728323,0.0468842618739014,1.2209569632605983,9.526315789473696,13.609022556390997
0.0,1.3449676687846566,0.2245415060672664,1.3676445037204603,0.0229860529585676,1.3893174642124302,0.2357113359404807,1.4017533933891229,0.0586316551267928,1.2828630532847989,9.526315789473696,13.609022556390997
0.0,1.3469605137550504,0.0,1.3328711373927973,0.0,1.4065115175550649,0.0,1.364124895051393,0.0,1.24596295244227,9.526315789473696,13.609022556390997
0.0,1.3677745606730314,0.0,1.3760147508421494,0.0,1.4307635616948695,0.0,1.4018422643794908,0.0,1.2671851000983672,9.526315789473696,13.609022556390997
0.0160126309737672,1.3280944323383397,0.0,1.3408924604887915,0.0,1.33619901082513,0.0,1.3323246773819897,0.0045036271905139,1.2101161344266218,9.526315789473696,13.609022556390997
0.0998104274414791,1.2743208042785346,0.0,1.2090849424863972,0.1121147555884427,1.2698165322859816,0.0,1.2349542511728762,0.0073539347146831,1.1198322525770616,9.526315789473696,13.609022556390997
0.1792854074939325,1.326295058166107,0.0606974124527809,1.3510762658987,0.1825219635111627,1.3703936345982657,0.0895684259278856,1.3696797098172468,0.1997956163077339,1.247478987325749,9.526315789473696,13.609022556390997
0.0,1.4150114580740654,0.0,1.378872765910165,0.0,1.444232442219642,0.0,1.4061472944073414,0.0,1.2939445052652494,9.526315789473696,13.609022556390997
0.0235075053208966,1.2024986470753565,0.0053551310215605,1.237992611526292,0.0223943011581862,1.1927182191330743,0.0,1.2623304269737718,0.0,1.188663046736409,9.526315789473696,13.609022556390997
0.0,1.302485520591667,0.0,1.28541082971539,0.0,1.3363535381033618,0.0,1.3437286738493368,0.0,1.1975170652276466,9.526315789473696,13.609022556390997
0.0,1.377799749502235,0.0,1.3584441217730918,0.0,1.4660658802177169,0.0,1.4063789046920117,0.0,1.295042155861523,9.526315789473696,13.609022556390997
0.0,1.3009710867554776,0.0,1.2529404000419144,0.0,1.3308117893886338,0.0,1.2818752175330337,0.0,1.150047856784493,9.526315789473696,13.609022556390997
0.0,1.3211559314469867,0.0662179566402642,1.3315902963145076,0.0,1.3544623805095868,0.0631327751915661,1.367718730034542,0.0223259445453958,1.2255520180536772,9.526315789473696,13.609022556390997
0.0,1.3392768410926537,0.134100540468678,1.3159619245431635,0.0,1.3612918043623494,0.1187706656331685,1.3238064353712036,0.0469590367995509,1.213526952560115,9.526315789473696,13.609022556390997
0.0115937889318438,1.386736072896951,0.0,1.3175788449709986,0.032839781160222,1.4250011081426917,0.0,1.345560468261939,0.0,1.208061516520324,9.526315789473696,13.609022556390997
0.1471399854416547,1.2478558137116071,0.2331532356559945,1.2922651770268332,0.1027389295696337,1.2988776514856062,0.2203094868939905,1.3487847478796409,0.2077471008810768,1.1498263345031496,9.526315789473696,13.609022556390997
0.0595191143079025,1.320242984610855,0.1505695110671008,1.2976644320641053,0.0575019517359246,1.367645584766587,0.1258669468515812,1.3509559622325382,0.1586655415254509,1.2213317545532263,9.526315789473696,13.609022556390997
0.1426488001733179,1.3210731819581527,0.0669847967427057,1.2724339151864432,0.118439201555502,1.3786254395717057,0.0963582808657345,1.3227626834597348,0.1491670348617089,1.2322540417968468,9.526315789473696,13.609022556390997
0.0,1.3096156635269176,0.0,1.26290043943329,0.0,1.346330096723315,0.0,1.3010293890872566,0.0,1.2051289607548668,9.526315789473696,13.609022556390997
0.1620810390480003,1.3063392462341143,0.0525048085566483,1.3616963930631458,0.1741133072925452,1.373479183198685,0.0947725974088017,1.4074759512655364,0.1590570152287542,1.2209212256997433,9.526315789473696,13.609022556390997
0.0,1.2505831207619296,0.0,1.3212943327493658,0.0,1.2991019563560895,0.0,1.3390918997144194,0.0,1.2564824181867165,9.526315789473696,13.609022556390997
0.0225139919642479,1.238299686570491,0.0,1.2124216217832906,0.0115546257632163,1.2471797853028828,0.0,1.2484714880051435,0.0,1.1288742706755086,9.526315789473696,13.609022556390997
0.0276357995710941,1.3676952329713663,0.0,1.3010501273600794,0.0452725229737203,1.3966974214451118,0.0,1.319649975302552,0.0313315029521676,1.22534005636527,9.526315789473696,13.609022556390997
0.0,1.2553722556031424,0.0,1.3530323921330345,0.0,1.3057274423301308,0.0,1.4005215673457057,0.0,1.2278585952004144,9.526315789473696,13.609022556390997
0.0227046912231774,1.4033913026285494,0.0,1.3619484756950893,0.01390579190973,1.4443076141204918,0.0110734712188571,1.415946610787201,0.0173080449805959,1.27583725914817,9.526315789473696,13.609022556390997
0.0,1.321557032011771,0.022234388344609,1.3928470519646856,0.0,1.3961581550395308,0.0123995146294478,1.4418041474723795,0.0623075715387273,1.2390909307734932,9.526315789473696,13.609022556390997
0.0475805214067533,1.3552039615005609,0.0051625486149742,1.2756298672026236,0.019021851531827,1.3703643035554545,0.0059352930774748,1.2695834313407344,0.0,1.1783209710740166,9.526315789473696,13.609022556390997
0.0370508552293778,1.2869338984828538,0.0712887417585709,1.2622555986023762,0.0523783654547919,1.3114558506261114,0.0762334654342385,1.2766094600878677,0.0064406232114546,1.1859450920910728,9.526315789473696,13.609022556390997
0.0,1.4407325637385509,0.0,1.36949325704043,0.0,1.479058707452681,0.0174925625629468,1.3861131254774557,0.0,1.2842098415011167,9.526315789473696,13.609022556390997
0.0413414699844554,1.324081564389929,0.0723763244032103,1.3092404703990363,0.0358732922662858,1.3371837317627615,0.0809262227606238,1.3143333173010086,0.0815770044342719,1.1494893124216472,9.526315789473696,13.609022556390997
0.0,1.3342530835382966,0.0,1.3762657713552895,0.0,1.388628389275368,0.0,1.4417777771534537,0.0212353493119764,1.252759823431448,9.526315789473696,13.609022556390997
0.0249881816661997,1.3471598314928477,0.002758982971323,1.3131418161261272,0.0351004494069314,1.346990395343404,0.0024315673590701,1.3325169495565312,0.0468361464339293,1.2212842793623095,9.526315789473696,13.609022556390997
0.0,1.3321730524899336,0.0,1.4006354599353934,0.0,1.410717706595576,0.0,1.4589539341767783,0.0,1.2760569401703823,9.526315789473696,13.609022556390997
0.0,1.4284840583100624,0.0,1.4709402256461936,0.0,1.5004246566006354,0.0,1.5220693056722532,0.0,1.32611171101496,9.526315789473696,13.609022556390997
0.0,1.3434862751502952,0.0,1.2615005333649314,0.0,1.4148577352846228,0.0,1.289145459839476,0.0,1.1945736033491137,9.526315789473696,13.609022556390997
0.0,1.3213930233960087,0.0,1.2489833695632695,0.0,1.3440951962530605,0.0,1.275165382300135,0.0,1.1617600280409903,9.526315789473696,13.609022556390997
0.0,1.2973239645841703,0.0,1.3893893213564417,0.0,1.3152362717987924,0.0102641518814495,1.4567527213058358,0.0,1.2387050825308783,9.526315789473696,13.609022556390997
0.0,1.3392857688540305,0.0120736464825178,1.2810008813929374,0.0,1.39303188920105,0.0,1.3350923025572563,0.0,1.221394941818885,9.526315789473696,13.609022556390997
0.0,1.1856919520632712,0.0,1.3228642823077548,0.0,1.207082668728026,0.0,1.3219983077750832,0.0,1.182353401981978,9.526315789473696,13.609022556390997
0.0983630175080252,1.2701181367685266,0.1124156949289421,1.3492003115863485,0.117135094263004,1.3081001380106427,0.1223042887171142,1.370718014018501,0.1094349342472191,1.1803141586873482,9.526315789473696,13.609022556390997
0.1293026887708951,1.3873253848534377,0.0,1.3869751140728488,0.143199779945116,1.428542710935298,0.0,1.43559810779654,0.0634135198973918,1.2886555955598509,9.526315789473696,13.609022556390997
0.0,1.2960873154536796,0.0,1.4088998149654213,0.0,1.3469451844641829,0.0,1.450753881044712,0.0,1.26750472998062,9.526315789473696,13.609022556390997
0.0727492383980803,1.4362487620700144,0.0838323879550702,1.397581109748241,0.054352271234725,1.472383927513092,0.0765512789484098,1.4276636717777909,0.1346155037699237,1.2780848810163028,9.526315789473696,13.609022556390997
0.0,1.2873523465370265,0.0,1.3633562285110306,0.0,1.3198721628105252,0.0,1.396772465830819,0.0,1.2236641956171874,9.526315789473696,13.609022556390997
0.0604858633093916,1.294201978984936,0.0,1.233288491188996,0.0808134992879549,1.3146008151973052,0.0161325844216828,1.2657791470098512,0.0,1.182509251176796,9.526315789473696,13.609022556390997
0.0680344815152464,1.3353746001947264,0.1810978353394142,1.2624945151808094,0.0567540099649476,1.40414916275189,0.1532100427927269,1.3090846724575371,0.1974284962184693,1.2219946938784103,9.526315789473696,13.609022556390997
0.0,1.253767077929821,0.0974774767084682,1.2748087335302736,0.0,1.2781308060189265,0.0897912430697408,1.3236433386311228,0.0231215010413411,1.1650560004733492,9.526315789473696,13.609022556390997
0.0,1.3248748243238957,0.0,1.3409373465080792,0.0,1.3935174765398644,0.0,1.3781543580647817,0.0,1.2110937134683932,9.526315789473696,13.609022556390997
0.0,1.3778117656797622,0.0,1.3343867814546515,0.0,1.4205502361011673,0.0,1.366950795414753,0.0,1.2607756201002214,9.526315789473696,13.609022556390997
0.0,1.3858107565856548,0.0,1.3532124436881567,0.0,1.4002270821276872,0.0,1.388434930563184,0.0,1.2471170917136367,9.526315789473696,13.609022556390997
0.0,1.3950774047833432,0.0,1.331778382321377,0.0,1.4560914100594218,0.0,1.353884905126672,0.0,1.2543779754075903,9.526315789473696,13.609022556390997
0.046813676656653,1.2694167025359115,0.0751401894019736,1.2837712864340889,0.0311776071876761,1.3225265563102553,0.0461802570148899,1.3030763764666229,0.0799060335453493,1.1710501806002696,9.526315789473696,13.609022556390997
0.2119120932119299,1.2625688830303967,0.1299239821227359,1.2807588756703228,0.2131824223816939,1.3027886400214983,0.151423662258293,1.2966553886182144,0.1569354323546699,1.1846742443420857,9.526315789473696,13.609022556390997
0.0,1.4069594737012296,0.0,1.2900224601824897,0.0,1.4658530099926206,0.0,1.3497898559526469,0.0,1.2590738777859358,9.526315789473696,13.609022556390997
0.0,1.301405856624596,0.0,1.298445916783251,0.0029404956530002,1.3255711810023263,0.0,1.3310239641465846,0.0,1.194096355105596,9.526315789473696,13.609022556390997
0.3217143961535063,1.4076203269510057,0.2854308516009212,1.3654423108261091,0.3024360642757918,1.4525983596888077,0.268150752100243,1.4358678968985592,0.3040972771131093,1.2951312385084397,9.526315789473696,13.609022556390997
0.0185905315828973,1.3504073836653698,0.0526000431340212,1.3352568115769814,0.0,1.3596724974949377,0.0,1.3624081916357869,0.0765800235862108,1.203375592844961,9.526315789473696,13.609022556390997
0.1273608110511515,1.3699880818305448,0.0815912570669485,1.38929508608236,0.1253090924002509,1.425643629223023,0.0667819050340965,1.4265506109015156,0.1005209216836518,1.35102224290694,9.526315789473696,13.609022556390997
0.0,1.3229600760962716,0.0,1.285132461069279,0.0,1.4064399988984853,0.0,1.307636551304227,0.0,1.2468275538240747,9.526315789473696,13.609022556390997
0.0,1.2899366335246776,0.010473383154839,1.3278739408890587,0.0,1.358369400123022,0.050272556613552,1.3677010711169877,0.0,1.2042677417914631,9.526315789473696,13.609022556390997
0.0023437634589844,1.3720888173447394,0.1104754134234373,1.372444647305002,0.0,1.4399216245157185,0.1123433865477778,1.4334706396690984,0.0711592701307458,1.2656136527850173,9.526315789473696,13.609022556390997
0.0,1.5123354996425844,0.0,1.5371144275685222,0.0,1.5790640522487,0.0,1.5816622819178163,0.0,1.3980560975681415,9.526315789473696,13.609022556390997
0.0,1.3001143977280307,0.0,1.3215287921500405,0.0,1.3424650808164615,0.0,1.3715982792598478,0.0,1.2504547290373929,9.526315789473696,13.609022556390997
0.0,1.4019709450243512,0.0,1.2646792064342078,0.0,1.4315510087886592,0.0,1.3252515137667622,0.0,1.2435801823071102,9.526315789473696,13.609022556390997
0.0,1.2327487234741743,0.0,1.2723840825601502,0.0,1.288110681805245,0.0,1.3650252258459932,0.0,1.170757027826585,9.526315789473696,13.609022556390997
0.135059465703705,1.363528395603672,0.127025695711738,1.3482146970446005,0.1145205653077355,1.4430352847277348,0.0964615911282885,1.413416136258709,0.0161150962863726,1.2707964555911688,9.526315789473696,13.609022556390997
0.0,1.3012437872892075,0.0,1.2906138317869034,0.0,1.3500614357617016,0.0,1.349738738228664,0.0,1.2132180532954768,9.526315789473696,13.609022556390997
0.0,1.33356243467838,0.0,1.3475415928631085,0.0,1.405630184592363,0.0,1.3869376374462012,0.0,1.20911466687504,9.526315789473696,13.609022556390997
0.0,1.3763946302342795,0.0,1.4221769755785818,0.0,1.397887545273791,0.0114001561728161,1.4650853466939595,0.0306715327102501,1.279373420218713,9.526315789473696,13.609022556390997
0.0,1.3493427756452578,0.0,1.3191193582729164,0.0,1.3964772656126991,0.0,1.3735619661547178,0.0,1.247861650781443,9.526315789473696,13.609022556390997
0.0,1.282039211838909,0.0,1.2608382327316483,0.0,1.293609155609379,0.0,1.3088176403632343,0.0,1.1655464772116888,9.526315789473696,13.609022556390997
0.0,1.382301825327949,0.0,1.3802014234681093,0.0,1.425895404394225,0.0,1.4462687379473642,0.0,1.2776712250441296,9.526315789473696,13.609022556390997
0.0,1.3919570092269415,0.0915489029426984,1.3292296981504668,0.0,1.4453774402103392,0.1178649353342574,1.3799822374073378,0.0016726075443392,1.2304162421672946,9.526315789473696,13.609022556390997
0.0,1.3891997541101473,0.0,1.2800927464763685,0.0,1.435824751338135,0.0,1.3133377531157162,0.0,1.2163395523887262,9.526315789473696,13.609022556390997
0.0,1.4202975089081071,0.0870842549262094,1.276697603564872,0.0,1.4514499408796304,0.0632095126025551,1.268205400804977,0.0,1.2291210642132793,9.526315789473696,13.609022556390997
0.0,1.2961823424680152,0.0202300129578514,1.281717365293892,0.0,1.3364975429404038,0.0285047886491361,1.3205358492615238,0.0,1.205164586919256,9.526315789473696,13.609022556390997
0.0,1.2999667067681158,0.0,1.3286064568636229,0.0,1.3401854278347376,0.0,1.364125928073352,0.0,1.2784540947009195,9.526315789473696,13.609022556390997
0.0,1.3323915067143888,0.0,1.334205840473231,0.0,1.35831581585557,0.0,1.4147218201042684,0.0,1.2496240567793775,9.526315789473696,13.609022556390997
0.0,1.3045088990364595,0.0,1.2977969098847442,0.0,1.3554525784743174,0.0,1.3448806610131905,0.0,1.1894891118372397,9.526315789473696,13.609022556390997
0.0,1.234981994303034,0.0,1.207984125011977,0.0,1.239266875553106,0.0,1.2299079180817636,0.0,1.1128243826955897,9.526315789473696,13.609022556390997
0.0,1.2646788706110577,0.0,1.323753497527488,0.0,1.2784544660077208,0.0094157405690212,1.298116880305751,0.0,1.196301553393783,9.526315789473696,13.609022556390997
0.0,1.404981842121902,0.0,1.4041184469647476,0.0,1.446397698137072,0.0,1.456771549245767,0.1578708120579611,1.3126231486802724,9.526315789473696,13.609022556390997
0.0,1.3798363693502684,0.0,1.3520565028205545,0.0,1.4167908176052078,0.0,1.390430116933797,0.031374248838176,1.262744039047809,9.526315789473696,13.609022556390997
0.1434461233518754,1.247307936482005,0.2110727386517316,1.3449556077972475,0.1380585148760046,1.2599818689410234,0.2015487751336688,1.3682483296853098,0.1570640310615313,1.2095226290536358,9.526315789473696,13.609022556390997
0.0531645978306857,1.2917736011819765,0.0,1.27826789138926,0.051456042065804,1.337516406911249,0.0,1.313822457177641,0.0346081412549843,1.1866504216527596,9.526315789473696,13.609022556390997
0.0,1.3188851207781265,0.0,1.2738110050976374,0.0,1.3797590659978778,0.0,1.3106796595712298,0.0,1.1900404640856128,9.526315789473696,13.609022556390997
0.0,1.386086317121035,0.0338043103598862,1.351006901551636,0.0,1.4133126743074351,0.0531776160912791,1.3857267075428046,0.0050434128381854,1.2437507601727975,9.526315789473696,13.609022556390997
0.0,1.3511451827974208,0.0,1.36864645303958,0.0,1.4228826081517207,0.0,1.4414816236946917,0.0,1.263170558896227,9.526315789473696,13.609022556390997
0.0054946960988156,1.308811398328411,0.0900020890000135,1.3361452334609838,0.0620060376923035,1.3737845958752135,0.1032533989368816,1.4103270760661368,0.0484900569301085,1.2432945655832888,9.526315789473696,13.609022556390997
0.0,1.3609744269733102,0.0,1.3708424720563896,0.0,1.3895659890850602,0.0,1.3634570291805126,0.0,1.2351145601572964,9.526315789473696,13.609022556390997
0.0,1.2981454831942068,0.0,1.3267972554333438,0.0,1.3270754817944448,0.0,1.3993618130226366,0.0,1.2235885356087306,9.526315789473696,13.609022556390997
0.0,1.2854156245462394,0.0069846773885697,1.2545868165964111,0.0006327095328422,1.3536155370753995,0.0073203679150091,1.2918467384974752,0.1123953599896474,1.1916649852128998,9.526315789473696,13.609022556390997
0.0593220994299394,1.35024045807821,0.0,1.2905143243283583,0.0659337548473699,1.3756117727539805,0.0,1.33403744020369,0.0,1.202560651396085,9.526315789473696,13.609022556390997
0.0176980909551706,1.3496993360527796,0.0721251452949896,1.3129226373491476,0.0175850797881949,1.433126082988264,0.0599458337250342,1.3599509480485292,0.0,1.2658890251592607,9.526315789473696,13.609022556390997
0.0,1.2376146721317116,0.0,1.2859516424453767,0.0,1.2619615609388608,0.0,1.279295531206312,0.0,1.1812127516678714,9.526315789473696,13.609022556390997
0.0,1.385214178340299,0.0,1.379434354743729,0.0,1.4100008224382314,0.0,1.413925941534376,0.0,1.2559554650179403,9.526315789473696,13.609022556390997
0.0,1.352108618779517,0.0,1.3736028862799838,0.0,1.4155094631303036,0.0,1.3928758485773478,0.0,1.2908363725204173,9.526315789473696,13.609022556390997
0.0256753853676004,1.4161268660435309,0.0,1.3727744648094236,0.0306978717301862,1.4469214818055578,0.0,1.393174040364206,0.0,1.2443185918480688,9.526315789473696,13.609022556390997
0.2031236484992513,1.4488170662143651,0.0,1.4401719278880558,0.2232868416327975,1.4510619181454103,0.0,1.4375895908451242,0.0,1.2871984780135806,9.526315789473696,13.609022556390997
0.0,1.3158099816740256,0.0,1.3166850980419835,0.0,1.3175254678585613,0.0,1.3421553456432496,0.002454145752147,1.2032748258651649,9.526315789473696,13.609022556390997
0.0,1.2976214630866725,0.0,1.3263931415257288,0.0042950364435543,1.3846718764623798,0.0136074810520851,1.367932418424482,0.0083612350425844,1.224704657637055,9.526315789473696,13.609022556390997
0.0,1.3609647513371848,0.0,1.3704467487694154,0.0,1.4103115255265215,0.0,1.4293277154720885,0.0,1.236332098189113,9.526315789473696,13.609022556390997
0.0,1.2670319848570315,0.0296998914176421,1.293275094256452,0.0,1.2895209144875628,0.0,1.3158645308997126,0.1117960224944727,1.192090944363685,9.526315789473696,13.609022556390997
0.0,1.3301469980043783,0.0,1.2933740669316387,0.0,1.384199012677402,0.0,1.2982297743080031,0.0,1.1696360053257957,9.526315789473696,13.609022556390997
0.0,1.357959060026693,0.0854498402336868,1.2998987687193146,0.0,1.3939570593377146,0.111255167037445,1.2965395039220804,0.0275508788350256,1.222856714713137,9.526315789473696,13.609022556390997
0.0116359709184163,1.2737443022272188,0.0395182582597426,1.2572320826309549,0.0453069991582806,1.2693002557313873,0.0134683986177404,1.2790093818263193,0.0849662050353021,1.2000064576153615,9.526315789473696,13.609022556390997
0.0,1.378028229348305,0.0,1.3562676929191266,0.0,1.4588201181478535,0.0,1.4240243417120242,0.0,1.2594858164658562,9.526315789473696,13.609022556390997
0.0,1.3426078199307974,0.0,1.320544734707434,0.0,1.3800184774670596,0.0,1.3421546257796058,0.0,1.2690221610923476,9.526315789473696,13.609022556390997
0.0,1.303175082183984,0.0,1.26737264529662,0.0,1.3560127941768958,0.0,1.2959298823162368,0.0,1.1923607459798164,9.526315789473696,13.609022556390997
0.0,1.2819267954726596,0.0,1.3636848848341252,0.0,1.2895953542337864,0.0,1.3871214973672474,0.0,1.2347053017144023,9.526315789473696,13.609022556390997
0.0,1.4221319903893963,0.0,1.392721734348433,0.0,1.4746135237194018,0.0,1.4478702343305072,0.0,1.2684177536311998,9.526315789473696,13.609022556390997
0.0,1.3378717555238138,0.0,1.3328585612662942,0.0,1.4154912261761532,0.0,1.3986701222629034,0.0,1.2806914514474332,9.526315789473696,13.609022556390997
0.0,1.3116357926076934,0.0,1.2848430070584762,0.0,1.360980974845093,0.0,1.3186210154922124,0.0,1.2260163440457617,9.526315789473696,13.609022556390997
0.0,1.324586694626572,0.0,1.3022715601658836,0.0,1.3663193477145097,0.0,1.3533555933395638,0.0,1.2292280017147623,9.526315789473696,13.609022556390997
0.0,1.3529670138351504,0.0,1.34347447154069,0.0,1.3806592621329823,0.0,1.4148059897179277,0.0,1.271159800179288,9.526315789473696,13.609022556390997
0.0,1.2556291092421483,0.0,1.3091350010434193,0.0,1.3031755021143103,0.0,1.3511766212494083,0.0,1.1948260756567508,9.526315789473696,13.609022556390997
0.0,1.4100609318018955,0.0,1.376872958365891,0.0,1.462003745012945,0.0,1.4231592162212192,0.0,1.3222355628124025,9.526315789473696,13.609022556390997
0.0,1.2998220312379931,0.0,1.2981102191339646,0.0,1.3234496236999305,0.0,1.335922415413528,0.0633644612273494,1.1692749417167556,9.526315789473696,13.609022556390997
0.0076109234444658,1.3857876848422015,0.0,1.3258487799048069,0.0128705214912486,1.4439492628854371,0.0,1.3875110625130551,0.0,1.240303803975164,9.526315789473696,13.609022556390997
0.0,1.351106414168998,0.0,1.360758843373309,0.0,1.3826319898860535,0.0,1.377790835756825,0.0,1.2382396679942695,9.526315789473696,13.609022556390997
0.0848143712494092,1.3981576502312651,0.0796696300827191,1.3573643340335564,0.0572635664081395,1.4367814746574703,0.0890411164855944,1.375215685166509,0.0722812404344166,1.26500102889189,9.526315789473696,13.609022556390997
0.0376343299015698,1.379198902909947,0.0244595575240377,1.3957096887543607,0.0361856660759676,1.3878677590235025,0.0575325813082837,1.4601189396516965,0.0393397834952687,1.2552311579111683,9.526315789473696,13.609022556390997
0.0170705146303826,1.3762325479504909,0.0,1.2973311909701333,0.0164832596362785,1.4049605140517416,0.0,1.3428311213661006,0.0,1.2447888747024942,9.526315789473696,13.609022556390997
0.0,1.3932591864457458,0.0,1.3955878470939764,0.0,1.4428638978367616,0.0,1.447015747033366,0.0,1.3061359505404933,9.526315789473696,13.609022556390997
0.0,1.3943984573702994,0.0,1.3926014893052785,0.0,1.4609443265483977,0.0,1.4412466423856938,0.0,1.2669862722299048,9.526315789473696,13.609022556390997
0.0,1.3221074597336522,0.0,1.3188186920944538,0.0,1.3460161469722598,0.0,1.3504091678454766,0.0,1.2558843328915532,9.526315789473696,13.609022556390997
0.1082853424577624,1.386650434449371,0.0281832468776167,1.323384283332499,0.0617725747243595,1.413334764631974,0.0474668900327559,1.3396131528261803,0.0078708525946283,1.2422142329443628,9.526315789473696,13.609022556390997
0.0,1.348769775637548,0.0105740151641655,1.2856704654208662,0.0,1.442486532088144,0.0158078594277612,1.3286694741511604,0.0183263259413418,1.248653669888723,9.526315789473696,13.609022556390997
0.0,1.2811040772744042,0.0946448816655993,1.2738392712871345,0.0,1.3076745617404693,0.0897465118303615,1.3366765729799834,0.0835383454824035,1.185937734248151,9.526315789473696,13.609022556390997
0.1959442681628276,1.3119456335303248,0.0304925977090051,1.334439031509902,0.2138565805478054,1.3617900612497114,0.0793956857242709,1.3616781746486006,0.1933186306930691,1.2538735514870016,9.526315789473696,13.609022556390997
0.0,1.4013710553374934,0.0,1.393614265572676,0.0,1.451581547959162,0.0,1.4397798257651748,0.0,1.3048283931368236,9.526315789473696,13.609022556390997
0.0,1.312009742183787,0.0,1.363196467350491,0.0,1.373956638744811,0.0,1.433122157139207,0.0,1.265078127849529,9.526315789473696,13.609022556390997
0.0,1.2971086015215323,0.0,1.2903774720271408,0.0,1.3238927984030515,0.0,1.3396873944625318,0.0,1.1540190065517868,9.526315789473696,13.609022556390997
0.0,1.4058922092939952,0.0,1.4320311104612384,0.0,1.4387747367898378,0.0128443735209136,1.4939241375384875,0.0,1.2884833780100118,9.526315789473696,13.609022556390997
0.0,1.2780218144472213,0.0,1.327494514054698,0.0,1.310184215766835,0.0,1.3901867240964172,0.0511244045218521,1.2233090878225934,9.526315789473696,13.609022556390997
0.0,1.436538811907086,0.0553650940318447,1.3522065959458265,0.0,1.494129390109318,0.036058071596289,1.3861946434562096,0.0151437313827215,1.308370116304353,9.526315789473696,13.609022556390997
0.207543060691367,1.3698496157873523,0.0,1.2446302034505878,0.180075003024747,1.3861134880046182,0.0,1.2843823294564836,0.0,1.1830058796081864,9.526315789473696,13.609022556390997
0.0,1.4448900233759567,0.0802696890443502,1.3636179737647451,0.0,1.491951894146004,0.0348453047695781,1.3785708054825037,0.0323547432777461,1.2688729911752448,9.526315789473696,13.609022556390997
0.0,1.2650445468758404,0.0,1.1837703476376336,0.0,1.284173658099049,0.0,1.224750844252367,0.0,1.169696144407209,9.526315789473696,13.609022556390997
0.1835953187379804,1.2319122563252067,0.129937550061044,1.3435800356372911,0.1967300698585954,1.2550904977087316,0.1478396789117286,1.3699583457069748,0.1666986456132525,1.196501615607697,9.526315789473696,13.609022556390997
0.0178289974780377,1.3289897422828856,0.0486586872645503,1.2954909838456377,0.0,1.3911449251390644,0.0573615530048705,1.3374759543955272,0.0476016466926233,1.212177151371687,9.526315789473696,13.609022556390997
0.0,1.2910821308521,0.0485188800960133,1.3410531800623338,0.0,1.3393954976089857,0.0077691644314666,1.3637035726108853,0.0139339787016365,1.1479776402170516,9.526315789473696,13.609022556390997
0.0,1.3295551243615804,0.0,1.3559140953490705,0.0,1.3787373160883958,0.0,1.375089296239022,0.0,1.2228933885077558,9.526315789473696,13.609022556390997
0.0,1.350697739448318,0.0496463721786076,1.32935320541269,0.0084724773270419,1.3833075668961143,0.1156407375789967,1.3524590056455523,0.0620639444221397,1.2722411896664771,9.526315789473696,13.609022556390997
0.0,1.2972333227121065,0.0,1.2924161750296963,0.0,1.3257985676954551,0.0,1.3389917184558535,0.0,1.2101125011052802,9.526315789473696,13.609022556390997
0.0,1.3474645058638337,0.0,1.3006344747377083,0.0,1.3599544851714978,0.0,1.3504642968679408,0.0174194228124797,1.1945333632919928,9.526315789473696,13.609022556390997
0.0562313106183411,1.2935900992859837,0.1844415352687073,1.3293596599612607,0.0746110606808063,1.347940353661646,0.1663063659591329,1.3807006249896785,0.0709134888995103,1.2391632778095087,9.526315789473696,13.609022556390997
0.0,1.317427449634734,0.0,1.339131930667153,0.0,1.3143324870596194,0.0,1.3668980744048125,0.0139084290878311,1.2221043715115751,9.526315789473696,13.609022556390997
0.0,1.332532003200006,0.0,1.4068632240345298,0.0,1.414018822841152,0.0,1.4732949258283723,0.0,1.3034368645285046,9.526315789473696,13.609022556390997
0.0,1.3860783671390215,0.0,1.3848049614841629,0.0,1.3824336240545696,0.0,1.435317443628087,0.0,1.258117396521404,9.526315789473696,13.609022556390997
0.0,1.436553465256514,0.0,1.357808682952635,0.0,1.44543232888476,0.0,1.3972553027968402,0.0,1.268210689286363,9.526315789473696,13.609022556390997
0.0,1.3620008982664211,0.0,1.3833609897926031,0.0,1.3954173872520608,0.0,1.4407550548201726,0.0,1.2922192462838988,9.526315789473696,13.609022556390997
0.0,1.2601563224344994,0.0,1.276996334804334,0.0,1.3042233463391304,0.0,1.3519803806830653,0.0,1.1933381086753552,9.526315789473696,13.609022556390997
0.0,1.3980191516752989,0.0140740308340161,1.378962818871935,0.0,1.454837319551128,0.005266359791741,1.4542825453964203,0.0,1.2893702198659724,9.526315789473696,13.609022556390997
0.0,1.360100391145319,0.0,1.3799207837986571,0.0,1.4322057566204074,0.0,1.394380390734575,0.0,1.250781752869389,9.526315789473696,13.609022556390997
0.0301280478446518,1.3031706401759404,0.0901343949007202,1.376019706654152,0.0514808142965981,1.3441400558668302,0.0672365367673159,1.4001034747245296,0.0866793761291468,1.2066678420778845,9.526315789473696,13.609022556390997
0.0,1.2878028876267558,0.0,1.3809778803530564,0.0323042945332821,1.3434583911119475,0.0,1.43438014235204,0.0,1.274596395223916,9.526315789473696,13.609022556390997
0.0605935275798457,1.3710760217775422,0.0,1.325375862322136,0.0313231701424892,1.3865050862691954,0.0,1.362502180091429,0.0026279814978005,1.1795905931774997,9.526315789473696,13.609022556390997
0.0,1.373137214505422,0.0,1.3660339924860123,0.0,1.444752037313302,0.0,1.4044096293661126,0.0,1.2699167955674635,9.526315789473696,13.609022556390997
0.0,1.2991342663767216,0.0,1.2310507248868088,0.0,1.3539324898948302,0.0,1.271425026053556,0.0,1.1637047784008647,9.526315789473696,13.609022556390997
0.0,1.2464807868409271,0.0,1.3859219478915217,0.0,1.2585358029334377,0.0,1.3889672962057742,0.0,1.2387244468333969,9.526315789473696,13.609022556390997
0.0296749596353552,1.3489409666444083,0.1318427842698599,1.231755720195915,0.0251366496687061,1.4138508911807692,0.0974947270641986,1.291369750087627,0.1046763293854477,1.2115479509800116,9.526315789473696,13.609022556390997
0.0,1.3934350828995965,0.0,1.3632552864136125,0.0,1.437443842012164,0.0,1.387806400128389,0.0,1.2558667843069262,9.526315789473696,13.609022556390997
0.049909639115213,1.380792940270259,0.1227659252075462,1.3712036817771838,0.0408175002532041,1.444028048312635,0.1287235684411629,1.4154282336326087,0.0403061519566826,1.2578469103956138,9.526315789473696,13.609022556390997
0.0,1.4629946443428483,0.0,1.424405913596226,0.0210707557717585,1.5213111242547788,0.0,1.4689788638996926,0.0,1.2852728981172092,9.526315789473696,13.609022556390997
0.0,1.436770243721773,0.0,1.350756049504516,0.0,1.4954711987326588,0.0,1.4045875542252786,0.0,1.282896876765904,9.526315789473696,13.609022556390997
0.0,1.3151040742887703,0.0,1.1996114940414235,0.0,1.3484410526557349,0.0,1.2687086485932784,0.0,1.2282308151554182,9.526315789473696,13.609022556390997
0.0593722598316726,1.3057557080728612,0.0896948497105406,1.3083340240227583,0.1073325710345766,1.343073262373035,0.1226711290262978,1.3484228263727027,0.0694489057201501,1.181842156684969,9.526315789473696,13.609022556390997
0.0,1.3096223315554754,0.0,1.270818487167928,0.0046750351078063,1.3292128289955938,0.0,1.3184356267993018,0.0895612128379639,1.193633766049334,9.526315789473696,13.609022556390997
0.1860030729641629,1.30989262662685,0.2501363727447793,1.2881844312059536,0.1838994480398491,1.347503214177849,0.2544711943898526,1.345176329196311,0.2091055536459263,1.2115473778769446,9.526315789473696,13.609022556390997
0.0,1.2180325720921923,0.0,1.2952250986914144,0.0,1.2424278929674664,0.0,1.286783664045305,0.0,1.1587367094559398,9.526315789473696,13.609022556390997
0.0,1.4334969496064909,0.0,1.367238226104961,0.0061990147661721,1.5152372002722163,0.0,1.3862795736084292,0.0356035859262275,1.2976312558846987,9.526315789473696,13.609022556390997
0.0,1.3410161591380654,0.0,1.2929289802185315,0.0,1.3811931510607838,0.0,1.3530345424308114,0.0,1.2265949709140165,9.526315789473696,13.609022556390997
0.0,1.349246241671939,0.0,1.3058619660824586,0.0,1.4074835003847777,0.0,1.3427299752977264,0.0,1.2498852150019013,9.526315789473696,13.609022556390997
0.0485859134347034,1.2834541784460634,0.0173206407105453,1.353704108942533,0.0515906611850829,1.3260789067527696,0.0340844381901307,1.3920544991444987,0.0575280770398212,1.2018153385741313,9.526315789473696,13.609022556390997
0.0059675223144588,1.3442770074268744,0.1036934950196528,1.298102923050121,0.0363353279974986,1.3607685769518871,0.1311931195816006,1.3221700016807123,0.0794800432191895,1.2221816443071911,9.526315789473696,13.609022556390997
0.0,1.3515960215683849,0.0,1.308655019707416,0.0,1.3671652714955804,0.0,1.308815296803422,0.0,1.2137492470527989,9.526315789473696,13.609022556390997
0.0086627000481785,1.4608587794318133,0.0,1.3654921317985156,0.0195537502380332,1.5339230867354137,0.0,1.4333220312381572,0.0,1.31965328098619,9.526315789473696,13.609022556390997
0.0,1.2955578720704928,0.0,1.3258377607821454,0.0,1.3079061122492346,0.0,1.3779549247391714,0.0,1.175685059894312,9.526315789473696,13.609022556390997
0.0,1.2323752748746462,0.0,1.2490731803502877,0.0028492474960705,1.290387367966267,0.0,1.2747015384005609,0.0,1.1918880074280105,9.526315789473696,13.609022556390997
0.1161519447912655,1.4170228171499315,0.0581281111256069,1.3642241868737588,0.087675716012063,1.4386589543809274,0.0362052140727828,1.4075196379545951,0.052107497280339,1.3086192159247738,9.526315789473696,13.609022556390997
0.0,1.4153453426344793,0.0,1.3096760788974386,0.0,1.4128165336406568,0.0,1.30337215265411,0.0,1.291243174778765,9.526315789473696,13.609022556390997
0.0030078716592807,1.2821090999960223,0.0,1.3058831483773958,0.0,1.3370350831752331,0.0,1.3477297639641117,0.0,1.2025052102280347,9.526315789473696,13.609022556390997
0.0014499601583059,1.3332669037421792,0.0,1.3138278728684132,0.0045088725943104,1.3529556077230576,0.0,1.3206470278950542,0.0328583467039197,1.203059658341226,9.526315789473696,13.609022556390997
0.0,1.2956084506904455,0.0,1.306249423032324,0.0,1.329750127350229,0.0,1.3210953054185566,0.0,1.175407757015893,9.526315789473696,13.609022556390997
0.0,1.4227281482963767,0.0,1.4361777562856484,0.0,1.4186652743051773,0.0,1.4781377416728043,0.0,1.3273951390950698,9.526315789473696,13.609022556390997
0.0372765531565307,1.2983828410650071,0.0,1.2869975781837522,0.0773673942708617,1.3403787330213548,0.0163598482193103,1.332566001579684,0.0,1.2340096133119596,9.526315789473696,13.609022556390997
0.0611822497406388,1.456432658378224,0.0771434894478486,1.4523281986649648,0.1048630290975343,1.520243544402591,0.1306306593438765,1.50791683075711,0.0309052425520061,1.3628073369224611,9.526315789473696,13.609022556390997
0.0,1.3049809255309877,0.0,1.2714511751233042,0.0,1.3619940953202132,0.0,1.3292029453811864,0.0,1.2257790908254154,9.526315789473696,13.609022556390997
0.1368800833660922,1.304733502962781,0.1434872935822093,1.29636545665073,0.1234895632198462,1.3504438162641137,0.1226384889085223,1.355642146585634,0.1406605954102353,1.201536190449645,9.526315789473696,13.609022556390997
0.0,1.2971128323723884,0.0,1.3234154146691175,0.0,1.350834379543755,0.0,1.351349148493781,0.0,1.217910807823356,9.526315789473696,13.609022556390997
0.0,1.361316217819006,0.0,1.350730337482166,0.0,1.4141649033871788,0.0,1.3839315972793202,0.0,1.2690678752138205,9.526315789473696,13.609022556390997
0.0,1.409129511091146,0.0,1.3459536512916783,0.0,1.50055275986883,0.0,1.3937867614266906,0.0,1.2247594344937427,9.526315789473696,13.609022556390997
0.0803396170835589,1.3711090101742835,0.051796111162718,1.3772862880572403,0.110980416588552,1.4156615493909004,0.0741473317322721,1.432584523631671,0.0,1.2166253856672815,9.526315789473696,13.609022556390997
0.035858396026218,1.394372276993772,0.0569296323512241,1.3731709887507886,0.0505359687080624,1.398608085828014,0.103898516901069,1.4303151599179191,0.0435690700447058,1.263121605749616,9.526315789473696,13.609022556390997
0.1277505211021302,1.339236934451116,0.1751203994886853,1.272649043527706,0.1299585546336787,1.392784033482506,0.1562285135215302,1.337773135685931,0.173648437466534,1.2193961502764583,9.526315789473696,13.609022556390997
0.0,1.3114708063997045,0.0,1.3297217595559174,0.0,1.348203803918039,0.0,1.3713890353099645,0.0,1.2281829271471876,9.526315789473696,13.609022556390997
0.0,1.3253478220937311,0.0693265985490175,1.2972159824172758,0.0,1.3535451798774334,0.0747700617831385,1.2980995982310892,0.0,1.2497242223328682,9.526315789473696,13.609022556390997
0.0357182442530155,1.2396182749282785,0.0,1.292340463179203,0.001368825616744,1.2758770403212147,0.0,1.3351665293104271,0.0,1.1866186893563135,9.526315789473696,13.609022556390997
0.0,1.292035706886257,0.0,1.3157294500318266,0.0,1.3704496710229668,0.0,1.3684682428163577,0.0,1.2450331004869986,9.526315789473696,13.609022556390997
0.1203767530921913,1.3076663576548095,0.2326911848197646,1.347547039210948,0.1393263910524911,1.348603518547398,0.2401235668961098,1.371828863031186,0.160480243561563,1.249555170173077,9.526315789473696,13.609022556390997
0.1601411383406374,1.3154282355693403,0.1567625731910685,1.2827942818405518,0.1637275042804217,1.368644337670491,0.133422574189107,1.3288212715946013,0.1535042039233,1.2010560054002868,9.526315789473696,13.609022556390997
0.0,1.4096931422156391,0.0,1.3202846966527824,0.0,1.459740214369306,0.0,1.3803622551950625,0.0,1.2722416539854524,9.526315789473696,13.609022556390997
0.0,1.364411661232237,0.0,1.417988967110817,0.0,1.4396714678485678,0.0,1.4901342247828964,0.0,1.3184813426747046,9.526315789473696,13.609022556390997
0.0,1.3436416158475903,0.0,1.305507675479339,0.0,1.4086365999908863,0.0,1.363095278135955,0.0,1.237830355801164,9.526315789473696,13.609022556390997
0.0,1.3204820394444772,0.0,1.3251601250506106,0.0,1.3734095005299545,0.0,1.3868555362980426,0.0,1.2158080168120262,9.526315789473696,13.609022556390997
0.0470958867091206,1.3529455964726618,0.0782596271958283,1.325542771531664,0.0762460233321221,1.4001368294771066,0.0941877704253807,1.347954847684672,0.10168645086818,1.2443301672020222,9.526315789473696,13.609022556390997
0.055251533535349,1.4170237558668524,0.1212563194423018,1.350637372315107,0.0684126448371565,1.4823451881850709,0.1092644664909771,1.4173396323610334,0.0277648417833754,1.2944112647635582,9.526315789473696,13.609022556390997
0.0,1.3996330065709923,0.0,1.3325251065530974,0.0,1.4303273204382685,0.0,1.3871287220984094,0.0,1.2433180609995775,9.526315789473696,13.609022556390997
0.0774235238341897,1.3305595492452515,0.0225251778242703,1.3473276020348448,0.0813356083896073,1.387350784092668,0.038716866787742,1.3718757682322251,0.0009392345040431,1.258371589133854,9.526315789473696,13.609022556390997
0.0,1.3068618520649125,0.0930298752816077,1.26887712850317,0.0225385105585655,1.315937693364446,0.122900245154385,1.2683720358247046,0.055498404161697,1.183728083008439,9.526315789473696,13.609022556390997
0.0,1.3650341842189466,0.0,1.3888393409237505,0.0,1.4350594272119304,0.0,1.473796592582659,0.0,1.270556333808046,9.526315789473696,13.609022556390997
0.0,1.3280075890198275,0.0,1.267661585961815,0.0,1.35157237268319,0.0,1.3093136952532691,0.0,1.1788879235009608,9.526315789473696,13.609022556390997
0.0,1.309454272106978,0.0,1.2398700744081643,0.0,1.387733686658217,0.0,1.2699823579815137,0.0,1.2026473452781463,9.526315789473696,13.609022556390997
0.0,1.3259309433302366,0.0,1.2670087767236686,0.0,1.3292167244175266,0.0,1.280543349952506,0.0386117934451285,1.1834881480654489,9.526315789473696,13.609022556390997
0.0,1.3365132741221868,0.0,1.2803581372903707,0.0,1.3779510721057644,0.0,1.3412340312816968,0.0,1.268940679568802,9.526315789473696,13.609022556390997
0.0,1.2474154763659016,0.0,1.2257409844220646,0.0,1.2942002012619434,0.0,1.2827691820517866,0.0,1.1624281867544433,9.526315789473696,13.609022556390997
0.0,1.2961604910601603,0.0,1.3128016567097345,0.0,1.3554994803765676,0.0,1.3316097821630295,0.0,1.227338816331396,9.526315789473696,13.609022556390997
0.020441813559901,1.3559703903563496,0.0,1.392790573781989,0.0263353557957324,1.3803148048635852,0.0,1.4497848128160982,0.0,1.249642757023006,9.526315789473696,13.609022556390997
0.1228250233887555,1.1666060363387916,0.2160399281435994,1.1783101207292108,0.1101858406815207,1.2082321247566106,0.1944924989865804,1.223782833311604,0.130411944471873,1.1187548088147254,9.526315789473696,13.609022556390997
0.0,1.3750113109680038,0.0,1.3100593433164138,0.0,1.4479391357379423,0.0,1.3535262479905596,0.0,1.2384215374990362,9.526315789473696,13.609022556390997
0.1296526731597425,1.340257782186776,0.0401918927971117,1.299418523164645,0.1024156222063788,1.4046967584864736,0.0,1.3834372936947823,0.0647538498318549,1.253436978167528,9.526315789473696,13.609022556390997
0.0,1.3378745871651463,0.0395034050862847,1.3504396958365716,0.0,1.4046915559679158,0.0428747783918296,1.3813625853007705,0.0,1.2457951080117249,9.526315789473696,13.609022556390997
0.0,1.330317621887665,0.0,1.3767794980454895,0.0,1.3854668978331173,0.0,1.4030567289033269,0.0,1.236344383381379,9.526315789473696,13.609022556390997
0.0,1.4161875401549304,0.1068716888227373,1.4007445636773763,0.0,1.4615898275938903,0.1447843665234789,1.4657003988895811,0.0,1.30212810151236,9.526315789473696,13.609022556390997
0.0,1.5392990367690855,0.0269054267075787,1.4702212813997455,0.0,1.5535847531108051,0.0023538760399879,1.495668400368261,0.0631610461442661,1.3441396590136132,9.526315789473696,13.609022556390997
0.0,1.363592767536428,0.0,1.4608528177201798,0.0,1.4120573634242868,0.0,1.5076981155398463,0.0,1.3143201321921263,9.526315789473696,13.609022556390997
0.0,1.4114318196785574,0.0,1.3450471741756638,0.0,1.494481903567055,0.0,1.426145222319621,0.0,1.284230793133562,9.526315789473696,13.609022556390997
0.0411801697389318,1.3950783617492466,0.1726386837394955,1.4463303506453138,0.0502884679654791,1.4520712050228808,0.1852945929201603,1.5123190912804172,0.0571910146090084,1.3486459362857923,9.526315789473696,13.609022556390997
0.0281093357819266,1.2719245052428096,0.0210039382950292,1.2576202800483771,0.0257215178810876,1.2863857031305808,0.017497732314247,1.2646117608080494,9.87329245534596e-05,1.18127506056033,9.526315789473696,13.609022556390997
0.0,1.3080192702697264,0.0,1.2700610915126695,0.0,1.3139343832028956,0.0,1.2730667442440118,0.0,1.156035255882515,9.526315789473696,13.609022556390997
0.0941090204337329,1.4561743830192342,0.0937323415153816,1.4270666136055432,0.0977287122401054,1.5113567063148947,0.1018606396929205,1.465258014062153,0.0,1.295391820013764,9.526315789473696,13.609022556390997
0.0281460144411486,1.287549193861167,0.1384346156854838,1.2868581750377148,0.0357942132406692,1.3131352040160902,0.1443454582186781,1.3020695311777937,0.0789671153024087,1.2129046181428542,9.526315789473696,13.609022556390997
0.0,1.366712907347013,0.0,1.3971453727597434,0.0,1.4259314617754395,0.0,1.4521836773883707,0.0,1.3323914838125437,9.526315789473696,13.609022556390997
0.0,1.335982524372,0.0386995749822208,1.325436850518336,0.0,1.3403483853619047,0.0,1.333228105867984,0.1092128721299804,1.211304582249726,9.526315789473696,13.609022556390997
0.0458896956354823,1.3794621726574663,0.0211588704640938,1.3309758581043705,0.0602468924394863,1.4204369219866988,0.0489681215188542,1.3811679725867572,0.0938837704397359,1.2650854954784414,9.526315789473696,13.609022556390997
0.0,1.3855942386580484,0.0,1.322223413249087,0.0,1.422912210704559,0.0,1.320177562969401,0.0,1.2226275220974678,9.526315789473696,13.609022556390997
0.0124076816658633,1.4194104435851704,0.128638275623716,1.3560365983397638,0.0393330005811493,1.5107375717685096,0.1765968562713285,1.4083344083417495,0.1521003411684713,1.2750804393347552,9.526315789473696,13.609022556390997
0.0,1.252381152192284,0.0,1.2419156445512527,0.0,1.3065051565653143,0.0,1.2819765763851616,0.0,1.1732363701028248,9.526315789473696,13.609022556390997
0.0,1.415443494837545,0.0,1.3486226765312208,0.0,1.4401654105377455,0.0,1.3884026481784983,0.0322277196417041,1.2493879153908258,9.526315789473696,13.609022556390997
0.0,1.28140262572848,0.0,1.2944700267709126,0.0,1.306506184273093,0.0,1.3045055730551491,0.0,1.1874022998501086,9.526315789473696,13.609022556390997
0.0,1.286455606221948,0.0,1.3158825816675424,0.0,1.3161099782514392,0.0,1.337284873201086,0.0269137289907794,1.188198088502287,9.526315789473696,13.609022556390997
0.0,1.3240400456843169,0.0,1.277380030959308,0.0,1.3653505374841972,0.0341230450586829,1.3079635060984742,0.0,1.1993679549254153,9.526315789473696,13.609022556390997
0.0504174146301627,1.3402100195116302,0.0,1.2542871170353642,0.0678293169354657,1.3915414311871712,0.0,1.2933398236053746,0.0421156134953457,1.215156964971153,9.526315789473696,13.609022556390997
0.0,1.3257967206491068,0.0,1.3351192212954448,0.0,1.3247577821030807,0.0,1.3443098481908813,0.0,1.1888607798288091,9.526315789473696,13.609022556390997
0.0201934969723878,1.21762161453213,0.0846540190763965,1.3093058394603594,0.0295777402742998,1.2294816664561532,0.0876081417063086,1.3143770421798568,0.0698773506125941,1.1986749268431738,9.526315789473696,13.609022556390997
0.0754059715936846,1.264890484915612,0.0,1.1960757189174558,0.1010408614101165,1.2977658837686077,0.005145449536933,1.2307633850294406,0.0,1.15828142264945,9.526315789473696,13.609022556390997
0.0,1.346476275161293,0.0,1.3818901646682893,0.0,1.3691021287801428,0.0,1.3993531736724971,0.0,1.234569056890921,9.526315789473696,13.609022556390997
0.0,1.321752245642415,0.0,1.3368776868029393,0.0,1.3554768697727155,0.0,1.3938989209390544,0.0,1.280969516504073,9.526315789473696,13.609022556390997
0.0,1.2964258812648275,0.0,1.3159594524441942,0.0,1.310522428734216,0.0,1.3910769773843294,0.0,1.2347249666459696,9.526315789473696,13.609022556390997
0.0,1.318085509502018,0.0,1.3069516577905544,0.0,1.372347116249556,0.0,1.3425545176196407,0.0292096672254822,1.1834440604214425,9.526315789473696,13.609022556390997
0.0738847924706891,1.2177332634564395,0.0,1.224861906817282,0.0824426837786703,1.2579686826697418,0.0266786943081201,1.2649487899064853,0.0837925723344999,1.161323977252282,9.526315789473696,13.609022556390997
0.091770054303799,1.3782166342864792,0.0100295831914604,1.4248919741172232,0.0768672337198787,1.44048646302854,0.048262638084883,1.4800794925991796,0.1032797726302451,1.2664183026701663,9.526315789473696,13.609022556390997
0.0972263838911749,1.2801570903400752,0.2576435434309346,1.2691289557423375,0.0810617376242622,1.3220031435887745,0.2741542255449618,1.3064709645643475,0.1608362825568023,1.2086033663323676,9.526315789473696,13.609022556390997
0.0,1.5364538224693804,0.0801475295677762,1.4733735146991522,0.0,1.6539845137190663,0.0849137337617538,1.539719869843709,0.1089122839278709,1.3985055767955366,9.526315789473696,13.609022556390997
0.0,1.330098867213473,0.0,1.275575154070371,0.0,1.3548753419635218,0.0,1.297053469704253,0.0,1.2307946182044136,9.526315789473696,13.609022556390997
0.0395803185852307,1.3424570241369778,0.0090321905923812,1.2743911747926422,0.0697255783134426,1.4074244262754432,0.0323814336523147,1.3038338662992948,0.0834889807931608,1.2336912309968362,9.526315789473696,13.609022556390997
0.0,1.3225343925601003,0.0,1.3383905427191325,0.0,1.3715495239343436,0.0,1.3586354499281048,0.0,1.247049996023646,9.526315789473696,13.609022556390997
0.0,1.359723467329487,0.0110852475428779,1.3338950376426937,0.0031106637206838,1.420972997122089,0.0260268759943673,1.3793910506000124,0.028429960478599,1.2574589654012611,9.526315789473696,13.609022556390997
0.0,1.3757737355860824,0.020424102711588,1.344314923983036,0.0,1.4324014701462715,0.0371274935092756,1.3615659747416835,0.0,1.2088643470044904,9.526315789473696,13.609022556390997
0.0450533958332511,1.329649985916021,0.0,1.328932375952696,0.067794731861699,1.3858589065061395,0.0,1.3937041810520066,0.0275205456821099,1.2240246926900518,9.526315789473696,13.609022556390997
0.0136667086780124,1.4075092582705984,0.0,1.3461192654944127,0.0442056006202135,1.4636559842386256,0.0,1.4147857790734713,0.0513405099655796,1.2530325697610514,9.526315789473696,13.609022556390997
0.2042484107511863,1.359532623089727,0.126275752498635,1.2798186654723245,0.2305091876350903,1.3814763254012727,0.1361496322188614,1.318921781111459,0.1373601488964281,1.2015825662379842,9.526315789473696,13.609022556390997
0.0,1.468175407326228,0.0033178458043027,1.468438547512788,0.0,1.4997549180088368,0.0122859696969036,1.515897402709615,0.0,1.3263292612450035,9.526315789473696,13.609022556390997
0.0,1.3628796638658864,0.1002840818886322,1.4336172143289896,0.0,1.4000691388490367,0.0807576249163252,1.4850255810711757,0.0021205135032517,1.2805064384929012,9.526315789473696,13.609022556390997
0.0,1.3635457068895511,0.0,1.4461685999214453,0.0,1.3913767799127683,0.0,1.4897958140600158,0.0,1.3018557287732258,9.526315789473696,13.609022556390997
0.0,1.2632682987853467,0.0,1.29438725236746,0.0,1.315995669664332,0.0,1.332058706946521,0.0,1.181498114526328,9.526315789473696,13.609022556390997
0.0488822118730517,1.2762734777304472,0.0609495774876236,1.2926369109473894,0.0804235121818181,1.3317998103944246,0.0723229046241412,1.31410339509214,0.0419566729105008,1.2021273831030237,9.526315789473696,13.609022556390997
0.0093981788104032,1.4126943955975844,0.0,1.3338576677093965,0.0153204609697237,1.4661514139858196,0.0,1.3919513673611528,0.0,1.2720873839437743,9.526315789473696,13.609022556390997
0.0,1.3018750091585891,0.0,1.2879011644420035,0.0,1.3425184062043134,0.0,1.2943598888099388,0.0477892289904232,1.1858343293078504,9.526315789473696,13.609022556390997
0.0,1.323982700421662,0.0,1.2958883056551596,0.0,1.3910737819528392,0.0,1.332024357432907,0.0,1.260632803007335,9.526315789473696,13.609022556390997
0.0,1.401650136932041,0.0039375803406934,1.399257254831081,0.0,1.4851237895985636,0.0,1.4157224875550207,0.0,1.2783192427144705,9.526315789473696,13.609022556390997
0.0,1.3290627339830157,0.0,1.2480298650030666,0.0,1.3701912421232856,0.0,1.2872941619522311,0.0,1.1836424804983836,9.526315789473696,13.609022556390997
0.0667607352083378,1.3871143279995677,0.0,1.3959640178371369,0.0995812819801054,1.4088665059487964,0.0,1.4322150209435145,0.0,1.2273310322882118,9.526315789473696,13.609022556390997
0.0,1.315667937040394,0.0,1.3273214861598657,0.0,1.3538859551551388,0.0,1.3566493709646772,0.0,1.1832412291606131,9.526315789473696,13.609022556390997
0.1012604923492796,1.3329715980256929,0.03915149076108,1.3318945872976986,0.114421636435296,1.3814914412205763,0.0522098987083625,1.372579598025792,0.1305748430111676,1.2439620099145952,9.526315789473696,13.609022556390997
0.0468466966957853,1.3295918656316985,0.1500985919388106,1.3058986639002903,0.0559922662464666,1.330048706802175,0.1107717378995248,1.3385188843353746,0.0157946600219597,1.197481356433822,9.526315789473696,13.609022556390997
0.0,1.1667751805719444,0.0301743806802966,1.1675157405733212,0.0,1.2415881219705938,0.0137183348659225,1.1962917127619077,0.0,1.113302708580465,9.526315789473696,13.609022556390997
0.0,1.42885616627653,0.0,1.3512354480094455,0.0,1.4668744626480734,0.0157152276073501,1.3825051505039767,0.0,1.2759377387861643,9.526315789473696,13.609022556390997
0.0,1.2815422507353742,0.0,1.3113110301826638,0.0,1.2871925693749566,0.0,1.3236857170763006,0.0,1.16481778140478,9.526315789473696,13.609022556390997
0.0,1.2797427713521172,0.0,1.251581393948911,0.0,1.3244614100104808,0.0,1.2988164248893372,0.0,1.2282782067051092,9.526315789473696,13.609022556390997
0.0,1.3705583142426252,0.0,1.3770896183447452,0.0,1.3770090266807835,0.0,1.4059598810359866,0.0,1.2338093147404667,9.526315789473696,13.609022556390997
0.0,1.3561796706019962,0.0,1.409856802599577,0.0,1.391030131678711,0.0,1.4669589369978229,0.0,1.2613596975751835,9.526315789473696,13.609022556390997
0.1291135364628653,1.3532676469534106,0.1078166086199433,1.3318475300855137,0.145124433738104,1.3826519471601475,0.1326250143527701,1.3815259851855533,0.0286711489725047,1.2591361989681928,9.526315789473696,13.609022556390997
0.1862056649566236,1.270957503897184,0.0129833765018245,1.3456192133560845,0.1998940513542338,1.3551498371120694,0.0292742991439774,1.4177761374160267,0.0947263600342731,1.2426419121844363,9.526315789473696,13.609022556390997
0.0,1.2892921133258173,0.0,1.3495784253424796,0.0205049135422504,1.329787104405767,0.0,1.3961733125703926,0.0531187578651752,1.213852243741664,9.526315789473696,13.609022556390997
0.0,1.3065588483694763,0.0,1.4018697516169154,0.0,1.3332328807376546,0.0,1.4266170110281098,0.0,1.2407490611241847,9.526315789473696,13.609022556390997
0.0,1.3154925404353344,0.0,1.2597919837883986,0.0,1.3140800321603157,0.0,1.2709132489499784,0.0,1.1960092183680784,9.526315789473696,13.609022556390997
0.0,1.3743741002265388,0.0,1.3254471794110372,0.0,1.4199495845937524,0.0,1.3675063146532107,0.0,1.2619309069626454,9.526315789473696,13.609022556390997
0.0,1.3634455583520306,0.0,1.2865886085021454,0.0,1.428834366464208,0.0,1.3443123688406022,0.0,1.2409417379676804,9.526315789473696,13.609022556390997
0.0174585736089324,1.5165866899421028,0.0,1.4995666413418574,0.0274616253038052,1.5528208029598742,0.0,1.544588979236908,0.0342739206546503,1.3292487860356197,9.526315789473696,13.609022556390997
0.0507722836557763,1.3391898199269066,0.0553034484848275,1.3250819400526517,0.0451545929108921,1.387292913305186,0.0336459191069438,1.3547399539395215,0.0366651378116104,1.2010509031307637,9.526315789473696,13.609022556390997
0.0918565390590465,1.318417542743189,0.0,1.3234323667715997,0.0599978861653092,1.35599238434696,0.0,1.3450605218427722,0.0251942477452628,1.1776829438938698,9.526315789473696,13.609022556390997
0.0,1.2988257796356195,0.0,1.2527562967710495,0.0,1.3411281274740734,0.0,1.296193231520309,0.0,1.1811342115175447,9.526315789473696,13.609022556390997
0.0,1.284933652805017,0.0456218818880357,1.286983286503768,0.0,1.3236414436224488,0.0068211845251995,1.3513561670963663,0.0006341402074363,1.2092911157193358,9.526315789473696,13.609022556390997
0.1127856014413108,1.2636151011992145,0.0,1.394938047701399,0.1057941198954752,1.285304796195072,0.0,1.4214955980728612,0.0,1.2435454343185874,9.526315789473696,13.609022556390997
0.0,1.3307486399448598,0.0,1.3248753958339834,0.0,1.3933668812066269,0.0,1.3602839047157895,0.0148174409779695,1.2316896676803586,9.526315789473696,13.609022556390997
0.0,1.3780377078253303,0.0,1.3796446633604933,0.0,1.41098652884538,0.0,1.4034536965178162,0.0064428736933067,1.298515962711323,9.526315789473696,13.609022556390997
0.0,1.344270257062935,0.0,1.3041192409789,0.0,1.3839512155016045,0.0,1.3337228161087835,0.0,1.238895155895627,9.526315789473696,13.609022556390997
0.0703036150043997,1.2919165035387568,0.0032144150166905,1.2728214824670627,0.0558578697818877,1.356107377937518,0.0,1.3064977510766946,0.0610404478884855,1.2265953158325076,9.526315789473696,13.609022556390997
0.049318105026712,1.3019121683053776,0.0,1.3742695606282354,0.0350035837155879,1.3226143491503024,0.0,1.4212115483954868,0.0,1.281614181361829,9.526315789473696,13.609022556390997
0.0,1.2757160126981164,0.0,1.256073350217887,0.0,1.2792942429590657,0.0,1.2575939146242878,0.0,1.1769533132943435,9.526315789473696,13.609022556390997
0.0,1.4426574132839385,0.0,1.3778181729558538,0.0,1.472653920636248,0.0,1.3923076807580126,0.0,1.285316786337166,9.526315789473696,13.609022556390997
0.0545206348986866,1.4312934033038331,0.0,1.3852135740908482,0.0747777393061319,1.5197401948010898,0.0,1.393229997642155,0.0361742295486004,1.32831598514806,9.526315789473696,13.609022556390997
0.0,1.2856115210407275,0.0,1.2471875412627846,0.0,1.3518514833049875,0.0,1.2821806081749532,0.0,1.205093347327152,9.526315789473696,13.609022556390997
0.0042561917333447,1.267517800911149,0.0,1.323075018470503,0.0285873426763263,1.3530910546725026,0.0,1.3729973009466316,0.0,1.2353702704984024,9.526315789473696,13.609022556390997
0.0,1.4109666117799182,0.0,1.37760423785702,0.0,1.4534192820095708,0.0,1.3978983438719084,0.0,1.254882037851756,9.526315789473696,13.609022556390997
0.0,1.4136916178264802,0.0,1.384779217665399,0.0,1.4115361146315246,0.0,1.3828628078152876,0.0,1.270386841706011,9.526315789473696,13.609022556390997
0.0836642492386765,1.3348510937405171,0.0935404919319487,1.3452410177573677,0.0841365353323806,1.3654958126310497,0.1409696181160071,1.3788414532463191,0.1583701527582616,1.2330019621838135,9.526315789473696,13.609022556390997
0.0,1.4402598085137914,0.0,1.453355733964918,0.0,1.5024625884656844,0.0,1.4868163354591288,0.0,1.3084130390771318,9.526315789473696,13.609022556390997
0.0679458960303347,1.2658145501625089,0.0089316186725679,1.2796678288754115,0.069052486961256,1.298860084840541,0.0285916395438022,1.299247794374234,0.0973231880796875,1.1620276665068767,9.526315789473696,13.609022556390997
0.0,1.3606490675007823,0.0,1.4024181381021776,0.0,1.3993153071941162,0.0,1.4443741565054682,0.0,1.253690903675432,9.526315789473696,13.609022556390997
0.0,1.2920415802123466,0.0460153026581606,1.3073610815279288,0.0,1.3209611098553815,0.0268412842599487,1.3505546485494306,0.0,1.2266802542887172,9.526315789473696,13.609022556390997
0.0,1.4177550360639315,0.0,1.406106105782971,0.0,1.4396103672746998,0.0,1.4017047474937654,0.0,1.294636056713345,9.526315789473696,13.609022556390997
0.0723284625081075,1.3185353864966372,0.1440859458931961,1.2796569441050978,0.0865837796484397,1.3427597409004408,0.1572513138514531,1.316122256205639,0.0951828417890801,1.236773782960523,9.526315789473696,13.609022556390997
0.0661354127073585,1.3591026012774177,0.0,1.3461214951826246,0.0915177783569019,1.3903582363564444,0.0,1.4000263168715876,0.0,1.2588604346738006,9.526315789473696,13.609022556390997
0.0,1.396414746160879,0.0,1.406055014489753,0.0,1.4437555987833244,0.0,1.4578230945085366,0.0,1.2674001577689211,9.526315789473696,13.609022556390997
0.1022042929186363,1.398032764717939,0.1439649757450724,1.3404882648356693,0.1188897569262884,1.4357966648513862,0.1427183308940017,1.3558720648178295,0.1564360348827327,1.2839752527837356,9.526315789473696,13.609022556390997
0.0,1.3564416649976023,0.0119876856575122,1.3353630977422315,0.0,1.3768846908498422,0.0423156099825995,1.371925560570998,0.0676571544773264,1.2279597205676207,9.526315789473696,13.609022556390997
0.0,1.2488709347878308,0.0,1.2910551198068678,0.0,1.2904810653811003,0.0,1.2920185536591309,0.0,1.1403634812227263,9.526315789473696,13.609022556390997
0.0,1.3258374168208733,0.0,1.3620243213025445,0.0,1.373106271866661,0.0,1.4163632042911376,0.0,1.2679579620101764,9.526315789473696,13.609022556390997
0.0,1.3592306712081297,0.0,1.3474974193982814,0.0,1.3810019675658036,0.0,1.369551676303955,0.0378055283659202,1.263237815445235,9.526315789473696,13.609022556390997
0.0263760241722001,1.353087606802799,0.0,1.3656168346688649,0.0282574980125282,1.3813007380631686,0.0,1.3982831585000477,0.0,1.273777442011171,9.526315789473696,13.609022556390997
0.0,1.3251032166265635,0.0554120037017745,1.3425551584738888,0.0,1.3614401860350862,0.0483867124602567,1.3862995149075463,0.0564883802997969,1.241781369134891,9.526315789473696,13.609022556390997
0.0,1.2689609178176378,0.0,1.178643875784768,0.0,1.278690383349137,0.0,1.1743392584823025,0.0,1.1180754668535848,9.526315789473696,13.609022556390997
0.0,1.4091942122852648,0.0,1.397385389485459,0.0,1.4384674744020054,0.0,1.408123002310751,0.0,1.303213839942458,9.526315789473696,13.609022556390997
0.06533147620787,1.3943586614954762,0.2002771218402744,1.4463333793894209,0.0544268787553193,1.441624425661031,0.1821836327360304,1.4714000587900136,0.0290302960040047,1.272124100456231,9.526315789473696,13.609022556390997
0.0,1.321658748169503,0.0,1.2462044200036155,0.0,1.3932592442307348,0.0,1.2799014169603051,0.0,1.2165758725956506,9.526315789473696,13.609022556390997
0.0,1.4107440158027935,0.0,1.3629166603468612,0.0,1.4276940308035542,0.0,1.3591061087874046,0.0,1.2401636859920997,9.526315789473696,13.609022556390997
0.0624435107457524,1.207338640338094,0.0743374060797643,1.1704936490073206,0.0492475852841559,1.204254278937476,0.0725145103809312,1.1569313262900414,0.1130603609261048,1.1074695342293106,9.526315789473696,13.609022556390997
0.1946805420767334,1.286607664067878,0.1335347123537866,1.3143750127539129,0.1758427983877225,1.3353175789592373,0.0943969317887716,1.344560263337705,0.1612906092365437,1.1762101976402488,9.526315789473696,13.609022556390997
0.0914751120929008,1.3417573188803953,0.0037226439397808,1.3463784430657162,0.1170602313079459,1.414740279363384,0.0821240393804441,1.3634880206440845,0.0144928234511194,1.2200007701272666,9.526315789473696,13.609022556390997
0.0,1.38002215006892,0.0,1.2862972869946243,0.0,1.400071521159001,0.0,1.328285382934851,0.0,1.2300376664991783,9.526315789473696,13.609022556390997
0.0,1.2634961732003942,0.0,1.2414006696022926,0.0,1.3075264645566012,0.0,1.274389342542057,0.0,1.1941912631449885,9.526315789473696,13.609022556390997
0.0,1.3534399940289317,0.0,1.358951221094606,0.0,1.4200010334626925,0.0,1.4143898859345834,0.0297632507599523,1.241888542566422,9.526315789473696,13.609022556390997
0.1308655020114816,1.4112508099148544,0.0,1.4701126799836668,0.1458803902184504,1.4218074988788545,0.0230213526176278,1.5086816137451986,0.1218242384319987,1.2946313953582236,9.526315789473696,13.609022556390997
0.1205292517261755,1.347435772595386,0.0824920890300084,1.317278038866749,0.1502769081859105,1.3952570856020423,0.1047939185387216,1.3501727092907243,0.1413478202005931,1.2160971345501816,9.526315789473696,13.609022556390997
0.0,1.396749651540422,0.0,1.3111868594425906,0.0,1.438994049504757,0.0,1.338197629995877,0.0,1.2693982638170196,9.526315789473696,13.609022556390997
0.0,1.4364196266438811,0.0,1.3544695222040046,0.0,1.4923181961608591,0.0,1.4134233526922588,0.0,1.2922813218451714,9.526315789473696,13.609022556390997
0.0,1.4084812932286288,0.0,1.3935881099282377,0.0,1.4181513150783858,0.0,1.39162941951824,0.0,1.2376976808615867,9.526315789473696,13.609022556390997
0.0,1.328260359630009,0.0110183963755117,1.4131673054821248,0.0,1.370256769714678,0.0537158183601402,1.4637448437506242,0.0301693470687661,1.272432955540605,9.526315789473696,13.609022556390997
0.0,1.3030119727455665,0.0618039898113047,1.237530350111914,0.0004494141189557,1.3452475347615365,0.0617784784983005,1.2731159262097993,0.0296156757483371,1.2149824819800936,9.526315789473696,13.609022556390997
0.0002634454319471,1.204371370061999,0.0,1.2766171299429547,0.0020298722119183,1.2715810088861583,0.026166179126519,1.3407559270769465,0.090811099839884,1.1990558823102435,9.526315789473696,13.609022556390997
0.0,1.3504060606559396,0.0,1.2785326607754128,0.0,1.3285077653665525,0.0,1.2967471343975066,0.0,1.2228357241129495,9.526315789473696,13.609022556390997
0.0,1.4264288379573196,0.0,1.4296778064444906,0.0,1.4783735616514175,0.0,1.487476583960437,0.0,1.2801248936665652,9.526315789473696,13.609022556390997
0.0,1.3840527844155053,0.0,1.349988195226831,0.0,1.4295863462892555,0.0,1.373868714565556,0.0063872563150537,1.254392631926588,9.526315789473696,13.609022556390997
0.0,1.2998198903577098,0.0,1.3160976580403234,0.0,1.3532591528208668,0.0,1.3190720564737044,0.0,1.227079001443353,9.526315789473696,13.609022556390997
0.1966538122675952,1.3100062980560627,0.0321887723839514,1.3134704410828544,0.2111371351592474,1.3440611889136875,0.0577026833166742,1.3248297348549325,0.1865831495598531,1.2217525237465714,9.526315789473696,13.609022556390997
0.0,1.3601395079696454,0.0,1.3567733541921356,0.0,1.386849570632695,0.0,1.3931513521384429,0.0,1.246348421222658,9.526315789473696,13.609022556390997
0.0,1.4314788100558342,0.0,1.342766484250556,0.0,1.484568476671365,0.0,1.383123976944708,0.0,1.266440389323912,9.526315789473696,13.609022556390997
0.0,1.3372904476117216,0.0,1.3257033339640822,0.0,1.375797126405399,0.0,1.3680862959066409,0.0,1.2313495985545948,9.526315789473696,13.609022556390997
0.0274050414456346,1.328067891627712,0.0,1.343331215281686,0.0368145087019362,1.3366066875463407,0.0,1.3276238363549566,0.0,1.220547843518502,9.526315789473696,13.609022556390997
0.0826882720293876,1.3882251349263672,0.1645576363560232,1.2971918243762262,0.0818496627273481,1.444130332655397,0.1549867194601815,1.322815793333918,0.1081818265400195,1.2354942743529795,9.526315789473696,13.609022556390997
0.0,1.3638479255041414,0.001541612912269,1.3478159373323226,0.0,1.3987683997663982,0.0334646426748192,1.3713233485267038,0.0,1.2626250588444294,9.526315789473696,13.609022556390997
0.0,1.366425084536718,0.0,1.4244755711659305,0.0,1.372335493845389,0.0,1.4427216604183395,0.0,1.2722847835576052,9.526315789473696,13.609022556390997
0.0,1.2821229016304394,0.0,1.2470537440154306,0.0,1.3321661820205832,0.0,1.2609978614911304,0.0,1.1922540213456805,9.526315789473696,13.609022556390997
0.1830679763370862,1.377854542959768,0.0996289981468356,1.4104591613806887,0.1888548775840719,1.4304641315617654,0.0980999857439452,1.4451615125739457,0.1519273346373612,1.3280756735382342,9.526315789473696,13.609022556390997
0.0,1.38691228977733,0.0,1.3961589773739564,0.0,1.4623007263820669,0.0,1.4685940412001632,0.0,1.290781989371698,9.526315789473696,13.609022556390997
0.0890696653856968,1.2965288115537832,0.0,1.3129639713770722,0.0828851253842451,1.327341860982861,0.0,1.3873293463065817,0.0,1.2418866603775771,9.526315789473696,13.609022556390997
0.0,1.3025427390516515,0.0,1.3242083780745806,0.0,1.3537808760406576,0.0,1.3627387524370382,0.0,1.1967041502042637,9.526315789473696,13.609022556390997
0.0,1.394826728563341,0.114636336571669,1.2775707132040277,0.0,1.4588762913711284,0.1198186230487573,1.3439609880418093,0.0407836684516212,1.247287404530269,9.526315789473696,13.609022556390997
0.0412838404281934,1.3549981925051875,0.0936112920711802,1.3525897761054668,0.0270424747816417,1.411091402808363,0.1106381605953456,1.392227041082631,0.0780533143086006,1.2635472946855355,9.526315789473696,13.609022556390997
0.2748455941000358,1.226662096530439,0.1540141524791776,1.2252512092609416,0.2753048793364291,1.2810501967554733,0.1557338207752382,1.271581753185228,0.1971747069366207,1.1706041595324126,9.526315789473696,13.609022556390997
0.2273574384526408,1.3207858511598072,0.1073886391684842,1.3826686966990394,0.2311420012112972,1.3822041446022162,0.0738560830231287,1.4346427684510608,0.1743514082662976,1.287746585311175,9.526315789473696,13.609022556390997
0.012070058016023,1.245848309048892,0.0,1.306131614027646,0.0312202096178871,1.2632274006779018,0.0,1.3244621809478008,0.0,1.1555080299876852,9.526315789473696,13.609022556390997
0.1857516224269471,1.5181807980750428,0.197551640566569,1.40661614012451,0.2092620516466857,1.566884749307405,0.2158361051696541,1.4521037488774329,0.2159671272436935,1.3469320669868146,9.526315789473696,13.609022556390997
0.0,1.3472375142947255,0.0,1.2385885856659284,0.0,1.3442745152582196,0.0,1.2775706042252348,0.0,1.1779379332886792,9.526315789473696,13.609022556390997
0.0,1.3370158906626954,0.0,1.4452593405583491,0.0,1.409382773668378,0.0,1.4960966161075544,0.0,1.288755328323151,9.526315789473696,13.609022556390997
0.1297080999349241,1.274048748294654,0.0530382726280348,1.291525985126998,0.1320597979452908,1.3116407093378724,0.0089452903046239,1.3114995124646494,0.0798961441466009,1.193244176433914,9.526315789473696,13.609022556390997
0.0,1.3814088209121107,0.0294161771023087,1.3685899448591812,0.0,1.4084820156954367,0.0217900685051265,1.3977843534515186,0.0,1.2939881183143602,9.526315789473696,13.609022556390997
0.0,1.323040512442803,0.0,1.3123734924101933,0.0,1.3874618834785974,0.0,1.3514154985519902,0.0,1.2392310886589624,9.526315789473696,13.609022556390997
0.0,1.4770229343786352,0.0419658036770829,1.4978826150471474,0.0097378755348816,1.5600552252829711,0.0458186698182993,1.504183422291729,0.0891550411768103,1.3810862517803164,9.526315789473696,13.609022556390997
0.0,1.3716499031111382,0.0,1.4021808698572535,0.0166456205203012,1.4308657158250246,0.0,1.443437376140037,0.0444806382879381,1.2991212954054168,9.526315789473696,13.609022556390997
0.0,1.3907579485403254,0.0,1.4215295392139458,0.0,1.4334390242125703,0.0185828994778213,1.471034074098318,0.0204247584311205,1.2981636144032809,9.526315789473696,13.609022556390997
0.0,1.331176750564443,0.0,1.3301920850863191,0.0400374308520169,1.4095320130795357,0.0,1.3864725227857155,0.0,1.2585041483164134,9.526315789473696,13.609022556390997
0.2579533382277493,1.3135713635527273,0.1035647030283486,1.3197599302500165,0.2358636772741695,1.3723505291883908,0.0730771463116045,1.3714092994174067,0.1471104955523744,1.2174964948514566,9.526315789473696,13.609022556390997
0.0,1.2535740144330398,0.0494785873015649,1.2932042774270476,0.0,1.308848200912201,0.0,1.3423028562599388,0.0952442679678622,1.2292657345480134,9.526315789473696,13.609022556390997
0.0,1.274027550540245,0.0616869541300243,1.2633626160464568,0.0,1.3192668571615171,0.0569928560131907,1.2989897012707663,0.1011784250868148,1.1625825035523525,9.526315789473696,13.609022556390997
0.0,1.3093600312736628,0.0,1.2933740042609134,0.0,1.3465448595776923,0.0,1.324955802824531,0.0,1.1924937700777964,9.526315789473696,13.609022556390997
0.0,1.3888138068862728,0.0,1.3717195068068957,0.0,1.4496570647137883,0.0,1.4147138498874108,0.0295192548838289,1.3017792424041128,9.526315789473696,13.609022556390997
0.0,1.3216015246765382,0.0,1.2785486546893554,0.0,1.371715357531649,0.0,1.3479285214759813,0.0,1.248926238931869,9.526315789473696,13.609022556390997
0.0,1.286184886023758,0.0,1.3960493458002623,0.0,1.308018588232056,0.0,1.438905829685906,0.0,1.224591809294366,9.526315789473696,13.609022556390997
0.0,1.2998126313028298,0.0,1.2984266191164864,0.0,1.337132835398405,0.0,1.317595975738008,0.0,1.1899199124503794,9.526315789473696,13.609022556390997
0.0,1.2734225337135048,0.0,1.272778178446755,0.0,1.3258136224513506,0.0,1.2799937548006268,0.0,1.1345703272352456,9.526315789473696,13.609022556390997
0.0,1.3557140995061554,0.0,1.3110775520504898,0.0,1.3902042762519895,0.0,1.353668809969982,0.0063539230847483,1.214715100232162,9.526315789473696,13.609022556390997
0.0,1.375407061268724,0.1285181918662462,1.3465987863119595,0.0,1.4321159914150636,0.1424788048649243,1.3855178491418083,0.0,1.219230639131256,9.526315789473696,13.609022556390997
0.0,1.3564385552581686,0.0,1.2881285675658365,0.0,1.3965148781498409,0.0,1.3275298123336576,0.0,1.2621692291186966,9.526315789473696,13.609022556390997
0.1529992286373399,1.267441392304431,0.2186052355855729,1.2930939065073643,0.1580389473222983,1.3346005844221822,0.1853374435583806,1.3450540768768309,0.1919449859118432,1.176376919410479,9.526315789473696,13.609022556390997
0.1477836736880166,1.275943430480954,0.0192737696402338,1.23498719331252,0.172083619227675,1.29063346845464,0.0520327298001301,1.245961447159218,0.0828599691521301,1.1866231305952994,9.526315789473696,13.609022556390997
0.0,1.341865560162562,0.0,1.321476565214898,0.0,1.3868829827253015,0.0,1.3397707963728052,0.0,1.2293090481534923,9.526315789473696,13.609022556390997
0.0757466808101314,1.3291206826222697,0.0756067823031255,1.3263845282758329,0.0902690237283888,1.3888999086985596,0.0634545211542634,1.4044717603620496,0.0384063106851422,1.2814745061431825,9.526315789473696,13.609022556390997
0.1087625941055747,1.261227779359002,0.1408861477532265,1.2960127448966012,0.1189901282732236,1.306231187889648,0.1451756503706245,1.3018585964228215,0.1272851830134747,1.1836991079214223,9.526315789473696,13.609022556390997
0.0,1.215481580176133,0.0,1.237085232893644,0.0,1.248384550567481,0.0,1.2756212501116369,0.0,1.1514429129899395,9.526315789473696,13.609022556390997
0.0,1.4677490148151031,0.0,1.400739705145161,0.0,1.4789670103529924,0.0,1.4106607248581098,0.0041345694732776,1.3367847304951026,9.526315789473696,13.609022556390997
0.1518638423715066,1.327512098795575,0.1950400131564278,1.3230227849151517,0.1659631045949633,1.3627303372524555,0.2009078164704023,1.3708951983713722,0.1378080227686542,1.2311920887975396,9.526315789473696,13.609022556390997
0.124940037728001,1.3307571511651963,0.0657330684684332,1.3243963312299634,0.1304912645751057,1.3845515739817238,0.0556597168841274,1.348531117079036,0.0835527816187626,1.228701497263297,9.526315789473696,13.609022556390997
0.0,1.3837314903317566,0.0008224159345772,1.3997339279573888,0.0,1.4126166943471556,0.0456146744382809,1.428897966189985,0.0,1.2213385587627794,9.526315789473696,13.609022556390997
0.0623724229041036,1.386259702857025,0.0,1.3976594510483304,0.0072691925903373,1.4451765971179074,0.0,1.4246016258732523,0.0,1.2553301013068443,9.526315789473696,13.609022556390997
0.0,1.3348463711111835,0.0,1.2930858257380524,0.0,1.3469691560532648,0.0,1.31059092965876,0.0,1.2043020599534062,9.526315789473696,13.609022556390997
0.0365434201154142,1.3399740989558633,0.0157642364453442,1.355446624709028,0.0574404767469193,1.3720083313029638,0.0648927201475862,1.365768408184214,0.073945549929269,1.2140678213028633,9.526315789473696,13.609022556390997
0.0,1.3265291753933088,0.0,1.275587740423259,0.0,1.3608965390059269,0.0,1.2997457955458025,0.0,1.2006364493489468,9.526315789473696,13.609022556390997
0.0751529865027958,1.3136630376723497,0.0,1.281799138646841,0.0976064762859586,1.319588128611061,0.0,1.272758138921095,0.0643194191219525,1.2125652955955948,9.526315789473696,13.609022556390997
0.0,1.4291000589721734,0.0,1.3392933285364743,0.0,1.4916865990693735,0.0,1.3662593875576965,0.0,1.27729337429107,9.526315789473696,13.609022556390997
0.0842858443081687,1.3482876045454142,0.120809911635779,1.3375220590703616,0.0900646472002079,1.3831871269202929,0.1307815305704397,1.375790845516368,0.0188680379683945,1.2539454949274556,9.526315789473696,13.609022556390997
0.0,1.3617620220274145,0.1340240833960945,1.306074033830244,0.0,1.404818399972967,0.159773991538567,1.3413410900308764,0.0921369584213819,1.234144169768016,9.526315789473696,13.609022556390997
0.0,1.4174521689874144,0.0,1.4055063987891725,0.0,1.4609979922259966,0.0,1.4330658183728615,0.0,1.3154852040582568,9.526315789473696,13.609022556390997
0.0,1.4359668954448677,0.0,1.4225312335952036,0.0,1.5055838349295512,0.0,1.5036209389845632,0.0576931993501226,1.2960380504712832,9.526315789473696,13.609022556390997
0.2411613603126384,1.3155180176340766,0.2648968566089381,1.311824482549062,0.2360594327492532,1.3731367662333755,0.2619852800455324,1.361849715582827,0.2077576610780651,1.198454445166591,9.526315789473696,13.609022556390997
0.1108759006474039,1.244707807804225,0.0665310586773209,1.2243749742996226,0.1108417595165132,1.291175901900002,0.0560504755330293,1.251747101414881,0.1058162355519385,1.1753054384400117,9.526315789473696,13.609022556390997
0.0,1.3023476508383338,0.0,1.2793044796655637,0.0,1.383050391672903,0.0,1.3318773411636,0.0,1.1971085523448943,9.526315789473696,13.609022556390997
0.0,1.334087706141338,0.0272791969215967,1.3920492639275608,0.0,1.3982116756644385,0.0298367876846146,1.4399894241682911,0.0386718178427516,1.2778956769307073,9.526315789473696,13.609022556390997
0.0,1.30988851386256,0.0,1.3569881961002643,0.0,1.3672952825184357,0.0,1.3922717743113946,0.0,1.2293622912998456,9.526315789473696,13.609022556390997
0.0325190300675686,1.280828820005167,0.0,1.2927639944740268,0.0423186732070229,1.3443094813013146,0.0,1.3502752759325276,0.0,1.1974281592027065,9.526315789473696,13.609022556390997
0.0,1.3843905973379496,0.0,1.3314020458081457,0.0,1.4403844095399427,0.0,1.384935154145184,0.0,1.224187668849108,9.526315789473696,13.609022556390997
0.0,1.3090860286044228,0.0,1.3009898417652943,0.0,1.3869859812582217,0.0,1.326956888599819,0.0,1.2321510310575594,9.526315789473696,13.609022556390997
0.0,1.3106864341419413,0.0,1.3393392393677397,0.0,1.350122528467004,0.0,1.3664366880938648,0.0,1.23018580930942,9.526315789473696,13.609022556390997
0.0,1.2614828063578731,0.0,1.2788077053464617,0.0,1.289733865727754,0.0,1.2735526731826683,0.0,1.189372185053111,9.526315789473696,13.609022556390997
0.0,1.296864801140372,0.0472419192434182,1.300092428546163,0.0,1.3395460048915484,0.0934807545500753,1.371263301909054,0.0296114970113187,1.2223753383266631,9.526315789473696,13.609022556390997
0.0244624839437686,1.3281822363010234,0.0250357968747953,1.3300711366602678,0.0296362711982154,1.3792718662029302,0.0420608150284004,1.383459079179216,0.095451556086595,1.2360660035587954,9.526315789473696,13.609022556390997
0.0038457787380925,1.3759755652579244,0.0,1.3641913456053607,0.0014647881513225,1.4051476485539982,0.0,1.4129084363642157,0.0,1.2555190603619943,9.526315789473696,13.609022556390997
0.0,1.3211656106139649,0.0,1.2955427628467988,0.0,1.367893726361309,0.0,1.33577307779508,0.0,1.2301913519050751,9.526315789473696,13.609022556390997
0.0,1.2996391897743829,0.0,1.358431764598626,0.0,1.336978642542862,0.0,1.3986306773153487,0.0,1.1913312877244058,9.526315789473696,13.609022556390997
0.0,1.3536453345166513,0.0,1.3307680839371747,0.0,1.3749305261639988,0.0,1.3553167248297922,0.0,1.2531898971835085,9.526315789473696,13.609022556390997
0.0,1.419328227562913,0.0,1.3453707785055853,0.0,1.467068035991698,0.0,1.3768796893376216,0.0,1.2893094568996195,9.526315789473696,13.609022556390997
0.0,1.3616531471896682,0.0,1.332470440384376,0.0,1.396965979577354,0.0,1.3436471861716075,0.0,1.2325450824647122,9.526315789473696,13.609022556390997
0.0,1.410816955771625,0.0,1.428654597982001,0.0,1.4704543552909324,0.0,1.4532722602786097,0.0,1.3204244469248976,9.526315789473696,13.609022556390997
0.0,1.293176044991916,0.0,1.2717844188662797,0.0,1.32518507356338,0.0,1.3024883178914757,0.0,1.2286803857811102,9.526315789473696,13.609022556390997
0.012239121433412,1.3252042698566913,0.0,1.3015470676849303,0.0076242902927342,1.366873738905565,0.0,1.347974212160718,0.0,1.2212024501257006,9.526315789473696,13.609022556390997
0.0,1.419640350832758,0.0,1.3391490129085368,0.0,1.4562360031039563,0.0,1.364942808226981,0.0,1.2725542518045552,9.526315789473696,13.609022556390997
0.0829112921273036,1.2877255248833757,0.0,1.325990179954915,0.0793502471003008,1.355485035751958,0.0,1.3913631103694677,0.0,1.2266628763964806,9.526315789473696,13.609022556390997
0.0394340430604107,1.3941276555203406,0.0,1.3283660372719006,0.0036831854843778,1.4635358432847942,0.0,1.3977430529516244,0.0378385598143774,1.2779836896819707,9.526315789473696,13.609022556390997
0.0,1.368826746686446,0.0,1.273436265934626,0.0,1.4719938730911115,0.0,1.3380766174334455,0.0,1.2336339760777748,9.526315789473696,13.609022556390997
0.0,1.4009197003737843,0.0,1.4008361351397676,0.0,1.465617490881214,0.0,1.4524935422308916,0.0,1.304341385301813,9.526315789473696,13.609022556390997
0.1330505813279847,1.310873807188186,0.2324438182725216,1.3305713569164077,0.1137391707337228,1.352759784147267,0.1906950596074193,1.3598934277027075,0.1609943600231091,1.2292158100875432,9.526315789473696,13.609022556390997
0.0,1.1686326685847643,0.0,1.1783436906261266,0.0,1.1751438665272556,0.0,1.2190319805923444,0.0,1.1182815398581762,9.526315789473696,13.609022556390997
0.0,1.2342771734648967,0.0,1.288741540322664,0.0,1.298897111391624,0.0,1.3306130540982064,0.011553599469899,1.168949935098426,9.526315789473696,13.609022556390997
0.1971445921831869,1.3917422825404142,0.0746953747490754,1.404824601371882,0.1777748914226203,1.4384527842274375,0.0993170850596611,1.4385742580066283,0.1391126049547591,1.3045495883909972,9.526315789473696,13.609022556390997
0.0874877756347562,1.317558562180739,0.0522879648958586,1.310658401016211,0.0886433761172395,1.347302296570292,0.0683470170053762,1.2994627413943731,0.0602097200207703,1.186994250256079,9.526315789473696,13.609022556390997
0.0613073278609249,1.2583432101771914,0.0,1.2900229819314806,0.0798444688521537,1.321119483476207,0.0,1.3419133393699751,0.082704153182099,1.2118057616678009,9.526315789473696,13.609022556390997
0.0979766931028477,1.379956917932753,0.0591631385362177,1.327587466940377,0.0767845647337536,1.3900004849005287,0.0226617877792202,1.3543648820451504,0.0287418782710082,1.2147975342665656,9.526315789473696,13.609022556390997
0.0,1.2805501793730305,0.0,1.2319922608045222,0.0,1.3219388145909123,0.0,1.2728342291032255,0.0,1.2062258919875686,9.526315789473696,13.609022556390997
0.0,1.378259873840658,0.0,1.3849576362813358,0.0,1.433239137285251,0.0,1.418044896062267,0.0,1.2880510573167354,9.526315789473696,13.609022556390997
0.0,1.3576231125201723,0.0,1.2995852885583314,0.0,1.3991216926985668,0.0,1.3421408419179788,0.0,1.2520083461071172,9.526315789473696,13.609022556390997
0.0,1.4451340046154832,0.0,1.396541448866784,0.0,1.457789006266461,0.0,1.3803343210607544,0.0,1.251661673932931,9.526315789473696,13.609022556390997
0.0,1.403066376680134,0.0,1.40640071485481,0.0,1.431419104434207,0.0,1.4578350149010024,0.0,1.2821031747795606,9.526315789473696,13.609022556390997
0.0,1.4018997526179544,0.0603786547160058,1.4104822927066365,0.0,1.4896935218181142,0.0700569836290917,1.481488371922001,0.0545340015046957,1.3141834889119164,9.526315789473696,13.609022556390997
0.0,1.3289849816021948,0.0160053390557796,1.3708192238720696,0.0,1.3388863104563609,0.0190923118395353,1.4077136892640554,0.0,1.2591102712090474,9.526315789473696,13.609022556390997
0.0,1.2450941211535933,0.0,1.2377112959333918,0.0,1.2850492847434587,0.0,1.293436046910211,0.0,1.1842763546996946,9.526315789473696,13.609022556390997
0.0665917499922473,1.232912939335321,0.0,1.2984683871920415,0.0606389183194852,1.2647315164388369,0.0,1.3147646784959397,0.0274783853796319,1.1799917308519503,9.526315789473696,13.609022556390997
0.0,1.3710362607635875,0.0,1.3347919247386717,0.0,1.432646973160114,0.0,1.3668496284336389,0.0,1.2829745258702423,9.526315789473696,13.609022556390997
0.0591471641461582,1.3980965794441689,0.0471251343863491,1.3268480784438643,0.0700565839334944,1.4595157981884717,0.0364744422502596,1.33458157236368,0.0653734628148479,1.2401462507417438,9.526315789473696,13.609022556390997
0.0298210329236577,1.3014725559816154,0.0,1.3127131745060092,0.0303137282909922,1.3505286634107787,0.0050314862191958,1.377708572182775,0.0620682162673687,1.2242082567523922,9.526315789473696,13.609022556390997
0.0192344850811739,1.4174398545484588,0.0,1.3869444914388414,0.0322973897762643,1.4545660512778973,0.0,1.4012952302051485,0.0,1.2700128136598852,9.526315789473696,13.609022556390997
0.0101072670290343,1.3773595053287329,0.0284803634614398,1.313566952701638,0.0406077914380417,1.3575607540108146,0.0636133317767981,1.2991740467118067,0.0593517555755997,1.2240556188141194,9.526315789473696,13.609022556390997
0.0263116937643239,1.2477804584221734,0.0,1.390326174272686,0.0330256156999736,1.3112936768098444,0.0,1.4312189813608942,0.0,1.2685094258100078,9.526315789473696,13.609022556390997
0.0379035809673691,1.3527163808329328,0.0064927144070773,1.3563288093467525,0.0503974447528695,1.3956722329653797,0.0077186386067954,1.3848554671489028,0.0539023395800832,1.2578040797797965,9.526315789473696,13.609022556390997
0.0228651761213858,1.2786616677275031,0.1337589750401821,1.2742916380331897,0.0274472456819664,1.2902900430524689,0.1054945156473433,1.3253537130223565,0.0,1.1997695201929417,9.526315789473696,13.609022556390997
0.0264127130321601,1.3426885442062244,0.0545918520287566,1.3943953993247922,0.0141592030448483,1.3864614753440825,0.0426477630284276,1.455289548611661,0.0745072259888109,1.254451900801788,9.526315789473696,13.609022556390997
0.0,1.320171183545004,0.0,1.2198880766494182,0.0,1.368989196580321,0.0,1.2534803604657716,0.0,1.1944137723784636,9.526315789473696,13.609022556390997
0.0,1.3115622129443223,0.0,1.4080472070191936,0.0,1.3567465937666576,0.0,1.426055357650757,0.0,1.2391087750069762,9.526315789473696,13.609022556390997
0.0,1.2512456532145804,0.0,1.2266263000420656,0.0,1.2680997744050373,0.0,1.2440905981915569,0.0,1.1430103910545353,9.526315789473696,13.609022556390997
0.1887830733719694,1.319430863868196,0.1667228149745712,1.323285805755868,0.2138933425079373,1.3363445626183972,0.1751916095327386,1.3762124642769789,0.1808088555689171,1.2311787738605282,9.526315789473696,13.609022556390997
0.0,1.2149126156685053,0.0,1.2116332640264458,0.0,1.2597534373117123,0.0,1.2439341514261515,0.0,1.1560211501850706,9.526315789473696,13.609022556390997
0.191102455496991,1.4016404011403012,0.0152835408767644,1.3976163890747482,0.2332738564375372,1.4371275063730573,0.0783131531909542,1.42793421485685,0.102297556091502,1.2576529172764208,9.526315789473696,13.609022556390997
0.0,1.425945512380632,0.029247993395941,1.3511298651587316,0.0152482351407566,1.4489426437582644,0.037215104486037,1.402516909416701,0.0,1.2691253836807797,9.526315789473696,13.609022556390997
0.0216391463345556,1.2703424802911631,0.0561895747217404,1.3143245510795298,0.0320841677560534,1.3159127076528625,0.0875814577094174,1.3679630269097145,0.1369137566212185,1.2099195143989407,9.526315789473696,13.609022556390997
0.0,1.397092736869548,0.0,1.3166302820747615,0.0,1.4523289187618205,0.0,1.3405586677977632,0.0,1.234156270037312,9.526315789473696,13.609022556390997
0.0,1.3578299026077794,0.0,1.2619432768229213,0.0,1.4133508481630617,0.0,1.3121465867020814,0.0,1.268835352829801,9.526315789473696,13.609022556390997
