m_obs1,ci_len_obs1,m_obs2,ci_len_obs2,m_ipw1,ci_len_ipw1,m_ipw2,ci_len_ipw2,m_full,ci_len_full
2.09732707898333,0.933906096598646,1.8514818226505,0.839026368180498,2.04162148464863,0.548449990571969,1.7897748444027,0.568696774492216,2.13952627469171,0.65921153101974
1.97430091545151,0.92821554635449,1.60045247755547,0.962356083799138,1.95982411460637,0.589032839046326,1.58919436661358,0.590986276596239,1.78669258738651,0.739296033809201
1.67016866620268,0.97607181282379,1.76434583208003,1.25003236089928,1.60673164015457,0.530242275360033,1.76449173541283,0.713733220176298,1.68374710362834,0.744225728069219
1.42677310931088,0.992826294328888,1.2523080650188,0.854008608097978,1.42886017735671,0.533069018942898,1.23545696299458,0.520744943883799,1.41476944229322,0.64920695304705
1.85753376521455,1.09395098625124,1.79103881091565,1.07097270290414,1.89583475828785,0.560944899747347,1.74641758282392,0.540896211759665,1.80302577289128,0.718505652826219
1.38771823666986,0.911475589387031,1.73595066595372,1.00232812285188,1.45957685836278,0.506080108104324,1.65345551946645,0.640177690031278,1.58310749312429,0.668991110896133
1.86455244350614,0.984502358123058,2.13123903108597,1.38161503742854,1.75244084262446,0.559414248589398,2.15141965921522,0.558829191896494,1.9810872994266,0.747906197545774
1.57054652995811,0.998906287552714,1.72110240865218,1.00107874292319,1.61035335333427,0.544110969778365,1.71002451552878,0.594604067967317,1.89441999492631,0.716391577450441
2.03330629294768,0.888322269331536,1.96825847223219,0.785532394335738,2.05224679361111,0.556033786954703,1.87401536435756,0.507392527712252,1.89258427926314,0.716525555332779
2.06706231251846,0.993710314985033,2.12543920875643,0.948969980068478,2.10262340031593,0.520474145116144,2.10613500120528,0.538401448559687,1.84927263078689,0.638389104576829
2.18916513605165,0.929259998312359,1.89574306142371,0.985549755781309,2.26728207599288,0.510425614143663,1.82942045932164,0.603965220248516,1.82974018885356,0.695474509338403
2.05875856510229,0.917994470042346,2.26218046377416,0.891877073141461,2.14275348577747,0.508693498357414,2.24843627761754,0.676292172141571,2.13373266042994,0.677247981153628
1.89718345256068,1.00686711761783,1.89200432194361,2.17060953458546,1.892350357313,0.627276690206676,1.96290232769988,0.621721780753904,1.91519693553927,6.4191785877673
1.66455443571901,1.16396248723234,1.41797030303029,1.14996054190404,1.72688331867644,0.649067037343034,1.45595957648186,0.681312613722192,1.80558074252464,0.746062106821033
1.46733704335149,0.938706890379885,1.75222961034964,0.959224075490202,1.48852729072523,0.527061751027091,1.77745504858774,0.578402288608201,1.8721308435717,0.692698052144755
1.90525717873422,0.946746820987278,1.76422971032539,0.904853491602493,1.83608407870187,0.518033992947577,1.72437981633845,0.533897255952989,1.59868686947632,0.677245956157186
1.89204418872655,0.992484874210884,1.74133565941979,0.793501014725836,1.81057956193962,0.596766450379077,1.6494378576351,0.506350741511587,1.61577043595801,0.716566401550919
1.78431943635522,1.14443729776935,1.42642763818964,1.33383903426348,1.7508658132646,0.711123444594258,1.49764105402133,0.794677506414798,1.92112838213246,0.83652947672428
1.66223464619771,1.15033363861828,1.59092171591572,1.27634331128019,1.57049913611111,0.630677457438173,1.66518268301296,0.720582954429453,1.5336069952453,0.816547698942747
1.62265149737646,0.896053810384252,1.33946453968514,0.811202655960077,1.57414837223057,0.538178353115542,1.36401702407264,0.527642401390221,1.66393435318966,0.709277588422527
1.59991825737755,0.972808449253475,1.58819343809605,0.846723054093854,1.74368872150692,0.549509109546531,1.65625316353284,0.494596524281935,1.75183295703435,0.691236234687041
2.08138710925147,0.882287243924,1.60844798809811,0.965363718559579,2.04340928796733,0.521988217610072,1.53739716717068,0.672245030084818,1.90851593863737,0.649079393362687
1.90448861079465,0.969004692623819,1.61934805011953,0.913093224022214,1.81356967770391,0.559953588195642,1.68467134517291,0.567795156006779,1.84322351870672,0.677220724629352
1.75367195515713,0.866764822888375,1.97318622336765,0.878010153727222,1.82344721717355,0.487421480071823,1.8836278486831,0.550340884097117,1.73892454667269,0.692422613441123
1.82206094047968,1.02925589535183,1.58787769836906,1.0573687327582,1.74010600961679,0.611240455233567,1.57805722846074,0.624678894965924,1.96655255661686,0.770437046943432
1.74606512336927,1.07900075060914,1.7563525231626,1.51208775403414,1.83697382427335,0.637291454065776,1.77034629280433,0.689258217433085,2.01953903302119,0.880627774920231
1.76047881009986,0.913032358935232,1.67009382574406,0.907171639242139,1.83708432181592,0.498760369971733,1.70861095305848,0.56124046252509,1.71124170419318,0.711435854355978
1.71214225127583,0.945704932757533,1.6894699147283,1.01295535656567,1.74802414585521,0.540638514216298,1.65511945752992,0.615671453781712,1.61683159795899,0.759563270576048
2.11084266743247,0.910052971127434,2.03784586827201,1.05047817771357,2.17338091736808,0.495481069715169,2.05961100433248,0.636347767883687,2.15209953921761,0.675405356148782
1.74545063880347,1.11883947783552,1.43730395307089,0.969740243404742,1.64143118051024,0.615860591054351,1.38782989039022,0.60033918114214,1.68590352437821,0.765029874116903
1.72642613014191,0.949202038812001,1.80439892329273,0.837917694987075,1.72782037775746,0.537562309226392,1.90675526515851,2.1939099804353,1.79038058803029,0.676265633602653
2.07442492683408,0.858328442250806,1.87147340560054,0.738953562351845,2.08357130139621,0.526598652821253,1.8561537053524,0.479387955670915,2.04770043766436,1.22449314650445
1.86270588902191,0.83725108573213,1.63931773778937,0.72534577280517,1.87937961853936,0.465515259289397,1.71995778775505,0.474302076987641,2.05973319276611,0.666032500248481
1.53235727341266,2.4301401584749,1.38339626194461,0.854095003005998,1.46751554468751,0.509307936645527,1.35445565760182,0.557787587371841,1.98958331854322,0.726634878796683
1.72623753705484,0.970939556230281,1.78136521700036,3.68469489486732,1.72293034149873,0.558170217827131,1.70012175169353,0.518243003162483,1.72570509485048,0.668368096182176
1.80949707532302,0.850120979956722,1.58412698350414,0.93967521935895,1.79560393910477,0.495462393461587,1.65383711965892,0.570666084641645,1.89704795983058,0.660253897856582
1.835612660383,0.81748670001406,1.93078830859604,0.816512820367749,1.79921655536503,0.501783514632318,2.02999555551345,0.486998229040858,1.94678529573748,0.669157573346516
2.16328936862411,0.915804379563163,1.95932555723603,0.867962096227296,2.15014236164251,0.531929179472767,1.91640783918001,0.578376471168457,1.9460848250822,0.669610634987111
1.80532200119192,0.896850236720372,1.36110240385514,0.93906322205652,1.78883005884908,0.54532580958105,1.41887880822853,0.601031879930013,1.66070876614818,0.74902195271654
1.44002716417358,0.868237699553979,1.76606508548571,1.05719998455319,1.48552497753387,0.499268114338167,1.84448068456767,0.610900355736342,1.70428339683472,0.696280510492195
1.67334176196647,0.895243522665106,1.43005016037468,0.901847743859339,1.67874357678503,0.515662219763914,1.37839841691744,0.527936871217773,1.34915763847038,0.650355508973143
1.88015944750943,1.11507818102839,1.99335905297956,0.916042462856455,1.90400982442781,0.686693327405827,1.95947321594799,0.532384891706118,1.88461392289349,0.811594695668784
1.52602789479762,0.962775852957054,1.67687518579643,1.02494913815769,1.50459685725039,0.560240039669878,1.71853063689201,0.623284167680356,1.6192651581171,0.74843664804175
1.48232889432968,0.972036941279795,1.83246939856641,0.804841192568491,1.65157986588256,0.586230703173669,1.76378530868124,0.485837456711379,1.87571319923791,0.678749663045559
1.55315912615906,0.940437562120083,1.76926809724704,1.00948604962214,1.62406732519068,0.568262576803042,1.81356265095337,0.625346399314731,1.74966114520593,0.776232341207711
1.71380721965805,0.896391175637977,1.52746510814773,0.961895593806226,1.71821998830611,0.529290184059409,1.56885576695474,0.608672160394044,1.92376195284965,0.680456954926152
1.86761444658436,0.719344358818492,1.98028088822753,0.740629177238467,1.90859764446193,0.420846942038802,1.94765499878979,0.504718136862687,1.95457571992035,0.572457467137153
1.75251722875278,0.912886633808683,1.54029054392354,0.84041498086712,1.83091393316828,0.496161718834908,1.5629508557588,0.53757286401904,1.73156244810239,0.762325832795237
1.54104227015147,0.919277025219327,1.6993453801864,0.95664563836313,1.48513761506656,0.529465881776001,1.66217359089441,0.63110413190824,1.63037137744796,0.705118404971554
1.73135229608934,0.849303051935022,2.09384684652324,0.952134327118212,1.7473708964188,0.506965701346811,2.00927396978418,0.55970475175828,1.65189456891095,0.689207601320353
1.64976693221942,1.08376756655456,1.45515719917934,0.912765744976686,1.67467142652504,0.621370444156017,1.47152318020907,0.835367439799945,1.72777829977838,0.755184921228905
1.50513686217338,0.962818716766016,1.44826833791155,0.898479918061188,1.56053886220416,0.780759537033457,1.47331442562688,0.556056839185561,1.54997635914866,0.711302898266185
1.89028867466469,1.1221998604465,1.75812406185726,1.03220984371268,1.92296185071046,0.640034060806088,1.75337548984343,0.597395506398516,1.84078777757575,0.771351174014784
1.64034367020089,1.04755651382477,1.63614152160717,0.965292859166144,1.57875928408312,0.561026249796879,1.64130042936717,0.607672092455543,1.8147998689177,0.724580693218434
1.74641551093832,1.0340260488824,1.62303763962197,0.990735479723912,1.90117747322459,0.585908260585383,1.66822478225999,0.624688006104761,1.79001282398826,0.806649335428202
2.15524507908461,0.944885991925917,1.97951093177468,0.90682379801754,2.25916920637308,0.523476738033219,1.89652300930819,0.562631035501481,1.84788498383639,0.68636159723653
1.64184451527148,0.945969820445905,1.67620926369499,0.926902572118279,1.56140358221868,0.501378029182572,1.70350293013617,0.549396211463356,1.58892658422499,0.640597570015606
1.82200799471403,1.01528911072766,1.74203388423679,1.11162789975254,1.7834755772674,0.577012702287295,1.73165009449858,1.35581428784174,1.65197449677032,0.70491253922455
1.6903699090121,0.840062628067073,1.93933506867191,0.834701763991753,1.64776312048626,0.489640806309729,2.00902761904566,0.539576182183133,1.969571821887,0.729803618871795
1.73738737291376,1.19717154917043,1.52857229938537,1.2228919046887,1.59409551893916,0.675372751117673,1.48915404283696,0.725242545893788,1.58248453155001,0.885380327611016
2.05483144641809,0.913401317618841,1.65166223386498,0.856271117778523,1.99495483241079,0.553396483603735,1.59979460113783,0.514177282745518,1.84958012521036,0.695505860850841
1.55060175894,1.28183107166894,1.54657660159866,1.01010124121584,1.67380191078481,0.640490048376735,1.63048233936583,0.600766306404018,1.74304223100732,0.666306850601126
1.84113768381302,1.09044504107734,1.97983206387146,0.975554560718403,1.91743902060942,0.623879738327792,2.08081346403956,0.617937447358792,2.07959934121026,0.710951047049642
1.95958794871997,1.11342769819627,1.71144983214529,0.995562914608628,1.91029810266248,0.592725727431488,1.66121718032172,0.579754642197512,1.74003228955011,0.760939904398644
1.79516410789156,0.95952045284728,1.78503479788137,1.01234128065234,1.78714380535721,0.543478775199517,1.79831087441093,0.604011696549144,1.89045306927297,0.711198498346921
1.86695752662677,1.18038936563971,1.7642675570963,1.07481824051493,1.96233289555694,0.608368054989145,1.71343573271613,0.64586780222363,2.06675005079273,0.770882212652037
1.74023693981654,0.879247305897448,1.53816939659953,0.882735211451628,1.61346932842758,0.463654819470037,1.55962692209485,0.511135383535356,1.68400115010602,0.617943710979773
1.59334283863348,0.89008757373668,1.52958187668439,0.828472672104775,1.52299541310568,0.507849067480379,1.48263850158708,0.539163484670219,1.79546279000853,0.758156423930636
1.69637227989566,0.774838137380926,1.97262691355918,0.854649179118801,1.64829971695458,0.466408327349172,1.91582691583687,0.538607093731115,2.04116404620822,0.644479399959526
1.29511351998424,0.939410101894515,1.56099501990639,1.12483886514411,1.32634996442008,0.613318193946499,1.63983504824801,0.63153310787217,1.62156191317375,0.710918836928733
1.98330862720521,0.799459871534498,1.76292998022475,0.803561709682703,2.07747629859451,0.496474964680356,1.76629419294245,0.498199457743099,2.03833239313732,0.660060066310008
1.74311865819747,1.02221503764856,2.0211506918346,3.96595684729911,1.77856759240049,0.60182244718749,2.04386688769826,0.598837985414867,2.00024982434603,0.796720235679293
1.85557322864214,1.02948916555715,1.43798007372994,1.0258449005767,1.86379896088977,0.54196813081431,1.51767653079947,0.623716780043865,1.78037509354055,0.664923521211654
1.82879781075183,1.087065656941,1.70898994932413,1.18552311526882,1.69949651347539,0.574141900005613,1.76493052267455,0.655891155070807,1.785205279584,0.738213911779758
1.71288465880413,0.838866294289734,2.00161876687423,1.0786392837528,1.69964758990508,0.473402238839686,1.98530427677549,0.60988903277701,1.96197890841362,0.753962496166442
2.26301865588093,0.957918133708278,1.95292473944065,1.05947539743135,2.1666728021767,0.577243153129712,1.90886452300952,0.62273732640339,2.08096968471185,0.736123867261602
2.06886321736959,0.850710383509639,2.03838889673642,3.48726368626222,2.04628575122812,0.487647122829098,1.73549068396848,0.554738054015264,1.99720136089222,0.0132926595264415
1.81136812046478,0.9566755300372,1.93068149623995,1.01260174856182,1.81314687024633,0.58986899460551,1.91874274516204,0.572027134468066,1.73508574269089,0.768473567908613
2.30254320708828,1.02447190812018,1.94959302650281,0.900364504504664,2.30109141533597,0.577549670094425,1.96380734006222,0.526365167850483,2.09989130372887,0.691851384240816
1.39766972006866,0.944410832703892,1.25658041734738,0.913060060669955,1.40184509808979,0.513480469059935,1.39697411718402,0.587432771367214,1.64879586435521,0.697001409605311
1.56609984194824,1.11595171255602,1.25268153823672,1.00122374631116,1.64458635399908,0.62208974707841,1.32180092233308,0.641568213840155,1.70001298435375,0.840146720213409
2.19042897340753,0.929590863578578,2.18898892332063,0.996719105998001,2.17950971653913,0.570188943852529,2.18834703213703,0.642339488185628,2.15019899645573,0.729882036557298
1.50457289358734,0.796531558713791,1.57557600086708,0.718516884727489,1.56564474496532,0.494229966782551,1.62989211516181,0.45992593615633,1.87238753656043,0.593143802707869
1.72600046994672,0.912038707288968,1.64658340860762,0.91468415047197,1.72145677001397,0.550606832810414,1.68941429141733,0.572870359971338,1.78662009550131,0.761452051002371
1.81852969148747,1.04639396637241,1.64749007642364,0.938141005931435,1.58080219935094,0.0557700087510158,1.51661187197703,0.574938395991071,1.62665375357319,0.715044578553382
2.03498527908263,0.860716684644716,1.9039394820166,0.874527336070619,1.94805267051553,0.492024545521219,1.88458102325492,0.574950480129934,1.78977605249905,0.697368346947131
1.92494709655924,1.04510290036226,2.07430385591632,0.906828813731287,1.97198884530688,0.644336520622913,2.05402981620148,0.541291647689647,1.93301160354167,0.747902701289728
1.60698412442207,0.90642175886424,1.64476951764021,0.828542128339196,1.48771580464897,0.549301532579416,1.55117738334714,0.509116665844824,1.74713544213934,0.700514221979506
1.82841933918429,1.09362219236677,1.84178111531784,1.00120381374914,1.74250337353241,0.610366457443336,1.84629739316145,0.596756832857998,1.90732912593815,0.772038239501989
1.41283554409551,0.955890570765432,1.84514564232586,0.983298001783721,1.36384351315655,0.543786312006207,1.85944018871655,0.61508396163252,1.56772025946071,0.723383703800851
1.91528095650866,0.752737244932229,2.20270127412934,0.802895875945411,1.9464604183141,0.43423638830459,2.18675825482402,0.513269992114412,1.73480932971289,0.641293267821183
1.9189243361655,0.810457536031297,1.99660748059823,0.827006128222336,1.98694666376196,0.504753311766834,2.00783479455151,0.556147525150208,1.82692054760855,0.700230582710334
1.87721737731827,0.7212807669276,2.02476331287521,0.860551502451812,1.84919648085005,0.460139445961158,1.96562428398671,0.5364393204568,1.51418298005996,0.648096895661858
1.66079592133633,1.01822416643173,1.38338522760476,0.996243631446323,1.68354203944481,0.543851432518435,1.41257179042477,0.628410903847605,1.69748969663308,0.763388768346156
1.60596732408912,0.945951423655423,1.67174520663913,1.01851939832346,1.65318386455731,0.521708070149879,1.74095004367867,0.650779984275748,1.60480520797191,0.754580942169787
1.86805277664312,1.04102905496504,1.64427424977832,0.959973752640344,1.91423759179002,0.621960008575957,1.68425768747108,0.58778584062409,1.6589689536113,0.673843250402612
2.00483481650069,1.1332830210628,1.76426066907535,0.987092892118341,1.83798230782816,0.61929768689312,1.81624646212958,0.591679630049332,1.78433809544994,0.683826106722795
1.52126364341059,1.12684152024603,1.33527067925774,0.900100789655717,1.52387709080026,0.564378112077991,1.36925468024687,0.590279828120221,1.43291942941242,0.746585868696343
1.71629988427617,0.940912689580451,2.25623174332135,0.884491758431032,1.71619995343798,0.553514410000688,2.23483082440305,0.56614812547294,1.96925927830702,4.16006810453083
1.69698127844277,0.972973976370805,1.90487364695123,0.934699369626982,1.70793358870397,0.534544955537756,1.91219678580484,0.573397485292534,1.75571863058965,0.777157716169596
2.02887857033533,0.965832147271008,1.97497374625585,1.07001998151135,2.01728106834848,0.569927114856423,1.94988349397807,0.688435418170988,2.02319105406924,0.765674673697524
1.51804101795916,0.927189722617235,1.59651475784825,0.874309023522909,1.5911191297531,0.513049773989388,1.57350245587695,0.523681828221446,1.51453709535986,0.679128199717748
1.48102155161408,0.942154636861551,1.6084267741716,0.911441736434829,1.47557034696912,0.570735606051273,1.57620221491534,0.579429869006972,1.46254937492763,0.687563446595074
1.69252165554676,0.888698264884598,1.82875699090967,0.918614015179072,1.65784852326171,0.500071890050401,1.83063236471234,0.552756059584468,2.03008982450122,0.738525273681953
1.52583214974944,1.13195879060256,1.49899860017595,1.23212224978774,1.46656705365753,0.589429273169262,1.64181726077945,0.72396569062198,1.80518393943659,0.71201547035436
1.83932671081942,0.958390797796641,1.83309055777168,0.819701589016095,1.88280944144355,0.558088349413726,1.80081187858827,0.549163844900695,1.89467515472561,0.772873129167148
1.72650430193728,1.08888643740014,1.80216355491187,1.0602297170182,1.79994383559505,0.642384760349962,1.85899557125905,0.664212790182058,1.75157512827093,0.791681063041872
1.43209601387643,0.915712382768744,1.56358883351125,0.768706388955354,1.5023733860049,0.507427418777799,1.65327094588634,0.500426211611418,1.38643051920143,0.623557600543019
1.55054355425707,0.78679166986426,1.42130533366752,0.829508312615162,1.52845093392467,0.501161717105028,1.52716760991424,0.552464884743726,1.55141715802393,0.652950427295362
1.23570099910432,0.907307015148727,1.88296608401142,0.924266513446403,1.23983236771772,0.540852998853774,1.93486050963438,0.548265981983436,1.72597974418249,0.686881537625353
1.95483549725499,1.10790802297669,1.81655522710593,1.21170700551667,1.99972031598368,0.609578236812787,1.81057656880012,0.701587046027536,1.95815592741411,6.66232754374278
1.59285359248924,0.962442330399148,1.73938344360507,0.850632775315625,1.61806157261842,0.524277083098332,1.70037688948134,0.570588682131189,1.69708092879922,0.749772277470104
1.80759086403203,0.984776337494296,1.72798915304271,0.860021636658343,1.61119714711378,0.526224696513619,1.56018949996249,0.544522596312397,1.41428567548212,0.612713669466419
1.69706048307745,0.994050108363315,1.36075478970559,0.914623995400046,1.68285900510841,0.560590992669443,1.32961111557765,0.572656853891691,1.7457445290582,0.676493608598898
1.68723306115746,1.30579215681125,1.62338204167736,1.17098893047828,1.69420503203306,0.748882189132297,1.66501713279031,0.696968501399971,1.81629679691649,0.777551408014394
1.83900883774546,0.899807005581228,2.0256695799479,0.920037197849757,1.8483485288579,0.538151868563541,2.03794124818344,0.557630490861756,1.99081368135671,0.709287052440913
1.76042305649445,0.966755520739919,1.49015886100972,0.96529724927035,1.82364207428869,0.557109423079095,1.55422807342647,0.612917564447119,1.51737764274389,0.805259858701026
1.51180832394314,1.02715965679218,1.32908684126242,1.08822370866959,1.57518079325819,0.572790734895289,1.3850697344335,0.638135117103109,1.52524444572842,0.791727326322581
1.23914775888559,0.905707463344202,1.30002110242828,0.868619392259021,1.32886456277622,0.554644968796306,1.34149167887348,0.510012841324038,1.30359448279187,0.659145898305261
1.62117364905801,0.772529493822841,1.79785811509369,0.709511466839796,1.62547766209081,0.451182160413298,1.79957566441304,0.472069593128539,1.77331980889741,0.630820584515307
1.99196962993947,0.951157406935826,1.63679634138452,1.1030725256265,1.96699703466493,0.54745619820071,1.673396763014,0.665717725741523,2.00014579240715,0.743258492726105
1.42730776677908,0.960271207624839,1.56279508090462,0.977494217024032,1.46015407619509,0.509027703146813,1.6069150169256,0.613239492059769,1.70189643485657,0.689361649899495
2.01564255435204,0.969527374043594,1.97150010627584,1.0646768259664,5.79194697853462,0.455036302246553,2.07906535500391,0.618156251088166,1.95819505353384,0.744990125617869
1.6941739691586,1.07359852858111,1.798354350688,1.07024656808664,1.6227264919994,0.630416245810004,1.82599855532453,0.735463349084059,1.76166577918542,0.795487196857064
1.76839588838463,1.09236011744471,1.61936609554631,1.05944734933506,1.7701588915908,0.624754033716339,1.67805735631438,0.673009093052634,1.71682753935446,0.742660236121518
1.44254904882132,0.907918899681762,1.41668598722878,1.05902446122059,1.4816156409328,0.536417024731929,1.45105146178935,1.77672006754014,1.77421761283991,0.704325457780315
1.60135163369766,0.858940049409447,1.60641212405403,0.937170359058858,1.71971083441768,0.513356374874742,1.58981692023698,0.594017648444811,1.72348662933769,0.77907381581657
2.16270548458425,0.92117387368048,1.45587200899542,0.857865349203626,2.17963274253186,0.574543797677134,1.521173145765,0.532018438180268,1.63612524974468,0.69590935514161
1.43563268060944,0.783856169961545,1.73061618742676,0.879920470235199,1.45428953823058,0.451119995601241,1.75210695902076,0.557965650658853,1.71734603427535,0.714854133249891
1.81149114678977,0.968593015439116,1.78221376338069,1.15590026926191,1.81631201492673,0.533054879365299,1.70645038244804,0.676168950061562,1.81443558763349,0.813550539862543
1.86777580492317,1.02973183141112,1.88561556529908,0.978697601067893,1.79311692821612,0.572596009107962,1.9342319517377,0.607845940766826,1.69714684904229,0.709042483660979
1.93105530857337,1.08753734508241,1.89394390179125,0.958463884408982,1.84596906258016,0.597911585298825,1.89029698887206,0.584232805658711,1.56804286873112,0.778183725393834
1.73348801311383,1.03259728528453,1.52289595193733,1.03597630693,1.78797490590536,0.564602107045805,1.6581806460514,0.58827201113823,2.09320171562012,0.694812609443418
1.59468833276751,1.05250451140174,1.51470893758802,1.37427634317023,1.60474312069722,0.574067546204955,1.51344715650241,0.626808007076224,1.74025976356064,0.713634920428183
1.73673230766217,0.859596798914545,1.78209185165368,0.925113259827688,1.68502650715108,0.524815347002156,1.72604668973332,0.584825624500577,1.97300177293754,0.780122725947996
2.26179366801743,1.1033588340239,2.08430815538082,1.0537752785755,2.17323472167064,0.544931659967428,2.11448960978533,0.70495796674293,1.90472864726858,0.823513659770419
2.03622865097686,0.871815565262518,1.82948602486396,0.808025648870377,2.0331248219788,0.517498308226508,1.7961674840669,0.517459887761175,1.68992444251077,0.713692833839425
1.33097120749726,1.02553398064562,1.57856545743301,0.943738311664584,1.2873225881547,0.603305798182024,1.48176027003904,0.601975558705854,1.3249552986193,0.7215611324281
1.64961265599823,0.92145349711817,1.57201971013156,0.866265731311743,1.65131449701983,0.531895901610239,1.46030613283879,0.542327400798478,1.85495414744927,0.68701702904269
1.74435367010974,0.975978002129761,1.72584746717147,0.989329315299783,1.71391971692018,0.562929560346081,1.74706937447959,0.586961859709923,1.77449967283291,0.670554981283764
1.30026662567652,1.17057551232823,2.05263957973534,1.11587056641942,1.35882128961051,0.698965039700661,2.12313099172401,0.627800380921602,1.71806242751365,0.798076935888137
2.00473736965971,0.87305339220674,1.83682364462219,0.957785562716462,1.90093154084098,0.529595275753192,1.80660393956392,0.569288599845402,1.77692502075574,0.742584612216198
1.50807773582109,1.038210583513,2.19569101456767,1.01624281996854,1.52710747171825,0.620211210291008,2.27385462777225,0.61804728116708,1.86965758678567,0.790189483294504
1.69873898267,1.04008921477123,1.5542262653383,0.89586692773976,1.57701215447131,0.564901877826388,1.60277452118969,0.563955416307108,1.64723685173643,0.729154506631601
1.77706490464889,1.03378971513808,1.52052126263587,0.891011004691563,1.74925637143756,0.575078689902523,1.5176352309407,0.558062024265798,1.80187362836803,0.658618938756946
1.47347441852367,1.07685476016262,1.8681704304976,1.17132542188919,1.47473458984971,0.618994440462294,1.87506366133221,0.647374532105273,1.87522966211377,0.749047612108957
2.04658563099261,0.8959113673046,1.60359957777511,0.855844408270893,2.06966958737527,0.529807548811679,1.66685647691171,0.563771253398885,1.72701731229247,0.628861909950898
1.14506014300959,0.889738775135018,1.27781872912191,0.797941236806732,1.14055356210206,0.483598638889878,1.32973038408309,0.500224481797684,1.57993757252585,0.652372062863266
1.63489953705611,0.951017169087723,1.8133417636771,0.890861800794317,1.71477177285867,0.509213041286868,1.80980085838597,0.582552776180363,1.8686755332953,0.684117738274553
1.77924748190444,0.912489428290954,1.56619167711538,0.807226122970873,1.74017539438345,0.505333084703928,1.64303454591467,0.520231543306972,1.56184494847241,0.702859155751475
1.8210518201821,0.870197013621518,2.12329013138023,0.990952172357718,1.78024392533747,0.520824010890052,2.05201370448943,0.609704139761482,1.54434261494839,0.692472802099578
1.74323329733985,0.913686376325076,1.58960435940792,0.794720734066811,1.74700572806917,0.505113208100986,1.54693610280322,0.527189096721311,1.88686803357686,0.665238871649694
1.82225354095727,0.903032651154573,1.89587632651632,0.878195030835279,1.8292536889135,1.89709703712956,1.79850477125677,0.515960977460865,1.7588310405649,0.624898463234778
1.6872087713325,1.0194078291958,1.98722979709969,0.908330814934571,1.67264614907015,0.600283107097352,2.02906003454713,0.574359192728227,1.86480708785645,0.784483320735159
1.72604749038005,0.91187160066442,1.4109954660586,0.789932473259094,1.78596125031508,0.546089986364627,1.38874097753105,0.525467424701708,1.62241885382977,0.677309930028395
1.50554745467737,0.884642173294034,1.63689650705733,0.934660119519792,1.49486995719804,0.507264546728323,1.70721851260504,0.552589171620204,1.76787454413412,0.684609421422147
1.78118944313339,0.86247794763461,1.57014207721303,0.897381365507477,1.74379486024523,0.505808919253148,1.5855182717069,0.546613703548181,1.76500724752629,0.660198494325583
2.01174325874663,1.05426799541174,1.96964305242473,1.01130059396256,2.08300882680581,0.54465098374246,2.03175289364831,0.590266181656164,1.89937807253796,0.71452917195694
1.50362317714428,0.814873582764333,1.86644544532961,0.793802022942569,1.49451795986162,0.478309856027332,1.87809550985068,0.477440226678043,1.74280187947643,0.659089923874208
1.81470707937542,1.04351872736804,2.14405651258578,1.01819039520252,1.73798162285002,0.56822156227354,2.14739261627804,0.620463072971185,1.83946654129524,0.789335399090487
1.92494692194166,1.05930559772884,1.79999332699553,0.900580994989333,1.84284652455774,0.556504875145833,1.79773519379663,0.537756159855751,1.72555429081607,0.668395502167536
1.83773045496566,0.860845879326448,1.74095444658052,1.07451056901963,1.80830516210422,0.517946714823043,1.66524080497644,0.620521763018326,1.83787101076889,0.700283039310836
1.94086078577576,0.825041414646239,1.36551933733421,0.85586026603256,1.95013042503515,0.452168390247378,1.38295062139005,0.531991621780786,1.83060723671606,1.12103279005791
1.25372473597966,0.848474944007854,1.42616494336453,0.773411321926962,1.29840292917476,0.515981072661786,1.39691874686829,0.505156260819265,1.24932859519858,1.68297291897067
1.47007947517274,1.12423507023699,1.54378775668722,1.06745332474527,1.45762905910591,0.635504927686902,1.4599408209721,0.639211350281525,1.41031960683926,0.752333847902015
1.74483532088134,0.87116164616902,1.61435079776386,0.930338379082318,1.70565412480156,0.550282566572792,1.62288940199688,0.594620293557468,1.50413172828989,0.769095362093459
1.54504668429421,0.933255860108196,1.84714102022184,0.933542902219244,1.62262170687968,0.550726684620131,1.86741664548301,0.616427630338971,1.84127545351419,0.703839329220213
2.05110994760181,0.979025254127802,1.76896288532453,0.906374192048074,1.98330051853481,0.554931189072926,1.82813343425448,0.532458859899557,1.84764058594657,0.727511861297391
1.54085136043559,1.08246274599572,1.83252497163067,1.01189126611373,1.5908666727107,0.606622585115936,1.78418554782277,0.576857814460678,1.64425397196347,0.774055319044788
1.68387263639728,0.843137884415534,1.37142137399414,1.07050778611223,1.71409112168933,0.496205734460591,1.36887911074795,0.644106916341661,1.66272765836196,0.702334938252107
1.61785983121111,0.892809091019892,2.12575349468244,0.967320573862123,1.61434382246369,0.515713492146945,2.13481334506998,0.544936343605753,2.05318756697045,0.717691829110951
2.35355020849703,0.994857125428732,2.18263757656435,0.933155313809306,2.16165131102503,0.561297772307196,2.12683165150764,0.566825317290503,1.81086473469381,0.699385742170623
1.63624026431841,0.910586172861764,2.22574626658853,0.955077207078321,1.6839942992913,0.52051477519495,2.21808897839796,0.613127779616467,2.00488043914391,0.706303076581595
1.5258051518811,1.01919161171542,2.14004742999665,0.951091652603197,1.5186407767808,0.573661220368173,2.05567745860613,0.609423855706913,1.56685967686573,0.757428227775903
1.8723194086223,1.0005035604,1.73186772330898,0.979059218449464,1.88076214242665,0.569520383987596,1.76616942323928,0.589327922628973,1.96211964629067,0.700439791303841
1.27725139223483,0.879584505564703,1.67267505890137,0.778787848472953,1.34287930686347,0.498759523979309,1.63008502031734,0.529942241201874,1.58330311081442,0.657460297274962
1.97149910872559,0.857449394434699,1.89319860872598,0.883385185083507,1.94057843473611,0.45980441338291,1.91576569617688,0.534269122728896,1.84128286753399,0.727166039911856
1.80711441215861,0.84558480312732,1.65727268135384,0.844687887205569,1.70219948245976,0.493535714043165,1.6460219418503,0.531004370821282,1.59006450325749,0.73551847418058
1.8685401546199,0.920603595065054,2.02570426175742,0.96079762114168,1.94382863889984,0.628566317544823,2.08156771556109,0.596445331328566,1.87034887650368,0.74399434660269
1.61255350243497,0.974331786673297,1.49133874333611,1.03582063241168,1.52773192878136,0.530653548289851,1.48343544971296,0.597305481911019,1.62590717393737,0.811580628578619
2.04394053638596,1.0139706824345,1.82063018565212,0.933146427782244,2.08610036338539,0.569429551152366,1.90599354802602,0.553084462718303,1.868575950885,0.810588623106572
1.82617910915629,0.826880204328161,1.58571177863602,0.855013393075423,1.72429580352075,0.516589707102973,1.58348939140874,0.52627659439392,1.62627506281766,0.727704584526375
1.72116529128231,0.989483636957802,1.70721795792721,0.93980584927351,1.80899451474541,0.588954816088826,1.64820415228683,0.594405085801971,1.81466254764444,0.731897597082718
1.98979560783541,1.16536229146915,1.92082983692481,0.906251480222068,2.04404368361393,0.618840288462056,1.88205978963714,0.533967211131916,1.822709613437,0.722437390052927
1.75713742066289,0.825893334373634,1.96438179259031,0.945833296337078,1.76896018312519,0.489917648744962,2.01808990475057,0.566291247837073,1.84662668786257,0.681515814889442
2.00837899359248,1.09734816880889,1.51249864699417,0.937501675340968,2.03562531414261,0.620129313672754,1.42061823726298,0.576832571189713,1.66653881596134,0.652990661650697
1.68250689809082,1.0177253608171,1.56647693740051,0.991187534295619,1.70649463935122,0.559567314468766,1.58152294342416,0.613155571732402,1.64786061174444,0.747422404544001
1.47939908705308,0.930332910148255,1.7446122087424,0.782095707023335,1.49807033556283,0.53264918854078,1.73438992536505,0.588787622139198,1.60155723621593,0.732790018193187
1.70587791357481,0.879413319252227,1.99927999540493,0.786791401490412,1.66253443109801,0.505198013995543,1.97110613291533,0.477002156753675,1.80577669942556,0.617735529613662
2.04168893203094,0.75193910091414,2.01119585786111,1.05299916606251,2.10812077858314,2.18984547275324,1.95358800902045,0.643778740096822,1.7917542762803,0.704023570005568
1.88775594500907,0.973122693786587,1.96254527884686,1.0037001767709,1.88086140763106,0.585804678664601,1.92925578287518,0.616322552069634,2.00764919553456,0.750315806223782
1.80036177096217,0.94540845440023,1.6946756102688,0.871598243478759,1.74015562941947,0.572054117017064,1.67390495897506,0.529473759338649,1.97499900777794,0.693816824403533
1.66573852629972,0.798141016735735,1.87665603448336,0.855446515204394,1.68444867566948,0.442146655432043,1.93346471537501,0.551454382709925,1.74791934931463,0.669158484156807
1.35681984343027,0.872340064931901,1.66811573692556,0.774209258951704,1.44692474880855,0.510512720651089,1.73008655412923,0.477336140232224,1.60783227371306,0.643505975918289
2.10597053213344,0.935071762711701,2.0460095585656,0.903556096225349,2.03328850668421,0.544737740646938,2.05249720110153,0.553966395125489,2.16439993889886,0.7019329846538
1.7531240750162,0.919689209147658,2.01254861503597,0.7738758480332,1.80860273830441,0.561018431192462,2.06338226730295,0.506860997164182,2.00052526870583,0.683284826480881
1.91645162961923,0.945749582627706,1.67453228672822,0.941079194150742,1.94941511273826,0.57548734319155,1.66280538276853,0.571658194932113,2.13916812959011,0.743863927165857
1.36294490133664,0.891657838726999,1.2420463468872,0.898654393950197,1.35697226809823,0.503717255273164,1.26519516595899,0.586644834813929,1.4656903617461,0.643959888212289
2.19566959916508,1.07007376318078,2.12641257550419,1.04237896997563,2.18433366360402,0.631577926120503,2.07100237577209,0.64955176724503,1.67955120860747,0.720598853219141
1.64753372386589,1.04062437591476,1.46485369485288,0.893526434562572,1.50829484694789,0.603259758687302,1.4687961267014,0.575414511251477,1.82732197325664,0.779560072113155
1.97123882623265,0.931868350817608,1.7080661685845,0.84875019636406,1.88114326546639,0.52399166952673,1.67352416709238,0.561345195680967,1.83275041481183,0.762350103151182
1.58358449634058,0.952830187464881,1.6798659926697,0.853087940069064,1.65919099516323,0.57686979086576,1.7000852409068,0.550484140495851,1.64660827185491,0.744820165631276
1.49598198405757,1.01447524766399,1.51325156431731,1.21900311756237,1.56385489354804,0.580088805243866,1.61242325937496,0.715224232423799,1.6976079738523,0.775558339327103
1.81211643674998,1.00853862226979,1.74561757326134,0.855837644664551,1.76914816749799,0.52220836557399,1.648719509439,0.534954988574418,1.84915037515662,0.732897945256248
1.69186317660999,0.864388300642004,1.88831855121088,0.913614337079308,1.72195747242808,0.567589602088156,1.846536858097,0.607023318525677,1.66965216395792,0.679766336723778
1.79189766875077,0.801722131493729,1.80087117971075,0.876060116726762,1.73308425110843,0.484758371517899,1.83682494155835,0.537814631670849,1.83057186059873,1.16009672812487
1.59831696413037,0.964018405775469,1.73194006690337,0.920111068718898,1.61591535079766,0.524566565419288,1.7823035124528,0.576244990581445,1.70374234698861,0.746602697165572
1.99806723353929,0.830741187070428,1.97795262636137,0.884011370197655,1.89463796289687,0.514772701933385,1.90636257482323,0.538633228430099,1.86135661387005,0.737133657696387
1.5784562257445,0.75920941229914,1.55585798463214,0.787259617434115,1.65624557868667,0.453816075266064,1.49338202922822,0.50749274799585,1.66899866732189,0.660611210164628
1.8293788113786,0.864872871123902,2.17978469073106,0.90028849087473,1.75036056795023,0.522402545360329,2.05189202398148,0.562490615578491,1.75186919241541,0.775523932883694
1.56939566423381,1.24195986207623,1.61412643427845,1.01848301990318,1.59179517410915,0.529490842551727,1.64249168218562,0.641027099543842,1.75502466249171,0.683340849686209
1.32998703994903,1.0811160449922,1.74614966287969,0.882357457717207,1.4205993807421,0.582695274183747,1.77516098277179,0.58064429177656,1.68974707306754,0.681725249923004
2.2464018565378,0.947300707307619,2.10049993410237,0.927952953739639,2.24205023505127,0.527213793360088,2.08754052749308,0.595661159953339,1.58329802790205,0.711587449456653
1.37280690061849,1.01647008260503,1.50023808385202,1.03566666494375,1.40274451154631,0.587308798645124,1.50863338360978,0.613904205297294,1.66819084984867,0.749691966394181
1.57458363252052,0.876277133260481,1.64669350997656,0.941363246761067,1.52179151437015,0.502802878658819,1.55616238631535,0.586582685595111,1.60278695899414,0.669426744048762
1.77601464102964,0.94297763505264,1.44480459675572,0.906403477158209,1.75695259889372,0.496439733772684,1.44222423971159,0.541234176698806,1.65280830844535,0.637361523173552
1.78213075344739,1.06407543984063,1.67766260023973,0.937049404318714,1.78235642605307,0.596179289144023,1.71694443543169,0.598377392681489,1.78516667415105,0.705858949663918
1.78985954431489,0.867167619449384,1.68531903608944,0.788599111802121,1.77240653451698,0.510538023534371,1.72748195392519,0.505656743424641,1.83293014262041,0.663374904039173
2.16541577929708,0.912731959124989,1.95548066429402,0.798725451728603,2.12050014162727,0.511162262352282,1.98289355819583,0.525357578929308,1.82096416391609,0.658502997039863
1.55947837697121,0.995605262701678,1.44244002673773,0.923105130385308,1.61197936984865,0.596586923111515,1.48990569944377,0.574418160663341,1.54279978827591,0.679177593551935
1.85885599026901,0.938191677512148,2.05959964340867,0.989186104000265,1.7502906176004,0.549395892042854,2.05124366871689,0.58263032049316,1.6108695209193,0.748128986324313
1.41148692410692,0.951149122321677,1.74333524469382,0.987851740045911,1.46427949207149,0.5436306235311,1.81860116019357,0.566898375355713,1.83127213482265,0.696742188896371
1.84546511919959,1.02125942324292,1.70051304254103,0.913537863005348,1.85817864262113,0.543686191613933,1.72832237649686,2.0052092745728,1.86336992494884,0.767041304567658
1.83674853447283,1.00704538370701,1.37353869368307,1.14034820292166,1.92378031059362,0.615413712103668,1.45122756359731,0.680914639343379,1.86226731290966,0.750044179417975
2.19421956329209,0.911285660164988,2.09860549678103,0.842891770123989,2.16767893259954,0.532662717127223,2.16311857213951,0.535268011577304,1.98276850374507,0.701403852905883
2.11106937079618,0.817686321298026,1.89972494629797,1.00753615896848,2.13567505641662,0.502940602502724,1.84316889099226,0.614837131757944,1.90994776040706,0.758494738440905
1.92726462799967,1.12867819503558,2.1222673383044,1.00682804578617,1.84375468961312,0.632887555903608,2.13067000540711,0.630828343461687,2.13355559678273,0.837314472624062
1.81723790158745,1.0232683666627,1.78954181829821,0.866638851881888,1.84042573575754,0.618359555727214,1.8139955449201,0.538400168267385,1.83937743183664,0.680568029030185
1.94976729735707,0.843547989904088,2.1659304856838,0.743925187541221,1.93990397236221,0.505461859370586,2.21427956621516,0.479465523103345,2.1807113929194,0.628765354917653
2.18199701788199,0.90907004467686,1.94183626045724,0.939734322710686,2.11488426772267,0.560191474660802,1.91480577780273,0.601768828371291,1.75558996128903,0.710838632804304
1.90217254742009,0.922630684475106,1.75898894064733,0.851270989882382,1.84806417724899,0.493899348137149,1.73067595485482,0.533800859883999,1.74515335739735,0.699169625849963
1.55220695526334,1.08217882689121,1.76795914139272,0.95693781582943,1.50809282585206,0.574595625182152,1.74576123899047,0.625562512306987,1.93431819757454,0.769277884015316
1.72330095072556,1.03980248382128,2.09747498638455,1.09965179295043,1.74410504448506,0.624556018340268,2.10892515415009,0.630576247147181,1.94681982091845,0.767846839260249
1.57388767222812,0.894490405241934,1.56999723962088,0.972022140494401,1.70114017989955,0.530585359335209,1.42072794698477,4.01629039297202,1.62294293631723,0.712973182173191
1.38410739249434,0.89616397614343,1.28234778741319,0.843722455836088,1.44038005505938,0.480396070779193,1.32620802737404,0.511258623105864,1.55781738107641,0.685160181196428
1.68411753965099,0.998228176232247,1.3368231603692,0.935191272840011,1.71571086072837,0.591444654274833,1.95244343325878,0.0652834998105627,1.79505123529046,0.769850020503896
1.40305099083857,0.855058254993533,1.23745709533353,0.911527242214807,1.41302161315698,0.484209442573058,1.30000149195393,0.533410522928793,1.63936860045923,0.635764228913541
1.80383157041144,1.32003194823912,1.83209632549336,1.22241688930374,1.86827705546673,0.691772719239677,1.86038813475062,0.696544636941913,2.02300894386364,0.927785017855618
1.80668975294434,0.808859744386995,1.82947876458489,0.887190634522869,1.85576116497166,0.493524743015635,1.86030607901552,0.644093813101344,1.78745370199551,0.642326385258764
1.56804638648107,1.01066225767645,1.16271420479814,1.00104053562234,1.59169310358577,0.553705008012111,1.21179867378269,1.46227809314083,1.56420845062698,3.20376855214235
1.37782493583753,0.964383920158535,1.96922108056679,0.835612846903454,1.27526768808128,0.573292185325299,1.9486721200368,0.526846000163186,1.99312548430556,0.699018135111572
1.84013903744221,0.978285243099788,1.91190178102632,0.889893057255677,1.84520914768247,0.554060127949713,1.91631463271054,0.554384918873538,1.93858312680275,0.662656131889888
1.57056216172369,0.988286812667965,1.43127627410957,1.08238105302636,1.68191388490621,0.648297022174286,1.57977787974387,0.690360866110797,1.74886248637625,0.76818437727365
2.12167988676675,0.787190102942398,1.70533099734692,0.775364538929106,2.10870203580135,0.486051707445804,1.72934745868993,0.521040919807927,1.82032224260161,0.649849958401904
1.67164565591519,0.886399697432682,1.91589281203353,0.974985911960424,1.67829738760438,0.528892469854406,1.85978458241698,0.588874487471088,3.15871204686109,41.6172848920414
1.57324954653477,1.20803996929934,2.01835828175511,1.19379922838708,1.5405717050217,0.684635205501271,2.31909562905329,10.0081773097593,1.66593530117126,0.817139334983678
1.33791708449949,0.946965703895194,1.59452289091972,1.02214925978558,1.34639581269493,0.526091108525375,1.67474448835299,0.617872112571211,1.48660510441625,0.722856495960599
1.6387645020026,0.852157113068338,1.66927059710142,0.918033369505772,1.68776541993228,0.4969559698568,1.55361202103754,0.531080206992485,1.79229918315851,0.660079980137377
2.00040866876344,0.778954933469942,1.28200162665262,0.714189012106102,1.83082135566446,0.453844730239062,1.32804151772567,0.441834724411219,1.61225555101116,0.661230454096585
1.65262538783628,0.943897055481876,1.89258752326719,1.31127670531321,1.5919976774448,0.547145925062951,1.87066908064148,0.561678181626631,1.61585503486402,0.669430729381301
2.0539507644007,1.12628401094579,1.89834928497675,0.840208365548972,2.00258857756961,0.560063350758817,1.93101463471767,0.523475449936484,1.98017204618807,0.717113722356829
1.30154668800736,0.97658814091735,1.8239854460998,0.76387083439112,1.40790577769531,0.592227843679236,1.83758521796184,0.477113183935979,1.78933515705934,0.617933885753154
1.77410888481198,0.835842918930319,1.72542546666141,0.805296758726934,1.77216984422605,0.491262692176644,1.70733524160362,0.517235880724012,1.90110688018351,0.65140054846633
1.90121820221042,1.01469837593584,1.97618467687156,0.874041791145844,1.9622903974606,0.56414563196945,2.02807931570242,0.561262413302374,1.84092588012767,0.71406585864397
1.83776576949435,0.882641204821778,1.53404204683444,0.884213805216892,1.86225950535496,0.53568791959348,1.55329419814887,0.544404820089639,1.73783198378139,2.01721919163985
1.81206128004617,0.973788583375408,1.64852122951226,0.826779160640179,1.85379405632966,0.572048686172133,1.61280690829474,0.5354006867233,1.78034875056475,0.708143299820964
1.83671448155778,0.846664693671742,1.94116794593007,0.826781642103545,1.85014473501688,0.499530406355048,1.93650097868418,0.522242777242712,1.86174529129605,0.702343103758847
1.74935413297726,0.926911445151728,2.21494179544812,1.00035117912937,1.74970225716025,0.543749540391664,2.19262905272512,0.615909501023405,1.84095167758008,1.18444373478913
1.90908570306091,1.11717980379052,1.60853543996577,0.875937778467259,1.81413583765765,0.606439587263218,1.62568808956783,0.559306558534084,1.86356274498115,0.633527807579011
1.90780256633855,1.22067275075335,1.58148916506897,1.06988964600103,1.9694055974783,0.721330568385683,1.64847242316137,0.711489192470024,1.69420107800139,0.864405341330446
1.57415779081981,0.857353007636071,1.69731082321775,0.853341192176323,1.5189259462435,0.487179964223137,1.72749283150835,0.526011361258329,1.73298031178775,0.652193295080614
1.6399442300584,0.859786591310001,1.68398756517337,0.957309282493829,1.75039097051147,0.510903976404089,1.69105328285359,0.585918308336148,1.5138515239009,0.742219545356756
1.77322837781953,0.967293015276178,1.48570045038505,0.869120436366802,1.73572951164549,0.501617183487925,1.50405286560159,0.569987785632768,1.93757120397041,0.694634917800132
1.93880466980128,0.975090253899378,1.58389629712776,0.835337334603634,1.89474138755399,0.668438208825012,1.66229445488309,0.515861598211705,1.80453475471272,0.698312552065677
1.22517723954389,0.946507265135411,1.5124599815076,0.972630658076488,1.32863943127359,0.557118967487427,1.5136998227997,0.620758573500168,1.60272217769338,0.706173961512658
1.45859803461115,1.03014654199555,1.61634238886599,0.999048459217294,1.3742766067911,0.549417151854103,1.57210930101935,0.576375856693432,1.62049959425685,0.70905888023821
1.48141778503413,1.09843441997347,1.44664174620139,1.01371491783886,1.49583676744161,0.602674321014232,1.57864963406825,0.636791004727048,1.68460252111772,0.742330638739262
1.58360192874728,1.1934320448331,1.28975118368979,0.818553334205034,1.56324162520018,0.583759474910452,1.34472475957983,0.528061755460102,1.39429772371898,0.635977677622595
1.69534817637239,0.984487285013987,2.00223508291842,0.923958845208132,1.65055793702482,5.47135640864507,2.05037313658547,0.577841433972853,2.00460026478577,0.693358920325573
1.56975970001927,1.01593686324484,1.96190908623928,0.917825659751991,1.53818383895159,0.560077735900128,1.89918507628106,0.537570457075241,1.92361367708735,0.722537190405412
1.7931691704466,0.818766090894398,1.95720901657052,0.761268521371261,1.76652829373121,0.481709451397062,1.85820667339204,0.446949703935364,1.92050358236048,0.647112645581537
2.53336181749472,0.935624597049573,2.02595431155128,0.825815514620684,2.44761977287935,0.574268209517895,2.03384105727246,0.535715376870137,1.82106662114404,0.670158293219951
1.69908588133072,0.984222689135499,2.0383099391085,0.753723703373923,1.67006849247312,0.587427453965918,2.03985363675075,0.491637586082503,1.85365399120098,0.655269362470938
1.72046372128478,0.749323704624099,1.56492583419142,0.771030530371743,1.78065212237837,0.475195556820202,1.57623224568564,0.460426578119551,1.8479932199074,0.644005131038386
1.59383725937924,1.1155701331545,1.59043083032521,0.988332343724361,1.70621354896945,0.589712164496785,1.59455681853054,0.60755819168222,1.75244214607626,0.733095567855826
1.87206745447879,0.928441860920578,2.04575560321392,0.999984141861806,1.85416946053713,0.052550504680037,2.00219107014303,0.62953490187222,1.81583919000255,0.698835303842025
1.6429148748701,1.21865546686278,1.61769470547763,1.10479685646553,1.99683799783476,0.0506500720937058,1.69070663374394,0.650439210217923,1.61488521178158,0.793146971082313
1.72135786714363,1.00569628790849,1.67218776066735,0.937442979178241,1.70806080974334,0.574621896544995,1.69981351205925,0.604848729581384,1.66389179085861,0.741029124337184
2.14955492368293,1.04413525934879,1.80641160837593,0.887796144561505,2.12427462578297,0.580766792294309,1.81886034179351,0.533593246806219,1.98541156498082,0.68559283260321
2.09876496483935,0.984893718418715,2.15987319875859,0.929284180470959,2.10441287412023,0.535658431371506,2.17907987733503,0.535014418801521,1.87454556817581,12.0402275545811
1.88747246726764,1.18040584334166,1.6684079005943,1.1513083328213,1.7666716944892,0.618253135437925,1.64261069423843,0.624724867207861,1.80362952558892,0.814268866149402
1.92409955054521,1.01097970090203,1.91224148625264,0.888092266737794,1.96893601653067,0.522772552594306,1.90716819888136,0.527469165777829,2.06381082604906,0.651112532129474
1.44264508364785,1.03844164932057,1.75532681379559,1.17785501634089,1.49465329803792,0.594606657893568,1.72670923648238,0.740042430832899,1.79597191240149,0.825318823756759
1.84779809127614,0.994709536159078,1.46766127039807,0.990587528511896,1.83654816174061,0.55508877986226,1.3952094464964,0.592529166528033,1.66030239867774,1.79875530682394
1.93291873539932,1.03329820453338,1.80547696964678,1.0490700702798,1.93807780509707,0.597435870957481,1.85295144266812,0.653178237962927,2.10424734535016,0.794195678784158
2.07015982253065,0.909838972316758,1.89101134338278,0.961679135147316,2.08510551543953,0.517307996374186,1.86992093784885,0.589900833286926,1.88198172287403,0.739268788663788
1.60055661668061,1.09351296951298,1.83025376475344,0.915664340029811,1.62116152135899,0.593752595850564,1.81893615253468,0.535898865468166,1.83460012688027,0.689162764111064
1.72249507884524,0.910201494335277,1.91306476023004,0.769362698093171,1.72453341013693,0.551190353554681,1.8336643253566,0.507576179666859,1.92322027879515,0.739463444929572
1.8249110317627,0.915664885743722,1.81535975707724,0.933517991474786,1.9029105993799,0.542182771787817,1.83200529712338,0.544654397683403,2.0108443235177,0.691166285538861
1.99780983218275,0.922003429810776,1.77147720890364,0.870527430548756,1.87583402442896,0.538028840497335,1.74710697011546,0.551826187247789,1.85207416745324,0.728619958297708
1.59176548367398,1.06226073444974,1.57073628882192,1.06511723908162,1.60526813028516,0.601594123472517,1.61541341615406,0.628045672180612,2.077238176332,0.782378754570684
1.19160638066415,0.886700278228841,1.69058251407457,0.866382101291534,1.15286301012636,0.572149974762802,1.71091349935247,0.536498636564134,1.14471612961723,0.752830416488362
1.35667624008785,0.906315057960552,1.5555414980603,0.972528591298001,1.48763016364124,0.515573858142736,1.51338679466305,0.59404102338082,1.76726317676727,0.705113917711484
2.27945960600788,0.858575312523593,2.00149651615314,0.720815154990827,2.28583724982339,0.499405043113978,2.04055451315666,0.475952622533528,1.98622374232048,0.666323022460154
1.85103082862368,0.803094642816593,1.52924867536316,0.830268957241987,1.87639363766269,0.498953033563459,1.58433678163065,0.535691811589729,1.88775233144132,1.02747804548802
1.91144089242444,0.981590621938055,1.64602925618222,0.770305401491179,1.89757974467937,0.580566444740676,1.67051667316252,0.491362725753483,2.01463395362943,0.671594344309913
1.75676854150073,1.01470720387608,1.43215102659298,0.895382050629819,1.73764672894644,0.591116592238424,1.43019910029535,0.591604462776117,1.53914434381839,0.762990353795846
1.57055571681072,1.09096420255485,1.52918635468707,1.28013550982251,1.67144661642945,0.629384783930282,1.48529877817675,0.747198451461883,1.64475388554551,0.771142611119965
1.68412526592118,1.07230795957864,1.30919755908565,0.891923718675414,1.78974857703235,0.612803981076151,1.35792760442221,0.518290992273492,1.91199497163605,0.740415793029692
1.50326069882952,0.759356085942492,1.67168376515022,0.717862711962596,1.55255970181856,0.453924015285584,1.61700384143594,0.439773597766788,1.60650133734383,0.592175136036273
1.83312214373663,1.02697532939691,1.59412125144425,1.09796283579214,1.83239571754883,0.569895986223716,1.58691582224726,0.627881131999763,1.93320361673366,0.771128126999124
1.87256099378931,0.964147918454082,2.22714275782679,0.884243439206144,1.93343152545781,0.535676917882713,2.30227897759818,0.565554978076312,2.01256367449438,0.749623937864891
1.81210522694085,0.968604870368882,1.77402250256996,0.959966387343129,1.74931706751937,0.55050329363431,1.76982337159416,0.566384783011362,1.8636915555056,0.685524619843226
1.97439071670027,0.872855614072136,2.1045856023187,0.774055272573081,1.91666356886986,0.511997328074794,2.0888001026499,0.487166683220206,1.95650521726159,0.665704164934621
1.43638668819554,1.032240615343,1.45760431172046,0.920863751770659,1.4260028572272,0.580850924077339,1.46850499030394,0.581046932214495,1.45186272733813,0.735502769810027
1.90492333396022,1.13096327802317,1.34640141809148,1.01457199727786,1.91357406107447,0.625363875873395,1.36586408488362,0.629396154639002,1.74698148818739,0.757800397016323
1.81500953796586,0.934445788331458,1.76615100465036,0.842432562740289,1.76342322955149,0.520188748320466,1.8028267966128,0.567071228238862,1.81188245257084,0.752967184360449
1.62203319582369,0.957600164730809,1.7583842677333,1.09973348660278,1.66743975185698,0.528250080020259,1.67619196926405,0.599445146776972,1.85235865983256,0.672187330506144
1.89117196146354,0.920830172363608,2.02331484687886,0.880757119493637,1.8706072205509,0.571753979977781,2.025190653295,0.529431804666749,1.90478968661478,0.68619197986617
2.02398807674181,1.06126066810685,2.11905448887355,0.922716105148566,1.96083449169726,0.636092166416243,2.07423084406845,0.634535352628798,1.58958856197731,0.777883428981907
1.77726370166875,1.02327954681633,2.22010763747009,1.14003165331386,1.80607233782554,0.638309334084333,2.16644318000365,0.719688751770575,1.85502739365937,0.807384756819848
1.59879767815569,0.839781306944819,1.60800073899247,0.85159518167633,1.56735544380907,0.51676601845738,1.66621330461915,0.541939456968665,1.70649018888178,0.744383831919974
2.14017607103368,0.887992619641236,1.92933765607161,0.861684712617328,2.06515591027843,0.522317793051555,1.87160925235858,0.551984069275563,1.73992388430663,0.705189573812294
1.99144031941195,0.798429758854339,1.79076958433386,0.750256974399933,2.02111625941148,0.491673465356641,1.78061516452483,0.481206639095402,1.8726397026481,0.702116487228962
1.49465898635229,0.981565651752545,1.81724619568063,0.822226633012702,1.50134681539774,0.574269207952009,1.864544556103,0.508247729027536,1.5284001857972,0.710593995584406
1.62235575718235,0.987230893434243,1.82402881963593,0.93196584346581,1.59259891337514,0.556855287647219,1.71395610284878,0.563367064858009,1.71497561157568,0.696638853239117
1.37908352156736,1.15611362955576,1.7801562543117,0.896923386711604,1.43764819024361,0.641801794657753,1.80366877283402,0.567391984485574,1.60853978969322,0.789528480285747
1.68422072569781,0.89860228632471,1.75207010183033,0.900046822279372,1.67946006463142,0.537298583232481,1.77050918549212,0.555810032529201,1.66110300776646,0.757340129571172
1.76365131507584,0.736263705849552,1.44377587167859,0.708583646320311,1.79299189360391,0.458240585792981,1.40539861868983,0.473975843827868,1.7588977966485,0.617836433455294
1.67328518089624,1.0774487920833,1.7132398046569,1.00511682971808,1.78475371459077,0.540422086792866,1.72117066758025,0.603830038703321,1.46238983979928,0.846662185776955
1.28172617003988,0.729918487269228,1.33415104515405,0.683119274725573,1.25924874488455,0.458121817627643,1.39333549714969,0.439718913369449,1.42688409791244,0.595991075574155
2.04258258222545,0.995893574335581,2.09563982996857,0.837550285842928,2.02897899118985,0.545599674840375,2.14091975918451,0.504601448582356,1.70974394793785,0.646397428627283
1.75419998768434,0.997436263767302,1.66126542567194,0.872794171876143,1.73582054667812,0.580101423782027,1.72809133400793,0.544905782057793,1.54730821896585,0.700459149022714
1.40195119178694,1.85417831003803,1.60992681338164,0.976110561532827,1.61911807554019,0.602865461823426,1.53292152291284,0.609499229867931,1.58915313928971,0.724290038283865
1.72468600813344,0.835726890695932,2.43308917287303,0.845483775318594,1.81885338881979,0.466403303960262,2.39981669054741,0.537927630808639,1.93216157685639,0.67056315709791
2.15019986555283,0.984575669754833,2.42612039078521,0.96081340047395,1.95441010897322,0.555266535522554,2.34752178946201,0.56612323048193,2.01228548865256,0.728061012837122
1.96190096266706,0.906444133480325,1.63499934282506,0.996615490916827,1.95585710288499,0.543073418302852,1.87155015212098,0.0476432977782708,1.86981591500582,0.699899833239404
1.36175915274837,0.994458159134714,1.80499868458236,0.936109394472324,1.35676322328225,0.542119227627157,1.73318884649108,0.604399535849611,1.72191958247783,0.711899128939159
1.58984057575799,1.08097808740664,1.79114374261075,1.09615719015111,1.51922373830929,0.621545832501367,1.84951980359408,0.66467963094443,1.60995478751068,0.824488045471934
1.58206297151761,0.982308434583227,1.69831411004263,0.870416445794413,1.63429417602584,0.568855841796855,1.71890344978383,0.537427709372973,1.59791071076575,0.717898090597201
1.31656846280432,1.00332591304958,1.42399669339266,0.930138025300875,1.39371831905318,0.570810880794018,1.47953418962002,0.571496700147859,1.61064434300134,1.18223019821682
1.43623171376425,0.82742749356511,1.51084493279972,0.972564399618871,1.43686680457959,0.486188827807479,1.50818749508265,0.602631702926615,1.89617864056275,0.729293209755576
1.86809012592956,0.801364720210712,1.75952870487514,0.884156009944831,1.81899995100892,0.472168253322264,1.70822128968285,0.553295013997771,1.76925014390044,0.629487992622186
1.48369856440464,0.882371857165861,1.59279590428801,0.947080627197803,1.54843153401857,0.52264182901959,1.65777119335457,0.592648872926136,1.81667018348684,0.674437392594695
1.45699046531085,0.797090775927006,1.32722011715017,0.91483065071558,1.54708366130907,0.403952086760643,1.39940072864736,0.550599883136079,1.70463351887365,0.589011845375765
1.6058223961201,1.05472570012967,1.94037782974859,0.848453727563467,1.58138207390234,0.605470415288574,1.9173788259467,0.523871983012921,1.78237354005665,0.613660685531998
2.00268499830775,1.03840661508042,2.23062388777155,0.899450780697152,1.929703742603,0.590414955563367,2.19271476782259,0.612536839630492,1.93010698358074,0.832550043257173
1.51660758621187,0.959570716453552,1.68623201946262,0.912856048717091,1.55320897983612,0.570827412050469,1.69808968542197,0.58039731217183,1.6720164464626,0.688562848372314
1.31486618371452,0.796954646093295,1.5315541968991,0.780384680851991,1.40066518920213,0.464771138146988,1.56021009734706,0.519135373410232,1.85336178513178,0.682122088952228
1.84654712096399,1.13470457866658,1.67949331822567,1.01675390230782,1.83306220076273,0.637587750821136,1.69527731566955,0.600173474249912,1.82501604077756,0.822635785932706
2.05774292481891,0.94485061765944,1.91415006408327,0.911797075472963,2.13852585227852,0.62194499921517,2.0185192629651,0.565241616639453,1.86572774208106,0.789622261342035
1.9641846869415,0.981243574500771,1.71419964555726,1.17325451205151,1.8450667646631,0.537260004307072,1.58119001659946,0.681635228606896,1.78735398342022,0.738477506674809
2.01722155862749,1.09949536197689,1.60790078842027,0.915083332460222,2.04904986372949,0.635591254699098,1.68544403827707,0.55176367151957,1.98698048981627,0.721631834568667
1.8468400195311,1.02520180772989,1.88471938918151,1.01091783244893,1.92159282260987,0.547261164787807,1.91270508317009,0.643048447008475,1.69328364951435,0.729933179797693
1.59792973106412,1.07530034394576,1.82363074697938,1.05827677464854,1.66466782719375,0.657058236498911,1.87730767993987,0.663378310586954,1.87888023287603,0.817134212960105
2.38474960509761,9.18690069918238,1.69548949618917,0.981928205864912,1.99329071994788,0.552936508642952,1.71127956604968,0.571206786851982,2.04263060119723,0.752206507466789
1.74778958171753,1.03009184530364,1.82428407810737,0.954998173782152,1.71332070532983,0.618544233262243,1.78687439406909,0.587192941466759,1.82998620523189,0.757139031679854
1.68799439319575,1.02544818048821,1.63996482415245,0.876057391977379,1.62016907306196,0.537751860484241,1.59333032596815,0.513614640765243,1.56512510305172,0.722842593668349
1.76335664433678,0.995849960215761,2.04251760808322,1.15155072764136,1.73023971107567,0.551530283571957,2.17038439209211,0.668376425327326,1.86317750431109,0.781920041411368
2.39051479468782,1.17684521172314,1.8172659554849,1.13506354331812,2.34994839328082,0.661010700490641,1.81802922207604,0.692490582699644,1.91081517117967,0.89051017737406
1.64584842734155,0.943525832749117,1.59010355169115,1.03577240797186,1.728583708712,0.548633938205575,1.63433339755999,0.622195799054397,1.8848427071491,0.687810096714061
1.61675650675306,0.973964086217523,1.90219598896726,0.990750861481476,1.74906764583632,0.535168391469001,1.91170547326326,0.584445529878676,1.59101508882683,0.74695488351427
1.93040015700443,0.866024041351523,2.02209223258521,0.770283897581324,1.78738512418974,0.493173009517148,1.94012107842798,0.512386127196086,1.97147803906495,0.658533027597398
1.85981344028573,0.958944044619618,1.905959039327,1.15456705917049,1.87282635550347,0.52670386712606,1.98747205755358,0.63906510555477,1.89148758157868,0.693254937394656
1.50434151239284,0.926787365142838,1.75873124078031,0.831375048096183,1.53210177851096,0.493948315523302,1.79595828311935,0.496405096876355,1.83640897436838,0.663021426644391
1.78905192173633,1.13917986734237,1.76023571765225,0.901998236889957,1.89928900678293,0.577133070477658,1.74121748858219,0.554199589373408,2.05976024264824,0.673522460338461
1.92095627544369,0.98777544385078,1.90450850540587,0.897720930373764,1.93112783898729,0.559421830912615,1.91023356046129,0.550871862598227,1.96914637860776,0.727933475147988
2.51096924237069,1.22424033727295,1.9375883430054,0.965357271586604,2.48847781607564,0.614082984253629,1.81212983989709,0.597189679959863,2.04885002903726,0.6885499775322
1.67621994882569,1.86087440843731,1.97370076236977,0.952608311070589,1.62995759680544,1.25325022472416,1.95931843184647,0.604589920791116,1.87935119664224,0.784035941762118
1.87644515027324,0.835423647347385,2.14341990088411,0.899011961266312,1.80034929313312,0.498421138174406,2.11305798613374,0.542865825742542,1.78534947133873,0.664197422395125
1.89817314963908,1.15898442770721,1.82366857143567,0.961834764480662,1.89676663362917,0.665114296907705,1.90554367282913,0.560185563247108,1.96787709135392,0.789237770521323
3.0723082116019,1.53105446041769,1.6831971091227,0.749629667023177,1.8085213071593,0.51243279654476,1.72391703177959,0.465944038031633,1.77856801194673,0.619801941000618
1.81608711332464,1.15583871509665,1.61424821208372,1.03321150939011,1.72799774696951,0.649617634324601,1.70060979128308,0.61789611557134,1.61485060237324,0.813404315543195
1.65605782511964,0.86207901297473,2.14747176304119,0.927460527055727,1.71572126179013,0.536789456239813,2.09594523859318,0.593731627207241,2.13198947925673,0.686903233423646
1.7372894442729,1.03180077608671,2.34348060561377,0.932966784823048,1.75863045417982,0.551631827376063,2.26545949530907,0.570151605293809,1.87445407297007,0.764306286107137
1.49125780596192,0.980045810586867,1.8333641247747,0.885307306596276,1.55542335828333,0.557161626109868,1.8562750628062,0.574895835295187,1.90026592953875,0.728962075749517
1.65873513340971,0.862586350809494,1.51548553896089,0.903286296657315,1.71249448828512,0.518458844620486,1.48153060114334,0.576414871279424,1.62364014958393,0.68357548353597
1.61261733279354,0.893544348094812,1.71334568230961,0.833824092111433,1.5841836691414,0.533692637820254,1.75431169755604,0.527826545892683,1.64976619496079,0.737148873170884
2.12402279562253,0.900826442998913,1.98016188962069,0.826673543095381,2.08621186164407,0.496543066091294,2.02034563019969,0.498059614049516,2.06657545779613,0.659273924264099
2.00217601173504,0.951782430876893,2.0294733661417,0.993575385500991,1.95653324760358,0.571984439190499,2.00476301387494,0.554465391867905,2.05652015243755,0.695447175939461
1.89774261781,1.17342157547486,1.97439984226578,1.02693202171745,1.93759660215163,0.621566785733893,1.97355204486186,0.631278543534991,1.87776480994219,0.805750865681002
1.56926264083207,0.887626115118545,1.58184073865708,0.879711668159113,1.61233127018782,0.533482047294644,1.62678484077781,0.548797436721834,1.85208201681204,0.698094830165563
1.57647099225599,0.949461896727284,1.92640821562166,0.905671737214643,1.67052175299935,0.565755109810795,1.91964984607159,0.610739729488105,1.88683065086355,0.758790821395669
1.62963133706931,1.01491367881003,1.84621478702624,1.07665540695473,1.54974076843598,0.567447722949325,1.8236305399597,0.588695598046779,2.05297379241242,1.42905128039351
1.79907370176369,0.85719603413041,1.61476220235183,0.720675989900547,1.73409824589572,0.472159586569717,1.56284718230986,0.478668332280078,1.97291849752688,0.66691620168791
1.66351295406518,0.890600773449822,1.92429548242954,0.954483339404574,1.69194991898978,0.532742552898656,1.86631792111571,0.568066891107024,1.87552410510636,0.680262021627756
1.75282273653025,1.02082826894485,1.82556931025581,0.840865862128855,1.79292497367114,0.614222418218225,1.75590475419172,0.543130129147189,1.45785475954516,0.667276937085658
2.04389079817109,0.945516994350728,2.1503635825555,0.903381951155968,1.91569536083862,0.565012199420853,2.10247305552204,0.527167687507338,1.90642323696839,0.693075591997845
1.46156424466263,0.829993306988023,1.85648397194931,0.891336815057444,1.491217579762,0.512683885953508,1.8550573383819,0.5409857791894,1.66318334684256,0.805470856322931
1.88989995972065,0.891910826134142,1.84590075523457,0.881169838793774,1.87807836676299,0.513273058368867,1.7944164738346,0.554974363239191,1.71884182892567,0.6890683869397
2.01508264928876,1.38330976869619,1.76678532319803,1.01990445807258,1.98877339761977,0.689252440931958,1.86731776314924,0.621356563855994,1.77289679934254,0.73630404200582
2.09188631842988,0.998186523061744,1.73574340654412,0.912816232854468,1.79295782527628,0.720265936964503,1.79220923805566,0.542518654697156,1.57215218009263,0.698065818658995
1.83438725729492,0.977232992010406,1.33441548748428,0.826868369727979,1.81690451449648,0.576982040334999,1.44376835908306,0.492364113625395,2.08939523158924,0.73826411947373
2.06612395519879,0.879303252297548,2.14033120415474,0.940202791837099,2.00088002303984,0.523992157364698,2.17389700042447,0.589960856708954,2.12058971385598,0.734135232328313
1.73687414005036,1.09640027780679,2.04766638001695,0.953162348312655,1.81598235933436,0.651529720851706,1.96483549377874,0.634024147121002,1.99247365520139,0.783916158336597
1.58207322241037,0.84444751011437,1.60627873323164,0.85076309914969,1.70177649700729,0.479898200920001,1.6404584837355,0.541962643175231,1.91459989830835,0.758519884646952
1.67652288717627,1.0420487235696,1.5286550847949,3.11384102940067,1.63750424635692,0.594967573104892,1.5053897833255,0.569936050341139,1.68181453995281,0.732234902865685
1.36346190242339,0.98703713225024,1.3122322782273,1.08432166686199,1.35803597837323,0.576541235218753,1.30379257667493,0.677236891650323,1.61040307639603,0.733193038387286
1.97280991323635,0.990959388220598,1.71245918432581,1.0016430541218,2.01327777991836,0.550109309445945,1.72096931028368,0.59481852028291,1.72637527247931,0.707402870389498
1.99199998009518,1.16916036781006,2.35634600189422,0.997529189237974,1.86821757963083,0.680637105367148,2.31468335431359,0.648097938851748,2.18013915009462,0.747641002361817
1.81043156518618,0.804219451749979,1.65527543252962,0.725755753825048,1.82892498411363,0.458017836366954,1.65329166804007,0.480954408095589,1.67579862175006,0.618742954709018
1.77660766984124,1.01942412147949,1.93804388716627,0.870006355489599,1.92883204899515,0.601389163704698,1.96007762223085,0.569580249344239,1.89257791493311,0.750574533928085
1.56917005640788,1.06844298461764,1.63239039411683,1.19541235122146,1.64382150628797,0.650555900962748,1.56307838651266,0.72672232098519,1.74170071707572,0.927040861079256
1.73174692237719,1.01205545975489,1.90696837235951,0.953880793332195,1.64071099735586,0.54437234109612,1.82575294539337,0.555328787163347,1.83973907726033,0.686709860622168
1.7963164469051,0.996694696854223,1.80501845155139,0.89586817137102,1.85673050376573,0.54973280107921,1.76961581723047,0.556222792987117,1.79065892217458,0.737023672735453
1.41272006219602,0.769430080690523,1.58091342882244,0.830269661036732,1.4647019694006,0.463236115972387,1.65977009286499,0.533586296432725,1.82983087358825,0.633215474339424
2.05424923266732,1.5281584521532,2.20452047066356,0.82036148534766,1.91099590551834,0.50574539122695,2.21624489705603,0.521832498168426,1.92837138134669,0.640073110110067
1.42936886580634,0.81658982219813,1.62634495609704,0.933396557645565,1.50619359352369,0.480989453617213,1.67293746719396,0.54913092277634,1.84328892288784,0.709193956612681
2.14616046207076,0.988881444550678,1.67477062308275,0.822356299616083,2.16248925948673,0.542503551628356,1.69596021056731,0.535512005223588,1.98759316994845,0.5830942658383
1.60533403441648,0.988692327156141,1.46069664942051,0.9397223658386,1.68962065303809,0.618595132335044,1.46089068603757,0.603858788391319,1.91510845750368,0.793558842581224
1.27566620616623,0.817654941271549,1.4097070745155,0.745478666100251,1.32722110906097,0.479612438797706,1.46633996966714,0.490392313186302,1.50721468048645,0.63850714870822
1.42903789788875,0.970020070382353,1.3906241996319,0.927818624768336,1.40999840651689,0.5328010160803,1.4421700639094,0.568588473477797,1.51302781956412,0.792152282762783
2.10000581847558,1.00377300431374,1.86775326147377,0.771312628389748,2.1033670909262,0.581141503845407,1.84282548935888,0.506713090550974,1.95968497388863,0.712603339335722
1.42481988575756,1.12591404905486,1.56971693622535,1.14209384055479,1.43531380714843,0.629133535482605,1.62311740769932,0.667405352050646,1.52571763754554,0.863567260063533
2.32739035138662,1.19541271681376,2.13973631214456,0.940495813295892,2.31179482064387,0.638758323798648,2.13574113144658,0.593399387665841,2.07309597432782,0.696846509925953
1.52478017076733,1.22345723955525,1.81448605598381,0.862446299524509,1.61694375182155,0.546912227452909,1.84873125350445,0.562670590109135,1.81105835801556,0.661050200596283
1.87244841139697,1.02813222014358,1.81927522621544,1.02894150894433,1.80862022474298,0.620885691357742,1.76711023102048,0.658121800943623,1.56744592835254,0.768177180510768
2.01463486019852,1.05158906675977,1.82961102362378,0.857735090050274,2.2551397033107,8.49451475560547,1.79383308856552,0.53410477233787,1.76319603507028,0.731959195045075
1.73748525213485,0.976836399465965,1.62367163927502,0.976241240005276,1.67439307622461,0.572950102773833,1.59716663533803,0.599033514498645,1.79453248296747,0.731609651281355
2.40863838476548,0.945323286770311,1.90495774155995,0.879764005691349,2.38660047405992,0.562844868669521,1.87576914238884,0.598804840909912,2.04971669330348,0.73398994021084
2.06695013950426,0.959625661703631,2.12540526697078,0.943602353882707,2.11204008732688,0.558839622648261,2.17217188525415,0.594468766444627,1.87775917094502,0.74984803827966
1.88983578345233,0.890776566177629,1.7722618866556,0.906286024753253,1.8974537433017,0.523947113383986,1.74285567059922,0.533533144567012,1.78866570529744,0.690380173779662
1.90505838252499,1.22735128471007,1.81172208979521,1.00654975995133,1.87501268815106,0.634256649021398,1.79236519473695,0.621464133058723,1.90453712264319,0.71623565796028
1.55609761734946,1.08346643928501,1.37813560467975,1.03015337917119,1.59347240709746,0.592233051324357,1.3085198739275,0.683890374800357,1.44212499156699,0.758755743058398
1.62557594958491,0.978808580781286,1.81698170185446,0.804589812750728,1.68433145936068,0.535014710711161,1.91177184678705,0.483083613452105,1.89785558523161,0.631729237084168
1.76318290698981,1.06398590799678,1.70191324464025,1.00395468375761,1.88849059881868,0.630170749390431,1.70801937021364,0.604091338174243,1.80000194139323,0.775344406385658
1.36938154633722,0.923106802507658,1.6290814702794,0.80216226964298,1.46076266693676,0.535703870626776,1.73164910146503,0.534946167621616,1.58307787962423,0.591781136721312
1.8082976741789,0.850404499498068,1.73332094995841,0.79546787485869,1.81879449941357,0.51382152544874,1.73990445830903,0.502992817789319,1.98135610928575,0.693692696054382
1.88659331951711,0.912648648667034,2.10672883386121,0.860900885882263,1.72849777263838,0.0623004323313765,2.12802815760157,0.744317948022294,1.76763078545478,0.658727610596093
1.85036502244959,0.788430482806126,1.85237365235902,0.803748263282632,-84.353064419993,30.1513844663541,1.88958223660845,0.471181779864066,1.84993598251539,0.711905963542478
1.55930760457877,0.955316065871999,1.54004099588795,0.848978700282078,1.54495300923449,0.57381668210992,1.53654484777033,0.53887980215256,1.81112914746432,0.662752317184343
2.04979668191446,1.19595896498857,1.78897568313742,1.07722231144848,2.08323461089144,0.602153677812827,1.770512687672,0.626510478601525,1.81911462150011,0.793351531461538
1.82202698733149,1.1683625434207,1.39384603886615,1.09682151294239,1.72539320107644,0.675781314893601,1.43633948116616,0.675162710676569,1.64573080871894,0.750060241622011
1.79109618388059,1.08865987844568,1.52518181518625,1.07646250929438,1.78916650203126,0.618398076701433,1.53457860466434,0.641369425360025,1.56068695144479,0.776860640423184
2.06927690985549,1.05465392543472,1.86449298521001,2.33905588126063,2.12775241720214,0.611932055721529,1.69260340410208,0.656712189216957,2.14689083192412,0.78261964360088
1.82423572182052,0.939646988032606,1.98988783927413,0.850829507208984,1.83296883310529,0.536454290873257,1.95639885900809,0.544686600050681,1.72067217281803,0.668634497024762
2.32474211830641,0.935011648523663,2.32225874070042,0.71628863539001,2.26329034417678,0.537903848585694,2.29632141543738,0.466506746908686,1.97278740893915,0.623971896582089
1.9725623831631,1.0699025335327,2.02479086308413,1.19638603541435,1.93654226016359,0.600886105709832,1.86931381738,0.662514519477061,1.86630805944267,0.778020686401689
2.02598034133315,0.985686400079439,1.78245559108128,1.11025072592942,1.97207865733049,0.679130913029623,1.69750418506495,0.686068190631741,1.98680378253852,0.70740086538065
1.89764075535282,1.06691073353849,1.6262305437881,1.17588386954545,1.93119047755987,0.591513262452797,1.70663974441939,0.639242709132471,1.78960954069906,0.80618475111872
1.53241161516665,0.950152527043957,1.43343388371791,0.978252960864125,1.37543923990231,0.558629661898419,1.38223547980413,0.641497773564698,1.47248212917556,0.695727299285486
2.00515392224547,1.13270068297655,1.71017227766905,0.983911429980225,1.98791335538585,0.676528811458302,1.75815529192423,0.62613123156141,2.06401441487451,0.777779641494646
1.43129305461204,1.1447347099971,1.45760309945855,1.01765723440675,1.25777411706373,0.641419846158718,1.45110207955129,0.652112446143662,1.75101763458569,0.794451634590237
1.57237162200288,0.830362415494849,1.6951294237024,0.81654947906717,1.67085929085612,0.47595200976237,1.71052045655225,0.529309430844624,2.00644442390795,0.722768586651922
1.64613531852324,0.991198012753812,1.70902466024126,0.894275680964522,1.57629203620531,0.557700186498037,1.70025203744235,0.575304339085084,1.7481019321277,0.663144175541961
1.25228428162997,0.965081297044841,1.41887983702528,1.04536418342078,1.34217465652691,0.567779222054429,1.4999999331807,0.623888100272449,1.79162160057842,0.766858091170779
1.1003166614271,0.936952123651507,1.51125493991141,0.844035291715988,1.0897632628846,0.507591086812779,1.44294565316,0.561829176610499,1.57639194580685,0.699434988741045
1.80058230851817,0.959490392582581,1.84891908885757,1.04602371191193,1.78818486797598,0.568001629079343,1.87152631782029,0.634928713664646,1.65883090553116,0.737805823289417
2.03975886329154,1.2001003424144,2.0999917714756,1.00970308557922,2.02267750965036,0.68239636277587,2.0705120496191,0.610224899591342,1.80214344326853,0.828591017668835
1.72660586165063,0.911245173217547,1.75792977192228,0.873214311279025,1.74082219629594,0.522019367305014,1.83459479296539,0.527584374992611,1.62997130484863,0.645720913419218
1.39602239027555,1.10319185752693,1.95653596949418,1.08023242311224,1.53561378007522,0.548430553877921,1.9633419265585,0.633032800933525,2.17296524116693,0.743030954399479
1.85270924830837,0.9218141810007,1.43812233542475,0.935357037128099,1.96911594323067,0.528184779962664,1.51882319738307,0.607558409883586,1.72283676210169,1.09031437637919
1.92789097465533,0.970465252309743,1.99359342166301,0.840777637620028,1.92970735997145,0.543304446482245,1.91800172784616,0.513150408542688,1.76334186115363,0.583751432665996
2.02306165000119,1.16546088988389,2.06168378526766,0.945325328914612,1.99181732551853,0.676049878313676,2.0861622190569,0.603340256366125,2.00716116767582,0.866501044213214
1.70137734444387,1.01740443866755,1.60556499512173,1.0016921267484,1.67688210197418,0.589028262601996,1.75642821644354,0.607356436848687,1.59565688385772,0.779610159155403
1.72665669286922,1.21308894092827,1.73082952295525,0.807718382428158,1.8556558019201,0.66067749264448,1.71397964163708,0.502316068557561,1.65565669541542,0.658026347309554
1.96946432621369,0.975344470658432,2.03942022228139,0.907632377058373,1.82998055196102,0.556840369855488,1.9253572887293,0.534423413020677,1.82215469614792,0.68437245687374
1.73777531123364,0.860741601165215,1.60989479412078,0.810702286919289,1.74261215187707,0.498120911886068,1.56388275499669,0.521050110373518,1.83885791901764,0.644443378898922
1.75105263755628,1.07865672066207,2.12498361758583,1.04558188615583,1.7457534136757,0.62784364228137,2.12987788144977,0.647784967572031,1.87246139061334,0.798785138632218
2.03719573359594,1.05474844350041,1.9642736055603,0.997112528138836,1.98748009377249,0.63057498055557,1.95095541552602,0.598358654080706,1.93563665383232,0.783399624889434
1.27011326622939,1.03431070827122,1.43527768426699,0.938600995153989,1.35767800095094,0.580048202200853,1.40662360142541,0.544551327971438,1.61950471108325,0.753517873498918
1.81567284197953,0.903509722320831,2.0768028535948,0.847426202576008,1.84018821450663,0.555477543150214,2.10396995065283,0.50634305291964,1.43602860275772,0.685425885757644
1.66068675474465,0.87220508574483,1.46525298843528,0.924754375531134,1.66048076289102,0.543299753398574,1.53946004341573,0.539179244317518,1.676443864434,0.723549659522594
1.64612763978676,0.80792208670351,1.76688670483741,0.787742467489519,1.60415365474293,0.471634772704457,1.77581007126677,0.510344883700204,1.80796792466714,0.650823322076204
1.57811776089572,1.01010924600907,1.63596858687092,1.0514079389655,1.77029563456928,0.541421343702895,1.76444393007036,0.60240199142474,1.98308033270192,0.736657798349244
1.74054070527795,0.995432467950734,1.80334608462913,0.974094694776404,1.71781336326549,0.522744723894026,1.92031577628524,0.625631114509564,1.87678821324484,0.736754168937485
1.68736570814763,2.96358175324581,1.50095817938994,0.887086125299446,1.62299388149534,0.55706526923361,1.51035346604567,0.591148556415331,1.93784657935817,0.707580207696637
1.9853349068233,0.896617347889133,1.87359688397634,0.923555691634755,2.081577882006,0.500598401036664,1.89883450956832,0.54417500519499,1.85735435477156,0.716804264975297
1.75865240680782,0.928253947138251,1.8372189040534,0.782612369490571,1.74494487177619,0.569183398728907,1.7942175547729,0.527400797479161,1.74104303463484,0.662776677246306
1.35060314618138,1.60162038454453,1.76276419765886,0.965198230533154,1.37164170795675,0.698061914529121,1.89015204658253,0.589401865921623,2.00602730105247,0.848810700019499
1.58924755334768,0.786545781057147,1.79243423208563,0.74364045618588,1.64677765637375,0.505586285642585,1.78404282521498,0.496610219098441,1.8341731625579,0.66729326393671
1.27976659924733,1.11156202644161,1.73595623664581,0.922601133093252,1.30962753761731,0.593059075418436,1.69300526614337,0.696092520964895,1.30765349294981,0.722856912373223
1.93916062355811,0.994925086393221,2.11080344918104,0.959065952391196,1.84609878953547,0.579289806599785,2.00273207110759,0.569631133286452,1.57265385806968,1.0168971523875
1.77168746930618,1.00523189309945,1.834969161052,0.900178198412435,1.65110956127298,0.594421875998215,1.83164156074534,0.617552047201711,1.83947973103832,0.752540748612041
1.61553997950964,0.960279979164282,1.46171057352977,0.982290516005548,1.60157847258533,0.499904273705635,1.47842620530199,0.541201501712604,2.02302833057298,9.99109636751057
2.44880976016238,0.760138714852684,1.86962227036962,0.968165968522831,2.41285716197186,0.460069278423436,1.85746715238811,0.592448513432656,2.09035207039725,2.8532972658879
1.22696776966042,0.879979226035654,1.61059528701255,0.790012045379871,1.36947589100303,0.523845098792571,1.65338586817172,0.510456239672882,1.66066771936628,0.750829987629694
1.8315924341242,0.933530122644104,1.70918421524718,0.80751374132206,1.82707888196022,0.549006083089654,1.75641327682181,0.488810547661692,1.70094976595891,0.734365304115723
1.89904534536589,1.01233559336463,1.60838877144294,0.938364936357991,1.95848286749081,0.580548343150168,1.69257388867382,0.618958160454876,1.84178226802598,0.757295081657579
1.60401374122496,0.99953326862765,1.58406588695684,0.89815500362521,1.65174431893046,0.585956369203622,1.68374558067767,0.543392801927653,1.74608013590879,0.746834127049411
2.00866751241599,0.751737172164157,2.11399723702475,1.01772539320019,1.95319764160394,0.485041235042704,2.22078434552386,0.623949827178724,1.63733355995881,0.745694183081537
1.55141560606107,0.777071277253484,1.50430333465467,0.802941771195985,1.48877088196269,0.45312121404001,1.49558500776238,0.953450613320079,1.70309214452427,0.663390633749374
1.14117336000043,1.10203867186996,1.54941837688835,1.06361848692538,1.30553382336543,0.545585138756792,1.62275635499279,0.597447109249312,1.82845897341144,0.805447865205426
1.84598104998193,1.0851541306641,1.80830390262785,0.941780105446918,1.77954942660184,0.570627351061099,1.82134376311385,0.564208616963698,1.78787768380795,0.763797932505663
1.67583829699853,0.801377674330562,1.58083422205501,0.847243282342345,1.70670313599185,0.476738830174286,1.65105476860101,0.561740760843391,1.80128421735881,0.63566570263005
2.25063072716602,1.05556242743752,2.09257474327783,1.123118208759,2.20809267626319,0.642580249824253,2.10480990389969,0.741667789366128,1.97834052313438,0.810158146238804
2.12589974494901,0.828231307522221,2.09093494640433,0.806382266096323,2.0594579114165,0.486037228491151,2.08788359238843,0.52482966903453,1.79289869210089,0.693604584987638
1.71813365189392,1.2037823307287,1.83464783872299,1.04364149189992,1.78789569436377,0.670265374410914,1.93880111913767,0.621761544813686,1.79880919140576,0.785364388741884
1.65481616126888,0.977395418582376,1.47605920934256,0.949228963119485,1.67312867480566,0.577059250322484,1.49487911481756,0.586896239090164,1.61595000131957,0.735530866240232
1.6448751322816,0.798162795139644,1.88979320014888,0.775693960657175,1.58785868552984,0.518722004524139,1.95899619958076,0.474625323819377,1.46258329857228,0.633710582710162
2.10998693183382,0.915053667269762,1.85882048484222,0.847920376581006,2.09337869277265,0.515982923855455,1.92155118949959,0.527126897591807,1.9136428225634,0.693615369182343
1.86707952802702,0.856208492845264,2.07364904641994,0.890683771818701,1.79116779561505,0.475858887672251,2.0138969959778,0.532432027586803,1.84641827561305,0.591256189854764
1.87717451699288,0.954475256786243,1.65010556566385,0.893567820387878,1.84878910459312,0.543886838513895,1.6829685405174,0.528587200217029,1.75297352537365,0.651999592029421
1.9815935751693,1.06621192552945,1.56451759039827,0.977676548129739,1.94320524280532,0.620554024277126,1.51648784948525,0.635679254841482,2.00275128036906,0.770382881412171
1.49735197262651,0.876738207737195,1.47526428637,0.917902309891864,1.62086262240999,0.463648153309197,1.59818874372659,0.547175383171906,1.75479056124948,0.604690566850663
1.87558215626055,0.903113687164397,1.83153177455911,0.723757318401577,1.86278930758392,0.542965501322691,1.79976108852013,0.607223918286797,1.77284931594397,0.696686406455743
1.26970295029749,0.942736557166691,1.78031525732057,0.937954680412328,1.27151402249758,0.531561141368971,1.85338474981835,0.565021787324798,1.76370535417128,0.74174263053236
2.00892817070396,1.07876620477439,1.73480219329243,0.909757626753652,1.99312621723029,0.674539602583085,1.65994781225513,0.586385039645769,1.75423428277045,0.762233575111906
2.15879245805133,0.947524429239574,2.15091144884264,1.08710566602735,2.15169134493577,0.567535301121002,2.20235796853062,0.657591060381288,1.71785339506374,0.731183527908144
2.00544457100904,0.832890118207682,1.5916089943958,0.885261261312698,2.06569807429067,0.49098428467097,1.58655873937187,0.555025418039022,1.60787154936743,0.611378013596303
1.37856429727758,1.09044978436286,1.65782857355864,0.979698106515198,1.45063742726629,0.59308275992877,1.61439402256092,0.622792073192076,1.68554379075886,0.780373566102959
1.75070057766986,1.25738500901046,1.77119010302733,0.958418784913781,1.70241644540564,0.700305460776629,1.79159761688084,0.949685409929058,1.81986848029823,0.765343394609338
1.83590433576773,1.07479971569474,1.86944000692561,1.17089569511125,1.87688567199034,3.77561965143665,1.87357892334036,0.717325448750125,1.87595194484416,0.836481379592529
1.85548609447306,1.04405692741814,1.97723538149654,0.89557384718512,1.77833334668723,0.58670969804465,1.90462886367181,0.556352455878626,1.69021524534336,0.68755361225345
1.78603373395774,1.08147730699409,1.92355191862435,0.880773963017133,1.79931724522575,0.584333145131803,1.794110586883,0.522038020388507,1.54506214188028,0.69704467362719
2.03315215955777,1.24249473010375,1.88420697779342,1.25909330215913,1.99706736824324,1.04766761205896,1.80966599574484,0.735380800090481,1.70372327442421,0.880235415116833
1.99009090992606,0.862403094020952,1.76806946094328,0.833549810058266,2.05989385085765,0.501188402441864,1.82389215111671,0.541843729794703,1.75402911841995,0.687203928906099
1.59058939367674,1.25957128544338,1.47386713631036,1.08778769413055,1.65566591833818,0.692384835784333,1.33373465085828,0.0607806284675121,1.56427353289177,0.852354749981601
1.99034271767073,0.959058395162371,2.01584167406677,0.910744322411447,1.90738607001693,0.502331658913198,1.96280330660659,0.515324574863911,2.11314604975021,0.65889131396067
1.92260345638355,2.41075668714836,1.86285601792307,0.890512142001123,1.78964212025707,0.438332857060999,1.8382863405939,0.565379580872061,1.78175253920457,11.4298729846061
1.55864851929182,0.982718060662058,1.47072572782358,0.988277406832751,1.5219961331063,0.553570507236744,1.53125139676658,0.607685475419957,1.63964439522468,0.849686486913171
1.90385389083506,1.29976443020588,1.88706769175086,1.10355615771447,1.93457846725156,0.674112293579554,1.89480120669035,0.68120889192755,1.92225274639118,0.732393054203178
1.46048404889024,1.0842667285148,1.29714917866029,0.891438217440776,1.51238884257049,0.6174157274946,1.36799608521199,0.588420946791534,1.49619497353241,0.812565679387295
2.00779581222618,0.984031113433123,2.04608364514382,0.799717377451321,1.99428763558713,0.545027388906711,2.06259295272358,0.535858980073438,1.84500036084647,0.697123892263139
1.78240924574434,1.13156603706205,1.79389739195423,0.9945847196891,1.73687942312255,0.686284109958465,1.81310459322982,0.610429208012695,1.72881531514555,0.74260789209714
2.0942069197003,0.0569237524909392,2.10723796621294,0.689715373346231,2.04323615112423,0.441511470815425,2.0805664990286,0.482919025686447,1.71203265131338,0.626125530248321
1.7866732278401,1.03944003821489,1.66807919956814,0.960759475546783,1.8398433432147,0.58006185727077,1.61336368223911,0.594806551992096,1.76385186975794,0.752696271955047
1.71553092143436,0.896486120396508,1.62655384913862,1.04163432905452,1.67935599052879,0.547454347509045,1.64346425713441,0.643976607371962,1.9154437512054,0.747006372409544
1.87839324188533,1.00155494097983,2.04245973877103,0.81208211018536,1.89918423202166,0.577401269353694,2.07011857600196,0.540420802549424,1.88924263535766,0.69318044147569
1.96268022634857,0.830400562202947,1.85320821800138,0.699123671087444,1.9932143446327,0.476045401680689,1.88120363174724,0.463276407232078,1.62906747825683,0.635116857535809
1.43492257528011,1.13942064048166,2.01288949932066,0.99229270589771,1.49815779222782,0.640203638150661,2.04536235838811,0.610220650683509,1.87878356451125,0.764236171312287
1.66067921843009,1.08768966929368,2.06572087566119,1.06590808567394,1.65970155423739,0.561702990301288,2.06815609794515,0.651500737878509,1.88398532813829,0.762234841483133
1.54568718754395,1.0258201635378,1.78228156844902,0.91820743062087,1.59112891571713,0.592371168072547,1.75479263195881,0.561824571800681,1.5129830745635,0.675874954262092
1.84933508694402,0.814878569495322,2.00310576470042,0.89424977737944,1.84168638171966,0.468570147283996,1.96386555591699,0.553129958297064,1.70715866821187,0.671762536543374
1.89848877747514,1.02158782796176,1.52837701413458,1.03680791712835,1.91704635545181,0.574845559363868,1.55001124070162,0.613772298859055,1.95132581900218,0.835721301711157
1.72216155771454,1.13633652163544,1.91819942669613,0.998542422722781,1.83794071267485,0.666511906689454,1.96534134638412,0.582169368663287,1.57812118658085,0.784785735431597
1.75782511538716,0.876308317310742,2.08422438977123,0.805608714526413,1.73642724779762,0.530873434484855,2.0843924020493,0.503354310350229,2.11605580183658,0.591893562792254
1.68118665455608,1.17248915069775,2.2201394934111,0.784083930286498,1.74196007915182,0.616489652276221,2.14967387893633,0.518606593357788,1.57251577583947,0.663807544044806
2.1546957525597,0.897381273722379,2.06556492317954,1.03313430660122,2.03393278011336,0.492990712990769,2.08036422750035,0.589921028564014,2.0832758194859,0.698874316897907
1.44931104000707,1.17186428463737,1.81352092918941,0.950247040015948,1.36841589483816,0.648663881490266,1.781703894507,0.626352431676189,1.92398075210904,0.764341032246848
1.95761234998847,0.75589180024193,2.12222799720712,0.845170423551676,1.91690348575326,0.476234079392627,2.13350509321067,0.555802331920072,1.74835905818979,0.654112692242648
1.61374985856212,1.00471890828886,1.43042312738463,0.920480273978465,1.62802158535197,0.592966505244473,1.45870624441701,0.539030015355181,1.6963542310584,0.713327721834772
1.86085347524243,0.887777563286415,2.15180227590673,0.857048819850343,1.85361057587898,0.502922323050663,2.11703997716512,0.535023329760087,1.79917449818227,0.654122103625517
1.92884065422624,0.802696166324943,1.93776589484958,0.779811819666322,1.84796433568825,0.516479833973851,2.1170168798364,3.24145386230524,1.7899079206302,0.647734018841469
1.77524111188046,1.03961833265582,1.66440364798666,0.887878401836879,1.71834379369979,0.573518073324002,1.71122397409585,0.533219922238005,1.64842147655241,0.764751667642892
1.87049025471666,1.14756229294618,1.54197913101537,0.82899042679815,1.83946926492889,0.617312724489205,1.56698084423854,0.526638381246759,1.66370806449445,0.722666823520985
1.94777251022063,0.91814909574506,1.96812710461003,0.850410532888596,1.93386921877028,0.520791697050814,1.98758471220461,0.536523118340559,1.96806230175884,0.680909361884105
1.70550662949168,1.01543181498985,1.25649379887421,0.960692484181262,1.67574424920425,0.592552588243284,1.27336171534607,0.599656575273154,1.47818178322637,0.806882958453437
1.72571971104518,1.02150334762866,1.80927923221606,0.826103857962188,1.68831199224598,0.579774440475401,1.78111405683785,0.530129075421751,1.87274473778165,0.71301062840203
1.64271545314687,0.859350465340855,1.71938905103678,1.33614043204773,1.71176353377195,0.518779228933915,1.64974141567672,0.531678810019925,1.57536750979908,0.684459986416528
1.43285621518079,0.920191258038841,1.83328580840337,0.830368704869236,1.4557321918679,0.543857881722966,1.85718653975835,0.541880330200051,1.72044496406731,0.732886082136214
1.67074948889133,0.813839613817171,1.92787005064063,0.870146122145435,1.58962668908811,0.453941749972893,1.82427584230803,0.548280733245101,1.94679017822909,0.640146829021933
1.90689454613567,1.19540689736538,1.61777275975121,1.24830226930691,1.87796907525037,0.663138627336853,1.673172731497,0.726920974879657,1.82636021618763,0.858728806907253
1.66221105246451,0.854332459090704,1.73296300502605,0.810245883496262,1.48619197499557,0.536922827032828,1.6763559324253,0.539622737034996,1.68235071457212,0.693247685225762
1.5213201037399,0.962729938421108,1.85343193177915,1.01474494807559,1.58272340284662,0.537704418750424,1.7686251688119,0.603853671703059,1.5829283070484,0.699436604438063
1.58853877886029,0.72627955308765,1.75283298559794,0.860201667695637,1.57685615125626,0.48147877761597,1.76320638647975,0.534005577355962,1.97891633333453,0.704058207834331
1.42731656727935,1.07910390014987,1.95706239564894,1.03244521755705,1.24557142617447,0.580382733307521,1.88393601646846,0.633540749581325,1.6791229212557,6.42353502296608
1.81563757034915,0.975837117469059,1.88407988609545,0.809617868897672,1.86121499994913,0.503603103404842,1.86694350298276,0.499744258949555,1.8718184645199,0.71522257412851
1.47067181054245,0.950472363332994,1.87909087712224,0.982153224432063,1.46579061277803,0.541325455737932,1.87352666561318,0.569664508151574,1.57178340171896,0.695573798303657
1.7413767875565,0.970840079887032,1.81591438729928,0.779402894377685,1.74528041931108,0.597852087861278,1.80587692288909,0.988079972332292,1.8941267389852,0.688298217181354
1.7697497203324,0.953039346189189,1.88991876706615,0.922381399335424,1.768963345635,0.558107985243526,1.89426529172922,0.57690998255026,1.99065121951455,0.724491695182204
1.83343025723582,0.842280146663762,1.76114315823257,0.723687249292585,1.80794415113461,0.482806310532856,1.79759274748942,0.472931660013774,2.16082862283386,0.638058705160494
1.96310632301412,0.937676885430757,1.98767335178823,0.949052334533441,1.8783645352812,0.544439406220883,1.9531467073079,0.559289562468543,1.7178886422595,0.695776392651234
1.89544006478243,1.09660139766543,1.74699776136555,1.06071565512365,1.88203995321766,0.579335035938088,1.77218128615517,0.653381082450493,2.01897888737238,0.762308379304116
1.39637429959086,0.934633505091546,1.8913554249252,0.804822389312135,1.48104341431857,0.570293122061562,1.96001666171654,0.51940291460856,1.53126436529085,0.693577620542733
1.63616686367037,1.02276561836159,1.71108601222284,0.882991347929975,1.68045601225425,0.576429843589255,1.73796490185387,0.558682899997309,1.86812252543593,0.752726084581439
1.46848777430964,0.839275457088339,1.91213707673251,0.775374596151435,1.4175412036816,0.516791244328597,1.94619258471527,0.496095708824406,1.68279573668314,0.719283196178067
2.41735687553702,0.948032341180102,1.85171487733107,0.952038762163521,2.35538311547334,0.541866960436692,1.85484154466108,0.582088943472397,2.15206111550433,0.689417333196138
1.20860587991198,0.928386320151303,1.86011183048151,0.848794643081962,1.33119772858226,0.525000688194621,1.79479454415241,0.522720819669485,1.63644538499972,0.657076503313601
1.3748557352308,0.829772033828991,1.64539163456221,0.877801448069028,1.37011190547104,0.969798144542065,1.68059516965688,0.542436803004621,1.68669275936476,2.70399520958585
1.64094854419037,1.25042557191805,1.8130329374524,0.868575947639505,1.66221856716607,0.641154647045681,1.75846759244268,0.576602036989052,1.83700328819276,0.697896977890596
1.8322372052211,0.964055109140585,1.73134514638578,0.953284403286966,1.85677532968763,0.517960184552484,1.70926157788319,0.56346598967489,1.96300837536292,0.695370539440951
1.84001596154733,0.766818116005663,1.91473405620324,0.784227426269384,1.83613661528846,0.472167320289838,1.95861164759499,0.50194055887518,1.99587368318962,0.698386501141023
2.21081789513132,1.07839306555131,2.41540009696207,0.908958627119524,2.06592043660016,0.542232238263185,2.40640985004042,0.552473117364,2.29222789828712,0.701927335704968
1.87752278631099,0.976803555319049,1.93254110869072,0.993628755821356,1.84270282717734,0.538288069110128,1.82882322447329,0.598141801948002,1.61006531474498,0.752898427193962
1.29792002062024,1.09969339407827,1.27719461304571,0.933770245092001,1.30074611885121,0.607774638289252,1.39953440401352,0.592866342916041,1.81879758759286,0.768019077977948
1.63846373694905,0.921196311297525,1.31624007025776,0.869912077956763,1.66812106949286,0.537059103169228,1.29725321592631,0.557740655156044,1.51113639205112,0.706066442128052
1.77673752494127,0.816103804323068,1.77444044868935,0.83169995407224,1.85226383970168,0.47337106377517,1.71001576550055,0.506641354338051,1.79923652000433,0.69662145066274
1.62457242714599,0.887531824096742,1.97785134069183,0.958171570408396,1.61459335138916,0.50687783485523,1.98171259847965,0.593056311169046,1.91281189219803,0.677482198530315
1.07539268169408,1.07902859412671,1.06559636301304,0.979593575893542,1.22732495189075,0.56531809350508,1.04615825118963,0.607781253150599,1.52452086081831,0.726998862670423
1.06123501632336,1.31856532108677,0.9985001748973,1.16648954480704,1.00761378219891,0.707396030249278,1.0226705678972,0.704913800101271,1.64102796755283,0.800503499774417
4.85562707340482,3.3649701832848,1.53167082423968,0.947669341590664,2.08350667582076,0.555180202649876,1.55737321290655,0.621954874564691,1.89514882099872,0.710448586831584
1.65463732462161,0.840407058119741,1.65840833598567,0.925595853196532,1.67747469081353,4.5437697565785,1.66936174301825,0.571099484035849,1.48708553209094,0.654633463210992
2.15920507446252,0.730838604570903,1.6294929265834,0.858690446452087,2.13577061320454,0.621988884600357,1.6795616761756,0.531002854040401,1.84081200257976,0.703214073719623
1.8798297707304,0.899985500385744,1.83460007638305,0.96860717302673,1.96912149672265,0.470374931961506,1.78320108785418,0.560258069187108,1.84876739483037,0.743125394634493
2.24561705724675,0.875958895235827,2.05138638710987,0.877880109976006,2.16442845502886,0.50384801393601,2.05675422438691,0.560285901592553,1.94529269510969,0.698202501034916
1.73265248875871,0.912031998705205,2.0841994562202,0.898459989173562,1.73563038846315,0.548942349401355,2.04991729603565,0.580549580048277,1.52112787081821,0.741364290956008
2.00864090964756,0.900521027929728,1.81002140603069,0.801920410322809,2.10292891774882,0.546406056955782,1.81168236620868,0.478855632110317,1.87062513775811,0.700727112941188
1.95750469982413,1.09540358722742,1.83301601592791,1.04148753477908,1.92999903685984,0.612915700474365,1.8208502426726,0.672655276245113,1.95684308956709,0.849033539703104
1.65467154219238,4.14543788987927,1.62124578902522,0.86096146720973,1.81420675541714,0.554258917527966,1.66889873275286,0.547551069988764,2.01501924733988,0.659412611798979
1.42727428370038,3.81455313530227,1.74036501001454,0.90059371229523,1.51702096792772,0.533659465821551,1.72296491847561,0.589418711198176,1.77854045169714,0.72032565083426
1.65588108659466,0.751346555805532,1.58550870429944,0.798811770528741,1.67132046573171,0.470219522818561,1.6885718508859,0.573925349366281,1.9476554051044,0.66378778392857
1.2902937622157,0.931468014115513,1.50444620366427,0.740001020651463,1.28969201048713,0.5522557332695,1.505800329416,0.482416234725207,1.57837035785116,0.693448528129501
2.08329255095097,0.941256631681914,1.89668142099597,0.832028992871241,1.99920168623267,0.522314466475946,1.88723934453871,0.539775360524573,1.90565757945687,0.751130033066245
1.11544082166577,0.987726247928698,1.49569815738779,1.03454233335781,1.16965082313269,0.577211489206785,1.4876603453496,0.620304173978662,1.73912515426343,0.747396693270939
1.83183349987513,1.08600354949236,1.70833481488484,1.08677739794104,1.84171957253704,0.643097114344187,1.66615716024122,0.724361521198876,1.91863945572202,0.765222997906107
2.16752363215584,0.989632747487522,2.07116102776266,0.927359237968446,2.01056588151396,0.543347103128639,1.98265589674555,0.575087226988935,1.91923168970496,0.677504270391983
1.50553247161361,1.04056100880441,1.68257606650667,0.997685874467597,1.51300982684323,0.635696518750548,1.82789661100432,0.61362599212209,1.58376841128847,0.741398444071334
1.73736451472698,1.07301156251058,1.85980242683411,0.919089459705595,1.78353719023584,0.565765376563034,1.87046383466023,0.570067734200362,1.94444766729637,0.696231303003429
1.90112916977495,0.864588021161737,2.00566020644753,0.818056715311265,1.80177236899131,0.497373049081858,1.99075564740822,0.521013812371058,1.73863258297665,0.667896302043794
2.08234329987461,0.931770364309082,2.22167046915528,0.881320748404963,2.02695045013397,0.514806679334766,2.22372081019862,0.542846210880279,1.88198220514509,0.654052754125911
1.93385478864269,0.83708067759246,1.9562761159951,0.852469571107334,2.00341120653465,0.489850380824292,3.07333584320535,5.7354927879183,2.03372723223764,0.662735986287728
1.96496307830553,0.860253146714798,1.94820889035095,0.900052675863419,1.9583019960854,0.56735103287752,1.96921803271081,0.584865347864431,1.70444600540908,0.72601264844926
1.18453273838158,0.837091799643833,1.42455233420032,0.889295312219611,1.25354046501928,0.48028770752811,1.41626220599903,0.613093688068841,1.46375054736338,0.700297963928442
1.9951682925732,1.01820175469598,2.13292878900075,0.976208192782096,1.92805665669757,0.578745163570104,2.07227982942352,0.580221270062236,1.91616005067679,0.719603413113961
1.61520174566403,0.954068653693459,1.27057806984257,1.03861445187391,1.64640782311203,0.528605980250129,1.30723129227849,0.609113027760614,1.73791186280882,0.687236719117098
1.30197198520427,0.974111785432184,1.59125253862335,0.929248640111221,1.41743411737895,0.587499398344675,1.62342366806561,0.599979990021971,1.74714703560532,0.763917323409639
1.88033005234983,1.09456292974671,2.14327522360292,0.905132950089207,1.95655632681973,0.60040797374156,2.17668344063622,0.556282100786781,1.77760413938696,0.747389286956993
1.62742478588462,0.925634405444283,1.50990470005076,1.0147384226974,1.6339994319034,0.547389095343568,1.54032165304705,0.61599547509477,1.89551292042718,0.707209240451626
1.9729537253246,0.82542388678843,1.94563549181205,0.849063699342667,1.92794072287914,0.47572015131302,1.86269044698513,0.534339548940556,1.92443545381813,0.620620111238442
2.36307071013229,1.20472320743295,2.02465613207324,0.872966741494227,2.25838697851617,0.613197687642157,1.97288991097281,0.546111801384155,1.96615649451931,0.749135210915091
1.89618251727187,0.976820326871797,1.9849053901238,0.824859393475395,1.87603297497711,0.556290998052146,2.01711901964307,0.503268315190485,1.93171324712244,0.694662462998825
2.04829549598594,1.08641406112964,2.09512234871981,0.988480094718847,2.0879196106446,0.658713768141155,2.05525607618186,0.569658077939962,1.82244174834004,0.751062144531283
1.75337333117346,0.977730149208113,1.89663427983075,1.06425294673086,1.68457924635847,0.547408465216081,1.78428089401949,0.632098870208179,1.64171923257332,0.790485534409247
1.79299929789752,1.07101212063575,1.74912272226615,0.870079070596113,1.78038606504759,0.644839256916155,1.7350778196609,0.523896145104156,1.82752592324243,0.731114001414965
1.70370723126342,0.97141242898992,1.92000126032986,0.851538198092521,1.64131768941674,0.572895082717166,1.86914250780418,0.549068161310452,1.88640750765486,0.670694064488961
1.65621621839704,0.843848307658279,1.88652797116605,0.922603087215381,1.73313663647182,0.499238776941354,1.84784531750736,0.525885916969259,1.68133937884574,0.732968447406585
1.43714391962292,1.09248309438995,1.68601416950894,1.02055225933663,1.3984489380459,0.833599239632272,1.64599606301885,0.599723437509951,1.38437808249747,0.792565980210004
1.99477447794964,0.787339765444382,2.034889685888,0.898256452437907,1.86439327475949,0.468605144915026,1.95087959016443,0.603183850371597,1.76753073674782,0.713842451489718
1.4520643853389,0.960735405709262,1.51911635700005,0.820675946323361,1.41867546182894,0.512447883531084,1.55985731629254,0.523035818257357,1.76663577719077,0.752577313846767
2.07107388200533,0.888708285155472,1.83984154101323,0.831893480941513,2.08201274105613,0.515690719148303,1.87048837288284,0.494078564808329,1.77526141262029,2.09552439783776
1.52751822139352,0.697431717420774,1.72968254300403,0.806916180178525,1.58013707934087,0.402767793183465,1.7522861187196,0.480693367608044,1.64668710632546,0.609071804089439
1.78111762650466,0.925555477828089,2.06400202090387,1.06521069275623,1.6754340797932,0.563231774564799,1.94578593182366,0.641504163152544,1.71171251446695,0.760786975343682
1.63747925386509,1.21307012255461,1.71589963223708,1.01042308270749,1.55992190275598,0.618562148465233,1.71024157706975,0.614092470908611,1.73416663026149,0.774111181595593
1.74879773416914,1.11415395497574,1.61579369194833,0.961250092149595,1.70297172939055,0.626954135582839,1.58870981485223,0.538689909386818,1.46795465564473,0.661468292737188
1.9736911347298,0.915410073349758,1.75990729143755,0.8597579455913,1.92244171057997,0.547238319457012,1.82132760654037,0.55908614373514,1.87557411828303,0.687630166687401
1.56736510869051,0.919412961075298,1.75616413415649,0.961206529221156,1.48893757768649,0.490770015557749,1.79207904447279,0.56645242818012,1.78997425191403,0.725425538958104
2.16529255907074,1.03482845516077,1.91913904258149,0.911960081576793,2.19937712209802,0.568335039985954,1.85355948628,0.519861998909717,1.79245413276687,0.725903597339703
1.62894010587707,0.724044722745575,1.48357634320753,0.828245283688552,1.72267383086181,0.464286222598659,1.56864001037529,0.516709488311187,1.60142247509139,0.643365573154233
1.55541688779222,0.994582225889034,1.5750437704868,1.01597160615118,1.5308155926268,0.555809484158316,1.62288801833697,0.594188122626079,1.73760188849459,0.701494312924512
1.76510806196628,0.859657588560646,1.77789851211614,0.851678956832145,1.76321530931859,0.526536215160296,1.74176517618398,0.511179478769545,1.76401875420473,0.646302178573833
1.67101165699981,0.85338604967317,1.90344625539301,0.727773772232689,1.64445948700728,0.529892723391053,1.89591095579477,0.538279420014995,1.82061209346378,0.684640562629076
1.76300226065258,0.943999763674049,2.01223467676647,0.931444655684059,1.70866952407552,0.555850155203045,2.00202184052143,0.601356668176733,1.7526753027061,0.739180754423245
1.55341293510172,0.875744081910395,1.79220532562231,1.20795785735584,1.50857757992365,0.526892093278595,1.72692215339736,0.610589907947534,1.68632567366171,0.797817047118267
2.14109514707712,8.90424940855642,1.96434221666152,0.913178133108098,1.57507390451827,0.539667645366935,1.99045161027635,0.600738989197302,1.75674502332951,0.766229041847824
2.18399132900238,1.00075294909836,1.97605924104309,0.945917208055224,2.14194687841273,0.627475068307279,1.97001863071144,0.595635494017436,2.08327511305015,0.727053420842632
2.05629298076797,0.944301423724919,1.7428101569753,0.835648433423717,2.06049435458551,0.578122695136674,1.80151686194107,0.556111340725301,1.86447545715171,0.689892660792881
1.8855512846688,0.843426244265341,1.74281845423901,0.976206932367733,1.84562772480178,0.520898841327122,1.76643932221874,0.60327955673168,1.89134783416301,0.684355778592607
1.75431773106983,0.861917412227663,1.7795934951556,0.994658560721273,1.72055406534422,0.474929647986234,1.77751804830105,0.619171285150889,2.20020177730331,0.75218963414749
2.01407557352597,1.15132318655486,1.80282586755472,0.950228220510447,1.9044481360365,0.643646297505563,1.91227407073136,0.568033261725882,1.93931630124112,0.729626632463195
1.45229070647426,0.906160191234643,1.746520284294,0.919297100789241,1.46216224765071,0.538536815335875,1.74162694012132,0.59697164084043,1.85854897430292,0.689033957333927
1.72138877942971,1.05789782432146,1.77594352390132,0.953827953870556,1.80096026032023,0.599930828344935,1.73525137179993,0.597004968566404,1.81252967300975,0.698415080693905
1.45694973141456,1.06634847621903,1.67874474737682,1.02378917648357,1.49339461745533,0.618966470099865,1.66898428759892,0.693338744210302,1.83202895831469,0.838181590610296
1.75439904472275,0.9347685460858,1.84049899188723,1.19537892968333,1.81073338487463,0.551484842346726,1.85361922689732,0.715839133944704,1.91763306173606,0.75120458334607
2.2871148142807,0.986245097091036,1.98279393727883,0.758850130692496,2.27547194655555,0.577212454235833,1.99337853311591,0.476511507686975,2.19338580822578,0.646892888501722
1.3706818795047,0.796302583119759,1.56141671851198,0.766360938232799,1.34857011187354,0.476378261529383,1.61518332678715,0.502362300249766,1.31931349941789,0.681229694834532
1.48944969360454,0.961968643914829,1.97059396902885,0.805633050584894,1.55162966404946,0.563851097308782,1.90601793567679,0.529480320051052,1.82701487498919,0.668847154630178
1.39801508541329,0.666020881255114,1.50355023317421,0.873784267659218,1.42775202029835,0.405076476971511,1.49856668610188,0.516457956487902,1.27224789258304,0.660201901340632
2.03611125194308,0.981143022262108,1.95877593710373,1.00411941098528,2.02115602796953,0.553713497849831,1.96161430919344,0.792138215385371,2.09277408529878,0.795675441473424
1.49431438610957,1.13405122856002,1.33050651917295,1.12559913904943,1.50937424274272,0.673763022579885,1.37294609387673,0.714295681210997,1.50488241582025,0.833391688038953
1.67567285169962,1.0349870245053,1.52665249408071,1.23224682113761,1.75012377652132,0.575650871304304,1.51276231343853,0.663576108246883,1.7349602948254,0.797452235987032
2.07312670016767,1.02187627878146,1.91832491734838,0.873386260799852,2.04166260613889,0.631095423954519,1.9070887832095,0.540514037781304,1.82900760475718,0.0119943546209087
2.34975049266711,0.926936733012897,1.85782945057897,0.839909411147437,2.31746588129922,0.532185976656628,1.81551745154227,0.55202039047371,2.1353029535642,0.716429271331167
1.91781084257995,1.04499132757783,2.00871219212185,0.963660785390884,2.08439379168168,0.58445013271107,2.04081591281199,0.63841710808723,2.19618454289781,0.698661039606786
1.66317640383419,0.951705309215177,1.74542191135879,0.749851535796118,1.67026309071325,0.579866608331456,1.67390472478713,0.482626001332881,1.80502431708438,0.683679307711462
1.25248449793815,0.880770010810417,1.18515954340698,1.14888846683344,1.27582585008328,0.494214364918841,1.26029948681502,0.660217740999772,1.76520595655229,0.683992477576983
2.33709699820388,1.09531520226786,1.62165310859411,1.03672780785039,2.19831320526897,0.579512430682861,1.56019860052062,0.570964957671563,1.78858107116864,0.830413231972898
1.66473437465776,0.856561293597224,1.83728328390225,0.85672434094782,1.740234585916,0.459348927646932,1.89030892326487,0.573699996296612,2.06686602420609,0.684233128904871
1.87106874145007,0.873098743203179,1.84577964770543,0.847685567232368,1.83500984006391,0.540132242164499,1.86498469193515,0.528694450309208,1.97110909194315,0.661911707993754
1.55238827898957,1.04016308132715,1.5058091120517,0.926624851454932,1.57542763444039,0.556355684533049,1.52448373253526,0.602954128431596,1.69378242689137,0.666650434242022
1.75498037715773,1.06966236800089,1.62527855859492,0.898112318157,1.81392396211595,0.630564077009781,1.69885642114963,0.574892793872698,1.86775253540921,0.705678465463355
1.84832008406695,0.887223323246541,1.79580865353565,0.934124403061765,1.80944478032481,0.531907578179662,1.82933415569693,0.548472056307081,1.94634791183932,0.737904970036543
1.87782920169152,0.810349422327196,1.82384147388436,0.81565761350099,1.87749107318376,0.468107967886796,1.86256786208377,0.497367381116121,1.83898299757653,0.629624419946147
2.31440277317585,0.950605684511512,1.9537670508588,0.976130564607954,2.31346459610539,0.573623525801565,1.93908720122111,0.600649806631832,1.96034168759321,0.742986985641616
1.63250687455573,1.1049204542561,1.51696815785061,1.18055352902359,1.60032830169527,0.588828355660669,1.57199627239807,0.736780174910083,1.88519955447931,0.874521903968007
1.52940639311368,1.02651664329618,1.80454385850741,1.00373329205559,1.49849567192327,0.589265833685398,1.80740914263814,0.579814575686799,1.86102480943865,0.736188617100359
1.54484458423296,0.845298162006599,1.40045052868713,0.880731866344347,1.64769930398836,0.503434594077786,1.51490714274922,0.519103573741615,1.7533186236915,0.642788394076881
2.1499632466677,0.934422365758928,1.68399613485702,0.864945322670022,1.98914946228752,0.526733063341027,1.6801717373325,0.529205666227123,1.73392095393554,0.685606906167926
1.61729697686076,0.854005923085879,1.76755388287234,0.3790565485081,1.61512393482882,0.502754527603388,1.77226442314766,0.60135347408982,1.69606804820989,0.726177249116696
1.68652261660692,0.971656596110242,1.51317445772585,1.14182881089268,1.7027793444939,0.546049520363895,1.52867274810451,0.617201333656448,1.61445651078635,0.761133197137018
1.74628457063102,1.08772973531782,1.78008189081448,1.1315391953887,1.77598542228899,0.604036004568938,1.74473828009029,0.679420665675986,1.60210197142033,0.84582668552023
1.86707053358072,1.10575925176666,2.07225701178633,1.06689712074433,1.83109813906943,0.644938525246621,2.02153457144578,0.671200896273317,1.61200817626065,0.795211091567644
2.03314801332198,0.946362993906725,2.02161427111125,0.760375384253783,1.9267481020556,0.550126152383308,2.02099002833409,0.518250601472984,2.08305719018084,0.662703413849492
1.70980648860419,1.07207827640276,1.93471229567017,0.98409709048521,1.78917507149844,0.595584903981828,1.8738315872486,0.589004699880414,1.82263103822815,0.722916931538778
1.56721135245725,0.899746284605104,1.55396022913497,1.02623433223683,1.57842848442954,0.550104535222777,1.60099832555786,0.635267197039721,1.80031499959121,0.712222578208484
1.96634742733006,1.00779097674167,2.13678563217863,0.960547009322357,2.00473098783813,0.587508738832384,2.2758994723189,5.8046729788941,2.0644241937986,0.765223332097958
1.44649435338786,0.667447873388667,1.73683661587316,0.879971978221985,1.4252127194055,0.397827530325147,1.74495895224188,0.5463692068928,1.40695747633651,0.717698263289968
1.63179733375073,0.933834502966937,1.608658225796,0.90169066858178,1.62849612464301,0.563730884705388,1.63555471887125,0.703058472438185,1.76339919500809,0.757721866562817
1.74226693935279,1.06494031773322,2.02910285997809,0.954028911524277,1.75406870452872,0.644010955266614,2.08617705820653,0.578110800187007,1.67636356078385,0.758601332763411
1.6797675319827,1.0718616595711,1.98111682420287,1.05676264323001,1.66052462747184,0.630204869159949,2.03893316723586,0.660482584719436,2.09424706673964,0.746233842339336
1.94000827830797,1.01913736528459,1.87771549641998,0.838812643772471,1.81410081679687,0.554409191589289,1.83228088600577,0.523117347127618,1.45685640737007,0.659916457090866
2.18650813963286,1.03244877429181,2.24495481209779,0.813585996080115,2.13763405352099,0.570991424664011,2.26676606456444,0.504926789474284,2.07453925477191,0.704656109929654
1.60437332635426,0.831347290150199,1.67918947492994,0.7589366425175,1.61321493563591,0.448683966505273,1.67461381400317,0.489788963077471,1.76774567528245,0.66601397604135
1.73578362397961,1.02107338271729,1.94480262544113,0.914281016691867,1.73637404108569,0.590405755694176,1.9741437160602,0.587852348517238,1.98537718911855,0.678923679144983
1.41064216301156,0.948821447654181,1.61897388720206,0.956713345681073,1.45120337202895,0.554491613592026,1.59994652186321,0.581562525995633,1.63497450933134,0.777620721292382
1.5068896275702,1.03449506734543,1.87684150507622,0.90177634469013,1.474301177437,0.564870455826638,1.88624994331488,0.563468468526158,1.45761592879918,0.715079586003578
2.07886735811529,1.20398921109199,2.12481494803829,1.13633875651943,2.07991155133406,0.681564797478161,2.07185405056985,0.678342287441802,1.61667325269331,0.869766219628267
1.97050244559805,1.1230502998001,1.59144633280036,1.00654552953604,1.86929246391865,0.648820038442817,1.61130620936202,0.589742856317613,1.83015202282481,0.743497201254481
1.82104232472932,0.981215064652314,1.50146886003919,0.923378352814836,1.77122146118612,0.588426961935283,1.46897062396033,0.547879402144867,1.64494092343784,0.685226350054262
1.77891527727085,1.04982497192014,1.80519184253703,0.787833162939852,1.87423290729887,0.62978289790114,1.83493346187558,0.522687614232028,1.73945501171896,0.715090494681083
2.08265143242506,0.872801320399316,2.15259861906502,0.740976628377629,2.16141277449749,1.69218277802283,2.0811667604622,0.457622240819294,1.83157219369402,0.680688395793417
1.77368150666874,0.847830912841868,1.68018970876105,0.809980022935056,1.74758658908334,0.492707906995201,1.69126398419158,0.484550177483853,1.80229130058527,0.647882038217612
1.99225540981409,0.747262433833523,1.96637215094308,0.810699651897806,2.00210997784091,0.462582743813932,1.98505533532029,0.52337224234126,1.74027881736516,0.637738933756041
1.37427474296447,1.00986897250318,1.42822768730899,0.92683429973283,1.41374449885817,0.545713844803086,1.43352813633725,0.573088008181887,1.50449975543743,0.733444819316186
1.89487507859308,0.901860120613757,1.94435105967172,0.82968063648213,1.81644538279118,0.545176122253252,1.92880145914259,0.539237451160737,1.65104644681902,0.716051164052654
1.68867076555855,0.968946591445988,2.11277296223139,0.782109317285854,1.65366385941225,0.547223487005977,2.04367101617385,0.49164996421934,1.79495262507829,0.692655915972341
1.55920215251423,0.989634881589923,2.08824464123497,1.0709191061329,1.58954760165807,0.561934461107746,2.19369690303197,0.641658386725052,1.86516558035467,0.741594399768823
1.71013658358603,0.754015995361776,1.99399262113687,0.80015585473207,1.73533272170618,0.43799237270621,2.02920295085659,0.509695930945152,2.00237780796111,0.645978646551945
1.83273757099314,0.9329873851659,1.54862364953966,0.86038282734652,1.79366500824801,0.524402520648606,1.6036065812607,0.564713700198705,1.72665787204986,0.771537210924595
1.85391912576403,0.834363122807293,1.73780475487397,0.833123210690338,1.85765686902252,0.510304037813409,1.73929320640162,0.531649536712702,1.80691108467815,0.670112077212941
2.07444353183347,1.01166158388112,1.97948126443931,0.793555512790455,2.04672386371264,0.567031764535626,1.94028384849515,0.519202129162613,1.79141435612612,0.637026075647252
2.13186958702393,0.975202300277231,2.09353321943857,0.922986075886004,2.11751852355173,0.586048970597933,2.00102014985455,0.552885579983483,1.7858903539636,0.726898746445912
1.99003530209325,0.766734087494499,1.61147973909955,0.852703724289651,1.95735441336463,0.470624046892323,1.5582830318909,0.570295351120492,1.72008050068581,12.7710144063868
1.88597435059479,0.899978325365256,1.98026933800098,1.12907093268776,1.80701120314816,0.531215904434825,1.8507005262428,0.661272095026379,1.63506233227474,0.763605891635851
2.04250505136273,0.932337998298827,1.77137668869699,0.926920119174551,2.06052801777713,0.551089234893942,1.71081804119946,0.545497784370802,1.82782662334375,0.707521648042579
1.36958924152204,0.831967744442469,1.54862432576699,0.861562694861837,1.36187717412877,0.509783216786289,1.53553435276519,0.516909862236569,1.57487547682372,0.649088208028547
1.79272438897042,1.12889169539838,1.82619561359946,1.04058480465985,1.8070201953273,0.64898501752429,1.80418782612063,0.58653920415412,1.64263317574534,0.713175268012724
1.43829424585903,1.11108414238447,1.51259538667481,0.995282150375165,1.41612411232817,0.58775571921408,1.52732582936874,1.79774518598633,1.73304658208429,0.781656181714655
1.74227162754411,0.812864420323336,1.4601773949008,0.843339850890717,1.78088596518878,0.477353794297579,1.52493421538426,3.40580618676499,1.86793873123517,0.674105206413633
1.75148787477685,0.845140735686446,1.5353589271018,0.784236923868739,1.75873215048445,0.489802364700709,1.60030317796028,0.527123167653734,1.79496629785168,0.66560019228715
1.51845784477227,0.819127667461135,1.93515290938093,0.979896899041258,1.54526292737534,0.541273984990648,1.87396554925959,0.621198599824594,1.87182666351325,0.698602802162331
2.26295774747519,0.934448442763512,2.37331621245924,0.859631334335527,2.19272430867048,0.565199141958654,2.38952510310039,0.596932512854085,1.95189105328433,0.61866297885719
1.32071483626225,1.09193694415276,1.85846386991502,0.917868696393435,1.38303497665673,0.641627738593531,1.83564298773035,0.611917139847984,1.66463812999034,0.79169736640136
1.86715244893663,1.00050702862684,1.52260441898492,0.824511376872665,1.93754595311295,0.530999453283634,1.47641858956578,0.510024888984253,2.00959669171093,0.718381877121939
1.76271744441051,0.88611907782897,2.21109252259861,0.803418532422872,1.71026376885711,0.505296931755393,2.21306869280866,0.494930258304955,1.82958008675683,0.701555031936428
1.6758604745968,1.20830975677714,1.57671813489764,1.06837047353262,1.67046309880438,0.665960069275202,1.60152900091608,0.633603030498541,1.5178272750999,0.809078877201974
2.03427708012147,0.891199873119612,1.87091597397755,0.905737162875754,2.00923244844795,0.525404609607208,1.87341043061433,0.559814410068044,1.89081046380956,0.641535709403566
1.71352558453458,0.918964908091848,1.74351660839495,0.975981660338139,1.63036864365741,0.57006571399931,1.71240865576452,0.590941635612437,1.67987804311362,0.738169677488746
1.68679364724391,0.990765937146001,1.76519062715041,0.809067476468509,1.55153261114973,0.565766618873019,1.766816697662,0.521192381726278,1.72098476014937,0.691117829004543
1.51570586584835,0.946493983266369,1.85198100540661,0.900907480640075,1.52415197369212,0.547971419892895,1.83852638388839,0.568621345010426,1.93409918289767,0.761522435036314
1.88325021181603,0.794750156082455,1.7786172203544,0.782757529312832,1.95619946054203,0.45654050661786,1.81214768543779,0.47579206407947,1.89474487097097,0.582895877087953
1.53440017089257,0.953353928378159,1.33327444536753,0.938375996724556,1.5398842781263,0.575394958380727,1.40341688395127,0.599423337150201,1.62884408973706,0.71352627944413
1.4353580466308,0.805165773628614,1.39041798566623,0.887321088018192,1.46524939668863,0.485981421111124,1.43388612354959,0.582808222159064,1.80219473429348,0.644409414431731
2.35441777629159,1.08752545238457,1.48769963508882,0.913563604746852,2.27472767567202,0.657515703297888,1.53516689359083,0.577529744983146,1.53406725856526,0.787718406057913
1.20593970602188,0.978603973462356,1.70563803861936,0.739885512174602,1.2922121695632,0.540200706818721,1.76162567815339,0.470739430877708,1.73294792589473,0.666581773911346
1.55648338667838,0.973079107723767,1.78220942946449,0.941312237293917,1.54837896007869,0.541043473615992,1.8375638717549,0.603342574281012,1.76538800780879,0.753547171664826
1.81649651153552,0.872309958665158,1.88237669678663,1.04403591935119,1.90277115728589,0.536155755616622,1.88825398727977,0.63352578115048,1.93784355121936,0.701366589844014
1.61790178785262,1.07770837066854,1.79763395481179,1.01318534710622,1.64623076529646,0.595289946708319,1.81593814781533,0.60421481714451,1.84271431989565,0.714693513841888
1.3580923218971,1.0670499533921,1.82169080738374,0.969883104936365,1.40187338028134,0.643716501785339,1.82763862416286,0.624491962721703,1.71044374906923,0.829884861015903
1.7012049268935,0.945825067643077,1.96603762179642,0.942580165915206,1.66740560124308,0.603708277741515,1.92830601262215,0.614420141454836,1.9162738664052,0.737618975796227
1.5674365951201,1.00043261197167,1.54122178260932,0.824863241995579,1.43237765017114,0.578351976756049,1.59593646659456,0.532310780560567,1.81593859351056,0.67202179684102
1.50706817607963,0.98979231722874,1.63282024544207,0.932907663456381,1.49536918934651,0.53944043744888,1.67609709587765,0.563917800054116,1.74068836066581,11.9399709268032
1.67412887166264,0.943810718885639,1.81858281395644,0.96840756381362,1.70857836342003,0.519018806799623,1.85864241400021,0.574586692436991,1.96491049138835,0.716050744402294
2.00306476443723,0.899937279391501,1.94878075281171,0.739199134445282,1.98514570622084,0.501900286569945,1.94273509997634,0.468648746248515,1.89241910598426,0.649115039918018
1.75615045146026,0.970701532901287,1.78964059483113,1.01312052411929,1.76775049204716,0.527328202043778,1.7566136024879,0.600454840316385,1.82023735671536,0.712612456728172
2.28093898448821,0.881667163582788,1.9797958332445,0.95794639916618,2.26288084188344,0.547685131438102,1.96320110672024,0.59974020429388,1.77009368705517,0.704828214208436
2.13002980944362,1.12999199507734,1.52629282634865,1.18445889678516,2.08099197598025,0.573832969119245,1.54017481241868,0.664608585059064,1.83024607476899,0.718874049973382
1.60297788652839,1.06291827023724,1.58951473681618,0.893843955162106,1.65211748844484,0.572757109506085,1.63110418762251,0.615082295235232,1.92669679472221,0.665677277533425
0.371285220197411,1.62500304531281,1.31475048325706,0.915758551513027,1.56928037757098,0.630722340684518,1.4108067746636,0.555886304296072,1.50567773963424,0.697242293868093
1.89627746475415,1.00690601199178,1.70659886295524,2.39520034650906,1.88469252648244,0.5571164350115,1.45819724320519,0.615626369238376,1.7648615280631,0.645835847545796
1.80745364118259,1.37019402663923,1.58845474518612,1.03220503062135,1.83404046362042,0.656309512932024,1.58722219571801,0.615937956013905,1.69425517183152,0.742334001712803
1.58148390921522,1.05730098414367,1.90084144216883,0.9315592992507,1.65156401098819,0.632399182676862,1.88916321990778,0.56861598520913,1.8532059727356,0.769875415610138
1.51309538567728,0.946725239461872,1.18938472103566,0.956268496133779,1.52671726993656,0.525962965738713,1.2671635524814,0.568378551777833,1.782991440619,0.707392386266968
1.58704653571234,1.11867196039212,1.43639517959196,1.02803287511437,1.62223100536245,0.649951041235382,1.43802066705305,0.646527836380933,1.5955429540567,0.678601663092015
1.31843627036475,1.05651935677758,1.31605426303226,0.830807451291006,1.30265754145199,0.619502061335499,1.2545100485592,0.563965613407083,1.42119886588042,0.757972952039007
1.78294338725387,0.90632703012827,2.04654779349232,0.836970055170715,2.2876178573204,9.99884111736704,2.05650617478182,0.51165097780965,2.10726391822085,0.680927583245599
1.71247347360376,1.05424510190852,1.37294223426913,1.0261535056558,1.64626448555441,0.586484489936741,1.40100937590207,0.690968814158147,1.52292853252661,0.757193467914384
1.28592043451424,0.895098683708433,1.68581246116608,0.98275211847566,1.30502957150261,0.536029640221005,1.68957256560932,0.605449617752572,1.31028090575722,0.71630249036345
1.9266816656695,0.905742994626791,1.98230691503195,0.852470385945925,1.85369695576845,0.515984476100659,2.00512941471804,0.53612148159912,2.20443949192374,0.629086474842237
1.54881059124995,1.08840978991422,1.66540938486918,0.981354952568634,1.59565550813599,0.597776786696428,1.71539658776855,0.596421311337532,1.99721996211988,0.823758427159825
2.09426732877298,0.699880803800914,1.58992567905197,1.01927598404196,2.01115843935117,0.432960754275769,1.6102820464556,0.629902046077035,1.71667562617942,0.690446753212559
1.88179781422779,0.881790263656715,1.65565373538451,1.01133093469669,1.90623224653486,0.523832004793582,1.63629435966977,0.619202112010864,1.58730824769405,0.69798814348392
1.94278905009982,0.927315775541169,1.75284021296472,0.79958591496446,1.8576686427923,0.58625365964665,1.65419349754535,0.509070626734434,1.84691706394157,0.732030228276196
2.20545579957634,1.07218252877351,1.81896271544926,1.03475455254821,2.10213518888906,0.59847301870021,1.71323760150819,0.544432301020372,1.837341250861,0.685302666154913
1.84345451623193,1.04855962704829,1.96276091942263,0.991531330187241,1.86498980569655,0.630582041817412,1.93315267258052,0.658378188498654,2.0406749798901,0.756692527492957
1.69980334196124,0.934087913019603,1.77921345875629,1.4931980938609,1.69540513754428,0.540311051947009,1.78550819609243,0.581632503280232,1.63756028594956,0.732706888620678
1.44921144413361,0.860880639461659,1.65393463251158,1.04075388548143,1.45712833293026,0.528661888207354,1.58976543072389,0.625865370003223,1.43629204021008,0.678851203686504
1.22638427108558,0.921817045121052,1.24547124590616,0.751497473288402,1.26778916282585,0.530905212419592,1.32832437160698,0.477243644737449,1.3251241512888,0.663351352975837
1.87595935048631,1.11651245015351,2.02788108667948,0.894534943134251,1.87238603573966,0.591197761362412,1.8117905973192,0.052739077734175,1.95014625814453,0.688942553946812
1.78705787028318,1.03103115718117,1.93242325069885,0.850839526293435,1.82937638917277,0.551478300429073,1.94120336696819,0.517014588529673,1.9124486896522,0.682488762186179
1.89544989928756,1.08309091091553,1.78718934727322,1.01586402798637,1.97639312856447,0.634754177180763,1.74676807636024,0.641166559175968,1.90079064591526,0.758106656096977
1.79873186211812,0.828405077387451,1.9334918740466,0.8110579585112,1.8040698192154,0.506182228820955,1.84597661676382,0.532241787543381,1.75009790193631,0.651153052230083
1.47728052250702,1.14038892353537,1.64417712823766,1.12491915539977,1.49732035493258,0.637910865870424,1.68737484603391,0.641601435265697,1.76711248422524,0.818628900394434
1.88811924285456,1.01341714488278,1.8516745735562,0.987944627891791,1.9639274939373,0.575708563300062,1.96151718987979,0.597378490823868,2.05833325919795,0.837868892338531
2.06795118778608,1.07778728933881,1.63313693634434,1.03580157935656,1.87223790187755,0.572204370097343,1.6021877293742,0.612470664134688,1.67836825266941,0.741438103596904
1.73766727228885,1.00174101231094,1.46348195116731,0.976867637778024,1.72428519112422,0.065897567020611,1.60851920500048,0.614947361586329,1.99927449742905,0.729332987423263
1.57865217687437,0.98667257473168,1.4743505371437,1.0805653119768,1.58623871832587,0.572000099384954,1.47025306736236,1.76823734881449,1.82155779928532,0.789457167453351
1.96320571701185,0.857062696578431,1.79614006020111,0.914332392943792,1.98609887899462,0.515632438428476,1.7947126115369,0.588129171648251,2.15382931971868,0.635681671727395
1.57885105816364,1.04988862813751,1.65635034492939,0.931517712177829,1.52392957128766,0.581748561428289,1.6506506295685,0.585607993276702,1.61734384601077,0.734406245647873
1.73393808127054,0.901979822869318,1.93650265356774,0.849277392274962,1.77694654898172,0.474094772137251,1.97892628935256,0.486830208030129,1.7573760405746,0.631381877200974
1.66912098003083,0.801306786618455,1.56517136345115,0.759125063427507,1.63964664387827,0.465109576775561,1.5724241968056,0.505298489515232,1.74855488329564,0.700497770006126
1.89748750140225,1.17248110993258,1.76684135401588,0.989439415455724,1.85257485944922,0.622299744486425,1.79884346330398,0.633409194103811,2.08284261096927,0.834178625303914
2.25705342153314,0.988292873809193,2.03826859559673,1.04340771315271,2.26661067735813,0.544875605803127,1.95275498564043,0.610204714480096,1.98705597814027,0.699904966592102
2.0496124191827,0.881776501254143,2.09222439303321,0.856676346601971,2.06704410528671,0.517984989343191,2.08587622370368,0.551260296651281,2.14815138874776,0.660464790868464
1.79953007376278,0.944753760812362,1.8989450017744,0.863740321089043,1.78859665763593,0.481657572601093,1.92003439727415,0.509050912288106,2.02767685157835,0.658752202658029
2.07193183212028,0.844800107191862,1.9550854538598,0.795305885046906,1.93131218476066,0.513672290165659,1.86830122407294,0.491849936768987,2.11063375554195,0.698936943884238
2.29211382984701,0.784396750827128,2.26208372718075,0.784679096055074,2.24610241517166,0.451226065860042,2.24138945203794,0.478159391068042,1.82895600537228,0.634418816690564
1.57925965363091,0.927046690276696,1.56698602458188,0.972179704243604,1.55840180082395,0.5462593120786,1.5793585586616,0.575238862990122,1.54002028165987,0.72971687254359
1.50673721731343,0.921712826220755,1.45861397700811,0.837764012647255,1.50823724757009,0.556424840847932,1.48703681226733,0.538733501543591,1.89821595890469,0.701756023647832
1.91367460264613,1.07121536839346,1.85206865217946,0.871813010487532,1.96003351123149,0.61350875995057,1.88749256088101,0.54269160821099,1.85350636756972,0.715089786821297
1.7826193242965,0.937954610297483,2.06491599424355,0.983569203591549,1.82085145558649,4.74938946427813,2.09749441193784,0.60613747959287,1.79996950757779,0.741385703609452
2.17352935917221,0.999495205892055,2.09094900061466,0.957835773076948,2.07926295463586,0.585640206748149,2.02441234704618,0.607507235189945,1.8802236734916,0.680955701665285
1.50172790091223,1.00993082985432,1.35927164764099,0.985006059971917,1.56764670970891,0.61955693162917,1.47330287582301,0.594410088579666,1.59720180450773,0.72855477176096
1.62078285523838,0.892418878564114,1.80135296788588,0.842283617339137,1.62574786803644,0.520439602744915,1.82431369212062,0.504924754752333,1.99374099099808,0.620255209737496
2.43749605787299,0.84342728670507,1.96818342196647,0.688754630041103,2.38394407466757,0.531429998979848,1.9385892428595,0.439884232606005,2.07855381541776,0.663552099171486
1.75277701543288,1.0026858718516,1.76707366559077,0.832993115165115,1.79803318947196,0.546804018153495,1.72518116990225,0.531591645330315,1.80260402702865,0.676330659641468
1.87035456812714,1.13388226839038,1.68214893471987,1.17348957321649,1.83906493969057,0.640086536737151,1.63635462904086,0.709469953161243,1.90078864424499,0.860884057715088
1.30559140095332,0.930938500238132,1.68803088516823,0.888950332703446,1.28876260297556,0.52016355162284,1.73714549109237,0.534940364157216,1.64696669106452,0.676894514657859
1.47521910278357,0.960083660199392,1.84213383077541,1.04371608993591,1.44447962462319,0.540794279345342,1.76606171977656,0.586595778511854,1.67185352785721,0.706428026160562
2.0309449511332,0.928613671492093,1.898491578311,0.874988998301077,1.95221749427731,0.555107664226588,1.88731176571716,0.569617435776971,1.87584632704707,0.717074505228494
1.89525032472297,0.896032038132487,1.72596734055495,0.897815563244354,1.9225784141674,0.548671318586487,1.71254858830089,0.534733616724637,1.93473293484441,0.653706151131432
1.54556663818299,0.861756482814965,1.56540906251302,0.938827197414678,1.61472563950923,0.518302968086607,1.57722173003486,0.568927126861151,1.61107459582787,0.711312971490447
1.55954334319128,0.824607309053421,1.62879860271496,0.862424766752853,1.67340221701585,0.524853189092965,1.69683228685202,0.535438066625754,1.59835258146957,0.677679200062625
1.84028928155941,1.02738725385032,2.08022916741476,0.881028693279243,1.84092623058476,0.598166843616369,2.05882001670156,0.557862311262526,1.67859353055516,0.742977712091195
1.94450227546127,0.954767333194571,1.7494657065782,0.791993902669931,1.9045982687026,0.53300517613424,1.83187876925914,0.503563393678005,1.7574291601692,0.643917283677061
1.67013340034054,0.806364599928762,1.66027236502276,0.891412305848376,1.65690396917155,0.464929519143102,1.62338594938041,0.587140658698168,1.81849365783635,0.656943355764865
1.82534086047367,1.0338434856473,1.67128046530366,0.937758095379066,1.75503456641994,0.627936683003634,1.72381492712324,0.607151851493636,1.54743458357345,0.738346731208522
1.95381954928404,1.03071160061559,2.03405354023085,0.968194296921563,1.98615596365675,0.613232287397068,2.04172742938133,0.635161783414901,1.96516420933812,0.810267487519102
1.7371495034996,0.859817902316538,2.14315507447335,0.796158795498695,1.73101896798185,0.509239747072083,2.10147176347723,0.49040420367865,1.7547751179635,0.642450553106317
1.7264626043016,0.891447452482115,1.5563050076897,0.804618198479586,1.74689030386136,0.485758378606957,1.57139175642061,0.545344693289257,1.86085296301756,0.661383739419351
2.18593869192023,0.832171729388401,2.02658933324941,0.857095942918094,2.10319615467319,0.488099742464519,2.00891822764568,0.560507344439042,1.64554085970451,0.705761775458924
1.48355185377522,1.10680607865248,1.71067537067341,0.92832634264595,1.55240818415905,0.55690246316231,1.64868817912189,0.591227686176581,1.67820694183176,0.749105963719449
1.77486523469051,1.0929500514155,1.70716215174625,1.34566225492745,1.81517206795982,0.589830450833084,1.72200827880766,1.14578155568014,1.9728252238251,0.742423625971661
2.48127027840386,3.09657509206317,24.4393178892256,29.5409121454383,2.00465257902906,0.56821688625363,1.6591423343828,0.650797190538733,1.47946390596541,0.748366938888907
1.79038332233765,1.18952611547862,1.93269339629214,0.981718847568665,1.84975506474897,0.626175321841169,1.89431584190966,0.632639759308591,1.91013964166001,0.783847995106203
1.79204343740982,0.932954556173049,1.58167318093389,1.05564171878751,1.7616103883286,0.55112855436462,1.58284603637452,0.594161116303536,1.79308246611319,0.672570131934994
1.88650164751114,0.804058413122539,1.98772064577219,0.723470930064916,1.92449410232522,0.47201534811865,2.03345479147215,0.45588664362384,1.95389115078732,0.611086769336323
1.72105539058466,0.999419184277234,1.83163362162986,0.884286908958901,1.7024520280706,0.568587200936525,1.75371507927295,0.562038162626292,1.46455625438363,0.721320239205692
1.71421191050634,0.813819207989181,1.29377665741233,0.0601687929693044,1.73577123359341,0.476404059311831,1.73330785126571,0.571759366347689,1.65597644260736,0.700144080493019
2.26994498697491,1.03546759179446,1.91280113831367,0.928420823307592,2.22752182891322,0.580163243391722,1.89874633009247,0.545565248669014,1.87659067932541,0.627622407727406
1.74815304881119,1.23087900725886,1.93124707773434,0.948883501698413,1.84630109579308,0.68571681322312,1.96460248205301,0.59621627553017,2.00134910851712,0.842807924142999
1.40560200467355,1.02641679173306,1.46842340228255,0.936150101379659,1.44990033872483,0.54725803988954,1.57839242413335,0.591875661106452,1.72383119849333,0.728411541316779
1.29373987283567,0.887558747672948,1.74131252337887,0.895638935493622,1.33489713487778,0.544643322980257,1.76276117927382,0.578110107469327,1.93968379783528,0.682740238301347
2.19676791764057,0.998489192282644,2.06836357961723,0.816022248944951,2.2961301955021,0.488755012541078,2.1157693069492,0.513144333766576,2.14497807062514,0.647315716336855
1.62924146729032,0.723766954705363,1.81114487669941,0.900101721667678,1.67115102503488,0.43720623183835,1.85368603302801,0.585207798375352,1.60962270226113,0.673970263705246
1.54280216380811,0.936869489421223,1.80054352511196,1.12736830264892,1.51438400157642,0.580110158118315,1.78704633635518,0.897370052463585,1.40531960149985,0.803047143398441
2.12036459179003,1.02738498798588,2.26229861273821,1.08462948313504,2.07730456116801,0.56823666244248,2.18589357535091,0.654356070293973,2.08786352394907,0.812930749291594
1.75532166514999,0.941131564181526,1.81088212818519,0.936487876554761,1.69908361060299,0.554461713738911,1.81531915851249,0.582097832320303,1.7309962301175,0.78136075264962
1.80274116653218,0.843466380082261,1.62652184790194,0.853573345859067,1.80313002850603,0.516806644003398,1.59568215017837,0.543217400757171,1.71788041394606,0.670127468583159
1.63409671481489,0.77657314021278,1.60729406880564,0.794015097662971,1.59332929095524,0.473714972404044,1.65010945526042,0.50919516507382,1.82711890749699,0.646041112762162
1.80478525659809,0.783165725293389,2.08682864029399,0.8888909872521,1.87936705061154,0.45876067274957,2.06092178589127,0.542810803913367,2.1885715371746,0.700298387845218
1.98733056373163,0.79086115145693,1.96886447021611,0.697348671834952,1.95600961162979,0.486358075063686,1.96672701368771,0.463101320057883,2.00330539179172,0.554985973386337
1.55172385515821,0.870744346376041,1.52177358228117,0.664768518593641,1.54549355690296,0.495793399557469,1.48551292563877,0.420171043075456,1.6600873283469,0.631413014832971
2.05508382536088,1.05415164873212,1.78133682866317,0.880573179843478,2.03475299396943,0.58488189179837,-0.0663190125072995,0.0607717894174687,1.75447102447127,0.71468382009524
1.77536206813839,1.00044030379863,1.94899554759252,1.03599967304257,1.79249197639251,0.578154022702684,2.03059454799974,0.548040290764373,1.89905088749564,0.729589282824981
1.98883099420006,0.75020318316095,1.94642581775121,0.931592965594046,1.88984625313493,0.487011700924563,1.95398498469712,0.57626287288272,1.82898683223612,0.721161209704384
1.94742228462868,1.13415045989444,1.87283890400984,0.971252248245986,1.88280194669659,0.596631990233371,1.90568677315978,0.575430022246579,1.78229746440595,0.756963588649211
1.96552718452805,0.962368602858983,1.76803242532026,0.890009036401863,1.96022474647437,0.597565550717382,1.76401101110176,0.625195742145139,1.71216512586939,0.773732573467019
1.62434249988346,1.08821325604922,1.60868243069818,1.01660643136341,1.65671505977408,0.576682265726311,1.59979336434346,0.621680561429682,2.02526806927243,0.723560405358122
2.01199607863899,0.88530633068413,1.69789522271194,0.935242713720739,2.08633454371543,0.540898982995836,1.67448159381904,0.573053918853228,2.02096275997841,0.73556228741812
1.6456403007705,0.804021116070037,1.80503782103364,0.865142611685957,1.64757063202692,0.469867380917196,1.80501359903583,0.526686623819371,1.83544435374889,0.692399996871831
1.73812836284186,1.04165163694778,1.29802744690955,0.893345074875348,1.73818220984452,0.546019697757178,1.34719520441351,0.53718903658739,1.8202387582873,0.769386231670096
2.03342458220464,1.21829368902914,1.59393526837514,0.936931722494684,1.99179383481837,0.706693671381144,1.53257918174918,0.567598566390167,1.83126414067877,0.765762078369591
1.44204656270568,0.878881024762056,1.88855222013243,0.848291857265347,1.53623752873266,0.542797624126533,2.00575756209527,0.551689649543101,1.83883095433157,0.699149303581396
2.09610779549692,1.13285597321129,1.55915734845778,0.960307681708183,2.00082866246789,0.569600012162533,1.57658940363,0.581926557998375,1.63151594196483,0.746389610893048
1.89485974891076,0.812066419757852,2.23771873639505,0.76832802959797,1.9426268281902,0.459871331673588,2.26144010699563,0.500390247956187,1.99658248831168,0.637444912778389
1.68428543594144,0.723572332934783,1.91984578739083,0.834223943133046,1.70526552126032,0.441436216860668,1.96060426327716,0.557598112568813,1.97346372303568,0.657560394148059
2.03968848626106,0.77140645975054,2.07662695885817,0.765374300029126,1.95175317110416,0.461890390190292,2.00738696702976,0.458827997149043,1.90296383508445,0.661461941972906
2.19756448637024,0.843627411288183,2.03720303716057,0.774916193086098,2.17818320491342,0.515057893670233,2.05956129298621,0.521126210563883,2.034893917196,0.63374501496727
1.99312704984773,1.09283308781345,1.75579626432434,0.871794859596304,1.88099938460613,0.657585371434169,1.79074796797708,0.559240274145157,2.0274348867836,0.677757208950241
1.57710792012575,0.831024324169972,1.70781951237854,1.08727576420775,1.59266490940869,0.494980453137372,1.67524840083856,0.618427718058482,1.5245244023023,0.72303176101292
1.90663293258449,1.03278527818279,0.880280075766357,0.0494384365589791,1.98421685388551,0.578178274817875,1.71615851063472,0.558583681694681,1.56223438019801,0.750032681308943
1.68356755667262,0.947849339057265,1.72628421834153,0.852654172480384,1.71979859334619,0.563825216489768,1.75188301993368,0.536915711980082,1.84477512767022,0.726477239318721
1.74771985040617,1.19344373817553,1.85764353435858,1.11005161878472,1.58506392041136,0.638018406134789,1.79813967684504,0.686314484614862,1.82685842478343,0.841964771354472
1.72729656082278,0.845611975330494,1.78334559608598,0.901614843391202,1.73405787117002,0.524709417423601,1.78013042865711,0.545107390224676,2.05378336959413,0.726463812243275
1.68306125217405,1.0177859933942,1.35135209926103,0.892157655380469,1.65006381390167,0.556038725579992,1.47691777740135,0.500700910845273,1.76996985866455,0.785343931760694
1.73929187903982,0.925549075295392,1.60548346270373,0.91520049243731,1.7606709340501,0.501038130174823,1.64431203684786,0.567898589965926,1.65956028445127,0.728092394811093
1.5832110234626,1.11508966451922,1.74738182150468,1.00570295985051,1.54609158481097,0.636555774661145,1.79682743756484,0.616660659682543,1.82663813043377,0.809307707181002
1.76478092580617,0.964484204903234,1.46492155491132,0.799425020277568,1.64615301502799,0.58138157608111,1.45144080089976,0.530248999180091,1.80957789177217,0.706179463968439
2.03918720263385,4.42468744406479,2.04351453590345,1.02467237828086,1.93816362408949,0.615250494960655,2.03349514009126,0.557485203799257,1.56462328665506,0.758444581108188
2.13825964972902,4.22853916849838,1.90658087139125,0.875704011256832,1.72801913931384,0.579257458808656,1.88899436615772,0.57964335359424,1.77300165985254,0.715661002164927
1.88092856402441,0.863136940411037,1.74057915283124,0.871669226295064,1.98729143518446,0.501467657345078,1.77018433672179,0.581314813320091,1.9713972889542,0.719592622795301
2.11037696493834,2.94815524439881,2.3050866810947,0.930538104139027,2.12392542836918,0.574621223662148,2.32572043121565,0.600905053945131,1.98424672749349,0.684570128746809
1.94616362260484,0.977874807774424,1.65590091860839,0.922383421635087,1.8875621384661,0.598176918200763,1.70464582463835,0.58862045983365,1.95073158357878,0.720595588627991
1.87888147460824,1.10932848190747,1.61336698708405,0.941111560854227,1.8376519426215,0.609552171506314,1.6555372601955,0.587904135649501,1.69627016289006,0.632575820509612
1.84285982316844,0.904779067219122,1.89182146530981,0.831210840059195,1.94097613781376,0.550977016037149,1.89411322147283,0.50980092069358,1.93164824743836,0.628774193300698
1.69600702233894,0.999757551441564,1.85877315213823,1.11076490343137,1.72464331744092,0.567400455811408,1.87049852759909,0.69889514864555,1.79705778409032,0.720832683850152
1.83579108124413,1.02623208957017,1.80873425776791,1.00542244396229,1.80437727894793,0.599239263081857,1.77997180634468,0.622368062605096,1.59062981259764,0.777377872472016
1.95317448643222,0.918908644914305,1.55268368275425,0.968596991458481,1.90811946738543,0.506049716286468,1.53732132346637,0.607343757459382,1.72583673373743,0.688921511868196
1.77439333481135,0.935141173307888,1.66406955116596,0.736657760737216,1.76061479410399,0.54138730333705,1.68879532709487,0.497376723176787,1.7358443293083,0.652079079510168
1.49683719190753,1.09538174034882,1.75030199443481,2.94715109997062,1.59689653566012,0.604099139671311,1.89862457861335,0.628379099050726,1.78735347199892,0.767162816240093
1.16298618049254,0.999307552617695,1.61353156565347,0.75624962907475,1.22268476723571,0.546337767145893,1.58745162287536,0.476750713174283,1.79193174987444,0.647984936283641
2.10995599671447,1.07220467589123,1.94946080159195,1.20202673367739,2.04250259172926,0.557917786159953,1.97647405452488,0.693258592583009,2.13273998823145,0.848274741234029
1.8229311585574,0.925378198600632,1.81904752897715,1.05991699320735,1.81801172216636,0.556432380026262,1.81780989438937,0.593703228663464,1.78320507783358,0.784137610348437
1.81586987667666,1.09400413760385,1.87227213408211,0.834516442668388,1.681898938693,0.618537803169335,1.88023170871663,0.519819734818131,1.99068379619286,0.782030438975074
1.52157862630281,0.853410441758899,1.62424274348468,0.919001032608317,1.47927494116059,0.531972687763946,1.72063103209351,0.548708934763372,1.83056412169455,0.729703506434356
1.56501884112481,0.927537158929593,1.64209015635512,0.867737457417153,1.68130985356727,0.541307752219095,1.69906776277036,0.585546509390361,1.76343658383213,0.754345633406864
1.580236299199,0.831122995587301,1.85619304226296,0.91533022586796,1.57390358549571,0.48354525621354,1.86250566588805,0.581449971597005,1.90294018252998,0.60048039902193
1.60289068984537,1.0881373730639,1.60688820755235,1.0001498405627,1.59927553388776,0.634500168002817,1.71142979579549,0.578001248629916,1.61359166768113,0.831553542145757
1.64641913164652,0.96260293065816,1.65338332462714,0.906841112984427,1.70619086138082,0.532126179762051,1.73378761148737,2.02480630654937,1.72283494667911,0.69562235561651
2.05014962092441,0.927933808520735,1.89389124637154,0.826208640898752,2.12928427110785,0.546732896791915,1.87032378800379,0.485115308412364,1.83539786861515,0.700448727619194
1.9549481013839,0.984820556240711,1.64328689664333,0.789202977043437,1.89077807658501,0.54005185409978,1.62282856654153,0.51882534265529,2.08254782926577,0.728541158182021
1.37660626793547,1.11272272976221,1.42961026644891,0.865214861550794,1.50763659952838,0.631387034608438,1.49164033905544,0.553770405588516,1.6173777801227,0.73765835518241
2.08175446336442,0.939824180233825,1.81299334781091,1.05807601458446,2.16487292092611,0.538460851167444,1.75485041974151,0.652762476699855,1.89975472336794,0.68796539243322
1.4984185054479,1.04949350000897,1.81450901046184,0.927049693023249,1.51073436013504,0.572192557465129,1.79236153551611,0.560570820642379,1.74989971053551,0.663948328808037
1.5900645324002,1.15587107670246,1.74681141575996,0.934158562353578,1.69012011039477,0.574411450713665,1.73803232926701,0.598269618475952,1.69093610516546,0.750072392000872
2.03997355305659,1.00029654090877,1.97709618987192,0.787407610671023,2.04927837981741,0.524324555994676,1.97173997759654,0.521794306334173,2.0107109317925,0.743607708787175
2.04419459795587,1.01283372677412,2.01889051848489,0.862990559003739,1.95921015246667,0.529826308785092,2.01222210485088,0.57651041527545,1.76989274597458,0.754116556242021
1.80950313574575,0.924245242470389,2.26681652965067,0.878835252190523,1.77117579132764,0.5161852350039,2.15382418189083,0.509991282502223,2.11943196419909,0.69493652291884
1.5897655790661,0.879706500861972,2.03416066951951,0.879248900630325,1.64187642828998,0.5233177491434,1.97176180756437,0.574206134283933,1.92260287432324,0.668690015701854
1.77181721519527,0.910254252117644,1.27864590162082,0.942425147395717,1.84825198094175,0.539819502556307,1.26708169266702,0.562122822980593,1.69926510338979,0.62080202128893
1.87860936157581,1.1207852901058,1.89920909954275,0.943968977043527,1.77127620319612,0.612527688735983,1.91831495137236,0.59730757170435,1.80338502464505,0.77355143808103
1.65310925567425,0.80672216394553,1.88791687566587,0.82461911075285,1.65460571771299,0.442812827736739,1.86648443895121,0.508281503159469,1.85566682277823,0.633749657853335
1.72998246385662,0.965477173370086,1.74990897918973,0.892192816408821,1.71675349910005,0.586802114151898,1.7439060903389,0.553269318248466,1.73444346019237,0.737943745257446
1.54011242315804,1.25733935492845,2.32283534111979,9.89167712510519,1.55255519196885,0.693729212976867,2.01032665839751,0.688636211935303,1.92586064255455,0.852015915134982
1.80271760858864,1.19590414668673,1.71695097190106,1.18210199875787,1.81288486177582,0.647764382579033,1.72657334978898,0.721996466209558,1.87638306812015,0.843068187452256
1.42177931923967,0.945779839563542,1.7117025749617,1.02458920096813,1.44478415132929,0.529342972860688,1.77790388116303,0.642820951721663,1.75851399732525,0.794619721255567
2.25727921545456,0.950721943245617,2.1430363817987,0.932064548714423,2.15145420617838,0.584139725856975,2.11318327472015,0.563628715571521,1.8164527298701,0.767691066377347
2.04706423305084,0.991460052149781,1.56265186913701,0.887134893808397,1.97611735061409,0.580141303852912,1.66063867056909,0.530384137200199,1.89293458355958,0.716154840615743
1.8204365530741,0.996459412346387,2.0512424922567,1.03707745738098,1.8013017280177,0.754743672605658,1.99755785961954,0.651646831356957,1.80752121711875,0.731371610179684
1.58721094294904,1.1284797112464,1.84589551287084,0.991909300132099,1.5129401389284,0.62644415625841,1.87246600864339,0.618177045792025,1.85705276287202,0.783671294661146
1.73919275363624,0.850970475958434,1.95922529678725,0.791084600457201,1.65589034547867,0.506476022503914,1.94627178720886,0.535175613189465,1.72353329375514,0.720783482379223
1.93012357862252,0.969660027326678,1.89083304434337,0.845339470425296,1.9233643088452,0.517256648648088,1.87651403511591,0.511944481297889,1.8115400429062,0.689050996068545
1.49607851792562,0.822469819747665,1.60237718820277,0.768940732401206,1.49988853463805,0.430292713293695,1.71446141674028,0.489176132075429,1.84932339089168,0.663564032687612
1.65281687258578,1.05590005205482,1.90540687919502,0.928500316825118,1.69996291403019,0.593308580359705,1.94952269145213,0.526598840073353,1.66708927084696,0.713425874689439
1.78707538015258,1.26446356825599,1.85576410950373,1.23611266589335,1.77445462341227,0.692230411987967,1.8397501636197,0.710116123511435,2.01612515161881,0.839930989590049
1.699132061227,0.788071799309703,1.58765661403568,0.717109098747731,1.78378116460928,0.47897805161274,1.55076555145242,0.466208674487462,1.59701639127886,0.67035392532765
2.15343819442849,1.02695618841965,1.87555104051925,0.98494926934799,2.18438116273058,0.542219222699479,1.87092830713235,0.590940359681656,2.00274538960913,0.80473135371248
1.99155518743983,1.00446341098768,2.13345676383185,0.876412740781685,1.95140175613343,0.550334954890095,2.12004906957711,0.552856851294635,1.76010297985399,0.675376687978239
1.84956372081742,0.872934692284032,1.81739198613874,0.858746280137086,1.94927154883153,0.513508541361296,1.84105422487356,0.561856933763706,1.71094661656482,0.69052295321432
1.71188830228424,1.90564243420699,1.64549667276997,1.13744499111153,1.56013321975854,0.552302834651133,1.67205166433331,0.679890343219289,1.63588695883629,0.857254064498387
1.47643376363271,0.880171856265045,1.74357361862383,0.870232867555192,1.45678916170276,0.573601781003398,1.782733843746,0.538227446537406,1.75242959010769,0.776539879793141
1.76442764902852,0.782208309464569,2.1077353071125,0.856596873821739,1.79922682026084,0.479746785585653,2.0481951689562,0.533818853027804,2.13405575227025,0.715049355959017
1.5649766058881,0.953636938346373,2.15392572460215,0.928650757026935,1.5986973861709,0.596384482102189,2.12942765039513,0.609821137863118,1.79308704999466,0.753545844856321
-14.7253171419827,25.3977438610501,2.17247842900681,0.991543430266136,1.9029318003614,0.505902100904958,2.24418602948136,0.586202774980775,2.12619749991137,0.737659987184151
1.85252000344874,1.0507276202949,1.73558145847124,0.893533084279812,1.91366528982495,0.600956435426739,1.77161217553396,0.550439942334628,1.91580093703455,0.780831548724222
1.94537736655481,0.800239536767232,1.83923431058446,0.694202663159947,1.95948696335683,0.483922971114225,1.8325931538851,0.470288645816864,1.93641731409231,0.666788073103199
1.78362624326854,0.70817649645622,1.79770660986117,0.71417159587344,1.85858156777545,0.425247789767402,1.78367694668878,0.479420676077259,1.62644500128647,0.604847262809927
2.34021873293216,0.831999228589493,2.63315110078477,1.07749042547614,2.26333545691049,0.513608951317887,2.52394577507013,0.642074055940637,2.00950600574206,0.697410085162724
1.38842857452401,0.833346491347725,1.72999468328263,0.770420553100429,1.3451252929321,0.470988582957789,1.68806358966449,0.585024367200017,1.64911493260172,0.69214288254393
1.85629219284709,1.13158648489431,1.6592948322764,0.943731851337734,1.81665593048563,0.688857867839698,1.7509347894134,0.594975159535434,2.04053858342561,0.747491665282923
1.76010556392133,0.774620104995767,2.04178373302751,0.710319817949955,1.83275413591098,0.471920745888984,2.0416704059948,0.485457736356776,2.12106640454601,0.670860374667089
2.04524241549114,0.810212901721358,1.59874372871794,0.821029985765888,1.89439852286334,0.486537884066788,1.73221923771168,0.54248373244739,2.02602087238304,0.670579212334862
1.95396990173517,1.0215836562415,2.05797046237241,1.01475463239401,1.95026517324114,0.562939355868462,2.05186422635234,0.61488866396728,1.93017603164452,0.74032701522576
1.62129289980332,0.868575530072749,1.5909517550946,1.1003566975683,1.61563696545107,0.521028460200173,1.66440791235744,0.659407500036584,1.78788728571201,0.711852262886952
2.16345643625981,0.902903629424465,1.54491908590543,0.918179623841874,2.12007945723823,0.554071434477308,1.48679823620844,0.564840721602968,2.02882672938365,0.757979040939336
1.81700711774912,1.06084993864835,1.93427549618577,1.03579698881105,1.74304180399933,0.608653185860035,1.97973596143543,0.60434849198035,1.9398197522607,0.811106424761659
1.79243669096715,0.893772017181723,1.67127036392202,0.896816566511133,1.88895557462726,0.489826153312104,1.75441069883612,0.556805961894485,1.9523215441723,0.708731596009018
1.71695791417899,0.934333195660736,1.93570271634674,0.808928586600755,1.75025553436211,0.530715728844594,1.97227627399553,0.507206311257948,1.77568587657269,0.659819338566379
1.52192092511136,1.07119086285012,1.73797660406834,0.952470466452476,1.4692496379035,0.654479882341172,1.76793001230557,0.57549552245988,1.5485673845949,0.612570245439652
1.68625310617578,1.15128155025971,1.55431566789395,1.00957903913918,1.77513375491098,0.613435488394222,1.53257187625484,0.630662979205704,1.8077516848242,0.760122541694326
1.79261137874969,0.962975160066341,2.03014406420984,0.995165178937115,1.71437647845604,0.567500179314725,2.07932828445899,0.625782674810315,1.69725743054134,0.698098328004664
1.86363438425758,0.817230007039083,1.79200024155298,0.765323088446365,1.87089464239744,0.481063413855784,1.72392441059245,0.511305842478663,1.81088012708782,0.652573254512735
1.95199004215773,1.05365147503216,1.76503293876069,0.942113527452909,1.8411928573331,0.59825173215935,1.77280423717487,0.588784336551713,1.87704420437571,0.75593366052674
1.409925772396,0.961447049050028,1.74816693293695,0.846856210028808,1.53981889702228,0.54553211298697,1.76369000224141,0.526896732037163,1.79774443292907,0.681533698344328
1.37513993053862,0.974907773764512,1.42002537288323,0.899799326833091,1.3581469826514,0.558884978922038,1.48154791009915,0.559068186305908,1.49477849636855,0.725068955985517
1.76950039297543,1.10513702869041,1.88315774102477,0.948240691344008,1.71801982436817,0.625460965298657,1.84945137345483,0.585119417664682,1.79971088946805,0.755860807989477
1.37694759183662,0.949840054336479,1.71852246659312,1.02850515211001,1.45122809758855,0.568666758555317,1.65878477524652,0.599413442477839,1.65287316768334,1.15643083655472
1.85907891609541,1.14899899380306,1.82226056000472,1.02662150753554,1.95847553620504,0.659583245243655,1.89793612793882,0.600621274707822,1.78061654609804,0.646211659249958
1.77939414206867,1.08700885101568,1.82348376302798,0.863214850030327,1.77850923686632,0.615130870215914,1.83684045250352,0.564761663821981,1.68156633007497,0.68010921897926
1.77985422966773,1.05126837488823,1.41777298078603,1.02146936867482,1.74336210865389,0.62341706145573,1.41780753030365,0.64091644736097,1.75602076619104,0.768647967289451
1.72056974088332,0.952657394368039,1.78580411694403,0.843964837845297,1.79298077402402,0.493936741329825,1.83217159229272,0.533847579608114,1.9241016204056,0.701359981137344
1.97955074114519,0.982336564018264,1.82530933441578,1.14367295904941,1.93400480744368,0.551461255089147,1.93597739535219,0.69674300980815,1.74784052353793,0.765808839196462
1.97285530325658,0.857258550243866,1.40423446272588,0.961021368460187,1.96685233515179,0.501872482684812,1.43582302490969,0.576586407037502,1.87921878398775,0.682769647520104
1.37123217122257,0.994465112450829,1.64807670473081,0.935320893545157,1.47791540478517,0.616564713847501,1.67426488125955,0.594358029620178,1.46359017183657,0.773997621105753
1.65187089561215,1.21718381317654,1.81957431556165,1.04380848545067,1.68637562106686,0.605566343885515,1.81287738030474,0.654971096738174,1.70003184753865,0.749950500314951
1.91807986255296,0.87513562608934,1.7795427687088,1.0882937868332,1.92993140558663,0.472488325071961,1.79113362822196,0.646621868328685,1.75427559260553,0.691207031885147
1.56257943339506,1.01772587917471,1.65980026194676,1.01570207808262,1.45846530431342,0.574672909886322,1.66100161917578,0.626228911386407,1.55691414991365,0.745955107401064
1.45195417975473,0.956394900706371,1.6919573762453,0.918987621813645,1.58808600099844,0.520458301459331,1.70927516184002,0.529235455492469,1.83013963636713,11.2966585422044
1.38299308826815,0.864577777968025,1.67374733068855,0.940326177147054,1.33101877845541,0.498751728492443,1.67104310340456,0.601872459354231,1.44648979923931,0.672209321370195
1.52324039492441,0.920549704334836,1.43509068347797,0.790104409302326,1.52740164490493,0.548922500506392,1.46661649678627,0.544274918161952,1.6890802918807,0.730998128868422
1.91239437018841,1.05630353566058,1.56380229381611,0.881132434403458,1.85550204693211,0.516354919637002,1.56109350409611,0.5590751404321,1.7485020351188,0.686652394369542
1.51671633519241,0.805480063497768,1.54109071425706,0.714844452311174,1.51115224705484,0.471373820710801,1.54197093652112,0.464021919915389,1.63583134180751,0.622409735864897
2.04320005610608,1.02704810635088,1.92629647470042,0.813003646082299,2.05792957240309,0.533329538375546,1.94186479757152,0.586517999126218,1.94055910163014,0.696379188610994
1.74900849060683,1.07339575201565,1.8825482230621,1.04468942834987,1.76679001470936,0.596124391569879,1.92309974963238,0.650823646332093,1.70283408797171,0.793184651506266
1.65626616362546,0.997107161163262,1.83887576184366,0.863511480613692,1.45611984315122,0.530277801328835,1.82499406969208,0.587169988668446,35.5430075087698,19.2687788311895
1.55568495419628,0.982972104513247,1.88153638137145,1.05112126371204,1.59512428867,0.552623013633791,1.91273988908744,0.583714650636799,1.7192476538641,0.779999255833473
1.89655915393134,1.08695056814251,1.9602783899139,1.10764971103287,1.88847582487711,0.552412951301074,1.84880665448436,0.673729522598178,1.75980712136316,0.783999169351189
1.83091978853534,0.98297541472139,1.76862472226123,0.949551469472681,1.86575243864056,0.569068589804094,1.6920675247166,0.580141393522085,1.69567117481449,0.736338564433844
1.51308663526097,0.924631045384906,1.68522814567629,0.880485871417777,1.61338221624204,0.478247037914152,1.68843379652604,0.556493567705593,1.52255094395056,2.97886373046744
1.55125796027007,0.993454474545853,1.91742648815843,0.937370582919587,1.54867145744809,0.529095980764291,1.9505648882144,0.557346031812946,1.81233216062718,0.714602850159035
1.41712607120904,0.962594726879401,1.40069330127033,0.935004749052223,1.47354100659583,0.540566278574481,1.48993299987078,0.542116204825552,1.54827173211477,1.35168562631214
1.95870453309032,1.07827277745483,2.18134154763764,0.985421604515217,1.84351917830694,0.707491210862181,2.22584977957482,0.570878313936745,1.73810427280336,0.80443435082016
1.80643287559066,0.785116041632991,1.44093746168677,0.837329254414483,1.78924034166735,0.482359366735563,1.49640154762788,0.51033515623913,1.8547288380564,0.648372726422897
1.62833535190161,0.899237919990192,1.66652601638228,0.771935355515009,1.56967349643551,0.543611833557817,1.54353895636795,0.487077910393989,1.68634344348024,0.68560053224678
1.94057014104755,0.881009888513791,2.34005347591198,0.697840268600658,1.90596627106841,0.504479456281197,2.33715759996269,1.33165762048589,2.11780409740067,0.649407396539804
1.56992614557318,1.00586194295929,2.16011955665103,0.947209257700225,1.64653625207485,0.576592561848924,2.05448151143099,0.585555195824289,1.68262313520065,0.773081434511449
1.79822804713276,1.0638211855974,1.65649235969384,1.09564872244979,24.4909489294403,34.5034435480437,1.70040446344446,0.697601243240015,1.75099598991997,0.811999307724469
2.2256632735819,0.903007369245756,1.61035460712108,0.827666356741925,2.21999305547526,0.52503334752616,1.67839359108405,0.523969739857685,1.70924874593173,0.674784233162653
1.82452093701893,0.892066647252227,1.8787375577993,0.856995514123676,1.8219077597213,0.515517784559445,1.7962966700174,0.518598410995315,1.64194949358023,0.727289574828683
2.07477443002829,0.799770933336136,2.09722927253533,0.762546215863977,2.10774431695097,0.468781441974278,2.10262425736348,0.484775001957037,2.14776660972655,0.607645995836871
1.77361608606433,1.10837607729013,1.86817297712892,0.899072809784768,1.83822842667453,0.612996575416676,1.92070060238839,0.533438591954021,1.75483005028577,0.784382403898408
1.66532656481988,1.36135796984196,1.93047166804877,0.94062766649668,1.77064872405924,0.564567484241932,2.02334197329664,0.575084538072531,1.81877495233409,0.716036235739767
1.64865233297861,0.898620568445801,1.27761705677521,0.836728239705524,1.68535313156435,0.560449098816975,1.3374309590487,0.535578821992042,1.6380258546564,0.782085879846129
1.81648587873221,0.986682662214047,1.78751137651287,1.16385016734788,1.81543947205665,0.591145935191474,1.78193766968298,0.691534112878889,1.55921394983667,0.813088102860853
1.31226888975794,0.889008415428929,1.64312075128423,0.884631392541361,1.36711409033361,0.506627084263692,1.66437678804456,0.548965542174517,1.51683921929892,0.773733597151054
1.62989700610534,1.01062941085529,1.36542890745208,0.885006451817096,1.66124383705914,0.577874180022905,1.47658767751961,0.529364360306146,1.64538535745923,0.693880254357233
1.78263584522558,0.882918324010529,1.8738475679482,0.898363402172372,1.78344594818937,0.513515785072665,1.82075907446909,0.572304015908653,1.93766442572401,0.739168075623334
1.64427267745476,0.919056840387705,2.04529452921981,0.801177166648347,1.60019397821217,0.506079726396972,2.01309394177426,0.508121429672654,1.92425367048208,0.691393789665145
1.94087748698317,0.96813616091362,1.75378189907833,0.958936496985757,1.89024982414556,0.601055527147945,1.76028342790659,0.606871259870155,1.83142601559548,0.640647248502954
1.7763673388593,1.11992989821352,1.36661579868405,1.12881590481966,1.7323540215709,0.633512892287142,1.45644959259495,0.563045449484783,1.6627300673506,0.78935014749048
1.72449430893551,0.972406720185758,1.72856056089634,1.039033526495,1.7692063786323,0.560177658286213,1.77896864595598,0.632200504260292,2.10491698343636,0.751778547159774
1.57923596480067,1.01795425265898,1.66838738829518,1.04473466602105,1.55409713503833,0.619632450182705,1.66671191543105,0.612128555205625,1.46208020670301,0.805469823565748
1.45176738595514,0.774910691180613,2.06063191627646,0.812139656450591,1.46334595281577,0.452075360323538,2.10286640048744,0.504680144394721,1.61033651701636,0.664614901827911
1.83224509248066,0.926421086063921,1.96826594338319,0.918060121874078,1.95201336021441,0.528275128146448,2.02163968264097,0.553304092260235,1.97129493243965,0.775873148893024
1.6940355447492,1.05173761245165,1.58650630727263,1.03656077373999,1.82956198541262,0.6383893037023,1.67840901978163,0.613838925980819,1.79670233347675,0.720450172391162
1.67924329904392,0.923984273310365,1.55811555965273,0.702608444945449,1.64056735727662,0.554625598891437,1.60437672643854,0.490387843024548,1.67775547899557,0.669349571526693
1.56811161046927,1.14894040846345,1.72564683517349,1.02311131394244,1.62007883348963,0.603908323721463,1.71938448997273,0.569939136130413,1.79661915960263,0.768785952520803
2.25912898432557,0.997877868769149,2.04382413074627,1.09998707063118,2.2548223950703,0.585583461964629,2.01248056227872,0.650795261460944,1.97840175709002,0.801271917139789
1.68235402178599,0.874343360576717,1.69864257229283,0.924816088961733,1.64647151106322,0.514439188725841,1.68194293289281,0.564147702532086,1.67246584957465,0.652020373109003
1.89252980362422,0.966785607229019,2.23868568978713,0.975707210069017,1.82616289439262,0.54345303618194,2.18828135610891,0.601960820267174,1.99078159437546,0.716454609891835
1.9950374120437,1.00298222955596,2.13349085376031,1.07248883014639,2.02620666987881,0.562303172531847,2.16110030392724,0.624149732597647,2.03932159897114,0.722526282181965
1.33433466039257,1.02070946574299,1.82843294024604,0.911542467561138,1.43744926061133,0.565487387439013,1.85890565966836,0.618114256465301,1.63146878910272,0.867982366627862
1.72612537661844,0.807815821030295,2.01024733794999,0.752463539200632,1.7852345113075,0.50702987374162,1.93594901616838,0.486822278052083,1.67755920508044,0.6342230833918
1.4203626123509,0.917053006576037,1.82800817737596,0.935602368830371,1.35798345267722,0.545354780867464,1.78706083879025,0.611609791629785,1.4990448190161,0.744643629252043
2.00685420369134,0.938830908552034,1.9971803306892,0.86296678915901,1.99976293879427,0.56817731413319,1.94968261456093,0.527887768999508,1.9828459850217,0.756025787101715
1.71437445622419,0.973429569927495,1.60396261945311,0.95126722955044,1.67897151441402,0.551006044255506,1.68314195372521,0.580732058335523,1.64589914919486,0.743758314443112
1.72230291516109,0.895674698315972,1.63361296440193,0.916220975737706,1.62794552225035,0.45626722271412,1.63484178882644,0.532249309223606,1.58022474799783,0.767045182264984
1.90241312331565,0.981258517552346,1.9978799830381,1.0085259082029,1.8280748352407,0.582559096944107,1.96923216614945,0.798814722254301,2.01185096230026,0.70939125135453
1.78278269895086,0.824271590078853,1.54381228651676,0.834496893648722,1.78742785927467,0.494356842964761,1.4940809423379,0.541671043796161,1.92555185932284,0.686314443634279
2.14828717732563,0.974642344802298,2.2786371984925,0.970196911706921,2.15323303921034,0.567709400087795,2.34549986925463,0.594126993970031,2.02060451422637,0.831694500522186
1.57250062670069,1.04997103549086,2.02229174840831,0.971956042000272,-0.493857450896471,9.20684668321444,1.97876537519967,0.575362121687848,1.73496397536567,0.698350305634575
1.98007632950663,0.95860922049904,1.70010309189442,0.963809625758467,1.94983198840352,0.80307032468378,1.57321450483229,0.589427740220194,1.90589976479907,0.662418867565049
1.73038861587647,0.825529733533116,1.87473595748337,1.42825893049923,1.71781829688561,0.497772228368545,1.92594071654019,0.518499507961072,1.52386097329421,0.68918283039269
0.980878771557428,1.03063143118375,1.35539640960933,0.973037253449925,1.0085441920705,0.563889552776963,1.43206537056786,0.595586687997089,1.52256255217125,0.68411799060521
1.93105517502958,0.934640673764271,1.77803333343785,1.086375074659,1.79908564348476,0.539213230320322,1.69200065985315,0.597275886013859,1.40379166808169,0.79664507814168
1.80744043953514,0.894363614818077,1.87663941703993,1.55133469468962,1.81984648367664,0.484288073388267,1.90682584069256,0.571718842232201,1.82250031225452,0.631594580249424
1.95455117763487,0.954497004423095,1.85086000833228,0.974084207630848,1.93010172528098,0.56280527409641,1.89234294172383,0.61145490486846,1.73014644893028,0.778069199054547
1.80149163031391,1.09513494135164,1.8144520488848,1.10627450792333,1.75305102013307,0.600352815468128,1.91285182784684,0.64453381596973,2.02113055767236,0.709261656108002
1.37652978062146,1.20218009587977,1.78735249474987,1.03956269919687,1.4750349665442,0.627404090772969,1.84087529699226,0.619963075341332,1.73548842120715,0.750595979402924
1.83529860000068,1.03953633395453,1.73053382482738,1.01224160589264,1.80870736842171,0.61023129284767,1.7135400819674,0.606159031582868,1.95407473049322,0.780054106057699
1.33185046094372,0.782475572192388,1.4844855245548,0.763688918107325,1.38518703199929,0.455032711909071,-4.14782560748176,2.21580468913896,1.64010525444505,0.572133163407341
1.71037235768398,0.90215852677933,1.82008253901561,0.984549472696626,1.62626062496673,0.47401371628531,1.87959637867953,0.592374310706612,1.89418084929076,7.35821181885611
2.09749385882009,1.02030116561344,2.1021618871277,1.03216762054755,2.08033485448832,0.610826544503806,2.06102982497983,0.611003093733359,1.90465022242495,0.734528149169966
2.06205223594805,0.831674367313929,2.05291310992276,0.907943781458177,1.98399240072088,0.491166750915848,2.10118561812462,1.00771574595639,2.02404109396768,0.663378469975749
2.52372352514024,1.024867503217,2.15183476652201,0.952891937312515,2.49811146406011,0.615473151220568,2.02633515826514,0.543759861449814,1.84390200458874,0.733648406644933
1.72973314994774,0.977797683415638,1.79845952717259,0.885991366844599,1.72071045859247,0.5773215312873,1.83619208873181,0.564778218006545,1.69108868052229,0.679534682460735
1.42039025684732,0.999684612927608,1.61920858264048,0.938155692286078,1.5039262110023,0.630483185020582,1.65129888094478,0.53974505350387,1.82999840999901,0.705376598897192
1.7882570391846,0.760015414221528,1.98994176065225,0.783847695163979,1.78152995275049,0.468491364969746,1.93958455533716,0.467664952285118,1.76539167700696,0.616630002026211
1.46287513322128,1.13173795104268,1.64261953021602,0.997458186164812,1.5695897689002,0.602212615082657,1.62543423023279,0.61136596875714,1.53404771362318,0.726909245171295
1.66450821902679,0.833130833503246,1.83375165765818,0.926541726528828,1.66819713486536,0.513538254226388,1.9165153611454,0.569134556195741,1.96349654868972,0.65369750646903
1.53144984700428,1.03475737770368,1.59616400177432,0.972648988483747,1.52639029846545,0.572529185185112,1.57399522505946,0.563539035340086,1.82955726013249,0.680551851573767
2.21495248643864,1.01542042466767,2.26486012726967,1.03771542603521,2.13702974024881,0.570006134181605,2.00829411425774,0.0536583425058552,1.91297170346522,0.754844988654029
1.62486145813614,1.03099778405677,1.69678456967117,0.96620624968237,1.62893911341585,0.539052899356011,1.68788714589088,0.580146272755474,1.84382804676609,0.74677283541473
1.23031492598478,0.716374358997489,1.33207915887574,0.735374939864786,1.20884294834986,0.470144902635052,1.31043799632484,0.472403593692346,1.44548179917468,0.610178819192449
1.62042134955572,1.01290303894818,1.64103971255906,0.839531409597789,1.66921745115327,0.585101690699708,1.61939496371339,0.522534604563064,2.11075921848574,0.809056486403255
1.64116350166987,1.00742058036449,1.58554371087392,0.72099025423725,1.64341217021788,0.519522589228304,1.65565333156272,0.447179406393575,1.76633006110456,0.600565425071265
1.84615968453639,1.22982568410863,1.60689859999346,1.07749131654449,1.84427859958601,0.693750123679782,1.60393430914725,0.6549875396506,1.91126295331264,0.786516243741643
2.16700276255575,0.96413125552184,1.84044275649758,0.898347304924959,2.11210163188677,0.557837499444593,1.78528628120504,0.517421428802718,1.85842839929911,0.659084417563669
1.84534076109029,1.11513979428125,1.84787282714315,1.05870576992312,1.89205284603346,0.584303687515226,1.90003685333765,0.648533983294087,1.8829683553535,0.704483504359958
