m_deb1,asym_se1,sigma_hat1,m_deb2,asym_se2,sigma_hat2
5.490186674850284,0.04599585371277082,1.6919661631769427,5.5754504630701645,0.05097263283034165,1.6864501475467144
5.585294067876696,0.0445577521894853,1.5915291881821627,5.586005567921526,0.04629105152765457,1.6333670120842887
5.4717439861040775,0.04694759069908179,1.5491999391798306,5.390939927700822,0.051967979963167724,1.6064844414998274
5.621942841200743,0.0484607762258977,1.6150666637626705,5.6203288900664115,0.048552291667986774,1.5891674743224822
5.4667547410219015,0.04701293868959995,1.6178863875513554,5.403932182241836,0.05111183348817603,1.7046030126124336
5.411664325703406,0.04856377318455235,1.6311516538375728,5.469279007078717,0.05231753462774339,1.691828073922878
5.4591904896301,0.04980819814900699,1.6672656409186246,5.514070485377344,0.05004051281719797,1.6086804431345563
5.4254358846354656,0.04726937332621711,1.640490473752094,5.371290328558988,0.049172202205729015,1.6377150470619617
5.379106045726082,0.04671836070322231,1.6199998769497927,5.536705412730474,0.04747905667737241,1.6145462403480104
5.5233845762854825,0.046102786603427676,1.589461217677992,5.496539657404499,0.04787770913414764,1.6975189034105955
5.378484055601597,0.04813341163176662,1.689378445758374,5.343523282607029,0.04927179461982999,1.6494806525727754
5.576630398580328,0.04425788822299612,1.6304804511367754,5.647751520690864,0.05155267462804756,1.7238156142644012
5.582203644199899,0.04503606996041501,1.6045397449680932,5.568343835750202,0.04722099188391695,1.6257224014515073
5.477620868688823,0.045174921486243955,1.5386771789041982,5.455524898539155,0.04980839294082898,1.6391820243970463
5.364761533429667,0.048198869060151056,1.6776586312880222,5.516409590268558,0.05023573689274757,1.6674889527155456
5.461066557641671,0.04733477773271599,1.6471034546178442,5.469457164033024,0.05015777855259861,1.669747773388311
5.334103751324613,0.04632868363850712,1.585655746220115,5.4114330581335555,0.0496793432599223,1.6458335951406935
5.507604961396115,0.04729355930947829,1.6568058329491526,5.447134634736569,0.04953665344619874,1.7130491447858625
5.525493219721837,0.047729740906141294,1.6864247324275692,5.436024776800981,0.04905533028621794,1.6142847910860225
5.526243360044115,0.0483622940917982,1.6036138925934467,5.480426522659809,0.05377045394189119,1.6795616002089708
5.474302189552803,0.046042669724326565,1.715207892854671,5.5043939176492875,0.04794610446938672,1.7114169784076645
5.4165659717778345,0.04636000684283809,1.6702564405520022,5.396219867151655,0.050516681866268336,1.6753969805480644
5.513489090092881,0.045340369906033164,1.5507966590497622,5.500272619866694,0.047235927406985935,1.5651497364230065
5.388409371476355,0.0474466741595874,1.6288725083387583,5.438788574708778,0.05099107609487352,1.6527998433607762
5.516487919739651,0.04537873520793349,1.6377990749885718,5.51886429143904,0.049783135370585783,1.6218125314980072
5.658462604066036,0.046705786261099266,1.5880699675541308,5.543131260708897,0.05116032472852456,1.594014387974189
5.509048119491678,0.04750608109097925,1.6401299890554613,5.56438640535963,0.051421845510848226,1.7068265041161668
5.482224393266918,0.04738333496608734,1.621344002066791,5.5750119921264,0.05073240513245498,1.7133094166842848
5.614489215800794,0.04760524838200548,1.734712488966272,5.479215201429396,0.050244978369135114,1.7526600506902597
5.5148701267639915,0.04805063597780496,1.6380753256245444,5.464814387247824,0.05022956436455133,1.6436992789218285
5.376004938358874,0.050549117028914486,1.6666846557434762,5.445112771176021,0.05442136671355523,1.6649199157253043
5.44856354623612,0.046599906222311374,1.635398214394615,5.488016412596118,0.047227877604603605,1.582570637849111
5.31307651994992,0.0443392068564525,1.6357413458631975,5.388521007746866,0.047018399497463184,1.6997556167596568
5.527069383539965,0.04685290172614099,1.6566386635948809,5.5957702641679665,0.04759371655678441,1.6630412976399855
5.546057303041722,0.0460016508618766,1.7117631091278704,5.494921258065587,0.04647513907505441,1.675711948133771
5.510111777343486,0.04832771034725138,1.5991109251487143,5.53830050625336,0.054239991465992,1.645585765443758
5.518315812696779,0.04713997396165506,1.694017129090059,5.454553852102846,0.047979512764951146,1.6540195633384154
5.684187740638645,0.044428896469607806,1.598078215663855,5.615039259190495,0.046959730236412756,1.6144995799686028
5.504484986311294,0.04612469369019118,1.6124104680501317,5.479231498273885,0.04863693791496621,1.6595662792598906
5.410991357498544,0.04653406446276605,1.7276264554689253,5.519828598120183,0.047105112887928534,1.6873914846157265
5.5913947505568435,0.045516805560107086,1.5698818796777125,5.528105654585079,0.04888207400577822,1.632126763545152
5.529820363062848,0.047604913807919064,1.6955435031165227,5.531228717462547,0.048772995680414336,1.6549656375232433
5.49578965925401,0.047544655137559566,1.7353514627773075,5.550621526162238,0.04937194454315523,1.7100660010318005
5.517555137175261,0.04659372776288276,1.657129451100381,5.645581235230399,0.04996257758791388,1.6806703518306387
5.492719050316737,0.04778750359327723,1.664188746164566,5.517676192055136,0.053115537330783176,1.6317260729676797
5.365630949352485,0.04896550678969359,1.625202174769889,5.477020899114508,0.052537294035364876,1.6627444509055325
5.4689435384318035,0.04742411286277447,1.6833001014784017,5.438905164971388,0.05254166561972362,1.6623103825974954
5.64618935803844,0.04510532251768634,1.5938826066145568,5.6757630773236825,0.048146399705499186,1.6295665007085294
5.546332330927538,0.048281674567973276,1.6515746054762026,5.559417703480391,0.05162310728806755,1.7231294753116966
5.476682840517385,0.04656868808619367,1.615426663048325,5.351009880632009,0.051086207771659384,1.5948835728060151
5.668552559081048,0.04771929960799373,1.6335337054042616,5.60510516276445,0.05175153060910418,1.6288546634911727
5.384912110911632,0.047578508290620165,1.6626754617584552,5.391240214869863,0.051920635164366166,1.6496602277390147
5.394108169464857,0.04896112185483862,1.592363367683914,5.478301564074529,0.05246742923632643,1.602692165057216
5.462408616904079,0.04826209117053875,1.629425099125811,5.445852010044983,0.04920941325145989,1.6703398167610017
5.5645274179778905,0.045874107958147406,1.6322761505870436,5.5640515499004675,0.04742680619979606,1.61942245045862
5.550292211889755,0.04954333215822258,1.5913212609931704,5.5270054989469495,0.050458781008130615,1.5955178282066929
5.502063023176149,0.04802847739745635,1.6346878313305762,5.529097611005323,0.05216321865382202,1.7092688151055662
5.597810457998875,0.04886662702968028,1.67084704866627,5.5266225110018885,0.0524874042289706,1.666446548227671
5.49264010735262,0.04624173387882161,1.6599613546898977,5.528802420584891,0.04937057816410995,1.6048740996424076
5.629855164521279,0.046145360423059265,1.6493816736565552,5.550261907714693,0.051049094732601004,1.722750776936718
5.626052047960397,0.0468121708310037,1.69169581437239,5.578965762700111,0.0486457525843756,1.7277111302189616
5.53860230107642,0.04727924244284001,1.6043121881149776,5.534933093155255,0.052981319871990604,1.6189689759870667
5.5175966248607775,0.05081094866253199,1.646214288745206,5.452759967167456,0.05156346453136657,1.6689996555398987
5.625694769797986,0.04814926915350403,1.69183241300458,5.533362450857375,0.050689563541830254,1.6983049675257174
5.518385908370026,0.04610925198287779,1.7360560387167059,5.5351885057489785,0.048707235841787946,1.758548921008802
5.564217772769097,0.04548297723306989,1.6176884960190685,5.55828967566881,0.04774848919358025,1.6279950368122338
5.491031885569031,0.04553512393219091,1.633681344927122,5.674345320939325,0.04893465199675958,1.6263813508757052
5.592460965135096,0.04665535448860047,1.6463781550110075,5.602871999511058,0.04762794481301429,1.6825459686059336
5.5224937984676306,0.046412525392226185,1.7003370570211476,5.508472932496028,0.04907774354718091,1.7054724563810741
5.5390768506318375,0.04528333322505754,1.6679362820353392,5.567293539812221,0.049694140185877,1.7242000543995002
5.438861821591802,0.04800358508083656,1.5872482112356638,5.4067472066685855,0.05234279135312984,1.5848008662059487
5.474880879217398,0.049509893281824945,1.5895140260874612,5.601669515148047,0.05215898214352262,1.6673295691619312
5.586138576800199,0.04689113702734479,1.688489216638572,5.49738728665059,0.04885652975034103,1.6673275212209793
5.562893179185602,0.04652724578579056,1.5845617762200102,5.525461543430112,0.046776115406230404,1.5848192816673252
5.512844349067608,0.046732953379889926,1.6083484942428212,5.453779417747381,0.04878718591413346,1.697383275142675
5.546487326509706,0.04653921611946591,1.5712253362339539,5.457635046815466,0.050559429506679146,1.6001765082849728
5.575595169409884,0.04961259855885257,1.7136439526098137,5.528716884622854,0.05220811797771599,1.7888427984196311
5.606277037307741,0.04604584317260224,1.5768133355005467,5.52068692161115,0.048729771843696444,1.566035332625284
5.614194169519129,0.04781680225848033,1.695798213963983,5.511834987710306,0.049849036143415605,1.7006731862864335
5.465257399770502,0.04932785359856116,1.6875978492436399,5.412139261267114,0.05267671529931895,1.6290873130067691
5.592867261031425,0.04787924908390998,1.6506398935946227,5.611419468433897,0.05164752567403123,1.5895402889595707
5.547257973948828,0.04591891025966474,1.6623919147578023,5.579288213390719,0.047691967800393635,1.6318202328096336
5.5049801378671805,0.044783022014922416,1.6700684502757355,5.5533206190691,0.04615090973446319,1.711047929473702
5.501724079351498,0.049509899827350316,1.6748673648997214,5.498439086877384,0.054575219697246415,1.759717863491592
5.58409509239103,0.046611811939080365,1.6531495366480637,5.4135045777075845,0.05156474818862135,1.7157864351224903
5.492738888904454,0.04467880827293303,1.6228768823333566,5.55399862957557,0.04674613237472433,1.5761949630195526
5.473063381936015,0.048047666429308494,1.7344251805505881,5.481897405055656,0.05117463786963924,1.702759305950108
5.619621335664009,0.047257300937128696,1.5923185127365047,5.487539994542642,0.05084847375140264,1.6004405754633506
5.478569559866734,0.04780305407983351,1.6731742856243783,5.4262125728929185,0.0492938554057344,1.6532005786350836
5.656182645125042,0.04751673983436674,1.6694158883173411,5.60053687012295,0.04771183375607249,1.6337545029291796
5.455886596894077,0.047423733370341545,1.6482670733306957,5.348352043085882,0.04999856455455621,1.712713738954817
5.622720195015966,0.04768438702238422,1.7158342697130695,5.495384133475304,0.05370801111438103,1.7204669533073833
5.516244219493001,0.04942618456044537,1.615732881178842,5.607297963548557,0.05066116371680384,1.622713326290732
5.446411084342567,0.04833061229628322,1.6263409390237864,5.4746146864137835,0.04807491919885182,1.5916444608512053
5.475890329338545,0.048156375491706836,1.6345772785852832,5.50542116992139,0.05129140542863582,1.6766133148076923
5.584824287382622,0.04443301573046979,1.662666862936131,5.516752153811277,0.04669725931156314,1.6628442087864344
5.673673488173905,0.047099132313138684,1.5897055355390128,5.676385772098792,0.05194707192865419,1.6284170799003626
5.51740394168487,0.048362749612534915,1.6750246474110828,5.577563384513926,0.05120963579749316,1.696349223687411
5.555078100170934,0.04764801537505793,1.6384262457501972,5.51987886655835,0.05030911688298661,1.6779301621919065
5.533030404191785,0.04688792799906921,1.6406551207444957,5.523204911340881,0.04931057466125578,1.6781724842196335
5.482102924722264,0.04834413531335549,1.6417301155415935,5.5550988096631775,0.050048633625474105,1.596610527752096
5.637371991165687,0.04407682409527491,1.6111686764909157,5.493739972179532,0.048544776866767905,1.6037205794745424
5.401534142753925,0.045673957902713044,1.6460719922551574,5.299127458953752,0.048714624907929834,1.6755674701899022
5.523711394938386,0.049610775392668505,1.6446394001297424,5.5595115428497115,0.05713400467567143,1.6432164639259006
5.449087331003224,0.04913383985916358,1.70396820813687,5.453835913976132,0.05238793677308025,1.6614380377193654
5.472270290574105,0.04729848433335612,1.7161804955627704,5.512494465585496,0.048657429350062925,1.7531058980850303
5.590700466144477,0.04794957587178655,1.6742314260534616,5.563146044532885,0.05024799824911898,1.5821779060357697
5.631536176673122,0.046114537618303704,1.6319374492634071,5.54914288302736,0.04805810080361251,1.6755028965041492
5.576867055894495,0.04698488102271647,1.5831645657067097,5.541656125191634,0.048425896670342077,1.5997071151705806
5.531224669520939,0.047443086618989556,1.5497961730652432,5.514243044116608,0.04974145173593161,1.6045341788448004
5.617945205237578,0.044163903535074975,1.6108372228683296,5.631942381209977,0.04830737147927728,1.647042158989799
5.4770497275914405,0.04821963438945764,1.6300221181844492,5.591207493794588,0.05217778958287347,1.63871946718509
5.560365730835433,0.048032315523484456,1.6441996379709816,5.561848804078896,0.05133558468371647,1.7754031271630462
5.516378785490876,0.0468174016461278,1.6269107972188936,5.560086308523698,0.04921948520859105,1.6586273152698763
5.53071995825424,0.04504448241433213,1.6102831792725953,5.57654485564341,0.046861631483110275,1.6067515189415587
5.549884641269247,0.04930910866263037,1.6387889973584349,5.445667149473479,0.05292710440398329,1.6735084763014334
5.525633002211669,0.04723744176922891,1.7463588279579019,5.6925191153852985,0.04959805789699416,1.7267174143352497
5.483732011016484,0.04739105572491232,1.764327367217041,5.296085931665243,0.05116074123096826,1.6953366316511551
5.4242117272098245,0.04606483261262731,1.6535704229603159,5.558513774871783,0.04999246672284853,1.6452553148635376
5.454100636563494,0.047310790607476866,1.6876759637345033,5.538398285154987,0.04791622961501959,1.6731845135577827
5.572418337170215,0.04705038872005982,1.581236926256077,5.604044954021726,0.051055507387789474,1.6020296491177584
5.6317452712183655,0.04862390545148526,1.6094295575394508,5.708543465480006,0.050264737363395526,1.6502532825500453
5.689995034918532,0.050543518594434865,1.6672444731699918,5.528277006441205,0.05442766364766908,1.7103536240633803
5.491690205580927,0.045969553401530985,1.6215422201391052,5.618748074628715,0.047212018503876026,1.6057427878483588
5.592708129808537,0.04620506167926893,1.751437572675413,5.528604819394087,0.046660530377122124,1.69704025388411
5.529728180747127,0.04612185888885739,1.6655046619054108,5.538841346136081,0.04871717841879138,1.6093973395043424
5.425348873331037,0.04737334440892843,1.6944601324453414,5.433201189495758,0.05330179582030714,1.6956118689561024
5.62464947030227,0.046960466788738005,1.5785944002378285,5.423904637708968,0.04977281806980997,1.6416888534565879
5.4266556853341825,0.04931024117054256,1.7240413522242908,5.369078390850166,0.05275984843096816,1.715872738733986
5.511062315936702,0.04809261633069865,1.6367745178406141,5.561352875488295,0.049692409239030295,1.6738165090613837
5.453804175615055,0.04569497238796671,1.577970321588211,5.441227120657865,0.04677940383136844,1.5595287878424622
5.391058543898331,0.04857353880309609,1.6540599699422347,5.380452518027278,0.04930795318264601,1.6844697897828995
5.348797337010113,0.04806085107304893,1.6485866648278422,5.46647040579333,0.050825114454350166,1.6292992045624781
5.562577366762191,0.04679124163686532,1.5589135830222574,5.595525611271049,0.04769979548716411,1.5553481785845786
5.536039655813972,0.04708627973159117,1.7028963510777655,5.4775450655645725,0.04750915140935536,1.6710663010097142
5.550680251394905,0.048742673419030304,1.692361814347709,5.46932673660574,0.051617809135620946,1.6607152277913162
5.4215316837605165,0.0474216755752439,1.6871134555573408,5.525988655370984,0.04869959253210094,1.695571485741995
5.711901108627656,0.0468219936176828,1.6646056472364692,5.623104638834971,0.049588442514324406,1.650528860065988
5.643031696417672,0.04596971590347869,1.6294682044245115,5.53008576689622,0.04873467395824378,1.5965667301656679
5.463220554023362,0.04531588225089987,1.66655474035117,5.504044125168805,0.04711628360121218,1.6245783962112312
5.452409013452581,0.04749248436130878,1.6925635566432167,5.412647066365737,0.049380435103132544,1.6973941759089075
5.52159752010557,0.049951270452317786,1.7061177110261252,5.54152447430559,0.05440353155706961,1.6407633454232413
5.527863672626001,0.04643721304929026,1.7512714669583809,5.516307416649238,0.04809901745757943,1.6574266958147288
5.536560535540555,0.04594283069039213,1.6510791119038335,5.515305349168468,0.04765085922206458,1.6937145688192425
5.499959924787169,0.04993832943206788,1.577035187460708,5.455832104825574,0.05083250305532532,1.6021334444916688
5.501233341031064,0.04765311877712845,1.6331013087131712,5.627119527484109,0.04891115508063227,1.6942232455171993
5.543612009361808,0.04981203880473597,1.6970389319718393,5.464438596240614,0.055500205250145436,1.698421879599654
5.56808376404685,0.047981452378523165,1.6469753800887383,5.5570769717363575,0.0521888840226103,1.7740943728195506
5.492588746926924,0.047600845370758926,1.634623532289543,5.437890784947206,0.04926572211304179,1.6583764696514423
5.39302160473512,0.04704450731446641,1.5754530093301056,5.454547960697699,0.05138068287708373,1.6427206010714435
5.560745181350733,0.04617537981406246,1.6739264638666853,5.50452245600421,0.0478923962109638,1.731872681147712
5.46196662974356,0.04452082479086485,1.7034695989698303,5.3571519075843455,0.046547775795331495,1.7138308306531271
5.465271764378022,0.047035559109659425,1.654979902503098,5.422253948520649,0.05007807137620705,1.6689278593144248
5.560626043297251,0.04708376858602319,1.6517975146856652,5.454838935955063,0.05024867987326398,1.6784058390927366
5.46150784771113,0.048106796459972435,1.5630906959509765,5.448041985102263,0.05008765386046688,1.5623029227280367
5.509142735734004,0.04789816404196254,1.675050567599768,5.607156853981777,0.048990604067678085,1.6377568413593633
5.529082885517953,0.048693484844287545,1.6260977456821257,5.534118823392246,0.048931932106853496,1.5889624928028283
5.6084938611876645,0.047065248467983975,1.6864382465596006,5.5725655649930435,0.05149431507535467,1.6569274489211632
5.482712534480822,0.04876434336375999,1.6812898885780152,5.450242592146206,0.05140591267643372,1.6635218897134536
5.667106859209577,0.046867165904696445,1.6484838612019885,5.528147350729992,0.048421101792297847,1.693236410549068
5.510903233781961,0.047318062923454605,1.632712081078035,5.582808515202348,0.04946216576793896,1.6819270322168607
5.561936090409842,0.04653304327635624,1.6286185320969675,5.5271582293261465,0.04736792985425106,1.6310830389564974
5.508114480561449,0.0466073159615894,1.584435601260838,5.511320790346321,0.050319316423927694,1.6587157150213756
5.430239672885668,0.04849017653687266,1.6607384787210637,5.387581239298962,0.05266232711712042,1.6587746263726786
5.5734165773117015,0.04793665072580827,1.6441862050970872,5.58182510219306,0.04996005652572054,1.6730382514685596
5.735968685524829,0.04881694155321752,1.6349411005003411,5.483651056402609,0.055772990255659835,1.683587427952222
5.531330611880978,0.04694974943094915,1.633011106551327,5.449852773732163,0.04894910148366904,1.7294800774477799
5.537702704590598,0.04850458212875114,1.6199780410510707,5.473176189737391,0.05124718147670262,1.60274986545685
5.586960804749834,0.04862016960269153,1.6254511012259802,5.419047262326556,0.05251032073777537,1.6209618253884068
5.281064288528315,0.046712938454046754,1.7448386035832328,5.2801358354057815,0.05006599245449639,1.7289498669518404
5.449478535568733,0.04711222385250445,1.7083489602020525,5.377918976245962,0.050894847058065754,1.7445912233315106
5.521398609185547,0.04741909971095125,1.7152502722234801,5.538092733464489,0.051262249832881635,1.7355494714253707
5.465844333056247,0.04991469716255644,1.5379811828508458,5.716615112655248,0.05354295212179604,1.611465144702023
5.627843695890949,0.04358054876214548,1.6217746151864947,5.598453801752136,0.04736950724341569,1.6886420302005878
5.516655719639374,0.051147718580533026,1.6099439211463058,5.533976328608754,0.0533695720311313,1.5435934228569361
5.508935259600821,0.04667446420178297,1.5820539763408588,5.5343766669758185,0.05033726220469188,1.5719088540997677
5.6077406761416455,0.04490278977876228,1.6846539300279952,5.552287913919243,0.047689134810037254,1.677398856954311
5.631833824593032,0.0512004871830733,1.6113838335295219,5.574833734977671,0.05227422470026277,1.6924982124508277
5.418050805098697,0.04725750918059836,1.639514054544264,5.363697695354027,0.05045979373430347,1.586588477647184
5.625881990684407,0.04689184013977791,1.6984625983331179,5.6851062149401335,0.05067506561209657,1.6740849244255316
5.525671380649875,0.04886088555540021,1.659381457620093,5.557813433654633,0.05120957180490331,1.6909132413964072
5.388333481201318,0.04736551794480802,1.671234868253231,5.536061679849124,0.05149775359949623,1.6499506422720345
5.552260694972323,0.046516111212843644,1.662092174090673,5.558200588268138,0.04799339290587173,1.6754567288135203
5.621615598241175,0.04494872486474049,1.6057082812099042,5.5730819961536335,0.04738759506593718,1.6157451516568944
5.470347068225912,0.04699581162859256,1.6622343520148517,5.493846800335854,0.04862204542940419,1.6047492791119888
5.592261006186957,0.04851500414135936,1.571373293572213,5.630315103191099,0.0512129066501962,1.65726734321956
5.560798420506837,0.05080412639787241,1.5385415263689148,5.583067893032496,0.05096222396859452,1.6283754829973591
5.495702411868357,0.04645185985838734,1.6165640696249943,5.5295257833234555,0.04902333112240662,1.5865063868814513
5.524878776832234,0.0472896154692269,1.595766813171037,5.449109940943272,0.05111718140983465,1.6390436999713813
5.591919847344535,0.04649079112002558,1.6883595608669726,5.580562087868389,0.04892761221919969,1.6162869075190769
5.5711189501984,0.04702217326739287,1.6291917080952334,5.553234348210377,0.049323532354788036,1.6040173741302446
5.542786573764015,0.04722455880577012,1.681470580120853,5.471283126016828,0.0523617597541377,1.6732735077520213
5.485232089411427,0.04719745939485816,1.6508195053990162,5.435528465933152,0.049738539721962724,1.6845534889333946
5.587918042140068,0.04582280717103241,1.632201360756042,5.623527788110145,0.04667014206695206,1.6532090342204064
5.5501640726842645,0.045395136937531375,1.5782521078995373,5.5326241816512045,0.047118842782418055,1.6405288122581185
5.479071671748858,0.04794080654128179,1.6428222114595759,5.563886848892467,0.05331827832275347,1.6812121239619064
5.607686306654178,0.04750477564459873,1.65438169483575,5.624134142340842,0.051485403938283575,1.6688441593595993
5.526718527658374,0.047445008443560345,1.6189409495288487,5.5304099135803595,0.047845295811718036,1.6133154058969237
5.374387650063565,0.04932450959597296,1.716368247410063,5.512183054879886,0.05322004458887781,1.8289717681175954
5.506408192193353,0.04676285832341366,1.7349892270954472,5.570336752920238,0.04989116161507651,1.6762223248706858
5.529265430925288,0.049408338636591186,1.73549373878294,5.581187182688961,0.05175262005918277,1.7014081262657543
5.697522378347439,0.04698758667227697,1.6469318635809291,5.590413240762414,0.05204808910692087,1.652433375276614
5.7646909743730275,0.04850134391120599,1.7126956954833157,5.702355479608457,0.049576092410075046,1.6889879412157027
5.481530450336178,0.04751699553909715,1.6258179634291885,5.49360626001389,0.05016066323934706,1.6682180714525812
5.364190997162294,0.04708398556449629,1.7463059831507048,5.416586577141492,0.04722081460822936,1.7160987290413519
5.487148872338762,0.047596052195404394,1.6266056363638535,5.519280126960205,0.049121876212642024,1.6707411580082416
5.553976506730185,0.04801995948087499,1.7252342690374622,5.592277195487352,0.04968042208666272,1.777843159945806
5.387016410367544,0.04553029709455621,1.603488106418146,5.491593780132159,0.04830739738566679,1.5924664827031543
5.454119312834306,0.04741198962523596,1.7087281806904895,5.383464979162876,0.04794929018042041,1.6649081058514068
5.556628784602127,0.04688719715954859,1.7353749293728735,5.499763186955927,0.049666255827788275,1.7301973861358988
5.629967259540904,0.045922691380577724,1.5837599686053534,5.60921484794947,0.04878520462420694,1.5868275345488092
5.647057212408772,0.044979490708251524,1.6363092893040903,5.61445481030738,0.04730914094075997,1.6523802789351176
5.578650460152407,0.044457923163584094,1.701841449720801,5.571673842540364,0.04887350082668731,1.649374472084109
5.53203658242423,0.04744750156549117,1.682937430368162,5.562455884091934,0.05009445580475842,1.6331008095686232
5.33579064885534,0.04756113963359471,1.6992355553220155,5.272559401017264,0.05266451028587975,1.6768815558762864
5.337274136412334,0.04746053765913376,1.653312442803585,5.362198582436101,0.051212475078891644,1.6594543204620968
5.572397687895749,0.048980506690120745,1.6576246859768242,5.604087793055593,0.052707753832639107,1.6674449333514785
5.349384113820147,0.04944118528555854,1.7917215131158422,5.368080088455222,0.051364867677269076,1.7521162706015463
5.526321894026837,0.04787000485474193,1.634319458804096,5.595184445173053,0.05238490860814876,1.6737120131776764
5.63544968747498,0.049655503975200695,1.6916898275022767,5.671263032948401,0.050792753341902704,1.6730533316714902
5.407775505804358,0.04542428640301777,1.652259604057832,5.47309734195749,0.049595612004644546,1.6978096859772407
5.441504734896796,0.046889932977926964,1.7116491169543415,5.515605316388252,0.050078069066891266,1.657734506511588
5.504838810074635,0.04672189617189675,1.625205390063051,5.473176946681837,0.05281778853086698,1.6590128976981382
5.628341323017652,0.045896634436668755,1.59581412778721,5.5683950107554505,0.048793496453661885,1.6650208693395105
5.602316064029994,0.04784881612052289,1.5853924676641247,5.558943413605935,0.0523057066755578,1.6259944627329546
5.597320898822539,0.043695001225099284,1.6192618988032443,5.653160830604946,0.0458777152744988,1.6561378842845556
5.622809473162831,0.04980425783035245,1.6098678481356685,5.490674605375024,0.052759578404534255,1.6809001610226277
5.427679213799927,0.0466692296986971,1.5930251010707819,5.490100315647807,0.05071557878449096,1.603739218489861
5.583143586080321,0.047871297671495394,1.7117222669373136,5.568589333677414,0.05247021176878061,1.68424367186602
5.659901242577665,0.04733158235576885,1.5871627944791658,5.605021751628428,0.049406934499747535,1.5671646756685897
5.549349817483767,0.045010447084804894,1.5823211279861262,5.5929767080352155,0.04989184642983098,1.6366782146870291
5.44614932539583,0.046024498970427534,1.5703505730645524,5.468519299956403,0.05170774058334289,1.6236300055722486
5.54833238117747,0.049947325974147465,1.6699212543744035,5.561738469150514,0.05069631635694003,1.6758221760089516
5.51794581898827,0.04657724102581463,1.6818186339360266,5.510914786786037,0.04833767484480447,1.8012823160661695
5.521096641509726,0.049593880748110886,1.6704528560903271,5.602950095418664,0.05525569309089939,1.6692481482411377
5.568847433404888,0.04745476968672359,1.6016449941413864,5.526258323243339,0.05263421529566805,1.6196620366136918
5.502801220425224,0.04670235003613392,1.6526148334749389,5.535376832377321,0.048539633560848526,1.706289120863173
5.536345473638784,0.04867370058541428,1.6382723829971102,5.540619036984807,0.05077763468337088,1.6638687827920604
5.592578156598646,0.047438708243676124,1.5793028065347112,5.515495975507342,0.053546892795911745,1.6834299509889994
5.482467793817966,0.04955985763898665,1.5914783157041272,5.539280665008551,0.05417417433549395,1.606289857470094
5.6255643002801135,0.04709328289721772,1.5314118076352414,5.598744974704907,0.04900181901140102,1.638697528687173
5.53389926572426,0.04771962730958185,1.6823044154118258,5.555759306973154,0.05026385527647467,1.681325833924576
5.48123195878908,0.04725748174769149,1.6935067632286114,5.4593770865581925,0.04999095702297458,1.6787052495751917
5.544949639157047,0.04713265771454582,1.6090963391939932,5.521348266574262,0.05010071049841671,1.6491335137082372
5.569762822639414,0.04559662255110728,1.6397804614867382,5.52646683725071,0.04797345106300895,1.667696506211969
5.544989968044544,0.04809153797840333,1.59602185031365,5.526225056045292,0.05451404619235586,1.658006055371903
5.5965828893137,0.04734687354692764,1.5877812296070417,5.611570464178403,0.050989609006303935,1.6677175921636065
5.538779590014036,0.04980360671655293,1.6327840252209662,5.44402731353611,0.05506869624793572,1.6589158504011192
5.3745114387845225,0.04996787175585203,1.642190211497125,5.405103831484362,0.05173851086413438,1.6671593374533695
5.621145750604747,0.04870493850136429,1.6181486068408317,5.594573436143003,0.05003226454311953,1.6668585393259654
5.421434503614306,0.05016956163721419,1.6174274072420691,5.476211900703555,0.05281978972260525,1.677841485387733
5.503268782957501,0.049651114298626224,1.5524167342634547,5.533300322467946,0.05131967528207173,1.6241669794570077
5.616332405165409,0.04623153339549673,1.6149695570455083,5.4722689272264,0.047568890277670785,1.633941929237353
5.516366532139514,0.04726755885466537,1.6322041486630217,5.502123916576799,0.05385909886776338,1.710010227424215
5.505361132975979,0.04928515033317572,1.6323272224770313,5.532854251895414,0.05422931524594571,1.679812512499305
5.461926382748747,0.04432865512007564,1.6541679988994027,5.552092151302606,0.05054344405618746,1.6588911896660277
5.537779606867687,0.04666359214158835,1.6653766427568675,5.647709476920521,0.05187959725673304,1.661348505625905
5.560945215395697,0.04582843154002223,1.726019757640962,5.594058996502492,0.05014058871856249,1.7255141566685923
5.4116988015833325,0.04550938771386759,1.567905179810958,5.437831416578546,0.049205004200406396,1.6335278255529015
5.498078854276028,0.04568520609819507,1.675082775374455,5.499109993367616,0.04906015641058024,1.7376715408922176
5.6412977885081625,0.047193227367260684,1.658595927550205,5.602209042582971,0.05322861326568662,1.648242790264693
5.636354302647155,0.049816017526932654,1.622726415563631,5.535677474435101,0.048390038289905034,1.5954479619770547
5.48024708215029,0.04613222475515088,1.6315038475502917,5.4842059852746035,0.04837387610973632,1.5702980813882235
5.499972493778253,0.04597290446542629,1.5949841775168232,5.47119952809868,0.05190081986475497,1.6881932035299494
5.650234548566278,0.04787100966489881,1.5115102721367655,5.579308725505956,0.05317578900577977,1.6076489881753098
5.58643181340643,0.04604086102297101,1.6166157080379544,5.490408762657297,0.04855697292304352,1.657578040813076
5.49507410864249,0.047306173809665605,1.6491180514167334,5.434391920117051,0.049001453494027514,1.7012545911159136
5.461045065967834,0.04541549435077074,1.6252247012979135,5.284288333560363,0.04813713573631864,1.7273578818399342
5.351515570900813,0.051382676342172896,1.7548978893997424,5.3858344163212,0.054177685402312104,1.7497648429662016
5.551706493400312,0.04702295882407054,1.5957539886460737,5.533837802800689,0.04866846703997873,1.6471949427371944
5.455255216454086,0.04631611133584679,1.7155030582844004,5.570048858044153,0.050982539765336954,1.7948725629332454
5.54367794202806,0.04671288069025755,1.655711514498029,5.598706594270183,0.05039189920173199,1.6877740464924031
5.514055970211874,0.048623238551794346,1.670894253988813,5.660168837252224,0.049982953787093,1.6991660199228855
5.451557893557914,0.04670728996698851,1.727860409471885,5.433046747259476,0.052708996376919136,1.7394070006734923
5.487281321601786,0.04922086533481621,1.652506247236195,5.5705943131207,0.0518343738392309,1.6618705648602197
5.585816819608907,0.04937987361047306,1.5832112369477773,5.5454222075316,0.05090854177370324,1.6042656702035583
5.42212116377366,0.044402736939035764,1.6546914702338829,5.492872763311258,0.04766176816402865,1.5829064834794793
5.541855384446316,0.04671836343759373,1.6267156408510735,5.559993745282563,0.04610860851451699,1.6475618510587378
5.414678036847638,0.050214330821212926,1.6457050708477685,5.466934440647797,0.052005243935520584,1.68033678407483
5.536184378612051,0.04728954467762147,1.6529174586042967,5.416207704494347,0.04948176984237092,1.7475558788735814
5.569774730928187,0.04789736382165264,1.6555246682636275,5.35513183740337,0.051343649625396885,1.6303763084695346
5.472814341954987,0.0492732017626883,1.655692126671486,5.491794473067457,0.0503728401222327,1.7001383148343963
5.475123460526937,0.04757620931989841,1.6794742099323767,5.5382867160202816,0.049097921214508844,1.6194845975702017
5.505971216185747,0.04572411272010315,1.591346109280149,5.484108026536666,0.049090242531323665,1.6820756603483689
5.603424559379758,0.053475651236393563,1.6411864936169385,5.527017339292861,0.05067858743935533,1.6876179794279327
5.460006397194357,0.044999093676499215,1.6402515491572762,5.494508608299073,0.04941245426664786,1.6752688868633923
5.452790822676971,0.04657555090908814,1.7006785553324233,5.646860894773204,0.04684367291877913,1.6666555362428257
5.476165033296915,0.04595305757551498,1.6576129889112872,5.583282439106315,0.048985391359722644,1.6719226797119644
5.569018775970826,0.047263529135669696,1.6531585265366744,5.622533568534325,0.0506829660801041,1.5921456925985955
5.438220290345728,0.05019326512964647,1.6366994270911102,5.429150497842378,0.05336404422484275,1.6954984184548505
5.558609805144105,0.04722740367293357,1.5489513361492337,5.536935599686002,0.051517570655533716,1.557266338867786
5.591676317006223,0.050605820154523744,1.5673557074427507,5.586687341037142,0.055040327803099746,1.6434386822072125
5.4599989998550855,0.04643831537132814,1.61580870448967,5.561649314728245,0.04920820952357905,1.6593145180973377
5.642329126592679,0.04686756578106595,1.6257497786117938,5.66523635577056,0.04756677551671017,1.6688852029250587
5.506075128521719,0.04742619605117722,1.6230817208143657,5.483094066669814,0.050737650932155855,1.6279074359342185
5.434537724375603,0.04662303230509569,1.6188465085123358,5.479537460828247,0.052959223091769966,1.5720481153445016
5.4237489309242655,0.04659049236210712,1.717826151573183,5.420509358892845,0.05048717009176654,1.6299134252330219
5.495756084205343,0.046793859689364066,1.6700994719197209,5.557079355711104,0.05031543182032878,1.6703504415825463
5.566575124295821,0.047696827812844296,1.6122166580942716,5.634909474823345,0.050834604522522524,1.6217435341693145
5.4328199899225265,0.046271114007711965,1.7591422421530725,5.466589452014569,0.05028309888530956,1.7626478819773714
5.494222403936086,0.0469587771268032,1.6985271468508765,5.531079665802391,0.04820587318222757,1.7012431656272937
5.608918255851195,0.04579863080001732,1.6024953229377001,5.601637663082053,0.04986779286995289,1.564952030919178
5.449120756054256,0.047819369192507274,1.5902445990015313,5.529472575226867,0.05122361885047287,1.564546175170716
5.7075130568611865,0.048781827666809004,1.6446833530024514,5.669256316061233,0.05068642076796813,1.6918599787639144
5.577774145018649,0.047144166560080136,1.6136766113754695,5.547585796777396,0.04916680107939445,1.6877304525438506
5.440213146242816,0.04842224198661886,1.6208100053351775,5.481148874651152,0.05206098978880643,1.6488503910211778
5.489102403259204,0.04558201664541653,1.667635148598708,5.542203131970855,0.047421380778917006,1.6660860173465206
5.5399551935370175,0.04569287186647447,1.5393035388710257,5.511895800230917,0.04790926814149369,1.5306535095150857
5.614079961202448,0.0469983255491192,1.6484479661528506,5.5998837810954,0.050845756796006336,1.66828097873205
5.51149188538728,0.04756107695737142,1.649839380361867,5.456091982863855,0.05109944031690284,1.570406997089576
5.64123757714442,0.04720834453172932,1.731087123254333,5.466790460756044,0.04909670474846617,1.7243955045480652
5.394951990162351,0.048341877771906135,1.6843375333685973,5.485578224039249,0.05029613361753259,1.6722469718495245
5.742694593850447,0.04444604675874155,1.7036665539559055,5.497922498518339,0.048272191399426415,1.708852073227053
5.48716337431974,0.048492109232154565,1.6472947919803558,5.485910073931878,0.05300716190728082,1.6515453864022476
5.523701804950486,0.04617142305327942,1.559299076628923,5.537455556970695,0.04819274151157897,1.7074891964338312
5.482445424429762,0.04728281874977986,1.5538733047995594,5.3960172212778375,0.052602060768690756,1.6347993049593958
5.491550600986313,0.04507530227115921,1.5878332441410676,5.542301412548171,0.04835429708765532,1.7000960854792655
5.528278798592181,0.045835264343109174,1.624967297193851,5.51257779041372,0.04993580284810572,1.6955626644555608
5.538420270073943,0.04415193153924181,1.6394175352477025,5.3541206046687035,0.04618630642781516,1.7235594567505308
5.46200883666097,0.047921739164400096,1.6582383052826504,5.355441340757985,0.049734000832364525,1.6824049676750492
5.6548684534458795,0.0505219407325868,1.610635456542652,5.502322381948616,0.055228258211162805,1.7042906957249488
5.548734440870889,0.046055419579162475,1.608090607712563,5.565873654306697,0.04958007036824767,1.6822504852874125
5.61726313395514,0.048208896700189074,1.664165719139934,5.565664938964556,0.0497772254912592,1.6278994493376422
5.573423743826891,0.04827310321534632,1.6428756289448827,5.576212371050495,0.050597433488928444,1.6336432921581365
5.440696005252429,0.04845680364414702,1.6734339973669796,5.610327390624337,0.05373685618207021,1.6205093156577408
5.534185605182216,0.04511365824461569,1.6980876692152456,5.665396529549138,0.048934066309912386,1.7044853560262543
5.459757888912349,0.04801170101770793,1.5669819443710817,5.547924970057657,0.052307689193271216,1.633876061102239
5.546179398936916,0.04879809106428265,1.6773992095127412,5.5727269849043655,0.050593769459897894,1.7115224547679222
5.593858845630103,0.04736721503940375,1.6660117109105175,5.540534638452687,0.05038232944726213,1.6482008781399557
5.5048582619659845,0.0476020883283495,1.704821482278109,5.600545769240741,0.04995257781472718,1.655292111470931
5.6895915295152815,0.04609751456424759,1.6899857671853997,5.589486594772356,0.04648166715334212,1.6514940657123196
5.562881748965203,0.049543846941894946,1.5653216485456318,5.6325889336471935,0.04932794604723828,1.5646263299865237
5.478348642167862,0.049403979005875495,1.6582105203223876,5.471851104407956,0.05266499190355356,1.6102824232068418
5.67731943323124,0.048637243713630256,1.6564243228662112,5.622896220099055,0.05434918422925077,1.656294021499215
5.546966322277365,0.04622389726129596,1.5947829314281532,5.517068203747087,0.05008460405983301,1.670146863447995
5.659774234074263,0.04733342042561627,1.607901168095046,5.5466719291817395,0.04976494169472658,1.6281449813706672
5.672050523822496,0.04859249384685245,1.5861092604920473,5.556178387696202,0.05012867805637499,1.6420396882762316
5.56226872084126,0.047266219894820626,1.6111902433039282,5.515340285932794,0.047022313014390846,1.5551154550849413
5.551667579887946,0.04589480869975146,1.5823059365931074,5.501518292069187,0.04694303557802885,1.6404094007658443
5.487534139482558,0.04411032673034627,1.5911653275476427,5.635017499475902,0.04868439203339575,1.6335083606912502
5.490765753975118,0.046791374992016896,1.618830530670004,5.5874883599494085,0.048888381742061296,1.6136309102714583
5.567629553285061,0.04646531430730714,1.6717428292296332,5.497407930169227,0.04901366187334371,1.70861986578197
5.452668327613237,0.04844443171095321,1.6083049008111334,5.368087931891275,0.049533102599704525,1.6143935077970204
5.586002420236321,0.04920753789264832,1.648891961529567,5.561962726747066,0.05190221838382845,1.7223839145647035
5.457094538292125,0.046968682863510414,1.6433060073326589,5.471916843981696,0.04803406777334069,1.5314687566036589
5.582872936607564,0.04805499430173838,1.699328325510151,5.484035487591663,0.05089150168775652,1.7035691548790446
5.563633950510013,0.048410184020174496,1.6733698986060122,5.619671760743653,0.04946205668758305,1.699306490649912
5.480786562577804,0.04800800737271402,1.5799008892476005,5.419163422775091,0.04948812612101458,1.6536609277724517
5.50652258766339,0.046968187913206796,1.6330763484883175,5.4345181211530065,0.05081898310928487,1.540178605741998
5.429755810578619,0.04825302751294527,1.6691333870328648,5.443603491021581,0.05165052131327476,1.7002026963764183
5.472251385723109,0.047795007963702466,1.6363568817786787,5.545771879045042,0.048910508445132714,1.6473112874829663
5.654188239051251,0.047621096255968505,1.7028131515991671,5.5341011213641105,0.050315690403828384,1.651728832202789
5.652564087771001,0.050095797814793744,1.6081103561110894,5.71954556623828,0.05104621410521603,1.550544639262202
5.38597956161184,0.046561024068198245,1.6306608585138371,5.490817658416634,0.04935086048247053,1.6332609020787643
5.617648490064681,0.04671477648760832,1.6452868550379562,5.702826068357974,0.04836248589021747,1.6683266227579465
5.659193167176414,0.04743574681207194,1.6698999218674144,5.617277264061091,0.0500471756803623,1.679053129526714
5.524736519460977,0.04794617400800405,1.6541181873301514,5.472369827648723,0.05067712305316938,1.6405892888861782
5.455177860745806,0.04846975527550991,1.663934963688185,5.560317406061144,0.05175868872040256,1.7380414036775813
5.767623553330129,0.05066343448072416,1.7214761021954144,5.664848370131753,0.05078623789272839,1.6647426438353377
5.418836588171728,0.047631654666062465,1.6125233876332812,5.491702888451171,0.05061937454190089,1.6786843935099827
5.5298409983827606,0.0456179567526725,1.6566005211483799,5.47720219045992,0.048728096384972414,1.7194316697840948
5.5678154072110555,0.04481003416015329,1.5495635329800757,5.481494315866001,0.04938749434329173,1.5760306099787578
5.387596908534666,0.04741211784786892,1.566689291173187,5.426612928794752,0.053744031898588805,1.541696315897364
5.433501702003411,0.046330123311139844,1.6470359074954368,5.361560678260056,0.048905103514643215,1.6145485159874668
5.488323158118016,0.04894963713086253,1.6638295360496829,5.458826715485833,0.05193621463051953,1.6811307712806698
5.615432581875092,0.048400204615532606,1.5949438067907795,5.450398005642769,0.048454934245021106,1.6532128228993135
5.515209330388423,0.047051717683049256,1.654882805858225,5.550976697926266,0.04830489659481455,1.652465839388076
5.504912585058148,0.05138719960154119,1.638679140534683,5.511981008320249,0.055599774659059985,1.6331559318012836
5.647842302698901,0.04638418838211435,1.6457125504010357,5.601164287097056,0.04858529157351313,1.6646100630088159
5.5931408239689455,0.04879513565290876,1.6137277743046416,5.531258693615134,0.051272130100192825,1.5559919776965068
5.6311417466555795,0.04427218292084609,1.6199007226488644,5.554824582336759,0.04741377854683881,1.6874170567243376
5.631746278210054,0.046940558161200734,1.639461086130851,5.549946433197446,0.0485187753421042,1.6318287935212434
5.328903625402271,0.04621527010665204,1.6406900463723995,5.493593936363852,0.04851454526873483,1.699632057803348
5.451656524374675,0.04726974569730795,1.7251930317259079,5.333953282018529,0.04810546732705687,1.7481358806254188
5.51891098931762,0.04621744122435375,1.5501975816743183,5.533902665471989,0.04938179374827696,1.5627223299713733
5.4901054872518555,0.04567528505366257,1.682227192608953,5.513155989310747,0.050676787938298946,1.672849836922904
5.3972538455383425,0.045250866461158,1.7232100337411829,5.4596547524163865,0.04942600756265884,1.7034659748967063
5.510637279933007,0.04728574020736861,1.6863525836575974,5.610276224047885,0.05132632748430714,1.6747824803380964
5.66020999775241,0.048676002187514014,1.6484740181519824,5.613625102558863,0.05060033081446402,1.6889524475840936
5.4657822105212075,0.04897329601549591,1.674301709655566,5.428309177964674,0.05190072173816551,1.6709276423989814
5.498253551658796,0.04850345833942687,1.6358205815514009,5.522438367923915,0.0497551032136056,1.6443548261603282
5.659108505970245,0.046771598604645394,1.6583463902480498,5.499439985460603,0.0483305581660479,1.6744238239075868
5.527380869519717,0.045291586270882006,1.6227817239087972,5.475918920253513,0.04893854809831817,1.621842654482701
5.378406680519162,0.046422931604735845,1.7204824668575256,5.515801637844398,0.0488043290097078,1.655194240665952
5.429251911011477,0.047644695215785814,1.737706669652501,5.370114557749952,0.052459376707431206,1.7604998240630942
5.56578860068076,0.04676622731559916,1.7176592415556575,5.58820119994501,0.04874116142167414,1.6537489461807224
5.476833146977333,0.049830005366658284,1.6982038902119758,5.52766064867818,0.05316934495521442,1.6521039886609497
5.561643159704274,0.04892319019044453,1.621915851822882,5.669499847175885,0.050554438484407965,1.5250368162933035
5.514118769014788,0.04818292009391129,1.543261370338038,5.409186358873974,0.05196089876766115,1.5754510563924764
5.46922567563101,0.04788345353512453,1.6754321448029579,5.4014589369458035,0.05484461808616196,1.6682953790073574
5.661299457342589,0.04614314083902796,1.6569284418069317,5.552415711934127,0.047487873273636405,1.5740353664715003
5.5409025976234085,0.04529685961997527,1.6739199698161606,5.5206742183468505,0.04978027002184804,1.6842558661120683
5.703402069644628,0.046899898829275706,1.6597998806961773,5.593051693761285,0.05085846271537411,1.6206017292937163
5.514458485341874,0.04815939269504576,1.5311717937692844,5.477387935453435,0.05333493710614473,1.641151191262422
5.543270588122566,0.04764427613600019,1.684913204498903,5.505636455773265,0.050046418273778245,1.7004854932376068
5.45677575600731,0.0473958106099507,1.6522984723406238,5.48457090744525,0.049707010926951664,1.6414270051966429
5.506732254438316,0.046113839555070486,1.72592072768741,5.546834651996978,0.0467570512969439,1.7061404747937887
5.6811513096242585,0.04650519632798045,1.604367166360749,5.476642574514324,0.049575828193144156,1.6633262284261998
5.608175190516844,0.05210985721474609,1.7222343582589181,5.573813881607553,0.05553035284590155,1.6300247205943794
5.543774104173783,0.04621146335289743,1.6868362321880366,5.499965114138917,0.047824673687645015,1.794643463732274
5.575428342697409,0.04969375345534926,1.706223059167756,5.572196188157265,0.05256891748224855,1.6737634251726405
5.372031999173239,0.04964041263914038,1.6640290959147257,5.478406606324761,0.053394635821134497,1.6475358783648766
5.5665127242744585,0.046356039624194184,1.667118111141212,5.569580991983341,0.049403319191410604,1.606890770599563
5.4389022585691595,0.04623794043204107,1.5969060619348778,5.51815896109172,0.050277581790277026,1.6294066927307504
5.452805933819009,0.04815481834122706,1.5934863362765461,5.367220005502486,0.049950252736541,1.5922441172840474
5.450038378431733,0.0479883442636185,1.5375999783811596,5.521448140865958,0.049904621552705614,1.6560065420435839
5.577630193163659,0.04637953837557101,1.6370232345303464,5.534389328479133,0.04925180386531535,1.5536171419216116
5.508357053739896,0.04711334191087267,1.653009661327354,5.565135458566536,0.05032821917139596,1.6491882447419288
5.572880481808363,0.0458275602385648,1.66837342137193,5.6448730727095535,0.05051497643708034,1.7049299900160915
5.501087685300214,0.04784449407449451,1.674230501096762,5.558496962413346,0.050042301177715215,1.7021810074745858
5.700800107339042,0.04777870457930529,1.6348015898574964,5.460468219298498,0.05166158514392549,1.7020712492836134
5.630791197507957,0.04887302103186493,1.7309840453185608,5.573625596692141,0.05229278934464504,1.7466893250496782
5.407992321428273,0.04804405682596379,1.6038299545101338,5.459345536694516,0.05147246403029697,1.6519098056500132
5.620936683192276,0.04713999887513058,1.6414265158604935,5.531122743374799,0.04944054151703003,1.6787152259272378
5.502485330434026,0.04460307388128868,1.5979481522741696,5.487601437998769,0.04823049341589692,1.539098513604331
5.419167567540849,0.04651670972843173,1.6634176147280433,5.38231704613117,0.049984741626733414,1.667557409388295
5.563426228133706,0.04739174626039075,1.6355222083045629,5.5443109147252025,0.05253903220311421,1.7060996017133867
5.401271138224061,0.04657050178790019,1.6379403015399336,5.591569334876874,0.04898736070813185,1.715918720405107
5.49629318105903,0.046771468461332115,1.6417348611177507,5.495793203134347,0.051567108133549214,1.6722637747527842
5.6491489224103,0.04845198132762465,1.6839942237106962,5.634978471935459,0.050989137653119125,1.6866700794173086
5.494770200222461,0.04552755905055715,1.6436303527236644,5.541881097050713,0.0480531638965659,1.6755698522108933
5.542846020434619,0.04599371911915483,1.624808202292137,5.515282256767076,0.048131143022995974,1.6408813958464121
5.436876112183461,0.045846241756853846,1.5954700228869512,5.41074303150303,0.0484853372235763,1.6248016761327542
5.62844457196144,0.04353764155184623,1.6534705806624657,5.609052627962961,0.04603865391673717,1.63097459106137
5.549292349643001,0.047433528872132966,1.6074183309671457,5.5153617459367075,0.05190706811027145,1.606224423974434
5.457813572563904,0.04709072678792446,1.652704385662286,5.378402003304642,0.04771463454055203,1.6642465238814688
5.394343016453268,0.045936124234017064,1.6644305810288493,5.456026160297448,0.05008857029993328,1.626216309073255
5.4962027506477265,0.047901264685354494,1.6341169648816785,5.477121761253675,0.049216688725273856,1.6584796926047576
5.436118292389365,0.04967492599750386,1.6387356039061778,5.475854228109641,0.05071132696437372,1.6042372300800973
5.514787554109915,0.046311266461284126,1.6506366833759512,5.506987492213137,0.051306366716224724,1.66041279113452
5.440877531235834,0.047085435177008826,1.795881999261855,5.49304109960936,0.048945121148679244,1.6500272958790703
5.4845426984433,0.047450880016577136,1.648464513720575,5.452647513678878,0.053081452320845976,1.7148009163905122
5.570052864254439,0.04775077695057007,1.6880522994182685,5.511399165760961,0.04943843456500917,1.6421360479504246
5.439639881163975,0.04810153230768157,1.6367204894547738,5.51934176711394,0.051297291973494384,1.7413398663509911
5.538452645183814,0.04738148854370476,1.611435746717057,5.445137901210767,0.04788784948945357,1.6339200239534266
5.616295013774537,0.04827627154910249,1.6801303823901585,5.508074720666612,0.05093050418100665,1.7688973313202347
5.525474981439236,0.04722310383133411,1.7058783472618824,5.534224882311424,0.04860897769451322,1.7484873360427993
5.483428708091864,0.04728508296511274,1.6095435711495831,5.454754270661288,0.04868933180471261,1.6381717676555003
5.475300012035112,0.04698284300466194,1.541704957301917,5.428433602261522,0.049945203644675314,1.689131619121192
5.4926950136226615,0.04520744566340597,1.5671335434709897,5.493319923503465,0.048185926908986126,1.5972361484996598
5.577991357183076,0.04825547892133186,1.739457336331027,5.541957427232877,0.050271087691818823,1.6557555798263859
5.468777736552307,0.04578293642152051,1.6585384963398737,5.490903089283342,0.04899065744411784,1.6558906971216398
5.358275099039434,0.0458984539258062,1.7162887556467374,5.3821387705902035,0.04918561611376573,1.7525474665572727
5.47287093778101,0.04677416010084705,1.613407288136903,5.546075271860471,0.0533633116414165,1.5899460882059728
5.466076095409331,0.0447973013084062,1.613454583130844,5.517523859985847,0.046792826892277775,1.576080960070039
5.507630784167287,0.049570789785321215,1.64748485435692,5.457290666404496,0.053038504334947924,1.5978534972166651
5.551074618517482,0.04729771064541918,1.6904979110655114,5.750066349337292,0.052245204305095355,1.686265226736222
5.592402529479293,0.04723152029109148,1.6756702892628448,5.615090856506974,0.049707160753417814,1.7405334086447461
5.4688294346014565,0.05058695998017649,1.687943224875188,5.529738653771094,0.05243630359644773,1.6913951726371834
5.43554168171788,0.04442461299086784,1.7014555978760983,5.503976204177207,0.046009316077351675,1.7027749455098513
5.50301944451418,0.04603692987097553,1.5971173280558832,5.615705955452004,0.049980282985200256,1.6450295099290853
5.430363017078574,0.047687217273809125,1.7193938283382297,5.580116541190006,0.04990261301811792,1.6175058083807605
5.5500200080123605,0.04513983897402459,1.5996556093012295,5.5068107271271485,0.04841890754100997,1.5670856101002748
5.577376719203313,0.04860323252540451,1.6731233633656943,5.49502119108334,0.049832036695650714,1.7381097519545974
5.61980458072508,0.04661953493620793,1.6043290143967512,5.574817018427177,0.04865109313070618,1.577020548783727
5.4699006515523285,0.046190311213095726,1.5991964372146215,5.4809802390437286,0.04922516731557643,1.6568786241434044
5.634780458212263,0.04586436319733784,1.6020085437775382,5.50155273512683,0.04943321744614385,1.643133673203685
5.5399406402729925,0.04956703266580194,1.5809058162945429,5.590547410430485,0.05285045067910762,1.5872383034539184
5.557204161333722,0.04700009157090918,1.61455126177709,5.577681099677791,0.04992465522587958,1.5784867172839794
5.583341963285708,0.04572047731873416,1.6360802098731015,5.555649037578756,0.04891914319289501,1.6159770080759912
5.585487934392329,0.04763577167573343,1.666540987876057,5.564046080282556,0.048364679157544783,1.6487514123753115
5.550515720476708,0.048864821343472586,1.6109964853557313,5.555016832442333,0.051989447992825386,1.6397394242598171
5.563728318473221,0.04431616159263452,1.688438941389792,5.554525687229652,0.049492651040079154,1.7246176654086454
5.474684809415277,0.047869213771251896,1.5571081648309544,5.564811803154685,0.05017551121573761,1.5909140924942031
5.426800426214523,0.04851887693836101,1.6575388968017162,5.4964673598165446,0.0514761742673515,1.677517300393063
5.677214556315145,0.04694816242812984,1.678912753892097,5.515927477033609,0.05061500126276488,1.700968623796638
5.449481904335234,0.04719372668493343,1.6273062336713227,5.588168427245661,0.05182440064038598,1.5776646381756283
5.558179668353063,0.04843835168674912,1.6787450529989525,5.565314919187611,0.049540626717590755,1.692172932834831
5.5590138337905195,0.0497121167173383,1.6768629975235914,5.587360402342301,0.05141300604742424,1.6983976447471194
5.37122120695307,0.04748800444161766,1.5782675562304407,5.436235043810285,0.04852298192623293,1.618007463014178
5.417968527426658,0.04619121481816732,1.6348557305309206,5.4538527207501994,0.047779473710995266,1.60524296977728
5.5261757997947525,0.04532171966164121,1.607078844392975,5.535477706904447,0.04708897046424271,1.6162811267179045
5.722381893997125,0.04741061629747091,1.5864251995889818,5.524807448655511,0.050176782488812764,1.5662876943327801
5.678382292936569,0.046992594908205745,1.6421407293142802,5.702751811906831,0.05043088785622692,1.704580849986506
5.449451701552678,0.047686438303285714,1.7027603195119319,5.579352392959662,0.05004659450029243,1.6237843759774129
5.555532787682304,0.04768903278268584,1.6713575869168429,5.5770798613164505,0.05252537041147432,1.737274729859505
5.640939881509703,0.04846124378384456,1.5763583141348545,5.628926599356451,0.049400186530417084,1.642021939337554
5.622978502647202,0.049011363506357264,1.6289609945031058,5.635025895390308,0.05206033552413199,1.6530388762544952
5.571993720515751,0.04550452527352591,1.5529260536121663,5.575323777922088,0.04670095218821499,1.61147079083708
5.576494080981185,0.04854586451085493,1.655707239251904,5.5449532815050215,0.053310570357102696,1.6993858403874684
5.569290453534539,0.04648769199295944,1.5884576343091366,5.575234540661844,0.04729383495073706,1.6313832732297184
5.449255013784257,0.04498186760886864,1.6112996349673199,5.442168980114102,0.046524888930468564,1.6146519940152864
5.50249925064807,0.04756286565776628,1.6626531843253953,5.4778622455323385,0.054234916633755015,1.734719644689169
5.527328036339065,0.046736773667881544,1.6292094166868176,5.5612533669988995,0.04790497950833063,1.6816951593987948
5.624288719945314,0.04832252854983977,1.6071181659689853,5.532149761044853,0.05094779469891456,1.6300257078789246
5.512366767967096,0.04662734341439572,1.6078224142355182,5.564930971523496,0.04873193069499524,1.6979927449914713
5.52658713127779,0.04606534376448101,1.6344533622126172,5.397070320275876,0.051982632467360235,1.7058909318220707
5.549799770475317,0.04610440172316526,1.5904528020898685,5.630948286029106,0.04994629884230389,1.6458885835756782
5.540437906133144,0.04565242394932336,1.688698734121541,5.487636968604287,0.04873369167348253,1.6662652603568153
5.496901151764865,0.043413290758894524,1.5992971097558937,5.427035508193915,0.04770360354297811,1.6363355475520878
5.46320621508984,0.04603014849812288,1.5855090980548612,5.562935382027967,0.04882434712202294,1.6180484709051794
5.466570624802732,0.04755974767438098,1.593047132820684,5.4822218743717075,0.05113194121375296,1.6081111271977044
5.457231773193489,0.04733525252309089,1.5934777752360836,5.602567939188115,0.0502504707957871,1.6471682567302244
5.377956273472674,0.04767634876727593,1.571007518642183,5.346947428464481,0.049155259092658166,1.531969864089211
5.4594070865959505,0.04756862832274423,1.696404332909644,5.544145676230072,0.050520706745821146,1.673549855878043
5.5487081551264525,0.047938002710656284,1.7780129294661111,5.53884030394718,0.051388429999752024,1.7853609539815063
5.599642402383185,0.04908819009831649,1.6612309740609343,5.495133490937109,0.05091476047564579,1.7360663730221633
5.621415585737645,0.049219154928952576,1.690434865388186,5.593757688318536,0.05258625756328228,1.7385733390436013
5.60764101851959,0.047628314747174674,1.6537324841283954,5.5844961342128565,0.04929910763214661,1.6321455796785946
5.587980169043101,0.047905751728482146,1.646139021583711,5.53727520311473,0.0497045262688003,1.7288826926042253
5.637115725435822,0.04694428727299811,1.6433393818543371,5.565440694988098,0.04945397372578438,1.6574988418346077
5.566746043228055,0.04639951581636845,1.6283026365183342,5.489570875274073,0.04879329083049054,1.6587900609810162
5.516262921611628,0.049225832087099096,1.7442724783346555,5.436110598534199,0.0534799202952087,1.6677567293613489
5.691901107595519,0.04722321222684747,1.6091542164029033,5.543300745411999,0.05152858119345939,1.667338879120214
5.654243152058878,0.05060328932730318,1.651215505052888,5.603505435978871,0.050908661317288724,1.6400140375233812
5.564150836217802,0.04835683896050308,1.5933864354703142,5.501545074263637,0.04989342254301756,1.7323399388949432
5.51604846102602,0.04666453518358042,1.6076036383379713,5.5196268091145475,0.04980499170894971,1.6814095729585876
5.549488962459573,0.047227912095372845,1.658990241840264,5.533656723614917,0.04946950905177013,1.6691375666768178
5.598363544885724,0.04742476903336149,1.6854819509526542,5.638176756975152,0.050258695265607764,1.6517856245965028
5.543737282127223,0.04778229569171107,1.7199599599477762,5.545014396682035,0.049105541411562016,1.6548198518172323
5.614539486626572,0.04941901693226158,1.6668173135592748,5.56482278122602,0.052295003010647385,1.6375050281651704
5.4362323672069435,0.04782637134426311,1.6050866542297373,5.460357890553518,0.049231155741516534,1.5905077501744873
5.587619581299854,0.04774338034106221,1.525587809103784,5.565213508264628,0.04861503292311289,1.5491077458515383
5.4812075129648665,0.04962380585169701,1.7039491821065054,5.597539671583925,0.05202420464381144,1.6129654837524263
5.567666835908276,0.04606846354993511,1.6854377843865107,5.551472662785847,0.049329880064237476,1.6587237879650014
5.554843287766812,0.046381874946675214,1.593500074414335,5.6422051296362,0.049509710593077266,1.5443835895113198
5.482887264539317,0.05076197497522915,1.7493066116388614,5.463167855033102,0.05351738534690383,1.6679730034614946
5.603857725614471,0.0467418716000503,1.6573385909699436,5.577125535115841,0.05147775919836593,1.741376859584415
5.629422053152602,0.04770753409634052,1.7341208102823706,5.524610135729787,0.04914138313765297,1.7185786482350391
5.595216216517367,0.047893411951582185,1.502580509871618,5.572141672684532,0.049570977059173196,1.603967047363965
5.5465611716169585,0.04923412667411368,1.6211156290509752,5.456365583802285,0.051502748303788856,1.6934752407274607
5.60049223835021,0.04768380953225085,1.7000856334437484,5.510556069036933,0.047512136535973255,1.6834397606688218
5.478310117268564,0.0484954026265242,1.6303938532400828,5.385295219297387,0.051834636803183884,1.645784385717156
5.512262484504334,0.04649058398922765,1.6574915550062759,5.554214930846476,0.05335492974711515,1.6167493474883086
5.488729908538283,0.04891053361574953,1.684846518377873,5.508853962302453,0.05503602714137393,1.6643149058088857
5.512729605498081,0.04531523780384035,1.5761442770520688,5.473607025244742,0.04907297082984083,1.7278189724855
5.354028417956349,0.04526731916711485,1.6120809762104136,5.345687043742639,0.04977720939955477,1.6764239941350378
5.575012727420523,0.047458311018359366,1.5817126311916525,5.589095168337721,0.052114499260527594,1.5816608370459924
5.508240430309559,0.04648730256435096,1.6132036927764215,5.636418662597958,0.050652016406400005,1.6102469582447043
5.569428469377547,0.04551760358997423,1.7062907825001754,5.5546903648045145,0.04843922079713088,1.7312192801368296
5.740414647439589,0.04871416390539344,1.6958042128801012,5.661989356119987,0.05247392241325888,1.747721981027753
5.50308917332131,0.04895437721815885,1.6401384356795248,5.4742000140881535,0.053519005506976434,1.59820615115222
5.577898412603265,0.04682526296986411,1.5977312332509377,5.541853342414581,0.051041004799651894,1.5530345479754102
5.551904768152867,0.04485810962426955,1.6499627871016829,5.457592799113698,0.04868108350343614,1.7052809387990266
5.391730141136092,0.045178711192459815,1.6400469410106262,5.466627731722526,0.0474577696736476,1.6638448334439633
5.43832351727016,0.04822478164020285,1.6134433056656223,5.485679923496145,0.053138640209328694,1.6223572151537016
5.533480942521694,0.04638255956203667,1.6560944449664403,5.476672010150378,0.04710988845757536,1.6991027036761142
5.6617301580531105,0.045107988782687375,1.65581599325438,5.689465823937039,0.04787495465567419,1.6856668379674862
5.531241814798451,0.04929049439283003,1.6876948079241174,5.513712328340039,0.05048543422428225,1.663859144530023
5.481605654060567,0.04705206920090851,1.6345613693086747,5.587965495835363,0.05124237461470766,1.69387977344481
5.565343001836456,0.04930132721406635,1.6589330464006413,5.552175726509527,0.05433898379078302,1.644145086341096
5.669352459229647,0.04854371452333524,1.6828469472999128,5.694301659292095,0.050098972285774715,1.6901966657673713
5.53652286692825,0.050090005295675234,1.687899659700741,5.577858978357054,0.05105808493093841,1.6707726782965235
5.552866835397142,0.04920223455597001,1.7041448341340228,5.561006351874219,0.05290779201999157,1.6800878797307615
5.548345229099162,0.048686394150285764,1.626915500969282,5.4054962227751355,0.04979527028607295,1.6224347188006027
5.4767980206253455,0.048648747889717785,1.6385483367654547,5.487111620470633,0.050641543773184125,1.7403678998992513
5.475235372784391,0.04774870280991782,1.6613991040471885,5.560783290886684,0.05034274427063484,1.676636212756226
5.668344151402867,0.048198834864649,1.6055134151135793,5.5908339608211834,0.05130034692878653,1.6657981524767957
5.411786949604844,0.04634783450663869,1.6887947420817053,5.394498916884323,0.04888645373065558,1.6861624238602875
5.6705583879688755,0.04619030960169899,1.644049033946946,5.627900197466889,0.048127773404497115,1.6723569944804038
5.634675333369128,0.048279469528304156,1.7371943682486959,5.496404429808925,0.051793643285115425,1.7631217885892316
5.5052052896125145,0.046780562372009324,1.5715047997549885,5.473042199472347,0.05013031925942243,1.582537500491708
5.53957821017453,0.046434928864590976,1.6055689193998728,5.496716954768071,0.05289841232188569,1.5915121811768582
5.520153158626927,0.04419529357950726,1.6580067798269735,5.532625478141016,0.04666552601422976,1.681578666320581
5.403132393981274,0.0469676987572891,1.7848382150717947,5.49154007927513,0.05144150854794059,1.8127482917093847
5.67941816652311,0.04603852239646261,1.55685061486932,5.5717457676309765,0.04924421687773485,1.660321950244924
5.483115952676871,0.045822974768657515,1.63923859573555,5.4678657090877065,0.04968688833880651,1.7330080150899274
5.4972713212005315,0.04531483819193539,1.6092975654778556,5.601514106453997,0.04705287400834155,1.587163861326614
5.451851469557596,0.04535286264206141,1.7074589207158866,5.5680272410530325,0.04698194534543843,1.6725023644142247
5.670095812857142,0.04742681613015954,1.6736674463835588,5.658267675947667,0.051448914142165736,1.6892909971996783
5.579878494158205,0.04863248436812339,1.521887345362625,5.576957401550557,0.04902652204534923,1.5736753026040353
5.644679046738038,0.05113612951386529,1.609784662667212,5.573041627989445,0.05341363544526612,1.6946329647589442
5.535227764519845,0.046894206166156936,1.6113150346910685,5.579156510395649,0.05065814333879393,1.6582680324094097
5.70812940637071,0.04842938932434141,1.6278611477253249,5.670398711911692,0.051487817529969546,1.6082119368328645
5.484258026845078,0.04613805841372919,1.6489624386649564,5.5097097666706905,0.048877006712327614,1.6135704993012807
5.380159131466593,0.04746850344784717,1.60255919703041,5.427327932962867,0.05240426220667276,1.5976850771979683
5.580567918841924,0.0466879231086883,1.5912310848482043,5.607338865356482,0.049526611200647705,1.598011492884405
5.598977694894749,0.04807636437478518,1.687161171524222,5.4466082238781235,0.04907881086700456,1.6791322178148747
5.491858697724563,0.04600729554402814,1.646398182806939,5.496487606547605,0.0471170238474477,1.6764436580215716
5.484342839234513,0.048019793144148726,1.6172085220571704,5.574085185713844,0.050640325252158384,1.7129439639743054
5.593199575144388,0.04984224677785921,1.5952283209534743,5.6846560179786865,0.05456962423292335,1.5756752126467393
5.566544323638375,0.04664215617981976,1.6983478048325242,5.6176267111871345,0.053869974056580096,1.7700669925314922
5.545217863996758,0.046148197407019795,1.4967542438701498,5.476670338339697,0.046555450321121884,1.515908461724082
5.462539475063115,0.04645891743369241,1.5697111062776747,5.570741251870204,0.05088613029215536,1.58927190608998
5.402019123372698,0.04780903172770391,1.7248595964190998,5.438410127694278,0.05206166805286881,1.682482441088508
5.394796071866361,0.047075203374981535,1.5460810617490326,5.434472867085388,0.04947580176117322,1.54949681817694
5.566459911148813,0.04813393367840483,1.529728817971007,5.474674122884981,0.05055498329565323,1.5522149464635748
5.473042534354538,0.04932678312009873,1.590044094704443,5.468102345574797,0.049871037338316965,1.5689830135086784
5.472687870719442,0.04888539412860549,1.653299361143628,5.500089997626989,0.05129560965625352,1.691229893768095
5.53948817854666,0.04830572697486057,1.6378023035678322,5.514402294498619,0.04962407366031138,1.6448240134180137
5.507251446105742,0.04545757111454165,1.6729588029144247,5.462186754669949,0.04772073133849776,1.6252325821285587
5.690864048458677,0.04580789198006866,1.5985331998422092,5.68307196063849,0.047944227731403846,1.603288967724446
5.58561446613564,0.04617286253795644,1.6116408223980958,5.540286459767117,0.05033949579254832,1.6491730697759317
5.515176088241193,0.04906536065063475,1.711337709491493,5.5377026293054135,0.04965485939043672,1.7003072222454245
5.493304050945537,0.04419591149119832,1.5695440059675927,5.45790780077533,0.047363729127196996,1.6637416428867962
5.591103075022935,0.04826566544417051,1.6434269647277053,5.616387900477651,0.050489794822167644,1.6548215221068676
5.547458967640865,0.0485736328254425,1.5737786845007082,5.550049582855839,0.05064990992731128,1.6066504967930895
5.5314861638119766,0.04791475819970323,1.5639541151140657,5.440093621485015,0.05246416338399598,1.6202909025509715
5.54792499534607,0.04857561279607441,1.6070562520888512,5.45404793499164,0.05054042071182767,1.6046121339193078
5.388727497160126,0.045165207096516675,1.6141448161319556,5.486326488429124,0.0505555709678631,1.6341789818956252
5.639951257227142,0.04790392185391458,1.578347704179322,5.482539084589999,0.051905772434107704,1.6402605830054064
5.489645429250844,0.04733122452944749,1.6079705312785535,5.455656613546484,0.05020019535331777,1.6118220819213271
5.556038301005462,0.04639857478010515,1.6377942083916508,5.497544947155877,0.05006169744118616,1.6877110103870279
5.4048920521577335,0.04545934766981145,1.6958049007629643,5.481466497549083,0.04684811839612919,1.6604158577517656
5.376557012805707,0.044820327974154375,1.771046951667325,5.3753556853143785,0.049141093644440706,1.7947553953481177
5.532680395662634,0.04827079974895637,1.6995275831797003,5.504167186699733,0.04920258403730039,1.6505678722898534
5.626515182092359,0.04640573139231185,1.6807594846678267,5.535077719452225,0.04791799738211094,1.6245164136369967
5.547814493077406,0.047652389277443086,1.7008295651790937,5.540321580053434,0.05102913785471269,1.6679646053926538
5.42920732752434,0.049517562537046166,1.5917499269576634,5.3963076921114554,0.05411266948314129,1.679407949134875
5.505952099900871,0.04684893607104867,1.632944404586953,5.522950237365309,0.049349266578082245,1.739587040564642
5.315788721663119,0.047714233471495275,1.5734504178156008,5.366268747809173,0.049593014872111055,1.531125891337761
5.472958932981549,0.04892808655017497,1.5790934711796858,5.545678968979391,0.05073793449431448,1.6570788145075657
5.526788810152243,0.04727963136681339,1.5947828647482034,5.519297490441608,0.053485752818263614,1.6470121767869763
5.460686143845054,0.04924579547095293,1.6109750647319918,5.473854185831624,0.05512514883805601,1.6838588573779765
5.507865083219709,0.05087580012545581,1.6980184517294656,5.419846051347463,0.05298546902092857,1.706541705796545
5.50096090991149,0.04518666740520159,1.6908475946736425,5.484131244496297,0.048600654709388694,1.6638531360356217
5.5737208294469,0.049534691357050444,1.625999580275228,5.417308515823953,0.05121676517501538,1.6117947940607162
5.589738347302758,0.045867076614131114,1.7107920241287853,5.5788255789022605,0.04965363317800585,1.7585350098200423
5.685523854559393,0.050239800142129025,1.622822603781572,5.497625538217306,0.050826511261194605,1.5694152830976404
5.507165541272379,0.04564666461147009,1.6709965243754323,5.447110383077952,0.04799899042260055,1.6448188261824588
5.720038097511036,0.045792749512529145,1.5975726595006403,5.477300017993726,0.049300917680179496,1.5567069362862267
5.565391852064734,0.04720547704398427,1.6686114045742901,5.538937388028291,0.048837358360691766,1.6815531776281896
5.516133084170681,0.04709734084530514,1.6894572675569413,5.4800037101313785,0.04959339012864386,1.7190009826370947
5.491981433359893,0.050111107936393666,1.6416527996571075,5.453679943843992,0.050958951242719513,1.57695281686277
5.5902820105168916,0.04909456504972627,1.6493891481088006,5.606945724889299,0.05036080194476833,1.690131156666388
5.5175765791559535,0.04876171315257352,1.7153024433546218,5.588134459143788,0.05195267767665048,1.6222881442292973
5.574009625126801,0.04775149021419603,1.712542254210725,5.55302085908514,0.05106606779974627,1.626946541646385
5.570479541945602,0.04781510361927547,1.560153434425708,5.6401909327972515,0.051513420262542624,1.5566973065686622
5.5592518983834225,0.0478302959897242,1.6818095560039217,5.633038777390721,0.04958894800161032,1.6762156325840198
5.488093210977651,0.04829199916388083,1.6107892001502222,5.510110318344567,0.05098521833659754,1.6731336650560455
5.4472486473566955,0.048672311337239135,1.666202613636544,5.4353312870430734,0.0535153120393811,1.7057698455948398
5.503482564171286,0.046451759315146376,1.5932630055378139,5.423373264802686,0.04999398087234708,1.5672418729585584
5.552946421871095,0.048036966638229324,1.625049502797072,5.46973656210316,0.050166390639549384,1.6407936890366366
5.529373877896831,0.048169954144643916,1.6428454391784837,5.497935739024618,0.04799234324847576,1.6407437283236395
5.638690154402146,0.046967513060400826,1.568927853600681,5.7046297435305355,0.05178661746277637,1.5515632282742484
5.567615333856322,0.049347790664287336,1.5789686587936849,5.527175419072001,0.049975278924720826,1.5599731953568603
5.532578576017968,0.04858847684355644,1.659248430772264,5.395293786311104,0.05270316988627701,1.6667136703031653
5.4257115145697,0.04705941444828082,1.6229744884725572,5.462735824922295,0.05096401490559432,1.5674818253998215
5.519295041838967,0.04890073795028608,1.5517609711833207,5.5676870678440835,0.04935999273823964,1.5712924314093697
5.652816085986676,0.04832905012064771,1.685947108233141,5.702669858886278,0.051473301769367694,1.6781620759029747
5.50281370299814,0.04783814277949796,1.618475998717088,5.509773641997813,0.04862264640137755,1.5841127301877183
5.439048570385183,0.04610214608557282,1.6065282142116435,5.5093734135889845,0.04867669871543642,1.637417253859231
5.482453835393029,0.04819020783568529,1.686802969415047,5.564232534121383,0.05191549333636854,1.6472053360193255
5.675364072467524,0.04803847536963016,1.6070706611914614,5.669145866960085,0.04772839954520415,1.6289341657990042
5.502947118155974,0.04963009730414344,1.7001048208975704,5.61580721747427,0.05123722491583142,1.6705061096541425
5.469654555138589,0.04731214664333975,1.6208354885614926,5.4526785271598746,0.05187807126537914,1.6619127959850521
5.574176764555274,0.046746934142454566,1.59203537919869,5.537345470459254,0.05023372381930724,1.6685195023977768
5.3657085297714,0.049948407059619275,1.7039888504644942,5.439919193583699,0.05089273027940648,1.6500870563322727
5.6221984729581305,0.043493845650953704,1.5481383622100846,5.581942100227971,0.04570597989896199,1.5847938871293825
5.499452914522145,0.04550107741258511,1.6038754666681783,5.504303845725813,0.04923335318334261,1.6729717444027115
5.603228291296014,0.04718110253726704,1.678058508911389,5.555011688506953,0.05129344227048813,1.7090844069854856
5.550249663730363,0.04849743248170219,1.626188296265401,5.696687057828194,0.05221144967476634,1.660100198801178
5.60256344238948,0.04661733394021504,1.6150118304157999,5.553383984739775,0.04960129446019203,1.6722857607036556
5.529499122163438,0.0463266944370365,1.608698901088713,5.558922383441323,0.04842434098088332,1.599171650984102
5.667315032162605,0.047955694955615046,1.6078952688233965,5.6596872406185215,0.05120227023086746,1.6960258647863675
5.520067041940094,0.04410877090882287,1.6050587903248223,5.561156847659077,0.04596221104238371,1.6616446652116947
5.52351625685555,0.04526509139584018,1.6864606172894812,5.517245125490977,0.04784216905268897,1.6956086654697373
5.513561148359232,0.04742313027186769,1.6146760928099737,5.551513535186298,0.05106816290564822,1.6315711283533032
5.491400945773381,0.04607056735211477,1.6287874201037094,5.600118631815035,0.0473533735920124,1.7052112755800233
5.533674561074649,0.04624652260065517,1.7377107559012321,5.513953609144312,0.04781500480232737,1.6673530255237659
5.470765469792421,0.05033942508196179,1.6989235451693043,5.489763188512149,0.050838064687176325,1.6863265416630069
5.492292929232767,0.046296356366913295,1.638956011538381,5.513911149419621,0.049481218439760485,1.67592588267656
5.313217718766584,0.04773514299875608,1.6106572905957777,5.567434024942398,0.048397025137183206,1.5230690701314282
5.3933355019982265,0.04746539253077673,1.6892383677594642,5.483429470738057,0.050915567260952546,1.5685981285977602
5.458776071800602,0.04779304376053909,1.6028858528765209,5.58040119566172,0.04983130073181063,1.608132266628769
5.599837364543737,0.049605607639320905,1.6156593975392475,5.495667156490129,0.050985772745854835,1.5844213228377835
5.434298927080569,0.04660784815763807,1.6059865614490898,5.508529440867582,0.05037189548455632,1.61410747656368
5.519218723364132,0.04742049686199355,1.623797778472554,5.506329603861861,0.05124461359908014,1.7162459820203875
5.627143557125252,0.04714062899167181,1.622527487361751,5.62295804198453,0.049039293289617106,1.5930431256784718
5.518680632080411,0.045525749079226754,1.6169512095822234,5.43884602809416,0.049362482316963815,1.597676800540803
5.637388453592116,0.0504024145008189,1.7469406251705155,5.612322348253442,0.05474631622827859,1.6985862809649774
5.597044614062886,0.04501209638165523,1.6805464881347931,5.468178362886395,0.04970609551335926,1.677810595594643
5.465778100261207,0.04698951719901037,1.6616711516293532,5.484710417852416,0.04847916483673739,1.6718069010985013
5.520153511363845,0.04800841711751616,1.7624194315159822,5.547845464486497,0.04911791883299464,1.704361994180088
5.5399952677214985,0.045990981463170856,1.6065562787395447,5.547174165114168,0.04800361641091295,1.6569808785460731
5.5393617279992435,0.044028776061865636,1.6081431530499668,5.569812349693135,0.045630693806132494,1.6147534929221767
5.539004066117769,0.048089188463392496,1.652505316734903,5.541191285822988,0.04906281814310693,1.7072557691519967
5.693318955675764,0.04929651784596121,1.5806045962157564,5.633920870568493,0.04981056722224497,1.6308372336076222
5.5782192021846795,0.049370386651498885,1.7542716420909261,5.638242826522852,0.05045806006252896,1.7610089145832053
5.616704670098699,0.0490920739255132,1.6785541608307057,5.5548372619874735,0.05077873715018191,1.6716682573926829
5.540548371924378,0.04559321387034589,1.718808436233173,5.568887943510462,0.04575876148757009,1.7002231401663566
5.500820811103926,0.04444350391934852,1.645130948474349,5.437651158041767,0.047144406361096916,1.68913256723959
5.6257765277313325,0.046485766407748305,1.6783950942106627,5.5629998650958905,0.050002398663092244,1.6165593068970199
5.57118807979962,0.046178689105385175,1.5636360705495504,5.530340300485,0.05068858041605916,1.5379329938111308
5.521096217741817,0.046655144413666916,1.6106021099714454,5.652479425463762,0.049451047412735726,1.5639330725682214
5.312868233367203,0.04732163641536135,1.5845072672109197,5.419684609323125,0.04980118490653026,1.5815796827847088
5.43415891821157,0.05265400756830655,1.7227291440087742,5.474134177044843,0.05526292664560399,1.8050992855507693
5.458676819481935,0.04874882015382596,1.5990147447303733,5.436042926342548,0.05358253240340916,1.61004953532303
5.57515566116761,0.04450299135167027,1.5588593697569437,5.473141817025443,0.04847357406989149,1.55452771997302
5.508169112774487,0.04592205621398332,1.626245161032082,5.521691731384483,0.04776754157580723,1.5631721945871584
5.626916272876894,0.046902935578715686,1.6320972149779513,5.706697261654072,0.05154815346859069,1.620540228452837
5.452522305927564,0.04479919626453744,1.7617639536309055,5.5644740971083415,0.04753480283648987,1.731936047207757
5.57022623916648,0.049795059018694805,1.663769766210123,5.5941711270168915,0.052250525828927634,1.692683661733599
5.533157876486635,0.04699062294113956,1.6481039859902404,5.590891247998592,0.051458059062731244,1.7129437887577068
5.477540396343351,0.04650859643506967,1.734265943231089,5.4296995816957105,0.04962955132093836,1.7317871943360343
5.470375006180257,0.0474444116417883,1.6027772589841407,5.466017212426571,0.05033159180143794,1.6501860934691288
5.541777411253944,0.04715493671957661,1.5961753255316156,5.615183455214402,0.04970978084375328,1.6566235122555013
5.3869948578017866,0.04797371395227586,1.6076988957786105,5.490235588127872,0.05150344675692555,1.6612069178995954
5.319514459136532,0.04644211462416755,1.759128795449676,5.48936667041605,0.04884661856514598,1.7388262728134596
5.479325381525055,0.04741130695296854,1.6538207965337108,5.504377614165758,0.05088589751384322,1.6454584671545933
5.571876356136037,0.046689407683436254,1.684703907414625,5.749805630964128,0.049852342746419,1.7450755632843367
5.7359359817361115,0.049010196419347646,1.6125281635971889,5.711902731204115,0.04951437001087597,1.5991756193329125
5.653432990033243,0.047927415857346285,1.6089040933833556,5.572348149837127,0.05057154200490469,1.637191810038736
5.705194217810223,0.05477839381766884,1.6192031031555967,5.629805120198184,0.05069430589013521,1.7073312933107305
5.509921101430523,0.04404260474456049,1.6989105773377353,5.462441945515184,0.046134553990046075,1.6448066181579541
5.496395096033621,0.04770949649844423,1.7002225819099788,5.535140115143291,0.050324464822852646,1.7012141462061943
5.52924898543134,0.047413954430807564,1.6598573153254133,5.341085471274681,0.050631531199843864,1.6518123559095073
5.53796955385054,0.0487180850071478,1.5665590353300374,5.454079444804201,0.04982282283037788,1.5170852247186104
5.570192496457297,0.048098025638511524,1.618549932236119,5.5743811008466935,0.04991462199107301,1.615466136674577
5.578109524407374,0.048092483398613876,1.6835479498572963,5.585611093615277,0.05089989954888146,1.6614963557752094
5.505410022607348,0.04731688584113872,1.6362337513459693,5.511298536864114,0.04862542629785356,1.676910475162875
5.626217702209472,0.048048731408259784,1.6700326998002673,5.500055107691143,0.05018242001162275,1.6769612776798992
5.537144210449581,0.04727187942713675,1.5999405410860763,5.506267686186316,0.05212961013632431,1.6139387806485097
5.549992816752819,0.04864649051854886,1.6623672760944328,5.525877543108177,0.05167353596666102,1.618939902120636
5.44377176733712,0.047434240312386446,1.7286561887444738,5.567901782854643,0.048441828875048644,1.6879993016057668
5.522357190181679,0.04619638617927404,1.6140189795951794,5.627304268311499,0.047905289816910585,1.5656861146613337
5.454731192377566,0.045778295759591754,1.7173628198842217,5.543669721599138,0.04816671480774494,1.6653717722471926
5.521439851085901,0.04756642767882707,1.6095712314017534,5.457797226127142,0.05061972297318529,1.597294784481309
5.610929042557011,0.04624054042186675,1.6143564887849637,5.547707772484481,0.04826644968036657,1.6851477737433374
5.373663400332113,0.050224050742441594,1.6544966948761743,5.4122980037658905,0.0546512938852743,1.6827182392871531
5.619867196834186,0.047449357200957165,1.6100483484090553,5.6141038447584,0.050098757747733695,1.6636763031388808
5.470141399366484,0.04736027843429898,1.6564647226019618,5.43763879998261,0.05078215964484185,1.6873526747285157
5.474744786210711,0.04913774926845085,1.6974660314842835,5.552900947460142,0.053305314733386934,1.6668213307321917
5.489161757560036,0.04882972191961453,1.6013295541522403,5.55332090391021,0.05115761394306001,1.6348280982516614
5.491026131160323,0.04693722597576407,1.6695596437667704,5.508726078162069,0.05104068770522073,1.6329309248043624
5.457796374109182,0.05003144038976557,1.7568638823339393,5.545270359334534,0.05549382630478214,1.73023856109534
5.566643201310931,0.04485017934980847,1.6012774185234582,5.527412135109102,0.04699292440989715,1.5438161182055203
5.458546184827129,0.045898305072839866,1.6307989428974343,5.4279874018278695,0.04927861355678867,1.7409745217602928
5.503711519952473,0.05119295145879228,1.6522940533706625,5.551897250464676,0.05456406073015637,1.6283639478873229
5.531317375581033,0.04649500681250972,1.5630175449470964,5.472964314268942,0.05045771296949609,1.602058049741128
5.54520287203685,0.044894890639511256,1.5913423157615492,5.56479581187179,0.04848789362975772,1.6703399025605523
5.433282639663172,0.047253938985397086,1.6962443935290623,5.470572414850401,0.050709968149623495,1.6884657382417332
5.670962072205471,0.04922246344721933,1.5379691968737754,5.620487879622232,0.0498899491622949,1.5512962895982834
5.635397868902667,0.0443062470466362,1.6062844017112494,5.588666316120032,0.04742198699604181,1.629142013534955
5.554081264044402,0.045188228363396976,1.6021508229530004,5.559717910524324,0.04659155028602344,1.5964422086574732
5.577397359103874,0.04736480886573836,1.7588934387300126,5.402199954055991,0.053856483737301925,1.81108140344139
5.525761956129805,0.046051065679107134,1.6011443172837467,5.585454591715931,0.04713664442654743,1.6051734251778718
5.503499350130405,0.048159331380304926,1.6226281789251726,5.471339284039683,0.05097005809801488,1.6356675897252166
5.551540551069814,0.04756667458452928,1.583105721453558,5.612558443275722,0.05078695580564777,1.5860956378668207
5.552706020455595,0.049563328261547544,1.6892924414549668,5.511179937477307,0.052325184589607505,1.6998003339602745
5.686687528726759,0.044910644408993096,1.6605929160704624,5.611575381938425,0.047837649700964914,1.6330195128005633
5.708240176952501,0.04799562605293968,1.6061243967899976,5.549723707333313,0.05426753704859706,1.7633421577391604
5.550193111380936,0.047473174391007976,1.6031328470603576,5.505374455142696,0.05342318723567688,1.5868804754874766
5.4959727894184,0.04651551958057068,1.5802144644863674,5.534302483947459,0.047929661744327424,1.6220316699446073
5.654965581970035,0.04980151469867318,1.6973248368734501,5.574422245033658,0.050945659728893894,1.6995626257091756
5.51131685595621,0.04728339217569238,1.6113226142754264,5.61070635153036,0.049687331216890576,1.6403193998554386
5.627388099713304,0.04517413660163585,1.701561133725094,5.520548139824883,0.047075587119602316,1.6626298410167597
5.5160167671199805,0.047009136128215945,1.6252826935876017,5.545004971720165,0.04995535593709175,1.664393183336436
5.530441435505188,0.04610271106524204,1.696299351103428,5.496860887369735,0.048200678344084306,1.7033500631078398
5.500174368990625,0.04794747078199809,1.6291763893893663,5.3507676204740635,0.052231365279558184,1.6629141989810696
5.513973896004086,0.048610622416146984,1.6683508227574926,5.534648959969175,0.052449190037897817,1.640140937428762
5.559419418279356,0.04680847178887146,1.6378059413770405,5.52440507650825,0.04719435791782805,1.666285856580015
5.407911369224144,0.04510590451739786,1.639238669293981,5.437996749125426,0.05142179974816441,1.7181191690759583
5.509803653178147,0.045824420921509186,1.6802065674969309,5.507523841642907,0.050780832606109355,1.6464157631160372
5.464088919944318,0.04595422294697829,1.6817791901858188,5.534649479201237,0.04764333113961967,1.6183713740133439
5.626985530563132,0.04839678796982576,1.6850449607203053,5.459975946323898,0.051996343878898385,1.6656832472312866
5.555551957264123,0.04841838959592741,1.6882678619663636,5.610018157471826,0.051066970035662206,1.6307113487594518
5.519439118003567,0.04633864298275926,1.64964140674106,5.491922815266562,0.04769809348704143,1.684227664022813
5.491614817223747,0.04601598045093532,1.6018304391753102,5.47825227310283,0.0496047999500973,1.6465917219781347
5.574676612485255,0.046935378526998354,1.5904785091740974,5.534850231703864,0.04929307384538328,1.5795070999851961
5.583075653674461,0.04761506456887259,1.6592229069332605,5.62360982413952,0.048317691436729114,1.5825422232205033
5.617865361760232,0.04834852588011637,1.6050568833704957,5.62202019994655,0.04993034223772134,1.605221448550718
5.526823563130414,0.04738430515021136,1.600357532589131,5.520385171182129,0.05006701230041635,1.6263106849368925
5.4795128114386715,0.049842799488370504,1.7073475637880722,5.494042735322514,0.05149010157099638,1.7130264275195566
5.517914267297069,0.048402565385217436,1.7420184981115245,5.518719191574958,0.05314037431178357,1.7365273620308908
5.516032006441661,0.0484838684783298,1.6288352808853885,5.590000696585017,0.05020869541457459,1.652970158709283
5.530630519977872,0.05013416435354749,1.5634224925739135,5.528518793140787,0.05454339764711903,1.5446950678488194
5.51111353919582,0.0465023814315409,1.655245985705945,5.521805939026927,0.051338512967045925,1.6568539081582652
5.550198962577558,0.047467404459534686,1.5936409011735613,5.478170489205355,0.05245020272051836,1.6270540235339421
5.553786288053344,0.045784762549287525,1.6301882083385015,5.609430179070051,0.04752530477338235,1.5306160115279759
5.522045662513754,0.043479593262570816,1.7407229114994374,5.4948417245959,0.046463783819422205,1.6799938956618259
5.577616003071774,0.050393877458385666,1.7355545443990046,5.436933651446553,0.05306963618829083,1.6968695217670753
5.539518430884672,0.04694012248822927,1.6338191185988271,5.4637734218658665,0.0493935434433525,1.669088838998914
5.418100495922047,0.046596036674925005,1.6725329734642418,5.4462606239805025,0.04846172140962669,1.6625427506196817
5.540067717220443,0.046084360029516665,1.6611612650617238,5.635017229039441,0.04800581577519679,1.6572409691914491
5.619292641627348,0.046433620581054776,1.5748495206964332,5.579414036867128,0.048565302694526566,1.60830164943984
5.5880740890485585,0.046431296106308376,1.62621498868385,5.62727339138272,0.047938390176214075,1.6339151447439935
5.41944286409946,0.049285257444560034,1.7629513503331358,5.509653058937644,0.0528718517971529,1.7756270644717265
5.465757395527248,0.04705483753745583,1.649875274584338,5.508544227389083,0.05078719882870114,1.6150117460725248
5.544275008564705,0.04628012520003099,1.604143166749586,5.614674244617402,0.04854863157008211,1.561075524773239
5.6669562767361,0.047719313466831496,1.632491479932138,5.612032510554779,0.04977674432890365,1.6653124136313637
5.460614421069839,0.04661778873059113,1.6097364911229028,5.452103701151067,0.048825200319727056,1.62334398897101
5.4818553405166615,0.04982008449286637,1.6493647926290456,5.519264843341437,0.0494429806448205,1.740189302728477
5.599135590614894,0.048277536848089705,1.620841779542833,5.519628905367177,0.0517173306672724,1.6515461404139327
5.4361746840267005,0.04668129419218037,1.519568676456965,5.429128840393099,0.05007715619523818,1.5825962362577553
5.614381361090934,0.04892491983790971,1.6458529189159492,5.589162793349982,0.05121553889357137,1.7455584101627994
5.477023315536584,0.05009598522492707,1.6193794377069104,5.435893194393948,0.049917440231362305,1.6067555238760878
5.521609235718546,0.04619391283385865,1.658001400109809,5.522850566186468,0.050518557405203265,1.6581107663738806
5.537648767891759,0.047612534013497576,1.531496267394306,5.585963727005471,0.05043235632312873,1.571477712490055
5.4565602894815655,0.04561516456028077,1.6480490820925735,5.526647800785526,0.04744354789334581,1.599348735570459
5.324054387426682,0.04718268898903976,1.7268724674560654,5.428356278452536,0.04996356891558266,1.6996889125163335
5.558919739798783,0.04658790830868344,1.7004463384273973,5.459028968878156,0.049719733243493644,1.7449996343410226
5.534192609975854,0.04678808431229844,1.5708720386301156,5.599275251743369,0.049402230457085715,1.5300215029592386
5.4924109443252345,0.04665429812961802,1.6467062719522223,5.476255564351884,0.04939347879332325,1.668949015017157
5.463500310661035,0.045637098387301456,1.6029404187681375,5.5254117786629156,0.047818405515619805,1.6860268271238374
5.609802216513606,0.048446960575990745,1.6474420783913186,5.558968174645883,0.050676447871778246,1.600283080135126
5.62226398880181,0.04748726695068801,1.688341492235395,5.585193687654238,0.049781287027567026,1.684206303399895
5.426185016347007,0.0467421715261535,1.640398009886105,5.34470182450993,0.04965314095493907,1.635860313986408
5.538915822260309,0.049964124210147204,1.7291522886829855,5.646105245190264,0.05362530628388942,1.6764552732109317
5.589783533700496,0.04655180848056147,1.6728995534943547,5.586743953168262,0.04808196026469167,1.6393652836885313
5.574708949780642,0.05077854010062927,1.7246792258260626,5.355151112192756,0.05161120403830745,1.682066804106216
5.5634364586934355,0.04535367285665369,1.6238598799584743,5.5114595076862445,0.04949749179679828,1.6397901414097404
5.439097003345111,0.04778818173973664,1.671205597419846,5.433615150772174,0.05194077016898859,1.6272603989266237
5.5710506581780415,0.04972979948867902,1.6517435592248122,5.568900577535041,0.052494123812295485,1.6318832415557363
5.4087269364305035,0.04842973367035483,1.6200009300938494,5.512883622554551,0.05333046403329804,1.5928325434171677
5.582370776355281,0.046828927837625954,1.6690883599611452,5.532048212492133,0.04902525427431969,1.6528413592274487
5.571243254106973,0.04564461721491359,1.6575126994469676,5.612851748498586,0.04819308530377912,1.6751176265711054
5.534657388900001,0.045767021565154484,1.6121906867221372,5.506922359973917,0.04794709156656363,1.6353735240744514
5.4667676089023685,0.04746475698364715,1.6705941557840436,5.630589177293993,0.05051375760113879,1.7325286385012806
5.493851155433053,0.0459488457851792,1.761681965120547,5.480570832470716,0.04815195053664176,1.7389669862747135
5.5826106879753885,0.04716334596699137,1.6335808094572828,5.605331885792205,0.05020368060838736,1.5986235867104162
5.420017813712997,0.04323267834091015,1.618862188997127,5.411920397255257,0.049741987727302664,1.683238925942291
5.448180365840099,0.0469565494851908,1.6326621408029618,5.5149731481199895,0.04940102161307541,1.6429981920539294
5.535492053302657,0.04739975209525943,1.6497278707290608,5.5351839637784925,0.05060832751642369,1.608004268509583
5.386157827648389,0.04960641395283009,1.6305747748934951,5.375205065410665,0.05346120773626709,1.694760534469778
5.462499939574696,0.04657167994772886,1.6885817464333732,5.5537174823602875,0.05066634100591977,1.725467647065863
5.525740699288357,0.04559871319973156,1.585838550424817,5.546852514112641,0.04813670408284616,1.5849681014954362
5.326298910147685,0.04927685465699585,1.6160601355132431,5.480614136223147,0.05144790412640047,1.6719498306467933
5.447099668671313,0.0462401171928355,1.6471596003803641,5.552848375353141,0.04840498990279091,1.726614331949742
5.506810792431565,0.04881601180879681,1.6725310582477475,5.484093815014565,0.05232280758809484,1.6770069263117209
5.709364781465284,0.05177212219609117,1.7099539709781966,5.644529493570626,0.05079556579393352,1.608465788014396
5.69125973388447,0.04826424325580606,1.6492308197661734,5.6882255241368,0.052281826792774606,1.635298659000011
5.490986959210895,0.04708067234660089,1.6607018361833734,5.450071195818751,0.04836238816608226,1.6571979232852059
5.411306548435498,0.047133803648157016,1.6387254402842197,5.402186466016998,0.051176575563486176,1.6287670222032349
5.51542462915132,0.0471791399273082,1.6279230127761,5.488356721333919,0.050265340029302,1.6288092000679337
5.532436986943778,0.04726572526809831,1.6085121240250704,5.5212167667557805,0.0488867273257149,1.6484685205475045
5.617736929257591,0.04514818860545042,1.6466023167480068,5.593664273121012,0.047568248871078245,1.582487011810498
5.5523119530495535,0.049227727871818325,1.6902514201567782,5.533025465391668,0.05191831003468483,1.6880953387396687
5.508523160325493,0.04904064267715138,1.718974710798176,5.4981993159982085,0.05284851861527627,1.7499516354236997
5.61619878050795,0.04805350937729345,1.5688150375474756,5.5912582405868205,0.05053060632068156,1.6264362367192624
5.50025757761622,0.048793035833780474,1.6301040892815712,5.449769767113599,0.051877739218574005,1.7230657158407916
5.492151918807607,0.04626649036255826,1.6402940124808147,5.654109247048169,0.048700596128968945,1.7198942137731552
5.5459330690468,0.04539673188042896,1.6480706713495843,5.408856628624302,0.046238133202636915,1.6261182630703217
5.441419374653432,0.047217446470115824,1.6567254350863,5.4441199182140085,0.048941676497675196,1.6539525239657369
5.459283862971516,0.04688069443235783,1.6877348109390429,5.496652451492119,0.04789572303496133,1.6509326847897983
5.456552613189401,0.04845251408210931,1.6927312090841664,5.408315439055919,0.05200071135858447,1.673524614255892
5.499107401698044,0.04823856570000443,1.5956864844550376,5.5610872597610905,0.052918496354790234,1.6189579594224044
5.420587263357782,0.0483582777082827,1.7048107470638922,5.439813927493715,0.05022171058348481,1.6689028373829444
5.4838794354138605,0.046237283483164145,1.5874709494322992,5.5293098508342,0.04808250295679872,1.640027848869026
5.56339220564934,0.04745351946645141,1.7090782431284168,5.414076850414822,0.048189289344819405,1.6521653133321708
5.615845756030586,0.046846697733709315,1.6592162970784992,5.564927525774065,0.05048940516386103,1.7294794494378343
5.415230958877628,0.04902861573034035,1.5707704310109971,5.491124925153136,0.05485929823500595,1.5913587990150295
5.559111681913775,0.04825577025659415,1.605387346483028,5.519577121010534,0.0512719809024419,1.5969547961466992
5.5623256028139645,0.048324351974546376,1.6092246298964221,5.599066965688659,0.051876711832581565,1.640081183023482
5.4609828308675175,0.044807461788120076,1.6336121962277392,5.51821186122549,0.04707396830912902,1.5890156781630405
5.545918285760811,0.04655864277540484,1.6788962362614286,5.472364487198854,0.050234711354173955,1.6739055745624232
5.524117910655327,0.04711100197991794,1.7135291382184041,5.604510886939725,0.05313256502845929,1.715663114306268
5.543372917333158,0.0469416231747886,1.5807530152891465,5.442925261399512,0.05121464403676123,1.7205734174434482
5.554454402238196,0.044881714283353406,1.5813252481297326,5.56175207197468,0.04784407768740176,1.552531549010244
5.564557678630121,0.04685703709424728,1.6072447858339312,5.48856618383352,0.049714962069607016,1.6274612236312656
5.352964893716702,0.049511394496550586,1.7055272011037064,5.425106881193736,0.05298326670147758,1.6989775079649743
5.5171292743591485,0.04986591324961044,1.7738639062376584,5.435192385320841,0.052296033567590654,1.7351536926810092
5.442029769822822,0.048445661058766624,1.584536401096723,5.515204906352294,0.053490068865179125,1.5893168199241248
5.528384252897867,0.048342115935296165,1.5912242193423611,5.57556329114927,0.05282909677067864,1.6183039236450805
5.5177575160564105,0.04670250894922848,1.647358827742189,5.562031236876992,0.04780379719847945,1.6078908826801972
5.460177614192729,0.04818158914004733,1.5876602597838292,5.450089313662617,0.0524883692841562,1.6429169082261752
5.370977977771512,0.04681171921751262,1.6021473578006393,5.4272112232801994,0.049460269845997516,1.6775502654026346
5.542170917479558,0.04620526658550996,1.6415109859977552,5.585034231398652,0.04812199562337915,1.6710501920600618
5.55174171085805,0.04714426184331561,1.6495671992999368,5.513740781286383,0.051318295619942174,1.6555312192234433
5.4538653810002,0.04914285561877665,1.5865630204683558,5.436392241281546,0.05437172878975252,1.5988267878464046
5.452942553317865,0.050479333252231536,1.650853586615373,5.514187614052949,0.05294936148179841,1.6183190127403564
5.490561200640106,0.04675345427889749,1.6244739723138568,5.5132145018926115,0.05151134255107109,1.6700152548996858
5.501418040762722,0.050417960803337845,1.6521065271903534,5.538539780180474,0.05718451652173316,1.5550684088647613
5.580391895589212,0.047683158070874754,1.7309333718465247,5.544576081461177,0.048404282369893026,1.743879014556891
5.5542267118901805,0.047537625775582314,1.6137585816228492,5.506569366830186,0.048491382484042445,1.6492887406719954
5.580513258276976,0.04778135771130412,1.6350668466534362,5.619564027656096,0.050030363892480494,1.581441382244835
5.467972681198885,0.0478921464953521,1.6245091771939137,5.539700465853661,0.048549454021146736,1.7182624466975378
5.727781103272621,0.04722656884261322,1.6215693468351648,5.664534584625981,0.04835475644175954,1.6272651938333913
5.431490150772186,0.046642752010619376,1.6885210256863181,5.5573468603917435,0.0489036536118272,1.7072496130965393
5.530590549408192,0.04526508204451522,1.6279378541021774,5.578155666945944,0.047065673124250126,1.6418452552189382
5.573711352500726,0.04721058834274289,1.6880153348093878,5.5114463532277975,0.0514616748463999,1.7284096108207925
5.683930486119178,0.046704609175621636,1.6152786401495949,5.638265396199446,0.048916603725100045,1.647096320781817
5.489081815190711,0.04540356552454446,1.5855431849053594,5.49731867154491,0.046364661121090986,1.578347977459744
5.59700453469808,0.046812534876600656,1.7094062086655417,5.504478016144529,0.04664707718239816,1.6349454888828123
5.508281314614904,0.0467019641539992,1.629441213946656,5.538373586280241,0.049592538737441634,1.6821668900455198
5.507802659531605,0.04624366615958349,1.5605264731373925,5.527608356429707,0.049212280576656935,1.5631601683605607
5.64126410453613,0.04796441189174974,1.6263176344910895,5.607871753037394,0.05149933870266477,1.6963501968216628
5.497149859918459,0.046283686631724906,1.63858280504629,5.428322937948534,0.049823231550043146,1.6785336792219225
5.636537710530331,0.049036915961924145,1.6769566945630656,5.601344070672551,0.05043384085740865,1.6507339601787947
5.466677834453861,0.04739574623723512,1.4744575222456955,5.411371285237845,0.04917081940244421,1.5552266023780743
5.470685883430923,0.04426555330485667,1.6740657290189098,5.4656634883703,0.04738335180386778,1.6722310447404378
5.450354147350393,0.04780697647688887,1.645133412079915,5.42982126452269,0.0532050631568623,1.7043633470216712
5.573432112487912,0.04743348903700837,1.7119508637524554,5.586036418178935,0.05084581233036907,1.6885413886940221
5.536955514115546,0.04863880572646502,1.720039035154971,5.620136107756197,0.052090609102218535,1.7323629449452214
5.523773681095774,0.04518587691521805,1.6527793270293658,5.534567462542381,0.05016364649745506,1.6526688372381062
5.562646198025912,0.045003260433203324,1.6694625383814978,5.550531262371733,0.04744336733347827,1.652733163322192
5.549469760076548,0.046344464576860304,1.675397384426531,5.6402779381358705,0.04962435875125863,1.6222766442796948
5.510857422909357,0.04675101167897887,1.6037713887197946,5.539286488974933,0.047897945474455327,1.5715732004680512
5.448791817835002,0.046575919994832606,1.6399241870815826,5.468848492058279,0.04985396907155707,1.7230745728401298
5.483780236615054,0.04891642420270636,1.7267348599692323,5.623857659516437,0.049692643784346104,1.6792686842321216
5.638696312518442,0.04491654858298456,1.6486893381161565,5.68304734558922,0.04704041124393331,1.6752837064728765
5.466630801971305,0.046524377519369504,1.5866841243992715,5.522090816414475,0.04864387683409973,1.5730505274877427
5.449912075378659,0.04526333474495912,1.6380699901729547,5.51785659581394,0.04727990078572579,1.6085685767054403
5.505295516400674,0.047391953589190676,1.5202600574031544,5.6132265955559495,0.052568150953251694,1.5753084484661926
5.569494032954988,0.04619666642335604,1.7016793272613602,5.529520180877221,0.05076851762217081,1.6907210473459613
5.440659822061824,0.04947396272247744,1.6570941635166907,5.505669082493814,0.05235987075012778,1.7795438504363272
5.479082812871751,0.04568015935152004,1.6576447490616821,5.515101520254421,0.04882522536076601,1.6402932888798405
5.49221400714872,0.04836566276271255,1.705630198063914,5.521219723945687,0.050924820913050055,1.7684377562490303
5.506398513089689,0.049382483752132826,1.6208003376564029,5.50060364708093,0.0542912727723133,1.6750819836970972
5.674873249738452,0.047975403808945334,1.5347707411017835,5.5773137554761325,0.05081682194636483,1.6238820881576457
5.466316234001363,0.0479325236143937,1.671315597171962,5.474561254397424,0.051510265641102185,1.6928770952764896
5.662713101688647,0.049287994732379,1.6342402775501623,5.557972880880135,0.055012776657113634,1.6519041718485343
5.372476662771743,0.045199858521755724,1.590115471449173,5.465933077850373,0.049351193681439476,1.55529190833713
5.552981654497114,0.046516554015363955,1.5663609068616586,5.467616979763736,0.048486392867041775,1.5969480707252708
5.655696633162549,0.04548668034848934,1.5829870622430333,5.5878904559485285,0.04783501926985658,1.569721028081316
5.548416405862574,0.04632226577170949,1.6124313629442748,5.6093657981394545,0.05275699065557434,1.6144746519129094
5.487800935568589,0.04686293269422179,1.6116308236819827,5.383066452632968,0.05019942974367986,1.6162845377101889
5.413714882056175,0.0485051831669273,1.62657979012833,5.476851900318034,0.050758030212479335,1.604076235469079
5.4394300494198236,0.0465274966709831,1.633902023963682,5.462518133064488,0.04787636942138443,1.6357200883644545
5.557986743206096,0.04777690851894225,1.6914248064650372,5.512446108938678,0.049859786000597775,1.7098414883174788
5.472711472525018,0.05118698981530156,1.5960296209316365,5.497657245623701,0.05279627997979115,1.6031383380002533
5.39280087401516,0.04711350354506118,1.604924935512265,5.502598660743772,0.048505726996363865,1.6613158330701567
5.594555067353538,0.04569851935826008,1.6284839806996665,5.549388120974976,0.04639689278355729,1.662129254862905
5.487515708400722,0.04738136471923466,1.6759249944496193,5.411235792470289,0.049053064101778884,1.6596361506795276
5.579250415110222,0.04741273450153798,1.6225632041770157,5.429414336124073,0.05218928894834459,1.6993766166272466
5.335416039128792,0.04598742729309636,1.5545271944502277,5.501749219535323,0.0480959030432117,1.555546711862081
5.554201492061524,0.04561597737104202,1.6123283844987237,5.595911661705186,0.049444301088868325,1.6696860103047857
5.499956185674069,0.04986311695612162,1.6403575118752527,5.4743760199475675,0.05128370818958436,1.6349365873469486
5.447739510221789,0.04879738579405708,1.6480741184326364,5.602297651239099,0.05100779047828623,1.6602036361779433
5.578711373011031,0.045926721757913784,1.6986244445682392,5.540178572186048,0.04660411576593882,1.6017338513911272
5.420022599694448,0.0468548586349471,1.6730121991497575,5.470961342276426,0.05301284557973622,1.6836390216054076
5.443396739904277,0.046110202008113874,1.648452399916732,5.4475125968563045,0.05030972131037668,1.660703315875258
5.53203673622894,0.0467791056976478,1.6324070110346536,5.485062748565705,0.05093152825770263,1.7070157109195767
5.618824151940297,0.04625317495499681,1.7125606500731343,5.488401502241977,0.04967378509597861,1.64562897690802
5.534538849343877,0.04528137380151083,1.6146183477695442,5.595316645230305,0.04962175345834495,1.5902500759864266
5.595238907315504,0.04514350780294127,1.6281667474594328,5.554216959678733,0.04676222767702832,1.6288764573955732
5.532951481024358,0.04611072420717082,1.6249409974385904,5.584937729760857,0.04744740130722822,1.6332584463607185
5.697917665716637,0.0466747809707022,1.630156349811637,5.622228588214081,0.04925236105615842,1.6148291425729304
5.498510642886988,0.051792371808507744,1.7230825935540008,5.54071697430855,0.05425696331893276,1.7146169489683556
5.600720856130521,0.04735695347106523,1.6129716863683343,5.504704052193254,0.05083423155951589,1.671663357840003
5.543180587473661,0.04618024135036103,1.6152045263326433,5.563427010851295,0.05071931553280631,1.6296670552433197
5.669639102385628,0.046680090160229046,1.5544859048703674,5.603790017006002,0.05040327473191747,1.6508862864042173
5.5193453289162875,0.0482659478935937,1.6374741013740368,5.567830071744418,0.052902898947068254,1.6964792628032401
5.550896547438354,0.04736836190195403,1.7135610527392087,5.644130330034939,0.04910578458785206,1.7368370383534697
5.519330884725188,0.049522832007982825,1.7510565560206834,5.4363902841959835,0.04961997132010941,1.6774640445020175
5.466189759841873,0.04459278281926576,1.574731419674725,5.552355483775366,0.04803866406069235,1.5670078463261023
5.522299678822402,0.047166581954627744,1.643595138403476,5.586092684160647,0.052169463788771325,1.7108776904157221
5.529046944098821,0.04690287790382119,1.7450857551184153,5.522971839943406,0.050907492263600064,1.7801477682532032
5.565783546883875,0.0466808289253301,1.6053966686796577,5.630937481700651,0.04921314487163883,1.618184126010543
5.705851109861316,0.05001102918890947,1.6384412874889376,5.575677252099455,0.049859862902963445,1.675567869076719
5.528625399894114,0.05057344678163802,1.641283846520274,5.5404202472514505,0.05940745537832838,1.6554482944644275
5.620793654220699,0.04803150341439429,1.5662807617621712,5.538590671868489,0.05065426378392739,1.630833771110896
5.526205561345886,0.05073883574528022,1.695053943960241,5.57521518722937,0.05065941804955244,1.6704706858952414
5.554007451758556,0.04844486195138765,1.669757035183424,5.549438833728747,0.05055236721277976,1.6978996661812902
5.439472557687843,0.04998519811572623,1.6375229376570584,5.424115467154536,0.051097865339944974,1.7343507614122993
5.58254644946949,0.04783384410448313,1.601413078618022,5.550994557897974,0.05312601224044276,1.6571174663881265
5.502451729666545,0.045718277766645915,1.5626654774712125,5.519911875244984,0.04943850950137413,1.6149337452530355
5.548907767214565,0.0462608463860079,1.6219093847673427,5.655115859462226,0.04844076691720606,1.6974440392663042
5.327611496869961,0.04967411176868299,1.6534014527977559,5.512350073331642,0.05041821465321045,1.6544745805814187
5.532770448455944,0.045385119182175734,1.6300808112150507,5.5414140409243,0.04673709579898283,1.5767170687349819
5.458053272451606,0.0464402520377177,1.621975914226759,5.636357555425863,0.05174904868375495,1.6438921819849863
5.475525803590173,0.0466619091067602,1.5469474299157078,5.452989177062411,0.0519970201689182,1.6429179395710747
5.628361368432848,0.04978607346757327,1.6419947856145514,5.674905869602524,0.052269496174764875,1.6587146519222074
5.416363602900358,0.047102015607613144,1.5668610141064503,5.4345359762107135,0.048355678031270825,1.6086741930857957
5.6675484397822,0.04807912034657363,1.6032300526453698,5.522357788917475,0.05132400584693258,1.5925426792253539
5.59257534247582,0.04807253137687966,1.7601218367764724,5.481600914925477,0.04981626593256959,1.7635828551542718
5.490797569271545,0.046929032144868925,1.6275938393161309,5.487596045441366,0.04826726065816476,1.6353722412828935
5.535957356351333,0.04718209402573876,1.6337224191297062,5.434651002058721,0.050303411151281355,1.6715137325914806
5.611983441233897,0.04465834789700784,1.684592723193028,5.486756025142707,0.04621577633611783,1.657973821322318
5.563228288199222,0.046929839022239454,1.601974379134786,5.571020986630673,0.04903769222905535,1.6087128748151396
5.444113231563149,0.04672371095005091,1.611211201128238,5.630207347133052,0.05095844476446292,1.6570344938371544
5.604015708284862,0.05204289759792836,1.6546536015102062,5.563882727078431,0.052731792403471166,1.7002225554481958
5.4827742267373285,0.05048935622123253,1.6299445082904915,5.356897779425496,0.05433408757988698,1.7048009320976338
5.531855977758745,0.049157375365153286,1.6628111264026348,5.560215013988515,0.052490419470671935,1.72855691171425
5.596948720920443,0.046463585533257315,1.6385432280789003,5.583789519466756,0.050672163266767906,1.6534691258280692
5.500851714955786,0.046633970021449964,1.6566287495297556,5.495210089642777,0.05086569557343533,1.6913118560453653
5.457913028926183,0.04888018494385166,1.588090217490562,5.489857275238726,0.051692340098035715,1.6237602858087463
5.580306252999061,0.048928095270614695,1.6718242078629166,5.622309264469494,0.05343548290911046,1.6901650543256899
5.476489592870353,0.04769165629707727,1.6760100349212073,5.494187468725891,0.051078551738544704,1.6571287500042957
5.550792486064272,0.047111664754672614,1.5766898710000181,5.55159703654945,0.05283337798055622,1.6013267120534764
5.4945376202607195,0.04871656934856609,1.6021098424722393,5.473465734183914,0.051897101601863345,1.6101375294404534
5.458177021501526,0.047829297187789346,1.6315562326455826,5.56886278014673,0.050068166367149856,1.7178542980199702
5.595422688376018,0.047964175823075834,1.6166819089453284,5.5730557649917225,0.05159238661855307,1.6520235469354059
5.5665948679868755,0.0499123251110721,1.7096388183553723,5.493100768786375,0.053878641353340126,1.7447733119687343
5.535568905169084,0.04463183203157961,1.6523415940878714,5.538373966792446,0.04799519350075009,1.7029429649849324
5.52103390688977,0.047625158252377904,1.6562211202748356,5.495300530726656,0.04985813833559485,1.7035758722849101
5.457176613391709,0.05235249541098881,1.7310413382522356,5.533865547158672,0.05278979566679201,1.6962516200930688
5.539506442446442,0.04887438998848247,1.5911074984508597,5.3964398729967975,0.05211836551764927,1.634923545315351
5.437232343987786,0.0447407489489022,1.5117899062113938,5.498489800242857,0.0484324101977095,1.5859745125212872
5.605980055583176,0.048780802296746924,1.6244926703210658,5.486919029955638,0.051896962435959454,1.6393783681662735
5.57121004555299,0.04576452739470965,1.6435241404349166,5.575381172603991,0.047353625771067824,1.6179033670543088
5.5021871451083655,0.04657694067118813,1.573115676201683,5.514795087870921,0.04838076398294078,1.5811107252409353
5.4916765527557,0.047475168123042026,1.6889838047487902,5.501322258514571,0.04979292534788914,1.6525346493048807
5.481121311140933,0.04657684139618135,1.5797029361525792,5.453402762312148,0.05116553925693546,1.6526806939656646
5.493744817055957,0.04655242496430053,1.7005542637328863,5.545570468481767,0.04804164634658311,1.6600343759448741
5.523479014279338,0.0483407926899762,1.5883135345516153,5.565647039673728,0.04782300289424034,1.6286293999001582
5.490897511987893,0.04788530057507194,1.68085616602747,5.536918214632077,0.05231149295766788,1.596148413838061
5.341762413376087,0.05147124283129635,1.697435867118994,5.4706125258098295,0.05344767184019645,1.6333418544351663
5.496463277638201,0.047576052197354515,1.641800299954094,5.4761045582555745,0.05058357016526214,1.6282197890125372
5.512882365224175,0.04589220773335519,1.6364408236878405,5.511488674829279,0.04940814762322563,1.6566105879944397
5.433966105176835,0.0473495496120687,1.7583636686335644,5.500761607993175,0.05049450643143034,1.6946668901502948
5.429483208416095,0.0456773677214812,1.572511580683368,5.400359303689349,0.04912288481800137,1.6486340164732218
5.448541852121395,0.04868403974433135,1.6545963510985164,5.4768317347762006,0.05011308467373107,1.6794515559363126
5.567999565037828,0.049907936967428505,1.579419251698526,5.5360267888071775,0.05453099119446723,1.6404189479057711
5.513536735788963,0.04877176286997043,1.6167951284014457,5.493061141584102,0.05293550209554501,1.6148778667084016
5.415971210203154,0.049785007234269346,1.774569392012315,5.485331178366691,0.05145676392007103,1.7251358089844544
5.542367359414504,0.046321024007014926,1.671357887045306,5.549473763160817,0.048026573009095914,1.6758308916180238
5.454144094486167,0.049863677063696814,1.6797018720989416,5.437570266220489,0.051004601162603184,1.680321502602819
5.608378273019931,0.04881206091668136,1.6761415598822291,5.515077845127839,0.05100471289910744,1.6841756397779746
5.618412089995129,0.04818127991741328,1.6876434439733636,5.5461536846168515,0.04962087867888901,1.7432866998105738
5.555212420908906,0.048371741466464245,1.6461721644215328,5.526363778378448,0.05102916875092492,1.6249652347878654
5.580124560776604,0.04598269036555528,1.6159472420850127,5.553360309950689,0.04823984732227748,1.6430969044496315
5.604362722703175,0.043734683000000184,1.6560430227116607,5.513344910062113,0.046251501735072864,1.7197936823940014
5.409109210455887,0.047693090566821694,1.728701931766498,5.491267943434431,0.049587914804629415,1.6543049860148664
5.515907029535669,0.04905653928763782,1.7099523164343922,5.532112027960007,0.05284557063448697,1.6945058410100686
5.612644040385514,0.04579096830666835,1.6521412858259095,5.56184236069829,0.047941750773926976,1.6472316630213841
5.626120925010013,0.045715035820662636,1.686052275380505,5.585184056326766,0.04924288818707374,1.6762037413695787
5.515135915296181,0.048237532664388225,1.5818895665989883,5.443699699284102,0.05360112538296493,1.6508737533578173
5.601756500711543,0.047641422634584873,1.6494307512555229,5.707109349504091,0.053002922477452294,1.6547452004183305
