m_deb1,asym_se1,sigma_hat1,m_deb2,asym_se2,sigma_hat2
2.2287941348724494,0.03826425559040949,1.0043556328102599,2.2752029178942577,0.0383459013508173,1.0050297433753974
2.240396387812297,0.03743943383777499,0.986786410933216,2.2310219373045155,0.03885289381069781,0.9882663940528639
2.2139547980126317,0.0385651532389049,1.0130604814052826,2.151742687199712,0.039843049331234066,0.9861971725106218
2.315917925080662,0.039251663481145095,1.0580705236865775,2.330176036139061,0.03958041883013809,1.0376272712502201
2.270171421773293,0.039417745601986603,1.056804110504256,2.2744509471295307,0.03959537800228563,1.0560517560732738
2.2376431288883305,0.03979597767601153,1.0378924768010391,2.239920536672758,0.03923188822609717,1.0568693704981877
2.215039366910742,0.03900178958000638,1.0328088921102683,2.2490260658140233,0.03682221337147056,1.0651904423039529
2.2302973432069644,0.03865311531423269,1.0648670990134246,2.2170034701001553,0.04026998388214816,1.0469535511265806
2.2483457375598026,0.03711209365229026,0.9847609148848918,2.3161041699582223,0.037768200356523174,1.0017007804401235
2.3434297574383676,0.038633823259318155,1.062484527977009,2.2948941323738272,0.04061096929946761,1.0979280322988274
2.150929834639463,0.03951988203353755,1.033458051311736,2.1590304589281195,0.0380207069378508,1.0373770972332041
2.352349209069597,0.03838501757366459,1.0618842057107087,2.325310514726834,0.03943614222603282,1.0726485864358533
2.309102850237762,0.03969149214220448,1.0891361680056322,2.305921690509814,0.03895311771654107,1.0426706020491543
2.210378621224483,0.03632965805607465,0.9811050363019987,2.2541580020359193,0.03664932039007647,1.0395436529617592
2.2079153864128065,0.039908986717117095,1.0004180734891555,2.2566609014063137,0.03817798006715472,1.0026184019642863
2.254279701144892,0.03978425707126854,1.0098589489681955,2.212394781274344,0.03943134426693102,1.0461870272280531
2.201725613857838,0.039032967738027634,1.0076108807691193,2.182759859785079,0.03863187664645682,1.009092172339724
2.2052071410939824,0.038130120142325336,1.0997363297184772,2.2284522406049874,0.03905800782152812,1.0789575420972393
2.197380514218067,0.03805691244343734,1.0313634848899271,2.2329068696784757,0.038422912349318224,1.0084155352578459
2.3002865765311533,0.03960820227919053,1.0730118551844359,2.2633840070241855,0.03887866406160049,1.0823281760526264
2.2211408111821744,0.03784675324442278,1.0636957694021845,2.27002496196393,0.037221854041117365,1.0928682900668076
2.179908060733739,0.03825292993556344,1.0460274894084454,2.1870052534220954,0.03707868699960341,1.0639682482959587
2.2423161427531193,0.03801922150862859,1.0388259126468398,2.273321886709333,0.036232604860250706,1.0273516683534794
2.2561959819079167,0.03868976365379227,1.0079552214697232,2.268507673539762,0.040485109336593675,1.020051219920335
2.2779310892424856,0.03832998302136398,1.049603917143079,2.247439472389242,0.03878593212234039,1.0382597075647986
2.257084890052399,0.03778069740476195,1.0111378673911646,2.2414365766989914,0.03784591610285118,1.0175829442735929
2.3575052373357903,0.0395948985097028,1.0584420996539947,2.375907041245477,0.03825116859279905,1.083040021875706
2.2031099032246373,0.04033937927182724,0.9869643301412668,2.2589366736696763,0.040205094994822874,1.0410852027071362
2.235331627114294,0.040146084321293025,1.0592097932820022,2.1937713440703885,0.03985289533205411,1.0319787678277403
2.2568400051505213,0.03958274287515601,1.0849707500679069,2.260656973328846,0.037878601567796474,1.0578320051893377
2.1923584046869373,0.040313345619708583,0.9967995066976728,2.2407356267070804,0.03973201949947966,1.037614407211635
2.2786142863181333,0.03802977119963038,1.0358473275723779,2.286642938577697,0.038333008958233245,1.0192808872332924
2.155751914845816,0.03741774818423774,1.0528373834089502,2.201966477686131,0.039241161365065655,1.0676466020176711
2.238259330432167,0.04054717137964504,1.0340832604086891,2.26739664541508,0.04067292602549186,1.012594767079151
2.2261388421087553,0.03889718967828692,1.0594284673701384,2.2408684305605364,0.03729829107922949,1.055160605491339
2.211194295068892,0.03845352134014791,1.0053544524230904,2.2357129985623763,0.04076322501313442,1.0254166316336562
2.2351689439566824,0.03970654396849869,1.0688327970450422,2.2445351617087392,0.03988743973016019,1.0668731992566989
2.3607875458638854,0.03756916014909426,1.0097510253515416,2.33358332456066,0.036488224141769394,1.0473003963254168
2.222890938564385,0.03879498718503734,1.0231446557139068,2.2845665359610576,0.04151613086247318,1.0532913791095153
2.2541753213071787,0.038920142825325334,1.0320274205181283,2.270177475559952,0.037357813031872855,1.046124106459264
2.245588147531452,0.03872429573171305,1.0229174178472538,2.270778521149371,0.03889627186255612,1.0322458802789733
2.2761291478381414,0.03786638437146825,1.0434820155467162,2.293550746435607,0.038805447759926344,1.0245872169236754
2.26822975629309,0.03884809991564755,1.0865554398466681,2.2718655442142195,0.03716460943429496,1.0715523671335818
2.290729445099468,0.03683472314107099,1.042824511756326,2.318568915099702,0.038054613944578375,1.0744389260449347
2.2502420434666517,0.03982804243770833,1.0510773667337436,2.2849520040067848,0.03882044082806776,1.0248573337998323
2.194410629437772,0.03778089648780458,1.0193550164237708,2.2051952569789792,0.038644233241967516,1.0325994414433992
2.2956608539608885,0.03981710759033514,1.0343268890577904,2.2667415839938814,0.03876838295122932,1.028183810156168
2.297375577544533,0.03818566627514122,1.0330792439155891,2.320410293837184,0.03745637220379298,1.0338966507070348
2.236321377580088,0.039926802792913656,1.0628403327123175,2.295625459209812,0.040359102125534396,1.0722914566395163
2.2021978793200785,0.038059422976171584,1.0355592743361943,2.213673239994704,0.03829076095146701,1.0021948862980605
2.318595876689153,0.03918256836786184,1.000920383635975,2.2988562868429203,0.037933825734951666,1.0172972921552892
2.188854027034549,0.03896739588337511,0.9850762445111605,2.1858447896265525,0.03835306325382428,1.0125203571381731
2.176237167572404,0.04082862581842984,1.002381651760812,2.225315216262662,0.0389604119153282,0.9958868704660693
2.1917108054759775,0.04082359765482784,1.0649149907367685,2.1991321605893672,0.041159457449880574,1.0945063666483688
2.2497902612400997,0.03838565519170869,1.008814844968433,2.278748235368612,0.03726242952038407,1.0187200367645715
2.2596353764044332,0.03686271898934104,1.0246106646558246,2.2543751448659926,0.03804875362067619,1.0036417945168494
2.308418179739121,0.03978389293908391,1.0257227925565868,2.2893293033097613,0.03912239024624497,1.0030101280992136
2.273308105051074,0.03935546858854435,1.0513422401138395,2.266254545959422,0.039803396038370194,1.0419078695478488
2.2228343298329185,0.03821105122719966,1.023530154157649,2.2798064888739162,0.03796760253012588,1.0448181372464627
2.322742108574033,0.03767958242528059,1.0252135682702472,2.2758361481035605,0.03960895005552512,1.058724510161529
2.324181195964711,0.0400981708439219,1.0454214348210997,2.3138669291209575,0.04126161572981884,1.0429101543861492
2.271710242875679,0.03822880505028706,1.0038854432012145,2.2424503290039595,0.03768989076496327,1.0117322211682587
2.2978945495702634,0.04114721572443283,1.0538396552514917,2.2767236350458253,0.03913568997700015,1.045717025652905
2.2900601277108428,0.03733589845128263,1.0343994572112891,2.32555213040922,0.038423931809598494,1.0336548242790629
2.247757985927612,0.03882035865453146,1.06290791700984,2.2276122906640925,0.038401290758219665,1.0643713017226724
2.2613461911320325,0.0382290418932683,1.0482474670925839,2.3034562491963144,0.037834637455015585,1.0717791539972237
2.2908790513894655,0.037763295219935204,1.0610149407637905,2.3419149192717246,0.03865995700731251,1.0597951832029733
2.307997973211531,0.03766800424856628,1.0478212794463466,2.3000590711265096,0.035794124828470414,1.061207832201904
2.2356971904468472,0.036785667354275776,1.0537996952802726,2.1963870694571392,0.03848830362949562,1.078584405893117
2.2591039272871107,0.038770339146743965,1.044045801490883,2.2796909177088427,0.038381283691009606,1.036875947849443
2.225749408636692,0.039726566663061236,1.0312281049508745,2.265840136889595,0.03857705601930753,1.0283156609608477
2.2035077422821625,0.03971849062863706,1.037997074634275,2.27020441144402,0.03817715975375667,1.0582972911299828
2.285335341518925,0.03935484927223656,1.0423462651317061,2.2274924119117787,0.0400282209767605,1.0254791246762232
2.2665176245680465,0.039267232130280307,1.0074826619509005,2.2945307461764544,0.03807901301558063,1.0308180258894326
2.2373965411068975,0.03895652024005828,1.0247012960428283,2.1989455589245592,0.04044390174666895,1.0483739809152106
2.2185865939128644,0.03855364874009831,1.0413327061351916,2.2202376433019997,0.03898956075800482,1.0305817789000817
2.2500945238637318,0.03993129659417363,1.0730766115864887,2.260269860414044,0.04156387730118591,1.1117462430065377
2.3215434456303186,0.038594145064044315,1.020778458368917,2.2521161043203852,0.03692393784908864,1.0296574660873277
2.2295726959445576,0.037178492854931244,1.0354666978191716,2.220518195810617,0.03782408923078084,1.0414781689064834
2.2153300830192353,0.04110613165743033,1.0455130186704105,2.194941442142039,0.03965268307681263,1.0379955246806285
2.258919515074894,0.037051150445586684,1.0429561911702119,2.292263766852484,0.03895770765643401,1.0171758047316573
2.26285820122763,0.037354085332114345,1.020778947131626,2.267792222712106,0.03783583503742055,1.0198140778191758
2.230533476141088,0.038017633913806984,1.0699136551892117,2.2920321040239595,0.03947129966141453,1.0545094997900222
2.2504410443344995,0.03755705799291088,1.0178431238102685,2.2271084819235716,0.038619822944059135,1.0680384794394255
2.2491582040542863,0.03870443165790587,1.0550535919643382,2.184986939740545,0.03947948115055771,1.036706018372814
2.267547483197785,0.03696090415776917,1.0022645866051993,2.281231237108823,0.03632810546525798,1.0025326253360969
2.203667923744764,0.040757490183890556,1.0834566426822254,2.222577709981101,0.03968119122022745,1.1311549028622727
2.223252529804597,0.03698125830342759,1.037772517321621,2.183337126268352,0.03801685088205484,1.0623996934187492
2.2627685620606877,0.04039237514710866,1.0325144712684156,2.2387355295826783,0.0382955981216431,1.0356928859979748
2.2807441874067558,0.039977200713822755,1.0186730346262165,2.2892538863697727,0.03979240458758785,0.9965373990398956
2.2261062167200425,0.03862328175200389,1.0197898698450938,2.199932665214517,0.04035006940795023,1.0429952949605856
2.2747473467231236,0.03962014404201688,1.059955340497988,2.270569983856009,0.03965080164294355,1.055272926363516
2.2565462019070623,0.038987831630969055,1.0595720625703462,2.3111226320178573,0.03940054828048774,1.0534960824202926
2.2342616016070593,0.03672913404032077,1.027637597821587,2.2468294373219213,0.03644608835879559,1.035642364133317
2.2208508787678536,0.04119137008680758,0.9805020646880597,2.2738510797670806,0.039080160249802195,0.9953429103824483
2.220923945167206,0.03708214450611979,1.039940657875407,2.219331479472869,0.03605435759017302,1.0266095529004198
2.3551571255525094,0.038919662042154635,1.0107716085542386,2.360714709081216,0.03814067204797928,1.0200943628926809
2.2474450859059134,0.03940447945733318,1.0275769792479688,2.286806791740063,0.03858177502115933,1.0351705214597933
2.2623119595239474,0.039389601828296476,1.0562362270922134,2.2656920038244057,0.04108941252327891,1.069630131695305
2.225477980885803,0.038280025971815373,0.9885069814126118,2.2483684157350687,0.03839194824049103,1.0162522464537076
2.2836140137950984,0.038550057472164986,1.0614155839899209,2.2849908843424287,0.03714431860145838,1.0409007638431094
2.307726783096762,0.038125311800446746,1.0352410287441645,2.226112724184641,0.03826768593642242,1.0230939841289581
2.1193223233964353,0.037740539792926346,1.0729453392253887,2.086298289066099,0.03987811256857601,1.0697858480196438
2.2480957164980264,0.037602639518904794,0.9920531128799185,2.315942545824227,0.03921343493159422,1.0041043628388164
2.244019245904836,0.04093986926042504,1.0178475297061536,2.224942399027147,0.04037648532396412,1.0270968723474996
2.218088885483326,0.03807736553366929,1.1261801973862962,2.246491819911272,0.037987615564909157,1.113621641627127
2.2896895553965986,0.03852957089920841,1.049291312297128,2.3218953142722163,0.039526295978876344,1.0064676379714748
2.272799966177454,0.03597731389709117,1.0305580905340324,2.2520059171374704,0.03725800889591692,1.0506596331248814
2.2183792867470005,0.04090861822791479,1.046577396626866,2.2990745681439924,0.039483235552123214,1.0399517837996308
2.2646046062081697,0.038283993683929686,0.9887741390751633,2.2420521782220963,0.03934183115630979,1.0208520642001886
2.2769017507128098,0.03688024653833722,1.0563541495293896,2.288088918017989,0.03740682576078879,1.0473123761900818
2.1963794102777143,0.038240030044582686,1.0306353754483042,2.2762987236706937,0.03795059523696732,1.0044350087665312
2.2142997592739126,0.0391808780846027,1.061213587120579,2.239067727479505,0.038593462311635636,1.0326945591113206
2.2557102094730226,0.038547622789107325,1.0437678576565783,2.275045455612577,0.040274081933709564,1.0391032718975453
2.2899396514668235,0.037538021369954974,1.0357105705915877,2.3276681041340157,0.03580257399615772,1.0420513870666945
2.2553499142488564,0.0384465031600712,0.9947442505357804,2.271837463803592,0.03922938271910158,0.9866326550580107
2.30192979459846,0.039139085478057715,1.0516922857383693,2.3240179331604467,0.037993236342740884,1.074586841102813
2.21675199794051,0.04006811594914119,1.052438136754339,2.218729432942039,0.03902021808626272,1.0141091586959772
2.1972321075668764,0.038011347461354095,1.0288624779999316,2.267383184660013,0.03818845024894056,0.9967450773244406
2.2698772818699857,0.037521189955912984,1.0788671207518137,2.2809651712952013,0.03833142668569787,1.0785541745379077
2.308472803915729,0.03923612933251878,1.0010398371241176,2.2964579312221485,0.03854807551296123,1.0117364643820164
2.2807863365905354,0.04077953690338476,1.0090426570850477,2.3309685616079387,0.038173035133099886,0.9945506328145963
2.1991144870501476,0.0422516831838348,1.0352230969797973,2.2119675957157794,0.04010638778551545,1.0543556966691383
2.24453884062585,0.038707930612476335,1.0001215324671286,2.3042827115154987,0.03927415153654122,1.0151333473199793
2.299716674184822,0.03855147597241526,1.1013997965388431,2.2944069296125313,0.039621568467981774,1.024236336205491
2.272119615150489,0.03914916382253173,1.0589848202070797,2.2698608383601906,0.03779373017955777,1.0378610531323005
2.2539646799301094,0.03676946172763811,1.0313982558268049,2.2255532857317473,0.03931988829310886,1.0714322419712228
2.2146388479907584,0.0395852722627636,0.9834650922702799,2.1887314559081212,0.03961206185016447,1.001909386910289
2.206684653782588,0.039860257362294295,1.1085472023110396,2.1738199932094338,0.04103483789511191,1.083713333617645
2.2264697371639524,0.03811219166456405,1.0446367867804132,2.265899372567287,0.039020436531686103,1.0419392441754711
2.216929686398465,0.03855672193200291,0.9872959990706391,2.252226539671195,0.03649877480704988,0.9911656462776021
2.217058022360979,0.03961563742137371,1.0262618971258533,2.2532356343767046,0.03705621110000711,0.9868350611680694
2.202697380546819,0.038295819072630015,1.018242559570494,2.241132367422079,0.04022108952203762,1.0451616798661278
2.296444500667304,0.0379122601556016,1.0038255464191235,2.3307715955719597,0.036989158156849195,1.0386376891936975
2.2609059261108766,0.038237105352268874,1.0733137442011653,2.2590650783115787,0.03848376095941506,1.0467803850552915
2.2050155949721737,0.04002445954991981,1.1102660380597877,2.260131275891128,0.03902839485158302,1.0919549274672082
2.1505935234025664,0.039186847115154425,1.0335897438729034,2.2111767147189365,0.03779743930008729,1.0411990311303778
2.3292924581456917,0.038642040854004196,1.0652889360733628,2.303250882902115,0.03830626765985173,1.0472016028867706
2.2309415666419246,0.03912262830667341,1.0246689643640385,2.233677125633431,0.03824817733483734,1.0218331487840788
2.212171323163091,0.03932585686921313,1.0661587973598567,2.2705664069141034,0.03808284545910193,1.0211463088021142
2.2301137995621536,0.03706478662062808,1.0075312343307101,2.216819032915665,0.037779339513981734,1.014695293794047
2.300939428419278,0.03906324053602775,1.022450113371558,2.2858369743118425,0.04029491055764476,1.0028866187718415
2.2468280802417344,0.03872494257047891,1.0327241383096533,2.2737866526051214,0.04037449985777881,1.0231545733163079
2.1693179949007337,0.03934071057505043,1.0326930569624424,2.1734393127849985,0.04135120344530938,1.0524981536712041
2.2373317255424965,0.03973346801240885,0.9961444400061821,2.2451144607542153,0.03797025641430082,1.0056772727234846
2.286847189696015,0.036812630455625044,1.020661389174569,2.3379316321020855,0.03774402677009558,1.0666010723306107
2.2876685965463186,0.03972957092465,1.0592151895880872,2.2660560862493235,0.03874054821714269,1.0494780221224385
2.329390912993042,0.03987809535788472,1.0428726229258363,2.3148378519066277,0.04085849377647658,1.0460071366069363
2.2301939583587416,0.03921277619243905,1.064180048590496,2.2510871569961,0.037602429046778844,1.0716048747468665
2.226594474328928,0.038170402050467,1.0162589185663902,2.258090182401502,0.037696493763667016,1.0039833394326867
2.3073365424708308,0.03892162277422428,1.088399789802371,2.296828168667049,0.040208207789673565,1.10327086754663
2.2008037150760784,0.03764307920227895,1.0033222691244388,2.19642351515176,0.03946611196701342,1.0212533156864518
2.2374920592651857,0.03908229561248188,1.0329301315806436,2.2278415341351208,0.04029562725786249,1.0411708532460457
2.23410858317192,0.038187497729586475,1.033287269638624,2.247137337778867,0.036760198245908954,1.0204160903837285
2.2400590801992033,0.037550317596448335,1.0145604545745313,2.2419424097417044,0.03786626428213238,1.0180799818490274
2.1887615772986826,0.03839732009964094,1.0328949726313896,2.2766568350584526,0.03934230717919877,1.023791888260691
2.2751645097903195,0.037713164496839376,1.026454439731783,2.2236430602741835,0.0372208916255474,1.0159915773088564
2.1840565211662644,0.037438791856764526,1.0528548719482023,2.1659774704069514,0.040441481030032644,1.024082067990556
2.1620069711596335,0.03859421474038977,0.9987441572906288,2.1635532533216235,0.03966311723297298,1.001322913371231
2.357698911708195,0.03911552732772368,1.0436500699847615,2.3317736510373828,0.04064241455408348,1.046305772573905
2.199507242885466,0.03944540518609694,1.0293279517371292,2.226360139687176,0.03828653764962464,1.0558124944681762
2.275406650885106,0.03920159282832423,1.023426116438512,2.284089755576273,0.03892356032451142,1.0314303947014958
2.2217452159273576,0.039453844931652396,1.023602026516036,2.243706814144273,0.039252526055716705,1.0473503599192866
2.237841593167424,0.04001482430499898,1.039944076921797,2.2347653040390347,0.03917667178764763,1.018480696939553
2.231771900102143,0.038990416097178564,1.01331777109267,2.273944504269999,0.03990099936525736,1.0404207102988474
2.333085969240539,0.03810118678193836,1.0459431211615942,2.2939931359307493,0.03920013595871914,1.0462252104121026
2.2757576454451374,0.03855344388477029,1.0452381155136021,2.2428348381743537,0.038688259340999544,1.080339267017853
2.2762402076938004,0.038221138117864914,1.0331122174746972,2.290178258485901,0.03807822277085928,1.0355708488098572
2.3166470950160196,0.03806928970988365,1.045578381066672,2.256878203247868,0.03868972921995909,1.0250131649377727
2.1728966405834056,0.03906649316534932,1.003218522859578,2.184078271165516,0.03904604692425666,0.9936937062758058
2.2663922769964717,0.0387310045703091,1.0561487086378716,2.2004907786215724,0.03900391122454098,1.0438341909878806
2.2429128893802273,0.03924586410517971,1.0589267320601636,2.3104411072962896,0.039389288304995426,1.0450152114790008
2.2396320416508364,0.03900536388291135,1.033598733630893,2.2653261374941147,0.04118674168501656,1.0413217661403418
2.278020993879474,0.03622397215235475,1.0263664896755282,2.2748362438517,0.03620701689186485,1.0260198459778385
2.2674007846480424,0.038834676425416326,1.0016463037201304,2.255940291666209,0.039958244838199174,0.9814123072453418
2.236004611133899,0.03987219997596991,0.9815791540314038,2.2584932233230037,0.03901476288823322,0.9868677271875289
2.2803592558281323,0.03717917029810388,1.034072951595453,2.2444704735709187,0.03709457326036649,1.0356591029127353
2.3356739729752456,0.043024042614593035,1.0339906102194871,2.3427978705175883,0.04034282554931808,1.026239097911236
2.227077536401951,0.03764774000254785,1.0428842471091864,2.171699486895288,0.03721219115163725,0.9741197342940864
2.2776302536081787,0.03799395612199349,1.0383090597573503,2.307160121336591,0.03814585282085658,1.0616100504782422
2.2576961764412493,0.040684673823057405,1.0422291681188844,2.256348630246105,0.039624830984557276,1.0554433586223249
2.2186503563310036,0.03806443267564403,1.0350706655666502,2.2989774851679505,0.03927309664129099,0.9915216183954291
2.2360040184930967,0.03954647720911166,1.061515071159687,2.2978636801291294,0.040205307821670005,1.0268038392683294
2.324802161768873,0.03785121407628728,1.0402110579039867,2.2856585058882857,0.036928140381486965,1.0202144487272493
2.230902068228387,0.03891511756938131,1.0361270114520134,2.3023857368406486,0.037277482058179184,1.055835467508551
2.25603084379438,0.04017903855086278,1.0093949800304534,2.2996254597403327,0.03887011347250402,1.0318731763620088
2.2614302729471216,0.03871088758763584,0.996009361549432,2.24623160311208,0.03916500864566464,1.0337240208026601
2.236173934957966,0.03989918691754622,1.0096594373036194,2.275355455079808,0.04072518746062829,1.0231974738350973
2.2849834679793557,0.03787213290422069,0.9827407910940357,2.212574618347761,0.03759039857840538,1.0208677482294344
2.2561536573211143,0.03767046205141416,1.049866510489287,2.263699168503712,0.03698243985169634,1.0618770076430861
2.2221050403413436,0.03892671431530872,1.0463813478363262,2.220313338950353,0.04152643572908077,1.0441294888519332
2.2549935592620756,0.03828019362311904,1.0027720528908135,2.2836899880102575,0.03822227929299976,0.9965902715618882
2.205939580471739,0.03736202437815549,1.0613951808328803,2.151965263551076,0.03932708418792402,1.0755547220009587
2.2925912638684185,0.038352216103078096,0.9973858701727558,2.2930505249187396,0.039087704645715565,0.991565671302376
2.3201963045966703,0.037069108982875826,1.0373833789981743,2.2829991290642715,0.037987008476216215,1.0338107532540874
2.2855687112971994,0.03743829519284703,1.011531009721333,2.3024809172187033,0.04010537850901602,1.0315979667566033
2.229728252425002,0.038977117134442484,1.0427558572954532,2.2151223046146002,0.038998031199595454,1.0724581075421755
2.287686103268683,0.039116504129947716,1.064859776717418,2.2897425867865393,0.03712227831227371,1.0612704241527735
2.279179926057306,0.03774581087826975,1.0370509880804828,2.2883366497731426,0.03949864120884386,1.0705420115139437
2.2173187371821697,0.038702643458649606,1.0723573089932765,2.2946782821494045,0.038137692178780214,1.0576921918056361
2.215462422709244,0.03821575370002635,1.0636982531274803,2.295707470561498,0.039642681233014065,1.068384901750377
2.302474500050688,0.03863872914586168,1.040787125988487,2.237817141683813,0.03857069079860359,1.0320592162358617
2.3282663704665834,0.03992814191155031,1.073077952814116,2.2994375320949234,0.039526188654656486,1.04138230875328
2.2425283449473357,0.03763792147347373,1.021263544403397,2.244253639851086,0.03908741675287739,1.043588513378253
2.219835238539181,0.03859449069244165,1.0759660653623084,2.226018721426346,0.039339898321538495,1.0643318349155446
2.2340056861954998,0.03770633539652177,1.0213311145803485,2.278685629403778,0.038574766922589473,1.0505291275438227
2.2303583794401622,0.040359754577279146,1.0889287808329358,2.243029333638393,0.03900493621488184,1.1113843723938357
2.2003325064205757,0.03854168908998587,1.0771712730546632,2.2476574061962387,0.03841656951265789,1.0698262631729412
2.2355892664484007,0.03999751752844592,1.0072005577651226,2.235906053635245,0.03734100456808652,1.032161435001385
2.3286844254539547,0.0398807501524185,1.0336907732725438,2.3260464069230733,0.039454421627926624,1.027857709264574
2.1587912570876178,0.038433719698189664,1.065238993737585,2.2172523661526538,0.036859545885510714,1.0537539017356488
2.2556853146473257,0.036999170499466896,1.0780108718742114,2.226190672168767,0.038411760489748994,1.0791322998820434
2.2497377647194474,0.03564328711775304,1.0328718731981865,2.2671666322214015,0.038749249610925664,0.9977136160126959
2.3071493842391764,0.04111815498894209,1.1083323882045433,2.321052563692425,0.03956189969823754,1.0542973241764018
2.2226128025362177,0.037553555315126434,1.1224580603321679,2.2230716411158093,0.037833144384650734,1.1099343039577294
2.2024918915591365,0.04002790982406317,1.0678064281920987,2.2522267489789036,0.039169953916820835,1.069998955959346
2.2789767155797036,0.04075506543000199,0.9990620450685804,2.3095016760178018,0.040279491889121916,0.9908262270312705
2.1936041510180053,0.03760532182169811,1.1152219459665345,2.228565526658705,0.03798943235101156,1.0558604789648443
2.250429030036495,0.0399811621751636,1.0618066956628214,2.3375473385454213,0.040850799565739185,1.0369799427461597
2.2479088539286125,0.04013892200991989,1.0525996614721995,2.288816745012508,0.04096535556898622,1.060696948983257
2.240644324263169,0.03859969211237174,0.991742800216334,2.320605966060125,0.03859094190168684,1.0000946157898285
2.250017182453275,0.03843084350993725,0.9855170257745328,2.2818209705914625,0.036666603148137245,0.9919784899395999
2.341120866946841,0.03908585291694695,0.9880900239673548,2.315157448945379,0.04094141365736443,1.0315897066474669
2.339269417062146,0.03721746313572225,1.0029040442788018,2.340641604365915,0.03984360021899653,1.010038258056818
2.2862650546255034,0.039924463018414576,1.0515654608786564,2.299160695792689,0.03945814381385845,1.0353229190757545
2.280846478947044,0.03681953572767238,1.040282045496075,2.3217371159774918,0.038289823226543784,1.080997709666029
2.208191487364685,0.03889236441136205,1.0441742328259236,2.223643848105498,0.0394147090516272,1.083748964971368
2.2409245191351697,0.04055771773296507,1.0294943637301208,2.279052177414646,0.040062399837713134,1.0381534310004539
2.3240428406435356,0.040620466307914646,1.0467539947274607,2.2972353799095138,0.04014030799451671,1.0451825075277008
2.313783927833705,0.04031442662534842,1.0417809242325597,2.259499881072221,0.039409382609654924,1.020487746885707
2.2308602183208768,0.03755895944059196,1.054308777616351,2.2549556211165402,0.0381901917225267,1.0633984068995614
2.1510612951466066,0.03743339377843064,1.0343080521734194,2.1943453067264613,0.04044903682513606,1.037812794827035
2.2563493064610647,0.039323573764215546,1.0521304594393854,2.2619233982668945,0.03936505571322291,1.0399589895327197
2.259244963707579,0.03888400633478374,1.0417735551219345,2.233408173430342,0.0380908210485375,1.0804254009119925
2.2164494177734992,0.04174458792820199,1.0740077832497517,2.2376687888853013,0.04100604281126817,1.0593618124631061
2.3011826686883214,0.03819749483150993,0.9848695104929905,2.2593421624229717,0.03850503750995006,1.012256006745047
2.240970262896058,0.03982908867071893,1.0282879299298922,2.2447463499440956,0.03871708268376702,1.038944383801292
2.3190888330308335,0.04008671390479272,1.0209210898436953,2.285509064240174,0.038317378373611974,1.027545162198751
2.2954027169578946,0.03878162983626954,1.0616417329594932,2.29054411790509,0.03920486677042497,1.0441784708950992
2.184729554527876,0.040490934906518124,1.016996682356975,2.244368465581812,0.039447627266014085,1.0239562164978624
2.2268639476235235,0.03858818445809496,1.0004717336926081,2.2129263309553955,0.03760597447280946,1.010699336365055
2.2416627161639435,0.039819513004528656,1.053571301653626,2.2361282817161587,0.04171565563911321,1.0422892550030562
2.2540256992527317,0.03884618429073269,1.0512375969662595,2.237706186363106,0.0384574011802292,1.0466320290386124
2.2454997155511935,0.03944376236161826,1.0736767638447005,2.1750658187372816,0.039420990787574765,1.0595635115309243
2.2971139756216576,0.03775686278647165,0.9713239869835899,2.311593926748101,0.036873633390353946,1.0050769655090057
2.2776386392102475,0.04072523381578389,1.0568415838880154,2.31102694608668,0.039815614831834815,1.0386370158029805
2.2790836839240214,0.03838405926878957,1.031087347619774,2.2960864135167456,0.03783318356779438,1.087029055032653
2.312942199178206,0.041001119418611634,1.0160760058320017,2.323266914918182,0.04088323075736315,1.0350653468395894
2.1940904980322915,0.04071087131213481,1.0189768633853555,2.187788975709062,0.04168211782826429,1.0208415785776468
2.208103091230142,0.03878785962288483,1.0420896955037513,2.239365715298626,0.039793763114816194,1.0348399333541083
2.2540918688115115,0.038542432202080944,1.0339982954849483,2.2900848668289226,0.04038536874306935,1.0333626687197104
2.238268695765467,0.04101497456465992,1.0246160193161327,2.232311382517635,0.03978996850024074,1.0471348044546778
2.2718294911394503,0.03720572411893916,1.0823502513496266,2.2514888112054194,0.037533834887257096,1.0842632100172225
2.259714547375118,0.03840461121307839,1.06165460569494,2.253507983749141,0.03833082192450639,1.0608816377154011
2.2788991948028867,0.03976289683354496,1.0339086887853506,2.3225154087814484,0.039322885936757514,1.0617253967167062
2.2390041925154667,0.03857164994583968,1.0406743282642015,2.2819509259253983,0.03923919678762336,1.05921009559333
2.292081269365302,0.038748781918613376,1.086994878511917,2.299228096494654,0.038812208275415615,1.0898019414198135
2.273252943775186,0.03741537941714105,1.075490548612401,2.271099934225052,0.039627005228418215,1.0487392316548654
2.2275142939970465,0.03900599661588273,1.0372884430972784,2.270079551834347,0.03947324878740883,1.0502908744941546
2.239817009235953,0.036827444983104946,1.040948065463359,2.26153165577598,0.03838805842612275,1.0316817338315085
2.3386510592285044,0.03887313599431285,1.0351098247782973,2.2996289885253494,0.039011361832253774,1.0303602991601912
2.1949137114927093,0.041989289954502504,1.008802837476042,2.2296144209157434,0.038980114086622386,1.0116448339442488
2.2516725511083195,0.03810691571533549,1.0232966027182386,2.242039019435237,0.03900499279568369,1.0323570242015778
2.25521682949028,0.03772610567031136,1.003530344444278,2.2678002731472766,0.038498580684740644,1.0267077396010171
2.3157392938064296,0.04043149504354234,1.009622348216261,2.2770694523855504,0.039591915503734726,1.0397513625663015
2.262693241838637,0.038873497543331026,1.0346288548964786,2.284178074468409,0.03842111251777058,1.0542589036238745
2.2364823136018566,0.03953926673165598,1.0024152211394284,2.2683967035711827,0.03897111149169457,1.013324294736252
2.1380717118571786,0.03686199711411997,1.063042853541366,2.130217093434753,0.03895583248535593,1.0674793181906206
2.2590439258338244,0.04243072460581528,1.0845730511724803,2.224984059318904,0.0405507401662509,1.1090713672531487
2.2223499440872745,0.037667328342380534,1.0432712237793196,2.2491508416370536,0.039073450646355194,1.0360193036309808
2.2320566295366473,0.037041063420516544,1.0563208831292672,2.236817778444714,0.039735833619834134,1.0735765233949732
2.2739778624977665,0.03803648337554208,1.0735012618883106,2.289164064086491,0.03940707378471275,1.0861845330456774
2.226905459273449,0.039426703006370814,1.0531076863005966,2.2849990096193915,0.037876093828321064,1.055916820881321
2.247799146646391,0.037737829153455346,1.0159776504074585,2.2564247007043012,0.038221615281934525,1.0294986076156116
2.2457181938680337,0.04027346376728987,1.017843212569138,2.2874569198314245,0.040112305961644855,1.034849599530888
2.357672933180377,0.040888400453099195,1.038182628588667,2.2901157753997934,0.038822868850171575,1.0452048732477326
2.183517121210573,0.03641517267445813,1.0397534201105139,2.218388943776503,0.036640677046032806,1.0224940397491045
2.2299672405573783,0.0402709884667902,1.040362149816677,2.2063208249602364,0.04014809861643619,1.0409175569702676
2.2165792392686328,0.039954230603296205,1.0291994773943587,2.2493940973820186,0.039731117042053725,1.0387171398533757
2.2428799592556605,0.03990119870626906,1.0157503283371063,2.2361740652686604,0.03824668684460182,1.0471283767538389
2.215335855423108,0.040377719937753215,1.0470906309110808,2.2075381124731996,0.03845911233099478,1.0480665638735085
2.224961345696389,0.03812909104771225,1.0150453880688546,2.2212663770065517,0.037884062350578035,1.0343550579095535
2.2431105017062207,0.03889289714592696,1.0888315279838998,2.226804531576703,0.039624822691297114,1.067496563337606
2.2330151536021234,0.038586676525693274,0.994801448015427,2.193622234554539,0.04080292901335078,1.0166652094814532
2.2395088820296287,0.039970436910546046,1.0195372165862264,2.2187668207370614,0.038731696396463754,1.0526589521802092
2.2336298642493833,0.03768029018368466,1.0462305168552595,2.270308416520514,0.03745116227427115,1.05625223093029
2.1766707720904144,0.03817259257915328,1.0716163902192712,2.2759004257114244,0.03680255785838531,1.0311904381062693
2.2209808643300124,0.03953661856460855,1.0601831851781485,2.301569640722484,0.03935501202593677,1.030122232849698
2.2035962553288697,0.03941453697542979,1.0614075414545818,2.2100080398463335,0.04095734853991287,1.0558298628896015
2.3000545434531574,0.039426789870890475,1.0075291238050477,2.2385170335686904,0.040809172701819725,1.02913892836087
2.227756757442981,0.03970217126750855,1.0194047398556174,2.2144496563702876,0.03890141428914274,1.0352483288256318
2.2766215429361436,0.04135687117369314,0.9759156714119043,2.285164844786825,0.039595938638081994,1.0146978012877654
2.1814696977406935,0.0392408166938507,1.0394886542212063,2.2444866571820996,0.03705534526080555,1.035904415169358
2.332606492314488,0.03918459634964573,1.051433998962856,2.343805816631366,0.03958730089141027,1.0217986631848979
2.2454684171459895,0.040024564755111396,1.0543528260783241,2.2244083430723545,0.03968839124700073,1.0260873878866104
2.286276282695472,0.03846451631188401,1.03532778575511,2.265830604732671,0.03876020856174917,1.0359832223662944
2.1892749072717925,0.03818870255287288,1.0783349469282957,2.2452798227513915,0.03749579834324499,1.0862841045091176
2.249527344194586,0.03898060182237006,1.0660721527575407,2.2693263124382375,0.03906850627937932,1.0447502093557495
2.2195650790011214,0.038054294060374166,1.0322833752178253,2.2338118407409016,0.03769445485552131,1.030343581384662
2.214095722095639,0.0380464465900529,1.02406091831777,2.2252272844345966,0.03816021477398067,1.0292728695869353
2.334756494246404,0.039112709577740046,1.0303569457511972,2.3022026754294056,0.03756130985657588,1.039108734457263
2.320196540124832,0.038093769612465106,1.043557329123165,2.2965895771474965,0.04009436708033508,1.0470639956651877
2.180369128820309,0.039806525748156456,1.0460846976679357,2.243101039983484,0.038942297763037495,1.022422376560111
2.286398090242964,0.03810877091183453,1.012511752032395,2.2752858161105234,0.03916322088070259,1.0393018560568943
2.317871511748695,0.03952521935736369,1.0201403533206421,2.268102281328651,0.04057679546856218,1.0346065828189304
2.2671138596404457,0.039385001807669955,1.0279264461084887,2.279278295327686,0.04196751970902114,1.0395293093822584
2.259289286675559,0.038883513751581944,1.0271956195810272,2.2810409261589504,0.04014625818515907,1.0699509244953473
2.2736973418179005,0.03832789049510327,1.003404662078838,2.26132181186292,0.039618836952609794,1.016885883114303
2.3149833189127533,0.03950654000171733,1.0903181160610451,2.3161059159295467,0.039037694105226596,1.0621225525843978
2.2041005237061815,0.04023032469519199,1.0699832211023335,2.2072375146864007,0.04108155339214815,1.0879838176060577
2.256381901144897,0.03812452109261186,1.0768781849625384,2.2081759638326117,0.03716951710680695,1.076751608804204
2.191860497625878,0.03976666602675582,1.0264259864967429,2.191711185909517,0.039188460978746786,1.029855954847698
2.343596927037438,0.03676036977323574,1.050388278595584,2.2738405144379548,0.03880681589990949,1.0479944511244683
2.2298181044713212,0.03882438992818386,1.0576287608500214,2.2458404620485815,0.039929043416157745,1.0809069175129224
2.2193808574438374,0.03923213448236562,1.0218801077236233,2.2327279995642573,0.038265667340247445,1.0497646010506168
2.302137532827575,0.036921757428947245,1.0505358868064016,2.237818589186248,0.03978603745140244,1.059226403909306
2.232166529034525,0.037308037262276245,0.9991363076967181,2.1791096568868027,0.03942030373739616,1.0604810502123059
2.298895223345999,0.038964678605551695,1.0898107037436942,2.273845257071023,0.0391145130953816,1.0726489362344098
2.242999486189598,0.03695658628922633,1.0403856580755093,2.2164149830696753,0.036811422039646255,1.0477737568094594
2.249024412660308,0.03941096785856258,1.0058859726663878,2.2343127158730125,0.038327874084525135,1.0333733902787654
2.250028784503024,0.03954002207475439,0.9852801793493856,2.2565527256190303,0.04170273767998527,0.9919581282176617
2.2122593824365344,0.038637313678826495,1.0405737580241963,2.189645794428764,0.03781030424532412,1.0220761065013417
2.23903431453022,0.04060151125141225,1.0188616830820303,2.2597798423647517,0.03952624781345478,0.9921162044914013
2.3152739888301004,0.03743615530046432,1.0642461177653617,2.2968676328286874,0.03870664234217654,1.0617232107876975
2.2106555346756043,0.038657354142050744,1.0609208144895925,2.2825275247377057,0.03863019658746603,1.0502645536298014
2.242828569625715,0.03746360213589176,1.0723413886169124,2.2559714862381703,0.03742188710826819,1.054435033801405
2.2173710687894186,0.03953251981199431,0.9872161085558592,2.2768314565158154,0.03889006745732731,1.0136526757900783
2.2685060544708606,0.041463233867353434,1.0310362715786,2.26721758437943,0.03901493589469569,1.0690693947024745
2.253206691769543,0.040148311619431325,1.0285954715404853,2.2751637216469303,0.039354820715875365,1.0357407997032415
2.242146885664883,0.03903384100248024,1.0823018459848308,2.2646570845648295,0.03683945698791107,1.077782986301158
2.299793732623815,0.03759877402856024,1.0365120493161966,2.256459357286396,0.03593296308545489,1.0333977288968321
2.2959076742927467,0.03854131495707335,1.0104726799089814,2.313754416494163,0.038514394662132495,1.0033807036833955
2.195166468803708,0.03791029786592948,1.006342118494432,2.199464443185135,0.039572331755881415,1.0110447730263055
2.280881447164613,0.040645667562380694,1.0401599069019596,2.261958898641407,0.039500616387027426,1.0114409384148
2.267387837541646,0.03975592390162082,0.98107120100396,2.2558905934936,0.03926711321425792,1.025944546847815
2.3401682862567417,0.03969689226991733,1.0101893765751315,2.2936193667465408,0.03896548435514225,1.0419092403058612
2.344574897709796,0.04129464178087974,1.0252746838935496,2.2722107732024783,0.03892458041437774,1.0449041822991856
2.2499450186455747,0.03962798970217636,1.0072403074508511,2.241784395269161,0.037303739732805256,1.0181477090799718
2.2489951729906674,0.038653257529221614,1.0190169511259926,2.266272283372253,0.037421018885431145,1.074548937870972
2.296099865163453,0.03836095548472339,1.040718197527308,2.2935392573676587,0.03914987663945973,1.040432187226447
2.2311580710063614,0.03925761982279523,1.009856469504056,2.330240544000249,0.038619103150154786,1.0007725264994205
2.2986531773736614,0.0400815462006723,0.9836452037797104,2.239073949537834,0.039604657389015634,1.0467998384670252
2.228569285585624,0.039408682674788746,1.0249432496154587,2.171114148370519,0.04065808953135568,1.014761122077094
2.260297994784808,0.03918265334330423,1.043361092307808,2.233697477925045,0.04144625603004792,1.0668038086381786
2.2387071226515434,0.03984598169298881,1.0448366359214722,2.272534694636663,0.03799802546423259,1.0632272329694878
2.3151009468966812,0.03858546347280684,0.9953567802878123,2.3030928134330004,0.03826938737459986,1.0354532841010504
2.249708244047904,0.03948891812914126,1.0391247765021971,2.3339729268285025,0.038348594582298265,1.0349221978367542
2.1498620519072698,0.038882961739664934,1.0215931150457802,2.15814564455047,0.03755684703187856,1.0629254960405736
2.3170898273538194,0.03874391395979279,1.0747818676104834,2.3002293184630815,0.03815995523563347,1.0668057099488653
2.250675348916663,0.039522547848498214,1.0094953600782623,2.271576146001671,0.0389313902636098,1.035965326766991
2.222832626275407,0.03989080657764847,1.0450433259166543,2.2381590006576726,0.038421101600052174,1.0575542964730096
2.3144740735231166,0.03821642083495753,1.014681899630621,2.2680276575505305,0.04054826035421532,1.0295166721675486
2.34670174620909,0.04141799001755576,1.0345850083281345,2.4018383290877083,0.04145566635552108,0.9868210572935655
2.205220135912036,0.03867992647610961,1.0338743891168065,2.2772049396429366,0.03775003566990078,1.0227002886794823
2.3071404748101654,0.039663690124270415,1.0411346893125737,2.305145956728141,0.040133151658462075,1.0367537960447974
2.284078412365245,0.03979908799018643,1.0195562184659093,2.3226713552618454,0.03877771250624192,1.0393668663774707
2.2879754078435877,0.039156148724959546,0.9950422392053135,2.26475111502188,0.04027814742382614,1.0146872247054377
2.233087389049886,0.039708138168590756,1.0303050607019137,2.2579234842730456,0.03894015585547358,1.0547764594008024
2.309325838875603,0.040527673219156825,1.0648701628447668,2.272185221023492,0.038764355072462654,1.0415687581310813
2.2211712205302407,0.03854709938319093,1.026354844639711,2.28734794108957,0.038458178442228,1.0453536423260636
2.3436149306780543,0.03773694128045422,1.0784869763862166,2.338006531209651,0.03786323949069633,1.0893881930784977
2.2469833467877462,0.037506876452924665,0.9939418967410034,2.2370406021622635,0.0389994499122259,0.9785691505009843
2.1932206268995973,0.03961688726855077,1.0444395881031894,2.2065701949158,0.04011204800145499,1.0089099543261593
2.21259705167839,0.03599473922226258,1.0157343017880256,2.2097937545884707,0.03706705279346432,1.0254671315115629
2.255598688071854,0.03820855844532726,1.0570368081959391,2.2784526007416415,0.039173408535689375,1.0358305225925113
2.3411478198069897,0.03909519709672184,1.0382691028580329,2.281884573115705,0.03962520553671008,1.0568478527224103
2.2806570438650744,0.03790869948782989,1.0142884689828031,2.252583929157865,0.0392040499446153,1.0160343175106132
2.189572185577049,0.039285366640607285,1.0028752726497632,2.1975507444050617,0.04022299595601785,1.0470025053114684
2.2967686938966287,0.038999534591298984,1.0584046993081815,2.2899027610781006,0.039872962586066485,1.013477600376479
2.2489769477768458,0.04172735183956331,0.9956860094065321,2.245417133752854,0.04286580881407096,0.978241233725777
2.2435499095229448,0.038198088801995135,1.0056129349413523,2.2456185791682732,0.04031063483001872,1.0110542844864685
2.2604139784192903,0.03946850991615617,1.0650003135128034,2.2529798052396086,0.03809176559545879,1.072414405298123
2.1762637806986427,0.03972210564569055,1.063875259368995,2.2064641178426285,0.03852331912010581,1.0884846222499887
2.2811151084399923,0.03702034652305141,1.084839914101339,2.2018609033061223,0.03755510662480496,1.127565494855793
2.2413448316147146,0.039187965351704906,0.9733670824933842,2.2600795591123624,0.03714849167033183,0.9857497202699148
2.19930250156016,0.038236348126978216,1.0174705330711034,2.2584044204918046,0.03832618300263425,1.0210889126362448
2.229820417563212,0.037070572827548526,1.0991073915983691,2.237588424986012,0.03889087620615066,1.0466331395508035
2.267004073296523,0.039172087483966896,1.0601283645741673,2.277175357964176,0.03884037307495911,1.046314592954832
2.2723741846338874,0.03918872366254849,1.0525799751704732,2.2859211642642854,0.03984958460101685,1.0041941075960275
2.226280354564307,0.04000268949471379,1.0329081559858957,2.2590803865579656,0.03916399273096505,1.0572023443162253
2.2753939542719417,0.04011199220880216,1.0085982914612404,2.279197924160258,0.038730342860761234,1.0044453284420607
2.288197983633942,0.03937395543585495,1.0100126067161588,2.2319671483603596,0.03758331147292629,0.9935581740032214
2.247076636811575,0.03793986701578087,1.0222408971268644,2.240284354488953,0.03816229573797106,0.9949582092678203
2.2836080789595514,0.03882331509072097,1.0127627669018209,2.223984769472606,0.03932948682613934,1.0209564467571892
2.2409051783485547,0.04043542408651167,1.0640980252507537,2.2335971648186397,0.03990163263312964,1.075191685428714
2.286952334040649,0.03702619053815181,1.0681481553373364,2.2778813078787894,0.038096464714681644,1.0431350171924076
2.2178882821219483,0.04131604688706637,1.059120958626909,2.2779773876366693,0.04055930560855054,1.0614496001771978
2.2866893879536745,0.04065146858087451,1.0201265485814022,2.2891837711989136,0.03932837974209711,0.9950970662369725
2.2068553806835034,0.03958940692459849,1.062274365634572,2.218767594808472,0.03990827290164474,1.056982651567638
2.2411457422442056,0.040040101933673036,1.0441556380272303,2.2086325545323233,0.04018548542703269,1.0607614972415034
2.3020259665023137,0.03917965897119537,1.0556792480144979,2.268572771324853,0.03816822996541405,1.00581547755507
2.2110079144897368,0.03717548846874706,1.0671666929355665,2.230528398973534,0.038177196643105905,1.0214238317006286
2.2815466211493574,0.0394198759971617,1.05244064676162,2.2417470890911466,0.03972729370884678,1.0573997308886351
2.2906498299070837,0.038218483010248536,0.9850357500620985,2.3184141497363857,0.03910878876969088,1.0144968080326902
2.2697576333830143,0.039981106678859527,1.0723865678839852,2.300346743618196,0.04112475004632203,1.072630517174212
2.207535495784138,0.04025387171161957,1.0555692735065987,2.2014636188732752,0.04059127190660987,1.0337415151984897
2.233711746513986,0.03880238293242535,1.0682928635748397,2.2495016674127295,0.03991756134077985,1.0470137939619193
2.298789084027952,0.038046371012997564,1.0330656812325512,2.2628524013378497,0.03790712345192345,1.0289422164163067
2.2744519589927874,0.0391666754831482,1.0663474347762054,2.261665456934551,0.0388244973720496,1.0202773080252094
2.3422473040494514,0.03943106543950963,1.066010306823177,2.291421856505006,0.038168512410953856,1.0946642790808028
2.283010995829036,0.03970485201098807,1.0304835417584448,2.3038350546428434,0.038545574538257146,1.0305670937914408
2.162454026401894,0.0411120589641161,1.047290839916736,2.2485857702875975,0.042937683685423604,1.0261287395567988
2.236732569316422,0.03767267512071892,1.0815301817334075,2.273271534120708,0.03697344702273074,1.0249354664617396
2.2184326969667927,0.04007994523313521,1.0456406865579184,2.2862851457725095,0.03937907113310512,1.0494423488865603
2.2846333114123665,0.038335536709741144,0.9936535730230509,2.231286304972396,0.03917528369854027,1.0049979618242963
2.2822105712596676,0.041301491761966194,0.9992135146750786,2.337400053549372,0.03994314289628311,1.0342969827388655
2.326464224724901,0.036885430051355264,1.0106256185570355,2.2623822797479476,0.03888589333157694,0.9873456817336098
2.262790378935861,0.039631114112743664,1.0369058802282398,2.287722360163481,0.03774734327546407,1.0374741893252137
2.2217360047113055,0.038939735227824054,1.0866435044038978,2.2534855661910433,0.039196695244619426,1.0825411705690282
2.3311035655506207,0.03846451071284781,1.0794026721990153,2.29949729061259,0.0379415521414769,1.0809059032513357
2.2018875267311677,0.04029898827407029,1.0206944592493294,2.1804547077225434,0.04224620862827117,1.027450467438669
2.27119667149524,0.04119610389461603,1.017067147774926,2.2326955166883145,0.04024545758367121,1.054717422431855
2.1875797352504165,0.03939230474902786,1.0402933339563254,2.204073888380182,0.03971327317357323,1.0485953155266259
2.306364036139131,0.03891518749934116,1.0655578780275268,2.2877790550767565,0.04003195659777841,1.0568078815273847
2.223162499877978,0.03693002472715622,1.011096366764651,2.2149717987104176,0.03641376106298366,0.9891151457306118
2.1808524907341913,0.038382658534956204,1.0385332573334467,2.2035469073719396,0.037792789660293036,1.0564082778194874
2.296223243735446,0.03741799357705995,1.033659534220898,2.263299550278184,0.03859365031068891,1.0686371019058802
2.2509810001299946,0.03844635793479945,1.0782635250810935,2.3139405568583435,0.03983985251709183,1.0863739491152051
2.227353880706624,0.039074845818644455,1.03058495017719,2.2499243188707663,0.03913807612925876,1.0448694136253742
2.266442760727081,0.03755320857803941,1.0396055542582088,2.349286323781942,0.03830526364903704,1.0233968944290481
2.1826680843888755,0.03880645448340557,1.0716842009563812,2.2192194755270025,0.03836967848363331,1.0564716266268699
2.2443203472469406,0.03871388548351945,1.050171555859264,2.2385330358033193,0.04044193472567099,1.0065719677711962
2.2552524883795178,0.037194877098329526,1.0477466577557324,2.213463506900286,0.03883758547885522,1.038114299178602
2.296411435618142,0.03759060216240386,1.0446265435041426,2.298227026983696,0.0365477300337782,1.0378089594572066
2.2445178697076713,0.038315013318685635,0.999839999610515,2.3094104395226545,0.04064484313591641,1.0655117272056844
2.233733288916509,0.03950144674444954,1.0270517535665182,2.1925307667532374,0.03997941832589843,1.0381298188871801
2.215399392847024,0.03957729451577839,1.012140843953961,2.197547148338669,0.03893344070524011,1.03681593830593
2.1951690841269635,0.040609092385724736,1.0579078514415186,2.1964953669389167,0.0386654190636045,1.067970666646855
2.2156204185184465,0.0373435447055664,1.080378021571709,2.2333723977154465,0.03825352591491195,1.0932944033393865
2.2877375479315876,0.039520677531284854,1.0643307252875298,2.204374313222382,0.03912117855102443,1.0627059636340581
2.267284824648774,0.03887967159884659,1.1081603523059147,2.2411009071371173,0.0379214102326103,1.0442739003223338
2.285777040556241,0.03796223912401039,1.0498449256957467,2.266146775324155,0.037743481493097863,1.058069993828092
2.32437897127138,0.04088587530685205,1.087768822564772,2.3027613509496034,0.038686889487365234,1.0709671888183712
2.2901929096730322,0.040642169599444854,1.0161091148921015,2.2995374939565716,0.0394700416642682,1.025527202525478
2.182018319363929,0.0401100381749371,1.0281847646641271,2.2231292331063695,0.04070082177769032,1.045264109266628
2.2239513666454727,0.040047390857688304,0.9952799020685754,2.236531797550847,0.0390373616954983,1.0417778380305034
2.2833598726359163,0.040237166950175325,1.0699963181719516,2.273139382229939,0.03990133662391693,1.0642401131544454
2.2161344317360006,0.04012622967679206,1.0378953887095672,2.2577683234805765,0.03889442170985715,1.061843013086149
2.1761532228878147,0.0393040211257098,1.0177047548300495,2.1490094520463554,0.03910123143776679,1.0269266860342212
2.218319377035193,0.037857565640472074,0.9896247172052947,2.225414073873092,0.03948540039595288,1.0313363301699465
2.2714217587408694,0.04025403378381126,1.0576868960957038,2.2453765078762857,0.03826620409184857,1.0652359918856322
2.244771695539727,0.03796264027180842,1.0416876028924884,2.2784877274188564,0.03708257794838511,1.0357608009729748
2.215961792267298,0.03685008242246096,1.0759545009045537,2.2919313387685727,0.03777525546330537,1.1096066577424069
2.19062157901261,0.03851030568030338,1.044993718424319,2.2326334455815293,0.03953599219464992,1.019454033242632
2.288235083171864,0.03710416671338078,1.0274529580593044,2.2670723624810587,0.0381226071851413,0.9814257862979027
2.2979812014295065,0.03898288622935236,1.0500588697460198,2.2554735770371344,0.039755878877442405,1.0926523731531816
2.331441975567425,0.03908654953049133,1.0250042795601961,2.381177678223121,0.040024271748624135,1.0372967883197233
2.30255275975992,0.038349226647753025,1.0166055393384432,2.264534300723742,0.03760368444537068,1.084736222953565
2.2616725986700326,0.04081787441548095,1.0175493522891659,2.2534537300365987,0.037668827167494284,0.9814036868686019
2.2562088965387863,0.0380166868550729,1.0650952827581124,2.2705758772561055,0.039576064965042984,1.066173241127268
2.202967199973611,0.03792329503338381,1.01770484870205,2.3149069126208612,0.037829358885919546,1.0267608011234932
2.256115358608232,0.04019017621709502,1.0525757979680737,2.2595650849216224,0.03859738605831937,1.0399872423820709
2.204489500071265,0.03790361408709983,1.0214486802993277,2.244417473886018,0.040356041177512,1.0173704998910265
2.2262032378168772,0.03930057710558296,0.9993360878712899,2.239383456593891,0.040194112671149695,1.0515219710622217
2.2597961974542207,0.03812279442008433,0.9707730734603016,2.2509205174402074,0.039586420046448884,1.0093286773707124
2.2309017771673814,0.038980785164029086,1.012563220805925,2.2223138828038893,0.03992152432556807,1.0175608415600705
2.2267455097266025,0.03649671197548837,1.0254642184526819,2.1856490268391373,0.0381452397210012,1.0163733518180025
2.2695292965556977,0.03981492287198106,1.0460356716136003,2.2651249407031906,0.03885914524854255,1.0491726705581106
2.2904394973513234,0.03678285372898508,1.0357601171906379,2.2701502437418224,0.038124100901530636,1.0235248445534582
2.250575658168145,0.03803480621601521,1.0591266002101627,2.3046180623745527,0.03683662769862343,1.0636290065673042
2.2454507620841153,0.038033524692460026,1.035794145381594,2.2322127766949698,0.03783661856590124,1.019524640025917
2.3032914105661337,0.039308137929379504,1.017942332257378,2.2583915404267016,0.038861503057756465,1.002380670899575
2.229236165895868,0.0377958405026469,1.099388193350104,2.2541925700359777,0.037682926988162016,1.085007248110768
2.205673601524527,0.040672228711890836,1.0359721691158223,2.252667732820922,0.039580327525888866,1.012026818430011
2.313762638057304,0.04063383602745892,1.0977420807134937,2.3247711721765634,0.03944322695887735,1.078833275132274
2.3339564618435906,0.03798863322315157,1.0048908458510764,2.2639075686710393,0.03981316871361111,1.0054414860994416
2.1934600864949387,0.038087590565063584,1.0099141409823753,2.2270517543638078,0.0381630100011596,1.0239362380649686
2.299152346048945,0.03894838071373508,1.0759029686097619,2.3333708836304945,0.03943182834197579,1.0730539953855447
2.2859468578095585,0.04088016047384448,1.043429675845431,2.2802918148692215,0.03933208515322531,1.0403086607751226
2.275330519300679,0.038615062009956416,1.0001774393944147,2.2785055837679953,0.03887077360285978,1.025659801644304
2.2093180595879107,0.03809824256124934,1.02988502211836,2.194277629183581,0.03970814501917829,1.0173342118181687
2.2694145369261842,0.037176856159677335,1.064211759195093,2.2970180908876285,0.0382789174523761,1.074773745319358
2.284322012743619,0.03905092601785632,1.0186203575784998,2.2642596374339203,0.0387341688766433,0.9715294388632415
2.323734128016503,0.038995082541646846,1.0393652920134397,2.330567245801093,0.03872312710478751,1.0650717748742142
2.2371220240055263,0.037805165278788806,1.0216044382901128,2.305696937478362,0.03856320325178512,1.0011292665142044
2.285697751072264,0.038135511187813824,1.0080692331738306,2.3213802124956784,0.03844468336680349,1.01023031828262
2.256958681654939,0.04008828235232374,1.0132361686886568,2.2331361075226277,0.038933744531774284,1.0423752116001395
2.27396146368493,0.04032332167852108,1.0052740589520446,2.2704698436082427,0.04021618641435408,1.0752772660610597
2.254562610582261,0.038775131237068744,1.0153766807334264,2.2722377282742836,0.0370619912310084,1.0133201080830878
2.2656854502379598,0.039069284049031636,1.037678974680414,2.269595828635166,0.0412391861685687,1.05401428370875
2.251039705086297,0.03928852238151288,1.0440083325631593,2.2330685919233986,0.03992459699365355,1.0696378433479166
2.2230278352915382,0.03802320625779963,0.9977364697209851,2.2526597895824505,0.0373020212760439,1.0212429216220769
2.2293193977860497,0.04071728146220158,1.0420449377041303,2.252615583439609,0.041435802502827135,1.064371868370524
2.3077202824557337,0.0394891681517316,1.0870398808577175,2.2944415891752614,0.038495360866659764,1.0727498771607658
2.3024119609248155,0.040362207883964205,1.0658653383086631,2.326059402407886,0.04049898125587175,1.040013462737905
2.276401364425885,0.04042465880531544,1.0061365854441384,2.3062305469948496,0.039163208401950186,1.0432327315941405
2.2212733428424283,0.03930935676679256,0.9984266683728266,2.1922760384997377,0.039948440143586395,1.0085142591139056
2.2118065244401337,0.03937684848312289,1.023597244805173,2.2628584451146727,0.04234918552905838,1.0316302732947518
2.291422295175202,0.03928646150917525,1.1096804259752024,2.2732759888627516,0.03928632028093832,1.076774891588959
2.2513305857630255,0.036401653435907635,1.0226232438183473,2.1829111196477893,0.03897418615358822,1.0444354704250558
2.248579116366167,0.03892312376476997,0.9898496411291181,2.340624733542478,0.039080896910946634,0.9954253576427974
2.261049257789201,0.03962727038560573,0.980186606222467,2.2785019146233183,0.03967990983156235,0.9568787447062925
2.2556899983583465,0.03872343940346918,1.0504683183080008,2.3071327848735868,0.040487626068005766,1.0400647426148188
2.200290458035608,0.03842182793392487,1.0457082157151787,2.1575029806518367,0.03886058961728511,1.034222032759238
2.2049101717296287,0.039178076197764596,1.010590485880629,2.2680013558155854,0.03838842774428579,1.0377733137325138
2.2286515822001043,0.03745832775291144,1.1263146279003953,2.191557798825438,0.03890890373593123,1.1358485323767769
2.2319904327056785,0.040250316129886075,1.0314348213796145,2.2197476064784283,0.039365428064779655,1.0757435220107177
2.2443537651460637,0.03645213907997629,1.0472703246179986,2.2824698369688985,0.03827953984539366,1.075665275429727
2.3120572801821537,0.039101005998650795,1.0804201816559023,2.2808141362953913,0.038263139207386346,1.0478181118708945
2.2366377452502353,0.03985675999162732,1.0405356333543254,2.2635600707529786,0.03869382646284948,1.0255724823191172
2.324429807742898,0.03868805612165834,1.0801496186899207,2.2638716759548743,0.03802165798556941,1.08375295981434
2.23328438498245,0.03849009584192631,1.0390391025813293,2.2117113039465672,0.03688763727949166,1.0815966433692343
2.2331183860906427,0.04085712030969547,1.0497212762965709,2.222548446997654,0.03906855627714338,0.9949031555865749
2.2700608307288164,0.036890330078206045,1.0296470618149631,2.2420253813023927,0.03879957099646072,1.0411839544839443
2.3084296282541272,0.04082340423247506,1.0716280496388608,2.3343825245984027,0.03886234364907229,1.060845929144447
2.25640640977729,0.03906419932964809,1.0242164066277286,2.267771193192719,0.04000143786915297,1.0928259752415503
2.216467882219819,0.039342962458659085,1.0360902807530563,2.2630713150706656,0.03969020069752549,1.0586215827901786
2.27114391704211,0.03882250316196353,1.0534021389817265,2.239275021292481,0.04004355207640084,1.0293638971863812
2.301310372229199,0.039834009445585065,1.057037035128295,2.2783440411854166,0.04119058990496622,1.048242726264281
2.337998173766053,0.03829597694151659,1.0699876733028084,2.312544387008955,0.038786284016570347,1.030935787950266
2.2513604260870066,0.038901722442148116,1.047873855898983,2.2678477229687974,0.03837082645193272,1.0418396872548983
2.1748743870022045,0.038582064588139814,1.0280286273924713,2.2297969960449557,0.03783693551486497,1.0214152372330558
2.225555455658951,0.04024715918924591,1.002057637896621,2.256196188444002,0.040848971038767785,0.9839380458778401
2.265017891124254,0.038108783508193564,1.0059799877128244,2.293306024535589,0.039150448531355,0.9980999996499146
2.28535802337059,0.03894872224634354,1.0251241423430626,2.304925391401138,0.03796427385799735,0.9975826240888852
2.2627493402280887,0.03967187007132144,1.0078236628016013,2.289277321944454,0.03889656354179107,1.00418494006202
2.225458672318429,0.03976293221216451,1.108466544589665,2.212651621509415,0.041519764251156985,1.0599115881135095
2.2886769570913383,0.03986682360764062,1.0569836081974966,2.2995075399007066,0.03943684934053075,1.0915980573856205
2.2750148536094854,0.04012569361728448,1.0667038539959353,2.307649859236641,0.04063788065124731,1.0673595854365416
2.257681190419327,0.038601843594499474,0.9973027577676687,2.2995951304669164,0.03868183711927866,1.0227559902830552
2.241961698404808,0.04156234934171854,1.0652783773646477,2.250869143265932,0.039748528278272056,1.066791443264878
2.2898223136132208,0.038692376675117865,1.0894799740259629,2.2477081296420907,0.04024200396280691,1.0883457041765794
2.1614697119662294,0.04012113364411307,1.0310039045559565,2.151017495645558,0.03981222268232816,1.0116064075748956
2.2512640306763716,0.03766726673538942,1.0354223321431104,2.2383202736804377,0.038229665395528446,1.0070581507398335
2.2833786726253766,0.038525370561310376,1.0998863935025642,2.285950229260934,0.04060951463377248,1.0691249041535125
2.222465820200951,0.037649934094121304,1.0397576562427544,2.235426111398813,0.0371078070017846,1.066975715220152
2.1635618603921114,0.0378469717342721,1.0488404236401234,2.189138675343894,0.03718912471177582,1.0696765699000759
2.2110906617333965,0.03687278642033548,1.0232735271448066,2.215616577707299,0.03655113322364033,1.0469307204958032
2.205172948900456,0.03692636945649158,1.0152483780500334,2.252456403874826,0.03851473372389245,1.0109603619397662
2.265984587648458,0.038274735022030874,1.0629024476353908,2.306755624788135,0.037557383759868924,1.0695585244294652
2.289336616428358,0.04038512106785771,1.0850914715450706,2.3083342390589574,0.04051046743148304,1.073016615848815
2.198167051577168,0.03866413895867623,1.0091496601970613,2.1633982818534268,0.03996497338754304,1.0037391282654924
2.250010406567392,0.038491660493691404,0.9854134839934469,2.2266258510953514,0.03798124267596287,0.9643673066092341
2.2850160772272265,0.03806308586913764,1.0020123862708255,2.2577773636501255,0.03806948579019783,0.9985005358005945
2.211503301163691,0.0379510918031374,1.0654450204314798,2.2436115762214963,0.03924302851130107,1.0767597824194692
2.2495337559327986,0.03993206985212165,1.0190431796027728,2.21932015363552,0.04027480414243249,1.0032663576869496
2.2176352999634634,0.039267969832325604,1.0162042714532402,2.2849613768409403,0.03786518161877224,1.0202690622134298
2.2375115161267534,0.03694375422389973,1.0912572774949836,2.285451689675864,0.03823953331196467,1.0864399063306325
2.2445870444526923,0.03865281820905322,1.0541980175549839,2.2571868667388713,0.04001745039351889,0.9983742318932862
2.2799182625075223,0.03756787212258364,0.9995776378333839,2.3017468924124,0.037763797751945806,1.01521029791331
2.2258573798759373,0.04038674324156339,1.0681572320892248,2.2834901751854932,0.03980056103899452,1.0527768761574383
2.303602888525363,0.04154793877907121,1.0453309654938678,2.3047814060245875,0.03915435136550576,1.067942166861859
2.257488426324013,0.03856065625743752,1.0486680466571896,2.27547319636396,0.03873405474229246,1.0403881373299877
2.222470631296182,0.0406109086065486,1.0467701682118762,2.2135137895830503,0.0391840344955445,1.0392897688321212
2.2378152230579875,0.040048477836670926,1.0461308394065607,2.2293931994403864,0.04060146020852727,1.0839577712364465
2.2357752802265054,0.040111904615033195,1.063769762257662,2.24906551168751,0.038415721932336194,1.0882319233667812
2.2563830180251525,0.04061912777192226,1.0215726833776118,2.2891300289418672,0.03895859796594335,1.0661462066549214
2.2703176781630914,0.03980739711663619,1.00092219824593,2.2768517129861086,0.039817906972226556,1.0395014640875035
2.226435684369468,0.0388703070323183,1.074516595905767,2.1773688178024555,0.038317450608864254,1.0605432743971617
2.2664752456854624,0.038516684536341377,1.0562428809472066,2.262306090967892,0.040499176291769884,1.042360198969968
2.2665580104702925,0.039155850763274026,1.0932978415556074,2.258423423875576,0.03817539545433085,1.1011944869906714
2.2811792234041404,0.03822747990921016,0.9744075211077691,2.238091536517977,0.03869901151516411,0.9878948788482087
2.3126396595243817,0.03812951390150538,1.0962510267952992,2.3292264326613097,0.03898154832067233,1.0732926410567927
2.3055599826016464,0.036826479252396606,1.0707405651852788,2.3027233657277355,0.036306935101711534,1.0795521478586936
2.202291404454459,0.0388753165055766,1.1297169269906242,2.228721315110517,0.039303630828530854,1.1429435358079654
2.2980906375550116,0.038955127434166424,1.0076861625060403,2.230602048152928,0.038924060027217815,1.0300708695049627
2.2502185291847763,0.0388148494029398,1.0887078152176204,2.202884049282197,0.038043527638554585,1.0334721967796672
2.203676030498993,0.03821157731385699,1.036532732766141,2.2701027743400166,0.03946629676544779,1.04923231266143
2.224413762841148,0.04018790375213671,1.0365715263744328,2.2394411903170797,0.0398233248563361,1.0399363389692573
2.3039803139122492,0.04036279557330169,1.0264251179692914,2.330710848712823,0.0402369273673618,1.038138387114416
2.2722284595640247,0.04002739665038345,0.994843148575729,2.253393797698373,0.0404205841596038,1.0164116224990973
2.2654170027060463,0.04013967576871907,1.015031636465404,2.2757005452845696,0.0418543061125433,1.06769853588924
2.2156559396681814,0.039029030663732193,1.0056877394552173,2.2379493188967765,0.03901443271356538,1.017586143906388
2.350939693311263,0.039519628636168626,0.9880498048345938,2.329738145806408,0.03922024365529741,1.0273364272545271
2.2340969735994207,0.03783902666661152,1.0188632614465611,2.26474866412009,0.03865766800905215,1.0290118721212247
2.1910966744201232,0.03767883539840812,1.0381043506398147,2.190803837693048,0.03819115306103219,1.0644956998015076
2.3211356508872005,0.03665776792610179,1.0410633024867737,2.309155217337969,0.03849457561784863,1.080820050583572
2.308597663206951,0.03950835284446155,1.0537641663061148,2.272079179243611,0.03774718462932165,1.0264458958270712
2.195665501991079,0.037936529580034385,1.0376873864038065,2.1963277963506758,0.03882168919675937,1.0216949302708846
2.2960162614637785,0.038057357649846336,0.9855951637660134,2.336721657064886,0.03933340676987905,1.0395379112367549
2.2591125249943067,0.03913909970536843,1.0135063215358797,2.269967607594372,0.03894668258984276,1.0414724715029908
2.23348855754652,0.03799062097034512,1.0505804987191572,2.2700048254725123,0.03884764552193297,1.0471096197521501
2.2653630701283065,0.03798867166785516,0.9942211103329991,2.250741269637364,0.03917688570112372,1.028384333684428
2.2326560809297495,0.039027199378089746,1.0142081154780347,2.2845326658820104,0.037937355376156744,1.0277044488831883
2.2036768324123455,0.0396234550709963,1.0570570102606427,2.264445003911987,0.03858828487448924,1.041336755654298
2.148550784359097,0.03657940552789708,0.9823006736548031,2.1712182303018723,0.03840554304028689,0.9813521202846064
2.3078363229381837,0.03811983824609447,1.0370698227776791,2.275559453531663,0.03691831458005675,1.0266154136270482
2.278251317687689,0.03813169143776599,1.041623370642651,2.30882301482085,0.03782482896519879,1.0544159987041442
2.207015613210312,0.03931063340760462,1.0387960753935637,2.1901462679387835,0.0380345360094632,1.0782137807000285
2.3073106551290445,0.04032293662944914,1.0438390285173227,2.3196957954886015,0.03825192796927395,1.0622341243389015
2.2599209972929453,0.03806022880222083,1.0027905623097928,2.256213178170482,0.03728348971791742,1.0044984361338984
2.301743819544141,0.03669510012928258,1.0075508795899768,2.315259746061762,0.03691294395250899,1.002974694561339
2.285692655793112,0.038067807310503306,1.0719500094198822,2.2298807383063752,0.04019325903153602,1.037169338207212
2.2294701786410474,0.039204978389667126,1.0944102752372016,2.2459676223940375,0.04039293779154434,1.116646862378715
2.31386838162548,0.03838364350117756,1.028400152179248,2.3256102574735236,0.03988286335120336,1.0645636474805262
2.211315018019504,0.039189230860736605,1.0489584990557441,2.2872185666716507,0.03726552003442303,1.0558604009663146
2.3290117107604194,0.040258255855518024,0.9870595930181202,2.3438278805103416,0.038993758463765744,1.00318330508628
2.2666003882863284,0.037298763576364045,1.02456506572788,2.22870700747401,0.03914688691253942,1.0298519547899567
2.257460169514712,0.03976406784651427,1.029156570952202,2.1915482517473874,0.04018049768875487,1.0160161552291826
2.238369087444268,0.03969531825266052,1.0716577250191046,2.255364828620976,0.03925902635004072,1.0573977064923177
2.2800322346257413,0.04066510272327729,1.0287442708788594,2.266810776285345,0.039679010354225226,1.036731618917852
2.282081814176097,0.03788536363036466,0.9960640901696396,2.2648796657582033,0.039670143154776884,1.0019068609257389
2.2713978283363607,0.03861466211339134,1.0540984682294638,2.2579756782667424,0.038080798945024134,1.0399195222198636
2.211575367457428,0.037699293816774566,1.0432007536247414,2.234850306682274,0.03690514140969364,1.0433917756861992
2.1840127632864403,0.038047860961021994,1.0855402433993486,2.1695972731722875,0.038174316916625255,1.0304830474059725
2.2722500946728466,0.040387568813079644,1.0416460161740242,2.2761575793942193,0.038917620105099054,1.0139976302695801
2.318592731981994,0.037866243597803065,1.0622612034130574,2.352710474705875,0.03818444428696279,1.035789021454926
2.2881288027823476,0.03845867584373136,1.0332203141353749,2.260834893624177,0.03734903257319421,1.0416041297577352
2.1707187076083323,0.04052000716326428,1.0173121386639474,2.2146851979885316,0.03979745592995387,1.0414196795600263
2.1815243376817923,0.03818235242880738,1.0207029465405963,2.207728558440885,0.037778784576810304,1.0690524324352473
2.1809260650474065,0.03941336501832733,1.0351793925863157,2.1760758682952726,0.03768835398558613,1.0264734170396927
2.2475335570144197,0.03819442636027532,1.0239205664775135,2.284058359792109,0.03948522215879199,1.0400191637008944
2.2364066709880843,0.03962538777841702,0.9633740944925755,2.2345393821388866,0.040749353665861465,0.9572056346009353
2.2597067085860036,0.03803772906200582,1.0745993806435608,2.2714636768863152,0.03768024695093191,1.058916563976751
2.2822144196044296,0.04120865097625374,1.010700622328154,2.2596737567044656,0.03897127137907327,1.0363308598916119
2.23919899226349,0.03706657793721461,1.0505043904007179,2.1907252521288996,0.037343034470396566,1.0557639013664935
2.3247762099221685,0.0396712646365555,1.0449334110006103,2.2855825991238943,0.040428976760821,1.0579034006485086
2.312693357542733,0.038569702907112265,1.0612522180107147,2.27082028754055,0.04099034071147443,1.0956402956812636
2.358402335609873,0.039018593357148294,1.0319206914983161,2.2636029667124737,0.037786688148084155,1.0071479879991199
2.212317435173044,0.03848182914781841,1.0705666985477318,2.234745514824574,0.04068507299606765,1.0499188242775932
2.2868852281962213,0.038304668099853764,1.0506394663199852,2.228147821408167,0.03931379892307097,1.021022493605605
2.2612700599402396,0.03898157824711977,1.0497094491293466,2.2672491303660216,0.03762873253327602,1.0529303476702736
2.2646635084185625,0.03763559850377943,1.0838051269947897,2.2846819297769563,0.03902333220892559,1.1138304433281638
2.232802411181338,0.04180509158951372,0.9693842098119249,2.2276934013174374,0.040210124054462795,0.9791244960697845
2.3296429210421743,0.039250995189563105,0.9771210854823857,2.2980406259770163,0.04007984522731032,1.0085713455731442
2.247125990903617,0.037556919014596395,1.062389105456984,2.2879146341842382,0.038755672095505504,1.0356393329903055
2.257945587595968,0.03907930346039187,1.0996876689465604,2.268416319918418,0.03917343020918142,1.0361152123840434
2.273322938702231,0.04012836972969929,0.9951849459864371,2.3197457864242708,0.03931228321394187,1.0090399807167565
2.222317837501484,0.040235711268537,1.0299120987067474,2.266105570054276,0.03869347905718632,1.0297949056262492
2.242118509532013,0.03858196676442891,1.0191970627402651,2.2484991969371153,0.037373249749937575,1.0217132824357689
2.222363923276395,0.04026599775711069,1.0326904003889235,2.1952232644530114,0.040331345956569994,1.0524245965472219
2.2423092002904896,0.03846898155673981,1.0590242750448378,2.2320354225110535,0.04136266310729559,1.0179749814875263
2.2514122227405227,0.039835963478416135,1.0285565549976996,2.205771661834192,0.03886080875739438,1.03965933172199
2.16826328261946,0.040084482979296704,1.0651259806263682,2.208247092237677,0.038718936751556805,1.0612339762818657
2.2874756434896257,0.03726778526539871,1.0039698107264123,2.3027661430996926,0.03888647720495512,0.9818965609192318
2.2760811139324124,0.04300916572487081,1.0205078083447405,2.2255933745588994,0.04216760733075419,0.9980881743755577
2.256893832153373,0.03958190232774987,1.049759925507406,2.2345873787938917,0.04019007993092134,1.0025044816967417
2.2007672757756396,0.038023936467616856,1.0401469099062202,2.2384951451206807,0.039000852031358654,1.0183123117476214
2.2558176464171993,0.0376297609814869,1.0262592802340842,2.226758111558306,0.03769484125609203,1.0150435714927761
2.3042846046902525,0.04064646085165826,1.0827321440574516,2.3289681181514714,0.03964461401494753,1.0821451457379854
2.2478246743862633,0.03977259205412697,1.0111245312626305,2.2435865679006373,0.03964724303156399,1.0176846351062192
2.2783906978741193,0.03907885901364074,1.0638372851621711,2.2505704533057544,0.038984971723002505,1.0288155450154879
2.280841482273868,0.03794056916415145,1.06758218044596,2.291671108199408,0.03894042957523557,1.0300126589230103
2.265305274226722,0.04013677534074724,1.0378595153631043,2.3405078031917896,0.040488484799092554,1.0445078192494377
2.300240236026376,0.04051794430325508,1.0757674075332482,2.323944959499395,0.039987915695447504,1.0242381311833075
2.165714469744458,0.03838518049133115,1.022137558821254,2.198360026872864,0.04067655509051744,1.0466999856864283
2.3002594618172165,0.039381046962760416,1.0259923481167352,2.2703351810701937,0.039308120887346955,1.0256378386748792
2.23150293016774,0.03895078384672049,1.0305862985276308,2.249050689130475,0.03866619656459394,1.00641830413323
2.2606380806567272,0.03624230109306647,1.0258623007910361,2.246743425353785,0.037551016911371124,0.9843799171488432
2.2904504358520517,0.03756618704962693,1.0200605435372305,2.333177128292661,0.037694197310555067,1.015945384303628
2.2818190504340876,0.04082853347274549,1.0122575780229857,2.309029414618301,0.0399061070615452,1.0449048499787041
2.260933585787845,0.04061780300662887,1.030839870399003,2.27085096060218,0.043071142641661085,1.0181477323326587
2.295333396579392,0.03891740925855328,1.0293624705434208,2.279097849025522,0.038936305958352124,1.0814671913139184
2.2884273349829867,0.036841052780256935,1.0124456821270533,2.2873863662270906,0.03790113316030222,1.0158381105578287
2.3258853719195205,0.03799148350060936,1.0578157668042303,2.3599689252794454,0.04045048629873017,1.0845278602786725
2.250682004982568,0.03740898401116294,1.0204588145082718,2.302368677799027,0.03899985717246615,1.0301472919335293
2.2943301022060676,0.03692748542777608,1.0703622466502847,2.2758120356249294,0.03770043810317122,1.0898055131467312
2.251036257028815,0.0383795247008666,1.0654461360645036,2.271655712341311,0.04078643508538992,1.0692728756735486
2.2641057504419675,0.03767540921870513,1.0312925461070828,2.297245029645804,0.038206690024375614,1.0303124895190685
2.3082340952748828,0.03850555539968688,1.0644441474329571,2.2576892822790957,0.039824469247286304,1.0414535089032713
2.229521106724849,0.04025470097855079,1.0357587289583863,2.2633463448537534,0.038845625594461294,1.056117554504771
2.271165298231672,0.039410029031540075,1.0354187231921164,2.2795760778009413,0.03991334132947117,0.9844137985506084
2.240096232469749,0.038639825736891203,1.0414121934572693,2.2853442766703944,0.0366829514406683,1.0301340745205048
2.204010828051072,0.039387218559329536,1.045098469125843,2.214821606568249,0.03857462728880888,1.024532783951387
2.2158821948216856,0.03876077372989069,1.0239106263920645,2.2605021420117484,0.03987131978942313,0.9879560943718217
2.2974510604604856,0.03932428472723371,1.019149609747111,2.2639120783450233,0.0395137117433149,1.004985087477751
2.1909153685493727,0.03827079678931578,0.9901934608129098,2.244528821228719,0.0374117305243536,1.0354841124740497
2.2367432103467513,0.03956524385372606,1.0222192032368074,2.231747528962704,0.03934127858159328,1.0570121118252693
2.19691480320796,0.03897171491066089,1.0323073113483054,2.2424199439848627,0.03761952324819941,0.9723406592423902
2.2630099428451267,0.03934606604293017,1.0538848665838838,2.247310097095128,0.038935584802196034,1.0446014964499468
2.3046580221107367,0.04211205865980755,1.067732275960339,2.258794295701205,0.03923684114025921,1.0148024297925016
2.27528484491381,0.037308641680366135,1.0528819285741484,2.2337199571590323,0.038500994269402844,1.0410648747494335
2.2212667114314084,0.04011646278248367,1.0118373413309905,2.24401213954385,0.039292710367682664,1.0571282701856664
2.231694439317462,0.03907254107833222,1.077438804454294,2.233110543353847,0.0392838585813748,1.0792367400904392
2.2912612023014693,0.03857351978137398,1.0201378293669945,2.289666891444174,0.03783617785896379,1.0424860745662212
2.2901742948442365,0.03693579593620395,1.0058583903226828,2.2536773705021393,0.03735434771058751,1.0120367512618726
2.2540814195193004,0.039157783082583546,1.0299701218105064,2.2336318865018887,0.04022620752875877,1.0758837625345423
2.3152980392612688,0.039418557825318924,1.0170288343883114,2.331164156984153,0.039283576979525975,1.0336426785212722
2.29612385245131,0.03819094170787055,1.0775382184446676,2.2849245292569567,0.039038629562637754,1.1059191468018423
2.2687076904758268,0.037934208294043446,1.0435612057870203,2.2311910844077287,0.03812563072029215,1.0140200007984708
2.215334566729293,0.036918152159640935,1.0759230899381618,2.246817361185917,0.03740185041385125,1.0451897973850344
2.305989207304231,0.03793875754622922,1.0521107806868493,2.2359885693761776,0.03767454261371574,1.04942693278709
2.288759409437945,0.03967334894430541,1.031491366229191,2.3312843318039835,0.03866656625918591,1.0097581683349581
2.2887984383292377,0.038098723838490306,1.0625135612325052,2.295992555709387,0.03782783877746968,1.0226364354173973
2.27386424047805,0.039976753496000564,1.0460004105983507,2.327821328466361,0.038475657372191635,1.0652308526775152
2.1741516943874677,0.037966120897094224,1.0577840908223353,2.2187262230979576,0.03929315320571945,1.0263092296742764
2.2480755172022167,0.03966798476378596,1.0496333066319563,2.256711370229146,0.040243852738911075,1.0982791012423425
2.2987168089368177,0.039953876195398384,1.074986093506341,2.3257187050591805,0.0389839637534468,1.0671204365655274
2.3459174946176673,0.03674772940526832,0.9944441489321135,2.323855751963551,0.03709748848794046,0.9826269915743662
2.1656064637996133,0.038241588521378,1.0330162277118626,2.1949099037730897,0.03720543846430672,1.0236315313050046
2.247223153244339,0.03788590883536476,1.0110264134246907,2.3043385124797515,0.0380429938470313,0.9954216932178446
2.2336854098301817,0.03871079196232655,1.0612926422291307,2.259081119134109,0.038152275205580455,1.0571648111535628
2.317301668580016,0.041316733119399145,1.0850954544102194,2.326926002173205,0.04026683345801363,1.0531395113139623
2.2492211703570053,0.03927875672480783,1.0422490855250144,2.2571063209713476,0.04037494487591793,1.077576880997162
2.234777539937674,0.03853676082481721,1.0297850324791789,2.226242732854952,0.040718568905291165,1.0368821031482425
2.2047980286985327,0.03697866628038059,1.0674613750784367,2.2167627259484077,0.03817929938602749,1.0663068804585578
2.24435381707697,0.04024715723984936,1.0404215626789721,2.272745447319164,0.03917437007754697,1.0482754456433367
2.2544509974113636,0.04034458267046904,0.998049306205246,2.2807441145437273,0.04190128750766655,1.0038686258276208
2.2381214377470564,0.03720924735586864,1.132228157417338,2.2991648388895642,0.03803341694443096,1.1351741010728562
2.2160509828513866,0.04016897162146987,1.0338558696880302,2.239184668675049,0.039730390608285635,1.052379937004145
2.2659849247319452,0.03954101071133085,1.025379412061741,2.2956017083884883,0.03905733849537719,1.0863633425028272
2.221949130360009,0.041892763884158,1.0060947953786492,2.3002525067797723,0.04198064548929824,1.0307952171323078
2.286035954250366,0.04017411787905586,0.9961421229919128,2.3392338712335135,0.03914349970179639,1.0355104156234667
2.2140721298551473,0.040619061346981615,1.0003615569585131,2.2904605933353195,0.03898416902686755,1.0007761899473853
2.253566553898409,0.03799597446363425,1.023845718097191,2.2195204121806995,0.037845626295281216,1.0308680985202834
2.203230772598444,0.039997866115082194,1.0219106097577326,2.231969800285233,0.04257849826724121,1.0102877817166553
2.2141202309944443,0.03894317741935586,1.0364761519402488,2.1949324217308974,0.03903445888573447,1.0511872244836777
2.261490032771978,0.040556373937961326,1.0080766117324313,2.216671718873992,0.04085555781973895,1.0108247382031061
2.2491342440862594,0.0391095544179641,1.0375899730594698,2.228795530097414,0.03763721928600367,1.045424558650004
2.321674932191249,0.04032353106872556,1.0539917078051453,2.292565741386144,0.04100660108903372,1.0271735737773362
2.2896313935706023,0.03798700807836356,1.0637008323220494,2.2634629322363984,0.0370016921712983,1.0639047267076718
2.2837348013972862,0.03787600651698012,1.0685550710582892,2.2394688829139735,0.03874777024817152,1.0879186158696497
2.195459343890168,0.040250616835960734,1.0200195815339823,2.2256147695994826,0.040162035652650134,1.0034264085154818
2.3183976132203705,0.03883452475287823,1.0402386592985429,2.2735896542093794,0.039921312452318176,1.0032161673186644
2.2132071557219133,0.0389737376621406,1.0602527728597515,2.225358099366582,0.03944046256760519,1.0603846434450057
2.308958734839977,0.04019476967388139,1.0044962478001718,2.310429117647724,0.03869626782448153,0.9893768714288058
2.232951100716884,0.038608952009466915,1.0681751280323473,2.2529347330731224,0.04015606264264427,1.0336649556476356
2.311326817497593,0.038740681341316675,1.052090392467896,2.311668599421166,0.03791730650967262,1.045569919389987
2.2238361944320277,0.03826064677981827,1.057418680571019,2.240083793868157,0.03773960814966242,1.0562846257976806
2.2305521416614007,0.03869825040736768,1.0271497503345914,2.235243967365549,0.039538357630723275,1.0868982440204713
2.2671440715589957,0.04039485522188145,1.0494006090263455,2.2802985694496773,0.0401158613649515,1.0493837103597643
2.20115161487217,0.04053641417510019,1.0451049380316284,2.1945085159109414,0.04045113002050411,1.0193527480903493
2.217153237163944,0.04014991615168913,1.0762519439163936,2.2489635716688445,0.03955655021223958,1.015233320284096
2.1921920916899573,0.03817307897835868,1.0377082675750864,2.2282900802439913,0.0396466295102331,1.0263151893390319
2.280199672442921,0.03868973179105482,1.0245921613537825,2.2346207067639914,0.04150194186740079,1.0137955008429844
2.28552614526897,0.04108866165750664,1.0323850450357372,2.3024784437239934,0.03992921718727167,1.0261439277225664
2.255147162533722,0.037810612965694414,1.0439823266411907,2.248350616770885,0.0367907590837649,1.027332418836829
2.2213557341535015,0.0385487962135988,1.035159597181279,2.2354251867075274,0.0385902669008477,1.051312431011931
2.221506840656825,0.040334874707115144,1.0325177497461908,2.237139429395268,0.04137319803592108,1.0070649092761594
2.2233786045629174,0.03718506597000443,0.9789872456724221,2.2301655446590622,0.038748073595402194,1.0062072354702323
2.2758598541966757,0.03791867483036756,1.0710766562286547,2.27121795685123,0.03808530509311057,1.0786220617762468
2.296444678853586,0.038899284296883684,1.0677877177107835,2.276556169704314,0.04112865391448133,1.0623090349898177
2.2258194764519392,0.03932206069112345,1.0280383222792648,2.2468732077645317,0.03805643590686621,0.9980808928441802
2.2862602499114146,0.03838107969350953,1.0018463596082718,2.2774010825632383,0.040845613609941274,1.001050344313817
2.270687693644817,0.03799411834694024,0.986146312824015,2.255568573240307,0.03899465979880845,1.0131953525054536
2.302151398841272,0.03818886011135275,1.1045129468209298,2.2542605563499745,0.03812073426790837,1.1354922492353843
2.272586238492253,0.040346120901566494,1.0286205186253778,2.246135565958942,0.0409706824581848,0.988857910478022
2.2248745867812536,0.03958266406141589,1.0017169694866235,2.233272887669573,0.03868513556110926,1.0035427566117823
2.231708119526761,0.03950156007226536,1.0665151779451585,2.2851563399932626,0.0411780344887677,1.052318293120263
2.2013436909178044,0.03862896557528239,1.0199700194484582,2.2411572097606185,0.037715930815276355,1.0423317817414364
2.337673062655619,0.0374610769995934,1.0392186964082053,2.3256489820615966,0.03723158290401506,1.02704580429518
2.26401861051186,0.03858708750373562,0.9891103646996273,2.2482380316156294,0.03940249056077925,1.0613739035267693
2.218397551143064,0.03962946211563951,1.034071287832504,2.2041835487089614,0.03857678971713289,1.034770142783527
2.2103678525383232,0.03880918838785226,0.9828858503277834,2.2702634420719536,0.03985377337162784,1.002171966999773
2.3218202183130376,0.0405306035764768,1.0470040767212119,2.3086517468332635,0.03844205024902662,1.0485637146126718
2.244977491998287,0.03996181744097505,1.0048358474952206,2.317331837187492,0.038477455223158416,1.0210430969415885
2.3030977936963026,0.038237415327404524,1.0826943662663775,2.26955499177308,0.04045807596145695,1.0788501864142348
2.2959045753987395,0.03991298533239753,1.04995970453733,2.3360166337603494,0.03900230559218193,1.0420421314799289
2.226902242101661,0.037128705599513374,1.0468033440905213,2.2238064552361316,0.038794852818672114,1.0650393743696136
2.2187718444846243,0.04108746694176133,1.0006453166753317,2.164480339077959,0.04099475552940739,1.0026854492159827
2.194355467870036,0.039751395135165575,1.0359276340586023,2.194529251358958,0.038731807617942836,1.031019618332841
2.308963188158524,0.03988099912780204,1.0587255074856636,2.2991125531529204,0.03729129177767501,1.0783840800673765
2.2697341831760656,0.03811955793764564,1.0137757268469825,2.21274151988932,0.0382579985963482,1.0096246772122381
2.2318489245442756,0.03896848426297608,1.0069936410578137,2.2545875141847804,0.0383544201585418,1.0069197105311203
2.250550747253763,0.036551827750236736,0.9732431537201469,2.2581277149709162,0.037398813872068885,0.9790938906115759
2.3046520057753708,0.038169675892917365,1.0252196375542018,2.217856677593714,0.038987233094287435,1.0029241977957417
2.3427358501202242,0.041281637504039015,1.059721609616573,2.3088674117647936,0.03919346092112345,1.0340202894580415
2.203865297383994,0.039101810307299895,1.0658811153467769,2.226660666722647,0.040213847141133456,1.054726552213735
2.2289750829843484,0.039321800900126644,1.0529546507881558,2.2176276482714683,0.04243524832671111,1.0591040908497078
2.3033177933930906,0.03946325619069545,1.0114210143711864,2.2985142719854426,0.03879291463704736,0.9993952163033457
2.303948231284419,0.0395555714990161,1.0071035707970146,2.2629841287515737,0.04028300834797604,0.9940843208199547
2.2184787387824687,0.03938728578460788,1.0485507022305487,2.2730859887514967,0.0398331452412397,1.037814914233889
2.2265984417576528,0.040228169958161655,1.016006363058349,2.2338578182728055,0.03919350232498626,1.0353038692684038
2.1986737399495886,0.04091760451665552,1.0531868701760438,2.2438056533629585,0.03897748955639321,1.0454744874282016
2.242395774335691,0.03807791718599134,1.1085742744267164,2.2284240672487243,0.03758050142780954,1.0901787650139436
2.227551888214581,0.03810540597398881,1.0823939395667328,2.2315665371688773,0.0398193475151748,1.0792150633868065
2.302387307946689,0.03800665829342663,1.0056057776460676,2.2646057285147645,0.038520550742151216,0.9787633537329424
2.3222332947889877,0.038132208128876355,0.9831273002260656,2.2796093086147815,0.03735611231333106,0.9999147989607139
2.3072847712685913,0.040107235909412786,0.985204235152397,2.2591085050689865,0.03994687460127996,0.9796500659198722
2.257381646171023,0.03836131969392106,1.0559431580617533,2.2325513575157596,0.03671077948251126,1.0203104702348247
2.230863269074171,0.03677848396991946,1.0910354468207362,2.2407519028661556,0.036863980242413615,1.0139056517212404
2.2012497366516457,0.04166794926746276,1.0767499370933824,2.1687070135947515,0.03994276559925818,1.0507853956327218
2.2212602923533136,0.03904249364595162,0.9961134420450426,2.2047603898965895,0.03867369072688262,1.0315351523766665
2.177875675070988,0.037266715668954904,0.9875256079211694,2.1725359952769474,0.03615704976167837,1.0015547887525873
2.2764052704834965,0.0367524434866665,1.0567197060144784,2.2583699260577457,0.038348713498957784,1.0461376531942737
2.3366932911613194,0.038900069916322146,1.0637991438837784,2.279671880275519,0.037361355904001636,1.0589410474395944
2.3035215304933385,0.03916371526116362,0.9892485776461842,2.3072801860009067,0.037962314821993616,1.019525494747453
2.2163442296759763,0.04252716318844846,1.0775573739976925,2.240195111100482,0.04035746776290082,1.0537395836750596
2.2393021950130794,0.03817932920500749,1.0369279091568697,2.26822842972318,0.03900686681012477,1.039898248658128
2.2483663103143043,0.03789079527334583,1.0221945593551376,2.2646780284067507,0.038954771395795146,1.001227191441579
2.302955067970641,0.04086775379035504,1.0143898624536343,2.3131662074582975,0.040228074533962446,1.0218699214724807
2.1814883933758633,0.03884551942290648,1.0469512038609767,2.219619327050153,0.038208482847160906,1.0619256809731212
2.1462493846969006,0.03757907604683509,1.0085474462194042,2.171682064024383,0.041603114599426054,1.032980020843748
2.3026744975328826,0.04129309735646869,1.0268844767803804,2.2682034699615885,0.04138777905282783,1.0649684646334894
2.2415868018033587,0.037577570399273,1.018769855453383,2.2127261588442284,0.037189754265604065,1.0572095901154819
2.280567731380816,0.03852058285953145,1.087186001581082,2.2970735283930033,0.039808660575744934,1.0803554904968904
2.198869299856833,0.04032804601367068,0.9595522094042062,2.184506209248446,0.040395534205703,0.9878098054766421
2.231829217132895,0.038113299741197704,1.0685152889441065,2.270863082676935,0.03870134902630469,1.0452280732289934
2.2295539393351524,0.03703636710766537,0.9585540022041641,2.262465892860354,0.03874433235968241,0.9680464724327027
2.1948496350711877,0.03815087417818181,1.0256358883717087,2.229936013473546,0.037953126693825334,1.0375551805879795
2.200837675497426,0.03673302705870431,1.1138529169350155,2.2101973902319574,0.03809861251350578,1.0971217314005337
2.3224748219323117,0.03772806793863651,1.0709473284425606,2.2774478937769094,0.03911286039893094,1.0758887585835124
2.249463583554026,0.03881635220658635,1.038669962609204,2.2409064731876813,0.037503301816893514,1.022538270942985
2.2281905150293273,0.038431664641485376,1.0191484889639721,2.2269703252525357,0.0376831736040689,0.9866288153702069
2.193691200989843,0.03749968614554696,1.0553966146442118,2.2225965446443414,0.037254407802956205,1.0622296670564217
2.3395441016069185,0.03884068748422111,1.004202499791115,2.2974664469119777,0.037389508847240814,0.9990373671201636
2.3451602723473197,0.03903775960326772,1.053124467179831,2.330519821209604,0.04056215094829557,1.0458847738270813
2.2296391274869953,0.03852705310246024,1.0139292332115637,2.1829289281613176,0.03984470174079366,1.028279518447462
2.328580696924494,0.04058075952516478,1.0722812391014913,2.329233803868717,0.04134701993056058,1.0378451048774577
2.265932697253755,0.039517053209647095,1.0483520934252042,2.281426755010856,0.03833832326894155,1.0464949617612593
2.235292076788669,0.04120715124911768,1.076806398746518,2.179583817254151,0.03957331103492536,1.046208303541382
2.250041503496816,0.03956100927024071,0.9866914452152332,2.2200113436285696,0.03879096546512165,1.0105037220722672
2.246964444984907,0.03763080343893038,1.012565857398114,2.2652113366003968,0.03966080152440722,0.9944477394156456
2.27228110910587,0.04019032906720259,1.037518724418712,2.346507909476459,0.03906493794761687,1.0570585715313874
2.234217064035173,0.03738961997312423,0.9874662915247417,2.2448010166787697,0.0391325735059023,1.002898321364776
2.298107336901105,0.03802783634902907,1.0875131750667102,2.2855990234513905,0.0385578552540294,1.0764232225508694
2.292084069152218,0.037952973474610775,1.0889503210620177,2.3136549174103234,0.03949339997674221,1.0730057167568603
2.183968664526141,0.0391803024806296,1.0369394327439858,2.1687721951436565,0.03999870368952291,1.0390053937614447
2.246327324939281,0.03863429208076484,1.0700833922760438,2.307123650722871,0.03835678908177141,1.0790239091420313
2.188370064786868,0.036786609809070316,1.1134256853184514,2.191559452957553,0.03760001195928603,1.0981505219080916
2.2032565793290524,0.038950087262101696,1.0676888704080578,2.212972441682736,0.037349542902341,1.0383530012141398
2.2231355794202092,0.03758880696823275,1.0361225396050975,2.2120268314573983,0.03927578610985626,1.0523876750661414
2.2162594261261925,0.03964762797158866,1.0450794613463337,2.2861054245062333,0.038416334466623646,1.0476689148360532
2.2821074003760153,0.03870579890193258,1.0876456593907025,2.289526624326781,0.03989131370880994,1.0460458508259014
2.2497348318683272,0.03858545011035932,1.035650573590314,2.2618837458112897,0.04003602790576901,1.0247891959669453
2.2354263895811513,0.038933475178628836,1.022516222831455,2.2797084182955416,0.037610409775784545,1.0290204483633636
2.2529868137482993,0.038956157040190675,1.0159631780123055,2.2909184819751536,0.037665381372605555,0.9803702763319131
2.209636225916049,0.040913385070768714,1.0270413240201448,2.245696939546316,0.03943252547268521,1.0278367589378437
2.268965093782129,0.03990583066806991,1.036654626972654,2.2991543989657623,0.03797829850463439,1.0508936611993853
2.236580006256353,0.040306892836597205,1.0393898629900498,2.29485396492086,0.04022665920748444,1.0581145786680792
2.351913219680219,0.04033303585903248,1.1136532185789292,2.332279183024162,0.039019194790613734,1.0408139553021418
2.294707966107171,0.039262925162500316,1.060524780040808,2.353913666406579,0.038502268527866916,1.0239642151376123
2.2716623799098024,0.03913626316519366,1.0551187280857364,2.273782660462679,0.03979700044844016,1.0464584516407571
2.278603218628777,0.03708541917704745,1.026600565999855,2.256603231513799,0.038524546743005234,1.0538893280230017
2.273799305505926,0.039556388502429714,1.0334326538487408,2.2909981381054414,0.03800872306296536,1.0231796641954387
2.2305952270634903,0.0374026001970927,1.0430576506283022,2.2992339212487223,0.038711681532024915,1.092874216429803
2.2539734975803425,0.038034443877472277,1.0444623249273688,2.30341281630209,0.03697676232086369,1.0603219856404238
2.2923704748172207,0.038864036521615186,1.0467334930849002,2.275481129721832,0.0393951598522739,1.0430138437226768
2.2450168011411082,0.03948579838616897,1.0860728019948824,2.2903750238497382,0.0390457000165061,1.0751251251955594
2.2819707323928933,0.04044114094554028,1.013965976525106,2.3333812398587916,0.03892069667328247,1.0234047589625186
2.263855621801729,0.03875995138039209,1.0189122417998475,2.2571254997616164,0.0378361820399104,1.0385393204762443
2.24202173644715,0.03957903895042284,1.04800976059759,2.2727485500571514,0.03882969974711925,1.0444682169690278
2.2255436679308955,0.03875353656742509,1.0236080288376401,2.172167979926413,0.038795904142981605,1.0134252825230634
2.294184151701748,0.03938878440448136,1.017760184686905,2.27459529939457,0.038589370307340345,0.9920870355615289
2.2122734450339494,0.038562890930056395,1.0250037557363596,2.2673586626804694,0.03723443902796447,1.014959677305799
2.1706160950798985,0.03844675268956223,1.0491069972899303,2.224999872506439,0.039538539063183484,1.0651688989350523
2.2361715511286464,0.04100757692044818,1.0982371969429547,2.2282793113103683,0.041450510446822124,1.058627425504585
2.295877167726505,0.04017063385958992,1.088558746580226,2.2473562659784463,0.03830171760212725,1.0621329624460585
2.203786372045397,0.03952125274751193,1.0128743891428784,2.3035929774427353,0.040377873746735814,1.0371436856083203
2.251246711428756,0.03923790583511768,1.1061754757590625,2.2181945973629666,0.03966492351776633,1.0289285554286158
2.2567779881119834,0.03937154219182686,1.0551041452661012,2.2814509570512587,0.03900453070365243,1.0862880284228156
2.198498540902398,0.03801513052969603,1.035742958476531,2.2723020112875423,0.04137370923564124,1.0175388328530055
2.2709071659981213,0.039565819352296513,1.04703559626788,2.292424106108108,0.039796923943781204,1.0201769155537677
2.190637128138101,0.039717955606301335,1.0073313094634164,2.2710248282004537,0.039696398525020396,1.0129260318118607
2.210770475418784,0.03833233130672133,1.0991450819596076,2.27590462652642,0.039423210139963256,1.0864834588842534
2.2330652919791367,0.03827438424521555,1.0251014176169078,2.2675203608635965,0.03706529335861757,1.022377320758869
2.2534067862420932,0.03896526409216146,1.0465084851377866,2.2844982523127118,0.039952843913965856,1.0796915687340387
2.2333191292388297,0.04118527176602406,1.0192811196858842,2.244145563210137,0.0406294165304112,1.0522104801820038
2.3187513750986266,0.03781473478555879,1.0425743522055237,2.334323827812132,0.03657168058621119,1.0479165384867886
2.253411978393707,0.03964958559708804,1.0169343359518155,2.2323234234905907,0.041299837393857876,1.0254985389208315
2.1617167853478483,0.042034385530204006,1.0358307389662296,2.207083965403744,0.04170721544942249,1.0534444111014287
2.2412111658326106,0.04110046853625616,1.0886274166562886,2.2361631248045795,0.04055196130430397,1.0762054716544498
2.193233028409096,0.03953530422685315,1.0540083287224378,2.197023301931159,0.03873826143779636,1.035574053070477
2.2481078161017245,0.03794330403242658,1.0229078281561599,2.243703566484339,0.03891994381288508,1.0139967773076688
2.287715653375405,0.03950375141803252,1.0347975979250934,2.2818057238695166,0.039703541225931026,1.0361501954057082
2.2418681346985863,0.03882796490365828,1.007438917333579,2.2115856043655446,0.03944496173869673,1.0288124331863535
2.2127797671839167,0.038660902151334754,1.0164176760523573,2.240864622449673,0.039930585656710094,1.0430844110440787
2.209882638778067,0.03920812162971401,1.081012997036268,2.254192584877461,0.03823961804400397,1.1074021981082487
2.204937849854033,0.039363943633648736,1.0257882220748133,2.1568815187962573,0.03830770298650849,1.0338685095180373
2.245823994635341,0.03792315893949694,1.0281633259395708,2.245617776687339,0.04003387975871558,1.022269404666837
2.213198496380718,0.04026119863342677,1.012466001206301,2.235910187353515,0.04117586297715781,1.0560424553972683
2.24722450851859,0.0382143763524906,1.0581112609580408,2.2430931681856943,0.03854231906403322,1.024395392367002
2.245927789359428,0.04035948938600121,1.0349459440465467,2.2560259507421043,0.04045121897512416,1.0039286851966327
2.288200040787845,0.03973681619544497,1.0634839661655384,2.3023875447982554,0.0390687643352886,1.035521404965783
2.276596201959492,0.039528939574156166,0.9989655358466754,2.246604170486546,0.039901929550843394,0.9901163677348797
2.3187881352400237,0.03937126956716158,1.0464634811698836,2.371479520038433,0.0384964216540878,1.025426303608439
2.1627283410111016,0.04039621450574271,1.068023382927556,2.226228741284922,0.04066753426740116,1.0713806749036543
2.3005621176634565,0.04023948952096607,1.0386679080312713,2.2654993391864835,0.03892354198007791,1.0095336576491556
2.200782943784626,0.03864638545958922,1.0278601413278594,2.275832209287277,0.040669076312872796,1.0545455238489156
2.247392268742205,0.038603855309746145,1.0364697199870663,2.328928642521486,0.037551161652755814,1.049224810004747
2.2563985668567192,0.0393537350171811,1.0378779918293306,2.2069459378088796,0.038954984595212426,1.0335960790278247
2.321020145710767,0.037968458985566576,1.020037886265574,2.2912319493039854,0.03924898998126167,1.0123301112168348
2.2677835162823237,0.03884067121231826,1.0928250408528135,2.2747471487034745,0.03959947119290983,1.0665967289118135
2.289467503258693,0.03831457146686016,0.9932639488401905,2.2719820444375967,0.03870445746406745,0.9870022884435282
2.2476009939511763,0.03954103871209458,1.0436072025132233,2.198487397083916,0.03792791325564742,1.0956701203503498
2.2639525125567843,0.037708999278821015,1.0050528639197274,2.2626607963778125,0.039242873143196556,1.0116086579271408
2.2447299535640752,0.039480878799612505,0.9939289595012542,2.307521661138082,0.03940839299304236,1.0366823758758077
2.249914780160383,0.03776215552733898,1.0224413631938836,2.2644017166794947,0.03852942841312933,1.0431405971757928
2.2525737865316358,0.03927996740768449,1.066633079647342,2.272617623341708,0.03810170955877041,1.0661113004676237
2.207078604272533,0.0385075526415835,0.9707690446678294,2.237143732218706,0.04037458296172082,0.990960554979312
2.2564618525631883,0.03775689912309365,1.0469866923045479,2.2470125452926504,0.03725300632878555,1.0974673739831171
2.2185105521646435,0.0389924454568152,0.991212664385068,2.2823898937032046,0.039252910691845944,1.0388075838671158
2.320801169300736,0.03841489059669576,1.089177565165523,2.298918396012056,0.0372279162774097,1.0485445378109288
2.22159910773318,0.03963728772720341,1.0563425093567067,2.2978014939074076,0.03963545548536982,1.044614557566075
2.2727549030496785,0.03885818259233364,1.0528906710911285,2.2685657832051183,0.0383171860925549,1.0691786975545876
2.2203136633705407,0.03663587275491039,0.9982664687904257,2.232106482183402,0.03866759576579571,1.0049644032921095
2.2206998692187567,0.040425891175675646,1.0416687360491128,2.260126262679545,0.039640933445499286,0.9904459098416246
2.2536188196826017,0.039659423875301,1.0238187035642545,2.2338599835142596,0.03855843830286566,0.9991856144144838
2.2142548848561034,0.03865308340714199,1.0505102463036864,2.197464328673299,0.038226848578503586,1.0690681354340683
2.2680031089519894,0.03823863271940616,1.0397482351670813,2.326930080572488,0.03832384241211195,1.0471509593782555
2.280944034069183,0.0375010671090809,1.0354042716029577,2.2952303605366344,0.03908571872451349,1.02535179668814
2.205524021572394,0.039740219385919096,1.0542068434293932,2.2535267656586027,0.03929994627298621,1.032173741795598
2.2135024899165225,0.03678087127676439,1.0377677773014886,2.2341888971750192,0.03816338468390602,1.0157897228952943
2.2818135751346884,0.04041835716294081,1.0010481738698371,2.3116133909827004,0.038811683171852136,0.9942619896050772
2.290799177981452,0.03968493949396484,1.0582230563249686,2.273410940504991,0.03947667817161434,1.0371164821222367
2.3180058177014784,0.040899300226062495,1.0315595330163825,2.2981480101899177,0.039531464777890976,1.054249793358839
2.225688676113994,0.03666212258753327,1.0829670007625614,2.2704667794319975,0.03872821732282608,1.0896386603490102
2.2559940844892434,0.038927984134941564,1.089809244259356,2.2628457512772746,0.03962835384655209,1.0870002641754115
2.2265631566415127,0.03807245461920076,1.0329342680738511,2.268102517057818,0.03940344111652733,1.0386492246024284
2.258078491363147,0.03959437132509031,1.0260977427235831,2.2523695050188897,0.03811594909111965,1.0577475021127885
2.2979568452913948,0.03935828918647073,1.0839564223978935,2.277600069218388,0.04055459383034037,1.1028855153948818
2.303399458092947,0.0403226108158233,1.046621636182234,2.29837355166024,0.038962793499748107,1.0570845574616474
2.2174217135630974,0.036952840266102065,1.0278968077252486,2.279619994326446,0.037541386782830005,1.0451393768260842
2.3315319918269846,0.03776508099989921,1.0406230790288535,2.311831272024992,0.03889348097658757,1.0414083721873124
2.23758083218088,0.03796098947254391,1.0214509454529201,2.2061976436126196,0.039538138026212366,1.0638473069794228
2.2513623902692075,0.038141505599694245,1.0464172488499766,2.2301971456748197,0.03828044015122115,1.0361180481865486
2.2380385014875026,0.03753679006295645,0.9939073272329516,2.2252608232980857,0.0367700278700767,1.0100627721483368
2.1677989521748007,0.03966748381140307,0.9727668061187013,2.200020688615179,0.03861447851620869,0.9594401885923041
2.193406618845209,0.03766596814158245,1.0145456434069038,2.17057839503593,0.038513275224619364,1.0110081440627483
2.265288194046029,0.039971350563320615,1.0559185140609961,2.2479955784631636,0.0391091333483762,1.0520895336727982
2.2130353334301773,0.03886394392141344,1.01284915705491,2.212461329492151,0.039791462662220604,1.0046926058758345
2.174406906406168,0.04015906723506839,1.019479410696315,2.2262582240194466,0.03911546804236856,0.9586476827770911
2.2560439801519365,0.03797685592731058,1.006911726219303,2.220078148623999,0.03611136696658722,1.020315755918956
2.2698305914631898,0.04008373450194882,1.0136713897949914,2.2256461999444883,0.04139110205064357,1.0387032068379154
2.2622406003984525,0.038782059724738145,1.0593177854098257,2.2811495720084305,0.0372125948074014,1.074741754117492
2.2494513630186908,0.036958368986754433,1.043046870316066,2.2038347590447644,0.03753693645076588,0.9771059518729283
2.172245033098311,0.038141349549331294,1.040779076016951,2.230576213726626,0.04093401276776531,1.0616549075275836
2.1994946911905133,0.039496750331071466,1.0723312979331923,2.205929437491636,0.038250229696705045,1.0699204838238463
2.191074416078333,0.03763431474521293,0.9976249660817862,2.2451899883832755,0.039054230768601955,1.0121745256178813
2.2491861435516802,0.03926751496640043,1.05969099084775,2.2304505416949527,0.03956074397197032,1.0255732839827267
2.2448587243017366,0.040349819479156425,1.0158001329541388,2.2710134707428327,0.03981796075114213,1.0039012568160264
2.258599877402792,0.03812492650635331,1.0429896687472355,2.259287344531391,0.03775869031592493,1.0394055020110382
2.2255786964899276,0.03973468988739358,1.092889145704298,2.167087834150242,0.042462147052942614,1.1331335137546341
2.309431428047634,0.038910432438351454,1.078388952733114,2.2711965690948843,0.0395599654407897,1.0198466144056695
2.2609737109932504,0.039120556195028744,1.0431912819117282,2.230306149087965,0.03920024376527382,1.0309172220103688
2.244290126825588,0.03857600753341569,1.0249753064263385,2.2328117707903363,0.0375783517302709,1.0413578098183836
2.269265297687855,0.03986438554084262,1.0721585983981063,2.312216439381742,0.03783748757469381,1.0667912341191388
2.3013826769959773,0.03718038260730144,1.0424528895077172,2.28605648014162,0.03775910574778746,1.0617889624962014
2.216800423941358,0.03951757805844374,1.0479999057045235,2.259897698634472,0.03946418935109109,1.0289984958194152
2.3215253938328857,0.03705924935836888,1.0212234250435797,2.3331946147654326,0.038095537626095764,1.0573438599238847
2.279112272125258,0.03558385742460819,1.0234730855071354,2.3079212779040477,0.03809462429227902,1.0185279461294463
2.3003244341809506,0.039809150043168894,1.0078912727397094,2.277720636583919,0.039133240834042154,1.0259212968405462
2.2535236525335174,0.03935820316227383,1.0498076367347202,2.3028724050404694,0.03914537114014866,1.0491924798594978
2.305441462427718,0.03868937509000104,1.0367937104949507,2.334478377403098,0.03711727846276221,1.0663489015178642
2.281364506801192,0.03864420646034168,1.052990352620154,2.2691761224444336,0.03870882693914457,1.0721497532039759
2.280979238566651,0.03793454113190273,0.9461066522510365,2.3161230722897397,0.03761232700217203,0.965932440260831
2.2740999635708135,0.03954833353785602,1.0603618644658652,2.35141743218847,0.04004097997679025,1.0634569439622612
2.1941611814755873,0.038373331716770036,1.0325459980717144,2.2273835243920828,0.037757823415639685,1.054023802914139
2.2485751462903334,0.040109356028833115,1.030300692786856,2.2610683099722175,0.04134709486878666,1.0464870974473142
2.337483118132546,0.04165602760067727,1.0407234999670478,2.2860141148708193,0.04017817874329937,1.0555219288980726
2.2718932093338142,0.03884594124642597,1.0269618288699363,2.305222809296532,0.04111410246203782,1.0508220374406017
2.3265582001806004,0.036867437164670246,1.0147796384656451,2.264488704930685,0.03850667531774445,1.011803141840465
2.3383214234723995,0.03972407960863118,1.0643450751685635,2.3485879224052906,0.03966312047780831,1.062385113794529
2.2656189219088714,0.040327242789446216,1.0231824009701942,2.250621248792565,0.03909222041303113,1.0110912852723803
2.222394683128513,0.037288471065697104,1.0291409643186837,2.209885331322977,0.03842649260171619,1.04358356477555
2.2961312932949154,0.03881066467519316,1.0341923201778107,2.2903314846196703,0.038050678639560936,1.045036388119715
2.255102471430647,0.03749292781364633,1.018860869487653,2.1977247992142064,0.03708773949539682,1.0173627768743612
2.279403177312082,0.038868062698460173,0.9930730811990288,2.3253477606688793,0.03786388499086369,1.014514817813342
2.2016102731072134,0.04034775216094621,1.059412463755577,2.2412141980396094,0.038884455429283274,1.0640894464972181
2.2564588353715624,0.03754334321784281,1.0563410474385928,2.2826566520309495,0.03694516086398361,1.0089238251116697
2.2232912911497635,0.0382285924133488,0.9762220036473906,2.2461320441387094,0.038109392725840914,0.9820439230619584
2.294451521457294,0.03733612927132907,1.0303470212374197,2.239377794080132,0.03978731298168509,1.0305146998262498
2.3720861870873673,0.040594011273347164,1.027656876571016,2.3508268233136738,0.03974976049706681,0.9946791398860105
2.217954823252343,0.039371189443562805,1.033752484270017,2.2555473183906036,0.040720493429115635,1.0878460030573602
2.2434345703015754,0.04000374175179315,1.0365406486571407,2.287275167816376,0.03955976333822777,1.0112320865079907
2.17785139382959,0.039299925368205736,1.0915173598842094,2.181514281540036,0.03993432601443477,1.0474781609753216
2.29225351728148,0.03997047169723272,1.0518508891551837,2.30562735989385,0.03879114867493159,1.0464488640469851
2.2537368946074325,0.038408553407636006,1.038422894278084,2.254468882406651,0.038804613150754376,1.021103803014944
2.282360958695453,0.0373885660696887,1.046651685552196,2.250519285490728,0.03888922153238908,1.0578420711755034
2.200274782177237,0.03829688468023407,1.0399368737061465,2.256900593875556,0.0383252692796118,1.0372846738702575
2.2908912780856676,0.03966012517414728,1.0790119179108681,2.2809994767576307,0.0394265875657013,1.0615175310455716
2.272162037555904,0.04270861146690904,1.0564557101199445,2.3003581187806836,0.044113794433688104,1.0168192362437816
2.240200081036385,0.03928786882921729,1.021192679912969,2.14068720897539,0.040531892126410375,1.0502145445193
2.273696679982654,0.04080644631162001,1.074134739340748,2.268154747670982,0.03863129944081026,1.034320018196048
2.3029180459187293,0.03884840455543344,1.009143103180789,2.27390056902642,0.038884214397955245,1.0296924599159645
2.1911398712887573,0.03878444314744292,0.9708570626211195,2.154195309856789,0.040823978560471284,0.9749768496562365
2.248136862334443,0.03876180261984444,1.034593454109779,2.2432263347314265,0.03975830883885453,1.0036145088174615
2.1972659004324218,0.03982741499661233,1.0588677184449078,2.234196189236414,0.03894085562935588,1.0629527000378765
2.2375940240848564,0.039532778321307055,1.0409596449394733,2.26137781084296,0.038409546278677244,1.051882587140682
2.2841565531517594,0.037279727339475474,1.023962072532782,2.2903254740152126,0.03938305325732396,1.0167030018198078
2.228162202654287,0.040386248117574394,1.0348251928079761,2.239776418177707,0.03895538277175651,1.070900502424542
2.269236203752383,0.03798750185897632,1.0783050771869458,2.3137918720872075,0.036970981693569833,1.0949298892730603
2.3453130877503674,0.03931449363460375,1.0634478674161953,2.2963303158010246,0.03752403078737326,1.043579061377267
2.2287172575198144,0.03816032978617044,1.0429602875396735,2.228447567975467,0.03885136683212057,1.0458059738469803
2.2922014306652745,0.037504881454150256,1.0660986560737684,2.2676545788702493,0.037622697704784026,1.022430751256272
2.267424814011902,0.038062189356575966,1.061335705240581,2.2466101678111428,0.039237159174648865,1.0821179194735207
2.238597968610776,0.041348735257444535,1.0673495501663308,2.221806809325404,0.04090519867628956,1.0299417647706919
2.316594234825407,0.04017941390732287,0.987369096848455,2.2947888314231597,0.039139480815349244,1.0046177900180093
2.188208853116935,0.03833200432804467,0.989850424308847,2.250846706639731,0.038573756425634924,1.0106092211678874
2.2471257227533648,0.03967316696954877,1.0192618528886674,2.246715628968515,0.03915394027244937,1.0225724190567742
2.293061557678498,0.03818080870930301,1.0071794220684027,2.3009715912054487,0.037645659328969086,1.0416997569842585
2.252040875597626,0.038238215004840266,1.0315164697560453,2.2384450436022107,0.03711283354540836,1.0189570176864102
2.2487204808651717,0.04002816874045074,1.0636558823046482,2.268839732389375,0.039203843828193974,1.0209047304960064
2.268998243390835,0.03825150408320787,1.0279420651236055,2.28019962329678,0.039359693673796665,1.0564557279210574
2.2599193349247435,0.03895147718880615,1.0307568676434642,2.2756224332539405,0.04006370832618784,1.033454828486988
2.247776536316368,0.03899855455726694,1.0039642892896874,2.288587243931044,0.03859776097968936,1.040507744045953
2.2450739698022413,0.03957496615096597,0.9888775058900667,2.2036298125817733,0.038917191291495484,0.9396192300566041
2.1969239988191287,0.040098502153029764,1.0569642008279971,2.265582384424936,0.04068861834656274,1.037354424692626
2.2860758127611263,0.038973252176226034,1.0333449224878841,2.2885181944845816,0.03825585628814879,1.0064630669302832
2.225976713061489,0.03956965414413302,1.0414279774794875,2.2148550241059035,0.039100428461449566,1.0730476796836697
2.247473160045301,0.03889269042190218,1.0282115416894164,2.2654282270487,0.03846455679709227,1.0223974786222856
2.157132273388526,0.03793671209055103,1.0295004435656452,2.191746722416195,0.039903032895302136,1.0123266188979578
2.2776778639033557,0.0410079764226034,1.0425047002786803,2.229139287296154,0.039574184106656814,1.044785973397449
2.316182426650308,0.03931015484231727,0.9811762177485446,2.31692751266534,0.04109748436413843,1.0004612920544014
2.2782739211209604,0.039721483465807596,1.054993558527134,2.2742174021819554,0.04021974789059841,1.0518135341090509
2.179946632177867,0.040399106551295534,1.079754193911384,2.25649986595663,0.042130196569680804,1.0884791681336987
2.307326489285664,0.03771628171131935,1.0348950295870631,2.300115790905436,0.038158121653337214,1.0190952460826064
2.1858914464864574,0.04058598183100789,1.0611323757421596,2.231717390608785,0.040586331511592584,1.0624535404246502
2.297246645034094,0.03725055231054128,1.0453269075142944,2.301110140991895,0.04138549888501621,1.0507635340547534
2.2659112230242306,0.03909419910452506,1.0213663535019497,2.28142614629808,0.03832471112585657,1.0383150703294022
2.270894107231708,0.03898150425671738,1.0745739927462243,2.2526607445552984,0.03885022813468797,1.0581562957253792
2.2526128484127765,0.03844547013104505,1.0120398840950817,2.2331460562833523,0.04078325789412659,1.040173389638245
2.2551174094642583,0.037567777222035664,1.0770486496394884,2.229679298330134,0.038887217163415255,1.0482963837940882
2.248525864592654,0.038336453754390584,1.0710057992459943,2.265946394897863,0.03997544111301944,1.0525844697336977
2.2494242378678893,0.037482595025236036,1.066573139388301,2.2462569358846745,0.039015155836801964,1.0577708440828073
2.337682650682186,0.03933314318711287,1.0529535549294582,2.3225878715399526,0.039146599845283396,1.0426119638990183
2.299913983806379,0.03785700747184694,1.05280789876538,2.254403264947553,0.03799109080780784,1.023964286281703
2.291794072088278,0.037722602265579795,1.0227499781932343,2.2685856004948253,0.03997679024350994,1.0419194789953077
2.3032642976887647,0.03730132355262534,1.033406453070542,2.315799977417596,0.03932298421073438,1.0478389212151415
