m_deb1,asym_se1,sigma_hat1,m_deb2,asym_se2,sigma_hat2
3.9130820021145145,0.04636800769017795,1.0043556328102599,3.9523406544193036,0.0505754002773493,1.0050297433753974
3.9137562628824805,0.04468436504965842,0.986786410933216,3.93065759665258,0.04688869044413189,0.9882663940528639
3.8050136118465065,0.047227084645797245,1.0130604814052826,3.7578354177508726,0.05187758696674293,0.9861971725106218
3.996597407374772,0.048523211352299145,1.0580705236865775,4.007754030485536,0.04950194366183648,1.0376272712502201
3.932634400790963,0.047799031636062674,1.056804110504256,3.8637519009323897,0.05177343433699347,1.0560517560732738
3.858581411625531,0.0485088111201671,1.0378924768010391,3.8269985600538927,0.05105183269128778,1.0568693704981877
3.8568123691514997,0.04941081608924415,1.0328088921102683,3.85317346506693,0.04982380434604607,1.0651904423039529
3.8969258911666924,0.047881456570078786,1.0648670990134246,3.826754048815684,0.049518476927212014,1.0469535511265806
3.8576041573892783,0.04688017040543483,0.9847609148848918,3.9105688940513317,0.04736882792832481,1.0017007804401235
4.035451913079166,0.04614129390000164,1.062484527977009,3.992329699956477,0.047691819041714094,1.0979280322988274
3.8426921913051855,0.04895474167958394,1.033458051311736,3.804858986556159,0.049867860217969386,1.0373770972332041
3.9889983894703613,0.045265052220761784,1.0618842057107087,3.975562968843689,0.04820792976239365,1.0726485864358533
3.9998322958020727,0.045939186976944234,1.0891361680056322,3.9704687541857013,0.04828074595444757,1.0426706020491543
3.855636836627222,0.04606257767850592,0.9811050363019987,3.886327898144803,0.04833145134342816,1.0395436529617592
3.845036246903848,0.04836612665652241,1.0004180734891555,3.9558584923047695,0.050544729716964755,1.0026184019642863
3.8699504151276507,0.04687571181377814,1.0098589489681955,3.8775399217570867,0.049116656155504375,1.0461870272280531
3.819895182037295,0.04681770845396718,1.0076108807691193,3.8291990087149723,0.05005434972003237,1.009092172339724
3.8591100873499844,0.04765615779503302,1.0997363297184772,3.902551058941899,0.04997141347592861,1.0789575420972393
3.8963755322543205,0.047926818684810704,1.0313634848899271,3.871481918966215,0.049451358060975975,1.0084155352578459
3.949081868087096,0.04893448548902743,1.0730118551844359,3.878699525480189,0.05084384347257632,1.0823281760526264
3.8674721108231322,0.047001134211013644,1.0636957694021845,3.919239618442551,0.04898654452086939,1.0928682900668076
3.807186256510505,0.04676416743855238,1.0460274894084454,3.734440079439778,0.0495817947775557,1.0639682482959587
3.8768874681917955,0.04576638606886651,1.0388259126468398,3.9009728140614706,0.046304254723876385,1.0273516683534794
3.9065649964868725,0.04788385284059912,1.0079552214697232,3.882119357019729,0.049909387273106925,1.020051219920335
3.9425927287569134,0.04575026571010352,1.049603917143079,3.902547496741145,0.04958694567471877,1.0382597075647986
3.97020740355515,0.04672393087035055,1.0111378673911646,3.9015574762163148,0.050473840783440076,1.0175829442735929
3.985957951136455,0.04812262354585965,1.0584420996539947,3.995160652288658,0.05082789240357506,1.083040021875706
3.926426221408684,0.04905676396772301,0.9869643301412668,3.918575806109702,0.05003790283412948,1.0410852027071362
3.949631033458262,0.04799489192525925,1.0592097932820022,3.871417049234013,0.04950880277612059,1.0319787678277403
3.946450979483271,0.04821765032178832,1.0849707500679069,3.8483884753637643,0.050308470066704435,1.0578320051893377
3.8796218457509943,0.05122241545638172,0.9967995066976728,3.9414610579068925,0.05408915071610998,1.037614407211635
3.906925412417707,0.04689937936352081,1.0358473275723779,3.898648558783562,0.049170722291529245,1.0192808872332924
3.7747105721229475,0.04498675633304625,1.0528373834089502,3.829595645920182,0.04673137667778751,1.0676466020176711
3.939280411049793,0.04732479270738009,1.0340832604086891,3.993683625676365,0.04888862217261467,1.012594767079151
3.9339215958080853,0.04601805749196055,1.0594284673701384,3.8592513953492826,0.047183277903399094,1.055160605491339
3.876680824589101,0.04916527127888347,1.0053544524230904,3.8940261941189496,0.05418731958199704,1.0254166316336562
3.8649188785495268,0.04720546767796808,1.0688327970450422,3.8824821522206174,0.048216542523751627,1.0668731992566989
4.043127314432182,0.04415294984207007,1.0097510253515416,3.9943167570805276,0.046657858644578734,1.0473003963254168
3.9201419577333696,0.0486067868208755,1.0231446557139068,3.9281183571635965,0.04958823203525067,1.0532913791095153
3.9360911323335057,0.04674526898197548,1.0320274205181283,3.9402696481797412,0.04798989657497203,1.046124106459264
3.9369030998956105,0.04647141675494282,1.0229174178472538,3.929104857266498,0.04844792470668721,1.0322458802789733
3.946128190972449,0.04877327570594411,1.0434820155467162,3.9800436313538485,0.04990333228700834,1.0245872169236754
3.9546772162654102,0.047660706548938704,1.0865554398466681,3.9250644932227936,0.048995494699098224,1.0715523671335818
3.957815337945525,0.047042977713042985,1.042824511756326,3.9336111030811325,0.04980507813521042,1.0744389260449347
3.9330904602639256,0.04897313230247628,1.0510773667337436,3.950605900999782,0.05215228954441068,1.0248573337998323
3.8433713625581256,0.04910162475703567,1.0193550164237708,3.8694316450047985,0.051489269780810365,1.0325994414433992
3.887582677316531,0.04731570869581742,1.0343268890577904,3.822751258345023,0.05077772866704842,1.028183810156168
4.015708121882574,0.0453832796007437,1.0330792439155891,4.053766357639707,0.04757515604239432,1.0338966507070348
3.929701728536202,0.0488716370567214,1.0628403327123175,3.9593531851138906,0.05376344199282842,1.0722914566395163
3.8377507201529237,0.04767379651402381,1.0355592743361943,3.8205505053332316,0.050205275936269785,1.0021948862980605
4.0352051009062055,0.048479315086246845,1.000920383635975,3.975205093586533,0.050745090625128324,1.0172972921552892
3.847933089969925,0.047762742447035614,0.9850762445111605,3.8182863069452257,0.04984528255303291,1.0125203571381731
3.802890953495724,0.049902428198816136,1.002381651760812,3.83718641511291,0.05111075709471397,0.9958868704660693
3.8141186624232986,0.04823668986299261,1.0649149907367685,3.8205465389628492,0.04855992621611611,1.0945063666483688
3.8978843058449795,0.04609078610997742,1.008814844968433,3.9031243623051397,0.04792828678827248,1.0187200367645715
3.887667038296358,0.05011198857221803,1.0246106646558246,3.8846621266363646,0.052545800741963404,1.0036417945168494
3.908092484428812,0.04846083777910344,1.0257227925565868,3.888617722426497,0.051455117609692215,1.0030101280992136
3.940328303625973,0.04917580346338767,1.0513422401138395,3.8930698706093065,0.05352276729986558,1.0419078695478488
3.898374422542638,0.046906450137070926,1.023530154157649,3.915409318219815,0.04882224095270258,1.0448181372464627
3.9611817363631605,0.04644430739003963,1.0252135682702472,3.9085166360610724,0.04907526343502572,1.058724510161529
3.9742637832274443,0.04691438635958424,1.0454214348210997,3.959183985168788,0.04865240793790677,1.0429101543861492
3.954838450904944,0.046902197516811024,1.0038854432012145,3.958826097295673,0.05049478441946121,1.0117322211682587
3.9551469832575465,0.05109586707184738,1.0538396552514917,3.9259839081612085,0.05284714760876856,1.045717025652905
3.9339852796696935,0.04776893141531003,1.0343994572112891,3.9266938606325232,0.05072452164567956,1.0336548242790629
3.873305766655757,0.046359682593126804,1.06290791700984,3.871050030579389,0.0491384461862212,1.0643713017226724
3.963649483620851,0.04665244036166846,1.0482474670925839,3.941515539053953,0.04910347862822719,1.0717791539972237
3.9123725466672687,0.04662212244487512,1.0610149407637905,3.947539867817076,0.049592118673339104,1.0597951832029733
3.971952452860063,0.04694055175629199,1.0478212794463466,3.9521287221075014,0.048526673029108035,1.061207832201904
3.8819822288124306,0.04697461609525836,1.0537996952802726,3.85549011914054,0.04871984465324244,1.078584405893117
3.977406388129541,0.045388774296027966,1.044045801490883,3.962058164774672,0.04803903183049752,1.036875947849443
3.8661743269519997,0.048724815297125613,1.0312281049508745,3.8743587325811273,0.050063553063233346,1.0283156609608477
3.9252038921546757,0.04936106931045558,1.037997074634275,3.986486274446411,0.05152103005826684,1.0582972911299828
3.9596939608463733,0.0467362639873139,1.0423462651317061,3.8725401117556886,0.04925646863159579,1.0254791246762232
3.8943036306067733,0.046565218274794165,1.0074826619509005,3.8995275168891386,0.047333829960172324,1.0308180258894326
3.8528606402085233,0.047147564811947575,1.0247012960428283,3.838376355699786,0.04920053815392061,1.0483739809152106
3.8623281351297476,0.04746329634504021,1.0413327061351916,3.8525571378312864,0.052351626138180736,1.0305817789000817
3.923523432716307,0.05128614782627835,1.0730766115864887,3.893277389877556,0.05321073708937697,1.1117462430065377
3.9365408761244374,0.04680680660288495,1.020778458368917,3.8714842107854035,0.046579626920661116,1.0296574660873277
3.8744440075671656,0.04760934283554874,1.0354666978191716,3.864183450183501,0.04819232043368998,1.0414781689064834
3.8896441376163073,0.04997817282587145,1.0455130186704105,3.8760812397458646,0.05320140478386487,1.0379955246806285
3.9622157297456724,0.04891560637096317,1.0429561911702119,3.9536397780675285,0.05057339073210944,1.0171758047316573
3.9449123692131622,0.04684269361499374,1.020778947131626,3.958535561365845,0.0478555453037711,1.0198140778191758
3.843501485349489,0.044916223408880705,1.0699136551892117,3.9313178194019227,0.04641171779797637,1.0545094997900222
3.930833647746886,0.04909497465118781,1.0178431238102685,3.8887501938708535,0.05260283427314134,1.0680384794394255
3.9287844118744424,0.04678242729522039,1.0550535919643382,3.8305995225985794,0.0525256408905217,1.036706018372814
3.9213499272027614,0.04425124352800792,1.0022645866051993,3.9351950377076386,0.0462536121618865,1.0025326253360969
3.8643644768922907,0.04845330600865175,1.0834566426822254,3.8504313878668395,0.050970905563275715,1.1311549028622727
3.9506242969949508,0.048487395918836655,1.037772517321621,3.857913628636956,0.05082744582665033,1.0623996934187492
3.897882383523808,0.04854996068253709,1.0325144712684156,3.8406027809207868,0.04879936904081288,1.0356928859979748
3.9809910452368027,0.048295179427028365,1.0186730346262165,3.9535390986160404,0.04803345840066992,0.9965373990398956
3.8885179912769803,0.04776174858672734,1.0197898698450938,3.836884746917619,0.0497825116695226,1.0429952949605856
3.8638199793566845,0.04792782541182387,1.059955340497988,3.8538271460377977,0.05239361433628849,1.055272926363516
3.865488394944038,0.05008931840618858,1.0595720625703462,3.9299925360816528,0.052875848629470174,1.0534960824202926
3.864292089062343,0.04829379358015061,1.027637597821587,3.905321051141766,0.04885338923296891,1.035642364133317
3.9045651653060705,0.04937990624815895,0.9805020646880597,3.9131008844332773,0.0506545707673017,0.9953429103824483
3.8978640243859806,0.04400947665980008,1.039940657875407,3.912176258414187,0.045387516846402555,1.0266095529004198
3.9985257065709185,0.04707741350368603,1.0107716085542386,3.9856764209550692,0.05099425942462326,1.0200943628926809
3.8840290815669967,0.04887472102662205,1.0275769792479688,3.885458282061639,0.04984403597327978,1.0351705214597933
3.8877620188518516,0.04811312459577741,1.0562362270922134,3.8815641982747864,0.04919251369614956,1.069630131695305
3.9156603454161374,0.04811714194666661,0.9885069814126118,3.911821894071807,0.04851757545687312,1.0162522464537076
3.9283565175439388,0.048189306273653684,1.0614155839899209,3.9529933583409,0.05214736192483257,1.0409007638431094
3.9993246056151825,0.04481060438208282,1.0352410287441645,3.8573039611630997,0.04824716752333661,1.0230939841289581
3.827394008471558,0.04584935601495285,1.0729453392253887,3.7715211688529444,0.048826826909995714,1.0697858480196438
3.8831959699721597,0.050159524938845255,0.9920531128799185,3.9714214489992576,0.055089804633256495,1.0041043628388164
3.905927133862907,0.049507841525537194,1.0178475297061536,3.832913916479079,0.051125467722717415,1.0270968723474996
3.85983926409474,0.047199448836479946,1.1261801973862962,3.8741223749851192,0.04991388604429446,1.113621641627127
3.9525924656467586,0.048391618398919874,1.049291312297128,3.924229448783527,0.04938152093330078,1.0064676379714748
3.925674118275499,0.046545423012978954,1.0305580905340324,3.890473649160025,0.0482959148620186,1.0506596331248814
3.8737744652424353,0.04800041189905809,1.046577396626866,3.939107790139938,0.04977927345222557,1.0399517837996308
3.966674075140267,0.04665030456708238,0.9887741390751633,3.8862931871749917,0.049231412791329976,1.0208520642001886
3.959451537162342,0.04455659042520911,1.0563541495293896,3.9670900880724598,0.04764282170221656,1.0473123761900818
3.8753520663804393,0.048387038029679724,1.0306353754483042,3.952964817655934,0.0528880252606438,1.0044350087665312
3.826402105530976,0.04756373376403398,1.061213587120579,3.8708978940558736,0.05254220393661366,1.0326945591113206
3.9421853034512706,0.04653939256276316,1.0437678576565783,3.9884456931973675,0.049276983306777926,1.0391032718975453
3.9185811578544283,0.045480674864160575,1.0357105705915877,3.9527739980966445,0.046605739556115834,1.0420513870666945
3.9261771742898963,0.050586597049141147,0.9947442505357804,3.8841764892086457,0.05220877702612787,0.9866326550580107
3.9560411846526686,0.04813900310364776,1.0516922857383693,4.021347428498334,0.04946747915853027,1.074586841102813
3.886457248964661,0.04745859405288802,1.052438136754339,3.818481430611034,0.05015481333985406,1.0141091586959772
3.8339522157507315,0.04635446071054697,1.0288624779999316,3.93921752915971,0.048713259744499006,0.9967450773244406
3.895376476853934,0.046680115186019666,1.0788671207518137,3.902826382826499,0.04812077018788777,1.0785541745379077
4.01144122990652,0.04784871864028045,1.0010398371241176,3.9816680116886,0.049471847537139964,1.0117364643820164
3.934728285111367,0.04875877952640547,1.0090426570850477,3.9919058215413736,0.050306006717869174,0.9945506328145963
3.91798281328692,0.05097017004738467,1.0352230969797973,3.8908768556337883,0.052856684480756144,1.0543556966691383
3.8799223444947644,0.046347687595945465,1.0001215324671286,3.9586407557247774,0.04840043149624108,1.0151333473199793
3.979756529218959,0.04647233027089593,1.1013997965388431,3.967880295331205,0.0466277475122671,1.024236336205491
3.9737499161359167,0.046327383843181615,1.0589848202070797,3.898185439892958,0.04795391339842379,1.0378610531323005
3.8739753027219206,0.04723346409426062,1.0313982558268049,3.8484788015471056,0.05131671493583548,1.0714322419712228
3.910466910836822,0.046870143370055815,0.9834650922702799,3.8423053961771987,0.05028237629763049,1.001909386910289
3.810701963057234,0.049766834105699986,1.1085472023110396,3.7306910436378606,0.05197595516561519,1.083713333617645
3.8503330110497176,0.04899794128948533,1.0446367867804132,3.926173674988595,0.0487254563846345,1.0419392441754711
3.839951766229526,0.04560590016246896,0.9872959990706391,3.864981791705048,0.04593511648906877,0.9911656462776021
3.848556603359306,0.04694662453878267,1.0262618971258533,3.8689327203658888,0.04905834943463632,0.9868350611680694
3.8413711296226096,0.04937386631649306,1.018242559570494,3.9007058992834773,0.05016051610771088,1.0451616798661278
3.9876061013488417,0.04680381653601353,1.0038255464191235,3.9953556821774505,0.046717510518688006,1.0386376891936975
3.941627402272414,0.047644586693503646,1.0733137442011653,3.882778242785259,0.04980206636580625,1.0467803850552915
3.9134441531173794,0.04850716989329059,1.1102660380597877,3.929502675207971,0.050581316106913125,1.0919549274672082
3.8300018911262086,0.04707207507554301,1.0335897438729034,3.8892403455136706,0.04873750720149383,1.0411990311303778
4.0304319626518925,0.04663168363937187,1.0652889360733628,3.97619488522252,0.04887917422416729,1.0472016028867706
3.893690562474659,0.04512322314378944,1.0246689643640385,3.8976387534430197,0.04907486809567142,1.0218331487840788
3.832531404866877,0.04597776000035489,1.0661587973598567,3.8702750222702123,0.047804653222647736,1.0211463088021142
3.866905502215884,0.04741209886160289,1.0075312343307101,3.839340093438021,0.0490077742961763,1.014695293794047
3.914089787474159,0.050524963586228586,1.022450113371558,3.9214754949998003,0.051876595752763946,1.0028866187718415
3.921285563702497,0.04679540411707803,1.0327241383096533,3.9279523537594305,0.04853062692586151,1.0231545733163079
3.8465400958760534,0.045971346651900384,1.0326930569624424,3.8397662834575583,0.047791209911186246,1.0524981536712041
3.889366747915481,0.04852591663510665,0.9961444400061821,3.8380202910154573,0.050444866506069816,1.0056772727234846
3.9505197604842115,0.04806577518778718,1.020661389174569,3.9907870694988077,0.05046971645139247,1.0666010723306107
3.913202311061696,0.05063477265146275,1.0592151895880872,3.867565105914056,0.05392924424276546,1.0494780221224385
3.9594784175663453,0.048318532142395836,1.0428726229258363,3.9205162954288753,0.053834855407109215,1.0460071366069363
3.92023760683411,0.04850802517802162,1.064180048590496,3.8773451591985446,0.049189877031901315,1.0716048747468665
3.8622577495163486,0.04697654809800855,1.0162589185663902,3.8730847267585453,0.050709147201281175,1.0039833394326867
4.011356471407285,0.0467237107050015,1.088399789802371,3.999819316128907,0.04824296789220293,1.10327086754663
3.8206441293671456,0.04620601747716469,1.0033222691244388,3.786770541848213,0.047397832667775225,1.0212533156864518
3.829356032136562,0.04714808424931238,1.0329301315806436,3.827765981301901,0.050072961754727446,1.0411708532460457
3.8631043560403713,0.04799189506186954,1.033287269638624,3.85820026696864,0.04987166593653086,1.0204160903837285
3.884731263179811,0.049218732805197764,1.0145604545745313,3.860464243258777,0.05103299593713501,1.0180799818490274
3.888293815884005,0.04752979898901812,1.0328949726313896,3.9456488179420695,0.04952885941619085,1.023791888260691
3.960940198047926,0.04902137294440341,1.026454439731783,3.8774189650846242,0.048949951879974495,1.0159915773088564
3.906322461756877,0.04745673997448396,1.0528548719482023,3.9134025801956875,0.050957309976021097,1.024082067990556
3.8456627984129788,0.048956470326267515,0.9987441572906288,3.803441839953933,0.05189231030464885,1.001322913371231
4.037836682009623,0.047283978566532756,1.0436500699847615,3.971638334439225,0.05006215232666356,1.046305772573905
3.8225708364619795,0.04768586076869949,1.0293279517371292,3.849023278501665,0.04895119897576137,1.0558124944681762
3.8982983523896033,0.04645568137400735,1.023426116438512,3.921305202619975,0.04793324339617833,1.0314303947014958
3.9178209261796293,0.04693133988319033,1.023602026516036,3.945379669041184,0.05015594489262811,1.0473503599192866
3.872908423481064,0.04914711873402951,1.039944076921797,3.8001715782031593,0.052478910225160304,1.018480696939553
3.954382079746914,0.048590291615505196,1.01331777109267,3.9412541516781836,0.05092591417619565,1.0404207102988474
4.001355393497031,0.04850004139490975,1.0459431211615942,3.9029461586904626,0.055263907019099306,1.0462252104121026
3.8942869375944893,0.04714475245179566,1.0452381155136021,3.8272864858882123,0.04835077266723807,1.080339267017853
3.9119584801758513,0.04874143244747488,1.0331122174746972,3.8962793106305447,0.05055018806801212,1.0355708488098572
3.941848594137152,0.04920734911414078,1.045578381066672,3.874724928455745,0.05067774579281379,1.0250131649377727
3.7873984211858067,0.046954425156476166,1.003218522859578,3.769214840268007,0.05000771343747817,0.9936937062758058
3.901839413816258,0.04690324635483607,1.0561487086378716,3.8205389948900064,0.050584492910594275,1.0438341909878806
3.9122128500493463,0.04784069773164812,1.0589267320601636,3.9596064553617993,0.0506855655657801,1.0450152114790008
3.892900803256198,0.050214087631205204,1.033598733630893,4.023084381455516,0.05429393017631115,1.0413217661403418
3.928222797448033,0.044525800754199533,1.0263664896755282,3.912425311632177,0.0461995683764417,1.0260198459778385
3.966635888898542,0.05139239757814115,1.0016463037201304,3.943666832253758,0.0531901796990612,0.9814123072453418
3.8801857210312143,0.04793893332461013,0.9815791540314038,3.9159816550468034,0.049209425489485245,0.9868677271875289
3.9333355335626043,0.04467913378969769,1.034072951595453,3.8758662955137537,0.04639281371762094,1.0356591029127353
3.9667855739270155,0.0502802204123331,1.0339906102194871,3.9481307405964396,0.05279604545115348,1.026239097911236
3.9032305523651543,0.047651218407390915,1.0428842471091864,3.8313523706763957,0.04955313842204703,0.9741197342940864
4.012977201400642,0.04716878360388365,1.0383090597573503,4.046338827794338,0.04929735800681048,1.0616100504782422
3.9385996027292336,0.04965043982449898,1.0422291681188844,3.92802394996171,0.05048089768725039,1.0554433586223249
3.8860835197778023,0.04859054019583325,1.0350706655666502,3.960829698636734,0.05117242408696897,0.9915216183954291
3.8408070498154365,0.04686632783509942,1.061515071159687,3.8904810330163766,0.04859687593058842,1.0268038392683294
4.029769558562826,0.045020798126430096,1.0402110579039867,3.947640255043402,0.04707529543585419,1.0202144487272493
3.9089375994697475,0.0469317258277907,1.0361270114520134,3.9228131164240767,0.04758848739340216,1.055835467508551
3.939523457784258,0.049090673858511395,1.0093949800304534,3.9644774164692578,0.051600195205695594,1.0318731763620088
3.9594837636098204,0.05092583940739573,0.996009361549432,3.925349263907519,0.05185592996529053,1.0337240208026601
3.8846855791406294,0.04773360610679129,1.0096594373036194,3.9324969499552105,0.048415139419798525,1.0231974738350973
3.9452166574353194,0.048473705751502894,0.9827407910940357,3.853530700023654,0.050460716515509305,1.0208677482294344
3.984786284487996,0.0457341681065884,1.049866510489287,3.9880551532588244,0.04875177172988704,1.0618770076430861
3.953779269572387,0.04889374354297096,1.0463813478363262,3.905896050491834,0.050503809329013716,1.0441294888519332
3.9201660658112933,0.04739286706828636,1.0027720528908135,3.907985661073014,0.05112892848971888,0.9965902715618882
3.8773009156100313,0.047397238036841476,1.0613951808328803,3.80632120340307,0.049834108512160524,1.0755547220009587
3.9625183032597584,0.04603810772429804,0.9973858701727558,3.9965781104029645,0.04777271249389589,0.991565671302376
3.9580254591079265,0.04520284107279252,1.0373833789981743,3.9361375021083265,0.04676657555708933,1.0338107532540874
3.9316184847388254,0.04850401212758847,1.011531009721333,3.952149329652617,0.052524562666105626,1.0315979667566033
3.980370112109267,0.04786578471487575,1.0427558572954532,3.930255506020543,0.05075903207790645,1.0724581075421755
3.911880752308109,0.048049583398953155,1.064859776717418,3.8916562019526593,0.04902336892598966,1.0612704241527735
3.902101746897906,0.050355797046241095,1.0370509880804828,3.9357898255612933,0.051730950397399326,1.0705420115139437
3.891750012657304,0.04695226431693389,1.0723573089932765,3.910939574155733,0.04925776388115525,1.0576921918056361
3.859429384111695,0.04969791432664942,1.0636982531274803,3.952177069842223,0.052745397892253854,1.068384901750377
4.009643130927104,0.04730836598333178,1.040787125988487,3.9090712538752523,0.05052636035387103,1.0320592162358617
4.048951152997354,0.04808914910448766,1.073077952814116,4.049686570457365,0.05179095578852126,1.04138230875328
3.894388725420267,0.04799195965265038,1.021263544403397,3.856855413927377,0.05067361135691847,1.043588513378253
3.8466394307654266,0.04702131174915675,1.0759660653623084,3.848670329092593,0.049649445986631985,1.0643318349155446
3.880412774515384,0.049330933537579245,1.0213311145803485,3.9053758562309273,0.05086020866329309,1.0505291275438227
3.932405764710597,0.05000803467763296,1.0889287808329358,3.913449145017406,0.050114164178039225,1.1113843723938357
3.824096188892775,0.04598791847561168,1.0771712730546632,3.87650328625079,0.048189197108262326,1.0698262631729412
3.916130291743679,0.04817774633126684,1.0072005577651226,3.9052657000272126,0.047680349638296524,1.032161435001385
3.946728640014542,0.04794381725433299,1.0336907732725438,3.945772345100504,0.04977622056087033,1.027857709264574
3.980560124899008,0.04570238024569403,1.055642178856884,3.985419930878143,0.048520638405563594,1.0538321572087603
3.9187977869423665,0.04598711071746704,1.0780108718742114,3.906648081969739,0.04749688042247122,1.0791322998820434
3.9171227934573447,0.044728325520982916,1.0328718731981865,3.9391438929789873,0.04836025494455349,0.9977136160126959
4.000307317970025,0.048101150594707216,1.1083323882045433,3.958072639262446,0.04992399327823476,1.0542973241764018
3.8193253217749255,0.04773031185730636,1.1224580603321679,3.823181087854691,0.051826180634555276,1.1099343039577294
3.8552080538095574,0.04756947688199597,1.0678064281920987,3.877248992854346,0.04992888843425474,1.069998955959346
3.9743148111211264,0.050061588401710905,0.9990620450685804,3.981267256208121,0.05269845713950784,0.9908262270312705
3.858678874025957,0.04963523407295635,1.1152219459665345,3.875844947958183,0.05120099149757223,1.0558604789648443
3.929062897670503,0.04802050224494641,1.0618066956628214,3.9893306093060636,0.052688741808509194,1.0369799427461597
3.9374729120084453,0.04945213635458841,1.0525996614721995,3.9638994815636077,0.05101376651819049,1.060696948983257
3.8921023017415464,0.04648672346554227,0.991742800216334,3.9402462073846616,0.04947900031323908,1.0000946157898285
3.8688537674424515,0.047428038213968966,0.9855170257745328,3.922747187070408,0.04928880932619831,0.9919784899395999
3.9902256995394563,0.046714288702574235,0.9880900239673548,4.003468935676284,0.05109501099162224,1.0315897066474669
3.999392571221209,0.04526428933229925,1.0029040442788018,3.9688619104471172,0.04921240624654849,1.010038258056818
3.9124511341878305,0.0484778286702934,1.0515654608786564,3.940110234596432,0.05112546937318848,1.0353229190757545
3.9189120146738414,0.043864421701124465,1.040282045496075,3.9221520690619145,0.04617999215535879,1.080997709666029
3.881854003781906,0.050112328273575465,1.0441742328259236,3.8103278525381357,0.0517071476667379,1.083748964971368
3.914430162067065,0.04713755439813323,1.0294943637301208,3.892928832873967,0.04926935288321506,1.0381534310004539
3.9344164687632452,0.04853322604511851,1.0467539947274607,3.884050339148231,0.0508337358424869,1.0451825075277008
4.000006950964077,0.04790575472295872,1.0417809242325597,3.93912367445127,0.04907452349490591,1.020487746885707
3.912831448860624,0.04546143254210252,1.054308777616351,3.954091418848351,0.04896678010967618,1.0633984068995614
3.786027500488037,0.04649654748466442,1.0343080521734194,3.807803521712161,0.052555413001399265,1.037812794827035
3.8770695831062434,0.050633403640335146,1.0521304594393854,3.87967753257701,0.05051102392398447,1.0399589895327197
3.9812527055373557,0.04733791656958135,1.0417735551219345,3.9329067379891915,0.048756286456915966,1.0804254009119925
3.9572666198323394,0.052329387856841277,1.0740077832497517,3.935486547473081,0.05499990480459508,1.0593618124631061
3.9502371101368765,0.04785846701479426,0.9848695104929905,3.917380109032756,0.051746318639754686,1.012256006745047
3.9101433059514057,0.04627148670965617,1.0282879299298922,3.9333344443610576,0.04919466183244094,1.038944383801292
3.9518221407986105,0.04819096999523352,1.0209210898436953,3.895535581031142,0.050780292916672055,1.027545162198751
3.935221857834687,0.04775529707956999,1.0616417329594932,3.8995477765564934,0.052955099657757985,1.0441784708950992
3.853474512892321,0.050900168364146216,1.016996682356975,3.909909619595627,0.05314715664093559,1.0239562164978624
3.9061720400852553,0.04868000957610307,1.0004717336926081,3.93648293036642,0.04971116349227664,1.010699336365055
3.9315870011424052,0.04807642363020193,1.053571301653626,3.912658243233744,0.05061286524300499,1.0422892550030562
3.907765550158251,0.048376823946129716,1.0512375969662595,3.8824236324568044,0.04906396302907411,1.0466320290386124
3.936284723953445,0.04731967103638169,1.0736767638447005,3.8541228754964987,0.04984340167151103,1.0595635115309243
3.962794360534814,0.04580458854949305,0.9713239869835899,3.9478814904327213,0.04662677168931922,1.0050769655090057
3.9187151484850578,0.04919188401568193,1.0568415838880154,3.934159017646961,0.05197109331697959,1.0386370158029805
3.952433404276006,0.04763071879297929,1.031087347619774,3.976335421968494,0.05090801050577003,1.087029055032653
4.00458366850173,0.050974569114177755,1.0160760058320017,3.9050829508085037,0.054298491812735376,1.0350653468395894
3.799911233464241,0.04939571313318711,1.0189768633853555,3.7917825931515075,0.05239179552213926,1.0208415785776468
3.9257285857601447,0.04841458985524877,1.0420896955037513,3.928637709423585,0.04976936574194717,1.0348399333541083
3.8825180412726232,0.0509929654059494,1.0339982954849483,3.895922093482421,0.05355711741797227,1.0333626687197104
3.9007077805862367,0.05058748459522665,1.0246160193161327,3.877579242367579,0.05147126402963227,1.0471348044546778
3.9355173331514988,0.0457011767304879,1.0823502513496266,3.8600049924428195,0.04689624997275853,1.0842632100172225
3.946749399229548,0.047798220792895314,1.06165460569494,3.903062775930245,0.05135588437533849,1.0608816377154011
3.9215202099775586,0.05018446244520979,1.0339086887853506,3.941959095529846,0.053991345035212635,1.0617253967167062
3.8798245575411805,0.044559318761857016,1.0406743282642015,3.9187182918163934,0.05026616448612535,1.05921009559333
3.9627518969763633,0.04659554355864109,1.086994878511917,3.9977590012954685,0.04973273509096954,1.0898019414198135
3.9331292650910847,0.04698402395952269,1.075490548612401,3.9287155105028817,0.050229985041978474,1.0487392316548654
3.869558676633444,0.04597227035531997,1.0372884430972784,3.9226458312441124,0.04860217989881293,1.0502908744941546
3.8747536967361755,0.045852288607681375,1.040948065463359,3.907981577489032,0.04976055036514582,1.0316817338315085
3.993638717311726,0.04757545720331562,1.0351098247782973,3.976399809894621,0.05148169688032028,1.0303602991601912
3.8729926336857603,0.04802394857256954,1.008802837476042,3.8690532142243756,0.047551178456550394,1.0116448339442488
3.916414286979721,0.046280490150144744,1.0232966027182386,3.873443914780166,0.04860746648038328,1.0323570242015778
3.86642622546107,0.04729111888146278,1.003530344444278,3.8992936410767127,0.05055351298695164,1.0267077396010171
3.982797822434496,0.04833409046633839,1.009622348216261,3.869268223414834,0.05032713346869245,1.0397513625663015
3.893647404495002,0.04570337475831111,1.0346288548964786,3.8865782896376935,0.04861493107059455,1.0542589036238745
3.8862825530755076,0.046219123112787634,1.0024152211394284,3.9034510251178878,0.05007432628243642,1.013324294736252
3.777491834729426,0.04544113669206886,1.063042853541366,3.779503712649704,0.04904169229457383,1.0674793181906206
3.904050600173663,0.051938018714704826,1.0845730511724803,3.8417212462768098,0.05343725528144599,1.1090713672531487
3.9113036151681206,0.04682060331159023,1.0432712237793196,3.9185083503218694,0.04835602803127325,1.0360193036309808
3.8663927409677066,0.046954291185304246,1.0563208831292672,3.8707102506073587,0.050625777424429384,1.0735765233949732
3.9419201659453678,0.047293478052861215,1.0735012618883106,3.937943983569959,0.05157582831040463,1.0861845330456774
3.9083472216835435,0.05107228857540462,1.0531076863005966,3.995210495033306,0.05034047902901044,1.055916820881321
3.9251350791140456,0.04769392091318566,1.0159776504074585,3.9048808973427276,0.05209670418454345,1.0294986076156116
3.920554272373408,0.05030535928874307,1.017843212569138,3.9444128929118687,0.05294681402472994,1.034849599530888
3.990045480833983,0.05058016441865162,1.038182628588667,3.9413146722759564,0.05044563750114996,1.0452048732477326
3.8629518600282404,0.0451474403530958,1.0397534201105139,3.8571867730204676,0.04654302232731076,1.0224940397491045
3.87405659103761,0.04585508202752166,1.040362149816677,3.8903378784384994,0.04707804113222677,1.0409175569702676
3.824806026688032,0.04845134706881435,1.0291994773943587,3.8589371952129836,0.051752176791014515,1.0387171398533757
3.898067577946445,0.047743130512272115,1.0157503283371063,3.8251206384560854,0.049520551198749645,1.0471283767538389
3.9187550653959597,0.04816357391664204,1.0470906309110808,3.82797508416932,0.05084290932171836,1.0480665638735085
3.894401057906238,0.049538782668205085,1.0150453880688546,3.914313321106086,0.051260970370541836,1.0343550579095535
3.914870648752522,0.04773452627918583,1.0888315279838998,3.8785981048834106,0.04899030365903383,1.067496563337606
3.8617924075540997,0.047190280403799925,0.994801448015427,3.824759078511025,0.04873194063442567,1.0166652094814532
3.9393639648209327,0.05178504947350553,1.0195372165862264,3.8496750103478337,0.050945630487924644,1.0526589521802092
3.877598113405352,0.04498588752891365,1.0462305168552595,3.8673468178421464,0.04861043016180493,1.05625223093029
3.8538675053120555,0.04649799990434855,1.0716163902192712,3.9763119337592383,0.04690106724000987,1.0311904381062693
3.93331206592516,0.047841596520408924,1.0601831851781485,3.9603898215179694,0.04970158392772896,1.030122232849698
3.920904675260511,0.04784000240663776,1.0614075414545818,3.92580644649625,0.05148816746703902,1.0558298628896015
3.9710849514121547,0.05047093925062848,1.0075291238050477,3.8665553212356825,0.05232168168816627,1.02913892836087
3.9266601041646583,0.04810764662368883,1.0194047398556174,3.892479852810153,0.0515588903649561,1.0352483288256318
3.9791606481103186,0.0510315077798732,0.9759156714119043,3.9826408890297444,0.05438523437319511,1.0146978012877654
3.834966929284169,0.04671598017175372,1.0394886542212063,3.8733624414565226,0.04894205715930227,1.035904415169358
4.017545201699952,0.04743047544944988,1.051433998962856,4.02284876837351,0.048171919256178655,1.0217986631848979
3.878791343810277,0.04867028194409016,1.0543528260783241,3.8294457179447887,0.05059171823531144,1.0260873878866104
3.9732145429102275,0.0477173670537089,1.03532778575511,3.910880175827148,0.05215689016920366,1.0359832223662944
3.8679405477031557,0.04695005391465007,1.0783349469282957,3.851002817100389,0.05029182240961248,1.0862841045091176
3.88574400818887,0.04629742229376089,1.0660721527575407,3.9003575258039267,0.05102772164556136,1.0447502093557495
3.923316587026561,0.04814879881483555,1.0322833752178253,3.9525939398594856,0.04948132998918878,1.030343581384662
3.8891178614864197,0.04711769067138198,1.02406091831777,3.880297115441142,0.05218052920417233,1.0292728695869353
3.9814938798202477,0.04698831275917837,1.0303569457511972,3.9695236647704526,0.04882666747230793,1.039108734457263
3.9610208541659717,0.04652769860764366,1.043557329123165,3.908804815973197,0.05010705056714721,1.0470639956651877
3.8339059550691412,0.04858361291343069,1.0460846976679357,3.8637399789407443,0.05009897895588957,1.022422376560111
4.0034098549501085,0.0501445373191036,1.012511752032395,3.971720657058178,0.05204611157406863,1.0393018560568943
3.9557105364197644,0.04768438117190599,1.0201403533206421,3.8948660243031212,0.04903283481337479,1.0346065828189304
3.930130401379739,0.0488312215373263,1.0279264461084887,3.9338718325878705,0.05281126981609998,1.0395293093822584
3.9027328999089783,0.045644285668383605,1.0271956195810272,3.9230713954070717,0.04939999381156949,1.0699509244953473
3.949544806153284,0.0463996634343071,1.003404662078838,3.902614236528196,0.049154810644631064,1.016885883114303
3.949729542503753,0.04787979610203658,1.0903181160610451,3.9256513549240117,0.05033383826548357,1.0621225525843978
3.8899192156453104,0.04812765343975008,1.0699832211023335,3.886762525860213,0.05200607807632888,1.0879838176060577
3.9379046151587356,0.04768468072631224,1.0768781849625384,3.859579369605189,0.04940568658481268,1.076751608804204
3.8442328712886598,0.04832811487809168,1.0264259864967429,3.7986921525882824,0.052252817488840406,1.029855954847698
4.040326672538261,0.04478105861116902,1.050388278595584,3.9131957207067742,0.04749154397838741,1.0479944511244683
3.9374974345723195,0.04907097817718266,1.0576287608500214,3.921949403064104,0.052627930887103734,1.0809069175129224
3.8804390253705936,0.04652909001966286,1.0218801077236233,3.874134665584369,0.04853079344040468,1.0497646010506168
3.936489741797836,0.048033928603862575,1.0505358868064016,3.8631122587015296,0.052220175760934254,1.059226403909306
3.9135830177241786,0.04640232611852091,0.9991363076967181,3.871928878789906,0.04953692777542187,1.0604810502123059
3.9487730484586323,0.04700480568327352,1.0898107037436942,3.902975669337767,0.050099888437212935,1.0726489362344098
3.8754936059944134,0.04455095793212055,1.0403856580755093,3.8014321975622307,0.04766187742503435,1.0477737568094594
3.8758294920100336,0.04745077665962098,1.0058859726663878,3.8123599605179,0.05047900852293075,1.0333733902787654
3.9482435685048336,0.05004443271425312,0.9852801793493856,3.9712083908328144,0.05665813023348721,0.9919581282176617
3.919756497977004,0.046215095381105416,1.0405737580241963,3.908288734750164,0.04877230930226577,1.0220761065013417
3.9308984656354142,0.04762050090540891,1.0188616830820303,3.8775451996787207,0.04979371135093387,0.9921162044914013
3.9730928773632668,0.04811239985019278,1.0642461177653617,3.9849796705227325,0.04987775727536845,1.0617232107876975
3.8919418407316715,0.04893580371291803,1.0609208144895925,3.961304292852536,0.05398971682783473,1.0502645536298014
3.9200916382510522,0.04522638869704638,1.0723413886169124,3.94303075102447,0.049738678129209755,1.054435033801405
3.8612880565920724,0.048730072886294176,0.9872161085558592,3.9193295095425102,0.051647783304564154,1.0136526757900783
3.927933484861105,0.04910404855689867,1.0310362715786,3.913868204817534,0.050575396603889294,1.0690693947024745
3.881711889995666,0.04779387412314679,1.0285954715404853,3.876718896409046,0.050243802854718335,1.0357407997032415
3.8703965403155633,0.04748380598921935,1.0823018459848308,3.921690750011285,0.04885538502108839,1.077782986301158
3.9630493010892573,0.046183194164165234,1.0365120493161966,3.8544260429350237,0.04806272614115005,1.0333977288968321
3.9500181216890926,0.04828869985707603,1.0104726799089814,3.9658619448113117,0.050564877453331096,1.0033807036833955
3.8114993344705046,0.049755731422457226,1.006342118494432,3.8325738051582676,0.05275922048754869,1.0110447730263055
3.995769520461828,0.049931708496305405,1.0401599069019596,3.982375274188171,0.05283207397078138,1.0114409384148
3.9656106872119925,0.04667662283787494,0.98107120100396,3.953249471860706,0.05078863718811262,1.025944546847815
4.039952907477318,0.048468293335157134,1.0101893765751315,3.948568861660359,0.049824166330414144,1.0419092403058612
4.052057032391886,0.04961445043427371,1.0252746838935496,3.953504961078262,0.050072641770771274,1.0449041822991856
3.9131467981402515,0.04686447454848454,1.0072403074508511,3.8984079657716197,0.04693498107594034,1.0181477090799718
3.935383562678413,0.04619349955586547,1.0190169511259926,3.9069742935143927,0.04725564267162962,1.074548937870972
3.8971418131853874,0.04431770054085824,1.040718197527308,3.936433436271661,0.04809696755804777,1.040432187226447
3.903164113498941,0.046375634528439603,1.009856469504056,3.9822511803890235,0.0492888122468325,1.0007725264994205
3.909366536231596,0.04670930625672446,0.9836452037797104,3.856378359566969,0.04903947445080357,1.0467998384670252
3.924612821703922,0.048470336017682074,1.0249432496154587,3.830729789245771,0.05096143657703162,1.014761122077094
3.9393707244672065,0.0492637637504072,1.043361092307808,3.8986856121108255,0.05220923104338409,1.0668038086381786
3.878859176752142,0.04803501135878857,1.0448366359214722,3.8930865380781556,0.048043764429747296,1.0632272329694878
3.9803832123546234,0.04837970523166474,0.9953567802878123,3.927551290717245,0.049860870694617074,1.0354532841010504
3.886934179138957,0.048498761819662665,1.0391247765021971,3.957049342015452,0.04988165369092609,1.0349221978367542
3.832246314379006,0.04796947328644124,1.0215931150457802,3.8432154520224353,0.04968364164412268,1.0629254960405736
3.9185800750912763,0.04710527193414276,1.0747818676104834,3.858215597256476,0.04975519646463642,1.0668057099488653
3.8773701449571734,0.048752949623505897,1.0094953600782623,3.903556094773406,0.05111358203937253,1.035965326766991
3.899935472544947,0.048551685780538076,1.0450433259166543,3.8918849913135736,0.04894994761372807,1.0575542964730096
4.047392991011355,0.047810962779061626,1.014681899630621,3.9853025493112493,0.04940221658162262,1.0295166721675486
4.0180627239002575,0.04983589780042958,1.0345850083281345,4.10097897443799,0.05014788906996281,0.9868210572935655
3.89128922478018,0.04759425794092766,1.0338743891168065,3.9205313026928046,0.048995040469272416,1.0227002886794823
3.975911750742317,0.04706539440121809,1.0411346893125737,3.980834489191968,0.04865322394854309,1.0367537960447974
4.012420391543237,0.04763502194246372,1.0195562184659093,3.9893931023519205,0.04896822418336397,1.0393668663774707
3.9721586344628284,0.048450264259732964,0.9950422392053135,3.9017670506038105,0.05054386560116122,1.0146872247054377
3.9201532057452755,0.0497467664736618,1.0303050607019137,3.918220812720998,0.05109412818145627,1.0547764594008024
4.008559920000516,0.04900319979767023,1.0648701628447668,3.9637907698658967,0.050206620902096884,1.0415687581310813
3.8666535682221324,0.0479191068392807,1.026354844639711,3.926231391347809,0.05074863741800062,1.0453536423260636
4.014707379525952,0.04515986449452765,1.0784869763862166,3.989826594126631,0.04946201726480746,1.0893881930784977
3.9039525564607827,0.04498342666887131,0.9939418967410034,3.874045699183378,0.04896561585106994,0.9785691505009843
3.8477304843875926,0.04840928288014023,1.0444395881031894,3.865078037138551,0.051092955162156,1.0089099543261593
3.8496778938118137,0.04817470131933078,1.0157343017880256,3.818314100886174,0.04937537801100794,1.0254671315115629
3.9625846269370744,0.050191815771758255,1.0570368081959391,3.9271717795306493,0.05089553104368012,1.0358305225925113
3.9902906474350885,0.04777461451179366,1.0382691028580329,3.9233879878546385,0.04926051258082052,1.0568478527224103
3.8703149098001424,0.04688549057682722,1.0142884689828031,3.8600395756358825,0.05040094530474787,1.0160343175106132
3.850044069087612,0.05175178393326879,1.0028752726497632,3.8334223370615117,0.05399169468270536,1.0470025053114684
3.9388960270784414,0.0468826221512912,1.0584046993081815,3.9458832177335252,0.04896138818355974,1.013477600376479
3.9523142964508406,0.04961721687913892,0.9956860094065321,3.9084558879430467,0.05198270207095697,0.978241233725777
3.9270082374608988,0.0445503607494345,1.0056129349413523,3.891864000731131,0.04865798902357781,1.0110542844864685
3.923090499065628,0.04691801002044432,1.0650003135128034,3.9008199361039804,0.049334528378303016,1.072414405298123
3.7862686149433733,0.04686097520253214,1.063875259368995,3.8450537826829683,0.048227171388573804,1.0884846222499887
3.890425521875313,0.046725174106663894,1.084839914101339,3.795217948061581,0.04886858872279888,1.127565494855793
3.918957529895355,0.04686049046414401,0.9733670824933842,3.9051085960821923,0.04833905564443605,0.9857497202699148
3.866740624978405,0.04599054172244797,1.0174705330711034,3.9186910903813987,0.050459639406362715,1.0210889126362448
3.8924244371084145,0.04607878817447266,1.0991073915983691,3.909236259574224,0.04952778912858639,1.0466331395508035
3.927791996126487,0.04757819245236741,1.0601283645741673,3.964204509112392,0.051460534744382155,1.046314592954832
3.9316271459456438,0.04912886519989919,1.0525799751704732,3.928177179583053,0.050742816036217185,1.0041941075960275
3.845150705962254,0.05002889294297036,1.0329081559858957,3.9079168221660168,0.053383357963863856,1.0572023443162253
3.9321836000485586,0.048934245777710154,1.0085982914612404,3.943277384100097,0.050021564763850966,1.0044453284420607
3.9753011765468123,0.04717882015510884,1.0100126067161588,3.8723115704481756,0.04905905551686245,0.9935581740032214
3.933951415311873,0.04544839579973255,1.0222408971268644,3.8772223314033325,0.04917859907115257,0.9949582092678203
3.9195357227472156,0.0465566287702188,1.0127627669018209,3.8729327477456907,0.04909615734360765,1.0209564467571892
3.9295038467492414,0.04790506047197116,1.0640980252507537,3.8842715996067527,0.051151992373670185,1.075191685428714
3.9742955620170495,0.0481830581582005,1.0681481553373364,3.988226455142134,0.048971122590551294,1.0431350171924076
3.909583737738614,0.05002982757887681,1.059120958626909,3.895168863582778,0.05323720624028869,1.0614496001771978
3.9567644031106255,0.049386830419030754,1.0201265485814022,3.9850534942053577,0.050767060912141566,0.9950970662369725
3.865012989082609,0.048922994019471124,1.062274365634572,3.8351714515634496,0.052115430378103816,1.056982651567638
3.869480273989954,0.04878989528272435,1.0441556380272303,3.797173426818255,0.05314817270299734,1.0607614972415034
3.9798971794766924,0.046808906547815304,1.0556792480144979,3.9177597082243967,0.04869212379783313,1.00581547755507
3.853727766815689,0.045440060918180966,1.0671666929355665,3.883336951588939,0.049153337899327056,1.0214238317006286
3.966742630049463,0.04738979070420059,1.05244064676162,3.899347986924157,0.051703629334753275,1.0573997308886351
3.935898854585967,0.04775261833145333,0.9850357500620985,3.9521986520997756,0.05441007379790394,1.0144968080326902
3.92242024032928,0.0484331795029065,1.0723865678839852,3.9297331317660227,0.050804529068310914,1.072630517174212
3.852533823965051,0.04779300285251826,1.0555692735065987,3.8774984479711736,0.05132016839927122,1.0337415151984897
3.903398210631629,0.04599846852710697,1.0682928635748397,3.92188227701974,0.04732787385711921,1.0470137939619193
3.95499053349861,0.047134350417786734,1.0330656812325512,3.9016667848678686,0.04994258169014952,1.0289422164163067
3.9084595333074397,0.05135408539510624,1.0663474347762054,3.88543606826236,0.05461679642995552,1.0202773080252094
3.96664887127206,0.04696979422442537,1.066010306823177,3.908405735578713,0.04828894495666465,1.0946642790808028
4.00252043144053,0.04820607781102477,1.0304835417584448,3.9989433373098424,0.050641611419263904,1.0305670937914408
3.7857700439749147,0.049770320677215915,1.047290839916736,3.8763851266559226,0.05353773249720592,1.0261287395567988
3.935897291548534,0.04710053077751803,1.0815301817334075,3.9799995823111116,0.05004601826012106,1.0249354664617396
3.8776973907006043,0.04649155051892793,1.0456406865579184,3.88679009357933,0.04934020570681162,1.0494423488865603
3.9154735705211627,0.04868996076095213,0.9936535730230509,3.856466341779309,0.05061504654010522,1.0049979618242963
3.89808847519572,0.04822726041214185,0.9992135146750786,3.9281533657435475,0.050757074827275234,1.0342969827388655
3.97063160426581,0.04644159980193253,1.0106256185570355,3.9077084852785324,0.04941844283304722,0.9873456817336098
3.9344895010510865,0.04760110701324354,1.0369058802282398,4.004997353854157,0.0499219126343632,1.0374741893252137
3.925371407620849,0.04599148025132303,1.0866435044038978,3.9533324275495163,0.04901399276173397,1.0825411705690282
3.93872566424072,0.04772307164819877,1.0794026721990153,3.954422259011168,0.05014200782380463,1.0809059032513357
3.894194785997728,0.04866008686848024,1.0206944592493294,3.835074032571617,0.05039371052612495,1.027450467438669
3.974548290644962,0.05094945371474339,1.017067147774926,3.9032567948485557,0.05167148037843127,1.054717422431855
3.8055110190360137,0.04825994912191312,1.0402933339563254,3.7957142966167194,0.05159562571214343,1.0485953155266259
3.970270204214546,0.048042056567833634,1.0655578780275268,3.9407778698930964,0.050044013317472144,1.0568078815273847
3.8870419184174647,0.04588024392838318,1.011096366764651,3.8590658172039833,0.04748054235460396,0.9891151457306118
3.8203433537470532,0.04634716466899053,1.0385332573334467,3.820727452965657,0.049360834244136446,1.0564082778194874
3.947673072322508,0.04814994175375296,1.033659534220898,3.899866084341631,0.05075860935491376,1.0686371019058802
3.8490632231818265,0.047215627585640095,1.0782635250810935,3.9354414540251135,0.0487640939036692,1.0863739491152051
3.887436362533483,0.04797339456592439,1.03058495017719,3.8939957017991635,0.05107635829493661,1.0448694136253742
3.9535423391432523,0.04903434964112933,1.0396055542582088,3.993104077432367,0.051251989058359586,1.0233968944290481
3.8647387058946645,0.04598972548660466,1.0716842009563812,3.9259466550747213,0.04837208708444608,1.0564716266268699
3.854106140057875,0.0463982558064617,1.050171555859264,3.847214428015818,0.048580543718127124,1.0065719677711962
3.901664365159772,0.04615331263543921,1.0477466577557324,3.8417975234594954,0.048879629470993786,1.038114299178602
3.9471070044648204,0.04448289556349481,1.0446265435041426,3.921928164843557,0.04550766712815981,1.0378089594572066
3.953846682823716,0.047850518196097945,0.999839999610515,3.9711610832592616,0.051444060954342896,1.0655117272056844
3.8892894817870385,0.04796836484809052,1.0270517535665182,3.840762240137144,0.048697687841463125,1.0381298188871801
3.8636290240780102,0.047086976762769246,1.012140843953961,3.855161096012417,0.0491948757640944,1.03681593830593
3.9078874358340636,0.04849106213387874,1.0579078514415186,3.8942585761307797,0.050023654690395894,1.067970666646855
3.847252462503331,0.04840241704119571,1.080378021571709,3.9102187592532696,0.050558881450510094,1.0932944033393865
3.913926076742935,0.04660168168829291,1.0643307252875298,3.865831672061604,0.049977673381353255,1.0627059636340581
3.864618772594389,0.04710957539578591,1.1081603523059147,3.874557591025925,0.04899650014948896,1.0442739003223338
3.9068763182222757,0.04832500823706103,1.0498449256957467,3.8595698559238327,0.051942525823715446,1.058069993828092
4.008813580503825,0.047942036145814236,1.087768822564772,3.9700185521811298,0.049096897425627256,1.0709671888183712
3.977133543144796,0.048487742865292144,1.0161091148921015,3.966463455954261,0.05095494795691828,1.025527202525478
3.8500673753428645,0.04767087787832773,1.0281847646641271,3.8443854698941156,0.048947754555643624,1.045264109266628
3.8967499157671286,0.04774320225591919,0.9952799020685754,3.829696144403744,0.050927767760949615,1.0417778380305034
3.9433019821902917,0.0479644477186661,1.0699963181719516,3.9134539104481947,0.04992465076104303,1.0642401131544454
3.8855239890584237,0.04760928604321583,1.0378953887095672,3.893362873628017,0.050103921799456975,1.061843013086149
3.8304433996580167,0.04743781281315694,1.0177047548300495,3.8058759530584183,0.049601063231776474,1.0269266860342212
3.8630971170773414,0.04567213229029756,0.9896247172052947,3.8977733766052585,0.04846032321888808,1.0313363301699465
3.940209006514631,0.04855881519895107,1.0576868960957038,3.9044118958261755,0.04943999558825192,1.0652359918856322
3.90626914560962,0.0469831143684781,1.0416876028924884,3.939113921721452,0.04878924852534489,1.0357608009729748
3.7932117973994433,0.046338004219066815,1.0759545009045537,3.824304680348433,0.0505513806786777,1.1096066577424069
3.893141244904093,0.04737586901648426,1.044993718424319,3.9305334071691544,0.051400504129689814,1.019454033242632
3.930218662492378,0.04530292655984729,1.0274529580593044,3.928850895929054,0.04667917161840252,0.9814257862979027
3.910956056779822,0.05005448261597891,1.0500588697460198,3.860967626836218,0.051438411730597135,1.0926523731531816
3.940730015082709,0.047298364159923605,1.0250042795601961,4.0529614378804295,0.05251856847821272,1.0372967883197233
3.955407225449363,0.04699402353321203,1.0166055393384432,3.962705137991131,0.04997845743515574,1.084736222953565
3.933937286164987,0.05085904227243512,1.0175493522891659,3.9209557491008957,0.0519428465069417,0.9814036868686019
3.854628097429066,0.04453204765880411,1.0650952827581124,3.9086566611063835,0.04590790199356762,1.066173241127268
3.902405984134697,0.04714593646836327,1.01770484870205,3.988699502593417,0.05081912192979815,1.0267608011234932
3.897609264892939,0.04809021632903041,1.0525757979680737,3.921166521319975,0.049264216690570704,1.0399872423820709
3.9366388179466623,0.04613228012891848,1.0214486802993277,3.935439541166702,0.04936368150734642,1.0173704998910265
3.8827100605790847,0.04937685874917596,0.9993360878712899,3.8400751537268483,0.052016805456972744,1.0515219710622217
3.9368322104206293,0.04748174950044419,0.9707730734603016,3.916381757627179,0.050182482417805103,1.0093286773707124
3.87823875699603,0.046537447842025195,1.012563220805925,3.8824966593961086,0.047965088529613786,1.0175608415600705
3.8882156575751816,0.046291168845754814,1.0254642184526819,3.826082451554423,0.050094054504535614,1.0163733518180025
3.906332555152626,0.050365412374523695,1.0460356716136003,3.931392118627245,0.05296716837208894,1.0491726705581106
3.944974121447641,0.04730103232103832,1.0357601171906379,3.965122133447999,0.051147594951494076,1.0235248445534582
3.9340948163815206,0.0462085465178903,1.0591266002101627,3.9488622180528092,0.0473330011935998,1.0636290065673042
3.9543684838052306,0.0484897220990219,1.035794145381594,3.928797308340591,0.04890982538717355,1.019524640025917
3.9194118629213714,0.04954593913065834,1.017942332257378,3.8904090441861774,0.0509895231019521,1.002380670899575
3.882195713148093,0.04452445767574159,1.099388193350104,3.908529965653374,0.04850639335912424,1.085007248110768
3.845832103769868,0.04968703582683567,1.0359721691158223,3.894024855989658,0.04972827438123048,1.012026818430011
3.892473946956113,0.04767154520804192,1.0977420807134937,3.930945552244419,0.05016811856232068,1.078833275132274
3.9968580879792426,0.04857327900332691,1.0048908458510764,3.924314029864443,0.05144632778710651,1.0054414860994416
3.826370297284864,0.04719282843327437,1.0099141409823753,3.8325723560883516,0.050862088001638224,1.0239362380649686
3.9629855857017784,0.047719572399590515,1.0759029686097619,3.9350050969321786,0.050334431343333784,1.0730539953855447
3.9204074377060283,0.050887258423981785,1.043429675845431,3.9403554805226904,0.05238018008239255,1.0403086607751226
3.880257816467057,0.04870853371954744,1.0001774393944147,3.898496794465927,0.04955837929561319,1.025659801644304
3.8631912703199176,0.047267955388649224,1.02988502211836,3.8739222739467682,0.04801737292928079,1.0173342118181687
3.89476957782491,0.045891197608273725,1.064211759195093,3.9147786186073326,0.04971179215777037,1.074773745319358
4.031019668000222,0.04804977658325987,1.0186203575784998,3.9604009619485447,0.0496256850870511,0.9715294388632415
4.046901718765142,0.0474295684858806,1.0393652920134397,4.040135201700059,0.05132988877584835,1.0650717748742142
3.891857385361134,0.048418026521433,1.0216044382901128,3.9741108279011135,0.04999361283310573,1.0011292665142044
3.960017811265628,0.047239193592522544,1.0080692331738306,3.9851505996897716,0.051637826531757115,1.01023031828262
3.9275272834218917,0.04838665433587046,1.0132361686886568,3.9048497744878694,0.049544509835632314,1.0423752116001395
3.938653131892643,0.04949308869179344,1.0052740589520446,3.934714733535249,0.052540261150620285,1.0752772660610597
3.918213815217187,0.04600884771395894,1.0153766807334264,3.9473879009049675,0.04765157774155999,1.0133201080830878
3.963761234176641,0.04924994958582638,1.037678974680414,3.9408838177229697,0.053568263160445245,1.05401428370875
3.9001619808460823,0.04740167827902621,1.0440083325631593,3.863517765906844,0.04722295191931254,1.0696378433479166
3.9047975883762276,0.04594995068480381,0.9977364697209851,3.873659369164821,0.04723697265878359,1.0212429216220769
3.8744890436905113,0.04766312480563776,1.0420449377041303,3.8860155427973173,0.05336266156870535,1.064371868370524
3.981600848427813,0.04752678365846963,1.0870398808577175,3.915480268324922,0.04909522766700415,1.0727498771607658
3.9482154002620664,0.04954485846140491,1.0658653383086631,3.962042056731265,0.0524487496633436,1.040013462737905
3.928239452217884,0.04685445207803717,1.0061365854441384,3.906675830800929,0.050698016664604495,1.0432327315941405
3.9478975582945535,0.04541667565368741,0.9984266683728266,3.9085654435324084,0.05081068563507422,1.0085142591139056
3.831660971632608,0.046348837823068756,1.023597244805173,3.8968826172935915,0.050328866479293126,1.0316302732947518
3.9346329223242567,0.04639132508868778,1.1096804259752024,3.8872884038927538,0.04852060503013526,1.076774891588959
3.9096937056236656,0.044027418435137924,1.0226232438183473,3.8336149794935728,0.04727832450721573,1.0444354704250558
3.8980190719576795,0.047065463412015104,0.9898496411291181,3.9853221909555248,0.050330596032983295,0.9954253576427974
3.868966222342519,0.04764003318083008,0.980186606222467,3.8874664987622616,0.050929595298823675,0.9568787447062925
3.911912939762491,0.04815430635360949,1.0504683183080008,3.9507786420913513,0.05004593254821229,1.0400647426148188
3.850604499430258,0.04816222186598816,1.0457082157151787,3.779773361118482,0.05072458755078899,1.034222032759238
3.897190651028018,0.04808501624726311,1.010590485880629,3.930651780592756,0.051133399288985235,1.0377733137325138
3.8443036603394938,0.04846647417847911,1.1263146279003953,3.823918762754935,0.051841336889908766,1.1358485323767769
3.9246636175046126,0.049099719183753235,1.0314348213796145,3.8447043626849693,0.04943351841898707,1.0757435220107177
3.9228109028303124,0.04763220869962753,1.0472703246179986,3.9791150045559998,0.05237939294764784,1.075665275429727
4.018358430054524,0.04734056600652781,1.0804201816559023,3.956441791831418,0.05050207327574031,1.0478181118708945
3.8785880052170496,0.04780043236139655,1.0405356333543254,3.8768407229306616,0.052257369301200056,1.0255724823191172
4.00505933321431,0.04734679628170653,1.0801496186899207,3.938520366244873,0.048986855260380456,1.08375295981434
3.8734867559796857,0.04670902239781409,1.0390391025813293,3.8627941814957185,0.04871692877593226,1.0815966433692343
3.8742749922917428,0.049980823116767936,1.0497212762965709,3.8068654856417483,0.05191425767608321,0.9949031555865749
3.973614944394238,0.04697139512049968,1.0296470618149631,3.911581026965934,0.04866505170079612,1.0411839544839443
3.928685990439951,0.05003003603307717,1.0716280496388608,3.962447758017621,0.05058656760261001,1.060845929144447
3.905532815227593,0.048542776780029266,1.0242164066277286,3.9293972480876778,0.05034853295517243,1.0928259752415503
3.8735723997070677,0.046928451518744196,1.0360902807530563,3.9111532795376207,0.05105955847537918,1.0586215827901786
3.9451856971983306,0.04775089820359614,1.0534021389817265,3.942876079885751,0.048704581148811446,1.0293638971863812
3.965385008641417,0.04698612255888351,1.057037035128295,3.9169270435623376,0.04953849617606662,1.048242726264281
3.9730844635049296,0.04813554656681703,1.0699876733028084,3.9659275041794015,0.049806831852463616,1.030935787950266
3.978572619761899,0.05078815635872402,1.047873855898983,3.9445114828059995,0.05113825851475878,1.0418396872548983
3.8604919151357735,0.04974755424814887,1.0280286273924713,3.8966744860724214,0.04952430701934631,1.0214152372330558
3.917409640043499,0.04602558973949335,1.002057637896621,3.9272090703478124,0.04805630228054843,0.9839380458778401
3.948235430077344,0.050936043088270336,1.0059799877128244,3.9436014511973587,0.05018141072299182,0.9980999996499146
3.9668342672385,0.0469986894152447,1.0251241423430626,3.973833308885533,0.04999237512158858,0.9975826240888852
3.910299777829893,0.047542127812244525,1.0078236628016013,3.9282606884452718,0.04791612857005515,1.00418494006202
3.8245746058386065,0.051154954636065716,1.108466544589665,3.808736496405755,0.0510911717585841,1.0599115881135095
3.9656508640274075,0.04788025454497327,1.0569836081974966,3.9303758845460597,0.052062374401682335,1.0915980573856205
3.9360775112942554,0.04807477838920101,1.0667038539959353,3.960950579597303,0.05040004206256118,1.0673595854365416
3.968776036123254,0.047822579654427544,0.9973027577676687,3.966565505266995,0.050486086798767635,1.0227559902830552
3.89139148260128,0.04947085336384806,1.0652783773646477,3.9049345275919833,0.05046285295561138,1.066791443264878
3.925159299141851,0.048393983441572266,1.0894799740259629,3.8671465973247328,0.04947758771674843,1.0883457041765794
3.873725528220798,0.048916652320264147,1.0310039045559565,3.8368731048810605,0.05194471789255199,1.0116064075748956
3.9046425236425817,0.04660980375141739,1.0354223321431104,3.8900085174139774,0.05086069791536798,1.0070581507398335
3.9195349776067565,0.049332074445964484,1.0998863935025642,3.923539522216199,0.053232965577784945,1.0691249041535125
3.8470630228620877,0.04521231285856726,1.0397576562427544,3.8600155320021963,0.047373687641093606,1.066975715220152
3.805205852886504,0.04585198778615621,1.0488404236401234,3.8134406101017584,0.04853667648226154,1.0696765699000759
3.8912666327063326,0.046884310446617686,1.0232735271448066,3.9076638668440307,0.05195826613146078,1.0469307204958032
3.886899734746568,0.04693389076557508,1.0152483780500334,3.9511586307981337,0.050166156704755716,1.0109603619397662
3.928167669952133,0.04586990520241782,1.0629024476353908,3.9232881765150314,0.04808276830701521,1.0695585244294652
3.989232630743089,0.0501918882647059,1.0850914715450706,3.9851550005193297,0.052472448818246184,1.073016615848815
3.8573462749973246,0.04830524154067746,1.0091496601970613,3.7909041987448076,0.05201346029307424,1.0037391282654924
3.940089869215546,0.04736934513339307,0.9854134839934469,3.898549313227239,0.050190585500800654,0.9643673066092341
3.9540997273243588,0.046008308665704954,1.0020123862708255,3.874611082085852,0.04871578990448853,0.9985005358005945
3.8323630290479684,0.04623339973126118,1.0654450204314798,3.88217884033299,0.048130261336825866,1.0767597824194692
3.8473745204088297,0.04838208911969889,1.0190431796027728,3.869697916006077,0.05401921805866241,1.0032663576869496
3.8679054517027396,0.04680094281065251,1.0162042714532402,3.8953118340898945,0.049749343956002806,1.0202690622134298
3.941176093385178,0.04500987536923969,1.0912572774949836,3.967439944436033,0.04774383818133012,1.0864399063306325
3.9215061710478465,0.050814209229617505,1.0541980175549839,3.9220072605830354,0.05200982063162627,0.9983742318932862
3.9278655537938283,0.047227138171114035,0.9995776378333839,3.9976457046694556,0.050443656079824754,1.01521029791331
3.885567280292444,0.05056501393432333,1.0681572320892248,3.8538522476350225,0.05268885191280735,1.0527768761574383
4.003263845843798,0.048941899289666815,1.0453309654938678,3.9687449333511244,0.050733672685121106,1.067942166861859
3.932886808515582,0.050659203715707285,1.0486680466571896,3.903388398290139,0.05191630595832647,1.0403881373299877
3.886129645279652,0.04973228880234017,1.0467701682118762,3.906518854784741,0.05232298691197804,1.0392897688321212
3.9138671610404243,0.04952127254163532,1.0461308394065607,3.8286392743321445,0.05246857008157082,1.0839577712364465
3.868053768569693,0.04789714230514566,1.063769762257662,3.9116612080192477,0.05094400356701439,1.0882319233667812
3.8724788095873888,0.04787785510165402,1.0215726833776118,3.917872639239498,0.050340673156148576,1.0661462066549214
3.9722484095867285,0.048066383330870134,1.00092219824593,3.958500065197366,0.05265347807847096,1.0395014640875035
3.8154297970272926,0.046648437856764695,1.074516595905767,3.7929321520211383,0.04837936774849225,1.0605432743971617
3.956687416709305,0.04752383885688883,1.0562428809472066,3.913960474705607,0.048819753925734496,1.042360198969968
3.9363246188058008,0.0487766178476489,1.0932978415556074,3.9115643571808887,0.05261326894748965,1.1011944869906714
3.9156458949456567,0.0466481917585265,0.9744075211077691,3.8570997570707775,0.05090400868333666,0.9878948788482087
3.9704858773165737,0.046720263520492224,1.0962510267952992,3.9426660779983385,0.05151682532121029,1.0732926410567927
3.9685636354402725,0.04404604141914096,1.0707405651852788,3.9691411490767083,0.04709539702529229,1.0795521478586936
3.8042990622905837,0.04771355018400798,1.1297169269906242,3.8606804998874322,0.051048731969294166,1.1429435358079654
3.9899767235667247,0.046607338657253264,1.0076861625060403,3.9080672693374785,0.04882298047141667,1.0300708695049627
3.915328706218663,0.046873308284092745,1.0887078152176204,3.8733991921774114,0.0491054387822905,1.0334721967796672
3.8785028888833306,0.04582629018733206,1.036532732766141,3.929602545780212,0.048172533234362075,1.04923231266143
3.8371982406123086,0.045330564099574415,1.0365715263744328,3.858158277819183,0.04572254332752628,1.0399363389692573
3.938425415181647,0.04703724245239123,1.0264251179692914,3.9632054886776764,0.0506624667616722,1.038138387114416
3.9028740948410086,0.0485895486048484,0.994843148575729,3.924629691459889,0.05112718071050824,1.0164116224990973
3.940063120261016,0.051123474040648716,1.015031636465404,3.9344971223302503,0.05418186669838728,1.06769853588924
3.8860180483404654,0.04704706117422365,1.0056877394552173,3.9371957629523497,0.049730474185580346,1.017586143906388
4.0423921960606,0.04858183905109305,0.9880498048345938,4.006544524034217,0.05161054852135513,1.0273364272545271
3.8306499100784244,0.04621869986458573,1.0188632614465611,3.8409929511086145,0.04830778795319122,1.0290118721212247
3.8281474504108988,0.04805383699671642,1.0381043506398147,3.797683557743387,0.0507408402990634,1.0644956998015076
3.9910439393386707,0.04684832056520486,1.0410633024867737,3.97892487280524,0.04921696698111153,1.080820050583572
3.96079432733289,0.0490339804610188,1.0537641663061148,3.8950657856540323,0.049685030419277056,1.0264458958270712
3.8664839995068205,0.04663344815187228,1.0376873864038065,3.8457272233600506,0.048872905406187446,1.0216949302708846
3.9122172887459565,0.04847461233295816,0.9855951637660134,3.918932590536035,0.05141303489952449,1.0395379112367549
3.9345325228452976,0.049838921221665354,1.0135063215358797,3.9739288582764756,0.05368254858205081,1.0414724715029908
3.9405098274137766,0.04803507451528421,1.0505804987191572,3.9315083416266394,0.052971541446029,1.0471096197521501
3.9296153523045514,0.04594063387568427,0.9942211103329991,3.93027279899974,0.04751396370596135,1.028384333684428
3.875996865461739,0.04673001672526062,1.0142081154780347,3.933320719703761,0.04955253999265485,1.0277044488831883
3.827790201008664,0.047371807408544304,1.0570570102606427,3.845991035240733,0.049905479650655095,1.041336755654298
3.7686609713143584,0.04819845978457821,0.9823006736548031,3.784530165802611,0.0487580641565792,0.9813521202846064
3.974282884388923,0.04778371804489494,1.0370698227776791,3.9211084773626963,0.05038150995429747,1.0266154136270482
3.9032756731673097,0.0484948967885107,1.041623370642651,3.9303002844265924,0.050753507350646994,1.0544159987041442
3.857700992039417,0.0496122327706004,1.0387960753935637,3.8418885122460096,0.0514617557569888,1.0782137807000285
3.948012283729082,0.04850569597854919,1.0438390285173227,3.982692497374962,0.04985544617952468,1.0622341243389015
3.9074042324453937,0.04649152503985349,1.0027905623097928,3.8841975767925643,0.04850569217267917,1.0044984361338984
3.966577215257038,0.04644163072063491,1.0075508795899768,3.9751199847960925,0.047895291125713925,1.002974694561339
3.943530636229133,0.04769472244743293,1.0719500094198822,3.897158994884921,0.04766078363370344,1.037169338207212
3.8499226644271105,0.04843785054995228,1.0944102752372016,3.8774494760988616,0.05103419534607497,1.116646862378715
3.931508193797746,0.04459144075601836,1.028400152179248,3.9211730943807424,0.0477349757648307,1.0645636474805262
3.907455105525173,0.04860192757152223,1.0489584990557441,3.9771509210990934,0.05051432874807967,1.0558604009663146
3.966570769483391,0.04829850823403254,0.9870595930181202,3.98496902617164,0.051029256904899546,1.00318330508628
3.9104359953656744,0.04831054673804046,1.02456506572788,3.8564955475053484,0.052472089353160584,1.0298519547899567
3.965580848187904,0.04889485623814561,1.029156570952202,3.8588714544478058,0.05159021255327896,1.0160161552291826
3.868120593608762,0.045702399344809665,1.0716577250191046,3.8651608284133636,0.0490619603584448,1.0573977064923177
3.9568255637351064,0.04839379780188751,1.0287442708788594,3.909977928441571,0.050953345831553074,1.036731618917852
3.951336871169511,0.0472746969065772,0.9960640901696396,3.8918762652135217,0.049906992608753184,1.0019068609257389
3.89034063687522,0.04794757242429892,1.0540984682294638,3.851968886887133,0.04944241197937257,1.0399195222198636
3.917568406371057,0.04668017071414335,1.0432007536247414,3.9251398807478277,0.04768475003833495,1.0433917756861992
3.810458625379696,0.04526249072475703,1.0855402433993486,3.8000343418829226,0.04918017516016383,1.0304830474059725
3.9399623866507607,0.04856861167408564,1.0416460161740242,3.904201485782862,0.0496637539720677,1.0139976302695801
3.992208102273346,0.046380317618241296,1.0622612034130574,4.0060556600370525,0.04846338085610459,1.035789021454926
3.9989252317684625,0.049408900549560576,1.0332203141353749,3.922711124440034,0.04994040213626865,1.0416041297577352
3.8399064866474744,0.050356061020846325,1.0173121386639474,3.843577267647374,0.05569671703189748,1.0414196795600263
3.8449238828513295,0.04675276976609614,1.0207029465405963,3.8910746721493688,0.04986751631829494,1.0690524324352473
3.799890786306818,0.04835350926473302,1.0351793925863157,3.772035531953442,0.04890035540828503,1.0264734170396927
3.925462507585085,0.04883457936817395,1.0239205664775135,3.942729706697043,0.051875816864141,1.0400191637008944
3.8718309705527973,0.04830357113826469,0.9633740944925755,3.8976832602328537,0.05088287816828235,0.9572056346009353
3.877723883503159,0.04941417486608929,1.0745993806435608,3.8942548982793346,0.052593593802494606,1.058916563976751
3.8704754919405713,0.050987064540495196,1.010700622328154,3.8340927749428237,0.053606255414314345,1.0363308598916119
3.901762657233631,0.04584092559020336,1.0505043904007179,3.8468360706160794,0.04761595655645022,1.0557639013664935
3.94040462939878,0.049769822623827994,1.0449334110006103,3.847149948604659,0.05188675984164429,1.0579034006485086
3.9453955809254087,0.046252868950513865,1.0612522180107147,3.914933341429251,0.0491262157038926,1.0956402956812636
4.000431976006096,0.049638771086215394,1.0319206914983161,3.8827026479982503,0.04983423367079662,1.0071479879991199
3.8701047967488726,0.0460641348980742,1.0705666985477318,3.8518448607859503,0.04875293816440042,1.0499188242775932
3.965745251277556,0.04616825388022137,1.0506394663199852,3.842056794714373,0.04840353463556557,1.021022493605605
3.8669458138628734,0.04762065588008611,1.0497094491293466,3.8693716151282946,0.04982277348429344,1.0529303476702736
3.9244055372170323,0.04760246450596057,1.0838051269947897,3.9002193732779538,0.05060243013466759,1.1138304433281638
3.829524033398786,0.050276098534139564,0.9693842098119249,3.8017082941723244,0.051666525296032384,0.9791244960697845
4.018218725531362,0.04943266216535132,0.9771210854823857,3.9826451192992454,0.05299518091298694,1.0085713455731442
3.879667931785777,0.04827079876385114,1.062389105456984,3.936740310913959,0.051856324192790036,1.0356393329903055
3.9088385751185943,0.04720873812352907,1.0996876689465604,3.905658402650743,0.05092769906557584,1.0361152123840434
3.9538562447746193,0.0479245901629777,0.9951849459864371,3.9577979188342867,0.05086249081306494,1.0090399807167565
3.86572283710117,0.048631146707119856,1.0299120987067474,3.9219711403897124,0.0485542516498716,1.0297949056262492
3.9334344896136186,0.048903853829953305,1.0191970627402651,3.9155195498891597,0.05127679364468701,1.0217132824357689
3.86722911504788,0.04905461619957462,1.0326904003889235,3.8260550706179344,0.05169086697274235,1.0524245965472219
3.9013403130409707,0.04681370264014202,1.0590242750448378,3.8915007652081397,0.05102249134489788,1.0179749814875263
3.89916690781071,0.04826195894349038,1.0285565549976996,3.8273844847896203,0.049296439175173824,1.03965933172199
3.840964021620682,0.047846025272893535,1.0651259806263682,3.834772080679385,0.049243426386529066,1.0612339762818657
3.9576879313720608,0.047188844708294854,1.0039698107264123,3.990499379949269,0.05020710013111919,0.9818965609192318
3.9317836813663445,0.04866369875933417,1.0205078083447405,3.8886901941586167,0.050873772608313154,0.9980881743755577
3.9176702017790976,0.04959987784857767,1.049759925507406,3.846921925745188,0.05561693428750656,1.0025044816967417
3.874714659230457,0.048683126793036484,1.0401469099062202,3.8958315090361815,0.05071832242990824,1.0183123117476214
3.946398199224773,0.05118278452973376,1.0262592802340842,3.8777752896676194,0.04893784173107927,1.0150435714927761
3.976751322006964,0.04817684428120039,1.0827321440574516,3.9989231977390065,0.05182976793298838,1.0821451457379854
3.8967445755757857,0.04928906512193792,1.0111245312626305,3.8809281093857124,0.048349636825760954,1.0176846351062192
3.9094518989669598,0.04656835622853404,1.0638372851621711,3.8927239075660247,0.04918931267497636,1.0288155450154879
3.8819636475650747,0.048847403640861986,1.06758218044596,3.91160923632784,0.05056858014643507,1.0300126589230103
3.960275247083585,0.047948928964592345,1.0378595153631043,3.9779248548103703,0.04865450979565001,1.0445078192494377
3.9127948762839564,0.05006757577900158,1.0757674075332482,3.9516308804776537,0.0533807497608691,1.0242381311833075
3.8101034658455255,0.048753796730481955,1.022137558821254,3.8130359956842796,0.05062120497980848,1.0466999856864283
3.958279778756724,0.047119224939475596,1.0259923481167352,3.9142972100071964,0.04907421447638722,1.0256378386748792
3.8611952292903355,0.05022479138873066,1.0305862985276308,3.8529656731492,0.05084001596940079,1.00641830413323
3.99314098242936,0.04447780914698798,1.0258623007910361,3.9889917615715578,0.04572862505457745,0.9843799171488432
3.90640868123405,0.045898272154471044,1.0200605435372305,3.909527174927614,0.050030984162074014,1.015945384303628
3.938846969089836,0.04727311172662785,1.0122575780229857,3.9454293174412953,0.04983677923105947,1.0449048499787041
3.9359243039652823,0.050580356845620095,1.030839870399003,3.951985622479167,0.05122152517659597,1.0181477323326587
3.9233564283928444,0.04769942792622671,1.0293624705434208,3.8746019790928754,0.05005995229989997,1.0814671913139184
3.939626135370964,0.04697486893812069,1.0124456821270533,3.9561066474498556,0.04863668348585347,1.0158381105578287
4.0190529802573325,0.04981398273391835,1.0578157668042303,4.0154020610278005,0.05089005588236184,1.0845278602786725
3.907910333826948,0.04437113913275641,1.0204588145082718,3.9552740550067753,0.04570314953934904,1.0301472919335293
3.9019814135490294,0.04605768517688078,1.0703622466502847,3.8692624604883394,0.04824820686658226,1.0898055131467312
3.9267127817067937,0.04876215057705539,1.0654461360645036,3.9239176906596196,0.050625059248815336,1.0692728756735486
3.975890779642071,0.0466611054177683,1.0312925461070828,4.0268700755266105,0.04883001123229197,1.0303124895190685
3.9382031181707076,0.04648498621676931,1.0644441474329571,3.896879074590397,0.047767831383564927,1.0414535089032713
3.8096491103441656,0.05090506335124559,1.0357587289583863,3.841338542394936,0.0516908654468355,1.056117554504771
3.9142486090093143,0.04763530541913358,1.0354187231921164,3.9101977071498637,0.04958856173399667,0.9844137985506084
3.854314400559366,0.04804568244617262,1.0414121934572693,3.9421403423068355,0.04819248316705491,1.0301340745205048
3.8258807108287276,0.04803050051240423,1.045098469125843,3.837560859594225,0.050081665030343815,1.024532783951387
3.8520489720584727,0.04834395117695999,1.0239106263920645,3.941203883622004,0.04989044513794431,0.9879560943718217
3.954427092690462,0.05038142540192595,1.019149609747111,3.8894269301774043,0.05236635804737024,1.004985087477751
3.7890117291260403,0.046704374518664965,0.9901934608129098,3.8583722192906307,0.048715091236979015,1.0354841124740497
3.9213394807573665,0.04811496606907397,1.0222192032368074,3.883438146481597,0.05167516721384462,1.0570121118252693
3.9071317692595486,0.04753763888628702,1.0323073113483054,3.9253563011803134,0.048692020852507026,0.9723406592423902
3.9159780516582505,0.046166290280735094,1.0538848665838838,3.8510912454429214,0.04878405634419949,1.0446014964499468
3.983115358375959,0.04842347128812636,1.067732275960339,3.947240763157272,0.05278780882578713,1.0148024297925016
3.9401587104024762,0.04586617094993587,1.0528819285741484,3.8590165469359334,0.04871406310591423,1.0410648747494335
3.839173712784933,0.04786554540159223,1.0118373413309905,3.84056093910305,0.04945534235726796,1.0571282701856664
3.928675835330946,0.04909931203236398,1.077438804454294,3.928426493414965,0.049879716877815596,1.0792367400904392
3.942050979906561,0.04714895658571529,1.0201378293669945,3.889191152417309,0.04776831220738752,1.0424860745662212
3.954442576997501,0.044429183279151394,1.0058583903226828,3.9100073880168784,0.045270736627347485,1.0120367512618726
3.9096420531559275,0.049111859984035965,1.0299701218105064,3.9100253664024427,0.051100696786650156,1.0758837625345423
3.978834536641684,0.04975542687559402,1.0170288343883114,3.9644444577662057,0.04941611662601866,1.0336426785212722
3.957483515389754,0.04994537678546321,1.0775382184446676,3.9317775077367667,0.051258903943970716,1.1059191468018423
3.995473038908733,0.049624473482373775,1.0435612057870203,3.909686535204188,0.050006776951452045,1.0140200007984708
3.912706846832114,0.047032821786820195,1.0759230899381618,3.9140456034913336,0.04687426973334498,1.0451897973850344
3.9634525598540673,0.04404421921158235,1.0521107806868493,3.900407542240531,0.04737862294248428,1.04942693278709
3.955536776402826,0.046771508232245705,1.031491366229191,3.940351012732459,0.04996912192885129,1.0097581683349581
3.9360929514167866,0.0462401415480464,1.0625135612325052,3.9233823453176027,0.051058529974009566,1.0226364354173973
3.981666850049728,0.046972601418549136,1.0460004105983507,4.027018404272492,0.04929587705659915,1.0652308526775152
3.7767181545022734,0.04765046482274192,1.0577840908223353,3.8490275655331607,0.05127089041898918,1.0263092296742764
3.8285063919657634,0.05310927652603126,1.0496333066319563,3.7991482354874533,0.05693408074702664,1.0982791012423425
3.946391837232482,0.04871864526288105,1.074986093506341,3.939624485578761,0.05244622590654339,1.0671204365655274
4.024926805240432,0.0468179083032986,0.9944441489321135,3.8881387448219438,0.04874300716958292,0.9826269915743662
3.886004920579301,0.04736483348489944,1.0330162277118626,3.8902112803059516,0.04756388525136918,1.0236315313050046
3.935097972922972,0.04738800060075872,1.0110264134246907,3.969596263510002,0.05038910363481369,0.9954216932178446
3.8932359360166586,0.04514655064112792,1.0612926422291307,3.9166826113760562,0.046995778852196766,1.0571648111535628
3.9843340645463425,0.050465634613801096,1.0850954544102194,3.991248250246815,0.054254945718321824,1.0531395113139623
3.923634822099273,0.04677459317560313,1.0422490855250144,3.875511842849274,0.051576963420668344,1.077576880997162
3.8923938573649934,0.04676618579511998,1.0297850324791789,3.911313746459337,0.049763614793405256,1.0368821031482425
3.8810491792099255,0.04765755585420235,1.0674613750784367,3.872219625170754,0.04961735152262768,1.0663068804585578
3.909938913206905,0.04742731596077946,1.0404215626789721,3.9333903963201027,0.05004868971705368,1.0482754456433367
3.8985967214844974,0.0481711052526406,0.998049306205246,3.9383986869332035,0.051321774703631085,1.0038686258276208
3.876498945783312,0.04655102863190809,1.132228157417338,3.9447735849228263,0.04759329106118439,1.1351741010728562
3.8728528384504246,0.04740889776980826,1.0338558696880302,3.878742695856489,0.05083615573820897,1.052379937004145
3.9456818494774937,0.047084584804413354,1.025379412061741,3.9579927365669425,0.05031015978270435,1.0863633425028272
3.9590784131323216,0.049133489010770005,1.0060947953786492,4.004710023845045,0.05015835005970416,1.0307952171323078
3.993442061532546,0.04833604287870677,0.9961421229919128,4.0319834088626525,0.049222300047183025,1.0355104156234667
3.889862060066176,0.049444402942597575,1.0003615569585131,3.9491316994287176,0.050671300289209055,1.0007761899473853
3.9323684367143765,0.04453988155304166,1.023845718097191,3.8831303535238635,0.04711861845987621,1.0308680985202834
3.9053076111854015,0.04798081121353922,1.0219106097577326,3.9155701142521395,0.051357106610207384,1.0102877817166553
3.869134060954292,0.04779121188747749,1.0364761519402488,3.7865155002968436,0.0509981688439588,1.0511872244836777
3.9470322879110284,0.04918237984791079,1.0080766117324313,3.8771833652038175,0.05065123593728332,1.0108247382031061
3.9187529086108652,0.04870553651949542,1.0375899730594698,3.922487091291824,0.05007172304769532,1.045424558650004
3.993565136075761,0.0484744240821765,1.0539917078051453,3.965267801651822,0.049523074683779145,1.0271735737773362
3.9461258460527655,0.047054114519010974,1.0637008323220494,3.94567739291077,0.04941003722949185,1.0639047267076718
3.9522448621545205,0.0489796486995264,1.0685550710582892,3.858774779132712,0.051168665573372116,1.0879186158696497
3.8773254440083806,0.04907196516328965,1.0200195815339823,3.8700261902883906,0.05031358363928471,1.0034264085154818
3.9748771294360177,0.048858444408331154,1.0402386592985429,3.932870591306481,0.051690502831454356,1.0032161673186644
3.844961213835885,0.0479338678486275,1.0602527728597515,3.851077562799539,0.04881494429278228,1.0603846434450057
3.953029528853998,0.046626962009800016,1.0044962478001718,3.980409174497993,0.04888590303088108,0.9893768714288058
3.9267304388912354,0.046371229973720354,1.0681751280323473,3.964130650895883,0.047814329217063786,1.0336649556476356
3.9266562483658434,0.04827129917809141,1.052090392467896,3.9035293280898533,0.04974459783617261,1.045569919389987
3.9274965696876922,0.04632076469349283,1.057418680571019,3.926812337337452,0.048480841885167325,1.0562846257976806
3.899593087176092,0.05043879115708165,1.0271497503345914,3.857148197328608,0.0536707980957917,1.0868982440204713
3.9128131873107765,0.04875486259335863,1.0494006090263455,3.917409377373193,0.05026027703893267,1.0493837103597643
3.856556983669951,0.04842169607044874,1.0451049380316284,3.8294913357533753,0.050973511213397715,1.0193527480903493
3.8848340935627634,0.05006367414562724,1.0762519439163936,3.9497124266788384,0.05295908503033788,1.015233320284096
3.8404752454411875,0.04994922619478206,1.0377082675750864,3.874956558258742,0.05124590903367336,1.0263151893390319
3.900899460533245,0.04886041015105165,1.0245921613537825,3.8689433531545725,0.05128145683088644,1.0137955008429844
3.9014535845536082,0.05024082503905482,1.0323850450357372,3.939012060934793,0.05395140459366245,1.0261439277225664
3.9079345831270293,0.0451558540903842,1.0439823266411907,3.889775499611566,0.045723315344600154,1.027332418836829
3.8133884755155774,0.04640141424027376,1.035159597181279,3.8422452079279266,0.048947878411341066,1.051312431011931
3.876589988991923,0.05153628761325505,1.0325177497461908,3.874620774529311,0.0525900640929682,1.0070649092761594
3.870571970696034,0.04733263353213093,0.9789872456724221,3.887802580756217,0.050695560742127374,1.0062072354702323
3.9522880525374653,0.045400784459322004,1.0710766562286547,3.9794850627686884,0.04844876516223521,1.0786220617762468
3.959266047233155,0.048661719259201645,1.0677877177107835,3.9077229571823477,0.05035775930524992,1.0623090349898177
3.9336300427885487,0.04861659856441214,1.0280383222792648,3.9284652158838114,0.049550646920936525,0.9980808928441802
3.960811185093246,0.04536911763328738,1.0018463596082718,3.970391429108021,0.04796629873926593,1.001050344313817
3.978853284874636,0.045539034120366424,0.986146312824015,3.9411769275956106,0.04671805656658126,1.0131953525054536
3.9216445836345235,0.047583926042104006,1.1045129468209298,3.8482802290962264,0.05241632639826927,1.1354922492353843
3.931769492729425,0.04677816185563256,1.0286205186253778,3.9291316855954608,0.04723061595137558,0.988857910478022
3.913454983850332,0.048396124267473695,1.0017169694866235,3.906179271580713,0.052616887147292055,1.0035427566117823
3.9423431973608385,0.04965208741660579,1.0665151779451585,3.950417421684209,0.05138268053726373,1.052318293120263
3.9059048016273796,0.04884235549554634,1.0199700194484582,3.8930444872866885,0.05193730683637536,1.0423317817414364
3.9749643856142436,0.04584196816584427,1.0392186964082053,3.8813580148924567,0.04772852757635824,1.02704580429518
3.948654001315039,0.046525306859558024,0.9891103646996273,3.9289586294398116,0.053136903183902615,1.0613739035267693
3.882767477225076,0.04774075323259152,1.034071287832504,3.8707329631447047,0.05146804182508369,1.034770142783527
3.833317350402691,0.0471854567114529,0.9828858503277834,3.868650621402394,0.04856860550575946,1.002171966999773
3.9821626366394267,0.048591293253315966,1.0470040767212119,3.967550638666812,0.050456389788439866,1.0485637146126718
3.900373914179897,0.0476216087264286,1.0048358474952206,3.9886741559634453,0.04977328233677898,1.0210430969415885
3.9549829737443916,0.04521559106699248,1.0826943662663775,3.896387698658906,0.04795632629637656,1.0788501864142348
3.913676127733973,0.04714494577811731,1.04995970453733,3.9798669052652054,0.04936387700594547,1.0420421314799289
3.8801063342025888,0.04620620829719639,1.0468033440905213,3.9055684652170655,0.0484505214407477,1.0650393743696136
3.926830645224287,0.04911343571426509,1.0006453166753317,3.811607851006292,0.05058549941309655,1.0026854492159827
3.8309549852662683,0.048751321589857614,1.0359276340586023,3.879318361299455,0.052880844713816016,1.031019618332841
3.997331624332125,0.047435123860793016,1.0587255074856636,3.9424104632653845,0.04805424480846471,1.0783840800673765
3.9113148089061913,0.0459292181474273,1.0137757268469825,3.837047354947904,0.0503440730622188,1.0096246772122381
3.904216672731391,0.0460228426235985,1.0069936410578137,3.8853867798382775,0.04988123442000099,1.0069197105311203
3.882185457493921,0.046683662768938955,0.9732431537201469,3.906457191280131,0.048479011074364156,0.9790938906115759
4.020207128710562,0.04793374404834224,1.0252196375542018,3.9038572428938805,0.05130357784586857,1.0029241977957417
3.9642201876026677,0.048293859578744956,1.059721609616573,3.9586820969359864,0.04986973251950886,1.0340202894580415
3.9116860016315695,0.046928172462288094,1.0658811153467769,3.9268421528936233,0.0479146462315739,1.054726552213735
3.9110945746353645,0.046245587957588936,1.0529546507881558,3.886519074617847,0.049507585128431765,1.0591040908497078
3.936797090018898,0.046865384502882385,1.0114210143711864,3.9506415260912737,0.05037069866537192,0.9993952163033457
3.9560905513665388,0.04818511672889293,1.0071035707970146,3.9585304663487366,0.04976771322568356,0.9940843208199547
3.931349493586089,0.0494923097171478,1.0485507022305487,3.958847200805096,0.05045257305508851,1.037814914233889
3.9408928953221127,0.04744450654892668,1.016006363058349,3.9268412625928657,0.04972508336812256,1.0353038692684038
3.8628258661379564,0.04917337756583968,1.0531868701760438,3.9426570410723696,0.052790084502774746,1.0454744874282016
3.915397033060273,0.04869674461617884,1.1085742744267164,3.9076208150628333,0.05163105883387283,1.0901787650139436
3.873796975920445,0.049208232496533715,1.0823939395667328,3.889543075374534,0.05103697883907187,1.0792150633868065
3.9357038469245182,0.05088054603842767,1.0056057776460676,3.870124647976387,0.052803521771184546,0.9787633537329424
3.964567302119719,0.04651633973579476,0.9831273002260656,3.9193121434615588,0.05013863644724676,0.9999147989607139
3.953110638960163,0.048352519410057686,0.985204235152397,3.866695063190197,0.05067420312728475,0.9796500659198722
3.9445072405702843,0.046421038736353774,1.0559431580617533,3.9235812206839116,0.04742190647024578,1.0203104702348247
3.9068285611592812,0.04410849953613592,1.0910354468207362,3.895272685480607,0.046830168986927864,1.0139056517212404
3.8583709084676094,0.05042709104587145,1.0767499370933824,3.822684854474893,0.0516740427839457,1.0507853956327218
3.9409846317253363,0.047198839970916354,0.9961134420450426,3.875160729633453,0.05022089948898597,1.0315351523766665
3.8696183882046014,0.045797920207920395,0.9875256079211694,3.848828935048192,0.04809430261290332,1.0015547887525873
3.9124651467503395,0.04699417610509558,1.0567197060144784,3.9507734034913966,0.04806916840324683,1.0461376531942737
3.991690654783763,0.0464104302526873,1.0637991438837784,3.9796618759791587,0.049742177757051496,1.0589410474395944
3.952225800637892,0.04698183970271684,0.9892485776461842,3.989566012851614,0.047276575234020776,1.019525494747453
3.8591310520594435,0.05023109303578155,1.0775573739976925,3.881314872047267,0.051144630216281364,1.0537395836750596
3.826018431476522,0.048402163950359706,1.0369279091568697,3.8245719467793506,0.051887771320897516,1.039898248658128
3.8985343467064113,0.04671004648517021,1.0221945593551376,3.9282335557766634,0.049236761230518525,1.001227191441579
3.9591665402611316,0.047462165779739794,1.0143898624536343,3.9835301390994795,0.04933283330929393,1.0218699214724807
3.830465482237624,0.046852610308186916,1.0469512038609767,3.8659004255044356,0.04874265042479969,1.0619256809731212
3.8137137009137065,0.04830448555400984,1.0085474462194042,3.8534046269420044,0.05069299236926691,1.032980020843748
3.9397352699755896,0.048449382261976474,1.0268844767803804,3.868854234940644,0.05363296152543928,1.0649684646334894
3.8386996042948263,0.04750902459175854,1.018769855453383,3.750563454744903,0.04875105225138453,1.0572095901154819
3.9342962787754927,0.04795249052947157,1.087186001581082,3.969413021953607,0.05153657850590635,1.0803554904968904
3.797439958702528,0.05065425114308591,0.9595522094042062,3.8178464938498764,0.05183061810478697,0.9878098054766421
3.9260715701163824,0.04704783606643184,1.0685152889441065,3.9458798785758673,0.05037543048934398,1.0452280732289934
3.9115018340809335,0.04827965069578586,0.9585540022041641,3.9577622420776994,0.05052670711755171,0.9680464724327027
3.893487886912357,0.04688257164416714,1.0256358883717087,3.9127090159889053,0.04785842721914317,1.0375551805879795
3.836617150056554,0.048541151581225433,1.1138529169350155,3.8097512987346036,0.048948388463144726,1.0971217314005337
3.944880699299787,0.046676188843282736,1.0709473284425606,3.8717070312500868,0.04949552023706887,1.0758887585835124
3.919548539382861,0.047497481730874314,1.038669962609204,3.9663796203277504,0.04964542826990862,1.022538270942985
3.8519767786878494,0.047119677449916506,1.0191484889639721,3.8674220949930254,0.04972434028200126,0.9866288153702069
3.8551456437728486,0.04604039982689909,1.0553966146442118,3.896679356600954,0.04898697719767369,1.0622296670564217
4.080984820268267,0.0498666270036184,1.004202499791115,4.0164669262577934,0.051731969990525525,0.9990373671201636
4.070648942495798,0.04857753423310536,1.053124467179831,4.029169190163436,0.05042760349187266,1.0458847738270813
3.904709248357233,0.047712474743367525,1.0139292332115637,3.8189786508445445,0.04857486159603181,1.028279518447462
3.9731189281232377,0.050549775572681456,1.0722812391014913,3.9861628755073073,0.05241849611650008,1.0378451048774577
3.923558224916796,0.04613672555145072,1.0483520934252042,3.8848056374981126,0.047920469475964796,1.0464949617612593
3.860199691294727,0.05011778099918984,1.076806398746518,3.7988592756649555,0.05341051615308955,1.046208303541382
3.9748393759241756,0.04615790569847634,0.9866914452152332,3.8971102231838266,0.0477552435687498,1.0105037220722672
3.876843709441541,0.04848375419606078,1.012565857398114,3.848737696218993,0.05120775619444151,0.9944477394156456
3.928281083500254,0.050153865266466965,1.037518724418712,3.9750111736756146,0.052361549261172625,1.0570585715313874
3.8563080669321415,0.04919737132433092,0.9874662915247417,3.869291116974046,0.05155265068932491,1.002898321364776
3.910117764498959,0.04775034209419698,1.0875131750667102,3.8576244917224733,0.05017963437919496,1.0764232225508694
3.950570054022998,0.04575557161771561,1.0889503210620177,3.9569613507094434,0.04813328679903741,1.0730057167568603
3.884302427380049,0.04669692400330823,1.0369394327439858,3.8649294213560217,0.04693417432768398,1.0390053937614447
3.883724193237486,0.0462534472001979,1.0700833922760438,3.9287043330460873,0.049367301699246184,1.0790239091420313
3.881266703159865,0.046449521187186794,1.1134256853184514,3.8558085252710304,0.0493526486143125,1.0981505219080916
3.907170395794118,0.04737993429555521,1.0676888704080578,3.891630043075803,0.048487650580532934,1.0383530012141398
3.9162924738337583,0.04423483553571493,1.0361225396050975,3.890870969152718,0.04921776865108385,1.0523876750661414
3.8470274212187703,0.04723757987765669,1.0450794613463337,3.915715702951998,0.05006995769985684,1.0476689148360532
3.9592226561012756,0.048947952490097126,1.0876456593907025,3.951410682703871,0.05066527744752611,1.0460458508259014
3.8260737878911373,0.05036140086580497,1.035650573590314,3.825324906934814,0.05386330815353498,1.0247891959669453
3.876887057425482,0.047018165507374456,1.022516222831455,3.9506765374230195,0.04985603685081323,1.0290204483633636
3.9190280110705213,0.04518179028164464,1.0159631780123055,3.9584011417211156,0.0487490926982267,0.9803702763319131
3.8310807408048038,0.04969989797110286,1.0270413240201448,3.8621831606713326,0.0520966417457041,1.0278367589378437
3.8713163733144422,0.04664534511043456,1.036654626972654,3.9517781023191647,0.04752634040344982,1.0508936611993853
3.8892839019434833,0.04951626797653676,1.0393898629900498,3.911367402897805,0.053100428492618056,1.0581145786680792
4.032800155275888,0.051692771510630904,1.1136532185789292,3.979034858537017,0.05135446794460745,1.0408139553021418
4.001519915107441,0.04890976556300928,1.060524780040808,4.0346122439114875,0.0524437050658862,1.0239642151376123
3.873578590266651,0.047631282843381806,1.0551187280857364,3.871840415774095,0.05011177147066582,1.0464584516407571
3.907404080095622,0.0475351867509953,1.026600565999855,3.8599741249054316,0.04990924350672014,1.0538893280230017
3.8727477591385155,0.04735690869177157,1.0334326538487408,3.861336758300758,0.04902088028755663,1.0231796641954387
3.8774657348687476,0.04721220146489785,1.0430576506283022,3.8937996704289097,0.048165734747538595,1.092874216429803
3.9400071051055203,0.045965613510825336,1.0444623249273688,3.9331498804896707,0.04670437283738324,1.0603219856404238
3.955114512251721,0.05033788017161284,1.0467334930849002,3.9101630128962497,0.05084324325390971,1.0430138437226768
3.9483973268516546,0.04965305695660052,1.0860728019948824,3.9619834459242753,0.05337835856783926,1.0751251251955594
3.9341629323796488,0.048573888420419514,1.013965976525106,3.965939563665766,0.048296359172373966,1.0234047589625186
3.9723155811936985,0.049365274394769704,1.0189122417998475,3.940842887387097,0.05187905353027012,1.0385393204762443
3.92196487291145,0.04834488735062899,1.04800976059759,3.9525714117884334,0.04834574665835609,1.0444682169690278
3.913632444806414,0.04623666997492727,1.0236080288376401,3.8216478288139175,0.04639381353982806,1.0134252825230634
3.9055210177849773,0.04770897353301522,1.017760184686905,3.9022419675530338,0.05100931694848512,0.9920870355615289
3.881784015626615,0.047257386454367944,1.0250037557363596,3.9306512857044247,0.048673712520711246,1.014959677305799
3.837337964421938,0.04902990601744747,1.0491069972899303,3.8825035086630737,0.05117247477766425,1.0651688989350523
3.8927885748636917,0.04843450840517242,1.0982371969429547,3.915299613118901,0.05401706382872727,1.058627425504585
3.9169545377252057,0.04911643694619553,1.088558746580226,3.874753101603053,0.049980257226264986,1.0621329624460585
3.8767441262623668,0.0473276197224418,1.0128743891428784,3.966122759696909,0.04979280895453677,1.0371436856083203
3.915150211090159,0.048770902195499,1.1061754757590625,3.8100840071299253,0.04870571705252505,1.0289285554286158
4.002586332423122,0.04918348493566793,1.0551041452661012,3.966024244992086,0.04974878368456744,1.0862880284228156
3.852506243354953,0.04963866439542898,1.035742958476531,3.9136724702082826,0.05513581430367486,1.0175388328530055
3.9537599030182755,0.04961899787270514,1.04703559626788,3.955651081754457,0.052740226317476734,1.0201769155537677
3.8662378228947847,0.048890869188015405,1.0073313094634164,3.904701244209298,0.05237679891616329,1.0129260318118607
3.7891945303242585,0.046137561054881204,1.0991450819596076,3.868934661402016,0.046274211205866105,1.0864834588842534
3.9569790520241517,0.047121090564426746,1.0251014176169078,3.951941025821526,0.049101861011471036,1.022377320758869
3.8865419964593158,0.047239483695599306,1.0465084851377866,3.896057292783763,0.051875046544525204,1.0796915687340387
3.8998314841271857,0.04810107582084404,1.0192811196858842,3.8821317414847774,0.049568775759401586,1.0522104801820038
3.950796960681743,0.045389557686504996,1.0425743522055237,3.967632267111309,0.048124120107985446,1.0479165384867886
3.9143002090875787,0.04747237646252527,1.0169343359518155,3.879021814537554,0.04955024020891704,1.0254985389208315
3.724875353880628,0.049698104022150434,1.0358307389662296,3.7825220173421714,0.05411646141374595,1.0534444111014287
3.947257570155393,0.050130909041717346,1.0886274166562886,3.850792733427992,0.05285062651146843,1.0762054716544498
3.878394161004274,0.04873564876263724,1.0540083287224378,3.8692118207465556,0.05230090764858024,1.035574053070477
3.863794857055483,0.04849622805800267,1.0229078281561599,3.893688816851323,0.053142402372290315,1.0139967773076688
3.9831007860149263,0.04719579332690239,1.0347975979250934,3.9561758683534123,0.04767713529205126,1.0361501954057082
3.8925580047037047,0.04845811398399671,1.007438917333579,3.889985975567509,0.051738392760009536,1.0288124331863535
3.8665688688702673,0.047707212756452046,1.0164176760523573,3.8874798389035092,0.050587982203933596,1.0430844110440787
3.899795054496936,0.04684021385493915,1.081012997036268,3.947566511589214,0.049534375481203166,1.1074021981082487
3.889858316046161,0.04791900159765504,1.0257882220748133,3.857218183511123,0.04876168610761402,1.0338685095180373
3.822485517222472,0.0492970442229837,1.0281633259395708,3.7961772270850065,0.053019864432618094,1.022269404666837
3.875118115465592,0.051242739965965005,1.012466001206301,3.890040530789075,0.05309545093525411,1.0560424553972683
3.921592398207375,0.04718851207522297,1.0581112609580408,3.913380378657971,0.05242674006817947,1.024395392367002
3.925634900963451,0.05111494224004525,1.0349459440465467,3.940043298475912,0.05413271429981752,1.0039286851966327
3.9224631399554424,0.04625609435211597,1.0634839661655384,3.9103316222978077,0.04871401884457056,1.035521404965783
3.889930985257682,0.047533406404316414,0.9989655358466754,3.88722163933467,0.05015879609297725,0.9901163677348797
3.938431498903399,0.048888862361557546,1.0464634811698836,3.9654765023941647,0.049461534841462075,1.025426303608439
3.814850471981222,0.046824404968639384,1.068023382927556,3.8722218630171015,0.04892684983708738,1.0713806749036543
3.966923113761085,0.04803021496817639,1.0386679080312713,3.9286409290600828,0.05033444579508222,1.0095336576491556
3.840078351288925,0.04748370096878423,1.0278601413278594,3.901603139233215,0.04837597950337118,1.0545455238489156
3.920145783223541,0.045983619647956456,1.0364697199870663,3.968051991655314,0.04766111771869895,1.049224810004747
3.9615436306074967,0.048534972573468615,1.0378779918293306,3.8937428976151334,0.050585187559999904,1.0335960790278247
4.025913587002886,0.04703341906091937,1.020037886265574,3.9888620580901355,0.04977775789857134,1.0123301112168348
3.8935056883016004,0.0457235783147825,1.0928250408528135,3.8765992648862118,0.04687936780333211,1.0665967289118135
3.971825272208928,0.04731767515293898,0.9932639488401905,3.9428924256933686,0.04776367489817997,0.9870022884435282
3.918204848119078,0.04780566756992594,1.0436072025132233,3.8835229110363936,0.04918358559975792,1.0956701203503498
3.9340514870804006,0.04700954335164564,1.0050528639197274,3.9150449852952325,0.04837662869469283,1.0116086579271408
3.9538957636403382,0.0481768407559305,0.9939289595012542,4.008441575449133,0.05166103778285483,1.0366823758758077
3.888859539208511,0.04680017273584797,1.0224413631938836,3.8960029779609013,0.05037824686959444,1.0431405971757928
3.956419040340514,0.04920122262163345,1.066633079647342,3.9347363506443465,0.050904820075057006,1.0661113004676237
3.8627833940655405,0.04775324413851879,0.9707690446678294,3.8932190177948613,0.05212099813286249,0.990960554979312
3.8852767888460398,0.04463870781679949,1.0469866923045479,3.852908817541786,0.0471144686786997,1.0974673739831171
3.832323456663804,0.04799351557090208,0.991212664385068,3.8843452960725138,0.05189412229868592,1.0388075838671158
3.9990700194171165,0.04832118989086579,1.089177565165523,4.018256923673731,0.04999272297022305,1.0485445378109288
3.912068689182469,0.0508975104814473,1.0563425093567067,3.973713464789802,0.054030315481235484,1.044614557566075
3.9174402230112024,0.04573177672620147,1.0528906710911285,3.9044135434289498,0.04904616495554301,1.0691786975545876
3.89774784195351,0.045079626733320916,0.9982664687904257,3.904122636859012,0.04821348562747711,1.0049644032921095
3.9130960665638876,0.04668335237000488,1.0416687360491128,3.983861746814194,0.04842830935068533,0.9904459098416246
3.9025874411233894,0.04695455976481948,1.0238187035642545,3.8507163948492438,0.048566591726002355,0.9991856144144838
3.7984318735150766,0.046513110025099585,1.0505102463036864,3.7915857588918556,0.05065419153000211,1.0690681354340683
3.915172479945093,0.04835040055895207,1.0397482351670813,3.9750038193943587,0.05024231928024609,1.0471509593782555
3.967304914939412,0.04562630577968365,1.0354042716029577,3.975541849141666,0.04773171233301996,1.02535179668814
3.874773288937186,0.047326714272771755,1.0542068434293932,3.92523734498704,0.04886970562389733,1.032173741795598
3.8881695898362434,0.0472438989429348,1.0377677773014886,3.8757393386786974,0.048019113315183014,1.0157897228952943
3.9210635034545884,0.04822716830740796,1.0010481738698371,3.9699050009644195,0.05235588580889448,0.9942619896050772
3.9730333112067933,0.0465178852356069,1.0582230563249686,3.9420693074711024,0.04948825511178764,1.0371164821222367
3.9747552038384852,0.04971066042798048,1.0315595330163825,3.9324476862573925,0.05213038042591198,1.054249793358839
3.8695061507910262,0.04648386854568998,1.0829670007625614,3.8800761640454744,0.049423119193793455,1.0896386603490102
3.912577132777065,0.04846961948530373,1.089809244259356,3.888805757132706,0.052210293349260584,1.0870002641754115
3.9019739769988955,0.049840780896643094,1.0329342680738511,3.9445021993622458,0.05314971662036995,1.0386492246024284
3.9117548846173174,0.048930101865483154,1.0260977427235831,3.897415671517814,0.05060517387841983,1.0577475021127885
3.9202410660767324,0.04852816699111255,1.0839564223978935,3.8758598007720453,0.0506990523104945,1.1028855153948818
3.999549943384911,0.05017583049165999,1.046621636182234,3.971117800542255,0.05295434145870897,1.0570845574616474
3.8497617198965797,0.04567859864968827,1.0278968077252486,3.8898364802578724,0.04937280834844931,1.0451393768260842
3.9212094121422663,0.046960278002145056,1.0406230790288535,3.88825720809255,0.04925929310519549,1.0414083721873124
3.931481135903026,0.04615195176693335,1.0214509454529201,3.909137952997212,0.046726353781807374,1.0638473069794228
3.904151911467757,0.047776809141061936,1.0464172488499766,3.8712476120537866,0.05103448370968692,1.0361180481865486
3.906098393750362,0.04734387923517076,0.9939073272329516,3.853722506117415,0.050079365795962914,1.0100627721483368
3.838819741635793,0.049820454772544785,0.9727668061187013,3.8762450961683763,0.05026212016925081,0.9594401885923041
3.867216787917351,0.047478574157483674,1.0145456434069038,3.8322465099851906,0.048501144100135875,1.0110081440627483
3.923531086562157,0.04855221414954434,1.0559185140609961,3.8684998358109604,0.051079337412753806,1.0520895336727982
3.8041506528055296,0.05004040728797479,1.01284915705491,3.7910014580600113,0.051269901706695487,1.0046926058758345
3.8371292146884923,0.04712849598202445,1.019479410696315,3.910848543136039,0.048333503366029595,0.9586476827770911
3.9458827785352604,0.04573991163584819,1.006911726219303,3.896722465616493,0.04739199935741373,1.020315755918956
3.9126896438993106,0.047121243574406106,1.0136713897949914,3.8674270106805273,0.04952134464621427,1.0387032068379154
3.99578992856047,0.047964606893028956,1.0593177854098257,3.9226824163332927,0.05021149199515269,1.074741754117492
3.822533075033303,0.0463459980757338,1.043046870316066,3.857237249814879,0.049732101455723765,0.9771059518729283
3.8997094362403644,0.0459755099667769,1.040779076016951,3.944800275701113,0.049776449318914874,1.0616549075275836
3.840543659243521,0.05088555531043095,1.0723312979331923,3.8200604247050944,0.053366382476116386,1.0699204838238463
3.875427468290724,0.048250149320345305,0.9976249660817862,3.945423045466243,0.052086423898252104,1.0121745256178813
3.9401652557023925,0.0461211590585451,1.05969099084775,3.918440670367358,0.04800590526983929,1.0255732839827267
3.8390618181829472,0.047231999239290064,1.0158001329541388,3.869199075020277,0.05051982270284749,1.0039012568160264
3.926823556987973,0.04685342405231861,1.0429896687472355,3.9225179195354207,0.049098366437554185,1.0394055020110382
3.9200038016738556,0.047177686456312005,1.092889145704298,3.866739606382868,0.05162170420600474,1.1331335137546341
3.976777531711919,0.046605280198399414,1.078388952733114,3.8687593136127494,0.05159499957560466,1.0198466144056695
3.8879267803730415,0.04507505505240346,1.0431912819117282,3.882253933938842,0.048687773985758236,1.0309172220103688
3.892330257630674,0.04493678959186571,1.0249753064263385,3.9183675462479495,0.04799671580556806,1.0413578098183836
3.8972075921930496,0.046315924486451575,1.0721585983981063,3.9296005400349885,0.048436825174382456,1.0667912341191388
4.017684571116463,0.04803549883485653,1.0424528895077172,3.964606970019812,0.049657734490035674,1.0617889624962014
3.89521421793214,0.0503435288340598,1.0479999057045235,3.9272862672358886,0.05332087522701846,1.0289984958194152
3.998294357580244,0.04872546321430474,1.0212234250435797,3.9493838771846477,0.050702094481941774,1.0573438599238847
3.945169624128837,0.04539669662650656,1.0234730855071354,3.9730791519765676,0.049501355326004234,1.0185279461294463
3.9172084899365833,0.04684717968509049,1.0078912727397094,3.8649844909905378,0.05052126635051143,1.0259212968405462
3.9222074694466045,0.04972293789120515,1.0498076367347202,3.9368186163149548,0.05126110638169858,1.0491924798594978
4.001626293986183,0.04782969317253775,1.0367937104949507,4.0375449082561214,0.050162973616203116,1.0663489015178642
3.9306054364621112,0.04999163288313394,1.052990352620154,3.895403916392501,0.04999874627226791,1.0721497532039759
3.8927549098772554,0.0453930682508272,0.9461066522510365,3.951710152585059,0.04760044704124675,0.965932440260831
3.9557179151695405,0.047782530053238535,1.0603618644658652,4.0036194543309,0.05314851001766856,1.0634569439622612
3.8645265530650366,0.04724685892133962,1.0325459980717144,3.8643405172291074,0.049592780352329696,1.054023802914139
3.884741234745268,0.046962627485694484,1.030300692786856,3.906519460124334,0.04863418166468496,1.0464870974473142
4.005744808930395,0.046724286133480716,1.0407234999670478,3.945928908367463,0.04990800351676277,1.0555219288980726
3.9737306444917144,0.05109946638795292,1.0269618288699363,3.9493687075422064,0.056093493471972816,1.0508220374406017
3.9454667632667277,0.04839237988735217,1.0147796384656451,3.8484334379792027,0.051996381337353625,1.011803141840465
4.02226013436646,0.05060520166923758,1.0643450751685635,4.027784474251122,0.05306558424864073,1.062385113794529
3.9449406739995005,0.04875963316197751,1.0231824009701942,3.9091164478157623,0.05105792351666213,1.0110912852723803
3.904102804890651,0.049709786014553094,1.0291409643186837,3.8719827234487694,0.05192094855866467,1.04358356477555
3.963651484403936,0.048717177056983724,1.0341923201778107,3.897100086239868,0.05148255214892111,1.045036388119715
3.9209702074780317,0.04666412419873948,1.018860869487653,3.838376070953499,0.04798740919100746,1.0173627768743612
3.9402861426815745,0.046883097916501415,0.9930730811990288,3.9982463863371946,0.04816585585578532,1.014514817813342
3.8167909724963347,0.049511501261379175,1.059412463755577,3.895566238062896,0.05126327762657921,1.0640894464972181
3.896542172231291,0.04547375340086235,1.0563410474385928,3.9413352139617803,0.04803642945723436,1.0089238251116697
3.9011492802608734,0.047325668155859084,0.9762220036473906,3.9325567388915004,0.05094541624803033,0.9820439230619584
3.914640598993443,0.047757597771173825,1.0303470212374197,3.872504299182525,0.051249405608752414,1.0305146998262498
4.018410048519126,0.04952285505800256,1.027656876571016,3.9601377819366017,0.0543257027516885,0.9946791398860105
3.854448229889954,0.04764462470571285,1.033752484270017,3.85220918287699,0.04935300716352523,1.0878460030573602
3.934400814812456,0.049121915670464346,1.0365406486571407,3.8899556072414576,0.05115762007648603,1.0112320865079907
3.8708334402546654,0.048819340970317406,1.0915173598842094,3.8200289402195446,0.05101898894334094,1.0474781609753216
3.937474180289699,0.04813191559155628,1.0518508891551837,3.942614956871429,0.04837357293373709,1.0464488640469851
3.914326371060624,0.04761527854578707,1.038422894278084,3.905962597015435,0.05196733917697674,1.021103803014944
3.9230538257114427,0.0452067374571356,1.046651685552196,3.8533956003509324,0.04801144860529751,1.0578420711755034
3.823028662668129,0.04729882475015929,1.0399368737061465,3.8811531511983706,0.04929319349859633,1.0372846738702575
3.925776045875719,0.04718661397095842,1.0790119179108681,3.9819068685605132,0.04938762342728884,1.0615175310455716
3.9791643592971115,0.05192900074830724,1.0564557101199445,3.9581107633339965,0.05288166723255539,1.0168192362437816
3.925847027100264,0.050303728051152546,1.021192679912969,3.8109157680759864,0.053467534627005084,1.0502145445193
3.8935543700070605,0.049251757218993567,1.074134739340748,3.8955165188793193,0.05118484761112235,1.034320018196048
3.9511976350351596,0.046651960962700766,1.009143103180789,3.904894324640457,0.048469949685840986,1.0296924599159645
3.8775142214915386,0.04757040494164861,0.9708570626211195,3.823610253458816,0.05151851875280239,0.9749768496562365
3.9040944694246074,0.04981716116659361,1.034593454109779,3.953255889897921,0.05210040715020801,1.0036145088174615
3.923147631797519,0.049778046367193074,1.0588677184449078,3.933922397602024,0.05191064937628111,1.0629527000378765
3.87342985005143,0.04836303908327121,1.0409596449394733,3.8767277016516326,0.050889384574142306,1.051882587140682
3.982346124061682,0.047645225378296685,1.023962072532782,4.012866197431356,0.05179124017799722,1.0167030018198078
3.8642801987949587,0.049396580801671496,1.0348251928079761,3.885695730522704,0.050934877862846055,1.070900502424542
3.9193932455355953,0.04840555451814768,1.0783050771869458,3.977318977149689,0.05100246712142415,1.0949298892730603
3.9889835177458495,0.04729682187292417,1.0634478674161953,3.9393344853979326,0.0485250715856556,1.043579061377267
3.9317674917633183,0.05000036415942814,1.0429602875396735,3.9094277173136622,0.052306427699970605,1.0458059738469803
3.93444575027379,0.04533666832790622,1.0660986560737684,3.894331042098019,0.04880702317618325,1.022430751256272
3.9282152924211036,0.04786555654751792,1.061335705240581,3.8936035165642755,0.0493566780088472,1.0821179194735207
3.9065376891529215,0.05255558097859707,1.0673495501663308,3.886301956336489,0.05225257440797696,1.0299417647706919
3.9701824285479494,0.0498170253522445,0.987369096848455,3.962465437867376,0.051840270380806804,1.0046177900180093
3.863718024908637,0.04460361511723036,0.989850424308847,3.9104163380820562,0.04878126614692538,1.0106092211678874
3.904318692372547,0.049410247020274994,1.0192618528886674,3.855202676688586,0.05254739889782397,1.0225724190567742
3.9220603657492292,0.04622096884239527,1.0071794220684027,3.9515535542175493,0.046430554069076535,1.0416997569842585
3.921324942299995,0.047013962308900294,1.0315164697560453,3.912666310126581,0.0488422488092938,1.0189570176864102
3.918960492892562,0.0478938042640085,1.0636558823046482,3.90816239628876,0.05047668100035881,1.0209047304960064
3.8830367396956613,0.04675917531710312,1.0279420651236055,3.849856513218582,0.051985486517757924,1.0564557279210574
3.9052304852595285,0.047137090822845486,1.0307568676434642,3.8786630861783897,0.04866517773601633,1.033454828486988
3.8830389971878017,0.04761907386073232,1.0039642892896874,3.9388691125693875,0.04805691371104203,1.040507744045953
3.898616016865931,0.04813882055808338,0.9888775058900667,3.8533868872106334,0.05064209390339493,0.9396192300566041
3.786302315102383,0.052578541338776846,1.0569642008279971,3.8936535846521427,0.05336621111936589,1.037354424692626
3.9043195824586086,0.0476494758566276,1.0333449224878841,3.8988607741135275,0.05044678862409078,1.0064630669302832
3.8656201360194125,0.04596217043924869,1.0414279774794875,3.8668348612342838,0.049473938797921294,1.0730476796836697
3.8479278174288796,0.04808886780916729,1.0282115416894164,3.893409495682669,0.050785546395040085,1.0223974786222856
3.790525718537255,0.04615774136749523,1.0295004435656452,3.8169719452017707,0.04906675875674549,1.0123266188979578
3.9037433038440934,0.048533108885412735,1.0425047002786803,3.8446039397022433,0.05108582870013536,1.044785973397449
3.9284478950822064,0.050490988006529985,0.9811762177485446,3.982303350862655,0.05418613379337116,1.0004612920544014
3.8956211500441675,0.04987502154277661,1.054993558527134,3.8116832665425955,0.0522224067404695,1.0518135341090509
3.862162400538682,0.05046566969282632,1.079754193911384,3.8730128525737055,0.051737421738168775,1.0884791681336987
3.9410605650071875,0.046718606565761184,1.0348950295870631,3.8980643864408013,0.0489535549711275,1.0190952460826064
3.8288439473641063,0.050049085819718724,1.0611323757421596,3.8662904146505186,0.05139669722893981,1.0624535404246502
3.942059837065596,0.04853500908690818,1.0453269075142944,3.9377933508904337,0.052214155466362204,1.0507635340547534
3.9374230118128932,0.04870083043197789,1.0213663535019497,3.9230198742801177,0.05098858277592222,1.0383150703294022
3.894633085373759,0.04856718357881461,1.0745739927462243,3.871623131726103,0.05176600431490189,1.0581562957253792
3.8948714849116937,0.04552330567719544,1.0120398840950817,3.902723798649244,0.0500654568064176,1.040173389638245
3.895882535642294,0.04374560915852273,1.0770486496394884,3.8852570036380465,0.04609071943154906,1.0482963837940882
3.9292890426597094,0.048075956370639925,1.0710057992459943,3.9486576149234036,0.04980904041918592,1.0525844697336977
3.935730019106707,0.04992591525423039,1.066573139388301,3.9464763512875716,0.053342456512231684,1.0577708440828073
4.03009610312126,0.046576541984043394,1.0529535549294582,4.007871688812598,0.047508636667909776,1.0426119638990183
3.99795593580984,0.04660380248662131,1.05280789876538,3.92281831014168,0.04779370590144868,1.023964286281703
3.9817676507729214,0.048728909157222416,1.0227499781932343,3.914069787151405,0.051934242062334185,1.0419194789953077
3.9080362793575176,0.047327220653405645,1.033406453070542,3.97579533006688,0.05196513290637998,1.0478389212151415
