m_deb1,asym_se1,sigma_hat1,m_deb2,asym_se2,sigma_hat2
3.2634180746723964,0.03854958829854149,1.0043556328102599,3.295889602340285,0.038581166606900516,1.0050297433753974
3.257165692553975,0.037279075088562506,0.986786410933216,3.2642357797144905,0.03859028339717103,0.9882663940528639
3.215081204505945,0.041192585215400444,1.0130604814052826,3.1431690830502492,0.03993745372676968,0.9861971725106218
3.3213519187263403,0.03962166870354018,1.0580705236865775,3.3408840906769237,0.039959587664750884,1.0376272712502201
3.2727570925535656,0.03975269368671768,1.056804110504256,3.250504013720054,0.03978278134995154,1.0560517560732738
3.2488549076292603,0.040330746547541846,1.0378924768010391,3.2216596705087253,0.039483361542960276,1.0568693704981877
3.2331500632754486,0.03948164777405187,1.0328088921102683,3.251415044683186,0.03719723257286335,1.0651904423039529
3.2334006003933746,0.039161613613541334,1.0648670990134246,3.2102671610975575,0.040826346816850816,1.0469535511265806
3.2381784098387665,0.03714420661355746,0.9847609148848918,3.304104267370609,0.03775461600476637,1.0017007804401235
3.3707433374809006,0.03848007525546403,1.062484527977009,3.323408899608032,0.04027630964243818,1.0979280322988274
3.1822473414103407,0.039524514438070237,1.033458051311736,3.169910489248489,0.04007802853557137,1.0373770972332041
3.36238205741404,0.038519008238059406,1.0618842057107087,3.3336512324277963,0.0397236747923472,1.0726485864358533
3.337909826158668,0.0391199753499712,1.0891361680056322,3.3127166850514342,0.03863931867512352,1.0426706020491543
3.240023400891736,0.03671548515804465,0.9811050363019987,3.267345870089466,0.03684470843175058,1.0395436529617592
3.2298246144247877,0.04053648605669625,1.0004180734891555,3.277653695616674,0.038646092888321416,1.0026184019642863
3.2568194945137865,0.0395713147596498,1.0098589489681955,3.2241723819293937,0.039321829653931106,1.0461870272280531
3.2075200220629014,0.039300122909398445,1.0076108807691193,3.180587210902367,0.038708720135326356,1.009092172339724
3.214235756128441,0.03840272394231766,1.0997363297184772,3.243494299666902,0.03941289663193123,1.0789575420972393
3.209047108997982,0.03830042212858372,1.0313634848899271,3.2302661146015526,0.038607142427361504,1.0084155352578459
3.3196029423539994,0.03999338986864082,1.0730118551844359,3.2699254246308516,0.03913482660760664,1.0823281760526264
3.225639358178698,0.03838916321542769,1.0636957694021845,3.2792279100118304,0.04014761779461428,1.0928682900668076
3.203605593700502,0.03848514945951643,1.0460274894084454,3.181563795932122,0.03732909621836939,1.0639682482959587
3.2630480502627663,0.03803486813555756,1.0388259126468398,3.276413234691069,0.036176593428811736,1.0273516683534794
3.2476863826743965,0.03861604243787119,1.0079552214697232,3.253938397710165,0.040412446376489816,1.020051219920335
3.288233408272702,0.03812283983139644,1.049603917143079,3.271887187120541,0.038654086688952836,1.0382597075647986
3.285557061727605,0.03816579035757608,1.0111378673911646,3.2580916293920477,0.03809531603244277,1.0175829442735929
3.3676067118337545,0.03995767095614073,1.0584420996539947,3.378928573381502,0.038641499143114134,1.083040021875706
3.228787751992184,0.04055697204495515,0.9869643301412668,3.288615367296058,0.04034047852682611,1.0410852027071362
3.2527379016623956,0.03987071127467432,1.0592097932820022,3.2130296382510046,0.03961624085937352,1.0319787678277403
3.300119936062292,0.039876323759479325,1.0849707500679069,3.2660151748271216,0.03819057805131054,1.0578320051893377
3.2083113966498775,0.041566491666147065,0.9967995066976728,3.280406020455853,0.04064938220604611,1.037614407211635
3.2868120641833394,0.03824692773098416,1.0358473275723779,3.2927304354420466,0.038586835006713276,1.0192808872332924
3.153243180986353,0.03740433704599164,1.0528373834089502,3.206941301210052,0.03920151465651052,1.0676466020176711
3.2691444610199984,0.04029780229208911,1.0340832604086891,3.3154746658921694,0.04053761387250924,1.012594767079151
3.257621087832916,0.038703925926921144,1.0594284673701384,3.237335700947271,0.03715798236181693,1.055160605491339
3.222111671505237,0.03847571754862796,1.0053544524230904,3.2501850559968206,0.04077079658332454,1.0254166316336562
3.246920356230875,0.039803519935161284,1.0688327970450422,3.2519150816397713,0.040051273984109605,1.0668731992566989
3.364182677766213,0.037819208343839485,1.0097510253515416,3.318673616199714,0.03675692591683233,1.0473003963254168
3.23917925197044,0.0388381518107778,1.0231446557139068,3.2942690200280746,0.04140159114232395,1.0532913791095153
3.289909634605383,0.039257635239222856,1.0320274205181283,3.2873246282450905,0.03977303976169994,1.046124106459264
3.2568187322563182,0.03890203020479091,1.0229174178472538,3.275995884334856,0.038939379274782436,1.0322458802789733
3.292046585158323,0.038343823106380286,1.0434820155467162,3.322871547150293,0.03925823813383461,1.0245872169236754
3.290741982216724,0.03891607504788633,1.0865554398466681,3.279368965716026,0.037302341185882104,1.0715523671335818
3.295411545745103,0.03687834384833868,1.042824511756326,3.3178626054823366,0.03817678087757027,1.0744389260449347
3.26432064974072,0.03998526308121059,1.0510773667337436,3.294542097088044,0.03887934034024752,1.0248573337998323
3.2011053767882554,0.04039726456512318,1.0193550164237708,3.222366990032687,0.03874544917792778,1.0325994414433992
3.309207495076262,0.039601166432925806,1.0343268890577904,3.257835858036118,0.038826988130315154,1.028183810156168
3.323672530783569,0.03801296399705227,1.0330792439155891,3.33603117298844,0.03736320523968827,1.0338966507070348
3.267900096915872,0.040171958647159445,1.0628403327123175,3.312378094639086,0.040581090567841475,1.0722914566395163
3.2164695500554683,0.038275505529897634,1.0355592743361943,3.214798734721461,0.03824872413022779,1.0021948862980605
3.364477188759714,0.039400457431421274,1.000920383635975,3.330150328529276,0.03808146352106398,1.0172972921552892
3.1968499437718076,0.039104013249931284,0.9850762445111605,3.1943831262918896,0.03840461258724147,1.0125203571381731
3.169427861492176,0.041338626317010276,1.002381651760812,3.2258647155788873,0.03924299545110051,0.9958868704660693
3.194755779888207,0.04121804233702462,1.0649149907367685,3.1970226092292333,0.041618917089800415,1.0945063666483688
3.268417806002245,0.0385402980337133,1.008814844968433,3.268654815306753,0.037388299090784484,1.0187200367645715
3.260839534863157,0.03699419783147241,1.0246106646558246,3.2603379590571286,0.038103188768801276,1.0036417945168494
3.3012707629921634,0.04018779770451628,1.0257227925565868,3.2775864744457306,0.03936013771722696,1.0030101280992136
3.2832508441093258,0.04020664993191844,1.0513422401138395,3.2738716516061217,0.040189643368061786,1.0419078695478488
3.231189367510543,0.03865343599796447,1.023530154157649,3.2746502345478232,0.03828194923279395,1.0448181372464627
3.3281697320301813,0.039587542494762096,1.0252135682702472,3.2865000550931054,0.039263984058265096,1.058724510161529
3.3377585878411784,0.04007719987831307,1.0454214348210997,3.3343511907972245,0.038608672930978534,1.0429101543861492
3.288487786729988,0.03844949629596169,1.0038854432012145,3.2625185125175187,0.037951741410882985,1.0117322211682587
3.3051843265666605,0.03884380188150951,1.0538396552514917,3.281816475407716,0.03934361775289902,1.045717025652905
3.296852143051007,0.03982650796599823,1.0343994572112891,3.3248305175483805,0.03852393966345331,1.0336548242790629
3.2529409857943583,0.038819145537472316,1.06290791700984,3.2263422419071763,0.038464047497459436,1.0643713017226724
3.2914666767046996,0.038471060833002155,1.0482474670925839,3.292137105350764,0.04069428591534775,1.0717791539972237
3.3024642367238295,0.03785097896704982,1.0610149407637905,3.3311302210802807,0.03869000888281273,1.0597951832029733
3.3315053441306492,0.0381121202201314,1.0478212794463466,3.3040206721340333,0.03630460087748895,1.061207832201904
3.2426045018550282,0.03687189526502866,1.0537996952802726,3.2178780866995726,0.03850723458298209,1.078584405893117
3.2862583132570604,0.03867453110215629,1.044045801490883,3.290934566622683,0.03836509545030741,1.036875947849443
3.235406096971422,0.04008161434622672,1.0312281049508745,3.2619028935537084,0.038724768522220204,1.0283156609608477
3.232909483300422,0.04031572104791466,1.037997074634275,3.2740023809635472,0.038677078355215805,1.0582972911299828
3.30391243832474,0.0395053358307414,1.0423462651317061,3.2386182860196566,0.04026628341501491,1.0254791246762232
3.266624653373459,0.03942235235752921,1.0074826619509005,3.2763792786931387,0.03812359176860068,1.0308180258894326
3.254820728228517,0.03874862290344008,1.0247012960428283,3.21824080520541,0.040171195700677925,1.0483739809152106
3.244890878211629,0.03849439511868424,1.0413327061351916,3.225076511314822,0.03891673211563197,1.0305817789000817
3.2592871063707167,0.04026519105787829,1.0730766115864887,3.260962688773661,0.04192987284227383,1.1117462430065377
3.3347941066100875,0.03870903129796278,1.020778458368917,3.260686940414667,0.03708322772167769,1.0296574660873277
3.2532493986098694,0.03719756170541597,1.0354666978191716,3.239802236521349,0.037814588858784484,1.0414781689064834
3.2427295992632623,0.04104917096125476,1.0455130186704105,3.2335494265866287,0.03965724557766424,1.0379955246806285
3.273651806339049,0.03705241796015672,1.0429561911702119,3.304485794702045,0.03893753279478972,1.0171758047316573
3.2819961361906818,0.03753357175135996,1.020778947131626,3.294825116104308,0.03809572035634931,1.0198140778191758
3.2324443864026673,0.03775747696400392,1.0699136551892117,3.308547469208936,0.039262840236917805,1.0545094997900222
3.2718256362510973,0.038041906959060935,1.0178431238102685,3.2536919033497225,0.0392972127306204,1.0680384794394255
3.276857742293346,0.0389535080003921,1.0550535919643382,3.211859745474257,0.03969760658634965,1.036706018372814
3.28723328356225,0.03717742668075213,1.0022645866051993,3.2898481443277574,0.03646822931732222,1.0025326253360969
3.227395362730873,0.041024789713710576,1.0834566426822254,3.2209943426802785,0.039732414751746395,1.1311549028622727
3.2625346235061294,0.039629974201739714,1.037772517321621,3.2059420914516696,0.03814818949730453,1.0623996934187492
3.260522635387465,0.04068211139388334,1.0325144712684156,3.2312562060506047,0.03841929473599807,1.0356928859979748
3.3008943263101824,0.04010709486717104,1.0186730346262165,3.305973704394117,0.040006542200864185,0.9965373990398956
3.234536022279455,0.04083615685179167,1.0197898698450938,3.198465121846098,0.04042298434237695,1.0429952949605856
3.283770526474645,0.039766462229514785,1.059955340497988,3.272412709313168,0.03960082743759801,1.055272926363516
3.251655131171013,0.038967791234312384,1.0595720625703462,3.3170479392682592,0.039390408009963594,1.0534960824202926
3.2349056319987364,0.036902213678687665,1.027637597821587,3.2598587765554097,0.036596003780854584,1.035642364133317
3.2463611743615894,0.040955608222935605,0.9805020646880597,3.28752377102988,0.03916263579388428,0.9953429103824483
3.2445594719731696,0.03452546273306289,1.039940657875407,3.239453443367407,0.03560573772795762,1.0266095529004198
3.370769006449691,0.039391765635152884,1.0107716085542386,3.370581302968084,0.03863378977822936,1.0200943628926809
3.246769275124056,0.039729230792217914,1.0275769792479688,3.270226635876508,0.038770199298074674,1.0351705214597933
3.267417571166595,0.0395935521281805,1.0562362270922134,3.2803862161586115,0.0412509885842933,1.069630131695305
3.246211619375864,0.038268761355593484,0.9885069814126118,3.2768195919862975,0.03838540568383859,1.0162522464537076
3.2835688077354366,0.03921187673549224,1.0614155839899209,3.2849931553790506,0.037589054404862515,1.0409007638431094
3.3247637957176317,0.037805819088326954,1.0352410287441645,3.234360112747036,0.03813932866421327,1.0230939841289581
3.1478997805872493,0.03809520540653696,1.0729453392253887,3.113307887876396,0.04023444574961194,1.0697858480196438
3.2450857640324133,0.040484701753949096,0.9920531128799185,3.318217838293427,0.03984348445086618,1.0041043628388164
3.2554671100843118,0.04137866454664491,1.0178475297061536,3.2287492735208074,0.0406490135017445,1.0270968723474996
3.2235128137155247,0.03784588905903908,1.1261801973862962,3.249015296776589,0.03789281704402288,1.113621641627127
3.299527822668215,0.03881123316334585,1.049291312297128,3.3253723433574973,0.03980163481209587,1.0064676379714748
3.2925337809751793,0.03807876823949184,1.0305580905340324,3.2525279459634318,0.03746443865308182,1.0506596331248814
3.226685441619774,0.04117066515244054,1.046577396626866,3.2919640061105384,0.039587588847137284,1.0399517837996308
3.28001168273331,0.03815801854692105,0.9887741390751633,3.2540537065467987,0.03923818848418291,1.0208520642001886
3.2904182305776413,0.03702159412131659,1.0563541495293896,3.2910427730812035,0.0374548556111451,1.0473123761900818
3.222694511518321,0.0385178820520386,1.0306353754483042,3.2902263401299363,0.038034477031178196,1.0044350087665312
3.2252907359826724,0.039391855103554196,1.061213587120579,3.232470453376871,0.03863425690457573,1.0326945591113206
3.2872979799994524,0.038823932099674385,1.0437678576565783,3.3095561699828298,0.04050151139076803,1.0391032718975453
3.282729493390284,0.038064150515322,1.0357105705915877,3.316088042016743,0.03617576877504971,1.0420513870666945
3.2679169468207663,0.03864781729752396,0.9947442505357804,3.2727553196704195,0.03949616610805018,0.9866326550580107
3.2942439619910346,0.03920997610842395,1.0516922857383693,3.320855516314897,0.038072484047228204,1.074586841102813
3.2258259994425957,0.04003628948155425,1.052438136754339,3.20084504191229,0.03917946214739739,1.0141091586959772
3.2010139152629113,0.03796354400680222,1.0288624779999316,3.2879152360645363,0.038278226772325126,0.9967450773244406
3.279040893288936,0.03752837813071421,1.0788671207518137,3.2934180622971896,0.038255804727481385,1.0785541745379077
3.314990766936945,0.0392505456949139,1.0010398371241176,3.289163766060684,0.038481557035077746,1.0117364643820164
3.3128504905555087,0.04105037011657574,1.0090426570850477,3.343981457472272,0.038339413413729706,0.9945506328145963
3.2220140278273153,0.042657602965793746,1.0352230969797973,3.2298132736100027,0.04030879754930738,1.0543556966691383
3.2538013500780085,0.03857416236431634,1.0001215324671286,3.308427561016489,0.039177621134730126,1.0151333473199793
3.309533090474545,0.03840406272007461,1.1013997965388431,3.307534338899498,0.039430629979482885,1.024236336205491
3.311551875564718,0.03923171532846461,1.0589848202070797,3.2701398959077093,0.03802282695863597,1.0378610531323005
3.2492246702218353,0.03694384980710437,1.0313982558268049,3.2258641066459806,0.039500053839647435,1.0714322419712228
3.25657629188202,0.039595426814311115,0.9834650922702799,3.2061233227390336,0.0396612770268542,1.001909386910289
3.1949441046727025,0.039926830782022776,1.1085472023110396,3.1423938016474064,0.04112097989917979,1.083713333617645
3.236764676861952,0.04046228402000827,1.0446367867804132,3.281136315136122,0.03907398239153939,1.0419392441754711
3.23486632509342,0.03819430869242698,0.9872959990706391,3.2609282030192275,0.036269043638656136,0.9911656462776021
3.23293874238173,0.039732671203532396,1.0262618971258533,3.2549576757276024,0.03732770649303902,0.9868350611680694
3.2158155990694604,0.03886628201832491,1.018242559570494,3.2579878411095655,0.04059397583539871,1.0451616798661278
3.312670267645452,0.04016499399367272,1.0038255464191235,3.3419857849116026,0.03699538754627565,1.0386376891936975
3.2603748652273583,0.03823776958110058,1.0733137442011653,3.2503858083726156,0.03849803870523537,1.0467803850552915
3.2400134346141,0.040282992754980165,1.1102660380597877,3.278435846490891,0.03904599346151808,1.0919549274672082
3.1709092586778165,0.03960413798424973,1.0335897438729034,3.224016412556591,0.037877893993016845,1.0411990311303778
3.346443142740791,0.03881028853812389,1.0652889360733628,3.3081588858203985,0.03835465654343207,1.0472016028867706
3.249068612509796,0.03914848471272933,1.0246689643640385,3.236142725595723,0.0407635069075751,1.0218331487840788
3.222304156753527,0.039274955000749734,1.0661587973598567,3.267873336576804,0.03815302670776311,1.0211463088021142
3.2330988100951803,0.03718781311862231,1.0075312343307101,3.21971308159552,0.03796966289777212,1.014695293794047
3.292456826318599,0.0391964402486364,1.022450113371558,3.291335020550338,0.04032541567375212,1.0028866187718415
3.2668688221527193,0.03882153332917233,1.0327241383096533,3.285400166143344,0.040451530714687274,1.0231545733163079
3.1936766901350393,0.03948995143404344,1.0326930569624424,3.197298338315058,0.04134386137708269,1.0524981536712041
3.2375981325341523,0.03974009626882597,0.9961444400061821,3.229434728918789,0.03792569020181392,1.0056772727234846
3.2745423167125827,0.036801019387336306,1.020661389174569,3.322937155736017,0.0375782683952071,1.0666010723306107
3.3000196520026996,0.04057859350916496,1.0592151895880872,3.2651447066868124,0.03952756191110833,1.0494780221224385
3.329371537628023,0.04008585975923428,1.0428726229258363,3.3078265152039323,0.04096674167075098,1.0460071366069363
3.245865653757524,0.039466562784875155,1.064180048590496,3.2575871367940463,0.03779233990760705,1.0716048747468665
3.235154912987252,0.03831358438299013,1.0162589185663902,3.259574117845102,0.03806933170219096,1.0039833394326867
3.340913013896993,0.03880441504154877,1.088399789802371,3.32388501705728,0.04008275751003097,1.10327086754663
3.216399294154291,0.037571112846851364,1.0033222691244388,3.206067976669543,0.03936099557036261,1.0212533156864518
3.2462560254326522,0.039572630739215964,1.0329301315806436,3.2344785091584756,0.037554060577642934,1.0411708532460457
3.214421182695366,0.03874203336311222,1.033287269638624,3.231024727365831,0.03716017377302568,1.0204160903837285
3.2411953051428064,0.03765329604041143,1.0145604545745313,3.2481987295082777,0.03797525149900291,1.0180799818490274
3.2169339207312597,0.03872626911898962,1.0328949726313896,3.295160939087604,0.039669792587920076,1.023791888260691
3.2961330240333653,0.039965168897495046,1.026454439731783,3.2386351585888344,0.039554481110645724,1.0159915773088564
3.227056945222152,0.03837363491620181,1.0528548719482023,3.221271973237639,0.0383238077229038,1.024082067990556
3.198171696984638,0.03887958004554328,0.9987441572906288,3.196844655894216,0.03997079923129484,1.001322913371231
3.3652789897483624,0.03912794153564847,1.0436500699847615,3.335625738062274,0.04058686666070321,1.046305772573905
3.1978830408567456,0.039936515895806934,1.0293279517371292,3.2376325015567944,0.03839737981301073,1.0558124944681762
3.278220251259337,0.03921272333374796,1.023426116438512,3.2914731067709724,0.03905377608147439,1.0314303947014958
3.262108469531077,0.03937672314059193,1.023602026516036,3.2628175786304907,0.039203831481239786,1.0473503599192866
3.2478382619079333,0.03995646786564873,1.039944076921797,3.220172637128845,0.03916701964906145,1.018480696939553
3.2667162912677705,0.039263030112823914,1.01331777109267,3.297484437141125,0.040173658524041395,1.0404207102988474
3.349438965702623,0.03820026183094373,1.0459431211615942,3.2934028013784,0.03941507711985053,1.0462252104121026
3.27650218898719,0.03857825979030435,1.0452381155136021,3.2333287378796154,0.03860073184351905,1.080339267017853
3.272037470518911,0.038228491414781844,1.0331122174746972,3.2723585083166298,0.038095512174258,1.0355708488098572
3.3120569167552962,0.038148616270838015,1.045578381066672,3.2410560226926246,0.03879272655964239,1.0250131649377727
3.1796684375829125,0.03942783331918644,1.003218522859578,3.172419058230924,0.03927168884301137,0.9936937062758058
3.2787451293578296,0.03928809664123127,1.0561487086378716,3.2072106713123576,0.039468247046377414,1.0438341909878806
3.2819712328704784,0.03980367984174167,1.0589267320601636,3.34110360634386,0.03973217073210746,1.0450152114790008
3.2341028629053192,0.03910025998947857,1.033598733630893,3.2889432934039315,0.041318893391647384,1.0413217661403418
3.28631036328424,0.03604804012964841,1.0263664896755282,3.279133932519254,0.03869333419077731,1.0260198459778385
3.282848267322267,0.03878262540309102,1.0016463037201304,3.287440242300531,0.04007602208506013,0.9814123072453418
3.261053325608758,0.03965594608943621,0.9815791540314038,3.2688288741526113,0.03881313988280724,0.9868677271875289
3.2889852142789313,0.037399913745987605,1.034072951595453,3.2420876184108,0.037151509850527106,1.0356591029127353
3.3652563694592734,0.04294671563047629,1.0339906102194871,3.3544128037519947,0.04031567802638258,1.026239097911236
3.25780342860239,0.03793844387972347,1.0428842471091864,3.189673949989554,0.03746161656267227,0.9741197342940864
3.308332807003707,0.038325501869455804,1.0383090597573503,3.3315546810887744,0.03850758050647698,1.0616100504782422
3.2563155702506883,0.04077399583620904,1.0422291681188844,3.2597974926488535,0.039669760872712095,1.0554433586223249
3.234137433417412,0.04053560859254304,1.0350706655666502,3.304214757261362,0.03942960288159346,0.9915216183954291
3.2340446073445603,0.03953157475177877,1.061515071159687,3.292875468405565,0.04023602810834048,1.0268038392683294
3.347186073505563,0.037771305660401794,1.0402110579039867,3.2899711009012327,0.03694303102751732,1.0202144487272493
3.259010727847102,0.03930282616702781,1.0361270114520134,3.3175859067087754,0.037566692543265535,1.055835467508551
3.277114415793009,0.040487981345535946,1.0093949800304534,3.2983694748497565,0.03900133570194354,1.0318731763620088
3.28133738138539,0.03875233652676247,0.996009361549432,3.2519645950141034,0.039229831937955144,1.0337240208026601
3.2623398540443804,0.03994814040286814,1.0096594373036194,3.311109618175583,0.04081248368410447,1.0231974738350973
3.296239029167436,0.0385957245551872,0.9827407910940357,3.231490250459922,0.03818341846958118,1.0208677482294344
3.3032637273691505,0.03805450588023313,1.049866510489287,3.300726025027693,0.03732362030722535,1.0618770076430861
3.251629112931699,0.03926992448291156,1.0463813478363262,3.2476658349770613,0.04197187204430121,1.0441294888519332
3.265040506900151,0.038572023559767084,1.0027720528908135,3.2764047399969343,0.0384380677757347,0.9965902715618882
3.213473803376927,0.03757622833666416,1.0613951808328803,3.160554182237249,0.03939886460458541,1.0755547220009587
3.3266494648863865,0.0386997204226852,0.9973858701727558,3.335003024992246,0.03947503490774244,0.991565671302376
3.3212076252125646,0.03906788917737381,1.0373833789981743,3.2942979558404364,0.0380547476982655,1.0338107532540874
3.3038440469337718,0.03976643399667498,1.011531009721333,3.3192093544876085,0.04319863751836864,1.0315979667566033
3.2704326443251404,0.03921148274983017,1.0427558572954532,3.241540845762206,0.03914774673849954,1.0724581075421755
3.2913179604295544,0.03932800462533086,1.064859776717418,3.2822426714909163,0.03726512923979634,1.0612704241527735
3.2759388682586024,0.04070220310834731,1.0370509880804828,3.304122730677732,0.03988211975114093,1.0705420115139437
3.2345697191296328,0.03888801027454312,1.0723573089932765,3.2914727968284545,0.03829123214063832,1.0576921918056361
3.22733301481449,0.038524030199400844,1.0636982531274803,3.316174877921271,0.040005152266229325,1.068384901750377
3.3158893939902656,0.03889979489557739,1.040787125988487,3.2366066826305535,0.03873444430780915,1.0320592162358617
3.361135519142192,0.04041969629697331,1.073077952814116,3.3315093706430536,0.039754350404517455,1.04138230875328
3.245927579852326,0.04009962683922839,1.021263544403397,3.2389839346414413,0.03922197934012447,1.043588513378253
3.220802268693703,0.039205132136472635,1.0759660653623084,3.222678412272973,0.03996800250866565,1.0643318349155446
3.2359768787245287,0.03787414995403332,1.0213311145803485,3.2706283748355975,0.038810448476089124,1.0505291275438227
3.2535495258414957,0.040325826445672217,1.0889287808329358,3.2665617069455375,0.03890304818455743,1.1113843723938357
3.2079878899333027,0.03884350757915552,1.0771712730546632,3.256383989026411,0.03868499897620928,1.0698262631729412
3.25732898601995,0.03997765347605163,1.0072005577651226,3.242042311100214,0.037402082155913695,1.032161435001385
3.328004524694901,0.040161565585044655,1.0336907732725438,3.32254380972742,0.039590910295712226,1.027857709264574
3.3155836354757438,0.036954098943378054,1.055642178856884,3.3446380699956126,0.03790093422696121,1.0538321572087603
3.264196724602683,0.03727225589231567,1.0780108718742114,3.2441881785527396,0.03869066903119499,1.0791322998820434
3.255001260255497,0.03575052826085923,1.0328718731981865,3.2790944487715503,0.03878766973600789,0.9977136160126959
3.3304751409757594,0.0414591646235662,1.1083323882045433,3.3244968716954406,0.039670997417912156,1.0542973241764018
3.219366578591488,0.038468137306025545,1.1224580603321679,3.2068257911918536,0.03853173214427935,1.1099343039577294
3.236639069933065,0.040220524886283304,1.0678064281920987,3.272168406294935,0.03932656976092652,1.069998955959346
3.314211938939699,0.041013015708657376,0.9990620450685804,3.3226633111909893,0.04029892494747035,0.9908262270312705
3.2013404079005,0.038072401236366016,1.1152219459665345,3.235392044087366,0.03839184202785074,1.0558604789648443
3.2841436581268,0.04004735881020399,1.0618066956628214,3.3559890979614115,0.04081903566285945,1.0369799427461597
3.2808089191483916,0.03786145720949698,1.0525996614721995,3.309822397592229,0.03851119075682178,1.060696948983257
3.2472149681272957,0.03870495736227684,0.991742800216334,3.304782847412034,0.03866006198097164,1.0000946157898285
3.256833816547036,0.03874594560946117,0.9855170257745328,3.2747759223236503,0.03691459569471116,0.9919784899395999
3.3512251647239024,0.0392955486766108,0.9880900239673548,3.3390929274242365,0.041061796432184855,1.0315897066474669
3.353260674420677,0.03728781127262129,1.0029040442788018,3.3463972261376442,0.0400456052620604,1.010038258056818
3.2889567306873038,0.039859792895352714,1.0515654608786564,3.304982079966475,0.03945837717948114,1.0353229190757545
3.287609289774193,0.036990392496079647,1.040282045496075,3.315226229081021,0.03841051020081611,1.080997709666029
3.20516731724745,0.03906489486807067,1.0441742328259236,3.2179756721683987,0.03951150338729079,1.083748964971368
3.272002331372139,0.040413575391252045,1.0294943637301208,3.279160210301119,0.04001463308222464,1.0381534310004539
3.334119908818185,0.04075301931701897,1.0467539947274607,3.301059333981684,0.040221000176047766,1.0451825075277008
3.3305076498046984,0.04011852844011788,1.0417809242325597,3.2725772170137293,0.03927361668127754,1.020487746885707
3.257666986669456,0.037952966252351485,1.054308777616351,3.2657128736163825,0.03844098186656724,1.0633984068995614
3.1570153677027077,0.037356370959482264,1.0343080521734194,3.198058003149283,0.040316905810430445,1.037812794827035
3.24806231518494,0.03952314212618037,1.0521304594393854,3.2608620621348896,0.03950207899184501,1.0399589895327197
3.2947314361405686,0.03883672115061614,1.0417735551219345,3.256736183674556,0.038115830920789184,1.0804254009119925
3.242344245299719,0.04191177105332563,1.0740077832497517,3.254035455389008,0.041228892607437076,1.0593618124631061
3.3113025609939606,0.03860926436958167,0.9848695104929905,3.272342011964348,0.038812680200033145,1.012256006745047
3.2532446361115506,0.03983081767321174,1.0282879299298922,3.2512423141884925,0.03882071798149185,1.038944383801292
3.332755279382444,0.0400929898365957,1.0209210898436953,3.2915438728473063,0.03829956528683577,1.027545162198751
3.3000058049032783,0.03892590805927738,1.0616417329594932,3.294948949183272,0.0392810946499354,1.0441784708950992
3.1994457633409557,0.04112681256002127,1.016996682356975,3.257650883480415,0.03983957540214956,1.0239562164978624
3.256639411685677,0.03892855749536243,1.0004717336926081,3.245683312148987,0.0378069303119779,1.010699336365055
3.2730208108219307,0.04016335471017035,1.053571301653626,3.2597940287165224,0.04220883851300157,1.0422892550030562
3.2738788430202828,0.03909443438849738,1.0512375969662595,3.261503995507067,0.03868446650984693,1.0466320290386124
3.2684697771106617,0.03971877979489625,1.0736767638447005,3.181568774589419,0.039589784184906204,1.0595635115309243
3.3223188514699884,0.0378532154107624,0.9713239869835899,3.3169573098188403,0.03692108566402504,1.0050769655090057
3.3028619133123476,0.04090652691795094,1.0568415838880154,3.32444721669224,0.03984302641757522,1.0386370158029805
3.291200968427503,0.0387015921291176,1.031087347619774,3.2949106212749117,0.03799080005277418,1.087029055032653
3.343532158792466,0.0412394494880129,1.0160760058320017,3.3272871237298838,0.04124390425073576,1.0350653468395894
3.214386658637057,0.041236206289420985,1.0189768633853555,3.2083201411935796,0.04245662001727137,1.0208415785776468
3.224897075591395,0.038790438022252176,1.0420896955037513,3.253942510517995,0.039671711561510496,1.0348399333541083
3.245378230127352,0.03863799218607231,1.0339982954849483,3.2955667279003404,0.04036744556601423,1.0333626687197104
3.256852679175179,0.04107184410073494,1.0246160193161327,3.2464340963132554,0.039820786285132526,1.0471348044546778
3.2989086809989594,0.037865861004024906,1.0823502513496266,3.269071256056265,0.038162948445296496,1.0842632100172225
3.274751996466754,0.03851757630748273,1.06165460569494,3.253448053827897,0.038502271504846974,1.0608816377154011
3.278447232437896,0.03759933431708129,1.0339086887853506,3.3159088575048212,0.039632258873111434,1.0617253967167062
3.2499168962607246,0.0383986204785409,1.0406743282642015,3.2905282867845345,0.03915556453319173,1.05921009559333
3.304962052197919,0.03904134620339633,1.086994878511917,3.311546520903444,0.038954552846575966,1.0898019414198135
3.276814374779629,0.03744060148676608,1.075490548612401,3.27371005876599,0.03960761406177554,1.0487392316548654
3.2443314032953423,0.03874187371533333,1.0372884430972784,3.2899243454915,0.03928237066232807,1.0502908744941546
3.244893516306749,0.03676437985572751,1.040948065463359,3.2713627085059995,0.03831142965943712,1.0316817338315085
3.3339958165527457,0.03913163226477883,1.0351098247782973,3.3016213960865857,0.03937369020934052,1.0303602991601912
3.2119945453891763,0.04175545244449851,1.008802837476042,3.231337533416429,0.03882838357597915,1.0116448339442488
3.2691168679157325,0.038460623484385247,1.0232966027182386,3.243705488549117,0.03951106831712792,1.0323570242015778
3.2636118862901395,0.037923846267466386,1.003530344444278,3.2891427436740255,0.03867397119128377,1.0267077396010171
3.324359839875732,0.04016277917109842,1.009622348216261,3.2729540446013123,0.03951259888145376,1.0397513625663015
3.2730285319147376,0.03896408519010494,1.0346288548964786,3.2953274965332815,0.0384869758031507,1.0542589036238745
3.262800850046617,0.03993106261731695,1.0024152211394284,3.2728965660555507,0.039207927040822925,1.013324294736252
3.143909129573407,0.03704842358812214,1.063042853541366,3.1342547401537595,0.039271334720783965,1.0674793181906206
3.264547029990054,0.04268763344466572,1.0845730511724803,3.2296506301606778,0.04321126637882462,1.1090713672531487
3.246847018004486,0.03824601208563159,1.0432712237793196,3.275268613663268,0.0395880740174,1.0360193036309808
3.2332741735027204,0.03720657526225696,1.0563208831292672,3.2390147169007433,0.03996283763190326,1.0735765233949732
3.279008252410499,0.03810151473921738,1.0735012618883106,3.2878935628196877,0.03951941097208618,1.0861845330456774
3.245980502560586,0.03979276004911618,1.0531076863005966,3.3009331060276788,0.03800753922953354,1.055916820881321
3.2835565135273255,0.03810554304263367,1.0159776504074585,3.2745183287926465,0.038450455568119546,1.0294986076156116
3.258671450393443,0.040972921957610486,1.017843212569138,3.2853992513603716,0.04054600825417292,1.034849599530888
3.352442212935767,0.04123205577364439,1.038182628588667,3.2973008147758325,0.03899179164285272,1.0452048732477326
3.2013926978850598,0.03665917256544318,1.0397534201105139,3.2248641820608372,0.03668275408056537,1.0224940397491045
3.2552764225604607,0.040522388592783544,1.040362149816677,3.2307453600127505,0.04037117429619026,1.0409175569702676
3.2084312152518155,0.04010601773884713,1.0291994773943587,3.2428223367169546,0.03980597863194676,1.0387171398533757
3.258912396783236,0.04023848724370466,1.0157503283371063,3.236010572345473,0.03856778387921606,1.0471283767538389
3.2733991666523505,0.038130044230465905,1.0470906309110808,3.2214875549726814,0.03840311275711175,1.0480665638735085
3.246326208816943,0.041031708160567046,1.0150453880688546,3.2487400863641613,0.03839737119704628,1.0343550579095535
3.264107984199297,0.03902516866632049,1.0888315279838998,3.247694579279796,0.03975214599514404,1.067496563337606
3.2338016363255173,0.03839407003131576,0.994801448015427,3.20529888089846,0.04060039576408276,1.0166652094814532
3.2923730662134862,0.043894874464498565,1.0195372165862264,3.2249933889626443,0.03932367316697641,1.0526589521802092
3.243672831643661,0.037515956770690126,1.0462305168552595,3.2552417382578045,0.0373787054424738,1.05625223093029
3.1800960743108595,0.03830216981027507,1.0716163902192712,3.2950919453297085,0.039280410149493274,1.0311904381062693
3.2469535208331908,0.03974925168354621,1.0601831851781485,3.3080903360767753,0.03947715828324565,1.030122232849698
3.237464881972967,0.03891737775733721,1.0614075414545818,3.2463564304663564,0.04048327837971451,1.0558298628896015
3.3388023370183357,0.03973055259703692,1.0075291238050477,3.268687001179494,0.041044965424322476,1.02913892836087
3.247700175940772,0.0375890697741885,1.0194047398556174,3.2326417478535383,0.039080897823888426,1.0352483288256318
3.3103225215018357,0.041504235606465226,0.9759156714119043,3.3360901467514146,0.04327963621945796,1.0146978012877654
3.1899870487363695,0.03896103727998084,1.0394886542212063,3.2365998187866944,0.0369175379812856,1.035904415169358
3.3552823038333974,0.039271038589958694,1.051433998962856,3.365541271172815,0.039683809354922314,1.0217986631848979
3.2706701203077753,0.0399415449366557,1.0543528260783241,3.234779154746522,0.039699360418718035,1.0260873878866104
3.314485462660141,0.03875051567267847,1.03532778575511,3.2831729383151074,0.039011884323538915,1.0359832223662944
3.208211053156104,0.03810113310162473,1.0783349469282957,3.244230003019883,0.03752062227051777,1.0862841045091176
3.261093137311417,0.03920924810724931,1.0660721527575407,3.2766479961047654,0.03934588125936478,1.0447502093557495
3.2509469116533847,0.038490440333709144,1.0322833752178253,3.2503301506767635,0.03784928391708559,1.030343581384662
3.228381747568207,0.03819718238637696,1.02406091831777,3.2396350097862263,0.038283016872730474,1.0292728695869353
3.3419076427267265,0.03901639125292687,1.0303569457511972,3.308763080831694,0.0400047370874164,1.039108734457263
3.33178148648973,0.038425841329945525,1.043557329123165,3.307027969565849,0.04043787426273586,1.0470639956651877
3.2011010400491084,0.04029183556287072,1.0460846976679357,3.261906904292656,0.03932599742643689,1.022422376560111
3.297518366546122,0.03816112167615865,1.012511752032395,3.287065115494919,0.039214532653865715,1.0393018560568943
3.323413926489197,0.03952421411629038,1.0201403533206421,3.2725902910385214,0.040594899350083584,1.0346065828189304
3.261701876757983,0.03984438539270555,1.0279264461084887,3.276111257996301,0.042415762404677766,1.0395293093822584
3.2732632969298012,0.03889152223631185,1.0271956195810272,3.304782452859691,0.04020491642614521,1.0699509244953473
3.3032215303036225,0.038389159603859524,1.003404662078838,3.2731710121036937,0.03964881714446071,1.016885883114303
3.339951702679428,0.03965057440587866,1.0903181160610451,3.3280230370710173,0.039178205968519605,1.0621225525843978
3.2236750821471065,0.040038474482797466,1.0699832211023335,3.2288571569817153,0.04084071242561209,1.0879838176060577
3.2797582518029076,0.03860697839853294,1.0768781849625384,3.2275026302511387,0.037424790102265904,1.076751608804204
3.2138554697266835,0.039840244597974646,1.0264259864967429,3.191238696085368,0.039247276904972754,1.029855954847698
3.3659264255406938,0.03699196976937585,1.050388278595584,3.2832481128974607,0.03903769858848797,1.0479944511244683
3.2451300094348343,0.03895048685797892,1.0576287608500214,3.264224013962749,0.04002747343303669,1.0809069175129224
3.2234881060012737,0.037366978038423704,1.0218801077236233,3.2249153208471752,0.038449005250001514,1.0497646010506168
3.3092315212756924,0.03920261589171479,1.0505358868064016,3.2320249472464706,0.039994381162012274,1.059226403909306
3.2474557826823722,0.03746960522167832,0.9991363076967181,3.1954453940149135,0.03947642009684874,1.0604810502123059
3.2993770018155812,0.03913100559072775,1.0898107037436942,3.270649343360098,0.039250022372677426,1.0726489362344098
3.251527952307285,0.03694275235817772,1.0403856580755093,3.2021232226408625,0.036827437622765746,1.0477737568094594
3.2535473120215563,0.039604912063889504,1.0058859726663878,3.230921796125348,0.03846630352220151,1.0333733902787654
3.284596244591153,0.039670113546601965,0.9852801793493856,3.278866848614193,0.041785686701486344,0.9919581282176617
3.2418617757140336,0.03842653556945379,1.0405737580241963,3.2040452434520623,0.037641348740950736,1.0220761065013417
3.264760595157798,0.04034372931120189,1.0188616830820303,3.2650619054671792,0.039281365320850144,0.9921162044914013
3.3203208667480872,0.039861044669597785,1.0642461177653617,3.29411549133453,0.038745316940106016,1.0617232107876975
3.238738815425542,0.03916569108917823,1.0609208144895925,3.297795203377345,0.039033772206374044,1.0502645536298014
3.2713397896419596,0.03767115206865291,1.0723413886169124,3.2870429665423027,0.037593998117818446,1.054435033801405
3.2226299020379625,0.03943466855204961,0.9872161085558592,3.268668807131311,0.0388626986192936,1.0136526757900783
3.2844555650943557,0.041545515011483715,1.0310362715786,3.2813929300674074,0.0390662445646645,1.0690693947024745
3.2627424157616476,0.0403895126203766,1.0285954715404853,3.273266759582991,0.039522989169863645,1.0357407997032415
3.2480531645939745,0.03924321435748466,1.0823018459848308,3.273278699412544,0.03702527885530348,1.077782986301158
3.308373740092736,0.037408571829262965,1.0365120493161966,3.2495838512794037,0.035867965373899656,1.0333977288968321
3.3082691724537447,0.038497959283816996,1.0104726799089814,3.3258893160518928,0.03843045332163621,1.0033807036833955
3.1887360795099484,0.03855812195052138,1.006342118494432,3.2054032976897964,0.04024197128059029,1.0110447730263055
3.303177612291182,0.040997159799235766,1.0401599069019596,3.2879991676774916,0.039432870421724255,1.0114409384148
3.293850292599177,0.039537298447939476,0.98107120100396,3.283754179345377,0.03928245246939486,1.025944546847815
3.3745126265123955,0.039836648022273026,1.0101893765751315,3.314238030554232,0.03898216678977129,1.0419092403058612
3.3739133319431254,0.041448336754109305,1.0252746838935496,3.2776113906554123,0.03903508152966406,1.0449041822991856
3.284427847010284,0.03945794920311063,1.0072403074508511,3.2569563893853664,0.03708583714744443,1.0181477090799718
3.278016862955673,0.038594085509599016,1.0190169511259926,3.270622026633899,0.03734158473339203,1.074548937870972
3.2720712047100258,0.037878872862895555,1.040718197527308,3.2814207855766138,0.03885637376963311,1.040432187226447
3.242463517409445,0.03935647506650839,1.009856469504056,3.3245506016402064,0.038633991906837244,1.0007725264994205
3.2945562997503886,0.040166712701109455,0.9836452037797104,3.222040357760083,0.0396338776072113,1.0467998384670252
3.2418321726693846,0.03950204622332044,1.0249432496154587,3.1818306460563512,0.040780226678222675,1.014761122077094
3.2943724309339113,0.039379357953551734,1.043361092307808,3.257983939038878,0.04160257860926278,1.0668038086381786
3.252637332634182,0.03976263966622287,1.0448366359214722,3.26991562418517,0.03780944806698114,1.0632272329694878
3.327169524226337,0.03914352704462222,0.9953567802878123,3.292648582197923,0.038474802269738595,1.0354532841010504
3.264963515806527,0.03976243608110674,1.0391247765021971,3.3319061960875653,0.038365414541671895,1.0349221978367542
3.160833831429383,0.0390095659767446,1.0215931150457802,3.1706848411541273,0.03740262421555129,1.0629254960405736
3.3169660312342995,0.039081366904435706,1.0747818676104834,3.2781112166209705,0.038306197130034206,1.0668057099488653
3.2608299730541224,0.04002209981112812,1.0094953600782623,3.283683519486928,0.04190433898290837,1.035965326766991
3.2357569018285415,0.04007163281825562,1.0450433259166543,3.231196747331656,0.038542417655777414,1.0575542964730096
3.3451976467645914,0.03841107654356823,1.014681899630621,3.3152614971918997,0.04081380585382214,1.0295166721675486
3.365901088446962,0.04154980829296959,1.0345850083281345,3.426696713199522,0.04154681357895915,0.9868210572935655
3.2236605242737064,0.03891285665244544,1.0338743891168065,3.2813123469846395,0.03798682528325565,1.0227002886794823
3.325091720102703,0.03998123935903593,1.0411346893125737,3.3274996146963036,0.040466239233299756,1.0367537960447974
3.314967925518639,0.03993984161499885,1.0195562184659093,3.3245052874105547,0.0388968258661442,1.0393668663774707
3.308943700871692,0.03905396387586816,0.9950422392053135,3.27876489552976,0.04008074581965544,1.0146872247054377
3.261599590760082,0.040041275258470795,1.0303050607019137,3.2792149703027054,0.039044955580973345,1.0547764594008024
3.331741458945488,0.04066145548655973,1.0648701628447668,3.282469483393713,0.03872532028283746,1.0415687581310813
3.2365588954089097,0.039157768379484786,1.026354844639711,3.289613397982172,0.03869135486256491,1.0453536423260636
3.3593523765262394,0.03787708376956843,1.0784869763862166,3.35841063528275,0.038116512005433645,1.0893881930784977
3.271714506909033,0.03765281955867149,0.9939418967410034,3.2459656500212875,0.03911707230072415,0.9785691505009843
3.2135368439046954,0.03985746689232097,1.0444395881031894,3.2221090075965613,0.04037513488731404,1.0089099543261593
3.215792181329984,0.03592103297879521,1.0157343017880256,3.205776189100948,0.03705172771435368,1.0254671315115629
3.2680210668069773,0.03853897579018151,1.0570368081959391,3.2792618385539885,0.03943271828424543,1.0358305225925113
3.353486393423138,0.03956864837163796,1.0382691028580329,3.3023970341514115,0.04009889703672845,1.0568478527224103
3.2662048852273826,0.03824693704958421,1.0142884689828031,3.2358227885514323,0.039430425873448124,1.0160343175106132
3.2089860700510573,0.039428550643433785,1.0028752726497632,3.2171451948012155,0.040371754995413005,1.0470025053114684
3.3135890893229485,0.03935326303782162,1.0584046993081815,3.301872626296546,0.040267696385048006,1.013477600376479
3.297713485324534,0.04213447898925719,0.9956860094065321,3.2736463194575767,0.04318184439643256,0.978241233725777
3.2723502357625547,0.038119472081231356,1.0056129349413523,3.2669668255634745,0.04035312578378931,1.0110542844864685
3.259732011431743,0.03940249967295187,1.0650003135128034,3.251175742080077,0.03805769957633101,1.072414405298123
3.1767641695824733,0.039686352511540665,1.063875259368995,3.195234030084748,0.03848711335369969,1.0884846222499887
3.2680663574052087,0.03939967624844658,1.084839914101339,3.1818097982000495,0.037841505787710436,1.127565494855793
3.265668447308787,0.03910741137669807,0.9733670824933842,3.276326212712251,0.03722550217660413,0.9857497202699148
3.2141501549891145,0.03840950519587753,1.0174705330711034,3.276485118489658,0.038571718188968644,1.0210889126362448
3.230068740658363,0.037102803916339716,1.0991073915983691,3.245402524200388,0.0389224889762247,1.0466331395508035
3.2949009443920274,0.03935271404562967,1.0601283645741673,3.3069320811384637,0.0389969480343498,1.046314592954832
3.2810401439947143,0.03952909414493167,1.0525799751704732,3.2938246191099774,0.038013428248585585,1.0041941075960275
3.2233698733272256,0.04020994618800261,1.0329081559858957,3.257741558962795,0.039271265130125875,1.0572023443162253
3.2863644160051018,0.0402280148174318,1.0085982914612404,3.2847319711295793,0.03869916571231593,1.0044453284420607
3.31379997606465,0.03969469567035883,1.0100126067161588,3.2375295454974773,0.037891237763331115,0.9935581740032214
3.273997852539369,0.03815834622804108,1.0222408971268644,3.2641407324687886,0.03825611441730624,0.9949582092678203
3.308248624054186,0.039006443434054544,1.0127627669018209,3.2565441819457805,0.03955906114618102,1.0209564467571892
3.277262496107088,0.04056021527412749,1.0640980252507537,3.2526499233170796,0.03998307178948866,1.075191685428714
3.2970966446536374,0.03704435108059363,1.0681481553373364,3.2965121858027975,0.03812403070468038,1.0431350171924076
3.2426445150167322,0.04126923966872185,1.059120958626909,3.296507532745882,0.04051774633657064,1.0614496001771978
3.310895236635693,0.040952467553828927,1.0201265485814022,3.3284831701560944,0.039538471853884885,0.9950970662369725
3.2169072838469175,0.04004826829716347,1.062274365634572,3.21563349038888,0.040254538920011226,1.056982651567638
3.2256802521487296,0.03978537929908862,1.0441556380272303,3.1941357314128704,0.03992483430766061,1.0607614972415034
3.3094088083724658,0.039110171868889425,1.0556792480144979,3.2642770484469956,0.04037599069947062,1.00581547755507
3.2246589698572756,0.03730437848469949,1.0671666929355665,3.2346818766655763,0.038222447301115826,1.0214238317006286
3.2798123751708417,0.0393151897133987,1.05244064676162,3.227636539565003,0.03978955576913085,1.0573997308886351
3.2971110961997714,0.03865203107903448,0.9850357500620985,3.3190320029496827,0.0395086645559484,1.0144968080326902
3.298751447278111,0.039849451505919065,1.0723865678839852,3.3200838287887002,0.040880687566361706,1.072630517174212
3.209637262673559,0.04022674224642101,1.0555692735065987,3.201439503206808,0.040534199496591344,1.0337415151984897
3.2580060549623377,0.038752757790709316,1.0682928635748397,3.2757781157323653,0.039897544910236386,1.0470137939619193
3.3079275951686307,0.03806782494011881,1.0330656812325512,3.2578784630834194,0.038010324503961586,1.0289422164163067
3.2769669930664342,0.03945673784701635,1.0663474347762054,3.2671647473652516,0.039131847604310675,1.0202773080252094
3.340867273709552,0.03953287127317757,1.066010306823177,3.2723204926033467,0.038210486628790244,1.0946642790808028
3.3012451797457096,0.040216638868179166,1.0304835417584448,3.291310948197303,0.03879582594876917,1.0305670937914408
3.162750300617783,0.04142821089612956,1.047290839916736,3.247210499196765,0.043116277407854425,1.0261287395567988
3.276539474606104,0.038463091343896125,1.0815301817334075,3.3074717849027193,0.0378292491253638,1.0249354664617396
3.221018133374217,0.04008103005897343,1.0456406865579184,3.2653046671198656,0.03934887815815223,1.0494423488865603
3.2908408644651415,0.03870748388854847,0.9936535730230509,3.236656997828893,0.03949686079642914,1.0049979618242963
3.27860353051839,0.04101422537493119,0.9992135146750786,3.3151486763062845,0.03969783005993222,1.0342969827388655
3.3304599629163616,0.03896836669942012,1.0106256185570355,3.270322181779352,0.04133628465937988,0.9873456817336098
3.279369761530344,0.03965881816666355,1.0369058802282398,3.3002085868268223,0.03779388843856615,1.0374741893252137
3.247140785130605,0.03891525816584627,1.0866435044038978,3.2771829406553823,0.03911104017170942,1.0825411705690282
3.3194172868284193,0.0388868935662888,1.0794026721990153,3.2840220129404725,0.03817283564596273,1.0809059032513357
3.2401374358973163,0.03982107280977313,1.0206944592493294,3.220982172743477,0.039132552559890565,1.027450467438669
3.3015674672831063,0.041615489353013686,1.017067147774926,3.249679513640689,0.04062081705886527,1.054717422431855
3.188077217377907,0.03717599463577231,1.0402933339563254,3.197908179214428,0.03962917661971975,1.0485953155266259
3.321105833467215,0.03933029244966084,1.0655578780275268,3.3041008588103873,0.040489545865792745,1.0568078815273847
3.2256568849247187,0.03679043684777693,1.011096366764651,3.208318042089352,0.03629017912846116,0.9891151457306118
3.207456294474602,0.03882593340211991,1.0385332573334467,3.2028743811618687,0.03798283134459314,1.0564082778194874
3.3045477409510844,0.03758147164524938,1.033659534220898,3.2659515201289477,0.03909503906712749,1.0686371019058802
3.2335909721391407,0.03868676065388456,1.0782635250810935,3.3171021799383587,0.04014188320287427,1.0863739491152051
3.251321129423382,0.039312533886085826,1.03058495017719,3.261787097193338,0.0392468017709181,1.0448694136253742
3.2802867519424677,0.03758943907868117,1.0396055542582088,3.345027413020559,0.03835634252585992,1.0233968944290481
3.213369104973339,0.03874889567897585,1.0716842009563812,3.2426512915596755,0.04068022409485834,1.0564716266268699
3.2443291194474533,0.0389005916172869,1.050171555859264,3.23817297063982,0.04055391722984195,1.0065719677711962
3.2561979385103066,0.037674316086188375,1.0477466577557324,3.2145054867641147,0.039403036657638016,1.038114299178602
3.3100981773598495,0.03756568353314107,1.0446265435041426,3.2982412573024797,0.03658337631012608,1.0378089594572066
3.2775032640383976,0.038921093296106254,0.999839999610515,3.3246248669400114,0.038912888020712404,1.0655117272056844
3.2533732866796403,0.039806314130894416,1.0270517535665182,3.2036976668676482,0.040372356789703856,1.0381298188871801
3.226241619135664,0.039632251940966305,1.012140843953961,3.195549655511589,0.03900297889117701,1.03681593830593
3.2182678653778525,0.04056373678876886,1.0579078514415186,3.2106347383531655,0.038620296632911645,1.067970666646855
3.2405428986204505,0.03745068420493084,1.080378021571709,3.259177842139618,0.03848064596894134,1.0932944033393865
3.284779523387866,0.039654898501303104,1.0643307252875298,3.208342182148505,0.03919865670023623,1.0627059636340581
3.2684387467063742,0.03885363141226668,1.1081603523059147,3.2559324302334187,0.03792060447081136,1.0442739003223338
3.287967747779303,0.038437630933472834,1.0498449256957467,3.258645506525289,0.03812625484161967,1.058069993828092
3.343311008332189,0.04111990298434483,1.087768822564772,3.3021039926230307,0.03887686722584515,1.0709671888183712
3.3202339504714504,0.04053664336652031,1.0161091148921015,3.3118977862818197,0.03945892066665242,1.025527202525478
3.2078154125128866,0.04009381702010695,1.0281847646641271,3.2290998979174192,0.04068454869377153,1.045264109266628
3.2490382571997727,0.03995393469057101,0.9952799020685754,3.2386058303453527,0.0389811236242172,1.0417778380305034
3.3115719964982384,0.04047446471508928,1.0699963181719516,3.2742632099079585,0.04016692404226583,1.0642401131544454
3.239754014028664,0.037615021127711035,1.0378953887095672,3.2733107436331186,0.038925722122581455,1.061843013086149
3.2109691541033545,0.039122920247129704,1.0177047548300495,3.174676335444441,0.038851640598376105,1.0269266860342212
3.2340841348305926,0.03808777672244659,0.9896247172052947,3.247812873761933,0.039858896642819414,1.0313363301699465
3.2982487460979675,0.040465422654141846,1.0576868960957038,3.255187728221806,0.03846632130412109,1.0652359918856322
3.2671443350011415,0.038210493157569615,1.0416876028924884,3.2971667423241704,0.037266679393987694,1.0357608009729748
3.2199662214166493,0.0372996450547429,1.0759545009045537,3.2837542856293207,0.037989081275425905,1.1096066577424069
3.2178233299057872,0.03904459089254368,1.044993718424319,3.2603827798106826,0.0398497411380859,1.019454033242632
3.2833559319853496,0.03712564048578403,1.0274529580593044,3.269583673977851,0.03807010185383543,0.9814257862979027
3.2881306689429093,0.03902168479753394,1.0500588697460198,3.2512451456791926,0.03971045360109332,1.0926523731531816
3.3425807220695734,0.03945158169586669,1.0250042795601961,3.39195345406547,0.04025757698053472,1.0372967883197233
3.314273264810892,0.03818595360346399,1.0166055393384432,3.2731321671747455,0.03752951537419354,1.084736222953565
3.2741279617233885,0.040812601956372076,1.0175493522891659,3.279572183561144,0.03784547835933515,0.9814036868686019
3.2582240697638993,0.03795429260886654,1.0650952827581124,3.283761614381966,0.03958012902885845,1.066173241127268
3.234546900871493,0.03831263884192081,1.01770484870205,3.3314867379957422,0.03807650529063886,1.0267608011234932
3.2620031339213416,0.04044636647246658,1.0525757979680737,3.27034527920811,0.038894889735090254,1.0399872423820709
3.2380820814573608,0.038052091211488004,1.0214486802993277,3.2695388322543906,0.04052492082278286,1.0173704998910265
3.230011169831582,0.03905362919850619,0.9993360878712899,3.2356561882377077,0.040064506558320764,1.0515219710622217
3.266991638697931,0.037977099825340734,0.9707730734603016,3.2572133768825187,0.039502914002461684,1.0093286773707124
3.23918277120331,0.039263282087997564,1.012563220805925,3.2387800252069927,0.04027387108806909,1.0175608415600705
3.242035327575882,0.038728560010339974,1.0254642184526819,3.197394017310864,0.03832034724086281,1.0163733518180025
3.2805779817596594,0.04038072972283845,1.0460356716136003,3.279013021337176,0.039225492275171324,1.0491726705581106
3.302286750795851,0.03923201795359253,1.0357601171906379,3.293188944989516,0.03857038965320559,1.0235248445534582
3.2587623388422453,0.038479531106039,1.0591266002101627,3.296092147673864,0.03722143374396571,1.0636290065673042
3.284623567629064,0.04059907232596856,1.035794145381594,3.248217165493422,0.03787317151605106,1.019524640025917
3.3053648143946317,0.039403258590703545,1.017942332257378,3.252787721593343,0.038834167815480054,1.002380670899575
3.246277776302955,0.03778901706810368,1.099388193350104,3.257520262887155,0.03785092682655497,1.085007248110768
3.2036582785662,0.040793062830894664,1.0359721691158223,3.259661563339653,0.039616000304095386,1.012026818430011
3.3132988562310737,0.04060202769412906,1.0977420807134937,3.3132363520883517,0.03959095089601459,1.078833275132274
3.3601738961906666,0.03813501277075887,1.0048908458510764,3.289725246569677,0.03990920624023967,1.0054414860994416
3.2111340780370963,0.03825283777220647,1.0099141409823753,3.232878577585414,0.038284741581392494,1.0239362380649686
3.310697891420637,0.03888060798487054,1.0759029686097619,3.3258341129320623,0.039431543869332335,1.0730539953855447
3.288097819690159,0.041377079158807915,1.043429675845431,3.2869070086291035,0.03961323793628546,1.0403086607751226
3.287381653264184,0.0389302192732159,1.0001774393944147,3.277470691359426,0.039189014039163965,1.025659801644304
3.2206622347744025,0.038610793414584295,1.02988502211836,3.2039952381437034,0.040219764380698964,1.0173342118181687
3.278949052087195,0.03732495212003858,1.064211759195093,3.3038253878036756,0.03847708987163107,1.074773745319358
3.3330457362996935,0.039218893717702485,1.0186203575784998,3.285906406556154,0.038800423457677785,0.9715294388632415
3.3499039220327034,0.03898482411911268,1.0393652920134397,3.3321363731984137,0.038667478564909645,1.0650717748742142
3.2474234430733,0.04054324007672528,1.0216044382901128,3.3116235819769515,0.03889081508074356,1.0011292665142044
3.301383440018591,0.038543875377591165,1.0080692331738306,3.321257542513847,0.03866727004412808,1.01023031828262
3.268663999849674,0.04030445566788469,1.0132361686886568,3.239067751432679,0.03902491722855923,1.0423752116001395
3.2892014023234273,0.040553765262193,1.0052740589520446,3.270973512887681,0.04042204935026006,1.0752772660610597
3.2684748015537344,0.03862819201164539,1.0153766807334264,3.27313371595692,0.03699229940776953,1.0133201080830878
3.2941841694407685,0.039444738347561875,1.037678974680414,3.2787194959883426,0.041881153376667396,1.05401428370875
3.2607151981747426,0.03920408003237954,1.0440083325631593,3.2355117013189503,0.03982486136727951,1.0696378433479166
3.240136737784875,0.038127508212898106,0.9977364697209851,3.2454165893376397,0.03735818435694723,1.0212429216220769
3.244833936271504,0.04082673069386694,1.0420449377041303,3.2466796415342185,0.04162855618307223,1.064371868370524
3.305701289506307,0.03976908510335036,1.0870398808577175,3.2784456114121454,0.03872525291476845,1.0727498771607658
3.3128275469816257,0.040537636481356845,1.0658653383086631,3.337660443398241,0.04068514229598066,1.040013462737905
3.2867450361481305,0.04018222492310631,1.0061365854441384,3.2916194249046997,0.03920113270918664,1.0432327315941405
3.2592015632805196,0.039071395270711816,0.9984266683728266,3.217583799773598,0.03989525717751821,1.0085142591139056
3.2257553421326786,0.0392476802693914,1.023597244805173,3.2756097753332787,0.042251170451359066,1.0316302732947518
3.2986229771357016,0.039270490149930885,1.1096804259752024,3.2614063591505285,0.03931639054012313,1.076774891588959
3.264695456652854,0.0362831696768084,1.0226232438183473,3.1998318251105666,0.03875356508378771,1.0444354704250558
3.2669796636116946,0.03876401133583179,0.9898496411291181,3.3484270030233123,0.039103653148688605,0.9954253576427974
3.271549057084567,0.03983697349037265,0.980186606222467,3.2850971903414994,0.04269064900987942,0.9568787447062925
3.28578306058654,0.0393683384744322,1.0504683183080008,3.3309920201757923,0.04121627294465139,1.0400647426148188
3.214591154249719,0.03896924358430369,1.0457082157151787,3.181421467704504,0.039459183245957784,1.034222032759238
3.236309974752549,0.039156062231531584,1.010590485880629,3.2960649835462803,0.038222333325153374,1.0377733137325138
3.2149536983809175,0.037919138031838016,1.1263146279003953,3.173314469934241,0.039338986276439114,1.1358485323767769
3.254746095197136,0.04024033099373632,1.0314348213796145,3.2185301542679725,0.03935526979390922,1.0757435220107177
3.2543133498203725,0.036599860555975965,1.0472703246179986,3.303252194849649,0.03843526777428736,1.075665275429727
3.346393951619709,0.03922158022473388,1.0804201816559023,3.297134751725316,0.0383089402254014,1.0478181118708945
3.2477077804768766,0.040025197591481085,1.0405356333543254,3.257932469512567,0.038840245099693034,1.0255724823191172
3.3541655022586006,0.03928883714108399,1.0801496186899207,3.2714945192272,0.03850944996678656,1.08375295981434
3.258037689776556,0.0389369917586916,1.0390391025813293,3.2295698168832034,0.03723198029159683,1.0815966433692343
3.2352335691740675,0.041027168744681985,1.0497212762965709,3.2303873640966345,0.039216997580004284,0.9949031555865749
3.291465920048823,0.03692777621457412,1.0296470618149631,3.2579250223871763,0.038927124533005446,1.0411839544839443
3.3122510166344217,0.04124732030499006,1.0716280496388608,3.323421177098247,0.03905177551936639,1.060845929144447
3.2704891034845502,0.03925506458224037,1.0242164066277286,3.2890817823570924,0.04017515064727074,1.0928259752415503
3.232848265927424,0.039572578903341225,1.0360902807530563,3.2803407393597355,0.03995001538503496,1.0586215827901786
3.2923588086668016,0.03891729950772212,1.0534021389817265,3.282137213771303,0.03784112437515429,1.0293638971863812
3.317574514492012,0.03978570784078344,1.057037035128295,3.2924766311795843,0.04104332862324124,1.048242726264281
3.340709479715454,0.03838861100236639,1.0699876733028084,3.3229344665876126,0.03888611730533279,1.030935787950266
3.269710753771556,0.039690993925455526,1.047873855898983,3.2869753783139624,0.03866728990821088,1.0418396872548983
3.2014704591733407,0.03939358532653464,1.0280286273924713,3.2458261461438838,0.038331312148114256,1.0214152372330558
3.2545731621590943,0.04045345020588713,1.002057637896621,3.2833805332464845,0.04103716130871654,0.9839380458778401
3.2894035587585186,0.038201920773470406,1.0059799877128244,3.313186093456114,0.03923272118570334,0.9980999996499146
3.3167452802234476,0.03876165692628059,1.0251241423430626,3.3273505150200813,0.03789811954069,0.9975826240888852
3.282389573453426,0.039660982614169005,1.0078236628016013,3.304186400444458,0.03871287479221074,1.00418494006202
3.218953941250702,0.03983451257648896,1.108466544589665,3.2047675900520796,0.041581061536805096,1.0599115881135095
3.3225819206524525,0.03959676645104959,1.0569836081974966,3.3271641615239216,0.039396173859394215,1.0915980573856205
3.2941634269448206,0.04032202122452996,1.0667038539959353,3.3321851955742874,0.04081809887681635,1.0673595854365416
3.291070299358354,0.03874205165602059,0.9973027577676687,3.318157823802592,0.03885766661282006,1.0227559902830552
3.254608851427057,0.0417515675945816,1.0652783773646477,3.252489533028349,0.03981461250082417,1.066791443264878
3.2903874337983123,0.03890012007220062,1.0894799740259629,3.261917181683039,0.04041400476598801,1.0883457041765794
3.1773132510959403,0.04053039337889022,1.0310039045559565,3.164515675119499,0.04001283377478484,1.0116064075748956
3.2600422665289224,0.038093931115357575,1.0354223321431104,3.2447051258216844,0.03863979609352568,1.0070581507398335
3.2827598043557926,0.03888472539060859,1.0998863935025642,3.293493191090358,0.041076813612680764,1.0691249041535125
3.2330953080817166,0.03772330734607412,1.0397576562427544,3.2279599281116544,0.037166935354430615,1.066975715220152
3.1759246290467797,0.038196783434080804,1.0488404236401234,3.188948399191954,0.03759587800072351,1.0696765699000759
3.2368554141369335,0.03750291547716092,1.0232735271448066,3.2435710829377924,0.03699734941208229,1.0469307204958032
3.214122070529862,0.039246952596286785,1.0152483780500334,3.27708204018039,0.038559480698515385,1.0109603619397662
3.300990590640651,0.03840183532061299,1.0629024476353908,3.307832199541852,0.03770634058132161,1.0695585244294652
3.30442510589782,0.040627467948461164,1.0850914715450706,3.3181329699847812,0.040644911267639534,1.073016615848815
3.2144168738295615,0.03856714039117929,1.0091496601970613,3.1758550601611937,0.03997838066229667,1.0037391282654924
3.2792149834261615,0.038751246687443085,0.9854134839934469,3.2391552293040666,0.03813958963202437,0.9643673066092341
3.3154527486612206,0.0383041290105587,1.0020123862708255,3.262969018903549,0.03820146863800017,0.9985005358005945
3.210951175366279,0.037708712189828617,1.0654450204314798,3.252876041358673,0.03905586928689489,1.0767597824194692
3.249996865008909,0.04033512023955452,1.0190431796027728,3.218669324459169,0.04055918792235054,1.0032663576869496
3.2350452301344665,0.03924439975458848,1.0162042714532402,3.283081336006956,0.03796140448640634,1.0202690622134298
3.2472313592497404,0.03698373083088219,1.0912572774949836,3.2949913902032,0.038341884695852764,1.0864399063306325
3.2572443721800686,0.03903046566698747,1.0541980175549839,3.2616593479692324,0.04040131801262997,0.9983742318932862
3.296947286975302,0.03835525678185419,0.9995776378333839,3.31860838783346,0.03831996069924567,1.01521029791331
3.2372875902681324,0.0406592419873009,1.0681572320892248,3.2781139836656856,0.04005757451181442,1.0527768761574383
3.313663676163016,0.041486968806446485,1.0453309654938678,3.3179265841918695,0.03910076892925188,1.067942166861859
3.2986728771345226,0.038737309349936744,1.0486680466571896,3.292831728776555,0.03901797013280746,1.0403881373299877
3.2412080904706912,0.040429606892854186,1.0467701682118762,3.2175087247204277,0.03924346215289878,1.0392897688321212
3.265679299195099,0.040086983496004924,1.0461308394065607,3.230814132875244,0.04072124046613122,1.0839577712364465
3.241508448720786,0.04045507738834417,1.063769762257662,3.2566224596126907,0.038786270401119816,1.0882319233667812
3.2577369757362065,0.040343753433621544,1.0215726833776118,3.2847289373242057,0.038631590769418994,1.0661462066549214
3.3025645008881788,0.0399326128496339,1.00092219824593,3.3023841595531858,0.039877397685480064,1.0395014640875035
3.2292332480092782,0.03913293157905566,1.074516595905767,3.1922228233363152,0.03849297142469937,1.0605432743971617
3.2919431058658275,0.0386683187204681,1.0562428809472066,3.2869045045353293,0.04059186735432185,1.042360198969968
3.2713056998426677,0.03735350013365248,1.0932978415556074,3.2601610904418368,0.03848122724114268,1.1011944869906714
3.292101290564917,0.03829057401862464,0.9744075211077691,3.2415056631007335,0.03873791746687798,0.9878948788482087
3.3343153551683495,0.0383941524808223,1.0962510267952992,3.3428339820876722,0.03924708571331867,1.0732926410567927
3.3174034759638915,0.0373226769111147,1.0707405651852788,3.302633802252849,0.03672844497320684,1.0795521478586936
3.2073370597151847,0.03914386368847266,1.1297169269906242,3.232066350980568,0.03947800600272659,1.1429435358079654
3.3242558593093086,0.03923727794135281,1.0076861625060403,3.2402726926166125,0.03910921801977723,1.0300708695049627
3.2625068533277606,0.03869469998673453,1.0887078152176204,3.2078827051457575,0.03792844959756631,1.0334721967796672
3.2348777837581864,0.038220577241892935,1.036532732766141,3.299103596638018,0.039474131697877154,1.04923231266143
3.2420210945273804,0.04028159332561314,1.0365715263744328,3.2475740989697783,0.03989014114533753,1.0399363389692573
3.328566366889037,0.04035726874647916,1.0264251179692914,3.3386171451402933,0.040249030286504686,1.038138387114416
3.2918198729949544,0.04016151468882336,0.994843148575729,3.2680917313735987,0.038097465866810745,1.0164116224990973
3.2581007701511164,0.040186935410423875,1.015031636465404,3.260332372027038,0.04190858538708146,1.06769853588924
3.2293798412213754,0.03884864752849228,1.0056877394552173,3.2469712866178564,0.0389597474460411,1.017586143906388
3.373666209012604,0.039622726896317774,0.9880498048345938,3.348865571676401,0.039198038005839896,1.0273364272545271
3.2327617125404036,0.037832431005238275,1.0188632614465611,3.2611528141391193,0.03893562803626112,1.0290118721212247
3.187792329950303,0.038126877452095,1.0381043506398147,3.1873952416208517,0.038530342979349465,1.0644956998015076
3.3303529879897336,0.03687735942077139,1.0410633024867737,3.3145798539961864,0.03873828176368557,1.080820050583572
3.311119924343856,0.04022403265889791,1.0537641663061148,3.271208688822384,0.03813199337487517,1.0264458958270712
3.2281822439431966,0.03841456807873672,1.0376873864038065,3.218387366953799,0.03926776445683319,1.0216949302708846
3.3014300510828467,0.038032745071011564,0.9855951637660134,3.3369101196928095,0.039236524317331246,1.0395379112367549
3.2828161981880877,0.03990386970430476,1.0135063215358797,3.279825789596691,0.03946541072882652,1.0414724715029908
3.2468072246074753,0.038383643300929804,1.0505804987191572,3.2758941633217566,0.03904784741921945,1.0471096197521501
3.2805792961551314,0.03797384684844576,0.9942211103329991,3.2684844502878483,0.0391250773586951,1.028384333684428
3.239138077134039,0.039168177537302715,1.0142081154780347,3.277212689868188,0.03797783110878386,1.0277044488831883
3.2047551408863333,0.0393880569533661,1.0570570102606427,3.2607453996690157,0.038507966289902336,1.041336755654298
3.164941024874414,0.039225191990489704,0.9823006736548031,3.1996535108265878,0.03862006677596652,0.9813521202846064
3.336138620668213,0.0385523490911383,1.0370698227776791,3.3002394970048474,0.03734854649359436,1.0266154136270482
3.2821156032180823,0.03850573768134126,1.041623370642651,3.312562336032714,0.038119593414577456,1.0544159987041442
3.232108277438417,0.039741095627625844,1.0387960753935637,3.213670787265132,0.03831097933406157,1.0782137807000285
3.3057642883129104,0.040458197152024596,1.0438390285173227,3.322433479244924,0.038368620755027054,1.0622341243389015
3.2756017807606472,0.03802000697573459,1.0027905623097928,3.2610149818589473,0.03728541724093485,1.0044984361338984
3.307291187433503,0.03909860628957315,1.0075508795899768,3.3198391808456584,0.039260817751376055,1.002974694561339
3.277953287620727,0.03836473792069262,1.0719500094198822,3.2347835730266823,0.04038291441182093,1.037169338207212
3.2400514010874426,0.03992597204456244,1.0944102752372016,3.255861576604583,0.04103515557367043,1.116646862378715
3.3235699239723155,0.03827709907577637,1.028400152179248,3.318553970519302,0.039798200152571725,1.0645636474805262
3.2302382817379676,0.039603584891396766,1.0489584990557441,3.3025036011714626,0.037492428233308825,1.0558604009663146
3.32503886016319,0.040758562009017896,0.9870595930181202,3.3456375704436923,0.039168077930302164,1.00318330508628
3.2614155747538924,0.03711417968279923,1.02456506572788,3.222032959078277,0.03883419606864862,1.0298519547899567
3.2935077819562677,0.04057906670558724,1.029156570952202,3.2136142866597557,0.04120231978897215,1.0160161552291826
3.254300100867654,0.039676692073675655,1.0716577250191046,3.256070041334921,0.03939197296208528,1.0573977064923177
3.308228395767764,0.04072695334146173,1.0287442708788594,3.2659573261551373,0.03989422144451023,1.036731618917852
3.294559179497282,0.038673636174336654,0.9960640901696396,3.27276951942964,0.04042787000676127,1.0019068609257389
3.2690877809417938,0.0389570546366241,1.0540984682294638,3.2347004876269154,0.03837735761044693,1.0399195222198636
3.2541163385600376,0.03762595604888246,1.0432007536247414,3.2737235921136945,0.03896755778305542,1.0433917756861992
3.1845489454804845,0.0380492936731707,1.0855402433993486,3.1817157170795336,0.03816611388725132,1.0304830474059725
3.2980590580667464,0.04035669787216587,1.0416460161740242,3.281801858669819,0.03899157071458491,1.0139976302695801
3.328784855712458,0.037938246457698895,1.0622612034130574,3.344125684881711,0.03820172684221065,1.035789021454926
3.294945234782705,0.03889162105634183,1.0332203141353749,3.263776102928526,0.03773237058878417,1.0416041297577352
3.182384076374876,0.040970176296100176,1.0173121386639474,3.211864005452582,0.04012791934594431,1.0414196795600263
3.196308419302742,0.03829990648273882,1.0207029465405963,3.2296540993798852,0.040076054273431756,1.0690524324352473
3.1945350030348147,0.039667673391882506,1.0351793925863157,3.174760680231004,0.03772347321073895,1.0264734170396927
3.264147359473901,0.038288406312075744,1.0239205664775135,3.299464031610501,0.039607725620443616,1.0400191637008944
3.25511795970024,0.03944528727748971,0.9633740944925755,3.2500676283200565,0.04074801242205239,0.9572056346009353
3.2673546995879628,0.03880615000268457,1.0745993806435608,3.2781392858250458,0.03806120272113394,1.058916563976751
3.286774184006267,0.041286390843073915,1.010700622328154,3.2572008879373113,0.03904529528208171,1.0363308598916119
3.2346573545557735,0.03940530818433327,1.0505043904007179,3.199150262074972,0.03762335506800234,1.0557639013664935
3.3086858044462417,0.039790015492383785,1.0449334110006103,3.2713933646727615,0.040531045276901774,1.0579034006485086
3.3198802887306207,0.03864652507814947,1.0612522180107147,3.282315621372444,0.03850526061001526,1.0956402956812636
3.3504376327505,0.03916502727847687,1.0319206914983161,3.2610272083065004,0.03781399532609689,1.0071479879991199
3.2460213727899903,0.038362425332204214,1.0705666985477318,3.2568281914118447,0.04057185207683186,1.0499188242775932
3.313738566701262,0.03801481336694893,1.0506394663199852,3.2388035780584485,0.03910457901711933,1.021022493605605
3.266702726089752,0.039122655694548154,1.0497094491293466,3.2612794403574736,0.03768804947337991,1.0529303476702736
3.2886305430259206,0.03818285605749466,1.0838051269947897,3.2925735035317603,0.039731779969603156,1.1138304433281638
3.235836959373739,0.042240528928988344,0.9693842098119249,3.2334110661628874,0.04044170300015019,0.9791244960697845
3.3541738239796497,0.03961607094088453,0.9771210854823857,3.328416442168048,0.04056690359859568,1.0085713455731442
3.243983663660575,0.03758410655789898,1.062389105456984,3.2928447280872426,0.03875897875123741,1.0356393329903055
3.2759520692086257,0.039277926848080146,1.0996876689465604,3.2774499261709824,0.039236845117036755,1.0361152123840434
3.295248447636638,0.040203401968071345,0.9951849459864371,3.3249616461508498,0.03929904197258839,1.0090399807167565
3.2406565246531667,0.040425584091434145,1.0299120987067474,3.28913074977363,0.03880514465608409,1.0297949056262492
3.258934216598261,0.03900131891575392,1.0191970627402651,3.2666756992786103,0.03770377473436702,1.0217132824357689
3.2294582656955293,0.04036875506698916,1.0326904003889235,3.1954518227256004,0.04041884526544154,1.0524245965472219
3.2767393070430857,0.03892147909694449,1.0590242750448378,3.2550916716440637,0.04193280893774317,1.0179749814875263
3.2647789763564936,0.03975301703010681,1.0285565549976996,3.2073107753161185,0.0387745806838781,1.03965933172199
3.1830873224665917,0.04017996512187584,1.0651259806263682,3.2023289967202553,0.03874585250816371,1.0612339762818657
3.3121980040399195,0.03738450108458617,1.0039698107264123,3.333779215104118,0.039101731638034605,0.9818965609192318
3.2954821165940125,0.04323882179993314,1.0205078083447405,3.2407224072223753,0.04254259964404355,0.9980881743755577
3.27669563505605,0.03973049161560566,1.049759925507406,3.243138696199097,0.04038732574611111,1.0025044816967417
3.2067279219272895,0.03796651421992042,1.0401469099062202,3.2376918218857575,0.03894904432234634,1.0183123117476214
3.265078729692026,0.03768519411356387,1.0262592802340842,3.246908252363594,0.03776185926001159,1.0150435714927761
3.3223950300099108,0.04040036002592272,1.0827321440574516,3.334247407084212,0.03952357690880592,1.0821451457379854
3.271111533021173,0.040300100122796834,1.0111245312626305,3.249840749478087,0.03764027104110043,1.0176846351062192
3.2841724359281055,0.03940482601462838,1.0638372851621711,3.2432376867823045,0.039264383530243176,1.0288155450154879
3.2854541785165967,0.038227782980594954,1.06758218044596,3.310156878309584,0.039285073208378325,1.0300126589230103
3.275078525268245,0.04004058732476534,1.0378595153631043,3.3286256002670678,0.040483609609123686,1.0445078192494377
3.303810112001016,0.0408744404036166,1.0757674075332482,3.3292580349813856,0.040127958407575735,1.0242381311833075
3.179423496926587,0.03850673265357664,1.022137558821254,3.216795431508188,0.040765046415390076,1.0466999856864283
3.318555222910089,0.03926099315592407,1.0259923481167352,3.2749342826371968,0.03941913085110969,1.0256378386748792
3.218426083600941,0.03910879609803548,1.0305862985276308,3.233420619356159,0.03885584300328819,1.00641830413323
3.2954266537656856,0.036247145586622384,1.0258623007910361,3.283915298271014,0.03764783190226828,0.9843799171488432
3.2794138345661996,0.038045501084864125,1.0200605435372305,3.318976515625948,0.037944075333618925,1.015945384303628
3.3043058492685335,0.04043079099410783,1.0122575780229857,3.320950517824092,0.039676262660773634,1.0449048499787041
3.2716669046691194,0.040659137482937806,1.030839870399003,3.271435725733689,0.040456117594097105,1.0181477323326587
3.3012129652012505,0.03920917678646812,1.0293624705434208,3.2763403401297704,0.0390517320932415,1.0814671913139184
3.2952394862715875,0.036961842535549426,1.0124456821270533,3.29178066058817,0.038003854063842574,1.0158381105578287
3.334931831812196,0.04016017842784169,1.0578157668042303,3.3528962654652203,0.040458659731662405,1.0845278602786725
3.2557923006581166,0.03739274053801602,1.0204588145082718,3.307187081929225,0.03891670014444513,1.0301472919335293
3.3055016661736696,0.03914924017870754,1.0703622466502847,3.272790756069515,0.03786669701808495,1.0898055131467312
3.2616024660967096,0.03902744176390711,1.0654461360645036,3.2817409432516387,0.04158228718631814,1.0692728756735486
3.2965097526173923,0.03789457882866813,1.0312925461070828,3.3327150270406025,0.03842486183475518,1.0303124895190685
3.315269955285532,0.038752898487320234,1.0644441474329571,3.2725220560618844,0.04003755547359759,1.0414535089032713
3.226953951527741,0.04085363933539903,1.0357587289583863,3.2454892677027187,0.03912584210915562,1.056117554504771
3.277577480183536,0.039671675266244606,1.0354187231921164,3.2827339687448864,0.04007730925715024,0.9844137985506084
3.260493211578871,0.03891232336467242,1.0414121934572693,3.3045912208957744,0.036932624261623,1.0301340745205048
3.223423341627521,0.03966097840678535,1.045098469125843,3.2299398221772853,0.03864013075907825,1.024532783951387
3.228360272102109,0.0394565228066665,1.0239106263920645,3.283602047328561,0.04058917919302783,0.9879560943718217
3.300991832908789,0.03949003577573631,1.019149609747111,3.263873817940619,0.039707665654858386,1.004985087477751
3.1982566650014275,0.03821006466549567,0.9901934608129098,3.250815453113774,0.037326546634455955,1.0354841124740497
3.251578571022088,0.03978066550868051,1.0222192032368074,3.2232503949393787,0.03947631869128081,1.0570121118252693
3.2350905015323286,0.03927544603463846,1.0323073113483054,3.2685765468729517,0.03784809773912092,0.9723406592423902
3.2969630526245206,0.03877981903669931,1.0538848665838838,3.2690434449464014,0.0386467137140971,1.0446014964499468
3.326867578258087,0.0425402059219225,1.067732275960339,3.259990485526732,0.039515875169691815,1.0148024297925016
3.28874507366294,0.0374115227164039,1.0528819285741484,3.2373734717483833,0.038619137232498886,1.0410648747494335
3.2320570499918566,0.04023421161371585,1.0118373413309905,3.242294292264951,0.03946586438778308,1.0571282701856664
3.2659454227090876,0.039247208450731465,1.077438804454294,3.2662144426770863,0.03949025792562842,1.0792367400904392
3.3281565172519163,0.038628330313375266,1.0201378293669945,3.3095165183039,0.03773995558700077,1.0424860745662212
3.30549307173194,0.037228524435378565,1.0058583903226828,3.272049500647288,0.037572793829418256,1.0120367512618726
3.278186651394841,0.03909750374349127,1.0299701218105064,3.254737780617324,0.04018967360924709,1.0758837625345423
3.32335116656656,0.039824094405731036,1.0170288343883114,3.313710093958143,0.03744181595938006,1.0336426785212722
3.3040409612844663,0.038468106620706266,1.0775382184446676,3.2993888065768178,0.03931421399827176,1.1059191468018423
3.2945570318759727,0.03808829186446641,1.0435612057870203,3.2437645423591026,0.03827565818689603,1.0140200007984708
3.22735870940247,0.03867209006347919,1.0759230899381618,3.2501147966018986,0.037313061071803294,1.0451897973850344
3.321786664016963,0.0356997167842463,1.0521107806868493,3.2508656041093076,0.037480169825666584,1.04942693278709
3.320444413513242,0.03950274920296811,1.031491366229191,3.337179215453319,0.038582486413040566,1.0097581683349581
3.29658015425128,0.03822814133649053,1.0625135612325052,3.290671943519624,0.03789258957533307,1.0226364354173973
3.3035126637376924,0.039581363709449764,1.0460004105983507,3.3322395041461084,0.03827915873885438,1.0652308526775152
3.169142861792309,0.03791441022581415,1.0577840908223353,3.2116836477599047,0.03926986290451723,1.0263092296742764
3.2502894863042013,0.04029834821798916,1.0496333066319563,3.2470274069159455,0.04084832697340457,1.0982791012423425
3.323240260266491,0.039760565527390775,1.074986093506341,3.330484114108896,0.03872595091922628,1.0671204365655274
3.359650467676164,0.03700644593183519,0.9944441489321135,3.316595705866638,0.037185947647655385,0.9826269915743662
3.1920263621005818,0.03848627095136943,1.0330162277118626,3.207254484195393,0.03728815512355561,1.0236315313050046
3.2825404226777466,0.03794397931601219,1.0110264134246907,3.3200187919191433,0.03799582463185712,0.9954216932178446
3.252469285687194,0.03866892080717472,1.0612926422291307,3.2662289311353745,0.038207469961689736,1.0571648111535628
3.3245540102538538,0.04160172796486239,1.0850954544102194,3.3274087411821327,0.04040252182501515,1.0531395113139623
3.2700869436813242,0.039422077804225485,1.0422490855250144,3.267352569056444,0.04319177389703604,1.077576880997162
3.2390940842320437,0.0387337100820342,1.0297850324791789,3.242539835936326,0.040918143158813806,1.0368821031482425
3.218046392629764,0.03955289657971247,1.0674613750784367,3.226782107769094,0.0384675823114155,1.0663068804585578
3.259666489473222,0.04043802721178085,1.0404215626789721,3.2841363789488622,0.042067444902175316,1.0482754456433367
3.2750385654335354,0.04065860800546616,0.998049306205246,3.284918432728863,0.03986985543566434,1.0038686258276208
3.2479518218499637,0.0371654545085405,1.132228157417338,3.3148114755757563,0.038015544233317586,1.1351741010728562
3.2249534993147138,0.0405728622317156,1.0338558696880302,3.2351357192763297,0.03997528533236896,1.052379937004145
3.283076513801155,0.039661365427190794,1.025379412061741,3.3075314914085725,0.03914033326403658,1.0863633425028272
3.257356388576288,0.042083766909168235,1.0060947953786492,3.325722511989532,0.0422113184688463,1.0307952171323078
3.321979967345842,0.038075841691193116,0.9961421229919128,3.3542652408461575,0.03912927006301305,1.0355104156234667
3.255796560474912,0.040910327186254945,1.0003615569585131,3.3189093590542664,0.03896530455277594,1.0007761899473853
3.2702419933298925,0.037851440194505294,1.023845718097191,3.227412380186213,0.037840232220012184,1.0308680985202834
3.23831274402979,0.04013424345482029,1.0219106097577326,3.247514480445157,0.042815996633908074,1.0102877817166553
3.2210851945095125,0.039030528631039174,1.0364761519402488,3.1843564766094756,0.0390401729384911,1.0511872244836777
3.291687144757086,0.04056549753299522,1.0080766117324313,3.245374745295747,0.04091058549842684,1.0108247382031061
3.2748608267421586,0.039195977072848276,1.0375899730594698,3.252896506524306,0.03770800121544299,1.045424558650004
3.3398765477312473,0.04051841155110702,1.0539917078051453,3.3124186855011475,0.041290320551103744,1.0271735737773362
3.3044495270706125,0.03847628008920406,1.0637008323220494,3.2818858816220144,0.03731749590103248,1.0639047267076718
3.280048187593471,0.03796643415755198,1.0685550710582892,3.235164867797671,0.03885667062112336,1.0879186158696497
3.218494412810466,0.04057076438035523,1.0200195815339823,3.2350764104751235,0.04031845115672977,1.0034264085154818
3.333723569156897,0.041154543875835024,1.0402386592985429,3.3022445343299944,0.03999679467598659,1.0032161673186644
3.2269602984526933,0.03944931332711362,1.0602527728597515,3.2355859539132017,0.039906152072058255,1.0603846434450057
3.3187302416585207,0.0397999356019433,1.0044962478001718,3.3202916262055835,0.03854364091675608,0.9893768714288058
3.2487378036371783,0.03897304195399669,1.0681751280323473,3.2734134300802,0.04049603418578719,1.0336649556476356
3.3104346402766653,0.03913759623117101,1.052090392467896,3.2995605709706926,0.038097691036811016,1.045569919389987
3.2404683461955885,0.038365117637105185,1.057418680571019,3.2414518775927132,0.03778817082661341,1.0562846257976806
3.260992643248958,0.039033499445409646,1.0271497503345914,3.2691024658356143,0.04003675276393633,1.0868982440204713
3.2825413507082373,0.0403148201599738,1.0494006090263455,3.291560592163138,0.039974703241746096,1.0493837103597643
3.2172155006255423,0.04045572158472653,1.0451049380316284,3.191663874049873,0.04058324611894879,1.0193527480903493
3.232013598273068,0.04034528080846021,1.0762519439163936,3.2525477280455886,0.0396764306649837,1.015233320284096
3.2040487649931597,0.03824119173925508,1.0377082675750864,3.2445136010395688,0.03967957859256926,1.0263151893390319
3.2818491100764695,0.03886181400576243,1.0245921613537825,3.2459669969928027,0.04175160464858558,1.0137955008429844
3.2721716717985836,0.04130356756734644,1.0323850450357372,3.2912246381853567,0.03991912465851412,1.0261439277225664
3.2708816702896715,0.037625522801401294,1.0439823266411907,3.245322642425432,0.03871824264420198,1.027332418836829
3.2076011762342134,0.03880830519985073,1.035159597181279,3.214235259758282,0.038633687046996094,1.051312431011931
3.232774471079639,0.04038228860980348,1.0325177497461908,3.242592713594494,0.04131091540744801,1.0070649092761594
3.216433971401487,0.03733216712717829,0.9789872456724221,3.227396843794125,0.039107877737320856,1.0062072354702323
3.291156926517272,0.03797256723896412,1.0710766562286547,3.2927508404212436,0.03804244598183164,1.0786220617762468
3.3162899865914173,0.039119050874501224,1.0677877177107835,3.2891799613976787,0.038929725019538564,1.0623090349898177
3.2688447133578022,0.039699402556943306,1.0280383222792648,3.2595175640253427,0.03820709373805435,0.9980808928441802
3.3032514382219693,0.038115891208218254,1.0018463596082718,3.303898950975447,0.0405914279192073,1.001050344313817
3.3182148778030487,0.037980894135473384,0.986146312824015,3.2894834015570313,0.039013685362197736,1.0131953525054536
3.3090322249874458,0.03887924319129081,1.1045129468209298,3.2530281506199157,0.03882788783548892,1.1354922492353843
3.279000681362632,0.040179652808753366,1.0286205186253778,3.2617622492741534,0.04076377773402731,0.988857910478022
3.2468472268906456,0.039882671695557294,1.0017169694866235,3.2367411277283153,0.03888621983634853,1.0035427566117823
3.2505441351891426,0.03985454938372518,1.0665151779451585,3.2986926307380364,0.04145294819833899,1.052318293120263
3.2253546202461463,0.0394290453980199,1.0199700194484582,3.2523438672821605,0.038345072231204994,1.0423317817414364
3.3453275555516875,0.03752902426532322,1.0392186964082053,3.3095486395820113,0.03717284973981222,1.02704580429518
3.2954929730818403,0.038949167993262264,0.9891103646996273,3.2612557001270797,0.03988575118572471,1.0613739035267693
3.243594774607945,0.03995286057126446,1.034071287832504,3.2056770819404536,0.038816459591320636,1.034770142783527
3.2113808174530805,0.03849924000821326,0.9828858503277834,3.273461374773127,0.0371199327315605,1.002171966999773
3.3435840717326175,0.04112247462058847,1.0470040767212119,3.3102378016360277,0.038750037006722075,1.0485637146126718
3.2616521388018818,0.040380056930532156,1.0048358474952206,3.340043495326903,0.03882341872485701,1.0210430969415885
3.323696145402878,0.03859401799515806,1.0826943662663775,3.282496216030441,0.040838184695033634,1.0788501864142348
3.317858796772306,0.039823587432799824,1.04995970453733,3.345305449390396,0.03879722852757099,1.0420421314799289
3.2256734493087524,0.03722460397321013,1.0468033440905213,3.242013185211566,0.03883562621760372,1.0650393743696136
3.2353186420660944,0.04122897724183721,1.0006453166753317,3.178815981665363,0.04117247399806494,1.0026854492159827
3.2152632371407686,0.03988240935963748,1.0359276340586023,3.207409912546144,0.038751260712033275,1.031019618332841
3.3252191207460315,0.04003792611916211,1.0587255074856636,3.2941854614611374,0.03742666008034907,1.0783840800673765
3.2728178296557946,0.03798262594376294,1.0137757268469825,3.2148424151844988,0.03819344788227781,1.0096246772122381
3.2585637842251525,0.039120763264188584,1.0069936410578137,3.274222054981921,0.03851117288720781,1.0069197105311203
3.255008319190445,0.03868253740199506,0.9732431537201469,3.2543203353454793,0.03756144518720251,0.9790938906115759
3.310305720890262,0.0382346008718626,1.0252196375542018,3.2228632033076883,0.038994905639431705,1.0029241977957417
3.3483663486642636,0.04138157083697961,1.059721609616573,3.3136808271245024,0.03913408508709484,1.0340202894580415
3.2439052158514876,0.03907762194640608,1.0658811153467769,3.2676903464113862,0.04027595495224056,1.054726552213735
3.238159230466325,0.03945049579455396,1.0529546507881558,3.2312000269566816,0.04013380571897662,1.0591040908497078
3.3067518713863637,0.039315952969826595,1.0114210143711864,3.288182797701614,0.038599172318241046,0.9993952163033457
3.318962333778504,0.039983915944035046,1.0071035707970146,3.2799282757949135,0.04063464355205659,0.9940843208199547
3.246639198066752,0.03988444003676358,1.0485507022305487,3.2934770433691782,0.04032091660015005,1.037814914233889
3.2789057257204206,0.04035561278379096,1.016006363058349,3.2793456542267836,0.03923705993867635,1.0353038692684038
3.230459137532275,0.03836190672839684,1.0531868701760438,3.2593621333944576,0.03908010836462182,1.0454744874282016
3.249835281350692,0.03846504908444386,1.1085742744267164,3.2399130792225597,0.03783303031679103,1.0901787650139436
3.2460806444917876,0.03835008133193057,1.0823939395667328,3.250947640341967,0.04013216778762483,1.0792150633868065
3.292733478067578,0.03815749637228604,1.0056057776460676,3.264548618080521,0.03866097919971533,0.9787633537329424
3.3248361002395863,0.03850830804053013,0.9831273002260656,3.2881791933470197,0.037740871589136166,0.9999147989607139
3.3306752082452373,0.040211940906462774,0.985204235152397,3.2583212916246924,0.039902782371998236,0.9796500659198722
3.2745835249902253,0.038328336288863264,1.0559431580617533,3.2418188344515704,0.03678669189657666,1.0203104702348247
3.2528138405857088,0.03679062500226877,1.0910354468207362,3.252419551993488,0.03912721177807235,1.0139056517212404
3.223028557993971,0.04171681595363206,1.0767499370933824,3.1741952025437183,0.0399357011556806,1.0507853956327218
3.254666828641414,0.0393464445607617,0.9961134420450426,3.1929838544098645,0.03886395229542334,1.0315351523766665
3.214194663307172,0.03808954441702867,0.9875256079211694,3.2070106339606586,0.03686213264453854,1.0015547887525873
3.2755496137420606,0.03689711071625979,1.0567197060144784,3.2637799992295586,0.03843079851761973,1.0461376531942737
3.364015261937321,0.03926405397493107,1.0637991438837784,3.3001848090373227,0.03755588381816613,1.0589410474395944
3.3064082646107518,0.03941715311351694,0.9892485776461842,3.3166532827723145,0.03810750516476269,1.019525494747453
3.2145251320458357,0.04246285856955551,1.0775573739976925,3.2365499546026864,0.04031779214690001,1.0537395836750596
3.23117604580599,0.03871819086661687,1.0369279091568697,3.256531980137589,0.03933132740808439,1.039898248658128
3.258836303518104,0.038059111741581594,1.0221945593551376,3.2730603483493863,0.03923021294407158,1.001227191441579
3.3323354185898366,0.04135003283626758,1.0143898624536343,3.334750188574084,0.04074041600064096,1.0218699214724807
3.1930516730728216,0.039501082706340604,1.0469512038609767,3.226161866859587,0.038503350510375,1.0619256809731212
3.1660482825808085,0.03769547231788551,1.0085474462194042,3.184198873369926,0.04168303494053353,1.032980020843748
3.3027515057694026,0.041456543076451476,1.0268844767803804,3.2522267970449827,0.0414073067756869,1.0649684646334894
3.2340668805173385,0.038340605888932316,1.018769855453383,3.1884238534271674,0.03786000250007621,1.0572095901154819
3.30823236094407,0.04084215935568139,1.087186001581082,3.3208855739087,0.039887251394428114,1.0803554904968904
3.1945508482269833,0.039994198020089536,0.9595522094042062,3.1953668481592374,0.04009367002674701,0.9878098054766421
3.2550807616216515,0.03823118334177646,1.0685152889441065,3.2858211820029486,0.03875934180066802,1.0452280732289934
3.235228508203736,0.03735948831661814,0.9585540022041641,3.2772238095301183,0.039160878048226336,0.9680464724327027
3.208924746892446,0.038284461168308484,1.0256358883717087,3.2356995303286604,0.03802281841416854,1.0375551805879795
3.2091711980608237,0.03890761289257349,1.1138529169350155,3.21603464744431,0.038168737103334086,1.0971217314005337
3.3251740664801406,0.037859411826585594,1.0709473284425606,3.2710803087460376,0.03928340998114822,1.0758887585835124
3.2572348654733285,0.03915632429791396,1.038669962609204,3.263104374426127,0.03762376112895871,1.022538270942985
3.2301509750413593,0.03851472903115414,1.0191484889639721,3.2331463889549497,0.037803680185136385,0.9866288153702069
3.2159977812852487,0.03793657820574107,1.0553966146442118,3.2441800531945395,0.03761685169481872,1.0622296670564217
3.375294600857889,0.038930661770633875,1.004202499791115,3.3306756670572075,0.03747011180943051,0.9990373671201636
3.372408672960973,0.03967528036201305,1.053124467179831,3.3639771833381844,0.041241354963170974,1.0458847738270813
3.2325505824282272,0.03855772567266126,1.0139292332115637,3.17571101953883,0.03989949690182878,1.028279518447462
3.3292383913638903,0.040991883185095127,1.0722812391014913,3.3359431918676905,0.04183655325961812,1.0378451048774577
3.2912982756281153,0.03945231407435322,1.0483520934252042,3.2850440071098204,0.03825686372412859,1.0464949617612593
3.243879384922983,0.0415353440437422,1.076806398746518,3.1890641660043277,0.03986679001373386,1.046208303541382
3.2831262960055505,0.03891514636809849,0.9866914452152332,3.2303931581844942,0.03840449853536523,1.0105037220722672
3.2494493602722594,0.03774082922157387,1.012565857398114,3.2493249231179484,0.03991629121088163,0.9944477394156456
3.2897970260139098,0.040741680888865046,1.037518724418712,3.3441683919746787,0.03937763175138552,1.0570585715313874
3.2162161679029446,0.03978490023100718,0.9874662915247417,3.2356237966943424,0.03924234316386853,1.002898321364776
3.3238671337568793,0.03844092297188912,1.0875131750667102,3.3086453066022714,0.039014069344901106,1.0764232225508694
3.3042800612694885,0.038063801208284974,1.0889503210620177,3.332052961604022,0.03961693735440084,1.0730057167568603
3.220646216210158,0.03937739850861455,1.0369394327439858,3.2075340361964213,0.04011089957419416,1.0390053937614447
3.2551691976048382,0.03849943795919015,1.0700833922760438,3.301662350471305,0.04088794817270314,1.0790239091420313
3.198174392978829,0.036892076608467154,1.1134256853184514,3.1940850946982406,0.037788375012323676,1.0981505219080916
3.238507042631126,0.03934875511183717,1.0676888704080578,3.241166246563162,0.03765577243353314,1.0383530012141398
3.247100512294986,0.037355816367438864,1.0361225396050975,3.222857591108257,0.04191244528430403,1.0523876750661414
3.218365738383505,0.03986906237453103,1.0450794613463337,3.2836307303733103,0.03863158630999539,1.0476689148360532
3.286429069365516,0.03889692814199387,1.0876456593907025,3.306170324832491,0.04014054587827393,1.0460458508259014
3.2403556367261506,0.038635844319008524,1.035650573590314,3.2233662127155296,0.04012358797135645,1.0247891959669453
3.246103191513707,0.03892612368537101,1.022516222831455,3.288281178684298,0.037542639451904294,1.0290204483633636
3.3033171990045607,0.038973128180245155,1.0159631780123055,3.3301464300724377,0.03778278779675274,0.9803702763319131
3.216750884558653,0.04082135853508238,1.0270413240201448,3.227130367670679,0.03945111299931886,1.0278367589378437
3.2820500943367295,0.039887185132510654,1.036654626972654,3.31610496742978,0.038044452990564165,1.0508936611993853
3.2493054674537536,0.040435909966592916,1.0393898629900498,3.307143006924965,0.04011923397562115,1.0581145786680792
3.3552138242758907,0.04046455425275483,1.1136532185789292,3.3329728705087587,0.0390626867696644,1.0408139553021418
3.3308601924968624,0.039641742894021774,1.060524780040808,3.3760646350415233,0.03880669253874004,1.0239642151376123
3.270565456079018,0.039566152527734,1.0551187280857364,3.2745024492097876,0.040272877988627394,1.0464584516407571
3.281304571050819,0.03932518357450437,1.026600565999855,3.254505543870631,0.03873286604394353,1.0538893280230017
3.282270450631217,0.03950591340726572,1.0334326538487408,3.2854324433965982,0.03805928429700145,1.0231796641954387
3.2224170864881194,0.03732867546076376,1.0430576506283022,3.2827120708548505,0.03867731439992285,1.092874216429803
3.2648331609609933,0.038031624999635485,1.0444623249273688,3.2949083679313893,0.03691414949346592,1.0603219856404238
3.282019255572943,0.03896533435263874,1.0467334930849002,3.265626085808708,0.039509068949155346,1.0430138437226768
3.267958068856282,0.03992916142567476,1.0860728019948824,3.297723807266795,0.0391809792789877,1.0751251251955594
3.2920231628661414,0.04058229822870561,1.013965976525106,3.3383291779512363,0.03910464670251425,1.0234047589625186
3.2788287586901825,0.0391914436487649,1.0189122417998475,3.267335852077728,0.038150438287277655,1.0385393204762443
3.2651689119114224,0.039783881823528065,1.04800976059759,3.2835982187309076,0.038915109205886186,1.0444682169690278
3.2441598896192536,0.03871861992787085,1.0236080288376401,3.1859751081512133,0.03886313941552456,1.0134252825230634
3.2976785390042305,0.039588113869733516,1.017760184686905,3.270814116117331,0.038832408860423905,0.9920870355615289
3.219638730746698,0.038608483046290894,1.0250037557363596,3.265289071350269,0.03724319981261157,1.014959677305799
3.1786377175597758,0.03856993268212218,1.0491069972899303,3.2316995370012638,0.039807157564108867,1.0651688989350523
3.267902303083246,0.04132189935136543,1.0982371969429547,3.2584774180011626,0.04162867694891557,1.058627425504585
3.2970571547132255,0.0403140165649451,1.088558746580226,3.263194328119164,0.038307651276188556,1.0621329624460585
3.22267866887167,0.039298964625301844,1.0128743891428784,3.321909041339724,0.04018635060627529,1.0371436856083203
3.2739998193988216,0.03956576011365566,1.1061754757590625,3.2284692806913515,0.03996881334103096,1.0289285554286158
3.2952002208538462,0.039486099567678595,1.0551041452661012,3.30102352375451,0.03899659142150053,1.0862880284228156
3.2006144752593397,0.03805426533461592,1.035742958476531,3.268520964156475,0.04146620689069854,1.0175388328530055
3.2786847267804378,0.03807595860753002,1.04703559626788,3.293825910805081,0.04025050280121161,1.0201769155537677
3.2262992062828215,0.04029216704732816,1.0073313094634164,3.2865341770904375,0.040075754195101676,1.0129260318118607
3.1897128754653403,0.038601321165830565,1.0991450819596076,3.270161809946125,0.03956676122827696,1.0864834588842534
3.245604070282908,0.038562272303149785,1.0251014176169078,3.2794592015363753,0.03728198768876555,1.022377320758869
3.2673413983367574,0.03925606760119359,1.0465084851377866,3.2801327444352935,0.040091844936025654,1.0796915687340387
3.257116755760776,0.03861923014219406,1.0192811196858842,3.2619013715306306,0.04050003188226579,1.0522104801820038
3.335995732363817,0.03764160356380259,1.0425743522055237,3.348553227531056,0.036457858811986564,1.0479165384867886
3.2727431414363104,0.03955065970583369,1.0169343359518155,3.2587207240145593,0.041155394475343506,1.0254985389208315
3.1513217635088955,0.04246828732562164,1.0358307389662296,3.201822625296994,0.041923740460792225,1.0534444111014287
3.263837278419199,0.041287798871668585,1.0886274166562886,3.231540394290205,0.04062992590734202,1.0762054716544498
3.235788357030371,0.03998345605761866,1.0540083287224378,3.2327727801959667,0.03915355633274774,1.035574053070477
3.256804677711591,0.03808047531155163,1.0229078281561599,3.262047402141155,0.039098601915599565,1.0139967773076688
3.330252657467555,0.03964589356271035,1.0347975979250934,3.316430408852844,0.039820168297344236,1.0361501954057082
3.262138458030728,0.04156363584388684,1.007438917333579,3.2344142523531656,0.03973147560807109,1.0288124331863535
3.220650241133767,0.03907435274362855,1.0164176760523573,3.2522894610279405,0.04044930211810127,1.0430844110440787
3.234453951583752,0.039038957120003735,1.081012997036268,3.2684538089084896,0.03814714402073918,1.1074021981082487
3.2340033575819804,0.039641031316655494,1.0257882220748133,3.181305294602475,0.038588544871456645,1.0338685095180373
3.226197755572518,0.038052937053413866,1.0281633259395708,3.229957986002109,0.04010666281454288,1.022269404666837
3.230689398385514,0.0408791021134358,1.012466001206301,3.2505305030600375,0.041734107428808544,1.0560424553972683
3.260743413090332,0.038544272753597446,1.0581112609580408,3.250152778811218,0.038617721060628565,1.024395392367002
3.263543281187806,0.04069428504939099,1.0349459440465467,3.272231062026731,0.040682517912144396,1.0039286851966327
3.2937673306298945,0.039522958918221995,1.0634839661655384,3.3037789483332247,0.03908365688855774,1.035521404965783
3.2796964083588174,0.03963945411593966,0.9989655358466754,3.257334083257179,0.040007573503155494,0.9901163677348797
3.3258502611578447,0.03937862769753146,1.0464634811698836,3.3570915204054756,0.0385193740349088,1.025426303608439
3.1918676623142255,0.040676459102630805,1.068023382927556,3.2444411462420666,0.04072991339215586,1.0713806749036543
3.3329934233918315,0.04044209917230765,1.0386679080312713,3.2903628776194136,0.03910155165429764,1.0095336576491556
3.212162922202411,0.03895895114089381,1.0278601413278594,3.2722286469334794,0.0409124012701922,1.0545455238489156
3.2725035180242017,0.03850339586062254,1.0364697199870663,3.3329441961963537,0.03981535337468158,1.049224810004747
3.2924849177688658,0.039816425216106524,1.0378779918293306,3.225323788745592,0.039350643700490386,1.0335960790278247
3.35035382884129,0.03847784698658509,1.020037886265574,3.3201287454331005,0.03983054476511971,1.0123301112168348
3.284488722049065,0.03892588677419333,1.0928250408528135,3.2787184369141693,0.03977191386666658,1.0665967289118135
3.2998099535159082,0.0383011692487806,0.9932639488401905,3.2844598836308174,0.03870054988330823,0.9870022884435282
3.2676077521252953,0.03952707812557234,1.0436072025132233,3.221027521590171,0.037905762442106805,1.0956701203503498
3.2894860012817815,0.037781687632374744,1.0050528639197274,3.2796149655203823,0.039393726873978005,1.0116086579271408
3.2673027139668616,0.03962935854476206,0.9939289595012542,3.3091747965279446,0.0394614048482504,1.0366823758758077
3.2691336386779186,0.0379043925612587,1.0224413631938836,3.2736877108391695,0.038694824011508,1.0431405971757928
3.2624409498754168,0.03926992410822405,1.066633079647342,3.270474673827169,0.03808857959776434,1.0661113004676237
3.2198881187370505,0.038992852106936385,0.9707690446678294,3.2473214450446237,0.0409657074693643,0.990960554979312
3.2673212504122455,0.03800723703240967,1.0469866923045479,3.2355540293971843,0.03741399146380546,1.0974673739831171
3.233970172384127,0.03893776602121743,0.991212664385068,3.2906029277144278,0.0392647632035905,1.0388075838671158
3.331570243250621,0.038489616280243805,1.089177565165523,3.3181589724316134,0.03729877333659912,1.0485445378109288
3.2405908881958747,0.04037613766538859,1.0563425093567067,3.3114005729527984,0.04024046180773167,1.044614557566075
3.294312720143378,0.03886812099467036,1.0528906710911285,3.269189862121902,0.03838850613547331,1.0691786975545876
3.2463830498633635,0.03700433205173137,0.9982664687904257,3.245186433191175,0.038978824622320815,1.0049644032921095
3.2620623743350796,0.04034084151108131,1.0416687360491128,3.2861035941366397,0.039464799308248165,0.9904459098416246
3.2662942173090137,0.039972764802598974,1.0238187035642545,3.2458342143398746,0.038691886042036765,0.9991856144144838
3.195562747966753,0.039054823795992004,1.0505102463036864,3.1807376886615475,0.03856627069124658,1.0690681354340683
3.288353046887849,0.038006959371989155,1.0397482351670813,3.3498254069516014,0.038059144377143105,1.0471509593782555
3.297858061405789,0.037640407376790426,1.0354042716029577,3.3180706652731584,0.03919996812754829,1.02535179668814
3.226290560691337,0.03942125253859881,1.0542068434293932,3.2673026921150243,0.039030001384589716,1.032173741795598
3.2183071303123887,0.03676239152674776,1.0377677773014886,3.2282661431588826,0.038130142164175276,1.0157897228952943
3.2792789834573792,0.04094365448589022,1.0010481738698371,3.307687712179154,0.03922787499559628,0.9942619896050772
3.3160451652932754,0.03946774319215819,1.0582230563249686,3.2874584645174916,0.039375609760412295,1.0371164821222367
3.337185026544942,0.04130007630784685,1.0315595330163825,3.304609624254941,0.039760389263264785,1.054249793358839
3.238244830604047,0.03673666960565429,1.0829670007625614,3.2812581577207744,0.03882806271860662,1.0896386603490102
3.2766221494752,0.038960742283230446,1.089809244259356,3.275951670284119,0.039781930494807875,1.0870002641754115
3.242013736442875,0.03819201636867441,1.0329342680738511,3.2930130271543,0.039529965256485305,1.0386492246024284
3.279337525845509,0.03972468438475636,1.0260977427235831,3.265701121431263,0.03827223553082847,1.0577475021127885
3.300010426415975,0.03967065974902271,1.0839564223978935,3.2815643995207724,0.04099429400147112,1.1028855153948818
3.3208398398843,0.040516764361880654,1.046621636182234,3.3176956896632106,0.03903478836418502,1.0570845574616474
3.230371123357885,0.037310188661250944,1.0278968077252486,3.2877449727672654,0.03777286846510911,1.0451393768260842
3.3103532133012936,0.03785837794691304,1.0406230790288535,3.2846049013937657,0.038982642588649065,1.0414083721873124
3.2520984613904664,0.0379224699005679,1.0214509454529201,3.228749303474859,0.03951448544617196,1.0638473069794228
3.262112381605511,0.038298468821967635,1.0464172488499766,3.230072770312859,0.03850353346866975,1.0361180481865486
3.260000770969531,0.03802966994879628,0.9939073272329516,3.230875000689904,0.03696646832466531,1.0100627721483368
3.174457848693585,0.039909909807568054,0.9727668061187013,3.211791040362741,0.038641013130449604,0.9594401885923041
3.209951141228677,0.03814096385795658,1.0145456434069038,3.1854864532943874,0.039030612586572914,1.0110081440627483
3.278204121949335,0.03760621714867271,1.0559185140609961,3.2641187225278663,0.03919977569606798,1.0520895336727982
3.2228370950802043,0.039208237952228386,1.01284915705491,3.2178161436150994,0.03992557906547272,1.0046926058758345
3.1914422445249406,0.04050394270066605,1.019479410696315,3.2511536591247543,0.03956433284083937,0.9586476827770911
3.2842969821385606,0.03795476577034239,1.006911726219303,3.2268564411557863,0.0360905293214551,1.020315755918956
3.2874386120094665,0.039990082185171714,1.0136713897949914,3.2332207689694425,0.03861171424624864,1.0387032068379154
3.2793842428462705,0.039031367728690806,1.0593177854098257,3.273970288545872,0.03739065620295767,1.074741754117492
3.2563801949983895,0.03723454846437847,1.043046870316066,3.2222551848065444,0.037812553195361955,0.9771059518729283
3.2105950147738773,0.03833806724636911,1.040779076016951,3.2605054062543433,0.041055978271123436,1.0616549075275836
3.2103731344650943,0.040432018411160765,1.0723312979331923,3.2212359678735814,0.039055029528688695,1.0699204838238463
3.2126707784679196,0.03776114180138454,0.9976249660817862,3.2624468875451775,0.03912396345254547,1.0121745256178813
3.2847464843477314,0.03902701237027883,1.05969099084775,3.2628931991561667,0.039307139216462526,1.0255732839827267
3.251134757312299,0.040732355852441594,1.0158001329541388,3.274191676427338,0.040210881288410986,1.0039012568160264
3.279962530557951,0.03820214369834126,1.0429896687472355,3.2617053690075024,0.037926545804740384,1.0394055020110382
3.246798904193739,0.03944739574291166,1.092889145704298,3.191185702372183,0.042258076897552066,1.1331335137546341
3.3124361538320026,0.039082874028989203,1.078388952733114,3.262346195057819,0.039755915061817346,1.0198466144056695
3.266397360642001,0.039245596266502876,1.0431912819117282,3.2374997105715253,0.039338395250525605,1.0309172220103688
3.2730416051211857,0.03832430195932512,1.0249753064263385,3.258419303550444,0.03731312859465538,1.0413578098183836
3.2924768859769307,0.03967102134970933,1.0721585983981063,3.320990072279216,0.037738430199675134,1.0667912341191388
3.319177781623437,0.03702310581151613,1.0424528895077172,3.296654745493561,0.037769980586547285,1.0617889624962014
3.227662929359636,0.03982723330306875,1.0479999057045235,3.2484876549287955,0.039882667598759886,1.0289984958194152
3.3315808259263027,0.03697120264671209,1.0212234250435797,3.3317929759434013,0.037980100821579516,1.0573438599238847
3.2804145869585524,0.03784333296146691,1.0234730855071354,3.3137159659404123,0.03813778722137012,1.0185279461294463
3.309461638631718,0.03985613016143126,1.0078912727397094,3.265877723827505,0.03926604702659834,1.0259212968405462
3.263271478976632,0.039814950073110526,1.0498076367347202,3.314284102409895,0.04256404883472295,1.0491924798594978
3.3366612274150658,0.038877410000337,1.0367937104949507,3.340296008668469,0.03726254915444686,1.0663489015178642
3.2818359438849245,0.039481286176367425,1.052990352620154,3.271478673070356,0.037193308183692986,1.0721497532039759
3.280851279089324,0.038138183951427485,0.9461066522510365,3.3122140677599536,0.03780750021555966,0.965932440260831
3.282751587790804,0.03981507342334104,1.0603618644658652,3.358109161396599,0.04023263469971719,1.0634569439622612
3.2270997253640537,0.039045894778940715,1.0325459980717144,3.2426033304173107,0.038099517753492705,1.054023802914139
3.2619040663077272,0.04023557635855743,1.030300692786856,3.278141424261496,0.04141511303999379,1.0464870974473142
3.3718161441810603,0.04182171931469892,1.0407234999670478,3.2982025187853177,0.04038099457096216,1.0555219288980726
3.2753994619443847,0.03902408647255381,1.0269618288699363,3.297454617644217,0.04133581096882549,1.0508220374406017
3.327841172485176,0.037248950319722134,1.0147796384656451,3.2671677183492673,0.03898434199152089,1.011803141840465
3.3601074114742637,0.04004918031132677,1.0643450751685635,3.368585450397624,0.03997593617661907,1.062385113794529
3.2883102138419362,0.040001431077636145,1.0231824009701942,3.2630680169298056,0.03886497811747886,1.0110912852723803
3.2380124360868865,0.03745096305316194,1.0291409643186837,3.2251013339376704,0.03865749628367719,1.04358356477555
3.3154349398843297,0.03902284785334789,1.0341923201778107,3.2898334475253375,0.03828874919652091,1.045036388119715
3.2623783063017506,0.03794602516898719,1.018860869487653,3.191583029957995,0.03750919221459588,1.0173627768743612
3.286250376309521,0.03900018819234696,0.9930730811990288,3.329607636784586,0.03786133098337977,1.014514817813342
3.199323257289625,0.04067438325252515,1.059412463755577,3.244083592995865,0.03890691085404009,1.0640894464972181
3.2606804964891762,0.03770155508444718,1.0563410474385928,3.2861261317190045,0.03701754952121713,1.0089238251116697
3.2470865827247364,0.03828293072272794,0.9762220036473906,3.2709510074716803,0.03819565448709155,0.9820439230619584
3.3017043159611927,0.03985033282705028,1.0303470212374197,3.232330417478507,0.039844534232594556,1.0305146998262498
3.386753273045449,0.04079244899970044,1.027656876571016,3.3512495886241216,0.03997771071072897,0.9946791398860105
3.226088385604907,0.03941839895811867,1.033752484270017,3.250438939131268,0.04079987807437671,1.0878460030573602
3.253052681533288,0.040227125148270274,1.0365406486571407,3.274948508991219,0.03966279020566454,1.0112320865079907
3.1875910886281917,0.039462284988030664,1.0915173598842094,3.1880214370144095,0.0400609269458777,1.0474781609753216
3.3239876452337294,0.04017294529811557,1.0518508891551837,3.317974222665216,0.03891347974713812,1.0464488640469851
3.265394603504624,0.03940912864780298,1.038422894278084,3.2667896179764178,0.03936382941834707,1.021103803014944
3.2882322751371906,0.03744402615440813,1.046651685552196,3.2514441803249765,0.03886562556022778,1.0578420711755034
3.2186770060096848,0.03890156983779518,1.0399368737061465,3.273092174139315,0.03882892884065207,1.0372846738702575
3.3039942089737346,0.03999348971812832,1.0790119179108681,3.3097503137843405,0.03949775178807383,1.0615175310455716
3.2893579616047477,0.042653510210833225,1.0564557101199445,3.304182883839221,0.04423481454861762,1.0168192362437816
3.2440837613848443,0.03935042222060017,1.021192679912969,3.1472065559382094,0.04064312105761693,1.0502145445193
3.284421168590625,0.039004892652246916,1.074134739340748,3.277445119535252,0.03932400703221924,1.034320018196048
3.3129028028903478,0.03911156741927589,1.009143103180789,3.2798496636423526,0.039099414894524925,1.0296924599159645
3.2125677064700366,0.03863104443197314,0.9708570626211195,3.1868826294693258,0.040612726436776644,0.9749768496562365
3.2349869493694836,0.03888803648923842,1.034593454109779,3.2490835175382173,0.03992963780148905,1.0036145088174615
3.2380863985242865,0.04056177812134036,1.0588677184449078,3.2697424845761383,0.039371057022001006,1.0629527000378765
3.2291112925350007,0.03998709488919276,1.0409596449394733,3.2490404411243134,0.03874105924488021,1.051882587140682
3.305610939901684,0.03745317001921621,1.023962072532782,3.3273864812860507,0.03953270912235395,1.0167030018198078
3.234610225662698,0.04081024861461925,1.0348251928079761,3.24042899775083,0.03942112884993882,1.070900502424542
3.270731979494921,0.038144945494116074,1.0783050771869458,3.3180701093007903,0.03709216142054996,1.0949298892730603
3.3714841514985054,0.03942043870276312,1.0634478674161953,3.3020509546707895,0.037406697954642756,1.043579061377267
3.245617292341736,0.0383040324938547,1.0429602875396735,3.231633667511994,0.03901282960715327,1.0458059738469803
3.2943609850636077,0.037549409764035584,1.0660986560737684,3.267317473767556,0.03761074518801326,1.022430751256272
3.286701322608445,0.038435653796667024,1.061335705240581,3.258071627716619,0.03979002034062328,1.0821179194735207
3.248069326380265,0.041335361348708285,1.0673495501663308,3.24045948831382,0.04075113810266728,1.0299417647706919
3.3192488651739356,0.040309066824851136,0.987369096848455,3.3037559789849302,0.0394391992336721,1.0046177900180093
3.212038260351648,0.038477702539651645,0.989850424308847,3.259604863391398,0.03872157429442785,1.0106092211678874
3.2592243131513716,0.04018016259234229,1.0192618528886674,3.2284517791188976,0.03945956629265558,1.0225724190567742
3.3047995239204475,0.03772429810929059,1.0071794220684027,3.3098441746927234,0.03734222682319586,1.0416997569842585
3.2575689882462613,0.03850171466071942,1.0315164697560453,3.235811406883989,0.037196129011263665,1.0189570176864102
3.270778381312549,0.04036668942086515,1.0636558823046482,3.2790774838902084,0.03934839214819266,1.0209047304960064
3.2850516062220025,0.03846178447146625,1.0279420651236055,3.2610177609235045,0.039383160772667174,1.0564557279210574
3.27416659497916,0.039257446932543766,1.0307568676434642,3.2786387053002293,0.04033713202595132,1.033454828486988
3.2469088745988266,0.03908708398223535,1.0039642892896874,3.295996732476335,0.03863394433920495,1.040507744045953
3.2522905534245905,0.03990188574674199,0.9888775058900667,3.208782149900159,0.039142087896594596,0.9396192300566041
3.200230237119755,0.04022181136958771,1.0569642008279971,3.2707815858707003,0.04078783848197578,1.037354424692626
3.306911950917775,0.03910074651990406,1.0333449224878841,3.290729068850003,0.038267272844010256,1.0064630669302832
3.250826785662228,0.03932702291646487,1.0414279774794875,3.2435527723978743,0.038964991012868794,1.0730476796836697
3.2429283777986897,0.03912321802156275,1.0282115416894164,3.2602300790491876,0.0386821139645406,1.0223974786222856
3.175470884587284,0.03787895422563612,1.0295004435656452,3.2072024536218855,0.039939121360966084,1.0123266188979578
3.2785821349271878,0.041063773152703875,1.0425047002786803,3.2469659583738717,0.039522899210383246,1.044785973397449
3.3124670904832367,0.03950923176609818,0.9811762177485446,3.3261135380971236,0.04134036814277268,1.0004612920544014
3.2913272606044783,0.04044630465021408,1.054993558527134,3.2556905324574497,0.04071048975443349,1.0518135341090509
3.2097980867002542,0.04118215263928396,1.079754193911384,3.267664528244529,0.042923508447207916,1.0884791681336987
3.3029475523764438,0.0375717077268444,1.0348950295870631,3.295828592874724,0.03811667256833131,1.0190952460826064
3.1950957403613867,0.04090675175444968,1.0611323757421596,3.2401370739956814,0.04084305087770767,1.0624535404246502
3.3064238357755182,0.03734666626928109,1.0453269075142944,3.3151328823021133,0.03838318879958353,1.0507635340547534
3.278810396852735,0.039533454497219615,1.0213663535019497,3.2794674262144277,0.038640416840389984,1.0383150703294022
3.2928821609032304,0.039437146790246694,1.0745739927462243,3.2555134130991603,0.039176398237954956,1.0581562957253792
3.257267072746661,0.038248287366833285,1.0120398840950817,3.2514412028252817,0.04058816974078508,1.040173389638245
3.2670664983268716,0.037475660127545864,1.0770486496394884,3.2408226406284006,0.03875163256031871,1.0482963837940882
3.2630449771454826,0.038470085568292456,1.0710057992459943,3.2908665480267687,0.04020622153187627,1.0525844697336977
3.2590404556384165,0.03798583438390224,1.066573139388301,3.2663725053851933,0.03961959429079471,1.0577708440828073
3.367952022293857,0.038982744165348006,1.0529535549294582,3.353519560178444,0.038688467576854915,1.0426119638990183
3.3234877673188246,0.03815504313175947,1.05280789876538,3.2708240854780697,0.03808014697676519,1.023964286281703
3.308203372514458,0.03799515887235174,1.0227499781932343,3.2881265077841406,0.04039431800523838,1.0419194789953077
3.302069082965719,0.03741158098753285,1.033406453070542,3.326769705731944,0.03951658145696515,1.0478389212151415
