m_obs1,asym_se_obs1,sigma_hat_obs1,ci_len_obs1,m_obs2,asym_se_obs2,sigma_hat_obs2,ci_len_obs2,m_ipw1,asym_se_ipw1,sigma_hat_ipw1,ci_len_ipw1,m_ipw2,asym_se_ipw2,sigma_hat_ipw2,ci_len_ipw2,m_full,asym_se_full,sigma_hat_full,ci_len_full
2.22823840579871,0.0281755374950357,0.873642674867952,0.159464258143958,2.20622251556906,0.0283825191189259,0.911195463373823,0.16971016288158,2.22822344332272,0.0281755374950357,1.04421000485622,0.159465370743842,2.20552826878732,0.0282856043379862,1.08292485382599,0.173781920258781,2.20155305789884,0.0287701415584174,0.939938702411333,0.136860645084946
2.30354843556191,0.0289572215049802,0.892047434276102,0.167993892822624,2.25432778756266,0.0289836707028618,0.889446255150589,0.170339412675122,2.3036275524421,0.0289572215049802,1.06637348063618,0.168021130176738,2.26227022443916,0.0284690244219426,1.07339445224247,0.165954512707303,2.27468603070452,0.0295868878349788,0.907255000699551,0.139489577732347
2.24858614114886,0.0281629238117663,0.896357818030506,0.174640966414557,2.3058166690124,0.0278105810038733,0.888212050817293,0.167944540236565,2.24862049697846,0.0281629238117663,1.07142117932587,0.174652160463553,2.3121072616355,0.0278968895942599,1.08201462031068,0.182382932723251,2.26364212288757,0.0280079943938589,0.901991898580207,0.141332524175351
2.24567286165323,0.028800187292143,0.936516214520775,0.177717528193386,2.31890805872027,0.0290500264910683,0.918584120404188,0.182288261855747,2.2457127056388,0.028800187292143,1.11948313024974,0.177738510631876,2.32180397669375,0.0289974990346753,1.12734611942537,0.189389766285251,2.26001858801218,0.0291782769555879,0.943607935688994,0.146962215886806
2.27648171869895,0.0282740731925521,0.899973694307934,0.158696007443647,2.32725669080944,0.028765477427662,0.885305163802294,0.166978532015516,2.27649031006005,0.0282740731925521,1.07583598594817,0.158719860193378,2.31291622243671,0.0285984027821947,1.12698250547109,0.17502416144326,2.29932290704383,0.028684926584629,0.888380119661769,0.1341545752866
2.28801572176924,0.0288611210323085,0.93475017412211,0.16467286241551,2.25995643395458,0.0284115262041537,0.913628657851082,0.183543963521755,2.28798745280175,0.0288611210323085,1.11736384177694,0.164691093558704,2.25343489690936,0.0285252538476543,1.09345459908391,0.188761959059405,2.25607191415477,0.0292491986153899,0.938108953872446,0.147585509412875
2.20938382610433,0.029070028596009,0.901842208564538,0.164514624801495,2.25095932436262,0.0281903881677331,0.901259367299053,0.172388129036623,2.20933650128507,0.029070028596009,1.07814178226576,0.164550365307048,2.26602533729703,0.0280770708956904,1.09443610282582,0.183699968220213,2.22534613760489,0.028494423224481,0.893554708375557,0.139131440661066
2.31148306780863,0.0290252946220672,0.897809841692226,0.173176190832631,2.31178021618172,0.0292795284163293,0.958248968066788,0.179451374442553,2.31154308016021,0.0290252946220672,1.07318329169891,0.173191567740837,2.32565686021133,0.0290224199940884,1.25908978587484,0.191833875429503,2.28535080588244,0.0294322870443196,0.914127783485259,0.138553344616196
2.24398943026389,0.0295303889084758,0.965546520108711,0.180761307142544,2.23823979016394,0.0286561934546847,0.96919712985351,0.181538066570807,2.2440366073238,0.0295303889084758,1.15431022023934,0.180802250158683,2.24624961842872,0.0282825794461227,1.16211121758168,0.186915671916497,2.24106635243379,0.0289898943510269,0.946635088498493,0.150399217934853
2.18122634292508,0.0291636327849051,0.830565992098698,0.16592234958905,2.16562004152442,0.0287584749548574,0.930972757151546,0.181886742072821,2.18121364794443,0.0291636327849051,0.992780215177147,0.165933043103834,2.1561656319144,0.028729181875394,1.09890982278493,0.183279693788378,2.18348906055728,0.0287824423300776,0.905796778110904,0.145744288035704
2.2576204045353,0.0290490735581714,0.917594095543902,0.179839052499336,2.26714883396134,0.0285487751885952,0.921590431833005,0.182045977339866,2.25745680714449,0.0290490735581714,1.09684382579757,0.179856944180049,2.30071358397,0.0282915718135395,1.15868322320257,0.200923975086405,2.26174378395547,0.0296107611920613,0.969594144035683,0.146650151891233
2.27523619190833,0.0290342530457089,0.926153259091602,0.180914159893185,2.30033337710793,0.0293284383400731,0.931660180530545,0.183994946857341,2.2753343483653,0.0290342530457089,1.10722919519315,0.180957358940161,2.30931615966523,0.0292609783360878,1.12374970553207,0.190040638441783,2.29656769663501,0.0291411280679942,0.916031748420435,0.152132108422052
2.18041520375452,0.0277453396104021,0.914734376652493,0.171630850960399,2.18755157320223,0.0281821969548872,0.926560645814535,0.178387902217006,2.18033629332283,0.0277453396104021,1.09341566993887,0.171646387926095,2.20322041485238,0.0284635430675622,1.1440938175562,0.190829101318374,2.21214571082097,0.0284084648393992,0.946827744913161,0.145224058373122
2.31477329547875,0.0291000317358978,0.968307356077621,0.163524850670629,2.2327984962304,0.0288066541007474,0.889075742766581,0.173833903664461,2.31479772496793,0.0291000317358978,1.15745528148009,0.163539916262542,2.21752590070047,0.0284813146067729,1.10009926992366,0.177786743879094,2.26372352903014,0.0293066469534491,0.954783247854177,0.140015932536715
2.28704987805815,0.0286085873542151,0.934014470338452,0.174116067686223,2.21616666729948,0.028872672398051,0.926253447152952,0.177514929162961,2.28701749237375,0.0286085873542151,1.1165040222074,0.174138403133341,2.21051144910829,0.0284803128065633,1.09283440330121,0.181570559199288,2.23624282471726,0.0293416710822228,0.953643052328468,0.148501994766348
2.30328877376326,0.0287435840183833,0.94767151951953,0.167830490282644,2.28403068576125,0.0289569738817798,0.938664350584965,0.165586428602991,2.30331900282438,0.0287435840183833,1.13294818999333,0.167869618822227,2.29215919802208,0.028967355556364,1.13659964928814,0.173460376301197,2.31828321381549,0.0292595452004383,0.940569963833584,0.136328882492076
2.23591323851639,0.0281979222082241,0.875600715630708,0.169818059787286,2.19149950254012,0.0276112061137109,0.879211495209,0.173769804426759,2.23567081660009,0.0281979222082242,1.04688064751555,0.169872844238967,2.19377521412957,0.0273956201628123,1.12779549305548,0.186230132052886,2.20300251909014,0.0277360288542555,0.894676037075319,0.141702365693274
2.28421058772704,0.0286603391770293,0.868791791902258,0.16756159252358,2.26014538573389,0.0285783642354757,0.926147616450755,0.177097263964932,2.2843349955417,0.0286603391770293,1.03855414115205,0.167585690027471,2.24789136991012,0.0281584608881399,1.15200038292495,0.180104683658273,2.26647297391735,0.0291667923751298,0.909934813877614,0.147579317528582
2.22447200458697,0.0282649553704779,0.941913013127967,0.179121181106152,2.20705639358434,0.0284330428864503,0.942884702197382,0.175548530664576,2.22446282511999,0.0282649553704779,1.1259718368968,0.179148301607884,2.23193239598955,0.0279763094954137,1.16682150468197,0.178893232735332,2.19455759333196,0.0283528847768959,0.961934605127439,0.14722748820948
2.21391430303412,0.0287596905665511,0.967982541368761,0.17630070667918,2.21915758095001,0.0289709300850696,0.918231734191273,0.173934481956056,2.21385592790673,0.0287596905665511,1.15703845204072,0.176312596375888,2.20150803620177,0.0282843131921232,1.08601076721445,0.171405411986576,2.22796270734102,0.0293600763442964,0.934837381745632,0.141614442690714
2.24626514465688,0.0292325195665558,0.954010949375918,0.189508998599593,2.20736282950489,0.0293926030444438,0.881262439817101,0.185088134015419,2.24636340377083,0.0292325195665558,1.1404294073471,0.189536957577274,2.18823039439582,0.0291725398336469,1.13613855882564,0.190225168083538,2.22165239609054,0.0295185005334948,0.955656627109466,0.153052111001313
2.28348965303617,0.0292786654235705,0.936390380099237,0.178564989618989,2.26616795110298,0.0285084538526514,0.942110697039531,0.178924949647274,2.28342050339701,0.0292786654235705,1.11937197071233,0.178592335785309,2.24687816839562,0.0279760485553012,1.15181998699166,0.180889670410621,2.25301127792872,0.0294957660144043,0.969241468818986,0.152029026719736
2.24726912110449,0.0289327421454263,0.923216377666118,0.173238670387988,2.22941443042349,0.0282018253070366,0.959580890695061,0.165873702651172,2.24717357763586,0.0289327421454263,1.10360097821749,0.173261647007358,2.2138724464006,0.0282769224268391,1.15649211323408,0.165557841414642,2.21485011462142,0.0288287916868078,0.944326390922581,0.14258264181063
2.20287742694717,0.0282914256618056,0.938814510221272,0.174277658284396,2.24172974700932,0.028359266845592,0.865540707374978,0.166725710155822,2.20287742639063,0.0282914256618056,1.12209796977124,0.174277659572962,2.23792041296169,0.0273201650433162,1.07723356353069,0.166453896274133,2.21307754199385,0.0283157559339893,0.918967900496873,0.148427650679854
2.18559496671525,0.0292124982357965,0.864026201239985,0.188131541558207,2.25801551952506,0.0289660524538988,0.904731840340375,0.190200616319408,2.18559090454555,0.0292124982357965,1.03285826131312,0.188158762991415,2.27098763284108,0.0283405341508864,1.12106353846943,0.195538117731766,2.25330981209779,0.0296667794029872,0.963660375294937,0.157795210773216
2.21240934355046,0.027694478789274,0.950377747658288,0.169187858786381,2.18176465043607,0.0278707162381178,0.936790826754342,0.182223899472794,2.21237327712995,0.027694478789274,1.13634889836339,0.169251938016125,2.20265191153539,0.0278396329027082,1.15211586651682,0.184116051095843,2.22581080888742,0.0283551462916171,0.976988973165178,0.150530509189682
2.17768902559652,0.0292797387593341,0.930801698482585,0.172557217754695,2.17754334695928,0.0290041624508971,0.888886287918034,0.179960351684581,2.17765427282411,0.0292797387593341,1.11262753781948,0.172573770246314,2.15182708886541,0.0285979867145982,1.08396510751919,0.199486631947844,2.20904657963432,0.0294372860729947,0.938465820141491,0.149647397266548
2.21815210879811,0.0294196335783119,0.900909458792682,0.164946770925403,2.2374688152494,0.0286506408136718,0.871368297575236,0.172621385933946,2.21819629813193,0.0294196335783119,1.07695320995581,0.164971349260433,2.23370001303863,0.028034179946268,1.11031641488138,0.175076466312336,2.20142735280381,0.0294545074531718,0.884607263157315,0.13930411402714
2.23230034286835,0.0293223840906158,0.928779808403512,0.177329755653194,2.22915520098165,0.0286995396840816,0.90934464908259,0.18077516541835,2.23220151702827,0.0293223840906158,1.11019053579857,0.177343547262247,2.2356692115655,0.028413426160879,1.13516943265476,0.191487416883779,2.25002483263551,0.0291482246640965,0.938605322402611,0.145765004858038
2.21737480059571,0.0291235164062697,0.892079005612201,0.168138459386437,2.20362814515554,0.0295130610950661,0.892387041040277,0.168162006608225,2.21732251390432,0.0291235164062697,1.06636710103604,0.168158762651197,2.19874487560799,0.0287678645419783,1.10370192113562,0.17206005213271,2.20924186186287,0.0297999897133219,0.918075011653055,0.138805613812917
2.33326765896091,0.0276816108864244,0.935191309214356,0.167904221588326,2.29327665699719,0.0275525410792725,0.903032239933071,0.165551417863237,2.33330299044769,0.0276816108864244,1.11781301522237,0.167911072431803,2.29982447483652,0.0274758614055791,1.12061964766512,0.168641745904297,2.31682519052884,0.0278788577436532,0.943745753002163,0.141231495104027
2.22987550646241,0.0291729484723478,0.983434098207304,0.190225708191581,2.23514813336955,0.0286952841497894,0.937128278152243,0.182221196744258,2.22991066952067,0.0291729484723478,1.17559066916078,0.190251941609592,2.24420281986527,0.0287263298118205,1.14996773196148,0.194807235535281,2.22947238367622,0.0291033398811774,0.967472202055116,0.155962366528303
2.26547902430496,0.0283827072010229,0.954897650746242,0.171614727311281,2.23270251366727,0.0285234640473698,0.917875631557398,0.163948364936955,2.26544413327221,0.0283827072010229,1.14155824154129,0.171650401464414,2.23989731067387,0.0286198297338983,1.14625866443339,0.172845032515305,2.22578725393572,0.0293154692042551,0.968592547267363,0.143087569224006
2.29181292772808,0.0283513624639155,0.962768369041193,0.175468656361584,2.31211271278341,0.0279961806816322,0.935317277798438,0.17125752642648,2.29172994039557,0.0283513624639155,1.15086830408947,0.17549000504397,2.33782584319408,0.0280569448701777,1.13673523972817,0.177122130259165,2.28836533617927,0.0289677495492356,0.97473619313709,0.145331312381412
2.26643067114171,0.028235932657542,0.932689355322095,0.164259248117651,2.24346350069518,0.02865988891982,0.903854942211464,0.166250855466466,2.26640342135822,0.028235932657542,1.11482345271855,0.164266092632293,2.24605226107973,0.0284002653375039,1.1504002685039,0.175690799144636,2.24360410434001,0.0285218560019985,0.967823635778765,0.139689747191889
2.15319569316813,0.0287292622710942,0.894229009373078,0.168504919805961,2.21582811835093,0.0286788250690576,0.892911344034229,0.174140458343238,2.15304651753885,0.0287292622710942,1.06900902994571,0.168536598529768,2.23067015782254,0.0283518988885247,1.13329462153824,0.187614077464842,2.20082564309773,0.0293169006541774,0.92093086489554,0.143608339961196
2.18603057899437,0.0287932306280259,0.950665342642795,0.177965373441432,2.16271973357322,0.0293133219338284,0.924252393884465,0.173813681259968,2.18609721582327,0.0287932306280259,1.13636612758591,0.177981617200288,2.14892949345578,0.0285285880980694,1.1637241885709,0.190198676318658,2.18417555734105,0.0292079474717658,0.947377288336242,0.149587203039771
2.20134934394849,0.027931900726081,0.914463880166321,0.175526306366629,2.21597217617771,0.0293377809052146,0.924205991324894,0.17585192462481,2.20126057511812,0.027931900726081,1.09314900527763,0.175551296694168,2.2095176495674,0.0283804891123646,1.16775297057908,0.192672572588708,2.22031916830037,0.0290508819917609,0.95515218865248,0.143874444082885
2.25809994141237,0.0280759360019299,0.889830997507694,0.158628226567434,2.26444724568246,0.0293087674599423,0.889550976072011,0.154471971784104,2.25807294612778,0.0280759360019299,1.06353768050978,0.158626170513395,2.2432456931275,0.0289784359287842,1.15482342543223,0.165191274997456,2.26073136121802,0.029281751934081,0.896195234351948,0.134271697998686
2.23339507612682,0.0280504408384939,0.885605098649197,0.161061790374138,2.25631036134117,0.0283124776048011,0.875524091387394,0.157004330492177,2.23354339953679,0.0280504408384939,1.05903789705727,0.161143553205609,2.25647368668544,0.0287541027870962,1.06747487798593,0.166486085359985,2.24670058779193,0.0281943773898276,0.906193522061035,0.134272435533992
2.27114060413173,0.0285970496391329,0.931506519846104,0.174960091623264,2.23778077666278,0.0285593241362364,0.896643125398283,0.178316548377401,2.27113704002701,0.0285970496391329,1.11340045005896,0.174965938657181,2.2598309015843,0.028632413478257,1.16468102337066,0.188887954838049,2.25105085844363,0.0289594632097014,0.920326976489795,0.147302506880557
2.25255804316661,0.0283678032651309,0.936874430560249,0.174810816618589,2.29384795534037,0.0281016935063374,0.950202638881178,0.17466922458937,2.25249620039421,0.0283678032651309,1.12008416792078,0.174858437790183,2.28233888698485,0.0278492522614517,1.15106714417229,0.185738890826287,2.31060536773549,0.0284589986480702,0.953325282401285,0.146030133156792
2.27511700323538,0.0285014379016077,0.892822318679697,0.179321540958254,2.30828183865597,0.0289387400401866,0.929273394936476,0.187067421691571,2.27521362363912,0.0285014379016077,1.06716941717441,0.179328706050501,2.27924731983564,0.0285151631387589,1.16294702931498,0.190450432834897,2.28733304215218,0.0287081091922533,0.920601666361696,0.14590955422443
2.21932916819556,0.0289005205676926,0.880016541671941,0.171648382989662,2.24638903400624,0.028813327855379,0.898274113690317,0.168113715600085,2.21930541653875,0.0289005205676926,1.05195837992374,0.171670810845618,2.2278625857288,0.0279736749750314,1.05757245995135,0.174197376608722,2.2169650896821,0.0294634154204666,0.898810874707935,0.136408114135672
2.18042814161958,0.0286861772234935,0.920262410797354,0.162402439279739,2.19614269294824,0.0282276453007169,0.914968237256357,0.167694930724728,2.18038934303288,0.0286861772234935,1.10014093634385,0.162434475355303,2.17765431883753,0.0276840856671519,1.10821009315001,0.168602188819339,2.22728543512899,0.0289812056652485,0.895818861039076,0.137261052533669
2.28693985496701,0.0281769515071852,0.946346141920573,0.183929736273024,2.30343573543986,0.0288555790489035,0.870480220737965,0.175499133196722,2.2870434202892,0.0281769515071852,1.13124974473434,0.183954089210776,2.29605817501106,0.0288162675812757,1.09292142574763,0.174016614721205,2.30973378399824,0.0291428580093101,0.939955466266886,0.147546533094871
2.21588764255869,0.0291186109286186,0.918748321967693,0.17141442743285,2.25567299918156,0.0288226427302958,0.909801650656685,0.173124670244723,2.21573819300522,0.0291186109286186,1.09825751525909,0.171436786424617,2.25492970365748,0.0279556393481709,1.10414380392781,0.182384450168849,2.24562978071834,0.0286882213892222,0.949970892255105,0.141362207688076
2.19644503122569,0.0284929106048103,0.990280198419498,0.175297615847873,2.22208212537454,0.027937289624839,0.962526492367044,0.170643716406637,2.19647428540564,0.0284929106048103,1.18374195633109,0.175316977775086,2.23087481842615,0.0281502289178618,1.1489549929006,0.17467524779889,2.22067879373309,0.0283674225890929,0.98523180630302,0.143853473272157
2.18200662880188,0.0291115609761799,0.935719124881073,0.166076757567396,2.15494204804027,0.0287439306662163,0.939679638252824,0.182328743896245,2.18204412939163,0.0291115609761799,1.11859015518256,0.166105251836696,2.15331690651268,0.0287272514956021,1.17198955761098,0.196722223202476,2.16817309885781,0.029299280112959,0.980228754415018,0.144747688754666
2.25660741180198,0.028974161691642,0.975173398655438,0.170339763114898,2.23732997427375,0.0297027207128302,0.929317605709905,0.173147659392263,2.25649834512251,0.028974161691642,1.1656450000179,0.170352894934151,2.23788986200058,0.0291270282561964,1.14755522117673,0.180174709366893,2.22781532619073,0.029851872453179,0.985126122268786,0.148678525793472
2.21069629585283,0.0285751832651252,0.867225626535424,0.177626108084964,2.25092198913923,0.0283916363042491,0.897540560938242,0.177617690041673,2.21060991296306,0.0285751832651252,1.03689713900823,0.177688529630191,2.21282298982597,0.0287292626710915,1.16687121749969,0.206407755772793,2.21684414993691,0.0288464931138868,0.899375275163754,0.14517014834906
2.24323309313195,0.0280454509558476,0.936839263839404,0.17798825258738,2.21468705069104,0.0279454370477079,0.931524233054274,0.180290683426313,2.24325404658836,0.0280454509558476,1.11989688792269,0.178013653251786,2.24095112939484,0.0281915560920055,1.17813715557533,0.187810864444338,2.21656760947079,0.027967964745003,0.918724073360588,0.147726623565041
2.21880209947629,0.0294451088178342,0.927629202050853,0.171300916496197,2.22873726431901,0.0293811425454539,0.926142255206764,0.169711900961497,2.21881008112998,0.0294451088178342,1.10897976907427,0.171339666839714,2.22589445659295,0.0287557597997173,1.08408040914166,0.176964582871403,2.23032677380583,0.0292777433203063,0.928150742785555,0.14433945664341
2.33014623640495,0.0286256111972175,0.902790573250162,0.182154418797216,2.33158084335008,0.0290160196163644,0.905477080602374,0.167262008321646,2.33000418449224,0.0286256111972175,1.07928669647206,0.182195874665938,2.32183160271765,0.0288016331560628,1.11084516364833,0.176480181177832,2.30018287017058,0.0291116377043645,0.936008183265364,0.146220092690111
2.15801445119389,0.0291044800039579,0.914745327973602,0.175469594634222,2.17689844969585,0.0282529506057951,0.919415271389506,0.175549643984085,2.15805004410336,0.0291044800039579,1.09347522218682,0.175492935793835,2.18756329061536,0.0277356297891489,1.19696543120636,0.193002493700436,2.16304008630631,0.0290854144761138,0.965177684984474,0.150180500026099
2.24783944028056,0.029876548886248,0.929645593602942,0.178712473426249,2.21621620304239,0.0295156583106969,0.898796547653656,0.18684246944071,2.24781633241876,0.029876548886248,1.11124268662744,0.178729148480874,2.21865906921639,0.0293096658899999,1.131231153068,0.209255842089862,2.21983892079394,0.0297306521765415,0.95963154995394,0.151482597309343
2.25635354597363,0.0297417006159923,0.929342040490999,0.181419726381066,2.29267203630349,0.0293858696758306,0.966442046670052,0.191088282983168,2.25638031836331,0.0297417006159923,1.11085440541329,0.181432500308858,2.30691572097147,0.0286302862052372,1.23744090991213,0.196015618011215,2.2738142850201,0.0297449864568168,0.959909347331734,0.155471445623133
2.26373362227012,0.0284926102779303,0.978570990379063,0.170916064833937,2.24222486388011,0.0288330821036925,0.924488145481562,0.176598828994153,2.26384077281676,0.0284926102779303,1.1699512200086,0.170965044129807,2.23090801551457,0.0285190746672667,1.09959331706478,0.1797176309817,2.24557722202289,0.0289806671888798,0.978146455945258,0.14856689240423
2.23150804179864,0.0279877862502463,0.965318043186952,0.169711398097104,2.22835325135871,0.0283760995362159,0.93346332315312,0.173288449713159,2.23148245840853,0.0279877862502463,1.15389210327158,0.16972851388349,2.21593719176614,0.0282074885688712,1.0960357791042,0.180580905647642,2.2521758371473,0.0288938531371801,0.953354153862146,0.147110562038365
2.2656489569158,0.028794716309904,0.925770947596179,0.171861832334549,2.1930647840168,0.0291416856114105,0.932578288971571,0.176811177858522,2.26564892972844,0.0287947163099041,1.10663542007985,0.171881635183598,2.21086283230084,0.0290353348796414,1.0826449809632,0.175757219065252,2.23817059158979,0.0295154579910675,0.961560268883736,0.140737820892986
2.24431056912285,0.0279820863147114,0.887997579838048,0.165086740357886,2.24845456317398,0.0284436464186656,0.952090542776375,0.189820718149873,2.24437972009902,0.0279820863147114,1.0614258400451,0.165096963801934,2.27194706104036,0.0283505338921237,1.19169584861182,0.202759800061817,2.21468965474177,0.0284780819911803,0.9471810076378,0.146666185012671
2.26591900850145,0.0282654308774042,0.923227916161015,0.163439309626363,2.2058568550708,0.0270717255951556,0.955328997967176,0.173776059087514,2.26593511619441,0.0282654308774042,1.10360289791033,0.163459227957604,2.20063242496693,0.0271919534496072,1.18958739601304,0.17630617333545,2.24763922940208,0.0280341013349873,0.957636147458424,0.142083136868644
2.23294615982339,0.0290094603071291,0.944333107494586,0.173893414852372,2.19757319469871,0.0294810623211312,0.970734377385698,0.178711336462754,2.2329062993006,0.0290094603071291,1.12898135808325,0.17393769516974,2.1998735424306,0.0286227623680728,1.22740300072018,0.18876005199569,2.21327681800221,0.0294481257807399,0.987243619552851,0.146448378928861
2.24166501150156,0.0288024834079597,0.88860836779036,0.164278143827533,2.21961330271034,0.0285843171404387,0.888017140099432,0.170503342327073,2.24166190441223,0.0288024834079597,1.06214528330214,0.164286672515354,2.18724678720406,0.028463667957171,1.07483964959262,0.179821309192773,2.23444205919504,0.0289881635654932,0.896922817164602,0.144225521753992
2.22716650410235,0.0290477483058645,0.899803755029167,0.168826910521714,2.19852279299198,0.0289396353022075,0.850072658125151,0.162278483486037,2.22708480076883,0.0290477483058645,1.07556236665068,0.168841223259943,2.20388366600905,0.0288660442379712,1.08761722093287,0.172280870222426,2.22870048136352,0.0289569915692366,0.885051831935096,0.140239736367449
2.15950120763771,0.0288175276524638,0.885888324139425,0.17209953823103,2.23689737871088,0.0289621860801853,0.903305703406243,0.16896784799279,2.15953354582568,0.0288175276524638,1.06370270575511,0.171702011326842,2.24046275024448,0.0285811115720418,1.13496154436956,0.183954705306626,2.21072459262413,0.0289627709859081,0.924592577453541,0.14420169245204
2.26803737060844,0.0281927247737668,0.922740785912698,0.171541023743774,2.30803111869454,0.0293445710323068,0.90901824867176,0.18102473360823,2.26798226511607,0.0281927247737668,1.1030786890606,0.171570965289118,2.28060598980854,0.029040786551939,1.12222066930339,0.182103837385517,2.27544677011661,0.0287177858246358,0.944179661724499,0.148452166903089
2.29337776098802,0.0290544099998109,0.904542798289365,0.172068652791737,2.27885443022965,0.0286711078257503,0.876782129219219,0.165301155604966,2.29345684319258,0.0290544099998109,1.0812382154789,0.172085011525774,2.26953220103024,0.028958259357685,1.03283553378531,0.178196772891461,2.31683113569477,0.0290440554406151,0.895603113905994,0.143791576408587
2.20529240789357,0.028656485280709,0.896992437812983,0.165354009552111,2.2308531395352,0.0278509239928878,0.885102868664804,0.184930901600635,2.20518603232579,0.028656485280709,1.07218077914454,0.16536476803468,2.23090702319807,0.0276434462176077,1.11337301921003,0.197704608229682,2.22654768795601,0.0285739582124097,0.911531954644852,0.145033377959214
2.23785437585618,0.0289187539024462,0.88776628711199,0.184481103385015,2.24686083678618,0.028987061432901,0.902003318191661,0.174836940607303,2.23785082254329,0.0289187539024462,1.06122237381475,0.184505219484939,2.23438479626824,0.0288645675931381,1.11582498956816,0.189332153922382,2.24321178975065,0.0290483370574838,0.89411559222807,0.144448771840413
2.25922660332833,0.0280076150565288,0.924792042896843,0.168695108838949,2.26897669356512,0.0278202499731339,0.918802864918403,0.171159256783156,2.25912265889444,0.0280076150565288,1.10546230778296,0.168714094656387,2.26758557725717,0.0285539604571456,1.13822416785975,0.176421632467119,2.25288757504113,0.028512091369104,0.931227950429116,0.142083189661674
2.21053350246118,0.0280605901139719,0.877901203565308,0.168846385878599,2.20347278934366,0.02859346189294,0.882368408603465,0.174208773935993,2.21059904865601,0.0280605901139719,1.0494311744093,0.168868678929601,2.20319500950077,0.0284119748376181,1.09547460689566,0.179195130608445,2.2173346543127,0.0280529833434985,0.91221343655468,0.144899673081687
2.22680668634645,0.0288528833462747,0.96717502310592,0.186896567040456,2.18414286552099,0.0286585089450966,0.915256463933128,0.178840332531525,2.22682364861125,0.0288528833462747,1.1561003274759,0.186913554266205,2.18238398634039,0.0288029070735694,1.08783805870123,0.181000220434304,2.21996831023995,0.0285152220069933,0.991965312077172,0.150858306231239
2.25545868970474,0.0281602814563084,0.911573146130589,0.173373701335412,2.237482757283,0.0291130812845953,0.972630016344953,0.178710428572854,2.25545636557602,0.0281602814563084,1.08975676922106,0.173408464836721,2.22023413370241,0.0287490928753055,1.17644159263703,0.194346267684852,2.24853852292545,0.0292377195596788,0.949016651151278,0.150035824692401
2.21685435284699,0.0290797885101101,0.97487930285276,0.179223374443225,2.19285173059633,0.0286759520720011,0.914696084822636,0.173961964503368,2.21694266687547,0.0290797885101101,1.16533180142203,0.17924308833837,2.17356030265517,0.0285184311700291,1.11836098902477,0.184813166971781,2.201329059836,0.0289849489413182,0.975260838197767,0.157482726503378
2.29971815189449,0.0289521238048979,0.897940726811045,0.174122545971563,2.28468444945833,0.0290434768297065,0.904077499833178,0.17000467923122,2.29971262622053,0.0289521238048979,1.07333838083281,0.174137785875681,2.27041272489514,0.0288465841402984,1.12705483813237,0.185878520259382,2.27293511416683,0.029724409504475,0.943566147753773,0.144813864639524
2.21979712400421,0.0286134762164521,0.873969960221686,0.168011643890526,2.25971142817087,0.0277911502225962,0.907386217806303,0.169902276722302,2.21979640032937,0.0286134762164521,1.044648792454,0.168020472723679,2.25752660711462,0.0277689624385374,1.10787468131476,0.170317109897085,2.24909598448182,0.0287796902136087,0.860975798282703,0.137340125266816
2.23357989163223,0.0289531427375075,0.928823742811654,0.18075460119555,2.18073351451407,0.0292829200108287,0.95793487313556,0.191223769233155,2.23337387690117,0.0289531427375075,1.11518654120148,0.179890907575095,2.17380222992112,0.0285913217144792,1.15797944073802,0.191642241137638,2.22235582195327,0.0293805749159437,0.99202097752089,0.15155389137346
2.25959817056543,0.028592630554558,0.885361318955109,0.166247868709496,2.20887780162308,0.0283648778552841,0.88600127605928,0.166476539033345,2.25957979061257,0.028592630554558,1.05833097019613,0.166267002630523,2.19940709735438,0.0281482246662322,1.11095639062955,0.167374606942592,2.24685542697768,0.0288100080873132,0.932769614063424,0.139819326163766
2.21524053929492,0.0281036460201432,0.905547656266235,0.162767257030573,2.25494660987796,0.0285607898419133,0.919487348781887,0.169125854706135,2.21519491997516,0.0281036460201432,1.08243030105701,0.162781368440495,2.24466393314344,0.0283415063810242,1.10668488053323,0.170650748111149,2.25209049417214,0.0286737203513747,0.932001495642454,0.14089813733943
2.25483183374091,0.0294226730825992,0.893558866586518,0.172788805926308,2.28174127344832,0.02915164568319,0.903706027204662,0.180032315675152,2.25489122471397,0.0294226730825992,1.06808096503744,0.172800752796161,2.24085479542031,0.0282761915860121,1.14087580020522,0.184258870399974,2.24102026750762,0.0294051662975436,0.926857640556094,0.142385233085585
2.25114490986966,0.0286823253254384,0.934854869876164,0.171305765381793,2.30224414370653,0.0294334852560519,0.870734451332088,0.176243724157733,2.25127358664265,0.0286823253254384,1.11332043546698,0.173770985934927,2.29811115580075,0.0287673011786049,1.10258973355352,0.183392311490582,2.29185675133162,0.0288806756101873,0.923528674831027,0.14812845762822
2.24263755647207,0.029316853828422,0.936367504029201,0.177425601324669,2.23917135311792,0.0286021285542291,0.933913297790422,0.174303659697752,2.24265701404407,0.029316853828422,1.11928175396786,0.177442805979742,2.27459576173216,0.0280366095324697,1.14474146746043,0.193729895725853,2.26457845543936,0.0293266224795719,0.931614345446954,0.149626140501096
2.29450102882479,0.028457330995175,0.892900820142236,0.167186746412704,2.260473165134,0.0283747912370967,0.866742893842577,0.171812599799263,2.29446610237234,0.028457330995175,1.06737962198101,0.167211657328568,2.26119027324464,0.0276655522452971,1.04366610955081,0.170861552629992,2.25792946088344,0.0288841323535532,0.930445467032262,0.143650164333159
2.22543689921299,0.0285847403231152,0.958656585358998,0.169763571270616,2.24047874940081,0.0284090499085107,0.954013808717701,0.177719365500617,2.22552433738324,0.0285847403231152,1.14137832258927,0.171731410321936,2.24657223987447,0.0281408437692043,1.16328393437367,0.185331332699104,2.21107179788443,0.0291969813443417,1.00839812214089,0.148261499036607
2.18589655730069,0.0294529495272277,0.883524013435777,0.1551009075402,2.20198289655236,0.029368254530651,0.876139041089686,0.172279007734797,2.18590932544513,0.0294529495272277,1.05607037782333,0.155109308724377,2.19251926061663,0.0282500722451697,1.1122730430212,0.18545595115162,2.19525163718043,0.0295589019946467,0.913768434648925,0.140466519606703
2.28617368957267,0.028897323950202,0.836982569334441,0.155334412404628,2.25867810769664,0.0288801306603549,0.840400228384123,0.156512552314586,2.28619629307443,0.028897323950202,1.00041525850893,0.155339031221051,2.268533613049,0.0289985568183471,1.01885582515653,0.164042555107408,2.27192237202931,0.0286681929484009,0.85700485275939,0.131510131022123
2.2475797877878,0.0277241950096608,0.891764223703788,0.167397582971216,2.27657954569139,0.0284285388910089,0.854794802022456,0.169275625124341,2.24753022117378,0.0277241950096609,1.06608294956467,0.167432266177236,2.27483295891161,0.0274653586048505,1.07519176472217,0.166820964152539,2.26395471578506,0.0283265681403392,0.900973261394186,0.140093810937714
2.20029835889096,0.0280786954933051,0.917528345575312,0.158566163134233,2.18531180535272,0.0285418396330699,0.927459462750053,0.165622199348371,2.2004104596661,0.0280786954933051,1.0968569208424,0.158595195817681,2.19314599729216,0.0286468895876081,1.16600107142901,0.176983067176988,2.19683751852497,0.0288512274430036,0.947551555964678,0.131568651837899
2.3240104052929,0.0283650848499667,0.863338072207019,0.175533376750834,2.27019160763149,0.0287249267421875,0.826861570454146,0.17248781822293,2.32410038352574,0.0283650848499667,1.0320658692981,0.175563912352807,2.24218598571328,0.0286873072479739,1.01825320343533,0.179143116381465,2.28579336792752,0.0293215940544391,0.96146855079838,0.147738495864836
2.30530745204102,0.0277657122420185,0.905208300554859,0.164417640461095,2.26236492439112,0.0272873999158076,0.889898769378221,0.162248484152155,2.30526048425981,0.0277657122420185,1.08197963329018,0.16442505265405,2.26502006362063,0.0268649031255134,1.19781678311983,0.176116404469643,2.27447735781949,0.0274884715220121,0.918064714259448,0.139113550192066
2.16340094791204,0.0280070734155527,0.920288164825253,0.181143458489931,2.2168449410594,0.0288263756246599,0.866807270910914,0.165315223008534,2.16339901825387,0.0280070734155527,1.09996483698001,0.181145120722299,2.20713294357813,0.0291578553103446,1.07288501578575,0.176020511824599,2.19506390576017,0.0285314190249595,0.916899358113794,0.147959145044839
2.22756581818611,0.0282863574480769,0.943579244263274,0.186400495595597,2.25286743295779,0.0292976148528364,0.909122282702575,0.177321903520339,2.22754280817268,0.0282863574480769,1.12788270708438,0.186415337513006,2.25631303446872,0.0293414367328153,1.0989281616947,0.181721002563795,2.21532567733611,0.0294522760301746,0.924212175348426,0.148641279354729
2.27576653825951,0.0285229157249373,0.908767824369351,0.170205135546429,2.25097105957749,0.0282426203393856,0.921204932463776,0.17281307136902,2.27581961539769,0.0285229157249373,1.09118539105847,0.169310233779534,2.26877245113159,0.0273344600761354,1.20518546500889,0.183934532616219,2.26576608839692,0.0287468320453135,0.932990020265071,0.145106341671638
2.30384267726255,0.0278246959074214,0.917526119491072,0.172596624446394,2.26648016678879,0.0294372714283835,0.94837306656118,0.180686961853835,2.30388719306966,0.0278246959074214,1.09692788721087,0.172639813895637,2.26805821239491,0.0289910673518558,1.20611958192782,0.197619933475682,2.24941333155958,0.0289534107934269,0.92753620200126,0.147491699066972
2.2738121691349,0.0285897062404511,0.89358192104501,0.176714791120249,2.23340974669176,0.0286241801748652,0.894635090229502,0.176879064567654,2.27373436501133,0.0285897062404511,1.06837619716495,0.176771298365066,2.24622724545148,0.0285399001870903,1.08831596102521,0.186435475789273,2.25683355606634,0.0289351181661479,0.927609713787052,0.144148987172257
2.25225004518215,0.029237782924156,0.948666730694716,0.17106756040087,2.25549010713985,0.0290586086974279,0.928997288263581,0.170631494584508,2.25229668217834,0.029237782924156,1.13399644085697,0.17108609080362,2.27814944614087,0.0292737750548829,1.19509032087106,0.182516787577428,2.24732367932085,0.0289325916106363,0.942878756780235,0.137923481979549
2.1885384100747,0.0289259562608967,0.86736849923985,0.175538967497184,2.20550078313107,0.029374313172525,0.907323276601866,0.17553662392814,2.18841934190749,0.0289259562608967,1.03696951966569,0.175583986478492,2.1975891128522,0.0288468301256571,1.10363670633818,0.171131984503653,2.22190626169763,0.0295062100083102,0.895232440275114,0.141685226733568
2.30265442090373,0.0285577660713577,0.884541106119191,0.182028248578701,2.29177902564424,0.0291681508338813,0.916327564176574,0.172201551371066,2.30259493225387,0.0285577660713577,1.05750213328107,0.182075303476851,2.29655608687469,0.0290272105663988,1.20443021074815,0.187703785656536,2.25829890893231,0.0290963583470278,0.894648926231775,0.142557711504086
2.25236065378078,0.0286885784177123,1.00496359416624,0.194524526636098,2.16804205028749,0.0285473255797137,0.946681347636415,0.189465392740127,2.25229571750339,0.0286885784177123,1.20136103006898,0.194556882197475,2.147091779869,0.0282421535398056,1.14818312151429,0.200721009480862,2.24140728985593,0.0289295063972264,0.993640043879636,0.151259906152242
2.17895398181993,0.0285219672893901,0.961432871029576,0.176959951044632,2.21399126789453,0.028366419451999,0.919485514325692,0.183609180484019,2.17903821584277,0.0285219672893901,1.14937114181921,0.176996766250766,2.21597232920829,0.0286628389021552,1.13327235028907,0.185212774374031,2.21244847501451,0.0287895050569872,0.948433012321534,0.149395652870062
2.3504892323382,0.0280332168295184,0.944295819513412,0.173228423620468,2.31387267476783,0.0282712932397204,0.910213278104987,0.175306907910636,2.35046956951957,0.0280332168295184,1.12870026506413,0.173236233738993,2.3281369737927,0.0288330750210026,1.14199362647746,0.190465640294383,2.322552475255,0.0285026361087538,0.938932826305898,0.147221500235902
2.2459421849322,0.0287613773597661,0.919921356693143,0.176645135474535,2.28263128186096,0.0283058533168322,0.894593276929932,0.176755493719241,2.24596246129917,0.0287613773597661,1.09983573221198,0.176696450703651,2.28282210695904,0.0281486044701217,1.23778168846899,0.198111774190221,2.24910840030553,0.0281478003490947,0.963318261663093,0.150953079520036
2.25060207966831,0.0291774333035692,0.952464861701794,0.181213640290713,2.25828638463846,0.0292146860205437,0.862054726333483,0.174206613336687,2.25059354179117,0.0291774333035692,1.13843136567145,0.181216523626547,2.26154081725841,0.0288837316657593,1.04162495899821,0.186181061494375,2.26327513668901,0.0295422530559749,0.929392415510775,0.144150336974374
2.21365357692885,0.0287596150135444,0.926468700730652,0.164919472949336,2.24947540480786,0.0283081405289167,0.927756827247172,0.181738575816904,2.21361507653825,0.0287596150135444,1.10744717465203,0.164935152274309,2.21589721577056,0.0274110680670989,1.1981685256619,0.200769219931692,2.20824355646152,0.0291492130197938,0.944646954500474,0.139635471043793
2.2410259505078,0.0290187938456305,0.962481405548771,0.177656657096768,2.23654054352183,0.0288429382134262,0.939673879401399,0.176136160895273,2.24114632103106,0.0290187938456305,1.15055336578196,0.177682610050897,2.25682113140071,0.0290608131186063,1.14136553060049,0.180340088613203,2.24873935200011,0.0289733227842745,0.983703854878623,0.155281569912985
2.31016915550353,0.0291792445540785,0.94224249447873,0.182124148673743,2.30119491800258,0.029260579142783,0.915935868340209,0.184436494565941,2.31012747031097,0.0291792445540786,1.1263624675442,0.182151200776972,2.28869537640041,0.0269604108111712,1.05982437925817,0.193198315619012,2.30384435501083,0.0291726355584135,0.953516138789149,0.147577072970826
2.18289181027423,0.0290449627598504,0.945903742907641,0.1772725679656,2.18153990881247,0.0290814388674275,0.886171126987159,0.172139794750863,2.18289540376022,0.0290449627598504,1.13069444020852,0.177291889538146,2.19483858606789,0.0293677771610799,1.06184767627218,0.184511335640665,2.19829449539985,0.0296993141096319,0.931833053621072,0.146614631100432
2.2192446171336,0.0274230202100977,0.917569309560382,0.173021624186219,2.25465664146551,0.0277650973152877,0.88686165868075,0.173682148667099,2.21893368077495,0.0274230202100977,1.09694688891549,0.173059771606372,2.26466061148598,0.0283914247255139,1.02927201521427,0.178332513040472,2.22994315946226,0.0282059603005921,0.950629656501595,0.144111069931017
2.13660298642648,0.0292211624239162,0.915580034533228,0.164695711855095,2.20535069269002,0.0290522541175828,0.847335722630307,0.162460801826721,2.13649311625335,0.0292211624239162,1.09448031357279,0.164718717531109,2.20446918756815,0.0286851671189911,1.16761096994923,0.179938694848086,2.16992550105843,0.0295464773846768,0.964472958052704,0.143919650124806
2.21241572979429,0.0285704161080234,0.895922409215713,0.174658381090746,2.23350881437504,0.0284880724691165,0.901894553451569,0.175017265795163,2.21238447790878,0.0285704161080234,1.07094720009102,0.174677155301288,2.2622751951194,0.0274915221395926,1.11888329757666,0.186466336097825,2.23236391700196,0.0287772305484606,0.921250698651782,0.145453146772281
2.35435744357473,0.0285268748073213,0.869363428158811,0.165276529155873,2.33100005010808,0.029070521357285,0.857276561193367,0.173813812731284,2.35428440653314,0.0285268748073213,1.03921793038918,0.165297189221397,2.32375428144272,0.0292281145512531,1.12094910101609,0.1868434393339,2.3401761939938,0.0293443308283126,0.873567804032215,0.141296663670126
2.26565790087042,0.0292147629256944,0.94191794635539,0.183762601024073,2.23288390407221,0.0295384218443504,0.927242385885057,0.182717198063129,2.26556187758463,0.0292147629256944,1.1259077868174,0.183779006959671,2.22675092224086,0.0290910764896977,1.12572978873069,0.184950556086084,2.24227379075435,0.0297292546052751,0.96526431012354,0.147226827650626
2.24659737912022,0.0268680345710084,0.89927706588831,0.173863222502233,2.21242609569229,0.0277585574165551,0.925830536372523,0.184972197125747,2.2466926014726,0.0268680345710084,1.07488327944982,0.17386995201328,2.21468651109579,0.027356262869377,1.10282277057125,0.182419466248123,2.23989655092293,0.0274934563803303,0.955203412581238,0.148939048787564
2.25762407259183,0.0289042713978379,0.947035353082049,0.176316438455864,2.28939666586995,0.0289342199379944,0.893347645948701,0.180360319311752,2.25760362989661,0.0289042713978379,1.13205728339378,0.17633723886351,2.31252125329463,0.02856559531937,1.12254351229183,0.190615639802312,2.25890291200022,0.0292805234502517,0.949646572334761,0.144193776992456
2.29672090745557,0.029253040507795,1.00580820930521,0.176393081189254,2.28843131742801,0.0285749527407148,0.940138758440282,0.184111051867418,2.29670772242677,0.029253040507795,1.20230332230228,0.176412533766494,2.32360867649785,0.0284671996765846,1.16877478800027,0.191848986623937,2.30427200701216,0.0294446064927415,0.988263834882731,0.145536174799991
2.25105047413114,0.0287174536308639,0.916458069201044,0.175831790813082,2.24305466636177,0.0292506718729605,0.944615120216267,0.18163508962433,2.25105076765019,0.0287174536308639,1.09542277814617,0.175839154680106,2.2195608775765,0.028819672861463,1.16025329304548,0.191126620340773,2.26455192178095,0.0289757796961321,0.938216889002601,0.14653579832314
2.34055165783605,0.0283318564422722,0.991019148088433,0.177561479205896,2.34428895812374,0.0282771732170882,0.906251304211765,0.183544586904156,2.34069571521292,0.0283318564422722,1.18460367269293,0.17757785398882,2.36325947002325,0.0282059271497894,1.17848616666885,0.200374417866156,2.32585704524653,0.0287529582354396,0.954786198867261,0.148669505576201
2.2336960068692,0.0289777635983263,0.949843289312392,0.177856996308471,2.27120905984955,0.0292230550643772,0.956911782260802,0.17950024589818,2.23369851400061,0.0289777635983263,1.13553511204736,0.177896982847757,2.27527792549731,0.028316241952413,1.13534501454796,0.181151881230983,2.26718542095001,0.0290964009707522,0.950276389877993,0.148876317140202
2.24467477313932,0.0298209044976915,0.915817629279108,0.182526281335079,2.29854175761717,0.0291620438439157,0.88961984327744,0.174796530957636,2.24476989373325,0.0298209044976914,1.09485942186334,0.182567633697357,2.28922952200676,0.0290185439798814,1.13014913247721,0.189756240108403,2.26363712517595,0.0300914165377834,0.931860833594303,0.152246705943231
2.21754564931894,0.029572447898206,0.90438696454047,0.170809165037645,2.21025326822931,0.0288102483661217,0.918407495411568,0.168267031122175,2.21755531636079,0.029572447898206,1.08104303161485,0.17082399621892,2.21663005632377,0.0280008739647202,1.13103292304572,0.172925194977827,2.22090563974836,0.0291884270507716,0.942259944033451,0.143330629392836
2.29723240867822,0.0285941566726714,0.914679392368424,0.164068766063486,2.28402813126646,0.0281216658642088,0.921278396293767,0.177717077838846,2.29721281962148,0.0285941566726714,1.09331907559914,0.164078985737096,2.3073000487928,0.0285825037014052,1.12250907994333,0.183825059271706,2.26956973621243,0.0288616489069924,0.89021469406026,0.137776920841088
2.20968921233241,0.0286160665088378,0.891541307911515,0.171102722138846,2.22278466664275,0.0288664889770083,0.881083953786684,0.176548506495602,2.20975723181388,0.0286160665088378,1.06579576263817,0.171134849794875,2.20414778970099,0.0285271630300448,1.16244845913261,0.191907014975565,2.20166747617275,0.0292699786890934,0.91017822328239,0.142684101514269
2.24159436874506,0.0292545193882588,0.846151197746499,0.155366666386165,2.24926552173493,0.0284634968855518,0.890694605140957,0.155322538524134,2.24159129326481,0.0292545193882588,1.01142450572173,0.155379015654213,2.25597911439432,0.0289907079748286,1.11153145778156,0.164020387606422,2.25853049691094,0.0297326618261489,0.899058731406057,0.131673810284137
2.22198995838837,0.0288647515637161,0.9418633664323,0.168654370868904,2.23056909066432,0.0287186669582288,0.922055786251774,0.179818033243729,2.22189793514106,0.0288647515637161,1.12605598322635,0.16870140439712,2.19949518238051,0.0283172252385502,1.11951602226136,0.182078420362912,2.24074143997827,0.0290313194497578,0.945390889325019,0.141621920434768
2.25602785749412,0.0292259565849304,0.909782252812647,0.171769889910591,2.25190789657188,0.0290905538476054,0.925088408613919,0.16767970533679,2.25602581326878,0.0292259565849304,1.08744494397724,0.171777340630544,2.23027046145143,0.0287145520856358,1.08712461315398,0.177755124391052,2.28375471033264,0.0290432491662852,0.886481213215384,0.139966923260565
2.23357422503762,0.0289513574947302,0.881555567800543,0.172799591841439,2.18179034364766,0.0290520385619484,0.916003721445187,0.18370412294123,2.2335749671487,0.0289513574947302,1.05378063738008,0.172819304891754,2.16777201631295,0.0282616115493563,1.13268544415136,0.19674111587458,2.21850094067066,0.0296300097704106,0.947061653278636,0.144720291767236
2.16904240525562,0.0295471462549651,0.867297668041642,0.167444758250086,2.16291392158445,0.029255482093218,0.900467560735073,0.173124858044554,2.16914788479484,0.0295471462549651,1.03679146061813,0.167472618080309,2.19503223365885,0.0289399142242653,1.13389414160802,0.178912289362207,2.22440316837452,0.0293303418031496,0.891577977552654,0.141574675639125
2.21557378421024,0.0291745333119281,0.902465322431337,0.156636261565465,2.23780050502754,0.0297024396230223,0.854512028220507,0.166705960180632,2.21549140410151,0.0291745333119281,1.07876743653821,0.156652970592621,2.23561422931158,0.0285736026908733,1.00415716995832,0.169407722438012,2.24218617659915,0.0291788599321776,0.877703241903986,0.136809051651315
2.21849064632006,0.0293922464638646,0.906510161574862,0.167051792522072,2.23657915937606,0.0283512317319789,0.90910126202669,0.17441983452431,2.21848700044258,0.0293922464638646,1.08377814108874,0.167096699135028,2.2371331508239,0.0276262617129733,1.15572560588518,0.189853257301404,2.23148907493075,0.0287434016395644,0.899997828990484,0.142706261350556
2.26148500548849,0.0288643993889737,0.919520454636498,0.17875345805061,2.29030468085685,0.0284881668038715,0.870035802947421,0.178282360883317,2.26152970285555,0.0288643993889737,1.09934584782213,0.178803665674015,2.29843158155565,0.0280821434035033,1.09483970616533,0.18794525981521,2.27076374599067,0.0295277651242473,0.945526583336977,0.142296319964008
2.23454614709923,0.0286985819296472,0.913080278605429,0.168102997035236,2.20364321790148,0.0281839163232526,0.902373559439273,0.166838436805051,2.23454404879961,0.0286985819296472,1.09141705965842,0.168114917396522,2.19042157828615,0.0273997389676464,1.16170493242105,0.173918762630851,2.22755871954352,0.0288353227781549,0.949016974243464,0.138469789215205
2.27633012454915,0.0281646526135903,0.891294495455896,0.184409683933635,2.30069589801904,0.0280363594971075,0.946300463742511,0.190692974923222,2.27638818635513,0.0281646526135903,1.06558410432693,0.184458746263299,2.32337678986272,0.028040533344672,1.13494784911564,0.202661175694085,2.2981594575427,0.0285295378873043,0.931433700695129,0.154383762986961
2.23879218727319,0.0293182634946434,0.894134141022439,0.171424185945015,2.2555307433009,0.0283059743159788,0.86566728235357,0.168501592180808,2.23879894824233,0.0293182634946434,1.06878776590251,0.171439113247908,2.25281468680765,0.0279362690406163,1.07683732070413,0.176509658836676,2.22465968650145,0.0291985290574381,0.926045562913202,0.145282299217885
2.27239897961947,0.0285390107910249,0.890965328556161,0.165354592670272,2.25122371154834,0.0284846571756197,0.930663446937218,0.165377034008603,2.27243440968181,0.0285390107910249,1.06513909451057,0.165390592474795,2.23114745041637,0.0273970807450741,1.22955686619462,0.178022219116209,2.27450425021668,0.0290898623537458,0.9252886429855,0.137832107788221
2.28088463227031,0.0292352603023481,0.948287723817134,0.184761546132907,2.24755839297232,0.029454005090687,0.922337055082717,0.18868804142693,2.28081363262033,0.0292352603023481,1.1335607650471,0.18478439193084,2.25716651928266,0.0282389589887096,1.08876484424233,0.189628027046486,2.28948295985714,0.0294513444409848,0.937039604212117,0.151747244248438
2.20972025880081,0.0293628453243555,0.920189070487068,0.182495843019262,2.22007562675273,0.0295414206589379,0.932085233102131,0.180757150235952,2.20947018979103,0.0293628453243555,1.10008078473397,0.182536409867417,2.21472205518902,0.0289079051808958,1.18185821047762,0.193578562134652,2.19437648332122,0.029516130040106,0.944571493384837,0.146025696314038
2.2225813545543,0.0286473464422101,0.976307376345464,0.176913331598166,2.2411786674994,0.0288208047210752,0.959222062516586,0.182327539907877,2.2225142485764,0.0286473464422101,1.16702194460384,0.176930226357117,2.22424199304098,0.0289447765213713,1.20564390137584,0.185894871784797,2.23596344005516,0.0292740533203964,0.9547798675989,0.148343919211713
2.23036128145418,0.028268480216821,0.877796585426056,0.162716443304311,2.2107523518874,0.0288962424906479,0.935023987505958,0.158312408086436,2.23027584488726,0.028268480216821,1.04950476161716,0.162768735262943,2.20779677042693,0.0270651878739948,1.18401957922706,0.170466072653053,2.21134951924884,0.0284279507511423,0.896077500834942,0.135377890052395
2.18042494421849,0.0293904890674219,0.886682501516104,0.171823537522813,2.19624499078623,0.0296447307818009,0.890756327810287,0.167436817598575,2.18035945396839,0.0293904890674219,1.05989861766656,0.171841424433649,2.18998329448337,0.0293582849284799,1.12267943180072,0.178538802105217,2.19560211810844,0.0297918675449056,0.906535550214948,0.138970818018743
2.27209430137554,0.0294462281636614,0.964268363472532,0.178126934427758,2.28343476846979,0.0297480149663024,0.978100558146354,0.178228348103307,2.27208213466094,0.0294462281636614,1.15265340003559,0.178147376523847,2.26780753993486,0.029448135423164,1.20955145951897,0.190255073988501,2.23851361578923,0.0295002070378445,0.954580549422437,0.153919542059373
2.20962872045609,0.027786489721793,0.960121256046925,0.175680223317385,2.1969382448708,0.0278221601981487,0.890337840914173,0.170525645100687,2.20965722339367,0.027786489721793,1.14773168292001,0.175705833570878,2.20371512249694,0.0281830485411365,1.06325775765347,0.175891637269658,2.22029717481755,0.028319069736455,0.979651979456565,0.142230931860588
2.21948234741199,0.0289281403986985,0.910648799264708,0.177655054858491,2.20535208344244,0.0291239575249403,0.94144730398406,0.182268858995014,2.21934265045342,0.0289281403986985,1.08883314651233,0.177720285843824,2.20976610974449,0.0275285670225057,1.12324864124354,0.193596609312764,2.20500542354228,0.0295183401031827,0.937583211144624,0.148887786686648
2.20405082695363,0.0293543674111068,0.895275398901145,0.174471030868117,2.2165492411801,0.0290447173921275,0.888706723443662,0.167999405471837,2.20400808570453,0.0293543674111068,1.07010120112611,0.174477949181894,2.18363479978918,0.0289699316383567,1.07950687793475,0.175980150494815,2.21442052947261,0.0297144587292337,0.917701698520118,0.144138317621748
2.28038884904601,0.0280835234278566,0.858794135319015,0.16156624002561,2.29758800385898,0.0286322190766253,0.879721757562298,0.177823792414235,2.28029997880954,0.0280835234278566,1.02656902479844,0.161584137391817,2.28650085512542,0.0281301570552585,1.06003065425144,0.182838977019948,2.2760878689902,0.0284279869020843,0.903140044532555,0.144262551121803
2.2386839879881,0.0288823895314037,0.934361495925803,0.174853499093793,2.26245587711043,0.0289383149057986,0.865100096558734,0.169586497703875,2.23870063125981,0.0288823895314037,1.11235160969182,0.17639938680375,2.26477649762871,0.028753941374014,1.0931021030964,0.183689631823033,2.25260961220378,0.0291304161250051,0.918609208067091,0.140840697506467
2.2980968655033,0.028845081895994,0.889030141579736,0.178517853829913,2.32858894295688,0.0290202132143241,0.866191959608321,0.179938338430834,2.29802586294118,0.028845081895994,1.06262814832979,0.178523547171195,2.33639522898909,0.0291415761757126,1.04344521439431,0.185509186008534,2.27676246230468,0.0290239315371666,0.916438437339998,0.145605891615276
2.20633809556234,0.02861016792955,0.929172522928067,0.176588548216251,2.21428684596457,0.0278851989638263,0.896928345213911,0.169913577129434,2.206320075443,0.02861016792955,1.1108403053364,0.176630958926276,2.20377952382891,0.0278359664021308,1.1454170222952,0.179083609273238,2.20181425222664,0.0287128061931125,0.905993002538467,0.147012826568156
2.21324027078495,0.0287149437944532,0.902601970933898,0.175109322824245,2.2162688721328,0.0282403547243155,0.940623901142103,0.178000501123574,2.2132288387965,0.0287149437944532,1.07889070975744,0.17512149837026,2.22090781001363,0.0277412372435764,1.10178772531789,0.182092821520049,2.23766003095879,0.0283391075789785,0.902970110641322,0.147975277969819
2.24827782638441,0.0289161204178445,0.95942172740843,0.183821992751766,2.26644344230903,0.0283388666992314,0.935005808344684,0.178775643478544,2.24836101733678,0.0289161204178445,1.14690784508804,0.183850774534303,2.23457858518849,0.027401458871166,1.12348583363366,0.183849962614847,2.2542870673243,0.0286140123412535,0.958967170479101,0.152225387046927
2.23072368428713,0.0284778663676654,0.925865199413023,0.169373250817819,2.23850389486409,0.0287057294115232,0.882661703830013,0.179048708177525,2.23074029771577,0.0284778663676654,1.10665323305421,0.169378249321751,2.23207884278747,0.0284184690454911,1.08959125322017,0.189835496067357,2.23036754622344,0.0287205061513143,0.914232953190586,0.144598431059039
2.21388436851018,0.0287688864317817,0.94065471036371,0.174645384159288,2.20085637773943,0.0283125767132735,0.955084272685956,0.177070133943271,2.21394801324809,0.0287688864317817,1.12451809129866,0.17467966244757,2.20017311272901,0.0278672589475599,1.17229451007228,0.19381007395983,2.22306560234746,0.0292963166640291,0.986398016694377,0.14612570780399
2.20850704399518,0.028364070216503,0.868160649078133,0.170647074140195,2.25020930812321,0.028655181965563,0.842257521717482,0.16533706805966,2.20854265934358,0.028364070216503,1.03784086443501,0.170678389572486,2.22177692133122,0.0278678468926064,1.09359863407061,0.170140368495557,2.22657012238219,0.0287721842193968,0.911615374784902,0.143137696427452
2.26163362022806,0.0292629688613633,0.919684742598348,0.171663347361154,2.26626158888692,0.0292000061135677,0.943202055338858,0.174438798515698,2.26163856182633,0.0292629688613633,1.09939607706065,0.171688733949924,2.26549050426718,0.0290767903049654,1.14885910398464,0.183895779857608,2.25886102224261,0.0295293177594675,0.974787190773963,0.139870398451811
2.22120326793032,0.0292512155918384,0.88037754285672,0.165985781225383,2.23814260972631,0.0291319362400241,0.884929148367831,0.170783309873103,2.22126673292017,0.0292512155918384,1.05235039786412,0.166001235594045,2.23262359854945,0.0288677085460643,1.09455945898371,0.177157533451334,2.23944479901835,0.0291941815240769,0.874732162889721,0.136194402028972
2.17153182792912,0.0280368097873969,0.929730515517537,0.174769582147794,2.19006272710043,0.0271188172820338,0.922137530709267,0.180725418614803,2.17152882487417,0.0280368097873969,1.11126219206455,0.17477299200369,2.20607166655168,0.02806960149818,1.12262675928601,0.192325464255692,2.18315853539818,0.0280082380488632,0.955092366927189,0.148827586709014
2.2872536363241,0.0285376364406469,0.929435680951873,0.177443619223563,2.27232804492002,0.0290671887328679,0.926905059422545,0.183199094284169,2.28709444877707,0.0285376364406469,1.11113449851454,0.177482974161038,2.26347587340097,0.0289740795262339,1.11189293533582,0.189212538932825,2.28435283314209,0.0292179714974134,0.955728682043914,0.142623751817513
2.2123916726054,0.0287826227503732,0.912646175984196,0.1730030982929,2.20704556557201,0.0283740332270036,0.871797477717384,0.177513382233283,2.21240408611219,0.0287826227503732,1.09100816238279,0.173032810650567,2.17271057371492,0.0272682032337989,1.10282800533423,0.175408003661437,2.19919103701089,0.0286052888712902,0.915338665081411,0.144383350397297
2.24994775210183,0.0289710908619872,0.897892430244522,0.160527248972227,2.30986351086055,0.028924560870917,0.874025386368517,0.1672381849527,2.24996070097864,0.0289710908619872,1.07327786059808,0.160540881671481,2.30802343564919,0.0281515883853912,1.19938635336074,0.188829184928134,2.28334586231501,0.0292057279058801,0.865760704828248,0.136192053717134
2.23586440863382,0.0286710943053916,0.921627292327674,0.180782895433893,2.21801646157944,0.0288361591605232,0.917711452769772,0.177727372484044,2.23585001561548,0.0286710943053916,1.10174344190944,0.180813771401247,2.24289947868488,0.0294200631026968,1.11932763967805,0.188953036636828,2.2258484130368,0.0297140060547616,0.942143669574199,0.153021894041376
2.21626882745639,0.0287126378831735,0.927979456818116,0.181395020829758,2.1963314380354,0.0292879076291234,0.896597367577027,0.176956108267534,2.21623635479807,0.0287126378831735,1.10936228460509,0.181430132031517,2.18669028360638,0.0285237767339979,1.18756781621644,0.198341574662598,2.24430045131985,0.0294370820550912,0.959789701999211,0.145278016971782
2.31537765147637,0.0289137878061435,1.0379508568053,0.183237284410386,2.23106595259041,0.029382855313968,0.969746748008956,0.186690388536746,2.31542875358047,0.0289137878061435,1.24076855394432,0.183263869985022,2.24634088372443,0.0289803488913576,1.19498203823652,0.193118266675821,2.28375174966607,0.0296035509070944,1.01672842570335,0.151991870524094
2.23631673021403,0.0291346552702824,0.915426232280925,0.175314241343371,2.26582543290744,0.0290060281921185,0.922793902789061,0.180825090362672,2.23630664054901,0.0291346552702825,1.09892332059553,0.174577377797486,2.24324593511992,0.0285464902446576,1.13883703928572,0.187874994132862,2.24873957685045,0.0299844296360601,0.924851904427535,0.143990245960245
2.19125652831384,0.0293198721275638,1.02005602931493,0.187984706779631,2.24321510433892,0.0285385186297247,0.944833046504677,0.182238148712363,2.19129901427097,0.0293198721275638,1.21929403678559,0.187999182991715,2.24883950344563,0.02814443230741,1.10975002253573,0.184878742287198,2.21764649367215,0.0295387750190344,1.02391164177565,0.157038924501409
2.24955239347545,0.0287282261039058,0.940883787341363,0.170451135509995,2.25097043187054,0.0286312115762053,0.909661075223699,0.168862054958343,2.24947594271903,0.0287282261039058,1.12468542210323,0.170468445005672,2.23202743219528,0.0291071957165186,1.1776793404445,0.182341832942921,2.27408112459554,0.0290640863326217,0.937645364553995,0.138372812350863
2.25732302932832,0.0283792542470483,0.90554211153772,0.170887332232309,2.21154240507038,0.0287649811225728,0.959698638219796,0.172030488454537,2.25739196398445,0.0283792542470483,1.08248809441872,0.170912318980585,2.2161935728938,0.0289278078528422,1.12180776548931,0.182411031470751,2.24189627717665,0.0289271156923359,0.959998845436386,0.143839745862931
2.26474077408194,0.0289484251821054,0.849061161801908,0.173488466814808,2.21718187975538,0.0290538013978718,0.857027931969601,0.189584735540186,2.2647734793308,0.0289484251821054,1.01489852452327,0.173501516264717,2.20927972358513,0.0289659095145595,1.06796016315964,0.20155482221244,2.25616151184932,0.0293392972458184,0.889916349347451,0.152390745135446
2.29417291279185,0.0293255043422376,0.916411518475509,0.173282036210042,2.26577912182444,0.0291279979574087,0.909682362670179,0.173860131129412,2.29419106298597,0.0293255043422376,1.09543350256827,0.173299792450787,2.246054484893,0.0290934395336751,1.13728395949811,0.194998042323577,2.28101033905448,0.0293829696339584,0.949584083845518,0.150470608398526
2.22078938636519,0.0283237186823265,0.914013933411225,0.15689761790718,2.24782451996025,0.0283266551837459,0.93987157157981,0.176630330843814,2.2207510688943,0.0283237186823265,1.09263292095695,0.156923084238846,2.23502082702486,0.0285835144721441,1.15103322575288,0.191247038135542,2.22919095824946,0.0277650077627806,0.921895289395398,0.13463717098043
2.21495554623332,0.029330068852725,0.955602119607891,0.178691100918646,2.23572044782991,0.0290105852965018,0.930653220376496,0.180538877326968,2.21490864197904,0.029330068852725,1.14250461839745,0.178744548201428,2.21515388443191,0.029367586282012,1.11579403780424,0.189199609877536,2.20927805937224,0.029720774377697,0.984338816165395,0.145049601998125
2.24280435061331,0.027734949193899,0.929426837096489,0.176353325492167,2.21696678826148,0.0279488635510393,0.936168740072001,0.18839846661996,2.24291205249471,0.0277349491938989,1.11102164661242,0.176376201663953,2.24446348210063,0.0277132461109916,1.16161191501815,0.195168555169425,2.22990534356476,0.0281029412546931,0.964504073478281,0.15023693268583
2.27998192006473,0.0283923815828592,0.897414998560917,0.17326977888945,2.29090459939515,0.0280846264576761,0.92808111488446,0.169483156404737,2.27998922294267,0.0283923815828592,1.0728569879302,0.173308694899374,2.29580240085658,0.0283232791752639,1.13611672868448,0.190153292126863,2.30117856514007,0.0280028474694388,0.930345121204527,0.143670000099336
2.15529497845902,0.0280931670468729,0.889042017698068,0.1708573277797,2.15813370054585,0.0285349963148237,0.901201634078379,0.170831783937998,2.15530000293978,0.0280931670468729,1.0626794448969,0.170868742367523,2.18425491326023,0.0285024462774726,1.08631779194232,0.176259774503049,2.17170030022397,0.0287875992658815,0.91547405717323,0.140320205810269
2.28076140264503,0.0291825416399815,0.899641538722051,0.168995743465133,2.26659091124371,0.0289612873089982,0.939354136737241,0.184347480496585,2.28072846749894,0.0291825416399815,1.07542020177862,0.169018201773325,2.25894335686993,0.0285926151274453,1.17443058079251,0.193980017573513,2.26206505518717,0.0290289966653933,0.903177448006283,0.140231126018569
2.27896583940913,0.028590450766372,0.924980952801148,0.176346390959386,2.29814966961843,0.029010356484953,0.913072742929118,0.184771522561328,2.27896746369187,0.028590450766372,1.10565391629091,0.176360781529253,2.29712719635059,0.0290540307486436,1.0803098058314,0.187976548470552,2.29370788889963,0.028615631444684,0.939147298966083,0.154107069335329
2.22591309749191,0.0286184257695189,0.99132357443534,0.181535076148598,2.22070326553047,0.0283262636017324,0.985195485989494,0.177160668949735,2.22586034013295,0.0286184257695189,1.18504331864223,0.181563423731152,2.21688232576051,0.028999360658847,1.12168716528172,0.182155153891677,2.23909456717423,0.0289420122003734,0.988777623388269,0.147587241083859
2.18980093771338,0.029414158878136,0.948905594166222,0.19605841135038,2.23290569648093,0.0283051918748355,0.945232966582395,0.180502007994516,2.18977244737647,0.029414158878136,1.13904528514396,0.195341796230161,2.22124054060045,0.0281491457930285,1.14338878201114,0.185350445951567,2.21741641783688,0.0290664469919511,0.985990613185539,0.16281918164112
2.23145475866123,0.027861271876108,0.922750556506855,0.169240210112281,2.26154247833186,0.0284115710496812,0.92884533708105,0.172254862375984,2.23145034975625,0.027861271876108,1.10292469537775,0.169244327336289,2.2467348584546,0.0285310930142228,1.13285105716436,0.184331734052714,2.21269709432591,0.0284398002219177,0.889976000603141,0.140919273395118
2.29579233375871,0.0283616008183979,0.922253873278041,0.16880856323179,2.29464159774287,0.0281910136093751,0.90345067743565,0.17082527925851,2.29571783906811,0.0283616008183979,1.10236621525059,0.168818058135694,2.2752045432148,0.027561647165385,1.06648477021326,0.182740251412781,2.29919648931887,0.0288499652525444,0.936662128952748,0.138502734025375
2.32130379673601,0.028682436945432,0.893430642553584,0.184155235784596,2.27394486385832,0.028155454896227,0.93097194145876,0.186206266901029,2.32131740830914,0.028682436945432,1.06801804955738,0.184183550098696,2.24631517931675,0.0267593922692949,1.20878127471569,0.199876222772145,2.27637367638726,0.0287590290146658,0.935420496330814,0.157606245162051
2.31427708873056,0.0286463450077556,0.990916234304574,0.180973800909602,2.28113305675517,0.0289104285338294,0.959670226728163,0.177997261895407,2.31426331690678,0.0286463450077556,1.18482712165096,0.181043430892364,2.26751356606662,0.0283498955699007,1.1729891822768,0.189715355281778,2.28961804252422,0.0287495965205408,0.963580769617397,0.14518721567275
2.31957989612323,0.0283670954149389,0.949396637467191,0.193355717087317,2.27925270945581,0.0280897039404811,0.901245618420507,0.183199960493852,2.3195886242345,0.0283670954149389,1.1348953199792,0.193381156684032,2.27519706054416,0.0276414014069009,1.12675351261896,0.190764416573209,2.2685890947325,0.0288389235728468,0.985840082175883,0.159538895228789
2.24626226031535,0.0285612593151539,0.915908582161214,0.174942825779311,2.23909975807414,0.0288559729062083,0.919988120782648,0.171029853367886,2.24638966160026,0.0285612593151539,1.09486205152346,0.174965503940243,2.24835437418697,0.0281626914301654,1.15500770378531,0.185930317375183,2.27622461657576,0.0285648561799817,0.946571076744144,0.150183132586387
2.2207181704717,0.0278346703633886,0.930675478183567,0.179833364147241,2.25563175349848,0.027782690529697,0.9591703446381,0.185922970354878,2.22086310930107,0.0278346703633886,1.1125563698446,0.17986350084165,2.22269732424885,0.0276612355714544,1.2129488520824,0.199603439160642,2.25045588035951,0.0276997013507393,0.940824820422965,0.145828021805496
2.23491075020464,0.0286879056320127,0.922212211168778,0.175972297731346,2.26753408950534,0.0282977508589664,0.912626992328671,0.179225526353455,2.23483919590328,0.0286879056320127,1.1024309152872,0.176000474997291,2.28062492073088,0.0282691636382988,1.14013365295888,0.194970995731551,2.23559380138365,0.0289581106386667,0.932085433465181,0.1468394375886
2.16132513744112,0.0292478957155924,0.885919012907104,0.175225922627249,2.21018788518092,0.0287966600548828,0.898710928192393,0.17971208500115,2.16132479165645,0.0292478957155924,1.05916798547126,0.175274282662561,2.19971216098233,0.0290165098285819,1.10628949648729,0.188043407546565,2.212324439021,0.028960494353394,0.955825026228246,0.142913276917409
2.18782819763146,0.028574639580128,0.871667065829916,0.172651918902108,2.19498128965223,0.0286610505000259,0.867320501907459,0.174246936905746,2.18772124707101,0.028574639580128,1.04210625015884,0.172695806883457,2.18600278564104,0.028297728410977,1.0693740705619,0.184006737322091,2.18532947362065,0.0290529521677666,0.923644521336824,0.148068546142234
2.26675763106063,0.0287690924906548,0.930663983383455,0.175826687821581,2.25748992007112,0.0279402920294388,0.917012099324063,0.168815283162816,2.26685656814704,0.0287690924906548,1.1124267232939,0.175837832276572,2.23582482686537,0.0284922641540622,1.17545187967012,0.192825144441246,2.25647188035506,0.0286873168700832,0.908774004813735,0.140892884775322
2.28833809565335,0.0284955597768763,0.931717302430797,0.185393296558167,2.24668362669482,0.0293135654018102,0.996899113441185,0.188185922303719,2.28830644763509,0.0284955597768763,1.11376477174333,0.185418201128853,2.222157174035,0.0282237953958106,1.1963221302756,0.197448202456034,2.27162905786046,0.0294432530687089,0.98303463158522,0.155789348069344
2.19509914573928,0.0284631371992431,0.916369028807628,0.170075854987012,2.19228010766402,0.027609629958628,0.881801989765442,0.169359882570692,2.19516129408002,0.0284631371992431,1.09544373855849,0.170102758942162,2.20983746651545,0.0283816485112039,1.11781469056272,0.181657099287187,2.21498634458838,0.0283951939275183,0.896364497741185,0.140372290657881
2.27420609284642,0.0291957991391401,0.913432246064902,0.171268077299634,2.23585800552321,0.0283374522633293,0.938672670421941,0.169124791388868,2.27425541922346,0.0291957991391401,1.09202527375735,0.171309636270768,2.1976392106653,0.0276820326245835,1.20507019831351,0.184725049503368,2.23567918216245,0.0288805783688581,0.941216952598875,0.139352141854516
2.27367997853666,0.0277106199069959,0.944269242340098,0.178229041571963,2.24904578567334,0.0283983251535292,0.961413729362359,0.176078340723828,2.27364980068603,0.0277106199069959,1.12874531782906,0.178249208407004,2.24908435005875,0.0290959167582154,1.15267007079977,0.176471742197871,2.27033479487887,0.0279442574734242,0.940473758243556,0.145888908114456
2.35515309098797,0.0283743570632727,0.930506528935537,0.180502359385424,2.2679414985354,0.0286451109214106,0.919751294355142,0.188674784165901,2.35510182569703,0.0283743570632727,1.11244878824544,0.180547926698294,2.24454755276933,0.0281078651579146,1.15012013701433,0.203486046826908,2.30588711611698,0.0287967721619999,0.957352518080533,0.158511156962165
2.27705741925124,0.0286744054714587,0.960107497147934,0.183459857863719,2.29787293608243,0.0296208675179217,0.919361671320832,0.180172122686162,2.27712336907136,0.0286744054714587,1.14758880388591,0.183466389442535,2.31068063326811,0.0289209329154275,1.09124617085955,0.173838639899362,2.28913356706998,0.0295887721860331,0.985785972628527,0.145778108474347
2.28818908466727,0.0290074181930231,0.924995231649078,0.1648453517823,2.26492008985927,0.0282706319521086,0.92937427854766,0.174538339379991,2.28817841149917,0.0290074181930231,1.10570103153304,0.164863283971683,2.24043134369366,0.0276817525230198,1.10773417391506,0.17511911261476,2.27356172136696,0.0291638323271343,0.94878044006396,0.144056326897259
2.28915429881132,0.0285837377718117,0.912870836763397,0.174668011320129,2.28891092922511,0.0284012601396939,0.92161647066403,0.179409618926451,2.28912217034577,0.0285837377718117,1.09137473087012,0.174713698256067,2.2816280117317,0.0282784693008681,1.14594849612106,0.191537740537292,2.28577979374644,0.0283686689679868,0.942891907794342,0.145720472553312
2.23594897773607,0.0289132367451647,0.931559996961756,0.187217208011664,2.19704805097049,0.0287485258900404,0.880860320702801,0.175790757096814,2.2358195066801,0.0289132367451647,1.11356888336661,0.187241038140701,2.17458822508561,0.0292651145031665,1.11531850698198,0.190346209500673,2.21494833498694,0.0293507930325967,0.920731476916884,0.148763097734643
2.2501424602889,0.0282177403136365,0.925060422679947,0.182347575826931,2.24003186338738,0.0280182034236615,0.935569548159538,0.17339740974757,2.25022802982389,0.0282177403136365,1.10585932983441,0.182380667002787,2.2338031313777,0.0278817370148045,1.16145857983792,0.174524887743305,2.23929918083236,0.0276112652670214,0.961729287701526,0.150491728043786
2.2732252619888,0.0279955394025106,0.941322609480881,0.182649574489537,2.21725134918039,0.0292140738688835,0.912577214363785,0.187710787833772,2.27316649164868,0.0279955394025106,1.12530793595089,0.18268402697772,2.23064144199297,0.0286553944164216,1.16464248234299,0.205788553593824,2.25119093577997,0.0293224642693719,0.953831281463248,0.161656456153967
2.23037655411771,0.027946645047421,0.907549192848579,0.165425326704904,2.19372821126303,0.0271447328883982,0.923217016976958,0.178260526797334,2.23031397439485,0.027946645047421,1.08484445243339,0.165442970298154,2.16236663806032,0.0270082050445684,1.15144273326971,0.175381559682918,2.22066429885511,0.0281546751288848,0.920314388751413,0.142771016186355
2.21800109314343,0.0287358961260047,0.909715527374972,0.170043904832537,2.2511982388581,0.028140051319915,0.907717333918953,0.178999348931837,2.21799229904365,0.0287358961260047,1.08740052312312,0.170056806631332,2.25339726426108,0.0272769906603538,1.1172715246845,0.194650399501058,2.24772056481776,0.0287072714638793,0.924804043483986,0.136245480096399
2.20759062601144,0.0293601542781051,0.927890390976673,0.172214000611911,2.25717192659004,0.0282259604402458,0.950097702410953,0.181921272450658,2.20766360307712,0.0293601542781051,1.1091557912195,0.172231803617723,2.26330377370756,0.0280401560874718,1.11103093466566,0.186154154005211,2.25449106498694,0.0291596924372887,0.939088419646455,0.147098662169059
2.24895169039098,0.0291633125136917,0.981364355224347,0.183060145910675,2.35558536208277,0.0286355797074529,0.935401249240642,0.177306697875964,2.24895284386766,0.0291633125136917,1.17303593372091,0.183072815499827,2.36422889803963,0.0284299210347201,1.20539163776729,0.191845781468965,2.28312933702958,0.0290421923433879,0.96849150033333,0.146328929141986
2.26227035406802,0.0290088816131152,0.931449592956956,0.173645080794887,2.25288409989225,0.0294304909487735,0.916806203150583,0.167615004994332,2.26230590732514,0.0290088816131152,1.11340150355135,0.173661661124478,2.2483546520555,0.0291127723867817,1.06502833648491,0.17665750588221,2.22774389612852,0.0294334909973607,0.916520894616218,0.13696405840487
2.37662520652515,0.0289761247788496,0.924086353705028,0.171095903721447,2.41757347163614,0.0289488135440394,0.847705235835019,0.187575293563163,2.37675321451657,0.0289761247788496,1.10463354914558,0.171117451798432,2.43666767095374,0.0285348049804423,1.00960812411082,0.186725512484496,2.37440356663476,0.0288675865859817,0.90822202192357,0.146989641088823
2.31632296210882,0.0284157599071633,0.919919252087832,0.181102894827239,2.33481336050192,0.0280210814364411,0.947673483875229,0.184905292302147,2.31625204905565,0.0284157599071633,1.09970690969601,0.181134700893109,2.38990747481942,0.0282747781854181,1.2310562513963,0.189852145883651,2.30357951468396,0.0284776053300419,0.974140900447978,0.15099802282404
2.17361809250407,0.0289988605503492,0.911308757587825,0.184837080452971,2.18399685469364,0.0286971885539024,0.911003230227672,0.183419730294407,2.17358781972054,0.0289988605503492,1.08936253052478,0.184860877233989,2.19695551330985,0.0289601076847991,1.06801311989386,0.185726488378297,2.18853514612807,0.0290912673286497,0.958218160493947,0.151398109572535
2.26103011622679,0.0288649647268389,0.99210288731846,0.187290206685052,2.31548397815918,0.0278823682948699,0.898810718941345,0.173398957494229,2.26096817496323,0.028864964726839,1.18589803701698,0.187307309453437,2.3464560873966,0.0282539850916038,1.0735145825583,0.186743518590323,2.29446773740413,0.0290142938475522,0.966760239918348,0.151179832572424
2.2239405671987,0.0290642375879662,0.879452512787176,0.170362700743008,2.20657148575346,0.029450652596392,0.92083246876269,0.164433872008929,2.22390235009966,0.0290642375879662,1.05127832770638,0.170384017234658,2.19986469742454,0.0283783842518852,1.13479969357824,0.173785348256595,2.20114765186694,0.0296040541196977,0.919118415220897,0.133161303996396
2.1842445040935,0.0282557464257714,0.858908467428886,0.174697417009405,2.1975125109212,0.0272160088382684,0.945522826233174,0.175472896132645,2.18425658864179,0.0282557464257714,1.0266684228693,0.174710426640027,2.18834102848874,0.0272286942683811,1.22550172062906,0.188194814369217,2.17746674674196,0.0280501542601098,0.921974031497847,0.14825147722639
2.21689693454139,0.0284506347437215,0.920473628750115,0.17343119967729,2.20273983229352,0.0285554969093383,0.872051917149187,0.172957661309213,2.21686543852526,0.0284506347437215,1.10041131444315,0.173468229060499,2.21319068055569,0.0286519514224932,1.10366673661495,0.18213036780902,2.21313819604324,0.0291316156775111,0.955538292734693,0.146360143704987
2.19732994539187,0.0284149241368603,0.903213954969137,0.181621281510643,2.19245684774055,0.028531069813346,0.932953644095949,0.187100118791542,2.19714243937468,0.0284149241368603,1.07975757487767,0.181656681484824,2.16970042631034,0.0280358156293889,1.13404737224449,0.195026448122567,2.20554688421246,0.0291321370235666,0.922787977019422,0.14883219073229
2.20123171326622,0.0281583438044691,0.912981913502919,0.178792954399809,2.19936855185041,0.0285992755993088,0.922530481642435,0.18740171237824,2.20127410070419,0.0281583438044692,1.09130560443285,0.178806635848697,2.19419946998915,0.0281091693663765,1.14321588476585,0.189225359152026,2.20739976229551,0.0289725116426351,0.971320373901049,0.147234751725466
2.23158978809586,0.0285734535746633,0.961013128609247,0.17363354719244,2.23930026606484,0.0291804061731137,0.928547429760354,0.186066903409261,2.23165837100563,0.0285734535746634,1.1488840809653,0.173671897288198,2.22060586285589,0.028905257257624,1.12837219364088,0.183225963130437,2.21030621558561,0.0295692438261158,0.950381665510547,0.149962426527735
2.24662477531689,0.028406196885204,0.943204126975622,0.168283672761828,2.25703985515261,0.0289685190441872,0.892149233524989,0.170550243052202,2.24663895712835,0.028406196885204,1.12746101481654,0.168301056931001,2.23664511015975,0.0287076794688288,1.11327942987799,0.175443620623044,2.25394106952451,0.0287693710986971,0.935566530315058,0.136312322387771
2.22868346160752,0.0294682455228893,0.879990748493396,0.168984296490654,2.23041873401995,0.0291937436531263,0.869977080413751,0.173023591705467,2.22853765645662,0.0294682455228893,1.05201898318297,0.169021066687008,2.20917889333537,0.0286394431683853,1.11681163293583,0.195779258064943,2.26528992925498,0.0290881667726557,0.877727918813467,0.145110736859904
2.23647430153768,0.0292758648017438,0.856697140536946,0.168045567854146,2.20353630979052,0.0281564685662545,0.907343562677306,0.180319902797207,2.23647351936885,0.0292758648017438,1.02880381443196,0.16746643722296,2.20465321341478,0.0273803435225053,1.06482786595107,0.177260832672919,2.21594042735268,0.0292049822764128,0.89002153990589,0.145621307869089
2.23603463576692,0.0284830647338263,0.914755667204056,0.166040043863236,2.27909397871645,0.0290049243066467,0.906986246974422,0.166111212582926,2.23605464586564,0.0284830647338263,1.09347642927648,0.166060437053486,2.25456397752682,0.0283990096070344,1.111278609737,0.175010014227679,2.25221002318016,0.0295364092354872,0.921708589494269,0.142444702445848
2.27999576032158,0.0286805576772502,0.895686805800738,0.161614471624731,2.31041851518212,0.0290882971898932,0.875897566432234,0.166869957645146,2.28001709637047,0.0286805576772502,1.07061919199308,0.161624842345579,2.29591403709642,0.0283753869120621,1.10864362859243,0.175865117972496,2.30844411816088,0.0289177817088712,0.928898816826203,0.136235629250396
2.28020001089685,0.0290842278266439,0.953219294784053,0.184093173843207,2.23089728194915,0.0289934489485492,0.918356652948513,0.174823822859038,2.28029402526734,0.0290842278266439,1.13957385476669,0.184135004709796,2.23995993815868,0.028350237394418,1.1091051009593,0.181522726996896,2.25703515136207,0.0286805511682554,0.94366390453614,0.143663376515674
2.3261211258533,0.0288435520508112,0.846113598462424,0.176743522196208,2.28714379662324,0.0286221132702319,0.926012462322464,0.178194058429585,2.32608699732714,0.0288435520508112,1.01155566772054,0.176788348306605,2.29038844308779,0.0287302110354488,1.13873954580205,0.188890914690287,2.29087211135724,0.0294040767778463,0.899290085556784,0.154078044994164
2.28956708735221,0.0283026257375997,0.9127063944327,0.164113818864401,2.26413826722524,0.0283801958312478,0.857880905057672,0.155724972065771,2.28952659407644,0.0283026257375997,1.09090993226882,0.164116397061597,2.20529818021572,0.0281010932926231,1.11238944311804,0.162758776187735,2.26199144212186,0.0285937459858864,0.938359666646439,0.135875027477233
2.32624186485591,0.0293164505359813,0.964326888317536,0.175467876222355,2.32501729458399,0.0283736879048946,0.886058145341066,0.170344239393461,2.32628073668968,0.0293164505359813,1.15274885626181,0.175491894863011,2.34316691529353,0.0280828420625619,1.11163459806094,0.180206464560142,2.34242329921958,0.0296428303108445,0.941397721376527,0.148324153714031
2.2853277127229,0.0275124795681043,0.913273114271106,0.177461681841847,2.25251149625507,0.0273270480819902,0.918610771764204,0.177631432943857,2.28526379299244,0.0275124795681043,1.091755902966,0.177491879871975,2.2380889131022,0.027225825759243,1.16311415886225,0.186976818787823,2.25209691649771,0.027762794289568,0.911007045885134,0.148308526911981
2.22902633682589,0.0289060168345213,0.888327573828541,0.165544329204224,2.29246280500553,0.0291882175689566,0.890505010672328,0.168277624511793,2.22901465029045,0.0289060168345213,1.06181323261451,0.165553481761336,2.30364764263173,0.0289991643214204,1.1250392219638,0.192427641701722,2.28818372608655,0.029232976691901,0.901584740210668,0.139518391823825
2.24860833898886,0.0291939982662424,0.905547987209903,0.171331927663355,2.25513812507021,0.0289619317611522,0.913418476709478,0.174681736909794,2.24860711207572,0.0291939982662424,1.08239817574566,0.171341633605029,2.24982175047352,0.0281581668848354,1.21927661705993,0.196105377219376,2.2712830822868,0.0295887019222569,0.907482575470889,0.150730731659177
2.28095525493383,0.0283709042821559,0.904422681422463,0.17534148818269,2.2519789350124,0.0284280243344013,0.891232212549526,0.173130061348237,2.28092470600062,0.0283709042821559,1.08107973094452,0.175355740613423,2.22512376821002,0.0280010683778366,1.08260310155381,0.183210478211389,2.24784980882811,0.0290756639646967,0.956565510074918,0.142491899853671
2.24330849716707,0.0288283538511022,0.899665857526349,0.171705892352304,2.21864144217576,0.0286145814445184,0.926502981930911,0.171142056866852,2.2433001184656,0.0288283538511022,1.07559747866235,0.171752376565819,2.18890648389774,0.028609341732151,1.15022746212952,0.172295932043777,2.22822226856623,0.0285730385779863,0.943956640103329,0.141991906948112
2.37297121656036,0.0284049565426303,0.907493583202757,0.178814348803605,2.37391376497197,0.0296201798123662,0.881621281595589,0.173541432360454,2.37297636059728,0.0284049565426303,1.08476353637972,0.178831039428879,2.389878449401,0.0293948849130817,1.04998327595455,0.176491187753209,2.35131567720506,0.0301576728036493,0.935160690236559,0.143240572624896
2.21439034743374,0.0290541918315518,0.914086714860006,0.182714451136017,2.21497894576593,0.0279734436022842,0.960720104660919,0.193188059349183,2.21436600943767,0.0290541918315518,1.09262211084543,0.182727749525636,2.20437556691759,0.02754993512522,1.16736427642633,0.19268573742953,2.22693963918505,0.0289778113350953,0.969833809222589,0.149313788969398
2.23414957438736,0.0292637300509487,0.937002808896784,0.177721311942451,2.21463452935413,0.0293379543498469,0.912589306858446,0.185136430886391,2.23415462439863,0.0292637300509487,1.1200591295072,0.177741396498955,2.20445365813608,0.0281655773049763,1.08333403239366,0.187175468084277,2.2569674467739,0.0292373756180799,0.94237676319219,0.147582932554244
2.24609346577637,0.0281562657213129,0.888220788742293,0.172656612078216,2.29091368687066,0.0280167289884542,0.913475028927888,0.180210691586918,2.24615306288983,0.0281562657213129,1.06177660998504,0.172680960316864,2.30191646621784,0.0272446323902059,1.13000390309655,0.182592780323044,2.2661976903322,0.028572180862049,0.913988862222886,0.148575010214089
2.16365054206991,0.0291742634370958,0.887276385104089,0.172679967093021,2.17300006120412,0.0295285631933662,0.845253689959282,0.161130491233536,2.1636802235576,0.0291742634370959,1.06063482366572,0.172702226451785,2.1711060248223,0.029572961621958,1.02406610968554,0.160711744718556,2.18830267717729,0.0300684943308424,0.890984606395934,0.130613065826909
2.23826940580595,0.0292452080481862,0.945440258285952,0.182982726181823,2.26666188456655,0.0281929611507024,0.92839501674236,0.186624310447654,2.23828554236053,0.0292452080481862,1.1302858330286,0.183026218392204,2.27317257847134,0.0282682803559072,1.09593594323969,0.18280249015629,2.25596284227277,0.029272819033442,0.978248384071979,0.151163758100737
2.20499619894469,0.0287405085543366,0.92892978004425,0.16701284544665,2.20214894842324,0.0287679651484071,0.907675995158569,0.175046761452601,2.20496582152502,0.0287405085543366,1.11048581196343,0.167043285588491,2.18764242110495,0.0283291592382564,1.09272538300486,0.174407212399954,2.2044198322922,0.0292302393983167,0.928981617719928,0.142437598363856
2.25150917770703,0.029534598389408,0.905451655668226,0.166101627425544,2.26646252461617,0.0293961573826096,0.923375668722401,0.169728748432175,2.25159112951726,0.029534598389408,1.08250688025296,0.166145393915894,2.26156879785973,0.0290747161317421,1.23248996106792,0.193134048319778,2.2817226643505,0.0297246111367574,0.936348961499764,0.138955560316891
2.26765980111509,0.028823061686846,0.963478982673134,0.174040714057738,2.26070609544195,0.0291528714059867,0.917533868402022,0.166358309654815,2.26761399104624,0.028823061686846,1.15174899966652,0.174066611365815,2.27062825986678,0.0287396230952664,1.17883673332584,0.175644388775249,2.2306701241082,0.0295852865970386,0.959870336075619,0.14277037062453
2.29854383748857,0.029510421504434,0.932836734118748,0.17701614572317,2.27983672078165,0.0289795413042317,0.929011407682389,0.176383129754257,2.2985423227982,0.029510421504434,1.11517526999114,0.177051410334729,2.27848084844411,0.0286603263652309,1.11498872223681,0.178678640498807,2.28870320193658,0.029713421707882,0.941714000551235,0.144293451621197
2.22237173169951,0.0289557249153007,0.944405673050863,0.182631246105872,2.28288003887154,0.0290760108294895,0.936382250829506,0.180568152525888,2.22238163109504,0.0289557249153007,1.12906316814431,0.182676951440908,2.26931383575703,0.0290238436810691,1.24053605267043,0.203747852254736,2.27143116049712,0.029506035942778,1.00050764373003,0.149265791993634
2.23513554364369,0.0277920223942987,0.965654778582329,0.192279198461348,2.26576061666523,0.0290449586671538,0.968757840691522,0.190577191004002,2.2351801898501,0.0277920223942987,1.1542555341221,0.192292078848559,2.22980373381428,0.0287848046160414,1.18840931417422,0.199362717651443,2.21818503784119,0.0290505547628998,0.997198620011569,0.153542493909462
2.25016641315399,0.028601040577739,0.96814135874235,0.186521027666372,2.30215609797774,0.028641608932496,0.921908964288609,0.187077800981354,2.25013079365592,0.028601040577739,1.15742588127558,0.186565456691039,2.27871166443139,0.0283260861676839,1.13991598103902,0.198851845072917,2.27151832522351,0.0291152456026937,0.955237894525837,0.1450136364057
2.31155985404571,0.0278194697189356,0.965242449346234,0.179824194824412,2.27800936734584,0.0276117594934824,0.992032522499264,0.184469724498256,2.31170899451521,0.0278194697189356,1.15388841413029,0.179855840001391,2.25664939617625,0.0282247872354051,1.18032252698137,0.1981810791865,2.2931747239203,0.0285406170666946,0.974304355244324,0.155140372704302
2.2251499171469,0.0286722177290137,0.899020641335377,0.168787706562767,2.23484157192191,0.0286913684962595,0.843113685434864,0.163626269600405,2.22513251371893,0.0286722177290137,1.07470206894566,0.168813919721531,2.22217218580452,0.0278143814932639,1.04449689312113,0.170600425552548,2.241441113797,0.0284092599577143,0.904651144433741,0.139256973827194
2.22304074412072,0.0291573059294587,0.910762714554769,0.175658853883339,2.21524370233362,0.029102506516484,0.902745039634718,0.165492484075195,2.22299079614822,0.0291573059294587,1.08876155476564,0.175689820471356,2.18360402825377,0.0279980800983509,1.10363857965144,0.173367667615832,2.23581689422598,0.0297980694065964,0.934529492389705,0.141105869797692
2.3464438242023,0.0287586322661729,0.890372394719355,0.164261352435393,2.2906667293214,0.0289239908364639,0.935968937137888,0.187053117265448,2.3464736473726,0.0287586322661728,1.06424325308764,0.16426825104453,2.25915812003358,0.0285936094815768,1.20054242835663,0.184349722327793,2.31268989081198,0.0291983014070153,0.95935305475486,0.141113603725113
2.30915074767264,0.028437230646036,0.913356228917736,0.178566270902103,2.33263447212061,0.0283085170919952,0.963130717103889,0.18526123035141,2.3091064027655,0.028437230646036,1.0919189157845,0.178607069040269,2.34337587461192,0.0284752095540142,1.18931862859076,0.190915726012816,2.30071313131933,0.0281914761784372,0.966074455330613,0.145645186484619
2.21452807896867,0.029269165196626,0.887816592332753,0.170607004208449,2.17831102292515,0.0292466324980128,0.917117377964222,0.171087782313903,2.21448562654229,0.029269165196626,1.06127354100021,0.170627864962084,2.16636156165139,0.0289028492627636,1.11567392599568,0.183446261032464,2.18924806358695,0.0297748633179442,0.940047243481428,0.140368287398235
2.28954114557998,0.0289808862983882,0.939259338562849,0.181762280445562,2.24545263912355,0.0289919896022714,0.987160207412934,0.182103253288959,2.28952512956794,0.0289808862983881,1.12285340344296,0.181798510577463,2.23984611765968,0.0290793205149227,1.18596796578473,0.193318996569229,2.26262697750455,0.029178789304291,0.943679350033316,0.151195723639243
2.25182984093696,0.0293540308111383,0.916580407231529,0.171145116765353,2.2360894965848,0.0287891171910606,0.940800155862565,0.17995481461864,2.25185254211609,0.0293540308111383,1.09568007912316,0.171169636421048,2.24969975155608,0.0285676442921788,1.22845057314287,0.190573955750642,2.25008515062241,0.0288936047538668,0.975065560297521,0.145656031754005
2.26934974149037,0.0278423346088249,0.858403843172481,0.176836419844371,2.25821608131913,0.0279735021198088,0.91090401564931,0.172773645023655,2.26958826905129,0.0278423346088249,1.02626826303617,0.176884581804425,2.2649387963422,0.0281935209578734,1.11362686111783,0.185710203369801,2.27397198910223,0.0282484531876453,0.941609548234745,0.145936924164886
2.33150019570397,0.0285169114627387,0.941946751598116,0.178374420790466,2.34081871596692,0.0285641548582629,0.972835948589939,0.193989192340063,2.33140636289321,0.0285169114627387,1.12617037243552,0.17842649355379,2.34857236208095,0.0286859077141128,1.27865533172305,0.20320274923307,2.32094172148074,0.0284916956857479,0.95606834963935,0.153061825590965
2.19488174639114,0.0290700068456223,0.901526864309305,0.179115603559249,2.21679179356869,0.0289633568609633,0.945553754328777,0.172465453075675,2.19489573965239,0.0290700068456223,1.07785603791762,0.179169683728517,2.22620922823733,0.0287157452483737,1.18603926752869,0.175057079362022,2.209739633667,0.0293031421972386,0.978707786731426,0.148476955784949
2.25020071855322,0.029126252317166,0.898892472145023,0.175286299118139,2.21359223601759,0.0291979080198846,0.877766087961132,0.174505058631508,2.25008065056522,0.029126252317166,1.07468104361754,0.175335088422271,2.18597161316278,0.0286603140414385,1.12237375781188,0.18569048705515,2.22354042101999,0.0289892706488741,0.936914140612925,0.143963543002005
2.22319300079509,0.0286164501975883,0.937671196128545,0.170638512239652,2.24544331466219,0.0278950223412842,0.944007426110724,0.165966610982692,2.22316289997355,0.0286164501975883,1.12082132491222,0.170652197827318,2.23601387243275,0.0272745812714534,1.14433606258792,0.172098210998783,2.22996372119614,0.0282391648531931,0.933727043194088,0.13592726196594
2.16892712606165,0.0280558222952872,0.827935508285588,0.164066802149542,2.19517639585738,0.0281522612125809,0.907615665853443,0.169187963678542,2.16888521270511,0.0280558222952872,0.989809433085197,0.164106133345759,2.18082428489505,0.0275327346618818,1.09762387862936,0.175873415161404,2.19751788901371,0.0278875804228891,0.872877892752833,0.136259117030561
2.22900495688791,0.0283296394203076,0.95452576967622,0.166595055095779,2.20819151795846,0.0288634076407365,0.962752498472637,0.176752004372716,2.22888650265815,0.0283296394203076,1.14096828665597,0.166608456919873,2.21829956435258,0.028070828330345,1.1661485029669,0.192409589889766,2.19766963077303,0.0284774446204124,0.95324875004757,0.144238011508886
2.23216168805034,0.0288099840872179,0.923033024972354,0.181090951904578,2.2250405901617,0.0289496072550605,0.926732164058025,0.178532512252142,2.2321719264903,0.0288099840872179,1.10343376379077,0.181123499458635,2.22717024381115,0.0288387207241216,1.15867616743364,0.191444561303772,2.22177437893341,0.0290381539954633,0.964409015937976,0.144211607619307
2.23576045968296,0.0294389456167036,0.877657910271365,0.168937158960254,2.25874120903006,0.0284003563165278,0.933214340092934,0.187129396564977,2.23566234043738,0.0294389456167036,1.04920712053632,0.168970217918685,2.24324554233287,0.027640112208368,1.10778275297024,0.183331171474275,2.2264491728151,0.0288639955800024,0.913716901914502,0.149312842296538
2.16189351431923,0.0283614063021047,0.881466855278379,0.171159643356771,2.127303326933,0.0291082326756162,0.899251360498526,0.178925138182941,2.16194922489477,0.0283614063021047,1.05378983244737,0.171197890945996,2.15259315332585,0.0281134434914759,1.07659410717736,0.178387463546875,2.16480435636306,0.0292083453007614,0.934613284153141,0.149977630017498
2.22690745619023,0.0282557324815215,0.903653362051622,0.166909149007616,2.25590055010765,0.0287292249591607,0.901434124710801,0.170129986089827,2.22673370637514,0.0282557324815215,1.08045504279785,0.166968288306286,2.26212208484892,0.028918984432253,1.12194676847921,0.178587360108657,2.22788459215722,0.0287058088291289,0.954021672670465,0.137139813859725
2.26418308709025,0.0292489448498229,0.942917287154357,0.174762549778436,2.2813208685373,0.0287449630065893,0.898576648797209,0.176259791355079,2.26424414120643,0.0292489448498229,1.12715637897811,0.174786532860201,2.29083176997402,0.0286459726726294,1.10021342119217,0.186968132992906,2.24177636452003,0.0294259281768788,0.929151151271161,0.145985535273079
2.2566226176864,0.0291899065215568,0.986210254160123,0.179683033677325,2.23678097976367,0.0288198435610827,0.97572045247367,0.170917281537484,2.25664172530025,0.0291899065215568,1.1788476187895,0.179698415685219,2.24243270156167,0.0290502680088255,1.26009779488358,0.183352284966656,2.22017580851694,0.0289488533206918,0.986336715852941,0.145162777487788
2.28435390810114,0.02894770306117,0.925771340462185,0.18542239884614,2.2250755353559,0.0288811964554227,0.962330637891284,0.187825792359805,2.28442573908902,0.02894770306117,1.10668166366051,0.185451434757786,2.20288152477968,0.0282369068654531,1.19552356578265,0.193994839049121,2.25603895634878,0.0293564955806162,0.933464893769501,0.150820531350937
2.25919753553403,0.0283953577024571,0.891822920622769,0.179837400706422,2.28305365542244,0.0279707213624953,0.915578584202408,0.174671218700595,2.25921320729494,0.0283953577024571,1.06598300675602,0.179845960830294,2.29479006341125,0.0272541227544571,1.17749350881177,0.179727449102911,2.27515588390979,0.0287668823064855,0.910184902166964,0.143759107177356
2.1526621718036,0.0284768116921737,0.862539235020268,0.155508086026194,2.14030440759392,0.0283573376677409,0.861605351435429,0.169197821451545,2.15266965827267,0.0284768116921737,1.0310471385439,0.155525518595051,2.12459968697012,0.0285851373710101,1.03307453048797,0.170365438919594,2.14273003874037,0.0285506953936942,0.882034186272513,0.142029622106949
2.18168908108269,0.0279579200356667,0.964422952564445,0.181377433217627,2.16288900540321,0.0284997932096482,0.88067337807306,0.177635755784809,2.18172897039233,0.0279579200356667,1.15270557358349,0.181377381163297,2.15651894830354,0.0280980695169634,1.11859684688533,0.184930840746749,2.20077084638077,0.0286305205811849,0.938920928649862,0.151339321782928
2.26869431566827,0.0293173064567272,0.916905535391443,0.166121583652314,2.24760638670888,0.0286036211195651,0.915147574152207,0.167417749610316,2.26870910887823,0.0293173064567272,1.09610146758076,0.166150344953056,2.2493750310483,0.0288008517667124,1.12534640699163,0.173594025727875,2.26207234248081,0.0294064266905144,0.909123310411559,0.14200292951254
2.2973315261547,0.0281766144885672,0.901110624133018,0.175375985734677,2.28412671347159,0.0282561782318563,0.936734315093488,0.173217700048286,2.29742027439985,0.0281766144885672,1.07709155907148,0.175385488790003,2.25800767772386,0.0278321530515844,1.08880463538642,0.177342446570384,2.25865462700544,0.0286104495514199,0.941814315966329,0.15014693798638
2.30348454229288,0.0292708379738056,0.926889463992085,0.182077982416151,2.27799480323073,0.0287425063096336,0.962399287966405,0.163189600386993,2.30344854638688,0.0292708379738056,1.10346163077485,0.18273186071072,2.29334987586731,0.0287019646424271,1.23714005680734,0.175880463140744,2.28544335758966,0.0293809935238889,0.970280183835207,0.140584535515963
2.29334598646007,0.0294121960038523,0.991810590714279,0.179582580128698,2.24237322032479,0.0295011256482841,0.93715045804237,0.176923729333628,2.29327704967053,0.0294121960038523,1.18563235024623,0.179611659757266,2.26789946496372,0.0291162686502492,1.16669449236053,0.183791834639447,2.24365005645266,0.0294160927056166,0.968502134049729,0.144000928777377
2.30458055137462,0.027838122614863,0.943518445853352,0.170828715148673,2.32600465675826,0.0286334960570508,0.982679180551502,0.185612619004715,2.30458855683703,0.027838122614863,1.12792270112069,0.170859384268359,2.29551097571834,0.0286136260205101,1.27141587182775,0.193949683973908,2.2893788807109,0.0288683949669165,0.959382314950174,0.150679622495037
2.29163141743088,0.0279323708394095,0.960263733226708,0.185693903041909,2.26735004776284,0.0285299269848272,0.960674497594471,0.178023531703236,2.29165633896148,0.0279323708394095,1.14786452599824,0.185714909996853,2.23888931379314,0.0289512293546832,1.18447178819365,0.183123481372852,2.27350798605111,0.028524231824051,0.987915394049101,0.151731990445308
2.28855465384951,0.0277780362964788,0.874386864684852,0.157546415710279,2.24859915042,0.0282779757686755,0.873177347871665,0.155610306811673,2.28850999124879,0.0277780362964788,1.04523666736479,0.157568194553237,2.2532719806965,0.0286223948171236,1.09091556355426,0.172649499509498,2.27146046373298,0.028421171476254,0.879269336300783,0.134791807260979
2.22069626793369,0.0289403867441268,0.894733859669715,0.176006938927778,2.21572320074067,0.0287737169321149,0.838165144099208,0.176954956563007,2.22057541120832,0.0289403867441268,1.06944191368659,0.176011943381097,2.20471142398882,0.0287509370649158,1.07684542484244,0.182392519205859,2.23726911644236,0.0290473990473397,0.922660154051513,0.150356820434243
2.24203918840855,0.0288860737968921,0.856676725158508,0.172376064201146,2.23015705792678,0.0284766770100238,0.830725059269982,0.160111021211849,2.24222739415194,0.0288860737968921,1.02403101408616,0.17239399048264,2.22566764672113,0.0288123263817725,1.00621772134444,0.167825874470092,2.24777518484426,0.0287605675444852,0.853897147328958,0.13773308306925
2.25582815113461,0.0281559750674566,0.952918470244609,0.171563341980576,2.27301738756365,0.0282364175116502,0.931444424744857,0.176257117965489,2.25580593532397,0.0281559750674566,1.13901642396691,0.171572531442675,2.26783096769098,0.0271798618331013,1.11796988692804,0.183305732594354,2.25673415681635,0.0283894841883622,0.960119263222636,0.146109527904907
2.21541974956517,0.0290700650907501,0.913882434156847,0.171767607960918,2.22977237264321,0.0285561417244446,0.914583693086306,0.17336541747943,2.21538264930128,0.0290700650907501,1.09253201026614,0.171804339107458,2.22323380958551,0.0283346434112115,1.12412493127577,0.185894316212694,2.23707793298739,0.0295781195931517,0.937735132945278,0.14929697306856
2.22733417063492,0.0289140210300078,0.863938385732832,0.17043810922624,2.21081148215941,0.0282534778540092,0.892872253244117,0.170979061380229,2.22721283010686,0.0289140210300078,1.03277781028937,0.17046681834336,2.18502910861243,0.0275039560703351,1.17439621143096,0.175455166904984,2.23173615885728,0.0296876210158857,0.892992313439498,0.137711105198452
2.24565936312672,0.0289900324644541,0.880729113317595,0.16940565578233,2.24426982297666,0.0275237193295155,0.91160836111182,0.174056081201357,2.24571374036166,0.0289900324644541,1.05284411193772,0.169433251682812,2.2405793606999,0.0280221284165326,1.12668322727637,0.186328982399185,2.24376714382598,0.0292879167914945,0.866986253188943,0.135772661118251
2.22096585023294,0.0284339357627716,0.903375187035637,0.177070068669607,2.24130973834052,0.0287388095218039,0.884674239303108,0.178745451523056,2.22098124220944,0.0284339357627716,1.07990252728751,0.177096743614316,2.26136309627651,0.0289773988604495,1.06790181057063,0.17960450711692,2.22771180891615,0.0286863516791617,0.932129746795949,0.151191148483758
2.17347569080462,0.0289566293920301,0.868680836510442,0.164889860649953,2.21182816138244,0.0290006305058975,0.938276794785648,0.176079256428158,2.17333785441435,0.0289566293920301,1.03837395973563,0.164906023172823,2.20006097791508,0.0287240130633347,1.09577744329121,0.177019661501551,2.2128425251322,0.0290969164559132,0.925576502470308,0.144799305615137
2.20362674846761,0.0293331765491392,0.937452354364172,0.182738074794695,2.26201042214818,0.0285599270539487,0.890743767022413,0.180121848384199,2.20355282850065,0.0293331765491392,1.12059734572349,0.182758864259953,2.25843171877903,0.028511071989852,1.09772195581271,0.179435288802543,2.25717189472859,0.0296354937763605,0.922507823010665,0.148279219934844
2.24742615697819,0.027928684710273,0.897941534827927,0.180665508450253,2.26328998359207,0.0283663359173055,0.897551178415189,0.177245508368018,2.2474284191556,0.027928684710273,1.0734636881154,0.18070225212183,2.26047059944839,0.0278581886184616,1.11403522076711,0.175767055945736,2.26063522690291,0.0287995966138641,0.919584240980081,0.151121549901887
2.16962164193116,0.0286244888524829,0.883777105620686,0.169542797587657,2.22478006297308,0.0292721284065959,0.886728810070141,0.169873447656859,2.16964974250646,0.0286244888524829,1.05648399021595,0.169569811889032,2.20445102040636,0.0287455605957312,1.09420827544705,0.174220872853388,2.20508043829675,0.0293705176673371,0.912537717778344,0.139217555964134
2.253379198708,0.0288781479985637,0.910283849625028,0.172246324010414,2.31597319796924,0.0287806148245673,0.95701637094119,0.181252983852228,2.25331346603883,0.0288781479985637,1.09350148134154,0.171586255950511,2.30478519148121,0.0283881244648698,1.229468481848,0.197768420795684,2.26524201319427,0.0294910093530279,0.92358083428761,0.148785386854336
2.29279377425263,0.0289762885400374,0.883083382975563,0.172844373154155,2.29871551521822,0.028886023636256,0.89570272565572,0.165791978825355,2.29289649556705,0.0289762885400374,1.05583883500298,0.172902066942322,2.29348500257924,0.0292685684865745,1.08096101896505,0.176558188455165,2.3036298172157,0.0296173473385383,0.936961847974955,0.144388056877952
2.27280609586223,0.0287158638021841,0.847235635486925,0.163008855611237,2.2777154373491,0.0294796519513058,0.8238011564832,0.155870602463583,2.27269642321066,0.0287158638021841,1.01301196631987,0.16306868903018,2.2573538023625,0.0288639941417915,1.07725691574972,0.169393225075459,2.28253491122473,0.0291841476088707,0.885238193315793,0.12991317977859
2.32583555096896,0.0284590505917325,0.887306174144136,0.160233967122489,2.31964445820979,0.0289893185579949,0.861581394518611,0.1652120860581,2.32579986265143,0.0284590505917325,1.06060011565498,0.160243998020801,2.33418433349233,0.0283063085812618,1.07526897608969,0.176469690074723,2.28684864933732,0.0289571449876294,0.9041332106951,0.139172251229068
2.19035664561292,0.0280889324483035,0.875200497903913,0.180475065851583,2.1998013918696,0.0285155472864448,0.922826027002427,0.172268917087492,2.19024221064969,0.0280889324483035,1.04644033204263,0.180539877246084,2.18153134095446,0.0285421782252118,1.12970923152994,0.186115994172052,2.2069256924468,0.0289650536995548,0.936196613383256,0.147152291715775
2.23963666902135,0.0295107006717907,0.904119619181229,0.164818003763497,2.26049342056673,0.0293349009710382,0.893853697653324,0.168712960540804,2.23955850747364,0.0295107006717907,1.08087752024877,0.164855811290776,2.25396368404351,0.0288961189200002,1.08792772426923,0.173646421134229,2.23198729467974,0.0300647383881227,0.950382117935401,0.140912759262481
2.22988623142044,0.0287239363240033,0.937747085228957,0.1752038699948,2.24792257922629,0.0289414116722985,0.954282537108841,0.172844142797841,2.22987338859229,0.0287239363240033,1.12094443338767,0.175222985847823,2.2194894898616,0.0291693406299384,1.14888019940391,0.185269153842775,2.2440545799736,0.0294342646467459,0.919642949504945,0.146344012908271
2.27016510567307,0.0285313644273516,0.894835457029846,0.182408459764935,2.26058614846638,0.0282840963446232,0.947816063793739,0.1910616228341,2.27013178518675,0.0285313644273516,1.06968140990063,0.182433781442826,2.26797750830549,0.0279980227017784,1.15459786676117,0.199310663022239,2.27027009401058,0.0287897789299293,0.912263440385152,0.147421535951744
2.22057497906394,0.0283775213067294,0.930075415683519,0.185774344028555,2.24767809392048,0.0284166689233142,0.903161011380101,0.194099664541333,2.22050308099592,0.0283775213067294,1.1120089939849,0.185833878625554,2.23259723310133,0.0284622586494427,1.12291616138465,0.198941715370471,2.18770400108465,0.02920080907983,0.923161563535317,0.150660493680634
2.26249700397067,0.0288812086351569,0.910153168200344,0.171051983967326,2.22843641387708,0.0287441960568468,0.930146675182583,0.169508645903606,2.26252634753838,0.0288812086351569,1.08800694253364,0.17107806015793,2.20849563440913,0.0289159767198496,1.15102295144344,0.175602063179026,2.26083043022182,0.0286279602832065,0.926980780493813,0.137616489070621
2.23206141370756,0.0283377487407038,0.882628660725691,0.162342650816191,2.22777975816897,0.0287940109178282,0.890051462897307,0.171712750527172,2.2320178979931,0.0283377487407038,1.05506075903895,0.162360768360561,2.24714635881808,0.0279847730960847,1.12377833006474,0.183551988882689,2.22849450007898,0.0290981241834539,0.890353858155094,0.137979615535641
2.31903347052416,0.0284892289540941,0.918593175939353,0.160269182198401,2.25324244559237,0.0292322076054973,0.92154210866029,0.172313086390018,2.31909547004306,0.0284892289540941,1.09817052105753,0.160304460758558,2.24477359662517,0.0289027908357252,1.18859624225376,0.182317623098464,2.25900730855396,0.029619103802244,0.935352327586528,0.141805853363898
2.22106570507916,0.0286778363434379,0.941543629313576,0.176975393040697,2.2288167484571,0.0287423525645181,0.951062140339006,0.177446682774413,2.2209909724101,0.0286778363434379,1.12553327340984,0.17700266066494,2.20036385167468,0.0280023998408749,1.14201474461748,0.185030386962172,2.19862570120836,0.028736961658291,0.966984025522508,0.145194845899836
2.24137819915855,0.0292611054455237,0.909308248452825,0.173133080794896,2.26650900890687,0.0288707246948475,0.899731523518435,0.168310134579776,2.24137354162534,0.0292611054455237,1.09151643630683,0.171613072059571,2.28961815747942,0.0285823542126675,1.11176195942607,0.175885703246177,2.24529810623647,0.029174328502356,0.932120603829705,0.139608185949159
2.24729101395456,0.0281830801636142,0.89576116657139,0.170392953635466,2.22284230012572,0.028129552793734,0.905525007649311,0.167079477497048,2.24737317425292,0.0281830801636143,1.07081868778085,0.170421491633289,2.19511189644434,0.0274727873898843,1.11768414135864,0.172779372946143,2.24666708533901,0.0284755514420975,0.915162463341949,0.14588576399872
2.25381146953747,0.0290361924350726,0.901025046782034,0.18132891436598,2.28147436171962,0.0289374341409437,0.931265042386276,0.183574999385414,2.25365870929526,0.0290361924350726,1.07715027085486,0.18136584877374,2.27499119135713,0.0282381582183715,1.16024221710401,0.196459744183726,2.25438160950465,0.0291411239920014,0.94013512000854,0.156019394201757
2.25304311804042,0.0291412395269112,0.869113734242983,0.16353351776348,2.28496656143678,0.0294498744923597,0.939560010370693,0.178146162341126,2.25298767215046,0.0291412395269112,1.0388372467233,0.163541018654212,2.28046919929375,0.0291170661509821,1.10722090305867,0.174814527446159,2.25588114249805,0.0297234388945997,0.93718885640101,0.13754581962121
2.21951924567194,0.0293648208723881,0.900947745098796,0.178481013454935,2.19531261945641,0.0285008772718144,0.979044577224605,0.184475024589388,2.21948612451263,0.0293648208723881,1.07705810582361,0.178517408715652,2.1857779790797,0.0281587914715232,1.21180260477574,0.197650910880128,2.22323743253842,0.0285741973787857,0.958427116732982,0.147912977822958
2.31332046761624,0.029280869566367,0.902429857212485,0.169061025047996,2.24335691743563,0.0289097273216842,0.918400200667375,0.174807559904036,2.31331451886368,0.029280869566367,1.07867767006948,0.16907163425978,2.19258959274572,0.0282079939851939,1.11098101364494,0.172138618094107,2.23238376502851,0.0291074992635587,0.90740333834319,0.138051979085084
2.25861382899407,0.0292746168950879,0.882572981670114,0.163509682161075,2.29114926981622,0.0295482749279395,0.900586220995303,0.16785917240494,2.25860564779216,0.0292746168950879,1.05510263547463,0.163544737465128,2.279654047954,0.0289221027351077,1.13846756409738,0.17141431631194,2.23963535081694,0.0291254294133918,0.937443036036094,0.13924215381033
2.26728609631941,0.0291234358071265,0.944993962159691,0.165543583565737,2.29533006450977,0.0288687183143265,0.824078826952985,0.173746180756104,2.26735179454798,0.0291234358071265,1.12967214643544,0.165571185875167,2.28689890247324,0.0290701628397577,1.10190957288767,0.187063415522758,2.26307230140652,0.0297303654188428,0.904516211878555,0.148828453730117
2.27108146333088,0.0286471459773597,0.857369812577884,0.172329643460819,2.25426746855214,0.0289138466863995,0.859997655746718,0.175449386859603,2.27098623277993,0.0286471459773597,1.02482188573436,0.172341239747372,2.25632849703869,0.0289036646916284,1.03928249464059,0.178321661675803,2.25694297117196,0.0291145388316952,0.884836103908147,0.144485425923206
2.2179137908863,0.0285341939585789,0.970803586394911,0.191093304752876,2.23746500620517,0.0285876716725697,0.938614253850216,0.18665454359035,2.21812684786136,0.0285341939585789,1.16067384631163,0.191149566574693,2.25963714067833,0.0285797268076881,1.17179378797206,0.198692370305258,2.21843712399535,0.0292936342088153,0.950379316821078,0.15270636974862
2.143496734063,0.0285600883731855,0.922565210576216,0.181121364222723,2.21559635739141,0.0281052633284144,0.916379193821178,0.189520755832835,2.14333593292216,0.0285600883731855,1.10297679402971,0.181170716685349,2.20388745978642,0.0278331965727006,1.13178614399595,0.190786939201899,2.21105577323865,0.0288510001503594,0.95394015371276,0.151900191130182
2.16615556331944,0.0293360667272269,0.885282656164256,0.180226928599009,2.20635752276166,0.0285019211918389,0.928717094462565,0.178659814205679,2.16603739357484,0.0293360667272269,1.05839548389871,0.180274676026346,2.19256033942467,0.0282848608811052,1.167314846363,0.187798001939939,2.17325558714067,0.0286778583211157,0.953174760995796,0.151854106019132
2.23708337030372,0.0293953376563607,0.974178801977308,0.185181845236321,2.2613163387451,0.02887860523719,0.904272788345769,0.195736755212856,2.2371027432627,0.0293953376563607,1.16449068928864,0.185201616332247,2.24247581341329,0.0283409707628687,1.11481011656136,0.199426633234446,2.24393604858899,0.0292534467626406,1.00404162667671,0.154222867260312
2.20626760165776,0.027854131416941,1.0001174340484,0.174979000958839,2.20104315657231,0.0280872992054262,0.959236560502095,0.194981981128623,2.2062084137488,0.027854131416941,1.19548842724151,0.174996487218119,2.18958621459555,0.0276758178250604,1.17428974120209,0.203182159001071,2.21654358043475,0.0280751625112036,0.980545484930631,0.147356741293057
2.2263617688298,0.0293609598217458,0.921832034451116,0.168816343940341,2.22697526517023,0.0289724833615372,0.913638592233904,0.16783291218248,2.22640040386712,0.0293609598217457,1.10193855465857,0.168837569949365,2.22394625874423,0.0285668500102198,1.15610410056295,0.171904269350424,2.21402147637141,0.0294083315717103,0.956372660400357,0.139241007500424
2.2815619429759,0.028653017740387,0.903066129070214,0.168904382889561,2.24622840400455,0.0287435444894106,0.944642741530229,0.181265867598902,2.28167550256032,0.028653017740387,1.07951223702951,0.168926566623134,2.2516762559834,0.0286102334624305,1.11509047064815,0.186970040908428,2.25239813545406,0.0293089654455656,0.962698131546209,0.14715234813209
2.27272023348834,0.02931790502332,0.911870367512214,0.168257995975878,2.23866212520633,0.0291017078940081,0.961870263571927,0.186434127090473,2.27271159896082,0.02931790502332,1.08994533245988,0.168265989969214,2.2235462049142,0.0284679687475079,1.19417563344314,0.194908892034522,2.26731910359655,0.0296776364655941,0.971010559184883,0.152740195017903
2.22140400636854,0.0290286902664719,0.908034016781965,0.192325762311854,2.23741171430962,0.0290283447074572,0.889626843855531,0.187706394312437,2.22137948056556,0.0290286902664719,1.0899091898568,0.191065299782911,2.22987337520051,0.0284661570058101,1.11342375715104,0.193617658116173,2.22892314029117,0.0294428111002274,0.892192502915714,0.150827348651616
2.22265633555576,0.0290788961952378,0.835103368627655,0.179367203787142,2.23212087300175,0.0295195176067692,0.862377169550604,0.170957225451703,2.22261445816604,0.0290788961952378,0.99850147957087,0.1794322632301,2.2116414696678,0.0288879795815912,1.16916457092401,0.186784939752344,2.24037536103508,0.0295541324350877,0.904670841204222,0.151412144968436
2.20247523845088,0.0288234190664532,0.982942243178195,0.184423102577785,2.21386301015695,0.0290529149850424,0.943409313442346,0.191767744175985,2.20251839978357,0.0288234190664532,1.17516035805991,0.184473283089635,2.22762818577992,0.0285983183752862,1.18830080116185,0.201195826156162,2.21043271196016,0.0291224186050716,0.982659079092134,0.15555488756857
2.21441796675402,0.0287312203054453,0.903181304886485,0.16262660676424,2.29315466837888,0.0291872787668654,0.906346329262478,0.167376348961311,2.21444097816335,0.0287312203054453,1.0797482010507,0.162662772424607,2.27432277833979,0.0291298151825337,1.12242810155819,0.17159279042952,2.24963498781579,0.0293180141660595,0.920088567332834,0.136637252763419
2.28674831475613,0.0293813696856284,0.920774638271167,0.170807237401022,2.26265344328938,0.0289257686071725,0.907500805303544,0.175643575306719,2.28664910316435,0.0293813696856284,1.10082255390244,0.170851682061046,2.28661073524105,0.0285139714920026,1.14919286055587,0.187145702805094,2.27261573111143,0.0293447307295529,0.972941305173545,0.144488033047601
2.25890171472704,0.0282762458808507,0.929548071913643,0.174067855042422,2.23964804293252,0.0279694872263717,0.952403016436757,0.170978213620046,2.25896242984637,0.0282762458808507,1.11119722314277,0.174095237484115,2.22889777871156,0.027821582038655,1.20901681791882,0.184381958863945,2.23856204397158,0.0278808343807274,0.937515759592234,0.143958348140102
2.28914637651261,0.028527135220771,0.888155217855744,0.165237297932891,2.33109021539761,0.0289076221517448,0.908831698229912,0.1638469949119,2.28920786031661,0.028527135220771,1.06179808618324,0.165276143698375,2.33489735527272,0.0290438365846014,1.11673850074654,0.171964544316555,2.29213945705037,0.0286698808157397,0.906701079884713,0.142644403876193
2.27265331526506,0.0287385500502454,0.899123790431152,0.171651184307204,2.22900818297737,0.0288401120546785,0.907552691810681,0.171727464384719,2.2725712538592,0.0287385500502454,1.07478183582644,0.171670887846891,2.20320627820945,0.0288814905041167,1.11460295205785,0.176600059914702,2.25735114560194,0.0293317185652946,0.938179934740914,0.150422365826718
2.21647906798073,0.0283768343291558,0.902976247876509,0.175636281457086,2.27353712673917,0.0288922441101075,0.900155839422108,0.173199603245323,2.21647689722431,0.0283768343291558,1.07947173984453,0.175670243876733,2.26157688276754,0.0287372017175869,1.09524445311663,0.181285186376259,2.24395274581481,0.0293692540022294,0.950079263708873,0.145262709946856
2.22490495262688,0.02911945586016,0.902300514339626,0.171310527183037,2.24475280298755,0.0287852337171468,0.87494988024088,0.170761328648003,2.22500452518289,0.02911945586016,1.07875112257704,0.171357503889786,2.24291936472567,0.0292019505523732,1.08989187169585,0.178797004248243,2.23016569915966,0.0292258287639453,0.871089113111451,0.141535800267031
2.32479370312352,0.0281927975224217,0.870024710317331,0.173919121513942,2.2563265461749,0.0276068584768339,0.904533884726325,0.172439530564754,2.32484547567861,0.0281927975224217,1.0399976475542,0.173939061490691,2.25393909617655,0.0272273823287332,1.11906557404641,0.176037619774689,2.30342925482249,0.0283985743570399,0.889312975939545,0.139486428574525
2.2787321110207,0.0295553871345413,0.934222286210168,0.172568153430246,2.27542909975596,0.0296447396680893,0.935403626905576,0.1720929722871,2.27876622444036,0.0295553871345413,1.11682045589247,0.172600801698257,2.28623287578209,0.0289377571970156,1.23986995853066,0.187538449201194,2.29584688654446,0.0298723559944189,0.950428083596958,0.145449211715268
2.24520374690372,0.0280252194000218,0.915259390126102,0.170347072467178,2.15810906793491,0.0288096080446104,0.872645012439935,0.167482297208256,2.24517662967331,0.0280252194000218,1.09401074401365,0.170357433332136,2.14270901500523,0.0282310465998532,1.0494502763379,0.181518422001345,2.23036231154139,0.0290826705772282,0.910137621523822,0.138332556238805
2.22894407776565,0.0287239882492246,0.932565930439905,0.181234301364838,2.23188255259743,0.0292404702868586,0.918925331308597,0.18448894851742,2.22895423883657,0.0287239882492246,1.11466330398628,0.181239800985138,2.2041057981312,0.0283494890571005,1.1242943242414,0.192789419323941,2.25064481634563,0.0288076460068478,0.932678471977959,0.145272543651501
2.19408490593433,0.0288861942418344,0.940857388082954,0.171222742494439,2.20503248261508,0.0288816946854302,0.98819199972845,0.179117158425931,2.19410838581518,0.0288861942418344,1.12471787544365,0.171249876482516,2.21610752352665,0.0277772516192905,1.1857403624228,0.200506516633596,2.22054308592895,0.029426054897094,0.951162417367147,0.151091375405922
2.18855939076086,0.0286724962434307,0.887481281020023,0.169496487378128,2.19269806603858,0.0283127322634321,0.891138147463685,0.166814850061987,2.18847099783529,0.0286724962434307,1.06084664438173,0.169513045980935,2.19938449442657,0.0285890817249514,1.07201586109671,0.169634764534211,2.18793379326356,0.0290481281709087,0.878364746410684,0.141846744455634
2.25130048675813,0.0286416551786693,0.948918882344039,0.173558628937773,2.21385622641313,0.0294321064983011,0.922370416112003,0.179392354783119,2.25142961145749,0.0286416551786693,1.13442340685868,0.173596642320362,2.19176735598755,0.0288584178093197,1.14938284383994,0.191534933321369,2.22559004281347,0.0289955089569897,0.961546318807803,0.147617864649583
2.20931434455132,0.0278999277221849,1.00043850736596,0.178415926487993,2.18599796028829,0.0282302755563186,0.920714524831646,0.173988172506819,2.20928425678836,0.0278999277221849,1.19600429899723,0.178453463220444,2.17684783691985,0.0280139847133113,1.14487948208363,0.184526587132063,2.22363649055576,0.0288583694700428,0.959044343249063,0.144296303914315
2.15658128175352,0.0292999657605343,0.903555853292588,0.179661673107755,2.17113208255087,0.0293545004832427,0.901646547044481,0.181764405859043,2.15666928676385,0.0292999657605343,1.08012235441084,0.179689380138304,2.15085216723269,0.0281933092445871,1.06908135987439,0.17591837303466,2.16227374531905,0.0298332849802171,0.94717515295878,0.149642472771644
2.25717881260265,0.0288286035051525,0.933117630323737,0.173862500299366,2.25971506635933,0.0286522501438063,0.930965993647651,0.168277924108276,2.25725254334719,0.0288286035051525,1.11552657252178,0.173899553020653,2.2492847320467,0.0275677077967393,1.11445635962067,0.170971449207531,2.23890591451179,0.0287083700359712,0.911579398044938,0.141363881948547
2.18672878629846,0.0290123768669,0.858489906806401,0.169906355389083,2.25771540122618,0.0293402177783776,0.88878290080899,0.170207601339749,2.18675459589658,0.0290123768669,1.02628242713854,0.169937937545,2.22859275265164,0.0282976622705489,1.14633541931505,0.204877568002919,2.21125962397663,0.0295638144552555,0.859027294285605,0.13885555967436
2.21747105062438,0.0288115650936734,0.877517429998763,0.166069307111879,2.22990233615224,0.0280840498211828,0.903151302709051,0.170151028871524,2.21743211785674,0.0288115650936734,1.0536270313258,0.164809875863236,2.22906684603332,0.0283459123248754,1.17446652438305,0.18482725367104,2.22202176092406,0.0285930600828236,0.939274980386348,0.139781792363393
2.22226305292716,0.0287826614012427,0.931728682191126,0.17932861829886,2.18206343985638,0.0285669829140047,0.90078778327698,0.181154339738041,2.22229713798342,0.0287826614012427,1.11389730805007,0.179371860074418,2.19072941193057,0.0275887110471254,1.19231123684993,0.192224158607638,2.22616232578312,0.0289583012741105,0.909921823389519,0.14924292274566
2.20819234625626,0.028676887506294,0.914611654486055,0.173312044029601,2.23386674275166,0.0281933769023981,0.919288655691954,0.17243254502117,2.20819670732464,0.028676887506294,1.09336453277978,0.173342882894852,2.20833672506262,0.0281124234462461,1.14499448291635,0.18265934414378,2.24558438471295,0.0289242276479031,0.919457178724151,0.148761949148827
2.22521551058573,0.028087834050447,0.862545631994886,0.164306813207298,2.25329272646819,0.0283415213688365,0.859711137937387,0.179437940277224,2.22511838139218,0.028087834050447,1.03114749564181,0.164340007917576,2.23602882164537,0.0283559181192915,1.11589994239351,0.194976730975743,2.22662111669159,0.0284267366334889,0.871033768480306,0.141632688355911
2.23970336027148,0.028731764000966,0.953934694878555,0.160615117289382,2.26193388042934,0.0287230135488389,0.934301534619324,0.162330960783467,2.23947873762501,0.028731764000966,1.14033926588881,0.16063895622124,2.26602946720588,0.0283478539781983,1.15076829840007,0.166231909147823,2.2495148198172,0.0291143701997805,0.954120747058083,0.134363463836545
2.26126821135873,0.0285893710819535,0.910434066368999,0.173138862107049,2.25093405506736,0.0291611296987593,0.874025821790034,0.175982892057908,2.26127896939492,0.0285893710819536,1.08838996989732,0.173172772534694,2.23152505977836,0.0288011476458797,1.08451521349221,0.178318212577597,2.27382968320069,0.029062169589884,0.91426391329454,0.144062399011759
2.17623543468078,0.0294387036203506,0.943785770194801,0.171143362377491,2.16691164515982,0.0289035441012126,0.882677037682432,0.173417574897647,2.17624219689925,0.0294387036203506,1.12811290825918,0.171154461215954,2.17222533665995,0.0289771182099253,1.13100099674452,0.180379919147663,2.21936337761583,0.0298406394172011,0.937925466676913,0.144862205461382
2.24539436586141,0.0289335319697261,0.862528353148318,0.170005144022474,2.23636047795232,0.028683315067538,0.929028206114636,0.177827183967885,2.24556970793226,0.0289335319697261,1.03110149254134,0.170035310115566,2.24430249623085,0.0290465047891021,1.10470663107532,0.18895887632174,2.20695959221364,0.029117910688714,0.922215502008177,0.146935440603762
2.21157255867083,0.0279441695612137,0.901861661993348,0.177384084762027,2.21883762118389,0.0281147846988153,0.923741805526718,0.19056585681126,2.21160237439908,0.0279441695612137,1.07811040759347,0.177413631065209,2.23319239433887,0.0273476367153068,1.12331948937624,0.193119616242186,2.22537239037519,0.0281158762183498,0.911441909597112,0.148867277511284
2.23101953663745,0.0286914447262993,0.933165348658076,0.190207516918529,2.23187341637024,0.0287414504209152,0.930676254038657,0.187937380079205,2.23095114280271,0.0286914447262993,1.11541817091607,0.190219838024558,2.19970032917835,0.029105133349871,1.16717829367015,0.192800330618127,2.24965922359112,0.0284564669004532,0.990627994368891,0.150758478401016
2.23392016493537,0.0293496834182246,0.909132138925499,0.163267549008591,2.23613193741416,0.0294756873003393,0.878155010317898,0.160434208121162,2.23394768392895,0.0293496834182246,1.08674706401918,0.163286529199048,2.2076357415131,0.029106797169514,1.08293285788327,0.183704740478454,2.21059366323566,0.0295095444050761,0.910299316274385,0.131817604782248
2.23444022081884,0.02787809886845,0.920293634779289,0.17784492248272,2.2344039780667,0.0284268863047693,0.858153641616696,0.178089696367023,2.23435493357463,0.02787809886845,1.10019971703074,0.177883473465326,2.24757954461478,0.0281463841791037,1.07405657603704,0.192432402075042,2.22347955469503,0.0283691686545793,0.935931204334676,0.150704100086039
2.26561363809545,0.0282384748565343,0.873759452072242,0.167019188801263,2.2063553788442,0.0285886475500763,0.813262372744258,0.173425985144648,2.26563791727494,0.0282384748565343,1.04448291128883,0.167041677264259,2.22288558682469,0.0282993781067053,1.09951822923575,0.193295745427321,2.26391995367701,0.0287608597803318,0.861055552715269,0.140216747052528
2.27420100350984,0.0277421689439828,0.917438111148671,0.167680373503163,2.25693858657527,0.0284593094483848,0.857180958728626,0.172087404674238,2.27415274260004,0.0277421689439828,1.09669553588984,0.1677028917108,2.22604563343001,0.0276639780659581,1.04690129364347,0.171820774466923,2.26906702054855,0.0282466922317273,0.96017474197751,0.143657174817708
2.32057493803211,0.0293163640645269,0.942511170276571,0.178552919863199,2.26396102545898,0.029377255117195,0.916252516545113,0.18656092202739,2.32074833720268,0.0293163640645269,1.1267806854791,0.178594822551232,2.26802277915477,0.0285158817371328,1.09400587122252,0.187910831593634,2.29668313529178,0.0296417199496452,0.941708764911555,0.15126524858683
2.27659870145565,0.02891755302251,0.867595440837697,0.164002085355873,2.29616875385297,0.0295702001214646,0.890180959908691,0.165789340104165,2.27655448604187,0.02891755302251,1.03721622862923,0.164040253758142,2.27094118322764,0.028981404713598,1.10461113923119,0.170397837687529,2.29229398529212,0.0287774669542548,0.903815474299477,0.138187635534266
2.24203033502152,0.028951568098798,0.972025766831907,0.187344140769139,2.18757467726208,0.0295215339550499,0.877651745822027,0.195105778194238,2.24205400847589,0.028951568098798,1.16188177010175,0.187358454440143,2.14518735855763,0.0283769891369876,1.16465938973176,0.217086188181621,2.25342798964751,0.0297089429455401,0.968144548436058,0.160940592391393
2.25309356789822,0.0291870359333864,0.914665556364002,0.17850810101566,2.28113644985019,0.0292286528306199,0.977696767574672,0.181589752856363,2.2531642785202,0.0291870359333864,1.09340985032452,0.178536742627316,2.27191596817208,0.0290980079113307,1.28531309367015,0.202127438920354,2.27244955702928,0.0293871584316419,0.927030321190176,0.147723837649901
2.35642244712614,0.0292846086882125,0.913576099547392,0.170385098656908,2.39998926457201,0.029269432747446,0.920348939390841,0.176106486649819,2.35643474544912,0.0292846086882125,1.09203124735264,0.170400539807348,2.36632400249589,0.0293747909940603,1.14924406399742,0.189766552199274,2.33760612737674,0.0298054607659668,0.953697489588274,0.140895508282021
2.26450316305182,0.0295924187275394,0.920346229816825,0.169376129490434,2.26864778026378,0.0290861229237689,0.870873355470889,0.164089826793218,2.26447764820988,0.0295924187275394,1.10022605910933,0.169407219296226,2.30158174071667,0.0286426564058716,1.10844804665849,0.178568218611951,2.27944005694118,0.0293417789587319,0.889522987837699,0.141444191689954
2.29702445202404,0.0281621060378215,0.915712760520132,0.168400615905878,2.28833691360522,0.0279077671754106,0.888661232531652,0.177835239870476,2.2971735127191,0.0281621060378215,1.09472675251237,0.168437645003402,2.27958263828939,0.0276206279952167,1.09894118574664,0.193429266735729,2.29177723114855,0.0287268960212677,0.907645176049831,0.152696234179077
2.27046136555154,0.0284807658143206,0.975508399541794,0.171990023001863,2.27191112876566,0.0277914527147446,0.959725811877463,0.182714107523389,2.27052723630185,0.0284807658143206,1.1660460308108,0.172003370147781,2.25197161642637,0.0276811668845413,1.21644314445096,0.193313506835691,2.27809953274265,0.029127893746681,0.966543834396038,0.152793730647613
2.27325972765053,0.0282273260781471,0.945846257245825,0.173330284016237,2.2239700445673,0.0290971565372834,0.928851581025159,0.175588085944819,2.27330494464698,0.0282273260781471,1.13067145614636,0.173356187591614,2.22179350905619,0.0282115632412574,1.16321453447841,0.177777922765754,2.27761096555966,0.0284543828045295,0.964826496349242,0.145095073646992
2.2578246477766,0.0280778269593042,0.877064728004772,0.172592787845381,2.20428892043984,0.0278029553043609,0.9610114131275,0.181083514047652,2.25778048285213,0.0280778269593042,1.04843609054728,0.172616370374364,2.19163615067382,0.0270294732931077,1.20680315440988,0.186505822282952,2.24209440933233,0.0283233597068115,0.915544761935377,0.139572457727064
2.25810285636518,0.0287158292489477,0.95675753769593,0.180055370574105,2.21342558612994,0.0284246092859719,0.905363160709412,0.172864108894558,2.25817543282862,0.0287158292489478,1.14377423386399,0.180091624728145,2.21908241338672,0.0279814138409754,1.14026262578434,0.181093479571526,2.20373764649119,0.0288761403148535,0.953462754148146,0.146790951935806
2.20120931148769,0.0289344292887489,0.933150880274101,0.17451720420456,2.23464830615529,0.0289226623929998,0.913191453331659,0.180274570086086,2.20139456360019,0.0289344292887489,1.11556102912983,0.174553568225193,2.21457477332334,0.0285162193988107,1.16691320133195,0.194433146626188,2.25423865052933,0.0283596941848851,1.00046922588806,0.147060912199147
2.18959402802821,0.0290617123006691,0.871642273579752,0.168941126429342,2.18198146714246,0.0289787691637441,0.855725158240104,0.170545276902953,2.18955587391044,0.0290617123006691,1.04201541401348,0.168974147498889,2.17044957083241,0.028751420077789,1.14338903650496,0.191285419904945,2.1680036347893,0.0293061964400584,0.878726385300406,0.142786301194664
2.27159219378881,0.0291975788215952,0.930768791589144,0.187972315972379,2.27743853896301,0.0286741081600581,0.915376054773595,0.186143214558797,2.27163313798475,0.0291975788215952,1.11274891926851,0.188017502884202,2.28183872352155,0.0285507493611353,1.13810732222428,0.189021476723953,2.24611076283025,0.0291724837204409,0.94872013327644,0.150674191192135
2.20625181649215,0.0293407254641042,0.967309758628403,0.175946476273592,2.24566458661092,0.028948760132964,0.942800716165689,0.185145398172988,2.20629098104893,0.0293407254641042,1.15649878856728,0.175998597322273,2.24433414488445,0.0283261331513488,1.2059990733102,0.198432776237504,2.24846439149067,0.0294262042570856,0.96398644750872,0.149949524946867
2.23264763850198,0.0285207144874161,0.930586297148632,0.1789311885451,2.27888003806247,0.0287061645530232,0.889964749096532,0.178735757713878,2.23264346472501,0.0285207144874161,1.11246980455647,0.178964398603088,2.28692531166729,0.0285121883258463,1.13739911291376,0.194857470336654,2.26655299470679,0.029250029151068,0.934241943598843,0.15371508963709
2.2595601199864,0.0284043785616385,0.837174018958346,0.164960922142675,2.26584502232097,0.0292225623538212,0.898607290212901,0.17508301732323,2.2594496084163,0.0284043785616385,1.00075669603222,0.164984391162713,2.26067246689792,0.0278458710359149,1.10221633154245,0.180290814868453,2.28581361272952,0.0287083986732733,0.920649858657323,0.138464819497869
2.20650522037722,0.0284495523027116,0.921321268269724,0.178089575300628,2.21984459180418,0.0287865938056843,0.929590135393759,0.181106778213227,2.20653718492709,0.0284495523027116,1.10125966913236,0.178100917202464,2.21600376277257,0.0283327802962554,1.17091710389691,0.191971460700637,2.21187002401389,0.0283927315223799,0.921359049717455,0.144570271073024
2.26735596598665,0.0276622701521465,0.821326704759876,0.163666785366329,2.22340394928386,0.0281977291620816,0.879043250597198,0.166984437138251,2.26734692541307,0.0276622701521465,0.981860181942141,0.16369796356599,2.20963826335977,0.0280305136021341,1.045472266203,0.180236994724475,2.26396992358196,0.0280985047300975,0.871100025373216,0.136373934558685
2.27892117777262,0.0293686137286128,0.882742162289772,0.180067696856963,2.30232316711071,0.0292131009199708,0.864070651445911,0.180558293849534,2.27891539445079,0.0293686137286128,1.05526074801207,0.18009876875836,2.29980477103548,0.029048986563025,1.05083188642818,0.183543009909519,2.2998304147033,0.028894744907367,0.893329926011366,0.145240752462411
2.26555769936393,0.0286999233096805,0.921767570364287,0.183255734482455,2.2774027652877,0.0293433406627049,0.928016767843849,0.18251794598413,2.2656073069479,0.0286999233096805,1.10180794369332,0.183269868422484,2.28212240209339,0.0288663452596845,1.1851079252049,0.204201295027862,2.24880326698733,0.0289128202729579,0.939017874826191,0.153178439150017
2.24635488100677,0.0293569570329667,0.945674902732717,0.183721320634692,2.2267311086572,0.0290564067380469,0.9882470290384,0.179046065526949,2.24634729401662,0.0293569570329667,1.13048908991006,0.18375242979614,2.21117022294622,0.0288251464581245,1.33778443345254,0.197623770222805,2.25098867086252,0.0293719300331026,0.965783040404232,0.151985728908558
2.20969704392013,0.0292871620916303,0.939752539037788,0.163687165206717,2.19298860640062,0.029195135307621,0.921967525260323,0.173523862625949,2.20977723212156,0.0292871620916303,1.12340252273623,0.163713892508385,2.1741846522547,0.0293335712490963,1.08374691279023,0.176371829211202,2.22186426378721,0.0299239820605595,0.942632240404698,0.137500081702492
2.1959769970631,0.0286011687171555,0.920881621980422,0.172329523587951,2.21074187205143,0.028101064653119,0.877597831705545,0.171952443951911,2.19597079110871,0.0286011687171555,1.10076024304667,0.172344582778178,2.19600522878074,0.028288319355828,1.14149108865934,0.186530752246493,2.19805084221464,0.0290302484818503,0.91230095917791,0.140440148576739
2.24192406257622,0.0283996883620293,0.862813946922145,0.159161092174574,2.28099149615893,0.0284407796617323,0.805231129288134,0.170568084056942,2.24189167623166,0.0283996883620293,1.03135889421198,0.15917636845487,2.28627209599851,0.0279813383796784,1.0200230115904,0.1774812626478,2.24476311326042,0.028732407779962,0.89046031580476,0.137954503382932
2.24848914955515,0.0288381155070866,0.890254363874968,0.178660769140329,2.23684552649591,0.0289950877341012,0.887587665537486,0.16800338817197,2.24848126004781,0.0288381155070866,1.0642421108854,0.17869176873543,2.24093178424832,0.0289639901560519,1.10189404137741,0.16998506134917,2.26331644553338,0.0287624727560154,0.956279181937836,0.145823933553267
2.26958596227503,0.0285407355616948,0.903176910930178,0.170983810571284,2.27614781827488,0.0282173014222724,0.878760364684635,0.177852961888648,2.26958646222251,0.0285407355616948,1.07971842614073,0.17101795068161,2.24306773549675,0.0285836635942163,1.12479819490673,0.19310366992099,2.26432277457533,0.0286012334299907,0.919924903013817,0.145448939037886
2.27430804949423,0.0281586605184064,0.926183255423005,0.17460076153941,2.22563153133074,0.0282900182957123,0.974919850147635,0.175941134177549,2.2743402733661,0.0281586605184064,1.10705268506051,0.174608956996085,2.23808503672201,0.0280848158777104,1.18070565632274,0.184465025410423,2.22478909034994,0.0291512260690033,0.993265992751228,0.151678950018973
2.28475484696893,0.0292345031845749,0.964652370855805,0.176775936182691,2.23706592051941,0.0284709575877687,0.967614571258505,0.197628712897045,2.28467131642037,0.0292345031845749,1.15302200632296,0.176782359502146,2.24363705225655,0.0282098200587859,1.14913085982123,0.195305389888111,2.24526658332509,0.0289490278714376,0.96533999285461,0.159224604467265
2.2648781610048,0.028449402960594,0.899473928089003,0.171139028078341,2.25758495611452,0.0286806235871595,0.935347033312942,0.173176343263401,2.26487631457838,0.028449402960594,1.07523469973612,0.171164136361307,2.25814954190981,0.0286842950127814,1.17858364078909,0.196058281140228,2.24937218291666,0.0291765742150853,0.942121991004603,0.148056088144604
2.20654379935396,0.027473352519573,0.914026339615815,0.165461652340882,2.1896658980359,0.0285512022870604,0.923115494335982,0.17448561527272,2.20655403726688,0.027473352519573,1.09255624760835,0.165474649847725,2.16423497977964,0.028542318129609,1.15864987928311,0.182864951560003,2.20764025970532,0.028419814600956,0.911552696809418,0.139040655344524
2.21467967926995,0.0281119170363187,0.943927957371061,0.175444357735565,2.2465214514976,0.0276627801533867,0.952242237139868,0.178123145434825,2.21457843721987,0.0281119170363187,1.12837171187212,0.175469551725532,2.23694258660299,0.0277414246314627,1.2085738327964,0.188641023910019,2.22897229995023,0.028297519190507,0.957303336861352,0.150558963879031
2.2106234120805,0.0286946359404447,0.91444298595192,0.185502192926568,2.2852735976013,0.0281349684805452,0.9391135573503,0.18153667589621,2.21062499947103,0.0286946359404447,1.09298619722483,0.185505210404633,2.26116977815586,0.0281936924729493,1.1681169693247,0.197998753942193,2.2563696280435,0.0287656527722946,0.937225660637541,0.155551448203145
2.12076487987774,0.0286375269929838,0.915576303568533,0.171410987235318,2.17035167695257,0.0288405410063709,0.900151874570785,0.175558802926895,2.12082982231971,0.0286375269929838,1.09477506928584,0.171481799057077,2.16433799962581,0.0285475600543148,1.11654748391574,0.1768952996668,2.1797132860971,0.0290559890367566,0.934690853467246,0.143231647790426
2.17166057699168,0.0289654996764573,0.90747641127525,0.178749797503194,2.22048871522584,0.0291096723423069,0.91437483582838,0.187669119190903,2.17172974314867,0.0289654996764573,1.08479555653503,0.178775141798596,2.19144907414924,0.0283487723457364,1.16251609176471,0.210539829655841,2.21909856726469,0.0291590075645951,0.928841198961627,0.151756362382585
2.26565988139064,0.0286956769773516,0.889006085426671,0.16980656933427,2.29772816536272,0.0288161214147161,0.896266212141938,0.175792094868024,2.26572487676492,0.0286956769773516,1.06269129478935,0.16982667121338,2.29867377405673,0.0279458217132843,1.19283677246363,0.192837339921156,2.26889018445581,0.0291410139050218,0.927441175203002,0.141149961498059
2.20519638082737,0.028906872031081,0.948537000297991,0.179527415667358,2.21644942413377,0.0290925795599065,0.969021068869127,0.186109120787515,2.20530862333313,0.028906872031081,1.13393253925432,0.179561299900605,2.17403168513679,0.0276987953707567,1.22590752210811,0.192930678082399,2.20419496012936,0.0296945503421956,0.975306384559919,0.155101894256224
2.20394252905208,0.0285537794993481,0.926144138235065,0.167446053507321,2.20042163520173,0.0288671854284106,0.954878355906702,0.170853280591904,2.2039988292391,0.0285537794993481,1.10719410300128,0.167482377744679,2.20234823544416,0.0291038696512944,1.15421953863675,0.172375728307274,2.23705886319298,0.0289162129370665,0.977479614316206,0.146264061840069
2.23215901816719,0.0287506309493335,0.876890588199513,0.157894144543649,2.27608621274811,0.0281927168113009,0.895926242758407,0.166478047970005,2.2321585728737,0.0287506309493335,1.04811762139928,0.15789910140546,2.28400176980791,0.0283113978069086,1.17170330571415,0.186308081863109,2.23380001966625,0.029097109156065,0.924520344904245,0.13586839424822
2.28921727058806,0.0288320972469314,0.914385424571685,0.176833711317975,2.27946256851025,0.0280383519497136,0.909496312993713,0.1648858081974,2.28919139880115,0.0288320972469314,1.09302370903776,0.176853789310179,2.26790693468156,0.0262854395293227,1.16961178537285,0.186537133869182,2.26196451989109,0.0286175468832801,0.91028671205612,0.142346711792671
2.21802314399489,0.0286777174465043,0.901643204907529,0.16874307604753,2.28188666139704,0.0284562411589125,0.926077160141209,0.171949163424602,2.21798005833409,0.0286777174465043,1.07781930307292,0.168766492668834,2.28541718268476,0.0280221346011311,1.11345527558906,0.175382848330487,2.25765911027552,0.0292981251553542,0.905288739015715,0.144359578192809
2.26111519474313,0.0287479310579201,0.892788001591311,0.173798337045318,2.23947590794753,0.0289193092458163,0.937507744902514,0.183495542382771,2.26117512321966,0.0287479310579201,1.06734542686907,0.173840629238105,2.22099421533036,0.0290126787743174,1.18110625502012,0.186437480790326,2.24811699687301,0.0289259285683805,0.940425226269725,0.149814930518345
2.18866029245619,0.0287325774100966,0.93391651118673,0.183324953762184,2.14113266025763,0.0294935050817314,0.982397034443729,0.183955631679501,2.18854384885021,0.0287325774100966,1.11661584719711,0.18338606750847,2.12172658010966,0.0290256430948424,1.26197157373194,0.19438720527779,2.16138137398282,0.0292144586447923,0.97119384509725,0.150405072625023
2.19706869830086,0.028909223852674,0.892590532104564,0.18194212964316,2.27912676944063,0.0294198527355085,0.956294365865433,0.192901969232063,2.19706304580639,0.028909223852674,1.06696773149618,0.181962252020184,2.24060034145863,0.0287642172120644,1.16199904427674,0.186184050135045,2.24986765149875,0.0300760320364126,0.948980202075706,0.142073329317561
2.16616384647607,0.0288532261536588,0.857206268645157,0.167281793138413,2.13495634070104,0.0292565706438746,0.839998351303354,0.16658749211607,2.16625007277099,0.0288532261536588,1.02485190990579,0.167329869224891,2.11714803972431,0.0290543576721047,0.992461292459263,0.166494101835098,2.16542485272168,0.0293480965485811,0.866689278377884,0.140259473258262
2.27101281216121,0.0285201696474629,0.948689646913849,0.188716335442903,2.25505521744991,0.0280911956223399,0.889318512420006,0.181264680023138,2.27104018882072,0.0285201696474629,1.13401265536788,0.18873491713631,2.29098926141712,0.0280021719043975,1.10976930148121,0.194847780122205,2.26228775514995,0.0284043046192436,0.945305845313034,0.156614307667543
2.22471762612552,0.0291192323237803,0.896669482782152,0.170496966285929,2.27428120225965,0.0286442203230164,0.900360923895281,0.174072655022627,2.22469639097451,0.0291192323237803,1.07188912358009,0.170523073116585,2.24963431470306,0.0287205241395451,1.12573326761134,0.188521565224284,2.25654414764268,0.0292182699655212,0.916339970001248,0.145456303430542
2.1893822848885,0.0289255285424628,0.981230618460477,0.167945325520767,2.23499083167288,0.0286734942504498,0.902107014379023,0.171587353508595,2.18939861091199,0.0289255285424628,1.17288851739528,0.167958730539591,2.21585974140239,0.0285566538905154,1.07627666904216,0.178203413029631,2.20094164993147,0.0291973639291351,0.96838630602599,0.144696073312041
2.24403031052338,0.0284913784836124,0.932147650573525,0.175097788068455,2.22142715290127,0.0285165653413154,0.925192692436732,0.183003409874473,2.24401854296917,0.0284913784836124,1.11434172943063,0.175131135971888,2.23283758041448,0.0275174478404961,1.13026783390447,0.186532312728558,2.22197617224638,0.0283811165875913,0.931999651559284,0.149456776817388
2.25333967179904,0.0294178731238115,0.87695520144457,0.173616344256244,2.27236260326657,0.0288571549215656,0.904342736060779,0.173985493654448,2.25333479024485,0.0294178731238115,1.04819999892813,0.173622647321018,2.30403345869818,0.0286695102136004,1.12274549967405,0.179998930670203,2.28965959078438,0.0294773183091609,0.934086104873503,0.146216630894057
2.2143821552162,0.0290132865663106,0.906043525717164,0.178077453380581,2.2444569762776,0.0285879245032452,0.927771164250538,0.177080822639135,2.21439932792281,0.0290132865663106,1.08302099683145,0.178092557834891,2.25717049449386,0.0284383116942047,1.15142303568753,0.193984382385804,2.22900170263335,0.0295032464293758,0.913974795931206,0.144968596081489
2.18355720261897,0.028486279749982,0.916080671628323,0.16656310981944,2.24077688361305,0.0286514792565247,0.889834658957477,0.163068216041717,2.18358410739555,0.028486279749982,1.09501132866571,0.166576116537881,2.25866297073553,0.0284716729478932,1.11976015209461,0.172932178746555,2.23488688640738,0.0289220295768638,0.920097371117646,0.137016126869509
2.29424940305934,0.0286069697967648,0.913485720079745,0.170738745908541,2.27591768363935,0.0287264642678451,0.911229061607971,0.175406410659591,2.29430493305503,0.0286069697967647,1.09196507203727,0.170760764927993,2.24612567391646,0.0285722493085291,1.09624799433879,0.179712677945009,2.29148775496353,0.0287496075873265,0.929540922386021,0.14625637993073
2.21959589419569,0.0281398424072632,0.965823497365236,0.17240797313392,2.26935828345257,0.0281051807469786,0.939269051104994,0.173214191374848,2.21946469015942,0.0281398424072632,1.15479003970094,0.172469231615317,2.26249823015964,0.0282504638944815,1.14426635608659,0.175579836296361,2.22207789104305,0.027675115968845,0.97381700328198,0.141713378510241
2.2989541656379,0.0284403614472799,0.884925761622586,0.177664980367955,2.3129523032358,0.0292615003639903,0.819610759216006,0.165372613574984,2.29894923759042,0.0284403614472799,1.05794589599611,0.177708201711348,2.3167531837005,0.0286580353765244,1.03998954295799,0.177347266631661,2.29176361474925,0.0294781191446057,0.912504693892096,0.138906747478786
2.2561506976786,0.0286959084950764,0.980942628077948,0.184436159996793,2.30847479493585,0.0286560041939342,0.947668804259326,0.176521192468841,2.25616020967215,0.0286959084950764,1.1726801905828,0.184472261828013,2.3311272115265,0.0284999951403537,1.16378334814698,0.189623163217029,2.29532461301596,0.0288146311744074,0.974297601583462,0.146727214512497
2.25307780541469,0.0290884033120316,0.87045289525989,0.156402295238382,2.23082547937626,0.0294868786801505,0.875386586157949,0.168280170596749,2.25304181262425,0.0290884033120316,1.04045561418157,0.156412128454666,2.24827442397784,0.0293190268711575,1.06567947504587,0.168550030836009,2.23054041912458,0.0295788535322411,0.915499099263032,0.136650377821915
2.23289658683783,0.02893597679581,0.940534252206899,0.168290544742754,2.24831470096552,0.0293313590757059,0.899616716354285,0.166467014690902,2.23274750101706,0.02893597679581,1.12426968899829,0.168307946768832,2.26022690227991,0.028929363695988,1.09844998018892,0.173726852887129,2.22779993723902,0.0293258791190596,0.92506014444889,0.13950683013196
2.20518297786799,0.0289850877988585,0.920340590283895,0.171844130001569,2.23791765734322,0.028106883770451,0.899549508308735,0.173709888261377,2.20509812970682,0.0289850877988585,1.10020065211898,0.171872756949774,2.2372665300173,0.0279265562367945,1.08710393317544,0.177145541882205,2.21973295912851,0.0291466479764757,0.948236323151048,0.150366650785977
2.22852358727967,0.0284413527640727,0.874576947406025,0.164500393037588,2.25448374320736,0.0281447516313003,0.896950512407105,0.177436066396774,2.22849940535073,0.0284413527640727,1.05010978550081,0.164030688069647,2.24890972881031,0.0272670789804147,1.14305326969908,0.182713037426169,2.24849963181681,0.0284562198961893,0.954707963787155,0.142836408766797
2.18523281235008,0.0285489699449811,0.905323273321807,0.168702998833695,2.16658374125242,0.0290748687677958,0.95644133765871,0.183614299335887,2.18531873127156,0.0285489699449811,1.08226911785089,0.168734311514728,2.18074886983963,0.0290130595977812,1.16634682989707,0.194734427502891,2.17756200432496,0.0293177610876125,0.93488028424645,0.148905059444261
2.20774855326816,0.0288372209793156,0.970500611375762,0.183997918374037,2.25775905621216,0.0288785090005677,0.955784240125251,0.186696722732992,2.20775952002046,0.0288372209793156,1.16006105251473,0.184012346153123,2.25146942439984,0.0282989809867948,1.1809117930187,0.192248199291145,2.26572958141619,0.0288742398945969,0.98613560630821,0.158712039076567
2.21771875634971,0.0276694846226138,0.935955881368046,0.168824690614213,2.25825567105558,0.0289691817803545,0.930178899574936,0.189770818872359,2.21786158622965,0.0276694846226138,1.11886273279022,0.168852079443048,2.26860226800779,0.0284832027710184,1.16194650705229,0.197618147970173,2.25954727457119,0.0277073728164072,0.965422654582207,0.14385728393396
2.18879817475214,0.0288991284148761,0.919314995127065,0.174328595651304,2.21066553158434,0.0284175957580449,0.913384623205395,0.180360132746242,2.18860008373971,0.0288991284148761,1.0989565755612,0.174354772492294,2.17411442655397,0.0272226424975251,1.17907502641658,0.187610506926736,2.22758601113912,0.0288460307927501,0.929093855412665,0.148845879117202
2.30898073832214,0.0289773550109479,0.890330393396605,0.16891310722684,2.29570754171866,0.0286898342301616,0.928045883257963,0.182394905178782,2.30896150287631,0.0289773550109479,1.06430516310072,0.168937997032335,2.32112850329903,0.028786780132592,1.17914844216479,0.191719501136621,2.29803003225346,0.0293413241979241,0.915645617406181,0.144865267475741
2.32771599834355,0.0292264018023005,0.84916959989265,0.179447475013241,2.30886473036779,0.0292363536336101,0.883161019208197,0.178611802438978,2.32765270285416,0.0292264018023005,1.01503393848016,0.179461997425514,2.30556948666183,0.028215960904459,1.08460213921032,0.19276301232803,2.32891071531395,0.0298267941803497,0.921917194178281,0.14231396619845
2.20542882640519,0.0292308534140296,0.954314934383196,0.165780587966296,2.23804796447923,0.0287957721125012,0.93135291780807,0.181046614709828,2.20534237909624,0.0292308534140296,1.14070737894919,0.165792632026085,2.22993827403384,0.0293297370748683,1.10617181282133,0.183924741363404,2.22290448076081,0.0297110858479715,0.94558469265279,0.14241707125599
2.23189606809586,0.0287268865280851,0.841472129651061,0.16741587288427,2.19468379894489,0.0287208092134448,0.918035794819462,0.172638452767718,2.23198931821742,0.0287268865280851,1.00602113412485,0.167460745230316,2.19322052906617,0.0273277216882466,1.09118938483526,0.176917033150889,2.24532603432761,0.0285982853390128,0.919955224655832,0.141930931471535
2.1676310926445,0.0285829539307099,0.930222017454832,0.172470025468933,2.18621773044595,0.0281578250703403,0.934541153683016,0.16961917673334,2.16765752189226,0.0285829539307099,1.1119114903883,0.172482981661806,2.15994237721903,0.0276784925607894,1.11934963608574,0.174313712240362,2.22283501924137,0.0286252543748861,0.959606541421924,0.143369297405171
2.26203022106728,0.0289693608707424,0.889534443704939,0.176375850522366,2.24394338092728,0.0286078157417598,0.91590242434387,0.171859996618032,2.26205787439269,0.0289693608707424,1.06333566638585,0.176398851491075,2.24877451120965,0.028774317710579,1.15044666076499,0.189435981620466,2.24843061295722,0.0294985754316999,0.928303506486141,0.144714893863128
2.26342493886898,0.0283042617088074,0.90681015645059,0.172389028602042,2.20579632680651,0.029255279727205,0.967738040377139,0.179250618375684,2.26344176825158,0.0283042617088074,1.08402066986226,0.172416899109257,2.20345467389349,0.0286955013380421,1.19550527794544,0.182426347585618,2.24077287190669,0.0299605607819221,0.960218595863102,0.149041251820811
2.26864831689613,0.0294017092748932,0.904033573195346,0.164587873588287,2.29048431243813,0.0288742170044205,0.92304496291188,0.173220671683415,2.26873180795525,0.0294017092748932,1.08076828898033,0.164624659093918,2.26571278047968,0.0278862492963024,1.12178172199852,0.178865913312796,2.28861077670023,0.0293903783756069,0.910042954830308,0.141926693713248
2.21922049415674,0.0287256834267461,0.909681270085669,0.174283365062022,2.26764090803408,0.0291003782198508,0.906356109135925,0.178965019457957,2.21917475716722,0.0287256834267461,1.08741496117042,0.174305466605884,2.23881438750306,0.0287015059463825,1.13417401718598,0.19314112874151,2.23988289545,0.0291673056462261,0.929064720870836,0.143545514833703
2.27770546430808,0.027972726349173,0.950606144427837,0.183568645813502,2.24858185076985,0.0292419489775766,0.900888539562291,0.173393874157174,2.27763946954605,0.027972726349173,1.13641078121241,0.183604048096656,2.22470876931891,0.0290740422933483,1.10274170373713,0.177588577812051,2.2827838210391,0.0289779284600482,0.952379386910852,0.148146911183099
2.23995451307201,0.0285396881963107,0.907011165816944,0.168490617044713,2.14126737809644,0.0288990366207689,0.855823585242587,0.18253782915271,2.23989942071594,0.0285396881963107,1.08426541787332,0.168518550006198,2.12915283059251,0.0284894270290663,1.10368215554769,0.185059260313614,2.18636130760665,0.0288630983690178,0.918676525452993,0.147139376538131
2.24841698991156,0.0292679319236666,0.888715614332374,0.161908769933732,2.20960994474771,0.0275962995804227,0.878432105775151,0.169762645539793,2.24834904212908,0.0292679319236666,1.06239835166826,0.161936210093936,2.21790350718059,0.0273503830982102,1.12276146115622,0.181012669487101,2.23215292173499,0.0288973728144217,0.925695251036219,0.139219947243248
2.28518921265238,0.0286163341753308,0.92638066944047,0.174716538900564,2.29186069129555,0.0284151674885525,0.905116288679122,0.17298101769976,2.2852226367213,0.0286163341753308,1.1073610682093,0.174736166870739,2.29680700463852,0.0281548062882336,1.10550348326256,0.179997612496642,2.2817469277732,0.0287546950033953,0.946006573980494,0.146104508373872
2.23083871119681,0.029185037772462,0.841705028964475,0.160170004083305,2.23513556406318,0.028749645471229,0.876601050901812,0.164431999346878,2.23082956019799,0.029185037772462,1.00603867881947,0.160171396785412,2.23608900709168,0.0277289398510761,1.0772271497004,0.167334952036208,2.247059035412,0.0296881860432808,0.871511836886652,0.13941977792028
2.23917560687514,0.0289979783969875,0.939271078333375,0.176403687910065,2.26952391785521,0.0272875317082958,0.906606601273461,0.173185273720695,2.23909851393497,0.0289979783969875,1.12279694084037,0.176427772550138,2.26918901301081,0.0279097270035422,1.10955268850448,0.178997255219357,2.24594258987467,0.0288380231211472,0.951781143142387,0.147851868687711
2.22305991518024,0.0290665989560196,0.933527513103425,0.178158499717462,2.24478612042356,0.0283931167507825,0.923686250108216,0.179155670547864,2.22312741060468,0.0290665989560196,1.11097146881309,0.17943904967771,2.22248599954226,0.0283507406659692,1.16642441768638,0.18937466863654,2.21569001590694,0.029185671267011,0.936594582634885,0.14956142092075
2.23268168947169,0.0285181052885888,0.86358199725421,0.168653784776331,2.24091201328831,0.0281819170373349,0.821234698476173,0.158411580833891,2.23277678165594,0.0285181052885888,1.03236787122401,0.168684823749792,2.23887402800667,0.0283690251563688,1.02593280622213,0.168088590663698,2.25003008880766,0.0287900253755937,0.857720836456949,0.13609988381723
2.30729062870638,0.0291893302215077,0.920019523248368,0.181257295601275,2.31219801794046,0.0291925668701676,0.944468362338695,0.184913121007405,2.30730709398187,0.0291893302215077,1.09983462531639,0.181290422339052,2.31827125993349,0.0291165644208927,1.25158116342349,0.197806310108401,2.29789596950785,0.0297891730961764,0.93777218054975,0.154604073057156
2.22225446310846,0.0287250655952337,0.967238463218398,0.177772704611423,2.21931333379398,0.028616057891675,0.928931473375212,0.177618625534331,2.22218269190504,0.0287250655952336,1.15149489660759,0.179150542168108,2.24363440110805,0.0292806103473423,1.17225631557194,0.189103822265967,2.19794909812036,0.0294593950467337,0.977484123155246,0.154684429950677
2.18833640775883,0.0293490098855562,0.870452680483028,0.171520799749455,2.1825763020446,0.029111658699536,0.864388071576552,0.168593722756593,2.18836333774174,0.0293490098855562,1.04050335434216,0.171539496349648,2.17901204202267,0.0290999929645573,1.01526209257551,0.174151995618789,2.18997242843003,0.0293134171453827,0.913006409479638,0.150555038706884
2.24392977095316,0.0288003284103913,0.921462019588914,0.167832758128203,2.30173618870026,0.0288381596308691,0.961141579434833,0.171283999233049,2.24400363866995,0.0288003284103913,1.10155354660078,0.16786259223414,2.28546611026262,0.0284844759791642,1.3082330372211,0.209953887643228,2.27208447347847,0.0290947820443592,0.936323867214797,0.143043740093269
2.26788587374666,0.0292222062489059,0.966670873092432,0.182250212601502,2.26593774326045,0.0288450589430608,0.945424150955338,0.18089161507182,2.26768687270424,0.0292222062489059,1.15555419014941,0.182275688487353,2.26251591478803,0.0291553849537113,1.11170324899716,0.181306902432819,2.27084597469544,0.0298022409888485,0.953359120213568,0.146285875133589
2.25562568898489,0.0290070647530638,0.863936765473089,0.164926747917073,2.27635883506065,0.0291521496317571,0.932810810255652,0.168902883695203,2.2556256901658,0.0290070647530638,1.03260193201673,0.164926746841756,2.26214510046172,0.0289795491122071,1.09717631950742,0.177993925758225,2.25548518549401,0.0298472251189885,0.908632179825543,0.134881040770226
2.30030021523482,0.0285769417306432,0.850809356678319,0.164547671018226,2.28124468250069,0.0285004040191338,0.911510076959409,0.171129149605987,2.30026072208059,0.0285769417306432,1.01706138236137,0.164571893854506,2.29197838446376,0.0289790270579523,1.13094799629311,0.173580161598642,2.28732418721547,0.028173157662462,0.914647302108742,0.134907208879064
2.27251640658745,0.0287631216266021,0.949462403048079,0.166437904254255,2.23282454915614,0.0292679854244587,0.923645679830147,0.177733359305809,2.27249257296531,0.0287631216266021,1.1350525673946,0.16647133481176,2.23760973750873,0.0287312271068228,1.16210256009257,0.181740086795958,2.23032788839826,0.0286193389001873,0.934898919597668,0.145871577679943
2.23033709042297,0.0285897293259957,0.96282369406805,0.17181789492578,2.24154275674951,0.0285051753585729,0.950971610971389,0.179917497883284,2.23020207137856,0.0285897293259957,1.1511260236436,0.171867403854294,2.22605897273902,0.027963799472152,1.13164655306719,0.185328864051878,2.21585271298336,0.0288967117017751,0.92061891120045,0.144784846439317
2.24984012452016,0.028456181200925,0.856523029606181,0.16237824909416,2.23164503666512,0.0286389147198115,0.852110041725043,0.155957867487154,2.24975711333645,0.028456181200925,1.02390324611855,0.162404010418743,2.24430267906141,0.027821755180904,1.04626618123893,0.170433942980376,2.26106611116589,0.0287198871764914,0.877724250710756,0.133781223185253
2.30499899912543,0.0284470642833331,0.93883736292389,0.171970528746139,2.28310679827965,0.0288126161260531,0.895400321501704,0.170041194771916,2.30490548800144,0.0284470642833331,1.12231426905793,0.171999492795042,2.28518865373841,0.0280428010698308,1.09012606671203,0.176225516467007,2.28354074587364,0.0286691318085509,0.940366840673072,0.142628417595516
2.16405661586334,0.0290341163303358,0.871290770935402,0.176576901791028,2.20620253844606,0.0290416399106973,0.922070192834089,0.180713992395658,2.16418244208971,0.0290341163303358,1.04595428833651,0.175922864026962,2.20148371441098,0.0288043397409696,1.21017521195186,0.184704239356859,2.20390156970976,0.0295628254618888,0.906634557278091,0.144907923465873
2.20198858276412,0.028854523948465,0.846648232895538,0.155490216670377,2.20181484728174,0.0287980750061046,0.844177009728672,0.154986089138054,2.20204708664916,0.028854523948465,1.01213089996089,0.155519827682196,2.19852851257059,0.0291038479306263,1.07125747876694,0.163412441779963,2.20169948075653,0.0291772273406879,0.818234679007091,0.133410363894978
2.32187297155752,0.028179156792859,0.880502194343895,0.169534573249718,2.31332168027713,0.0284909411707937,0.921273144802979,0.181387588979859,2.32194561680219,0.028179156792859,1.05252750674431,0.169554886035812,2.2990378278908,0.0288971871989567,1.18860618035214,0.197733545326989,2.30909581003401,0.0288397668021687,0.92679049509955,0.147610003230058
2.24741797056285,0.0287787491822872,0.918070039335676,0.180533387107045,2.2710258580608,0.0291474065355838,0.877139325266272,0.17033162012553,2.2475492823189,0.0287787491822872,1.09241490986604,0.181718810005892,2.28730335770776,0.0284665193105885,1.12497460800798,0.179152136584107,2.25119707405705,0.0297089896878503,0.883429659725952,0.142002474872485
2.24894782910621,0.0285576993261186,0.894139920911582,0.173622556301916,2.24942317658523,0.0295990450421167,0.877192355081796,0.164842464014113,2.24891371015981,0.0285576993261186,1.06891860991439,0.173657809684526,2.20578849542982,0.0289491631507758,1.1249191983445,0.181571069223197,2.25276772541796,0.0287563223134702,0.875863062402648,0.135123624342026
2.30347982898474,0.028738827689687,0.908103896479219,0.174350022036682,2.19624185376018,0.0284990381571748,0.929342505697745,0.181011477597782,2.30345693840132,0.028738827689687,1.08553930867098,0.174373723691979,2.19188554044681,0.0286350162518026,1.16614019088732,0.196090315453737,2.2409142716224,0.0290845631192101,0.955675082732042,0.145528770708304
2.25869997180766,0.0279617761145733,0.918007223112038,0.170049569166692,2.24915273022136,0.0290911912725384,0.921569869690672,0.171354682679987,2.25871904752161,0.0279617761145733,1.09736468523831,0.170070675811922,2.24302849463705,0.0279451158330223,1.11161603518628,0.172282757187298,2.25905405764384,0.0285661183493821,0.902138035854059,0.146320923058113
2.25476610580812,0.0286129816891419,0.911757907310719,0.167489826348569,2.21521605358748,0.0283249570501596,0.881351627550092,0.172840739747611,2.25485068122646,0.0286129816891419,1.09485811528322,0.165945323600106,2.19702921562222,0.0284457260673448,1.01936663402846,0.172197275010384,2.24356347183311,0.0293409064810984,0.909700200948768,0.142792304779725
2.26177051839701,0.0291986590796693,0.922189345304309,0.181084922511332,2.25248955733582,0.029076439265063,0.942116501479704,0.184712646809839,2.26164718835881,0.0291986590796693,1.10240056729662,0.181113423310236,2.22371995379557,0.0291291776952227,1.15822285426965,0.198482914351878,2.25216906106717,0.0293650682865182,0.957201328190428,0.149201453630757
2.19448229166089,0.029230974246833,0.907471444756489,0.174717225565068,2.21233704410622,0.0287889055707966,0.906084127618022,0.181285537402009,2.19437835324712,0.029230974246833,1.08491141584999,0.17476161750037,2.20900788696544,0.0287875555111139,1.07571185670824,0.185409291849721,2.2259012362999,0.0294340928584329,0.934030092302847,0.145541030588941
2.23332421943621,0.0291654861302831,0.914158883601576,0.174317429269972,2.20522204581542,0.0289698755653702,0.892766192666727,0.159121937434668,2.23320004311459,0.0291654861302831,1.09302518717347,0.174380660508381,2.18140763638781,0.0292078150454597,1.13527380002565,0.176034126429096,2.20815125896227,0.0292504969834838,0.934083836373643,0.141347257760287
2.25329609324996,0.0292231733730342,0.915129883754782,0.1721754050445,2.26507876937697,0.0296625898409442,0.929441166337875,0.18146184506674,2.25322496319479,0.0292231733730342,1.09410339977155,0.172224829442463,2.24987641101019,0.0293269274412736,1.12996584313374,0.188443473482157,2.24461982755569,0.0299248214336666,0.942046051666203,0.149936263197024
2.22454103264503,0.0292783202378229,0.893310271464731,0.168507992795402,2.25127855669613,0.0286973299907624,0.861353932395395,0.171821493071532,2.22453375169076,0.0292783202378229,1.06772388057392,0.168510184484663,2.24121336758928,0.0282202813451614,1.16675078838507,0.181147377442386,2.25714676879052,0.0301175901802043,0.894178409042086,0.148098090801072
2.2699856884732,0.0280673891503383,0.965670372504953,0.160923783307065,2.24654670110265,0.0285665250653674,0.962983706724153,0.175890711488418,2.26994357140777,0.0280673891503383,1.1543157860876,0.160940365066443,2.21950629869155,0.0281668672235532,1.21369191264165,0.184368631498733,2.29027091851606,0.0291480802856251,0.942364200324947,0.138035360988505
2.28709426125597,0.0283103657615395,0.944726842341477,0.174294867680304,2.27643083416109,0.0282637942472465,0.924576661597619,0.172236959686487,2.28703494162051,0.0283103657615395,1.12945260120995,0.174339330511065,2.26505584542425,0.0275068647333145,1.16790676187767,0.184692668504199,2.25501629145466,0.0290581903273989,0.948115489237697,0.144452608293133
2.27232179155078,0.0285747143607716,0.926537846422913,0.170930599413127,2.29954173507312,0.0286899769138259,0.906418786456302,0.175360894506191,2.2723150433397,0.0285747143607716,1.1075369852846,0.170947955045713,2.3021459231159,0.0284853746258574,1.07180927160021,0.176472482376167,2.30096981089504,0.0294192997442492,0.944470009353747,0.142086459899437
2.26372530701838,0.0288603739641126,0.902751849508877,0.155929179015096,2.24660887985682,0.0292388766766885,0.910254351780666,0.174289788595438,2.26372726376272,0.0288603739641126,1.07905760452403,0.155938249665704,2.23711757925038,0.0284222587936279,1.15133394110997,0.183271385617887,2.23625070782678,0.0292031124588588,0.902169510216302,0.13558573829954
2.33479659536587,0.0292473072415335,0.925182909185821,0.167332486472926,2.22845347256566,0.0290282440787771,0.912661579895233,0.17036628216694,2.3347350356306,0.0292473072415335,1.10589076187372,0.167345451722324,2.20005890367605,0.0285919035437577,1.17399749722475,0.184171831835604,2.25137881199797,0.0294090354336991,0.934960427059492,0.136485009990713
2.23071691350038,0.0289937862951463,0.900989006822102,0.17229051108343,2.15732177430327,0.0284353391021176,0.914947192258789,0.175784750225014,2.2307371902915,0.0289937862951463,1.0770125157295,0.172310458239822,2.16281757639393,0.0282955006467531,1.13393795387944,0.187843273864692,2.18109280858069,0.0289800060227623,0.927396026235632,0.145775440694537
2.21317307711611,0.0290733843898787,0.917481965664383,0.175122281825772,2.18451409907404,0.0286073809476471,0.917246509097848,0.179009643993496,2.21312771376594,0.0290733843898787,1.09678911056987,0.175152371133138,2.2009508133261,0.0281582427765195,1.14299600624907,0.183340044971224,2.20711284214353,0.0293863788831562,0.887303582989766,0.141963953952856
2.24712429346024,0.0291846530147237,0.917577406044116,0.181082889072194,2.28586274558038,0.0292192689620668,0.88300525510134,0.172752778174492,2.2471279985166,0.0291846530147237,1.0969604859437,0.181123460696361,2.27411117529892,0.029153629986098,1.06687129327752,0.181687998695981,2.22457272169687,0.0293255186657829,0.930686714346117,0.148343834028981
2.28443175975013,0.0287915172619619,0.94932423832252,0.173829401291073,2.26696199776311,0.0287763517234313,0.912371665350606,0.17266147005915,2.28439540724209,0.0287915172619619,1.13484843923876,0.173858348368419,2.29860326546236,0.0282674428071518,1.11466163302288,0.186409837395001,2.28730694575032,0.0291649035679082,0.959160397816869,0.145192877889152
2.23794191538054,0.0278020511971512,0.845803188361391,0.16795765693716,2.26912235236491,0.0284151188590099,0.849936995605961,0.167896921669811,2.23800888739035,0.0278020511971512,1.01112655206067,0.167990616768505,2.27983788759348,0.0276880969292569,1.05345683946607,0.169388221451388,2.2385823943641,0.0289709092701814,0.903937748312507,0.136235251974905
2.21819471729309,0.0295686303818155,0.859854929388221,0.155429790684676,2.20589377904016,0.0292072460251491,0.844999684588574,0.162006880978785,2.21821271368576,0.0295686303818155,1.02780226117108,0.155441745923682,2.20050352687383,0.0291352507717082,1.02653055769216,0.173686373711843,2.23430884606722,0.0298727471183025,0.860456207989652,0.132561056964648
2.20205720439514,0.0286755620417635,0.934442070498783,0.185957435595441,2.20792240165642,0.0288354719055899,0.92976173110244,0.185181914869719,2.2019249573184,0.0286755620417636,1.11716280728523,0.186005871801578,2.18166806356897,0.0286123272708391,1.18531966456554,0.184994049044882,2.20192313124895,0.0291950227563026,0.919094560536071,0.144548473250302
2.25908424360938,0.0279895373733119,0.950666578640591,0.171263204771028,2.2222319496303,0.0290921792961929,0.9435351668997,0.178931146591212,2.25912248922151,0.0279895373733119,1.14128890843846,0.169776494173555,2.21304886366889,0.0288920363354867,1.15318988760916,0.186057927641845,2.23957544853844,0.0286891252694824,0.955705324578005,0.148300240637983
2.24640673749717,0.0289378890146264,0.937471606999673,0.182972457930838,2.25479135209357,0.0285147399199624,0.88745915943852,0.181481190402212,2.24640840161547,0.0289378890146264,1.12053336618758,0.182979068342804,2.25508295686026,0.026795627958657,1.10006869772901,0.193905390404579,2.23921964695651,0.0289096735117272,0.936021930919871,0.152918528855811
2.2000791631795,0.0288028920825782,0.928893625274064,0.179888465520813,2.19800037129125,0.0293758358730178,0.950944414943607,0.176061021896531,2.20011990005888,0.0288028920825782,1.1104932789319,0.179929465217265,2.19333251160692,0.029058928982542,1.13928687876857,0.182493154387209,2.202131209848,0.0296505284650087,0.979744642070528,0.145482632541058
2.24300562287554,0.0280009998538011,0.948555048097624,0.175403825332768,2.2203305937061,0.0276983559328583,0.931292494463829,0.174925408571998,2.24292004690066,0.0280009998538011,1.13398226248092,0.175441286109027,2.21523571498156,0.0275927920653754,1.14743372653337,0.181458349390506,2.20301543087792,0.0284755158600074,0.916581172428747,0.140070202966831
2.21579557521817,0.0283873274272386,0.974899949557064,0.186095071035346,2.26705733868434,0.0282901066163846,0.953374103193243,0.181476909528649,2.21577645553925,0.0283873274272386,1.16551685261174,0.186141153147042,2.28011995216599,0.0279263290296017,1.13183291114914,0.181978002032522,2.23097562467368,0.0283842268918398,0.937867640601843,0.149190765979156
2.26406950351702,0.0291383261420481,0.941070855698235,0.187703562504179,2.25486178208504,0.0296105984648311,0.969837429608203,0.185005466553503,2.26394534359642,0.0291383261420481,1.12498102885234,0.187734638319205,2.25969727642417,0.0292084239594256,1.18296633028871,0.197424821866243,2.24289166744474,0.029946282354259,0.955216625131005,0.154041702549915
2.16523691641753,0.028590134774931,0.928683939887443,0.173120194147875,2.15235118603265,0.0282477567145664,0.920463490109606,0.177379935648213,2.16509964417584,0.028590134774931,1.11003620356895,0.17312746052054,2.16505692122898,0.0287801455422429,1.08998493042596,0.183494359601451,2.17421061400622,0.028914391715228,0.923166356181045,0.144847045171383
2.22767622464568,0.0289979638259218,0.880525811192668,0.176928696431965,2.28767298293959,0.0284240027371873,0.942502893978617,0.175701413271418,2.22771511781592,0.0289979638259218,1.04830105108713,0.177639992319374,2.31128167855199,0.0285478965415331,1.12184707851736,0.19086332070079,2.25454105013839,0.0286335968740188,0.928504057179734,0.146392818748929
2.17509720345686,0.0291386182289355,0.964408502566122,0.177108673669792,2.20635511630697,0.0283865430245715,0.858506605837447,0.176039775157444,2.17512304768846,0.0291386182289355,1.15295120656679,0.177149017603444,2.17280780464582,0.0285873177962421,1.08798630287781,0.188898602551504,2.16789398683458,0.0292965176443303,0.949763110277579,0.14279158180764
2.29404209733796,0.0294092318641604,0.932678376286177,0.161755100231568,2.23660702489962,0.029126771369866,0.936355183937425,0.160884222423189,2.2940527351041,0.0294092318641604,1.1148173504497,0.161762859127716,2.22776662285519,0.0283410464743108,1.13146521654951,0.166857795344526,2.25842851950535,0.0295188777610857,0.950156252803131,0.133989902570078
2.2480728322974,0.0295045979319067,0.952001898816928,0.173348030607429,2.22164315551046,0.0288507690068064,0.954577449572309,0.174611125728253,2.24819522889174,0.0295045979319067,1.13803927936064,0.173375357422306,2.21705718308277,0.0287366932871788,1.12118617037098,0.173483372554943,2.24428892481548,0.0293951191408758,0.973134881870031,0.147593467358573
2.29587705786625,0.0294090452199437,0.975170877507538,0.184064029349147,2.26617929075602,0.0288564110456979,0.947412666427587,0.184690886326705,2.29596339679825,0.0294090452199437,1.16571287134541,0.184089413345314,2.25474782512296,0.0285804298255026,1.18495675053477,0.197259021788927,2.26948522310936,0.0295446569922874,0.964546013976945,0.146183608680992
2.23661204807091,0.0290794613027602,0.888042445286849,0.172795154240582,2.26091359644786,0.0295927630864297,0.907424273614389,0.164983878850193,2.23658110599087,0.0290794613027602,1.06163229607336,0.172830735054181,2.26782163499714,0.0296738370294959,1.12872392740088,0.171742490045709,2.24502530905962,0.0293447848115129,0.899110585279966,0.142242682404059
2.23087899372151,0.029213879672729,0.919966829957414,0.181798224205362,2.27599781045175,0.0291640620030116,0.914396834437986,0.177065050901716,2.23104582397589,0.029213879672729,1.09975704074688,0.181829037138342,2.22625430530022,0.0279471082203871,1.16200211178134,0.196328154109978,2.26022654360652,0.0293387484633648,0.942550257284745,0.14887538815174
2.1623279151201,0.0289528131227631,1.01619573053598,0.183210474860451,2.11618051402095,0.0285720426506272,0.987024389499627,0.181191873461747,2.1623416541798,0.0289528131227631,1.21472878081132,0.183231980537692,2.1183303175098,0.0267322219737646,1.19631725588966,0.183305486749597,2.16618913793777,0.0286863605917773,1.01039308625566,0.148630080171337
2.29572726891467,0.0286387168877251,0.907843525746349,0.158951671406611,2.23796686297751,0.0280819611568637,0.891097854099764,0.167172498119143,2.29566714149201,0.0286387168877251,1.08513382981991,0.158959475581173,2.24638635300269,0.0278983780061613,1.15297752075677,0.183271057482237,2.25000894253334,0.0287617194701223,0.928176033134608,0.135632076512731
2.20611048507501,0.0295063509899027,0.888889404666979,0.176669621465867,2.24552138656105,0.0291891466979965,0.913434823438797,0.184174250381152,2.20610373674148,0.0295063509899027,1.06276327315197,0.176725698421214,2.21902414968556,0.0286439362754278,1.16711868041299,0.191056783408628,2.19600346719536,0.0297400527483642,0.965787386447077,0.146575284760892
2.24776266121096,0.0282416715497707,0.869344136926574,0.172918470190668,2.24992937083606,0.0284441657134266,0.908818280127345,0.186200620799405,2.24767662071022,0.0282416715497707,1.03916466358879,0.172935058637802,2.2379066495098,0.0282855879580421,1.10833374941736,0.188695440548222,2.25353416895852,0.028729855128508,0.915226467178118,0.143464289636795
2.19740214861474,0.0288372473462353,0.936083248494812,0.175003299794973,2.22901973655378,0.0290358894910233,0.927400338420824,0.182233309160071,2.19743362097903,0.0288372473462353,1.11903340107427,0.17503457072796,2.26127865796474,0.0284557410265488,1.10382330824579,0.176950916898836,2.22841247625363,0.0297720455293141,0.971319155637703,0.141133490702082
2.25006335715101,0.0278803709449955,0.945915764607124,0.189769781033312,2.22316578848811,0.0279628212380647,0.892528737999541,0.180032184571622,2.25006243494439,0.0278803709449955,1.1308846966278,0.189819987370348,2.21396613449983,0.0278936323488007,1.05432204817635,0.185927956917399,2.23115186319756,0.0281672308129801,0.983913848176972,0.153024496210813
2.35587633930204,0.0293344376230957,0.932696343380531,0.16619466533784,2.32047289027402,0.029113699326715,0.910305640645829,0.177001035605401,2.35589144229482,0.0293344376230957,1.115051375624,0.166234324514713,2.31907469852463,0.0289874401407364,1.14704470762105,0.180638043329237,2.32818930756173,0.0289936646338963,0.939506870909848,0.142622117251581
2.2950249110302,0.0290616445049937,0.944649058596072,0.176969550192847,2.2452983031983,0.0286717847731763,0.920267224553114,0.17371467745957,2.29505209970236,0.0290616445049937,1.12910739542066,0.17697516376969,2.21824560277304,0.0285630767317679,1.14040429207955,0.182901507142168,2.26353501838112,0.0293380896105844,0.934287877264797,0.143489473470546
2.24613348549007,0.0286785159355427,0.914539959544406,0.165257234086926,2.3126827402655,0.0294232154618148,0.898562416573855,0.164141239246116,2.24607138394409,0.0286785159355427,1.09329511103355,0.165289101781779,2.30989117000611,0.0288149450098504,1.06271601135154,0.168674825438415,2.27786593900508,0.0295977166250718,0.938862246852361,0.141692588922036
2.2676120497551,0.0289969831170838,0.971674028473058,0.193298133637855,2.27777520044588,0.02878657903674,0.933348257746275,0.185397559694946,2.26748878318051,0.0289969831170838,1.16180153963852,0.193369526454593,2.27484048106833,0.0289077081830675,1.16941242344918,0.193867068365441,2.25869096931646,0.0293701106680103,0.957964596967057,0.147486046560932
2.20900930490714,0.0289297739291748,0.965720200096057,0.181154527274034,2.197200239625,0.0288448299223061,0.92786769774421,0.175572207354744,2.20898766429815,0.0289297739291748,1.15432476437582,0.181165254859709,2.19524779436035,0.0291128053334939,1.15254949056995,0.183258586611533,2.21364874196977,0.0291138039135253,0.970549113043294,0.147906555622193
2.18621463340961,0.0293084879774211,0.956030839595645,0.171848718685442,2.20378213407593,0.0293933147756554,0.939800511301281,0.185375081547506,2.18616249369793,0.0293084879774211,1.1427870743682,0.171865511928169,2.19815914072073,0.0277446207144375,1.1234531373876,0.186267267654478,2.20549973719649,0.0298166705185733,0.967576324642923,0.144010537629725
2.27545665744638,0.0282599630926916,0.897360151690755,0.174725612375903,2.22988198289924,0.0287881332542821,0.903245680876781,0.173872431232158,2.27542715659423,0.0282599630926917,1.07265644290318,0.174742866914794,2.25453537079342,0.0288211677722731,1.16690394697468,0.179204913844216,2.27080535613287,0.0293065530678822,0.926731858293462,0.140830102481293
2.26798840231275,0.029270370966749,0.911944978709705,0.167865250158463,2.26666628129155,0.0291181992200881,0.920753362539577,0.167710423238989,2.267871599693,0.0292703709667489,1.09007199650294,0.167878998049053,2.28289973683579,0.0283874441182235,1.08756916404145,0.175742835516727,2.27350301517411,0.0290547683015986,0.938954120105176,0.139567714352595
2.23317228570147,0.0292093625669011,0.955539780263858,0.171371791186713,2.23835892298392,0.0292298252506757,0.965818326753753,0.177846240811989,2.23319088457015,0.0292093625669011,1.14213630040016,0.171378966287568,2.22572448524645,0.0260799765598403,1.17315252705423,0.200976065441375,2.23428791197592,0.0295019797305877,0.963439183458494,0.143604607923254
2.18545546419356,0.0289257824049659,0.920859688747697,0.162910950838794,2.21929405024272,0.0291232081114957,0.923740779557396,0.181199222853833,2.18563285251827,0.0289257824049659,1.1008138561567,0.162937003110824,2.22659319238045,0.0284175287256568,1.21822713244646,0.188950831831633,2.18992018021763,0.0293719402202329,0.953941568314296,0.144976418298732
2.23838288811409,0.0283244161107356,0.914356052185538,0.172393936883459,2.2967647973843,0.0283762054387464,0.966926676174499,0.173972719285985,2.23833490894301,0.0283244161107356,1.09331577755523,0.17246512166964,2.29824126762231,0.0286600580887517,1.18673734063583,0.178003244820141,2.22881437655688,0.0283221336333512,0.979469442414754,0.141507167681058
2.27266380986711,0.0293992329367112,0.979772645357754,0.180681799540841,2.24072007142696,0.0295786386992144,0.91244004641326,0.189686607790827,2.27249873410576,0.0293992329367112,1.17128224537202,0.180717278399253,2.25170507737698,0.0289264132697369,1.13695325057195,0.189319095760631,2.24772804622776,0.0296979472205033,0.957352358947022,0.148106017905059
2.21795959167159,0.0289161547715763,0.947777623512251,0.176187301368,2.20314163887958,0.0289005095989362,0.878685092959689,0.173399170457421,2.21793699499,0.0289161547715763,1.13296804887233,0.176211738093701,2.16258520311656,0.0288422685688608,1.1120993056413,0.179613797914658,2.21848354039989,0.0288714252340926,0.947832943189237,0.147682143791347
2.17392128239171,0.0290408460005678,0.932486395770059,0.17012178603228,2.17789405540227,0.0291959063359379,0.909756680667798,0.173393164010559,2.17394264062301,0.0290408460005678,1.11466417890669,0.170141592644018,2.19188444785192,0.029155600291753,1.13216656820984,0.182416249178248,2.18851794481968,0.0295439620722384,0.919695864176618,0.147249240695461
2.33670363129788,0.027680692277177,0.896770686024868,0.173436872938984,2.33674407250864,0.0290245213609239,0.84440862309131,0.167467209812125,2.3367703546896,0.027680692277177,1.07204356613949,0.1734688446323,2.34043569102286,0.0288424076199177,1.08017271274653,0.175956432034902,2.31004701034556,0.0289149973581673,0.944278548268288,0.148248861738018
2.24008872799941,0.0285095208788999,0.889381763009934,0.168203820273515,2.2440717615818,0.0280328629750073,0.906479290949475,0.171053727345298,2.24016083787938,0.0285095208788999,1.0632307275263,0.168238030177564,2.22568085615613,0.0282036168950939,1.11574150710689,0.18564707212949,2.24207464349497,0.0289157482818976,0.91830754105477,0.140216844484471
2.29141037429976,0.0297348901517311,0.916343172947209,0.166404745089014,2.26611291945416,0.0292095635463125,0.890719530483311,0.171512911393671,2.29129839150158,0.0297348901517311,1.09540647116565,0.166430102191129,2.28056238201457,0.0291340554801303,1.16540212190879,0.170516137091081,2.2566349958946,0.0299139233885241,0.932791015292419,0.140640741508368
2.27346277798605,0.0293835452466585,0.869728811016112,0.171090773017892,2.25344399281459,0.0292706323857984,0.945781419142968,0.170959421652286,2.27334170724587,0.0293835452466585,1.03981342751141,0.171138283970547,2.24357734186459,0.0288716915138443,1.12698561948591,0.177652186234779,2.25938581346957,0.0300385755268177,0.947150735080983,0.136829831480468
2.20188535877561,0.0278386675825977,0.996670637638152,0.17712175416183,2.22484398499779,0.0284520602585437,0.973088692114329,0.180732688607214,2.20192103811698,0.0278386675825977,1.19132262738329,0.177132662816,2.23151302059661,0.0270280463798947,1.17775257397336,0.215625379523048,2.21373440913867,0.0288732892507476,1.00104811041031,0.144711114099842
2.27389889486226,0.0281733929197779,0.856356309217413,0.162751733903392,2.29832268780062,0.0290690159939166,0.860844966260881,0.174907000392934,2.27381488526861,0.0281733929197779,1.02374750874365,0.16278448140009,2.33210809234087,0.0287853669817482,1.06401047851186,0.188785944492563,2.27216782848515,0.0292649970876844,0.862472127827684,0.142922616012133
2.26618886944185,0.0287481455356422,0.88794390163725,0.173834428818021,2.21567536999188,0.029111167598439,0.920285816247538,0.183553439504833,2.26621628259737,0.0287481455356422,1.06147579805706,0.173863886165417,2.20153127131179,0.0288223527019169,1.12150315214325,0.192307462424853,2.2637358523748,0.029330214889136,0.930918680496573,0.146973900642321
2.17043769427336,0.0289826571807542,0.91878590391927,0.171466322660647,2.20777785846869,0.0295733556569838,0.910422211158202,0.174842275060066,2.17047518894384,0.0289826571807542,1.09835705418272,0.171497215845199,2.19062978229837,0.0281422593076822,1.13232343549756,0.177578966778618,2.21715856396871,0.0299154185335518,0.964158113047533,0.145357613195746
2.12282842367084,0.0287324916082906,0.851392954924329,0.165135587065518,2.20316976342405,0.0291428393058775,0.927299017578323,0.178900640434856,2.12275436355769,0.0287324916082906,1.01768281903322,0.165147530973179,2.19673548687482,0.0287828941133496,1.09695768151945,0.184555791238295,2.15715320896902,0.0289830236395461,0.915555216508165,0.143702532545863
2.26302532305364,0.0287281683597511,0.972050373752762,0.1768164534725,2.26921808837297,0.0289376961089172,1.01321235128051,0.182387411244289,2.26298679764516,0.0287281683597511,1.16216845706241,0.176869117010118,2.29334121501135,0.0288328458265549,1.20886311795377,0.192847914919355,2.26246479913823,0.029446354596051,1.03057251162126,0.150885985818657
2.22573049333497,0.0286805153352432,0.934480774863507,0.176400918941111,2.21528335162701,0.0291098139180197,0.914875241682502,0.182263050392633,2.22575083035494,0.0286805153352432,1.11697495931718,0.176409890039555,2.21556997093707,0.028561730167976,1.06782981903785,0.17659050180711,2.23306144127473,0.0291419066362633,0.92607107998042,0.146563208570512
2.22875765707874,0.0290464613243345,0.919265391991896,0.171551455784481,2.25301252694297,0.0288640560275757,0.851023442129679,0.170143279865641,2.228732332357,0.0290464613243345,1.09885566822896,0.171570718594797,2.23413142506573,0.029193910061904,1.01454060258047,0.176024955951145,2.27479457163565,0.0292031130466936,0.902389144759933,0.144796186534361
2.20294326024258,0.0284487707000906,0.902551265390073,0.174116563544439,2.2066173762797,0.0285663627989734,0.968390143784616,0.176818645876117,2.2030250735292,0.0284487707000906,1.07901599353677,0.174158674092458,2.20408735921106,0.0281225307170649,1.1657545806158,0.178634831444146,2.24244043845723,0.0288314549866705,0.967191900464839,0.147906607850264
2.17496598659911,0.0276403710830406,0.938684987983667,0.173413114767286,2.16032122511699,0.0288485714227548,0.909978414832603,0.187987061822301,2.17488189058805,0.0276403710830406,1.12219131695537,0.17345147225505,2.1316480280315,0.0283116918273153,1.12101596524111,0.198301812158225,2.20837833630879,0.0277752401836423,0.953088926590984,0.147490678681842
2.20840886807377,0.0295101181214903,0.884252204962855,0.1720035956791,2.2158782342392,0.0287445385599613,0.94313683359828,0.170799327842823,2.20839839911009,0.0295101181214903,1.05696444175424,0.17201676321854,2.19536602139077,0.0279251140748448,1.21616685560599,0.190644903431708,2.21721868697118,0.0295617150382133,0.958692540375268,0.145614089272655
2.21224393927648,0.0288973265237731,0.888390160736316,0.164748606923951,2.25503441571288,0.0287238376419206,0.88256862414281,0.167635175474468,2.21219867720479,0.0288973265237731,1.06205510709607,0.164783636483265,2.25394063274817,0.0280189694966843,1.08738500530715,0.170300223049892,2.21131400372824,0.0292383840056768,0.902103743322608,0.137828338071696
2.25850426032773,0.0288404271662061,0.897920710790362,0.17533560940733,2.26950969589182,0.0293706080849051,0.926508642018264,0.187137165833738,2.25857465413317,0.0288404271662061,1.07334278735332,0.175355584231511,2.28521776444486,0.0290353842472965,1.15472805079622,0.187054945768838,2.25336685043891,0.0292576496285825,0.929477902787643,0.143226694227716
2.14955169855549,0.0290631768945579,0.916260541071355,0.174378253468745,2.20880373439771,0.029296955725124,0.877410238792735,0.180380752063584,2.14960014793378,0.0290631768945579,1.09519410639019,0.174386739438345,2.21744355673945,0.0290563228537272,1.14958402545494,0.194361140451343,2.18329920547316,0.0292744274540684,0.933012777404998,0.146074435641357
2.24833942469277,0.0294785201230332,0.910113943172923,0.183873629524929,2.241459002215,0.0289010165699517,0.907907939580273,0.192149415467783,2.24858332863381,0.0294785201230332,1.08365141211998,0.18454534749849,2.21992770408469,0.0284869214357071,1.10031267273158,0.203362542018654,2.24182798464753,0.0290872556089495,0.923422198326989,0.150643130859581
2.37726540531444,0.0294213603079923,0.863480276780751,0.16875688734229,2.32741612337607,0.0292723671805728,0.90211465135027,0.163420980827802,2.37723131323503,0.0294213603079923,1.0321896004904,0.168778679025784,2.32330052904131,0.0289439105226327,1.14270405552229,0.177705718666584,2.33413599639884,0.028912376168743,0.912162203089454,0.140410589706816
2.21316055141357,0.0297359556219357,0.898189147382221,0.164122570621649,2.19280275614562,0.0294055092629151,0.867439120508962,0.182191928828226,2.21317230615375,0.0297359556219357,1.07362470341085,0.164135311280957,2.17892139150391,0.0286286935242979,1.07769612391,0.190442050473313,2.22251407394511,0.0293695029301018,0.904872327830097,0.143320966039632
2.20955434514008,0.0285671596480906,0.912687264783681,0.175518275388543,2.22080747619398,0.0287930705204828,0.864591954040913,0.167383128007418,2.2096551710556,0.0285671596480906,1.09099377119875,0.175538201091957,2.16796923721193,0.0281807211420964,1.06605964575117,0.176655607268269,2.26555664433106,0.0291596736483022,0.927057281000087,0.143825857051052
2.20107421863228,0.0289739196671115,0.958714283868708,0.17400743653568,2.16594329942157,0.0288765933821795,0.957986479280487,0.176471338204857,2.20109317480215,0.0289739196671115,1.14608649250346,0.17403837722863,2.18204418806193,0.0286802570720934,1.16588211507096,0.185016892858847,2.21937774066938,0.0295266681315023,0.948797421786058,0.147439238751815
2.20563232847109,0.0295694274720156,0.893721578273492,0.161159647885919,2.21998562891857,0.0282117357196487,0.885095668209913,0.17099093629301,2.20554407930929,0.0295694274720156,1.06835051522031,0.161182114866292,2.22746893562639,0.0283601320475235,1.06493775703113,0.179314997499151,2.22204266317631,0.0292335076296626,0.939044536840487,0.141043482472922
2.1967777282312,0.0288225460326823,0.859347347082859,0.172445404024825,2.13594174129592,0.0281010946407988,0.876832078423317,0.171261391676961,2.1967510958426,0.0288225460326823,1.02740574133329,0.172493959736058,2.16075795185175,0.0277297915971417,1.07398130066281,0.175553373093832,2.22233448433644,0.0288242817213511,0.911269445286959,0.149174091484058
2.20708669615935,0.0270820437703312,0.924890663445261,0.169573482476602,2.26230597311894,0.0278240167434387,0.912636197735392,0.181227134353632,2.20696195828246,0.0270820437703312,1.10561176615728,0.169597410045164,2.25521214039722,0.0274172728285477,1.16877526094438,0.188461759786234,2.23741966352429,0.0277204889321883,0.907626989284558,0.141818086017098
2.31243050606455,0.0281693315316366,0.933115487128426,0.189999115935532,2.24992260542115,0.0286383226018312,0.89732217318376,0.173196879246512,2.31241823338773,0.0281693315316366,1.1153447551202,0.19000906985986,2.24308182016176,0.0280225278633215,1.1156728873043,0.181374434602873,2.27768164891296,0.0288756241147079,0.88376475768146,0.144811907571274
2.19477817967133,0.0288394103566974,0.947878942733428,0.173053487705855,2.21445656242747,0.0293976401376425,0.942856222572488,0.184291282611944,2.19472071915089,0.0288394103566974,1.13312360223442,0.173082749964191,2.19660081481363,0.0290355627881137,1.22539519948319,0.191146780433495,2.18797790355781,0.0289994416588651,0.947300182525458,0.143693594767695
2.26657460200548,0.027112575195514,0.969698679237932,0.179334087179195,2.28825854178534,0.0278557753584159,0.925398045051621,0.178687725261881,2.26629725523933,0.027112575195514,1.15936918579965,0.179389415901283,2.3005892264741,0.02757429305706,1.12007079942354,0.180901004615048,2.27668471460971,0.028322328679865,0.984464188019618,0.148022123914701
2.25187793066492,0.0285727320789849,0.892372411181686,0.166543231357977,2.22349336180446,0.0287477343224838,0.933105998947716,0.175123834459633,2.25176910324372,0.0285727320789849,1.06678792947018,0.166574287702948,2.22873659514926,0.0280409876788215,1.1547714118449,0.191226995465402,2.24107217916313,0.0288028052360631,0.910009867306617,0.144243341274028
2.27659188135163,0.0284044646610962,0.978666760046495,0.181490145405732,2.27592125374955,0.0289830189802593,0.991632424259893,0.178469075244063,2.27645857887729,0.0284044646610962,1.17002164697719,0.18153531681978,2.24448576143334,0.0284810073397957,1.18509179897679,0.186651299903668,2.26179940667677,0.0290527163672517,1.02202651791219,0.153169271557605
2.31207158554143,0.0288585842314245,0.915106944619263,0.168701438153697,2.26727578052135,0.0289644953885256,0.877087991182633,0.171710028664222,2.31202332510497,0.0288585842314245,1.09384890808384,0.168714842698884,2.26968691501368,0.0282158891349347,1.10003712750241,0.178180044007204,2.31169574968652,0.0286427698571169,0.899273475071435,0.142452198047932
2.20532190371788,0.0290674902957368,0.925685220594263,0.170497836891058,2.22461218954762,0.0283332853574078,0.889283073212737,0.180561711683008,2.20530679667617,0.0290674902957368,1.1066084559334,0.170529118873741,2.24353394363295,0.0284440812133557,1.13246558599571,0.18850616747432,2.22291831268115,0.0296456742786408,0.93102788440769,0.144930387408423
2.19433153497744,0.0279547451318826,0.842741184171714,0.165219264337251,2.14270925306565,0.0271536754064152,0.883561833606063,0.165892125513758,2.19433559925817,0.0279547451318826,1.00733594275942,0.165230347509675,2.12808254811554,0.0272049171592096,1.07798372620754,0.179379119445748,2.16631866594761,0.0283037819439924,0.894911219257937,0.144347245410418
2.26699699401786,0.0283807293009812,0.894542249485028,0.178184990058953,2.33607110089124,0.0283204136378178,0.908617426987058,0.17091601578334,2.2670245425604,0.0283807293009812,1.06941802134178,0.178224242811797,2.31952312570028,0.0283862255441303,1.09696078220854,0.186750862720254,2.29464464465524,0.0286465636379985,0.940429437243235,0.144747453043634
2.34257683423226,0.0290578576624914,0.967167293178175,0.178049806383638,2.33352951632542,0.0290502209678718,0.925066503005064,0.18074674828224,2.34265509006747,0.0290578576624914,1.15612485608969,0.178071190681329,2.31766595913646,0.0286418090637405,1.09872684155174,0.18954170131632,2.35361597025303,0.0293247287405567,0.932413196887165,0.15055725392283
2.26296862846874,0.0280872237799257,0.946527864748103,0.178180438962063,2.26584749981507,0.028332828913637,0.944379563151365,0.17964108902516,2.26302946497832,0.0280872237799257,1.13140073267982,0.17819359781218,2.26202336873604,0.0279975587076209,1.19609641655967,0.19028256331138,2.26964424838441,0.0287511454284164,0.989392454865861,0.146054946685383
2.15112693381334,0.0281013416502013,0.920277886767772,0.174011757430273,2.12442283771276,0.0292915091854201,0.908722416303302,0.182145678480948,2.15122575480658,0.0281013416502013,1.100052975541,0.174029241264736,2.09903005717962,0.0286538816815703,1.06311255647733,0.190162233442911,2.18133939151715,0.0293637580152649,0.926838011152892,0.15022056915932
2.22638941729554,0.0285026633083998,0.899977857205802,0.173542875636747,2.22882868323723,0.0288357058162763,0.83719195496956,0.174124401205463,2.2263496366464,0.0285026633083998,1.07578286875106,0.173559587514993,2.23154358812299,0.0287288259965565,1.05136872346936,0.17747091021847,2.23296613687592,0.0294827998607886,0.943755699291239,0.140850463121409
2.28572021497644,0.028534176006471,0.888340095973727,0.162391646917651,2.23797452874928,0.027852989699504,0.926636746218924,0.165376574445037,2.28573024194389,0.028534176006471,1.06193500903734,0.162416960968267,2.22005451056357,0.0285416693156715,1.12211470821049,0.171143387985521,2.25693041919071,0.0282847099525547,0.915006214924916,0.139885266791792
2.21879174472129,0.028159854254989,0.919798156066828,0.166779843939321,2.20338219641824,0.0288034072391198,0.899708267791496,0.173543788766805,2.21880234657712,0.028159854254989,1.09949899214523,0.166799553642116,2.19734765369624,0.0285595454586457,1.12262996762412,0.187474063829351,2.21520291190592,0.0288658785470123,0.903917577634089,0.141386445790304
2.22343884670957,0.028588660617713,0.925802504358847,0.180054596533476,2.19807669812386,0.0293923800765623,0.860270168945323,0.179316057436832,2.22350462268961,0.028588660617713,1.10688246550713,0.180109404048012,2.21495663599347,0.0286903132035827,1.10071270664134,0.185202884328846,2.23667543042009,0.0294021954138116,0.921242080362385,0.145796191202186
2.2723947045009,0.0297463874746249,0.953746032045998,0.17610012211589,2.25999478181723,0.0287817691997095,0.89016262436972,0.178743986188022,2.27229567829202,0.0297463874746249,1.14016145589958,0.176133631020452,2.25765120673294,0.0291198038673487,1.13943317993453,0.185729098410037,2.25735023977694,0.0296316182112778,0.947002479054905,0.145198142331323
2.30344936366222,0.0280604116666756,0.911024777232603,0.178483193262824,2.27589615426393,0.0286503000311072,0.930567526788185,0.177483313029328,2.30340608357054,0.0280604116666756,1.08896399240555,0.178496489124843,2.25455417569174,0.027541835370245,1.13854768237466,0.187885751253828,2.27811118497439,0.0289284928861514,0.916005873167771,0.142966986144498
2.30252829275605,0.0287962141029568,0.91102073056847,0.173998380110941,2.27258341514429,0.0291040480600881,0.917063951862195,0.18471901164155,2.30259726313787,0.0287962141029568,1.08915511763802,0.174042655876102,2.2645590011024,0.0281287330271241,1.13935157064162,0.19948510366539,2.27692781442316,0.0296241650710419,0.956266573754738,0.15143167837791
2.23610666712786,0.0289235344295476,0.974863032822144,0.19725809236662,2.21606768650167,0.0286114590007786,1.00343774195883,0.209702166180043,2.2362209790912,0.0289235344295476,1.16532313800159,0.197281615864054,2.22145427353837,0.0277408206379217,1.17556000808169,0.216997383251577,2.27336287538821,0.0286744524835012,0.962460764638399,0.165711827817041
2.27932732857985,0.0293153336706555,0.957653673739115,0.176162667320204,2.32347364032271,0.0284914506292647,0.959248749272387,0.176539502429415,2.27943728745163,0.0293153336706555,1.14480845292474,0.176192430237048,2.35527953441823,0.0286860699837383,1.19507350470847,0.202074300504833,2.29284027311654,0.0288818225861652,0.941461154039623,0.143066261457513
2.26022699321587,0.0288659623435036,0.882154850738792,0.180232398017316,2.28109234126186,0.0289419735833315,0.926748256133519,0.169268240641545,2.26022563025786,0.0288659623435036,1.05444148096571,0.180243468862422,2.27224860227147,0.0289320285388104,1.18547771538732,0.179485885260906,2.2600198021239,0.0296517592660698,0.902778899127233,0.144465644841129
2.26189673252709,0.0286260612533862,0.954700078364212,0.1675810367544,2.21262126691494,0.0287387691143033,0.936701964184129,0.179229326669041,2.2619872139444,0.0286260612533862,1.14129472110383,0.167611859108137,2.21402689230617,0.0284631197293805,1.08049189594785,0.179329683487526,2.24176192342066,0.0284466311258948,0.965964132111861,0.143964168086669
2.24003143467779,0.0282312034082493,0.869426358670061,0.156442792093921,2.29089109826177,0.0277762541203474,0.868034332066773,0.158852679084196,2.24007525724832,0.0282312034082493,1.03926043104303,0.156457421254356,2.28084100328635,0.028472290114401,1.06835292304019,0.164700933340818,2.27068598416394,0.0293823572696515,0.921607150887821,0.141700889349028
2.31319750137417,0.0281341514293134,0.844260398485703,0.172583251817899,2.27201958673798,0.0294064692829128,0.902005522232269,0.181225508279995,2.31312019372386,0.0281341514293134,1.00920379866595,0.172603709807298,2.26373144316288,0.0288295708095675,1.08631874807367,0.187528745120849,2.28144125914073,0.0289715018424501,0.921362055982574,0.139406585012424
2.23353968094138,0.0288681988344727,0.850398439305847,0.166918531120211,2.23306212677062,0.0292886485468152,0.903576141802674,0.173479221281521,2.23346788005775,0.0288681988344727,1.01656413013258,0.166942111111654,2.21529542209342,0.0285639584808459,1.12773468363163,0.180322097266108,2.24394831004477,0.0294602382786619,0.93102319667769,0.141626896108179
2.16142577843587,0.0283367246996888,0.924780339994973,0.175041689019191,2.18902504163116,0.0285854409263023,0.894878885550917,0.174099136066256,2.16157634626219,0.0283367246996888,1.10540770251014,0.175054957059662,2.1781249005079,0.0280862437453438,1.08574386447112,0.190138884589579,2.15189251450475,0.0286772596851344,0.942041621944163,0.15116510663588
2.2267331235599,0.0294821685100411,0.888006384595872,0.178056001191419,2.20899073434212,0.0289591881462476,0.958363039026414,0.195100870071784,2.22669973410683,0.0294821685100411,1.06160488063554,0.178095298150137,2.17799316406257,0.0280608843053228,1.16717550210591,0.193198882440837,2.20078404529897,0.0297153717870513,0.946031475826921,0.150614605729833
2.26596798586986,0.0283754021637921,0.924807736207044,0.177301730527823,2.24357641519465,0.0285399261469292,0.852194895782942,0.172549709287398,2.26600235347643,0.0283754021637921,1.105629753456,0.177345534627611,2.22079872120038,0.0279775794943836,1.02729032432123,0.182264154884025,2.23748598780702,0.0293013959205283,0.898687515205884,0.146939473096553
2.21104763234755,0.0277720460389529,0.890758069236704,0.176019474832654,2.17942733604782,0.0280778125530278,0.900209928369056,0.170981656065551,2.21103533450085,0.0277720460389529,1.06497314410699,0.176071324724447,2.20486577627364,0.027425556100176,1.06289696306171,0.173267014544066,2.21177112111346,0.0280553453119063,0.928961464188377,0.141648340314088
2.27799249348407,0.0293435996903535,0.949558857228972,0.171227863468589,2.25652454106958,0.0286463368394084,0.909582369410577,0.176761465124676,2.27800428573435,0.0293435996903535,1.13526730665962,0.171277257289166,2.24863549315331,0.0288093899180974,1.11779056981805,0.179874058329407,2.27920522304624,0.0296059994752909,0.964958028748689,0.145411258282043
2.29731143228322,0.0285891986731008,0.893451606264601,0.162259799797996,2.26796694156121,0.0292814263057291,0.928369713563608,0.184994320124038,2.29720809186206,0.0285891986731008,1.06809388068391,0.162292462056599,2.28965853779099,0.0285148555080633,1.17668298411883,0.198212868274281,2.26199196151634,0.0287583546845092,0.965586178189869,0.141293927686108
2.21774397379898,0.0293683624389856,0.970264877113509,0.179027187814069,2.22895326513147,0.0291439921326455,0.940737665194326,0.170839392718587,2.21779994019056,0.0293683624389856,1.15984799019377,0.179051833891382,2.23852174826863,0.0286302306971944,1.17170484880099,0.1785667009087,2.22672522248459,0.0295150545265664,0.931864990581748,0.145613215322257
2.29035782778505,0.0288972837061645,0.950272770196,0.186365886334625,2.30881626519515,0.0287235070961604,0.972417809454173,0.195019568980919,2.29043117442706,0.0288972837061645,1.13585926646684,0.186376726543598,2.31588689412132,0.0292824325379666,1.23427978524819,0.210312542394899,2.26541368566066,0.0292460088966656,0.988257372110687,0.155104062001436
2.2360539727294,0.0297313798578437,0.881986011074091,0.177902311436991,2.20652459914038,0.0290662318294166,0.878064619437998,0.191512027206981,2.23612612681213,0.0297313798578437,1.05421901785792,0.177909754483421,2.22284981292238,0.0287856665115937,1.10326801199238,0.196841378922855,2.23617251642094,0.029485482982173,0.8789870129601,0.146024562314886
2.28791867730744,0.02863782672366,0.894982426271778,0.164348045441059,2.30388414481273,0.0279706204094941,0.889791453880838,0.185087137968514,2.28793042709563,0.02863782672366,1.06988605657032,0.164375309427005,2.28152026450347,0.0283939337524969,1.06711501884523,0.19354963449827,2.28850573721869,0.0286318666908183,0.93896692792526,0.14792730852532
2.24735202592258,0.0286305175297057,0.98446948252053,0.166219840343189,2.25317853788811,0.0284429254505167,0.921241163244099,0.179350082084397,2.24735099456561,0.0286305175297057,1.17688000429695,0.166250058527668,2.24289329723236,0.0284539685677069,1.12697824727922,0.18502095550408,2.24137406819788,0.0290411701437913,0.974129534631995,0.149295724258249
2.21772391875871,0.0289851182513509,0.90984310380351,0.167928112475972,2.2146381208872,0.028984836540624,0.905344920586497,0.17228132263363,2.21756642384921,0.0289851182513509,1.08772187954484,0.167966929532539,2.21072119680201,0.0279730121752174,1.16779677868798,0.180318211925781,2.23395603064695,0.0291838300759946,0.960633458059236,0.143133974144358
2.20011250565452,0.0284256195991833,0.95871702551143,0.187360144728709,2.17984048936664,0.0284015847329308,0.896159767347663,0.187708922445311,2.20016905612363,0.0284256195991833,1.14155477811794,0.188770036300943,2.18983685188232,0.0280129097918596,1.08249672257727,0.190409771376531,2.17229632970888,0.0286547654676441,0.958037132198648,0.155047245470003
2.24203546460354,0.027952770148744,0.929155392076792,0.171464622466044,2.23924121712816,0.0282988506841701,0.922480226397176,0.175017034141919,2.24210287351355,0.027952770148744,1.11085095061347,0.171510608219044,2.24855279606086,0.0275433780217245,1.12247608482031,0.181714442553965,2.26280866293202,0.0284266993242022,0.957090191873721,0.146696044285857
2.3117263544228,0.0288951094056022,0.921584044197755,0.174686537283843,2.25995110034919,0.0293476107531626,0.931109068147841,0.177598678433503,2.3118526735711,0.0288951094056022,1.10170235889023,0.174718055826948,2.2136966833516,0.0290654199416563,1.16261719071695,0.19351557339551,2.26005652133114,0.0294127649880206,0.938322313273787,0.150142560703187
2.26166636226515,0.028767372189038,0.954503821827308,0.171544457903589,2.25056826758131,0.0294518575795053,0.90645984171356,0.177227942487293,2.26165044891984,0.028767372189038,1.1410448847937,0.171573720406311,2.24762507528269,0.0285093895715766,1.09712405225761,0.179936558524147,2.25618147657702,0.0294918281257726,0.945189465873999,0.145493076987543
2.27302687464259,0.0279654675914157,0.912446111579598,0.164033006882535,2.29384924954886,0.0281758918817422,0.914442194442606,0.173889971662855,2.27305793166046,0.0279654675914157,1.09066291495467,0.164045222766473,2.30492296443766,0.0280744304993012,1.172549580194,0.190072245801328,2.32233336557605,0.0290696549511532,0.890491720759364,0.139255990902287
2.33626072272614,0.0287956525224566,0.910057312888787,0.170701199805713,2.28599541173729,0.0289846930901149,0.914634285650975,0.173348720563054,2.33627010998726,0.0287956525224566,1.08791367619475,0.170730568373621,2.24208580586988,0.0289683807881117,1.12251211562472,0.183577097699501,2.29485305464877,0.0290106961984534,0.950875054176016,0.143456357011468
2.25516892751809,0.0292341100052893,0.88564087889368,0.174908545197225,2.28202890504202,0.0291117063402476,0.926575660810614,0.185995565777978,2.25520086061522,0.0292341100052893,1.05880486398486,0.174951762104962,2.24982547509638,0.0285134324106479,1.12651487992388,0.194048156892136,2.28631925418885,0.0297784250232568,0.936406418433941,0.15329073883216
2.22743472450348,0.0289585851934719,0.913764696493439,0.15925077204609,2.22494024487452,0.0291207776131224,0.869230941055763,0.158063114394221,2.22752221915294,0.0289585851934719,1.09224722814233,0.15926382532537,2.23275133446329,0.0286971554763319,1.22131729854173,0.190363890070655,2.2444281959517,0.0292333211233632,0.937377924065846,0.132972071983286
2.19156755739344,0.0279767198980963,0.869220712377191,0.165330219826347,2.19449322045081,0.0285517409564155,0.896518219576931,0.160453996697746,2.1916412965926,0.0279767198980963,1.03901887017952,0.165346357420539,2.19100210255505,0.0271186399373687,1.15512708434809,0.17238584239382,2.19949254592096,0.0279802034536026,0.927737163797785,0.135066137648757
2.24921137851011,0.0277190666555589,0.848952895931724,0.16945987841374,2.21508444638764,0.0284902445339484,0.917095926960558,0.179170364302625,2.24921665660153,0.0277190666555588,1.01484636672086,0.169485526796342,2.20507875960207,0.0284395909351422,1.11231930788765,0.189721391487927,2.23283943005536,0.0287200886496651,0.902675888266209,0.145326889191495
2.24912907568362,0.0284193128531847,0.896324998129109,0.163390709037712,2.25934679188235,0.029151094763202,0.8523523427205,0.160280525257785,2.24917319142482,0.0284193128531847,1.07141126374147,0.163405652813466,2.25558507862588,0.0290941004457656,1.10594807390145,0.175781068202233,2.23703917490683,0.0288102350092531,0.918907675222135,0.138655535148505
2.18643160757804,0.0291728044582383,0.899575792658123,0.172765212284625,2.18954249498762,0.0287184263701881,0.904791844843804,0.171576670028501,2.1864392663071,0.0291728044582383,1.07537459174001,0.172793471142541,2.20229784348693,0.0287100285470981,1.13019358877492,0.18154650510002,2.20770326223456,0.0296413767979252,0.938474659407888,0.144467603875613
2.21271987033585,0.0275517216436536,0.93916826369105,0.174996974266796,2.24529261018995,0.0286075985876592,0.913922353528236,0.187037405282275,2.21270813940488,0.0275517216436536,1.12265262427162,0.175017528669111,2.23495376972058,0.0282793460897299,1.11855171821409,0.196616848960406,2.2185978846133,0.0280002498343808,0.963203980341912,0.149912546957509
2.19086951059422,0.0288874873474249,0.877895758013124,0.174861243060123,2.19432227611919,0.0294742357950557,0.892619879164186,0.165499650980036,2.19089042294826,0.0288874873474249,1.04945715687636,0.174889744983999,2.19486412759575,0.0291887054363591,1.07965504430338,0.172286268640764,2.20378391062024,0.0295306297026347,0.934378187162892,0.141254891497979
2.21325889436642,0.0291274144777397,0.851705630469932,0.158985102198825,2.19329712898756,0.0284713687269843,0.867906678722621,0.161049901364036,2.21324207308324,0.0291274144777397,1.01807647207092,0.158999710301301,2.17802476842575,0.0279758178375288,1.02790237783721,0.17176146242924,2.24910023300124,0.0295392481799619,0.886167054213191,0.134116425501015
2.1907825167895,0.0287232652578799,0.900460689848912,0.169845158824792,2.25354552781666,0.0284473370823192,0.917469078915121,0.176581520053528,2.19075914052089,0.0287232652578799,1.07632278681498,0.169855638856261,2.23342056004577,0.0292472531443349,1.1408495157606,0.19592300712474,2.23258177931309,0.0285577631504778,0.918559663063081,0.144967966352473
2.20408113006332,0.0290706398310808,0.888865020829006,0.173852527787462,2.21084008066251,0.0289557699120833,0.89707589430941,0.177440350453032,2.20411712074696,0.0290706398310808,1.06257767537756,0.173882109746335,2.23535451725661,0.0282226809565541,1.14287023976137,0.183570793037715,2.21590764445304,0.0291101531484703,0.939101036337597,0.142971193463645
2.25713238499099,0.0284613451051081,0.871876974751482,0.189175530215874,2.21742534735175,0.028365438622458,0.875671050379736,0.175438370560459,2.25719697675829,0.0284613451051081,1.042289463439,0.189211321415129,2.21944068304325,0.0273787536739927,1.07906763804545,0.182400491604866,2.24551722395848,0.0290526203624824,0.899703278501418,0.146693920271042
2.17189535288155,0.0289825909870012,0.961161224051028,0.176073398061529,2.20200727022699,0.0293046630724311,0.938457254701774,0.186610293636961,2.17192311477261,0.0289825909870012,1.14894774382706,0.176094909080255,2.19738244140056,0.0284700132736318,1.17022584621911,0.200243795364863,2.20287020020771,0.0298650055208229,0.963352449425878,0.150279393774376
2.24340041773502,0.0291647677472713,0.979299960170471,0.175259559440919,2.26933012752834,0.0293083980104805,0.972352698759911,0.181078111043533,2.24341185451497,0.0291647677472713,1.17072587264858,0.175295277011975,2.27179126665308,0.0285543055694561,1.23888673962027,0.195916778263857,2.25198129554503,0.0295552777756695,0.98942243830587,0.147021221617356
2.24343643139358,0.0295012887159853,0.931468354962793,0.17820240071641,2.26974992897693,0.0288679085043706,0.942713701748067,0.177054923253122,2.24343736919433,0.0295012887159853,1.11337807455328,0.178212076284836,2.26199521029118,0.0289683809453092,1.14285133274827,0.190119904536737,2.22953573880793,0.0298538303822829,0.944960324911643,0.146873203767883
2.19826024290574,0.0273297628731486,0.893949666240008,0.177762493623437,2.17769857390085,0.0282476186797463,0.959149864999972,0.187255468580781,2.19832943673102,0.0273297628731486,1.06878919603935,0.17781489691606,2.15197419659786,0.0282144390780164,1.22306454108432,0.199022767949375,2.19509213393902,0.0279762807286553,0.931886674393745,0.14745706177066
2.24774241152603,0.0284642762203117,0.849061966152947,0.16302260662804,2.23865326327808,0.0291769126713113,0.904526694790237,0.173370675062098,2.24784761583912,0.0284642762203117,1.01491358013046,0.163037132961368,2.23169073460748,0.0288540403208745,1.13960821462571,0.18677008035599,2.24360469474981,0.0290640145011579,0.946776496926292,0.144184162545549
2.26561776549774,0.0290613518121451,0.901647243134152,0.162183752934072,2.27954260587355,0.0293274022950265,0.886110220586821,0.172095463702601,2.26560756891125,0.0290613518121451,1.07780550676313,0.162203456571536,2.28460578901073,0.0290477249428495,1.11765702662688,0.181311286213009,2.22644930444069,0.029597951825012,0.937253188292079,0.137865332388463
2.18597096635523,0.0284420257865087,0.873714234768897,0.173962081808727,2.19590052550784,0.0293064431621186,0.886866749338511,0.182410039685892,2.18595302600835,0.0284420257865087,1.04443817228337,0.173987056552114,2.16524863809832,0.0292068378209204,1.13236080213857,0.189170922067695,2.18215145968966,0.0294815856859701,0.885999398068993,0.14542009469945
2.26521895081539,0.0282397255465155,0.902702694353956,0.177485123262135,2.25022446086221,0.0284219214440536,0.927139006496692,0.176495627479525,2.26509464286141,0.0282397255465155,1.07907711709762,0.177508322893132,2.20799794890654,0.0282979834603575,1.16826102392444,0.182272473880209,2.22742801002126,0.0287914256698644,0.925484919471511,0.148432121788581
2.2706091120831,0.0287306673142457,0.901572549943853,0.166455764011953,2.30519453956981,0.028372467479766,0.953301707014095,0.181351630313952,2.27061108510357,0.0287306673142457,1.07765451332081,0.166466454683004,2.30960833268358,0.0276081957172989,1.16893326858436,0.189218032780439,2.27734765310309,0.0285947913088895,0.92578140267098,0.140214346927762
2.26926365857659,0.0292864131550612,0.894027359017238,0.177265172999193,2.26760332709635,0.0290048095762025,0.900632832822319,0.179542432031628,2.26928705146856,0.0292864131550612,1.06871423258015,0.17728958471418,2.27791255850652,0.0283930047325958,1.13207474231575,0.18929675119002,2.23651387917428,0.0291056727561205,0.960963680068799,0.144345310525273
2.24929522195645,0.0289477572200537,0.905705751111302,0.171823253843515,2.23321956521705,0.0292753561533699,0.949780884946886,0.16992760403445,2.24926874900843,0.0289477572200537,1.08269938640545,0.171850865713852,2.23078335753637,0.0279799620466907,1.16684732461877,0.183864176290516,2.24621654893113,0.0293277000746385,0.955361001186698,0.143595178141897
2.20849911105616,0.0280679990918383,0.903120999971765,0.186546229173278,2.23488733944612,0.0279005027425539,0.842716454495136,0.181802553987701,2.20859785690412,0.0280679990918383,1.079762258067,0.186602602689154,2.21468575178425,0.0273115990515748,1.08143597686982,0.179174312216535,2.2402175891896,0.0283936090961188,0.914709122697651,0.150814187909936
2.31814894374449,0.0287370805791191,0.892508633010892,0.183115855863548,2.28312618477771,0.0280527681856001,0.978763391617728,0.193827233058735,2.31813784016764,0.0287370805791191,1.06687725556829,0.18313738227144,2.29263578680507,0.0271064642790138,1.23772446237697,0.211102860427175,2.29674198441549,0.0295022848409408,0.950910807070736,0.145877707726967
2.1669933516549,0.028268625151591,0.932359173009993,0.170741323348303,2.18379105898507,0.0283181042318523,0.924777178228757,0.172197211649634,2.16698361492383,0.028268625151591,1.1144450940138,0.170750935553172,2.188526620876,0.0286678539168971,1.17923238648576,0.182345114553108,2.19957577474487,0.0291785134778717,0.926228758657105,0.146679322996296
2.26652949486766,0.0289419414082245,0.940839513460667,0.181674045462052,2.28097377108788,0.0284807415364141,0.976560489654724,0.170872534455452,2.26650668916487,0.0289419414082245,1.12465396540603,0.181695962657264,2.28149698420748,0.0287657479825379,1.23515486447432,0.180144989774809,2.24677627521437,0.0292758302215084,0.99369043600694,0.145911174210357
2.26359763568851,0.0291957091367529,0.913529687858554,0.162712391564908,2.26289839186471,0.0283553272372746,0.913915672940966,0.162228528612538,2.26363583224729,0.0291957091367529,1.09195534446505,0.162724093583706,2.21980752459569,0.0283869975430414,1.13864269044052,0.176648823012021,2.26755088252255,0.0289447179140192,0.924631745924213,0.138052197561635
2.2317201654676,0.0284654078921801,0.877529981513844,0.162005585436694,2.23452682138067,0.0280723929489417,0.922571171262696,0.171440450030457,2.23164107243157,0.0284654078921801,1.04897594824593,0.162025203260495,2.26886839335064,0.0279480333332091,1.16510853810924,0.175449246626934,2.23320550508632,0.028556787008331,0.928051261634202,0.140082393595481
2.25921950099244,0.028624380754977,0.930111556515071,0.165974317608765,2.31969801802547,0.0290260443068038,0.921225207296284,0.178640122722576,2.25924725870248,0.028624380754977,1.11182354798574,0.165993368933138,2.29979115364194,0.0275572365164541,1.10006292451833,0.181705692740998,2.27184638395842,0.028809516819524,0.952867514116587,0.145420750004465
2.21788690102018,0.0275068871247269,0.911797411910938,0.170531640671234,2.20469175257253,0.0283578387242824,0.92407271725455,0.179057465287594,2.21780207242464,0.0275068871247269,1.09007735832489,0.17057404732922,2.23024049882856,0.0282923732841889,1.14394194907748,0.18623444375845,2.19584378079311,0.0285116319633105,0.945225595304159,0.143710047171155
2.28393157160294,0.0289280976093407,0.954311551791029,0.169301939276957,2.20336364791102,0.0287775805066975,0.944014404430101,0.186624052592929,2.28389178929654,0.0289280976093407,1.14071532618105,0.169316018910689,2.21065441829696,0.0276059183366081,1.1145346987793,0.187148927132644,2.23107661965892,0.0291382987252395,0.929932168886676,0.143839033169884
2.25940126905027,0.0284169213534823,0.871927691284545,0.169880013689364,2.25051278569896,0.0280609318460261,0.906315661766958,0.166145205470659,2.25926573225264,0.0284169213534823,1.04226881510523,0.169898905293338,2.27525166804266,0.0285120269756992,1.13645246254425,0.175688051068044,2.26676142413724,0.0288340866938056,0.892011173532018,0.143890238340926
2.21159599902857,0.0282589453488283,0.915939918618758,0.173777672191307,2.26936858100238,0.0290134262657825,0.915791978969153,0.173106881912635,2.21158985133662,0.0282589453488283,1.09486268458786,0.173794353688137,2.26174488011945,0.0285491779716121,1.13127382502896,0.173458578156245,2.23549365032776,0.0293268654584538,0.92814040785247,0.145024529202772
2.20187525609611,0.0291380591193724,0.911254768632433,0.180570673579097,2.24926817502346,0.0290634021385556,0.902683607719226,0.173527763896392,2.2019148243108,0.0291380591193724,1.08921253964365,0.180579753821336,2.2512443305176,0.029186822677801,1.10472307757824,0.184166780728744,2.24960728503936,0.0292151615652635,0.932877525707296,0.147814714717644
2.2491778582232,0.0284885955384657,0.914385131446115,0.174746732995315,2.22633273711243,0.0274568133900651,0.87396646367209,0.178421908780349,2.24912008895657,0.0284885955384657,1.09307758551874,0.174775244515514,2.22847862678427,0.0269224027530605,1.12678665055192,0.182827532581936,2.25216056045147,0.0284226964115571,0.949762581213137,0.150650162223024
2.18874288839288,0.0290177151036835,0.904586774335444,0.162018465255061,2.18065173884523,0.0299329758734015,0.927097281113048,0.174978855871467,2.18870835163688,0.0290177151036835,1.08131555456859,0.162037580747747,2.16742001853185,0.0290194736110009,1.15573099099187,0.186719464748074,2.172794442525,0.0293742903067846,0.937574488790074,0.14518958681882
2.21816067140767,0.0288814967856181,0.92305600719896,0.156740002639434,2.21043235086212,0.0284655241847035,0.910897636667295,0.164906040018992,2.21816162061378,0.0288814967856181,1.1032705239525,0.156741078976395,2.2158536732394,0.0285166412752419,1.10556077114685,0.176306970761569,2.24302127868472,0.0286729715301133,0.904568461046479,0.133383200140742
2.20954507468416,0.0285467822824714,0.919060285287004,0.17750329341171,2.24706986654452,0.0293952136040206,0.925063895418984,0.185772305016555,2.20947314389577,0.0285467822824714,1.09891852506377,0.177572999356292,2.21846774759351,0.0287699686660623,1.13325003978233,0.197684150072009,2.22562794717477,0.0293708676923995,0.956854060796919,0.159235393320158
2.20969419688949,0.0294092082486483,0.911552928858949,0.166743179280475,2.15803471701894,0.0291189708655535,0.929028326500532,0.169000913354084,2.20969933261938,0.0294092082486483,1.08969974752799,0.166771585404303,2.14415331823787,0.0282809341439258,1.12324815120892,0.177545312523544,2.18285352162479,0.0296348287551451,0.950464469889831,0.144307333336693
2.23870396497105,0.0291263464425404,0.891353396744998,0.189850717315041,2.20226856138072,0.0288284119984067,0.897614885442918,0.18817201105964,2.23860415282279,0.0291263464425404,1.06547546509239,0.18986931874877,2.19753294746149,0.0269896398957083,1.10911306348866,0.185891305042379,2.22764872191604,0.0291086868065138,0.9157107589993,0.153681686431073
2.27061658331152,0.0285409676075279,0.926274819016681,0.174480395215427,2.25536182536431,0.0284569254507395,0.879408979330615,0.181800690073073,2.27057224754485,0.0285409676075279,1.10722937175012,0.174499182371251,2.26503728402108,0.0286343709808013,1.1015924348093,0.189157352012929,2.25926258607135,0.028872822133032,0.886202583134009,0.148491174732087
2.29347031516069,0.0278160761303923,0.917384323370097,0.174932644649632,2.28677852211121,0.027253372893742,0.946734468592839,0.179010669949322,2.29343461323746,0.0278160761303923,1.09695614038818,0.17500797149767,2.26872936177408,0.0268265667340375,1.12674585834367,0.181113692202157,2.28343693852454,0.0285052826902269,0.906825533602828,0.147191247699086
2.27611729726526,0.0291870851983928,0.901842417287455,0.167912146871442,2.27642185116968,0.0293133997427085,0.881763990844672,0.163474025785844,2.27606868087499,0.0291870851983928,1.07798349579817,0.167923929383699,2.28734778302402,0.0287085801674117,1.09282591117194,0.172090636092707,2.28302425092867,0.0296497727541059,0.924825159996342,0.141845320865904
2.28576624313833,0.0296618997327277,0.9027946426893,0.167583640860719,2.29148555259223,0.0284318513625761,0.872585855109712,0.174260830237574,2.28586394000443,0.0296618997327277,1.07925220424249,0.167615668153647,2.28362391418767,0.028057075559651,1.08563707831843,0.176012848591991,2.28236409584893,0.0293156132682044,0.905782971501406,0.136860538798381
2.23197472859206,0.0282712714589745,0.928509849911492,0.180298633123564,2.25445686920146,0.027144183768982,0.882229429589909,0.179045028268957,2.23183980872275,0.0282712714589745,1.1099481673806,0.180325704479166,2.26043367538548,0.0276405386322258,1.05191074303295,0.187136265890638,2.22741421506037,0.0282468708111707,0.930410864937564,0.146973515198339
2.19620789577011,0.0291319847861194,0.873262892403191,0.16622674508864,2.25448600111016,0.0285214109895011,0.885424013094792,0.170972834271439,2.19613305099425,0.0291319847861194,1.04394889897082,0.166258613918071,2.26080617816826,0.028286182141862,1.10442001260162,0.179513702962467,2.23318463007725,0.0285638790681866,0.90022232054216,0.140973306353434
2.25383728507935,0.0284449886677939,0.926462371195195,0.167477538002456,2.23270752819971,0.0282672535013994,0.912735228538118,0.182357782044975,2.25388212301395,0.0284449886677939,1.10744187951587,0.167493803977723,2.23960308810392,0.0289336236484974,1.11884220718727,0.188790098088321,2.23939951463082,0.0287448012181721,0.939248794896112,0.142168900884133
2.23364305701367,0.0284270142515781,0.908028879375105,0.169735387816366,2.25183325858467,0.02868354409766,0.886520239449529,0.170123070865518,2.23361660877585,0.0284270142515781,1.08541764466938,0.169753459202851,2.25512747222976,0.0282664189995788,1.11480282493031,0.183170153494567,2.20645996221167,0.0292119415020211,0.947626976978865,0.142023176771969
2.19131728088199,0.0292285437077162,0.935755665526962,0.17797023059258,2.19478163731424,0.029745922856424,0.947918018114629,0.179633306809643,2.19133541640528,0.0292285437077162,1.11851048762476,0.17798113767729,2.17126677302551,0.0293933071191655,1.1838259891756,0.19063659180401,2.20845749427394,0.0299150579837704,0.951812099887013,0.148085314023647
2.24119079154529,0.0285383693933028,0.893532751784039,0.16602869984126,2.22700069528565,0.0290313278496111,0.934242842943292,0.176724269273964,2.24119364368576,0.0285383693933028,1.06803294469237,0.166037566779555,2.22549603947389,0.0286968755552814,1.14470994844748,0.197916724165766,2.20649053351576,0.0292068425117357,0.928972954157982,0.139259660352121
2.23889712058651,0.0296736922899895,0.885093459163071,0.167097266500154,2.21742137287718,0.0288416174364655,0.86740850433981,0.156974321886076,2.23883774730557,0.0296736922899894,1.05808015570315,0.16712745636871,2.21211937122751,0.0278737608290453,1.15981334873332,0.166256457967503,2.24223649085381,0.029473285059528,0.877287235241159,0.1376270618852
2.22627964398279,0.0286150222605286,0.968784586542747,0.182410574190976,2.22656091887341,0.0279780977377366,0.968974109019505,0.185008116905883,2.22626763704184,0.0286150222605287,1.158136403501,0.182444813912306,2.22730476483511,0.027249435814149,1.25808826828494,0.188902985576862,2.26552064522827,0.0286017398072359,0.977176376957545,0.145064319219941
2.3176449040127,0.0284734406105734,0.872303551706953,0.167305044001218,2.27066369530905,0.0288769337052051,0.897353583288416,0.177406150983272,2.31753015090866,0.0284734406105734,1.04281569334262,0.167339309261039,2.2837342436312,0.0287582211394591,1.09993756498431,0.188277321352294,2.27944134241727,0.0295357704565634,0.903784035706289,0.143238688781401
2.19515737058211,0.0290453342722633,0.90863370318153,0.177797701919196,2.20774807284204,0.0289967739065049,0.912945741166954,0.177242924980733,2.19513816312337,0.0290453342722633,1.08607938488895,0.177806605914991,2.20682654360553,0.0287100371402223,1.09364724542243,0.185237420674155,2.20252696251128,0.0291354567859125,0.955796054257381,0.150230800349574
2.28990465803005,0.0284656989139847,0.935709583700268,0.182275669710981,2.34668554745867,0.0268941344106048,0.925694075263538,0.181749946069,2.28987489707201,0.0284656989139847,1.11849069488986,0.182292592084156,2.33799274284865,0.026700961453489,1.11348997995411,0.184166882711634,2.31101482824716,0.0286508780170514,0.955015735150731,0.148877556648219
2.19680525581848,0.0281674954561594,0.953480411989446,0.190310514349309,2.24272749533511,0.0270960225726279,0.93452166788763,0.17654344109573,2.1968270559391,0.0281674954561594,1.13976417482419,0.190333410514116,2.20566995449769,0.0270790046200348,1.1002653651672,0.180103040776776,2.24404269460927,0.0284381518226435,0.964489446940997,0.156886361073546
2.26212929681278,0.0283439096717607,0.867504208567244,0.180647995310979,2.30154424963103,0.0282911078894043,0.917607073036669,0.187214289925548,2.26200191487543,0.0283439096717607,1.03705897607543,0.180681642918938,2.28907360676072,0.0285721241877944,1.12921392663202,0.195601216237745,2.30259790154898,0.0291616973533119,0.965435024046362,0.156076243738518
2.29874954124854,0.0292246034674325,0.938560100115941,0.17948025291528,2.27174686838624,0.0287458979911102,0.948237834094744,0.177153936361642,2.29869255303049,0.0292246034674325,1.12203694060299,0.179519140627126,2.23791959789868,0.0291111340063401,1.12059301281385,0.185098952283475,2.29172100883765,0.0292751735150066,0.933982991054347,0.149353452183312
2.23365243958697,0.029395660992663,0.96777346380083,0.176393422870124,2.26208743456335,0.029252999540739,0.903694167030631,0.17343456212968,2.23371258609813,0.029395660992663,1.15682533981192,0.176410930680172,2.26590022365081,0.0292436064653007,1.10975187089788,0.178919717284487,2.26632107959769,0.0296525787453221,0.957492689867404,0.144772659330111
2.20030664925896,0.0290930220043065,0.917208124205486,0.16888984674142,2.23517080656931,0.0290865405092233,0.908146973614473,0.170278731086309,2.20027587122502,0.0290930220043065,1.10109042498828,0.166463972564549,2.22784336166633,0.0289007329890456,1.15949691776714,0.178231390411724,2.23879912930697,0.0295043515251612,0.94499453462731,0.137306445161683
2.26569828091163,0.0288395264201651,0.902507472918414,0.179142147329949,2.30947506481552,0.0281367026968243,0.910025005450389,0.179844907065092,2.2656237440579,0.0288395264201651,1.07909109192428,0.179206639692638,2.32083471052357,0.0274912507518735,1.19269585480823,0.197159505219469,2.27429760085069,0.0289102233560991,0.938757203702791,0.149105667518634
2.18150296908988,0.0286857184554581,0.925239767847201,0.180273921076314,2.16147339632117,0.0287934064848307,0.931112150413546,0.18943789158185,2.18142811258492,0.0286857184554581,1.10610939446369,0.180312450237974,2.16224167049834,0.0288389398829409,1.10930297647833,0.197691311175224,2.18879860147139,0.0292374511592224,0.945432476757856,0.153797287999267
2.25184592982234,0.0287030354345328,0.945385026368838,0.169393673951777,2.23599261179538,0.0291492920866386,0.894335548578887,0.177910570354049,2.2518575111804,0.0287030354345328,1.1301547341917,0.169424181695899,2.23866310395642,0.0289366903475376,1.14230140166992,0.192672883983428,2.24466058424145,0.0288986183809064,0.956035338218747,0.143773425443529
2.2878866961316,0.0276755150548882,0.898573296721775,0.163737779714833,2.28965209147583,0.0278756127771139,0.942552067222682,0.180193154155643,2.28774489344393,0.0276755150548882,1.07414404227248,0.163759661786959,2.29016383218792,0.0273956307356511,1.1399673837936,0.176654990193428,2.28314035397994,0.0279021525808941,0.927390447132743,0.140288584296913
2.25631603289408,0.0279751476256033,0.898056490506186,0.16550589295798,2.28681987856744,0.0287038454233527,0.910417901406649,0.160655533586441,2.25629971922769,0.0279751476256033,1.07786207562366,0.164597328468809,2.31108694461984,0.028739727405427,1.22752133937031,0.18135682962192,2.25696802371483,0.0286963734456797,0.945329607064384,0.14180197019901
2.24476407124452,0.027870340471266,0.916485979528133,0.168387547869568,2.2493341551334,0.0285454213404694,0.895114143429736,0.170401373850808,2.24467239632244,0.027870340471266,1.09547687999279,0.168397788332433,2.23075604109217,0.0279983532737679,1.10409400431032,0.180438523197939,2.22466624696174,0.0288752738450711,0.935819324238726,0.141697381281866
2.22009159092156,0.0283394335288146,0.889845173571702,0.176779805137968,2.22371619384068,0.0284159513924379,0.860932343918504,0.169386957689901,2.22019225370463,0.0283394335288146,1.06368930106283,0.176799899018722,2.2291945818656,0.0279617815966948,1.05382866250302,0.17375947378006,2.22315282982509,0.0285980496251634,0.908477314627123,0.145850002433314
2.25816866442197,0.0296516343780314,0.941207398474878,0.180642028836999,2.19606750659124,0.0290600908973267,0.949791493338504,0.186344629803211,2.25812824916256,0.0296516343780314,1.12519248982908,0.180679680834941,2.20217717109068,0.0285843528261789,1.12768302886484,0.198159934698458,2.22853681850473,0.0299861404699833,0.949076017235781,0.14774845921708
2.22260824137144,0.0285604309894854,0.868307490309223,0.162953130137672,2.28337839454981,0.0278292781138905,0.894898624684121,0.177426840604206,2.22266370461077,0.0285604309894854,1.03785807116336,0.162958172961303,2.25091480105822,0.0277708521441954,1.1865003118928,0.191249714929159,2.23169585905629,0.0294146379329668,0.89277090396068,0.137746519752397
2.22660128937414,0.0285173601591757,0.962159858327711,0.188712676935976,2.23502073123041,0.0281135672035272,0.964589060715635,0.187094028565578,2.22656762833038,0.0285173601591757,1.15009899695689,0.18872875975991,2.24313011161578,0.0278668244401674,1.16689413720964,0.192984893530087,2.24229817527272,0.0281230209612028,0.967889602347093,0.157909482723637
2.19391358135469,0.0284264194936744,1.01390890825602,0.184475915447675,2.25959919060133,0.0276383838032401,0.960722152971538,0.178136093305278,2.19394400018919,0.0284264194936744,1.21212438420452,0.184517237252119,2.24960041392656,0.0273355816905332,1.09823556813555,0.179161363627401,2.23379594427279,0.0281630714338232,0.960952711063708,0.150654659480396
2.13669792841303,0.0279959082876103,0.877848973641455,0.163502478711428,2.19015174985249,0.0287135273764329,0.860433295708716,0.167627188921674,2.13672538098983,0.0279959082876103,1.04938422007141,0.163526478554323,2.17675586782914,0.0280493659803808,1.03104335868073,0.171064815853769,2.18867702014179,0.0284793471533126,0.885442848945571,0.136837626896413
2.23870893210702,0.0284951872671141,0.927481269504303,0.176510060539996,2.26232393122848,0.0284496786995783,0.887822454039786,0.177073055474499,2.23873957092156,0.0284951872671141,1.10884622590971,0.176556885329891,2.25376862359581,0.0279295008234634,1.11861813261727,0.184963115624523,2.2464645556156,0.0291169530223068,0.922589095749668,0.146386636324149
2.26637297549946,0.0274269880681049,0.996587263232635,0.175467195676708,2.2660203380681,0.0275721951116861,0.952175421569858,0.176041427124999,2.26631449198045,0.0274269880681049,1.19132579280293,0.175493149199084,2.27587347212359,0.0268810555679254,1.1626966975533,0.184674792179726,2.25659266782067,0.02751497272458,0.992021928900887,0.150599950810922
2.21823144491828,0.0282644548712527,0.906943705449957,0.166672891854249,2.24641521104174,0.0290455982622591,0.914855793997293,0.167878927864344,2.21822737108472,0.0282644548712527,1.08402356415235,0.166675736403358,2.24947252100965,0.0291794727050194,1.11467187338992,0.177270917931576,2.2063200590706,0.0285711787151952,0.930097031550939,0.1382781403666
2.25417941339925,0.0291098959274564,0.874812164032106,0.17488794034577,2.22434068874665,0.0290972497797731,0.867833126185645,0.171590417564278,2.25415232258838,0.0291098959274564,1.04570246646328,0.174904990944332,2.23975244994328,0.028872923083392,1.07389543160011,0.181326764358516,2.24773366321657,0.029467300546549,0.885529021078331,0.149334604131229
2.23051698099159,0.0282026422362168,0.909125676928623,0.172813364788031,2.25043329898014,0.0272460219847292,0.907226064739952,0.170926946803779,2.23061546366444,0.0282026422362168,1.08710184264302,0.17289110666635,2.26020396665173,0.0273565305720072,1.12873861093227,0.1857192279562,2.23090504734733,0.0282681357603894,0.921692289427278,0.146440561456408
2.24343819384429,0.0288270665708642,0.927750461440434,0.17047847985545,2.20702497631927,0.0292576110839605,0.895968505122782,0.173325442447054,2.24334386045337,0.0288270665708642,1.10897691943926,0.170494319030844,2.17844923704986,0.0285334728925021,1.0518589080674,0.171683422830823,2.22457825727767,0.0291641627905683,0.940785684248743,0.145980687362194
2.1986495378727,0.0279658300898416,0.933279797279601,0.185083445994442,2.24834521032004,0.0289421213921785,0.937732932636923,0.170683645891293,2.19866512829125,0.0279658300898416,1.11588453112978,0.185150116375732,2.24945908537154,0.0287241089041079,1.16424323785908,0.180051116006265,2.21742895594187,0.0292174303451107,0.953099658467352,0.144807556624825
2.18709304107355,0.0288593532568264,0.924343526729768,0.174746666825579,2.18264818240131,0.0282248657281104,0.917813752209417,0.174954948054162,2.18709131248451,0.0288593532568264,1.10488971346534,0.17476056768242,2.14203020127821,0.0270074759968418,1.15034925481477,0.189780303423102,2.1772780211732,0.0286013488432145,0.942158837986034,0.141292828256096
2.24717157550677,0.0277935974659996,0.871030404329032,0.167427215680582,2.22208629652421,0.0279755890005581,0.906109363731241,0.179246082680738,2.24700722231418,0.0277935974659996,1.04133195750662,0.167467661852412,2.21720807847358,0.0273773719452373,1.15694344128618,0.177232802131916,2.23465929521444,0.028224789773574,0.862308377027807,0.139260925162152
2.32706805867169,0.0275147104111546,0.906007182254912,0.160648371274758,2.3104873743358,0.0286680780766335,0.935448607789273,0.170281779006066,2.3269856538633,0.0275147104111546,1.08301066267633,0.160666909083932,2.30076643390002,0.028367934387367,1.15065807379318,0.179020587622592,2.32803292999481,0.0278840666963399,0.912856204489742,0.135677430099289
2.23414735889427,0.0289652660827951,0.919646496305041,0.183248629569274,2.21038113263403,0.0288164135039362,0.862451965135007,0.187286558516989,2.23420171738651,0.0289652660827951,1.10421241096249,0.182223370796617,2.20571101981715,0.0283194362313373,1.04600259040346,0.190004656543622,2.22245095440572,0.0295227324636457,0.923840820865757,0.148451594239879
2.29768496470279,0.0282998540473042,0.893909356586947,0.168018077114729,2.28325806016407,0.0286918773263074,0.887646457343947,0.182406503110115,2.2977007385152,0.0282998540473042,1.0686362168707,0.168051129466723,2.27806478548616,0.0276653582789494,1.08336316456917,0.193685591928632,2.28490993521842,0.0285486582838009,0.887696564606825,0.140702787821703
2.20002383588778,0.0291995025277433,0.93438220122884,0.178255231692828,2.20319253506336,0.0285968350702214,0.944877485541052,0.187663384184459,2.20012413783464,0.0291995025277433,1.11695099720095,0.178279278622644,2.2008991060631,0.0289965552946467,1.11966421604071,0.191389238146417,2.2170296156325,0.0294123218359576,0.952953057611126,0.146309599790689
2.23783628165151,0.0278249606133538,0.866823117307326,0.171306100116843,2.18775053528574,0.0275004790431823,0.859949128699025,0.172490107438642,2.23795653316846,0.0278249606133538,1.03633001450864,0.171352103338699,2.17018271950212,0.0278939773270874,1.06699004848586,0.187016905026339,2.20092107611493,0.0284709217750588,0.871260801184525,0.142990756173501
2.2491976097001,0.0291263225718991,0.87835255641084,0.169682106939922,2.23698830649205,0.0294142853303812,0.855286428442004,0.169503087586057,2.24934580875388,0.0291263225718991,1.05005535742217,0.169718190829272,2.23140412914995,0.0290494187103986,1.0227903735623,0.169513829359125,2.2322439058799,0.0293857575130042,0.907309110860125,0.139775553250738
2.17592850871861,0.0273812316225575,0.905836519638681,0.1603474154711,2.22036206033375,0.0278373936393439,0.88289596279226,0.160763183875381,2.17590514548999,0.0273812316225575,1.08280837846686,0.160366173312641,2.21729469045227,0.0274237759070032,1.13502306852952,0.174539258998854,2.21491772673926,0.0289843890606327,0.909551356445408,0.138585721592909
2.23291135358466,0.0288264239027669,0.900250022724276,0.181167001517246,2.29716932583999,0.0283838073195252,0.913771584420344,0.185265601879839,2.23288002091373,0.0288264239027669,1.07613469800358,0.181188909041846,2.30691769921271,0.0284201501911808,1.11946295541841,0.192384606225303,2.28877725605005,0.0288579614626926,0.947915809157802,0.150832916660715
2.22010331052949,0.0285045096709208,0.979054069992005,0.181651929579107,2.22214908410543,0.0290138286516216,0.919848092452007,0.184555942676508,2.22005474432592,0.0285045096709208,1.1702557464231,0.181661602402007,2.21382275525505,0.0287090335748822,1.08933709172333,0.18989772368513,2.21858056042993,0.0291237893409834,0.959977190890787,0.150824161722729
2.21718667469831,0.0289054666001796,0.953521423356539,0.176586282706547,2.20540345779718,0.0292142257484609,0.92389634303425,0.183376812234838,2.21712967558029,0.0289054666001796,1.13991105591654,0.176622690134042,2.18025392819299,0.0291118031281901,1.11173005680386,0.184093879929526,2.22227167688151,0.0298702034170387,0.965160588264392,0.149619598641131
2.21852317627692,0.0284308769516662,0.942261017733505,0.171720637322191,2.27251066506704,0.0287725853320387,0.934879286344614,0.17216804179639,2.2185733409791,0.0284308769516662,1.12637464737557,0.171744625011821,2.24303585639276,0.0285618358263266,1.14479281678443,0.173140964131595,2.23210336884588,0.0287805556526562,0.946236875068775,0.133372071338299
2.23736039567421,0.0292300881872808,0.879391853487892,0.175053692077189,2.25552880136134,0.0294253228478792,0.909554961613886,0.169919447020527,2.23734536699403,0.0292300881872808,1.05114021677087,0.175064669993513,2.23827258657857,0.0283109064860818,1.13226063925103,0.176964179620937,2.24010815987336,0.029386735754237,0.93825013056865,0.141383968396797
2.35783420480672,0.0281512948221962,0.870832973013667,0.175545094257798,2.34492405984951,0.0283472367743403,0.885170422505061,0.179328598282115,2.35789069579049,0.0281512948221962,1.04096101657469,0.175564748341985,2.34521814150069,0.0281385799726093,1.09702177815004,0.186491247660086,2.33317068038338,0.0284473376206952,0.862719143576968,0.144672127648605
2.26805880487421,0.0281597409085327,0.877554609731837,0.174534322676397,2.24729516006764,0.0280299752889555,0.869465598780061,0.176839676949041,2.26811061065251,0.0281597409085327,1.048930828833,0.17454305090835,2.24228516125809,0.0282558346768906,1.05809911158035,0.185427873562493,2.26306910230567,0.028463569452998,0.913035365876239,0.144608035814008
2.29674781941319,0.0284708469507364,0.940000159366433,0.177029340763036,2.33819001901636,0.0283840782115155,0.923699836357557,0.179811839748036,2.29675010247519,0.0284708469507364,1.12362005249312,0.177045880492266,2.35030982959308,0.0276984787583184,1.12744720401043,0.179710225721255,2.29950980452425,0.0286946712563353,0.96705761251093,0.151249361764948
2.1979984889207,0.0291687349909019,0.941905830394634,0.177990307409805,2.18777137137454,0.0284923375706185,0.933617931207023,0.170976297937012,2.1980605115719,0.0291687349909019,1.12591842670487,0.178010169933227,2.18924771158294,0.0279231872371636,1.18090069478844,0.174492191951767,2.20312376177404,0.0287381750817528,0.965627549059689,0.147713082188033
2.32361210240519,0.0288037845006926,0.922988733327895,0.170011212761561,2.25879794169038,0.0291214060719481,0.87735934404201,0.169289526490966,2.32357634940709,0.0288037845006926,1.10333639922518,0.170034923946388,2.24992376253486,0.0290503892226925,1.07909931748639,0.173434197086298,2.29003466900614,0.0289960973161836,0.922709868806103,0.137912519800717
2.28910366790605,0.0286220359167275,0.934665370797835,0.181923978060137,2.27909835536295,0.0275758617524084,0.935544442450116,0.190931854633582,2.28915426148547,0.0286220359167275,1.11727037034974,0.18194540545893,2.26867575099651,0.0281910398130602,1.15064640665844,0.199192594882927,2.25453432656929,0.0280722149070635,0.913441214683379,0.149284917895094
2.1513412302508,0.0292977831954692,0.922582254642092,0.175403299175487,2.16841948030632,0.0296369759963318,0.951219147547784,0.19044598818636,2.15135027245412,0.0292977831954692,1.10282503875486,0.175423712881836,2.18706576220216,0.0290192096275972,1.19706524438448,0.195426831230538,2.18979218278509,0.0296933490841786,0.973805558096355,0.147170373502654
2.21581614014856,0.0277813262548096,0.906766083561363,0.176772781010458,2.18797630439398,0.02900019762272,0.932136424182422,0.174825340366923,2.21577056384669,0.0277813262548096,1.0839967701,0.176806055398132,2.19255807994946,0.0294060972899208,1.08953193844823,0.181410671645946,2.20574016326197,0.0289487675262313,0.953164337343241,0.141450326258918
2.29906859880968,0.0286918352485509,0.945148709472798,0.173216905388282,2.26249454238287,0.0287538877687263,0.943432763988105,0.168087762906494,2.29886280096947,0.0286918352485509,1.13448610623094,0.172410744801179,2.28445023781027,0.0283962168310461,1.16099532983137,0.186086121882266,2.26021985149552,0.0292462281789806,0.9032196691499,0.144370115748447
2.27684273870461,0.0289366155216953,0.906503795131894,0.172693817019322,2.23625478565106,0.0291730994321315,0.896284483414432,0.179728302690597,2.27685422205729,0.0289366155216953,1.08360701194779,0.172714177513553,2.22385129566085,0.0286485358191799,1.0946974841032,0.184686059215641,2.29848040541392,0.029844135921754,0.935634466330401,0.142012505692771
2.25405810878334,0.028449488724458,0.883881238734937,0.16227687387898,2.23869510024797,0.0277971545230252,0.872798007652103,0.167359565666674,2.25403639459974,0.028449488724458,1.05644192284611,0.162277147154924,2.23701712743587,0.0276960251991204,1.13725092657282,0.18069338063443,2.23881201350576,0.0289536866352787,0.912482503461509,0.138825158256902
2.2531901440187,0.0289603481065007,0.910884035719386,0.166349878262563,2.27534753978156,0.0273961476043524,0.887359246119331,0.166003453608545,2.25314927246321,0.0289603481065007,1.08876276360381,0.166357228350772,2.26537073406603,0.0276369526604091,1.08201887690525,0.175339132017732,2.2669991714125,0.0285127855885841,0.916340456780522,0.138312949288008
2.26143836439594,0.0291689258082754,0.928434319353923,0.167410095438274,2.26240234532558,0.0289162773250463,0.887735123022747,0.1559082939378,2.26140867211488,0.0291689258082754,1.10973897476084,0.167417293718897,2.26281725482958,0.0284584512940848,1.05420119158823,0.155725604511495,2.27126337517503,0.0291654340721874,0.913957801186537,0.136855228425672
2.22751071111283,0.0288355558036888,0.91792957848115,0.184511081756221,2.23406917852223,0.0279273484598838,0.873236320226316,0.175250437744494,2.22744535563872,0.0288355558036888,1.09744680635597,0.184563403232776,2.22899891888462,0.0274809720533586,1.07521465695618,0.181736106959485,2.24674731129957,0.0288265919868443,0.905726697353863,0.149129087569175
2.20208273165608,0.028920547233395,0.955890956979078,0.182566691725287,2.18290998092137,0.0293106970362443,0.944462052118846,0.18581136919387,2.2021836433023,0.028920547233395,1.14284765489625,0.182620931733138,2.15460125877006,0.029056283815007,1.18137938874294,0.196165023634773,2.20713788520912,0.0291379896021739,0.977528964952739,0.151189061116632
2.19349097485621,0.0279036421715787,0.906070350897698,0.167887964506938,2.18091644580519,0.0283495981727766,0.889667400384048,0.183657715340408,2.19354258935364,0.0279036421715787,1.08311673875828,0.1679120763295,2.16722841583656,0.0280942972567371,1.06121635409925,0.18039465153407,2.18888604217969,0.0289163542439997,0.929708841803532,0.147213989684504
2.30100676033034,0.0285493633905572,0.960478169091193,0.188194677335626,2.2868930756545,0.0292531737690853,1.01226847465468,0.190222967167438,2.30090698054095,0.0285493633905572,1.14832592360711,0.188249584919279,2.28395507990225,0.0275991584132779,1.23191899227921,0.197300094576246,2.30690117614436,0.0286065826293896,1.01363633715154,0.155753049436704
2.182003431332,0.0283067944975106,0.934085015764916,0.172764967363983,2.16831397408312,0.0289357121166832,1.00324978181611,0.19459079598858,2.18200802542323,0.0283067944975106,1.11664885144813,0.17279649168106,2.17414173774393,0.0282543772267237,1.23137696866159,0.198227803247653,2.18164906751766,0.0286750002825466,1.0087145557843,0.150709648822349
2.29670201348693,0.0271905347443973,0.899659869734309,0.162221528887081,2.27662196364029,0.0267111169086571,0.837579271589017,0.155742989420451,2.29672410881976,0.0271905347443973,1.07543503916658,0.162242019563043,2.26555764201662,0.0265918511940406,0.971102738688443,0.153853302274123,2.26201446654153,0.0274932618410455,0.896033599325076,0.132699057792233
2.21858641108521,0.0294639504028214,0.95907442651251,0.184954875126245,2.2175753029875,0.0290439774076142,0.953803615627719,0.178449664159968,2.21879031709315,0.0294639504028214,1.14667156319777,0.185012697287385,2.20449461974609,0.0284976327937131,1.13963881283524,0.177065017357024,2.23126691879074,0.0298050054865864,1.00891863310266,0.149270249225529
2.2509171974138,0.0288501962440114,0.924786331458327,0.163340387235403,2.21724943099188,0.029338278265906,0.941624812199067,0.173022104332789,2.25091400894159,0.0288501962440114,1.10544975794801,0.163357924748385,2.22289445723926,0.0285845153392125,1.15392853105927,0.176087996938072,2.23708129651768,0.0292769055520048,0.922344798675286,0.137777415223799
2.27355026038669,0.0288755618624433,0.924269808561084,0.174611741765271,2.22603696037624,0.0282854466882858,0.865817575988443,0.164387379208473,2.27355560178139,0.0288755618624433,1.10480410178305,0.174626027892677,2.21029985757184,0.0286509611284712,1.08911355542848,0.172395330828688,2.23405570850455,0.0285712972346627,0.932580319538388,0.148422815273314
2.24432054462641,0.0292021660142149,0.940470657804087,0.172438605880612,2.17981621344451,0.0282651996944021,0.903116579883927,0.164365614709829,2.24437280348686,0.0292021660142149,1.12420152329774,0.172457641369503,2.18421858312564,0.0282733754227091,1.14163495323928,0.179289843553324,2.21175420294104,0.0287595582524594,0.917753258127466,0.139756311090824
2.25571109996536,0.0286553577978844,0.907360098870184,0.167866520675449,2.24687103268731,0.0286642131764937,0.902250128533075,0.176515524491482,2.25565965893184,0.0286553577978844,1.08460980503754,0.167883091496838,2.25265788410925,0.0284794456389443,1.13677149287837,0.192769150333352,2.22910412732206,0.0288951526519626,0.954771841813835,0.139016298072086
2.18848561116836,0.028478514989029,0.962464051738133,0.178524824360144,2.20971130934631,0.0285429871841866,0.877834107224582,0.174065677546909,2.18844318228389,0.0284785149890291,1.15045747644454,0.178539242476336,2.20887290418281,0.027218278400895,1.11241918175717,0.175752911301216,2.23431915823292,0.0282250327950829,0.911089851396228,0.146082024087734
2.21865251659719,0.0282750704856641,0.933646951807224,0.181033875964401,2.2350914668166,0.027947976280706,0.909280701610902,0.178100294105197,2.21865829863683,0.0282750704856641,1.1160288266449,0.181051279608867,2.21811021076433,0.0284744574164741,1.09768419707353,0.180190759112552,2.21282262695084,0.0285362383127187,0.932618662354947,0.147678177273068
2.25083562461077,0.0291789531299601,0.894744071040026,0.166919707265031,2.24713766725388,0.0286786651573898,0.887264514378173,0.166266260912927,2.25087825795442,0.0291789531299601,1.06949242699875,0.166930432603226,2.23529518102483,0.028864919000555,1.10092604435027,0.176052655099665,2.24737427839365,0.0292064884651055,0.932635548067292,0.140240353112962
2.24316080735622,0.0291448730310802,0.934006633665574,0.176369558699101,2.23175894274251,0.028747221365812,0.93866724535468,0.176392618377364,2.24326293688357,0.0291448730310802,1.11644683522478,0.176384628392231,2.20309438253584,0.0284542863322627,1.19024519891352,0.187547181086059,2.25760541011211,0.0292913610514971,0.960299183852688,0.148203807657096
2.28706538568277,0.0280267281816423,0.95860127108399,0.176956435582531,2.30991488479961,0.0291898143517033,0.933448984036179,0.169280967555435,2.28710373591493,0.0280267281816423,1.14594719020732,0.176987251635746,2.29915887206989,0.0285451094757763,1.10857197885637,0.170745724092596,2.30464786648088,0.0290343080339429,0.959032767168446,0.144309456225738
2.20618473734577,0.0285006583401075,0.893132709343381,0.177367573414329,2.20543455497059,0.0286330895056043,0.876253630704848,0.166380459540534,2.20616543131279,0.0285006583401075,1.06772982147822,0.177406130021775,2.18982172583583,0.0289177766960357,1.10574576556003,0.179200056698619,2.220380060945,0.028745314608384,0.87969367241034,0.140339720941767
2.28762165930556,0.0278639074666568,1.00331989888896,0.174013669518834,2.26881675025204,0.0287748916289211,0.963573867212507,0.180306293308723,2.2875910723596,0.0278639074666568,1.19934179475012,0.174034731628607,2.26553320238673,0.0286943378573998,1.17838739858833,0.1874446168709,2.29178213678438,0.0295220595671046,1.01465142069125,0.14564743082663
2.2032411790113,0.0288487619491037,0.90183452166392,0.178104970658773,2.235354191179,0.0288696213653427,0.894096598472495,0.180042637327016,2.20319553773319,0.0288487619491037,1.07815188246578,0.178146850964298,2.20020815526837,0.0278881645305032,1.08412430525387,0.185497422100536,2.22380839988715,0.029080206847638,0.880454586116117,0.14461555563541
2.24651342317321,0.0292342596934458,0.888420504601062,0.190954364224016,2.21649325188697,0.0288287624291903,0.876241113437987,0.194743634860047,2.24652688078079,0.0292342596934458,1.06205923289903,0.190989184300531,2.20853959171305,0.0280177429819723,1.07668235908136,0.205209337517123,2.26793934520015,0.0293965750020741,0.895054554111285,0.149380123255468
2.25720695985412,0.028445222578312,0.918686510688296,0.183512874100594,2.21869075357494,0.028511408324424,0.877322640894579,0.177588321676518,2.25725988533916,0.0284452225783119,1.09828585799009,0.183553896811592,2.20460192610047,0.0287042326655227,1.1318560921818,0.182847141297306,2.25171278120353,0.0290063751341232,0.919745206542398,0.15066942748004
2.33396485088799,0.0282336575087003,0.936209255259333,0.176414510821327,2.29177967096631,0.0292005136377206,0.952659212561391,0.192745013314907,2.33397065476198,0.0282336575087003,1.11928633573989,0.176462162261315,2.25862953420023,0.0281621438338991,1.13579002570431,0.200046119606431,2.30917254211311,0.0293902333595485,0.963435996917749,0.153397253382893
2.26326046584086,0.0278672207334964,0.933048702063386,0.191573820372767,2.28763874027442,0.0280008631916382,0.907147381878545,0.172165598225913,2.26318571066381,0.0278672207334964,1.11577143504405,0.191670866314195,2.29614961025961,0.027961879964338,1.13506239152271,0.179369908495373,2.25440627604443,0.0287341981337038,0.923627115753589,0.145184575137855
2.20656331841371,0.0290122272735474,0.898163503060077,0.168336770536127,2.16782381554899,0.0285415235840004,0.930769431684268,0.176169501898356,2.2065560405116,0.0290122272735474,1.07362033557173,0.168353960136892,2.14973076509116,0.0282012605337582,1.1587587560147,0.178378686652356,2.1869484673348,0.0297144298027631,0.926665187686406,0.149256472746456
2.29645311701772,0.0289332208493529,0.85914114705968,0.172547218284469,2.25872610903843,0.0288363189993463,0.898175390443378,0.168703518712374,2.29644771336787,0.0289332208493528,1.02704364093415,0.172576382371808,2.28036927915442,0.0284794590042747,1.0681637652286,0.170229329080485,2.2695702630314,0.0288652442708126,0.878229525143329,0.142246201459173
2.33931151809823,0.0288296403777106,0.907057467285693,0.162964820781321,2.34024462087898,0.0289495030456459,0.891166375117185,0.170023298813528,2.33923940412843,0.0288296403777105,1.08425626957634,0.162982142464761,2.34327496549877,0.028871140091867,1.08502403643721,0.175162393124318,2.33336009564738,0.0289244531695083,0.918632097129642,0.140468220215284
2.20509203101722,0.0281716802842428,0.912336639976413,0.167046530709861,2.24347198568399,0.0280793298395612,0.881059135645207,0.170852052634011,2.20514350190715,0.0281716802842428,1.09050366782245,0.167054621362177,2.21622898854683,0.0283466196904638,1.06995477771056,0.180876927774078,2.21122096627558,0.0283163418550996,0.902705387250372,0.138574881186483
2.2562812921841,0.0289239321989286,0.889161806464012,0.16415473197177,2.26590625871694,0.0278698080874983,0.878381204974588,0.172502491541125,2.25630022673354,0.0289239321989286,1.06292221251188,0.164181080576714,2.23339826136755,0.0268205029915819,1.07447164203989,0.186344628859834,2.25948298541433,0.0290931945425203,0.877088947813432,0.144986523840492
2.22112398591013,0.0289879892223002,0.942438737481724,0.171957627290811,2.25767209616606,0.0292962838700059,0.911294912516672,0.167756376697824,2.2211497652087,0.0289879892223002,1.12667234500818,0.171994662454037,2.23995928690219,0.0291820798411801,1.16331810450965,0.185335754331448,2.23781211714508,0.0293486866795511,0.970818598784764,0.139715050147513
2.17546446803974,0.028681792383073,0.933470038861906,0.174918825865814,2.15580199269902,0.0293595176364222,0.92235024064919,0.172286349461336,2.17549838812496,0.028681792383073,1.1158893888905,0.174946934987785,2.1543341367138,0.0288368720964246,1.15927761544741,0.179128037978213,2.17355393105736,0.0297502561643512,0.945601667412447,0.140417596911563
2.20319831212072,0.0287975868418657,0.928190616814245,0.174293671020312,2.25501816755646,0.0286510426416267,0.884908310278496,0.182549727657114,2.20300887030342,0.0287975868418657,1.10964872418333,0.174332750265495,2.25362289258437,0.0284698157847228,1.09774863792462,0.193569236258897,2.22243653320799,0.0288168337301154,0.895313091162548,0.144947496271683
2.25138493579783,0.0290570226537751,0.885173343697745,0.166874344888834,2.19293977388222,0.028785440295574,0.893353438597147,0.165799057323799,2.25145132126302,0.0290570226537751,1.05802075642843,0.166880062835367,2.20724696813497,0.0284188437822611,1.17812617524085,0.182866850237186,2.22827553196539,0.0292705275610819,0.917475706975061,0.140769665278321
2.17319734320956,0.0287482340437529,0.917706060111165,0.17820766710457,2.17603646120613,0.0292275484731791,0.885772151113817,0.176190582419849,2.1730724076508,0.0287482340437529,1.0969800930762,0.178225791399697,2.18068068897954,0.0287385413949211,1.10840915069982,0.186841810697626,2.21209769660062,0.0295375060870086,0.901930453244556,0.147132185835986
2.22328193655878,0.0287653713503113,0.930768920940241,0.180484846152032,2.25296280883409,0.0289452535756567,0.934947978067816,0.174561988807002,2.22331564210501,0.0287653713503113,1.11280924322988,0.180537994785805,2.25593848788276,0.0291023038290652,1.17511119668248,0.181612369393602,2.24236294554391,0.0290909224130721,0.948975774545066,0.148557736396029
2.16933072587589,0.0281071200377812,0.9710308730449,0.193383070381168,2.20618127532621,0.0279350331525457,0.893807311800921,0.184102469616386,2.16915225891973,0.0281071200377812,1.16072880088065,0.193403885046615,2.2235478889615,0.0286495593501733,1.15672370279892,0.195337588215318,2.20605063680082,0.0284582650494824,0.923478431655848,0.153031195935107
2.23600134489727,0.0294036089917249,0.957390178944856,0.17458648521967,2.224266782484,0.0286815208400202,0.91496210473485,0.169089226834836,2.23601283523259,0.0294036089917249,1.14452443021579,0.174620706492776,2.22125402750149,0.0284303992096357,1.14404708432357,0.182980341413217,2.24091696031923,0.0295532388871151,0.99963054294542,0.150482813639656
2.27071739330636,0.0290381094249997,0.887430758085197,0.179135114952508,2.22483323672509,0.0292076377556274,0.918791796108174,0.188182322068428,2.27077791779783,0.0290381094249997,1.06080618632891,0.179155981818123,2.22365692094995,0.0288939671532674,1.10504351800207,0.19541796771528,2.24932328394227,0.0298108566442804,0.924735747355456,0.151689934990651
2.2262791900972,0.0285216265879444,0.902567449370451,0.181351416786246,2.14713062289079,0.0287643986466771,0.919912362855325,0.17745443204439,2.22633499649504,0.0285216265879444,1.07900427729593,0.181390054892526,2.13722320619163,0.0286553070161597,1.16676890289219,0.186619181407933,2.20105666638268,0.029295636154232,0.929559132514853,0.145467320261579
2.20917505658477,0.0287813681875931,0.954878474659172,0.175823990334537,2.25203328384583,0.0291069009047984,0.943525270965137,0.167259804565673,2.20925002911994,0.0287813681875931,1.14154773780636,0.175862452988309,2.27148114630042,0.0282227535125631,1.17475853111559,0.176338729230842,2.2334276873529,0.0287692477069452,0.978277732013325,0.143124387930317
2.22045168204914,0.02885796798824,0.938841522421806,0.176784631255875,2.25619473571447,0.029291994748438,0.930376289781881,0.184604676344158,2.22045903890069,0.02885796798824,1.12235708694476,0.176820368440126,2.24699894684517,0.0292022331419107,1.14517698115027,0.192969263298362,2.25512587086064,0.0290351370188992,0.976526750644145,0.144404516025616
2.22626655665568,0.0289306667702509,0.899543090423417,0.166349595907421,2.1941180774069,0.0288721843368898,0.900709635329116,0.178821346615416,2.22616122588809,0.0289306667702509,1.07533104144929,0.16637611574631,2.21449697633293,0.0283474807024818,1.10417434151847,0.192776423884876,2.2113978240273,0.0287143695198952,0.92273214838181,0.147280290477925
2.21766786273091,0.0289340966900564,1.01257548119712,0.180731510083783,2.22155527860732,0.0285146061902212,0.959518783289225,0.182462489699154,2.21762142453042,0.0289340966900564,1.21038986289254,0.180751024705939,2.2232499033477,0.028132979182175,1.14727656932974,0.185622356612309,2.24508351677072,0.0290915545608715,0.987543576669232,0.145047273650576
2.2662792740318,0.0288382591364511,0.857349866148209,0.167658771021029,2.27399557749066,0.029046371946266,0.893876572209966,0.158682018086195,2.26628300038808,0.0288382591364511,1.02490956541266,0.167688299394038,2.27548379502152,0.0281811889516246,1.13101828073411,0.173586747038526,2.27887317299528,0.0287850190170606,0.9158219564098,0.135568788283715
2.26630761423491,0.0287347801157502,0.902762344897986,0.167929729448851,2.27369177027291,0.0281672452635191,0.870121570915654,0.158124096585184,2.26615094388328,0.0287347801157502,1.07928338591448,0.167972684904712,2.24748121486449,0.0285452785696743,1.11362555641985,0.170139564701001,2.30109494217532,0.02917607659791,0.924082633151941,0.138861528502977
2.25394566048697,0.0284613507542883,0.908026706008869,0.157215635190969,2.24396648129036,0.0290068487251331,0.899446579789439,0.170185236521439,2.25394105734026,0.0284613507542883,1.08535725416598,0.157224001839896,2.26974814889163,0.0287570247438237,1.12767914156521,0.183191039639328,2.26899650208729,0.029340673779013,0.921351154978263,0.141228707098408
2.29848126209967,0.0286376642649503,0.906693821598488,0.17008742821274,2.2650980217779,0.0289195853960294,0.903416627780331,0.169319226321273,2.29849652259504,0.0286376642649503,1.08379856455849,0.170101894124702,2.27806742546541,0.0291861250432008,1.06402675213757,0.174888271194442,2.28281789846269,0.0290180894621345,0.914290253753556,0.141327723065524
2.23443793034898,0.0292592042624314,0.914538713335615,0.173383871104755,2.24295713185512,0.0291565318538311,0.908541832957926,0.178387134237962,2.23452125463604,0.0292592042624314,1.08883714907569,0.174359604299879,2.23658245223724,0.0285452353277272,1.11222008443342,0.192981478501282,2.25975162400973,0.0295581513943246,0.896537996563185,0.140514143242658
2.27078473539739,0.0282552738147629,0.924653048847676,0.178681559441063,2.24533497729086,0.0280361776882606,0.881671259602068,0.189334340333874,2.27073031128074,0.0282552738147629,1.10527254559055,0.178697851356757,2.23085869748273,0.0277696911578256,1.07802489754017,0.194090901305614,2.2530993880693,0.0283679764147644,0.961279098119276,0.153876781747683
2.26288681224935,0.0290083681787247,0.935680982859523,0.17663637160914,2.22424602059506,0.0284604229405393,0.942124985318418,0.165731122527372,2.26290253135304,0.0290083681787247,1.11852366304059,0.176663377255833,2.19490101859783,0.028753475607562,1.16411802703574,0.179580215222941,2.24229836062996,0.0294753686376434,0.944895319338351,0.142418555614524
2.24164685181877,0.0279815197814255,0.908139252427331,0.168991567054787,2.29278752548773,0.0289520969919079,0.871744685876364,0.169815244557946,2.24163235280984,0.0279815197814255,1.08566001104001,0.169026752331685,2.28532688598825,0.0290425964517796,1.09911764195514,0.169132589296925,2.2991978492173,0.0284496095468142,0.918445555826594,0.14568716342305
2.2719392943397,0.0287001652817713,0.888064651359758,0.165947908998943,2.26705681356807,0.0289242443432943,0.914294058751677,0.172094424692583,2.27205907289271,0.0287001652817713,1.06163583486739,0.16597848275184,2.25199531402727,0.0280906482490781,1.0837932006283,0.167893448940141,2.27758292111856,0.0296386063763744,0.930822481484474,0.142508507703919
2.22437194921544,0.0289344400070343,0.898625014874982,0.17845377707081,2.2363061545153,0.0287218475763039,0.945456522962521,0.173961833710157,2.22442347878595,0.0289344400070343,1.07428834960572,0.178491330399756,2.24555796588108,0.0284044567872052,1.16589521083523,0.190210150099582,2.22732109836008,0.0294344451436334,0.953467774765057,0.151735214175982
2.30293081112091,0.0286073151710653,0.985538563234028,0.17617846306763,2.2731310496047,0.0290950580536842,0.98040296022387,0.183534101558858,2.30295645182321,0.0286073151710653,1.17802715489795,0.176190917073081,2.25530119798524,0.0289656263845587,1.18243190676206,0.187072481538482,2.2784633301042,0.029407705748449,0.989542937487572,0.147384802486006
2.23571356407143,0.0284265157943318,0.854601717898533,0.161922371036926,2.25643282620547,0.0290850102610333,0.942861867578731,0.181626733525132,2.23567886290549,0.0284265157943317,1.02150217149875,0.161931525527368,2.2612011290415,0.0284368496245224,1.13593997270337,0.184282947848467,2.24095150184428,0.0283688664025819,0.900292883795342,0.14256790473964
2.27384195695491,0.0292526952684047,0.844115956575658,0.159261570587733,2.30124148795428,0.028947057709323,0.888216742046967,0.159776679046562,2.27380848481966,0.0292526952684047,1.00904519929691,0.159282669213494,2.29659507192964,0.0291553211698824,1.14413377465285,0.174343657253428,2.26004444066279,0.0294402535203869,0.867433964581391,0.132990040862232
2.20100484011989,0.0290291181140948,0.875964422639176,0.165006073219258,2.18454719040029,0.0279711244152181,0.891413731240293,0.171397294767331,2.20098138847989,0.0290291181140948,1.04714932755681,0.165033116013817,2.18772204387711,0.0279344670959589,1.04588944261191,0.16485892956917,2.1786515866648,0.0294579802279995,0.910037885551403,0.140523658472826
2.30142079602392,0.0290821117527922,0.902442307905691,0.160487529182881,2.26734407385868,0.0289672675351273,0.875931165518452,0.167956884492333,2.30145514185333,0.0290821117527922,1.07867539146785,0.160495047013391,2.25764677598634,0.0283409826335802,1.0518405945613,0.172635257793018,2.27440878444331,0.0298225446659839,0.903682848614412,0.145048786098337
2.22631911136675,0.028670147134963,0.892794039916429,0.177294029057962,2.22343842925757,0.0291366921225262,0.90007507813215,0.186361997731167,2.22628130608755,0.028670147134963,1.06725831748725,0.177321499551378,2.22707873271327,0.0284261158131849,1.11169836273061,0.198233119942377,2.22890308241614,0.0291427589185042,0.878956771293195,0.153068280050804
2.24311783840532,0.0285642961632309,0.873643225371994,0.16017206852374,2.19880179273317,0.0281787876883108,0.925649946761561,0.169771114865531,2.24310172688007,0.0285642961632309,1.04422784279757,0.160175821324114,2.18789680864857,0.0283371940749254,1.11134490179592,0.175503883308071,2.20517746282599,0.0283368088651161,0.904201590502808,0.139449852228877
2.19901923523698,0.02792432977017,1.003630484478,0.192211501387428,2.23045725062768,0.0285057615495909,0.897947076455427,0.174974671659237,2.19900854774928,0.02792432977017,1.19984942275485,0.192256615978997,2.22096443158796,0.0279820929488531,1.12045089331926,0.187359793146261,2.21408751070993,0.0280866028525959,0.960877943923931,0.152736188261185
2.21600854167583,0.0295029416733956,0.902022213814302,0.166134394156783,2.20978911802766,0.0285707859759577,0.880073014970878,0.169202245366313,2.21600167007541,0.0295029416733956,1.07363613173095,0.16765722817898,2.21097312046836,0.0283100063078449,1.07235826641057,0.173468232324593,2.23077291358858,0.02937773205494,0.866344411909666,0.136530710129143
2.25106523328187,0.0290393547359695,0.951636691200994,0.179492812619078,2.21583089407391,0.0285683951163193,0.948127011282797,0.194375440336272,2.25096791513135,0.0290393547359695,1.13764499814585,0.179527782403568,2.20226960176525,0.0286059005412992,1.16266012965014,0.197302919598806,2.24805430383524,0.0292817066491925,0.961977116354166,0.150766116059081
2.23724793119929,0.0288462670844074,0.938956701472448,0.170858323715974,2.27239911663902,0.028851017016996,0.887937225424637,0.176468030244687,2.23726581674322,0.0288462670844074,1.12242051031365,0.170881555781943,2.26907103053298,0.0280708712062822,1.05817684253685,0.174955485467551,2.24174108901906,0.0292024977748683,0.970874843025301,0.146744035679711
2.17543774765376,0.0289530117802703,0.930104178577662,0.185417664717646,2.17882401607671,0.0284225238692616,0.931804308399835,0.189689111081027,2.17550326801563,0.0289530117802703,1.11189785823605,0.185452812978423,2.17687447395184,0.0281425873329845,1.1161349115171,0.19093143514167,2.19887132794871,0.0290334618124389,0.964585769415081,0.152937249384254
2.22911464550287,0.0280459420255049,0.942964278217709,0.175869118492042,2.21832350817596,0.028555637592431,0.909938646625622,0.175843125492881,2.2290631133761,0.0280459420255049,1.12721212104284,0.175893186222322,2.2085091746426,0.0274500182287214,1.17036314550032,0.193295776093995,2.231879460029,0.0292245287565808,0.961873376194241,0.145444205356618
2.20264064084571,0.0276038977450837,0.954581633305234,0.170568891420351,2.25477514159757,0.0276621305763368,0.926966598269543,0.172817898073045,2.20268059730739,0.0276038977450837,1.14105340742685,0.170585355553498,2.23599259954919,0.0274032178600123,1.1617900192015,0.186921948115399,2.21853886524108,0.0283346534240417,0.975261737161465,0.148562102892823
2.23172562856154,0.028746046237828,0.929414820197894,0.172368368073496,2.29869490164874,0.0284483573178781,0.888861233433536,0.171070349888786,2.2316867782784,0.028746046237828,1.11099059660379,0.17238813834621,2.29058172689277,0.0281754170205552,1.08892033595326,0.169176185283951,2.25099873475875,0.0289426665187387,0.922081875628691,0.137807701146916
2.18891551051394,0.0294270396656446,0.946726416401002,0.178043770596113,2.1991692141025,0.0297207810403762,0.920641341373906,0.184630157027597,2.18895675751407,0.0294270396656446,1.13171370039725,0.178068820187812,2.19738395423879,0.0293426801043943,1.11777146664104,0.18580799355297,2.24180366607431,0.0292974631207168,0.962069850947966,0.152090140448852
2.26378015398827,0.0288575836936872,0.859127728064013,0.160809785987759,2.28804402826191,0.0288687781912317,0.929136396933332,0.182099614110258,2.2637953616697,0.0288575836936871,1.02703666097734,0.160838385277139,2.29303701205453,0.0283540716069573,1.12999154210832,0.188578695983727,2.26271709719382,0.0292375438563871,0.909437302668134,0.145682829868319
2.22295831185145,0.0293843187536909,0.930936524995502,0.172293274969395,2.23022514692154,0.0294940694762254,0.881835501806371,0.169952874834067,2.22290154219769,0.0293843187536909,1.11278795555342,0.172309686592429,2.26035772321967,0.0287500121003081,1.07433517468015,0.173836356842116,2.23929794605554,0.0296581774416247,0.959093942652901,0.143275348842792
2.20257048952872,0.0284811889828817,0.965616660340713,0.173769335230065,2.18428297429676,0.0285273734705915,0.976192133055697,0.177917980661679,2.20250610331298,0.0284811889828817,1.15440895851211,0.173810935769208,2.19634976819582,0.028438912617058,1.19147332305562,0.187498685265319,2.18329370932432,0.0295449474966194,0.94378556342312,0.14632643098471
2.25629108824594,0.0275590872030573,0.894412770677624,0.164072919711804,2.28529606849654,0.0279323251205104,0.895939997354406,0.170024359042688,2.25629291048512,0.0275590872030573,1.06909797441972,0.164083700412245,2.30337477033477,0.0273792254533793,1.15664721987442,0.185787062068175,2.27212760680942,0.0278969978854518,0.866550320338736,0.134591340420452
2.22695907122085,0.0290964369040323,0.850972807068725,0.156830197966855,2.2179385169828,0.0284840195118792,0.857357270802575,0.15457232758147,2.22700178235678,0.0290964369040323,1.0171719675808,0.156840208571613,2.22720435434846,0.0284203285178602,1.07046412510116,0.162464919633177,2.22693345283619,0.0287763956162747,0.883894529714838,0.131294109947386
2.27593784593872,0.029370493456989,0.899119835772481,0.17499575837665,2.23771910605652,0.0279684899287347,0.872106216916847,0.159815685854743,2.2758928673915,0.029370493456989,1.07924223815805,0.174070364259337,2.24286498943546,0.0289488419021643,1.1792470976043,0.177107821675663,2.23510589777374,0.0294096242692532,0.8598559578893,0.137490527842272
2.21129791806375,0.028234182967699,0.913609077937506,0.172692792527491,2.21806123494546,0.028183720161862,0.862492555116455,0.165438340909151,2.21133092787182,0.028234182967699,1.09213831823845,0.172719141597895,2.18687985681338,0.0276536643923843,1.03836410598914,0.167557866795927,2.22589744644933,0.0282791661785232,0.914123171014771,0.144163791742289
2.21508084838092,0.0288861161371692,0.855299285673621,0.162581304646928,2.21024385689075,0.0281289913605913,0.902305355553609,0.165896880749009,2.21505465239451,0.0288861161371692,1.02234920887061,0.162592601623384,2.19654399914926,0.0282836021831827,1.13338444572147,0.185064377899558,2.21427775154188,0.0291985309219338,0.853530423090314,0.136412981737269
2.30796549736289,0.028694972264686,0.859016676628735,0.174874028840834,2.29600736509196,0.028544677873924,0.850762714114737,0.174335811330929,2.30779297555955,0.028694972264686,1.02702142759634,0.174925146078948,2.31070218984491,0.0279190779085626,1.08620006643548,0.182894720747379,2.299931957162,0.0286476080556091,0.904710613515334,0.146567466644224
2.20132989460495,0.0286117645602869,0.893708427228711,0.182833717357644,2.27109026688845,0.0283661755312412,0.882056334774928,0.171042575140389,2.20117503853878,0.0286117645602869,1.06845263649005,0.182879376045848,2.26379469508421,0.0277473074990314,1.04512301163151,0.17669472982128,2.220089923207,0.0292366317188613,0.921855425422999,0.152483584434428
2.24939571545093,0.0285600067380811,0.939546139064746,0.160360638387784,2.2469703911494,0.0276019176610254,0.929327331749499,0.162445309545684,2.24941109366861,0.0285600067380811,1.12313702497925,0.160384143262089,2.22791149878377,0.0278150573321884,1.11503896043061,0.170590237258597,2.22486332993632,0.0286466657313049,0.934299047914558,0.137643301614326
2.27444611691277,0.02858644596192,0.89266394514738,0.175127507602913,2.20077406021666,0.028275701541857,0.899684399367587,0.177567523330958,2.27437559458047,0.02858644596192,1.06704236085998,0.17514472183979,2.19309987300679,0.0287627116740718,1.10314136402892,0.184338871556633,2.23747047551974,0.0290367701757136,0.92637017624543,0.145306751038853
2.22252262026046,0.0285727543271697,0.931176847896431,0.173264205281512,2.2433459292919,0.029435442299668,0.906025904404912,0.174672535796322,2.22257052577279,0.0285727543271697,1.11325592030772,0.173308839772894,2.20206485981938,0.0284105043019355,1.08646371894555,0.185689475496225,2.21846446919597,0.0295468915658648,0.964277819160407,0.143557385118129
2.24790386995495,0.0288874989511894,0.947321469835048,0.17067647707177,2.30678824868403,0.028111979963401,0.897970417142407,0.175910971755659,2.24791197326707,0.0288874989511894,1.13244668105901,0.170703754491009,2.310543272911,0.0285230641542874,1.09025517927863,0.188603376158562,2.25811773823445,0.0288867309712092,0.957060417671142,0.143522800051014
2.26919107784552,0.0286653830103052,0.85887950253901,0.16630265227105,2.2592699099417,0.0282578974714731,0.895843878246327,0.16611505595063,2.26917369595367,0.0286653830103052,1.02662799553313,0.166314096320567,2.25679333462221,0.0283921045346971,1.09991761078723,0.17762716404677,2.26850161838285,0.0289897522560347,0.928556715041755,0.144181944419342
2.28816964232287,0.0293843110991142,0.889430152141179,0.159145917095492,2.28130213430856,0.0292249917912049,0.88200658428395,0.168456440445853,2.28812026583505,0.0293843110991142,1.06321443658687,0.159167185917598,2.27429212134819,0.0289395224483948,1.10632843981443,0.17338200320949,2.27996563842436,0.0296353326365095,0.922884149168245,0.137854795336626
2.21107772936823,0.028030372885455,0.928898086285601,0.165045990350385,2.25979747535786,0.0290165365695742,0.943353924074195,0.181665651766727,2.21108802192985,0.028030372885455,1.11039136808078,0.165067664598392,2.25200804079844,0.0293411255195023,1.10829571937609,0.187797474325355,2.24625842433713,0.0289314609285386,0.993578705633132,0.148868870191144
2.21088525424966,0.0286963360189122,0.892410573294975,0.17969180714931,2.21277469836562,0.0287022093384295,0.900686332409696,0.179194599888762,2.21083944750758,0.0286963360189122,1.06686434651049,0.17973050348757,2.22417169068185,0.0289954595657182,1.13528911321098,0.193658306682608,2.21977447296429,0.0288822651286869,0.894830895326819,0.150683040865912
2.24442045838686,0.029398642887257,0.873840992244845,0.168171926927037,2.2423845671331,0.0291696239009402,0.877519701379406,0.178566181471445,2.24443876964207,0.029398642887257,1.04456200655976,0.168191611603466,2.22955805330149,0.0284806845703653,1.09367235074404,0.190865556960957,2.27281217348348,0.0293337126618319,0.908931399843237,0.143282894459158
2.22652403091477,0.0292750266558973,0.867541012315806,0.183460936995229,2.2120963122715,0.0287198847499329,0.873817793362031,0.179340792087547,2.2264834556582,0.0292750266558973,1.03703967586044,0.183483909322619,2.20697216153023,0.0288784773444811,1.06590573676691,0.185105872038109,2.20285263363298,0.0295414720302115,0.951093408765028,0.153118586033099
2.27943531802799,0.0284978717723745,0.992417041809315,0.182330778989622,2.25162542141577,0.0283197467807074,0.973452264248427,0.199861417444696,2.27939855897926,0.0284978717723745,1.18636762143269,0.182361887830249,2.23375895579748,0.0289082426565671,1.25274301114744,0.211377324676324,2.27069647036527,0.0288331607637324,0.964722099074303,0.153324894173739
2.21459613418007,0.0283201649816059,0.922233528274338,0.162533550382762,2.20810827434217,0.0280653915454091,0.931222889628503,0.177454288729634,2.21448136951235,0.0283201649816059,1.10227748217088,0.162533194240087,2.21900768201413,0.0281995630664328,1.11172242835377,0.186105141485588,2.23089774283589,0.0284785710241509,0.942058905701518,0.150147801816272
2.22067846953824,0.0292868124801155,0.902435825913581,0.16916085327291,2.18953451013292,0.0286888841763163,0.933662526942601,0.172739119915246,2.22068414750327,0.0292868124801155,1.07873963264749,0.169180067518526,2.20331415287747,0.027941713434697,1.17882881399189,0.197176694794504,2.21509702871386,0.0292296495807682,0.937567233589645,0.144735244569452
2.20927938625945,0.0293692597813003,0.974134908787399,0.169605409411238,2.15854261156613,0.0288206090161971,0.916383143409099,0.190255127579456,2.20931525428912,0.0293692597813003,1.1644080288102,0.169619119342299,2.17303941154116,0.0290625170176463,1.09498424466448,0.189577327728552,2.20028395339824,0.0287491045302094,0.980443952188062,0.152801855844885
2.16643032866434,0.0296165633454257,0.89040335536645,0.172171848081974,2.19177536945596,0.0289767479162332,0.89697180289486,0.182807888642936,2.16634967925896,0.0296165633454257,1.06430877314369,0.172183691815421,2.18337990836191,0.0285766129222762,1.07422487597471,0.187907001710547,2.19440327448958,0.0295811773353275,0.917590838346146,0.146925748944454
2.24465296228708,0.028949920311503,0.915244665605332,0.172344225865366,2.22432685115032,0.0285793799983347,0.892609151988259,0.174085211626158,2.24461361841102,0.028949920311503,1.09399402579892,0.172354847161123,2.22299755713359,0.0280826654577125,1.06912017551627,0.178808336549208,2.24476992430188,0.0285905647017258,0.92166025041079,0.14424584860374
2.30412288864365,0.0296614966074215,0.987394866276169,0.19143249713528,2.25587868058225,0.029124524181058,0.901438352192169,0.190517787557279,2.30409553659526,0.0296614966074215,1.18030360493149,0.191455370499251,2.26302436219791,0.0283031523093988,1.06914070166173,0.190554849294777,2.27608649493002,0.0297010540528683,0.959609181296281,0.152584585352439
2.29312878772814,0.0283759359985387,0.915736819332678,0.174924804895809,2.26187579015488,0.0284078843183046,0.922333557690927,0.169222783424777,2.29322825190067,0.0283759359985387,1.0947014999987,0.174954635988651,2.24746926151365,0.0284357082049111,1.14906070107579,0.171034436043991,2.27677577530596,0.0290869780682811,0.913049908845496,0.142008433188175
2.29398497845029,0.0294825183987218,0.923191316354165,0.180957179538662,2.35677975090917,0.0290823791599415,0.940529318513078,0.182631490624145,2.29394849656616,0.0294825183987218,1.10347213457833,0.180964963013301,2.33039220538573,0.0289167251503757,1.17517126913174,0.195994221934586,2.30605283573879,0.0298155209155352,0.963588678199913,0.149456265307264
2.25617212403738,0.0285387699702887,0.979866526447722,0.182674375173066,2.25558915176182,0.0278930546577813,0.958980322816786,0.182425705022605,2.25607791969665,0.0285387699702887,1.17140595950063,0.182712036334025,2.27409707635952,0.0276714623999656,1.17497643783079,0.198658349559438,2.27050013701765,0.0284205250764734,0.986921203440165,0.156335266262682
2.30835383185078,0.0284533060995181,0.821320877724606,0.161280128237812,2.26821844896679,0.0290358400964849,0.867896892755052,0.193273957843947,2.30833077564431,0.0284533060995181,0.981895341380362,0.161317772660488,2.26785709641875,0.0289483434226683,1.06805610230298,0.198205680559937,2.25833802425347,0.0290035714334471,0.911481450345596,0.146700549437317
2.18300003465074,0.0282880611603584,0.930425139886851,0.183396029117618,2.19895975567798,0.0285557146675077,0.941950015855767,0.190930661541646,2.18311148464383,0.0282880611603584,1.11705372963127,0.182791649585681,2.17899423823182,0.0280607883725437,1.15418253918069,0.19628204113419,2.19966625473211,0.0289312002333589,0.986356197729718,0.156299414703711
2.22613925397384,0.029228845476748,1.00690228083806,0.182266563161573,2.2492329000094,0.0292043253889976,0.992818254308801,0.180032740700703,2.22619911976266,0.029228845476748,1.20374735107105,0.182307293799195,2.22985110377349,0.028713955665114,1.20351239719548,0.183927330349288,2.26401414005205,0.0296805324006799,0.993080119343933,0.153608786957688
2.31909850509017,0.0294208202943569,0.917459262558446,0.16877369713923,2.20739819340284,0.0294748216447587,0.933544315255027,0.184575826854839,2.31911459112547,0.0294208202943569,1.09673518303823,0.168798572779524,2.20433349278582,0.0290552646301718,1.14841935320064,0.19452055318716,2.23384038994555,0.0298050903372445,0.93788182752205,0.142500096563497
2.25795120697039,0.0291235212211052,0.936195906318437,0.17798610983424,2.20272015278475,0.0290015667413322,0.881402292964362,0.169401581666035,2.25790102455769,0.0291235212211052,1.11909043602849,0.178005563976622,2.21979340245351,0.0281216086249478,1.12785459649095,0.184027302519953,2.2533488678034,0.0296989766794538,0.971547641361005,0.146057768836751
2.19796134048785,0.0286320937414844,0.947281557381465,0.175227826168755,2.25417604166533,0.0292155390933426,0.900565191038408,0.181927860225126,2.19790453583687,0.0286320937414844,1.13233985317645,0.175246681927239,2.26109004939728,0.0289864396709197,1.08147859540803,0.18558777271253,2.21510377933027,0.029037755463446,0.966817307752361,0.148910815894475
2.19530418974082,0.0288604476503273,0.957051718324869,0.175902814136998,2.21561223863741,0.0290665336829569,0.972422411588096,0.18115950438315,2.1951818190298,0.0288604476503273,1.1440431501339,0.175925504561685,2.19096991117918,0.0282324504699313,1.14235280914708,0.187650749978037,2.22186009116002,0.0293835277890368,0.998094357915005,0.14662078678201
2.20011729219222,0.0275676859066382,0.91971424943519,0.169699733982235,2.20542060709951,0.0286475191686148,0.869244437085335,0.172437627759733,2.20014937523187,0.0275676859066382,1.09935235565096,0.169712635466921,2.21107081718268,0.0277186430583258,1.06762201612103,0.170997660705274,2.1919801774516,0.0282315767664536,0.916618553173929,0.143607295659998
2.31349740135903,0.0289977311774922,0.939116009970582,0.173254596848827,2.31835665651095,0.0286257984335698,0.913342212660895,0.173787111718074,2.31344690739805,0.0289977311774921,1.1224915033268,0.173259718387142,2.30753671720305,0.0286750631578895,1.09746594832929,0.180200464155035,2.28314935714332,0.0286567202481388,0.943876534861056,0.142431493287845
2.26465936407682,0.0294466601841269,0.954583835885563,0.176859006376658,2.14802873584236,0.0279997323052457,0.995533058718559,0.189086524371353,2.26458372181654,0.0294466601841269,1.14123313793796,0.176903529724134,2.15975336733915,0.0271249574989512,1.29306703206912,0.199849485249441,2.20895822185595,0.0285969982541516,0.994292288277288,0.15624430131883
2.25068535862604,0.027570338666007,0.910422891657114,0.174338438086247,2.25138057983717,0.0282874465926429,0.916007859764014,0.169432970673149,2.25068311437176,0.027570338666007,1.08816595034262,0.174338832794712,2.25067379301327,0.0283758798114484,1.1781589925442,0.179552058778261,2.24554248803742,0.0280315223989467,0.946731372388917,0.1442561476688
2.21268105744539,0.0297419662927335,0.888182239709719,0.168278477645207,2.2511227563839,0.0292014007037739,0.925557633086627,0.16341666840208,2.21256944025284,0.0297419662927335,1.06177727699036,0.168309618886094,2.23822245604396,0.0284306063685905,1.2008667854897,0.173626109020014,2.23045307206777,0.0294188044447489,0.953527951869224,0.144460757895672
2.25826936301356,0.0280901939250193,0.956451989994839,0.190741491612521,2.22224871272822,0.0291496939648154,0.927424270198336,0.187916802438461,2.2582407065693,0.0280901939250192,1.14337778378755,0.190774695445644,2.2351504694067,0.0290658626056042,1.16879671706461,0.193804849867574,2.22583462948792,0.0284814466496585,0.971049110476786,0.153509092019712
2.27889268607859,0.0288284049983584,0.939678223135455,0.1750355350599,2.22473320911943,0.0287057468442978,0.885710247069615,0.171589079525383,2.27882658319234,0.0288284049983584,1.12323057326953,0.175051162908329,2.20460576343859,0.0287922596324686,1.10640303249766,0.174989338845209,2.23789575538804,0.0292911850813183,0.906891640485657,0.137866661034694
2.25238597152587,0.0289838274754698,0.913082149621373,0.159834768848031,2.23754840051913,0.0283106278410801,0.847596487133606,0.164278099801606,2.25232399506877,0.0289838274754698,1.09153466059773,0.159862998848787,2.22559632290349,0.0272848589952522,1.05212376012913,0.170342777301446,2.24209438694716,0.0289147403963002,0.878582286950498,0.134005038419002
2.26943742632734,0.0289980769313928,0.951200173214024,0.169535000386559,2.2397408142884,0.0278229452183296,0.894449597638541,0.165399734256842,2.26938220387263,0.0289980769313928,1.14174204704191,0.168372294629392,2.2136682956531,0.028408600986221,1.1159900102328,0.180056106256384,2.25596198480107,0.0293922336364672,0.953131974110782,0.140632470174785
2.19849589394018,0.0291131393209904,0.892647271960545,0.174167585887449,2.20015188469902,0.0292315273274074,0.961060256420846,0.181959492652719,2.19833655974303,0.0291131393209904,1.06719234972481,0.174212443992515,2.17624406531746,0.0288917997406226,1.18249900940204,0.194334027621791,2.21860617344846,0.0297171702631099,0.941518567861432,0.144412873304893
2.27033942889341,0.0289397932625814,0.991444873597483,0.183870998328696,2.3196494225428,0.0289480971673104,1.005397056906,0.182284712204882,2.27036953886996,0.0289397932625814,1.18533666404036,0.183922728241067,2.29944673182656,0.0288572463021599,1.21989128231366,0.199186007571781,2.28239340274799,0.0294507031149127,1.00594387166935,0.155875784277669
2.29832100172446,0.0289177470721386,0.909939278964554,0.186338126586244,2.23670507254263,0.0290276233075975,0.94472382423789,0.181123448232461,2.29827582354018,0.0289177470721386,1.08786120640396,0.186385370928099,2.22242827831325,0.029250196155225,1.14166827762526,0.186918002825379,2.22501216010269,0.0292718795487333,0.967298233717441,0.148971337301202
2.19492812011802,0.0290591553956237,0.914777601936384,0.173435310677958,2.18521690406841,0.0286610106028561,0.917296831895001,0.172429250129169,2.19499897316825,0.0290591553956237,1.09359742820105,0.173471646409262,2.18647522215137,0.0286025933070168,1.15371279141397,0.192396355380898,2.203816039326,0.0293213644219484,0.921135913057468,0.146375751797807
2.23898053928242,0.0275321097432791,0.955790665758406,0.175812673640139,2.26096738150583,0.0265483600075779,0.866452948823432,0.167783634823695,2.23898833482333,0.0275321097432791,1.14246736522232,0.175824834290522,2.26945742668841,0.0265851271029133,1.00661315546013,0.166631982734964,2.25947416151848,0.0277637772144991,0.914222779923488,0.141695570030017
2.25435270018897,0.0275915084378341,0.872227433139034,0.16140449009971,2.20251835674274,0.028150097248495,0.887623533021187,0.170569906298828,2.25434946657449,0.0275915084378341,1.04264216017271,0.161424768516083,2.19903207888284,0.0273916857940918,1.0776661913325,0.171737510191734,2.21537905949142,0.0286560733275174,0.892161521160587,0.140407171631205
2.22402806451067,0.0286473329701177,0.910315663620324,0.165161397010746,2.20603748957972,0.0281123238985254,0.891793861685715,0.166051601699467,2.22416086455027,0.0286473329701177,1.08847660840881,0.165228382920831,2.20784749149682,0.0277163090177614,1.08935356701715,0.165905892172912,2.24890547477627,0.029310052579797,0.937640751153332,0.136553372263917
2.19019918888058,0.0285398201543101,0.92111208386534,0.17738832451749,2.24231305450798,0.0273455104086514,0.911611087897996,0.171049714866405,2.19012968328207,0.0285398201543101,1.10118829970804,0.177428409821832,2.27941738812864,0.0273712568856406,1.10566872873833,0.177604251070451,2.20737221293518,0.0293056495561632,0.922323478203167,0.148369927758011
2.17818655586741,0.0291704270648846,0.955766871004692,0.171565413974986,2.19455996596487,0.028429910825187,0.922816559778244,0.179631023003721,2.17818694323266,0.0291704270648846,1.14240181359148,0.171571707557749,2.19981334925762,0.0280948861162662,1.16868931620993,0.184226904183832,2.18960280860698,0.0289985677262624,0.935479768344122,0.146985687572244
2.2644110708412,0.028074041136214,0.931382989455268,0.17486082680187,2.24513087110589,0.0289293326464465,0.971945542583826,0.181048760615929,2.26442441110828,0.028074041136214,1.11354092762333,0.174911929112168,2.23465396078665,0.0286090031131673,1.19428345912182,0.195180243773455,2.24663108824753,0.0285685468227344,0.970964553574026,0.146684614970567
2.31286999475976,0.028189609579293,0.921520680106521,0.174993882167632,2.25188278815929,0.0291203056390601,0.897544363325563,0.174505036520605,2.31275291259225,0.028189609579293,1.1015952597056,0.175020475154414,2.25477759590093,0.0287958842475502,1.08346485091731,0.183409250023232,2.26749077738292,0.0288388592216137,0.934168685880298,0.139661428581122
2.22064056505334,0.028115116241196,0.923545226111196,0.175960906098239,2.27687865419292,0.0269604388523259,0.926777824427631,0.176892220007946,2.22063944974395,0.028115116241196,1.10418139226297,0.176014102722303,2.26709569726469,0.0279259703533706,1.16386276404107,0.192803472831316,2.23836308048075,0.0285356393655921,0.954234077559937,0.153014957432654
2.19729231303842,0.028393205424746,0.914278154824905,0.177555508634167,2.21734914402459,0.0289924688362696,0.866453406047771,0.180248473624559,2.19719248932584,0.0283932054247459,1.09738736295816,0.176392611955759,2.19140496970613,0.0285156759499965,1.07012407841327,0.195280331890293,2.2052816709347,0.0287724880074135,0.917607512027718,0.149102616756918
2.25401494487022,0.0288328956830145,0.907737216693737,0.16862242707594,2.23027702179509,0.0286220054127204,0.913576120203131,0.167655268555369,2.2540890407709,0.0288328956830145,1.08946648845241,0.167897333392713,2.25856836877801,0.0284215984157684,1.09828507043392,0.164136206341762,2.24303964028165,0.0291307917890825,0.953085186747609,0.145530282132105
2.20676227314996,0.0284613742739559,0.884264032655902,0.178930147645599,2.18703022017487,0.0279424105834963,0.891466848514947,0.183477769612703,2.20678894482278,0.0284613742739559,1.05719630182298,0.178980705264655,2.17146301841647,0.0263338599386874,1.08748451151995,0.201771006857515,2.19614349983992,0.0293153171628213,0.957388816813965,0.148302970025242
2.2805083656274,0.0285962500920394,0.903095825498386,0.174682361399296,2.25528615382808,0.0292028273295081,0.928644933330991,0.175934331471774,2.28044446355953,0.0285962500920394,1.07952278472291,0.174701266139887,2.25557848847461,0.0289307877892216,1.1151255565078,0.184396418917651,2.26656925711794,0.0286243678048147,0.967017465408851,0.149292457234647
2.26277885395912,0.0287153394511763,0.841720392476866,0.165057879591077,2.26822787138005,0.0285168094362752,0.843071190892417,0.180390001687324,2.26277395730473,0.0287153394511763,1.00619886827276,0.165082583619514,2.28003471768428,0.028959824772254,1.04428246233183,0.194406868057427,2.28116350659703,0.0290346140255672,0.885776067080735,0.140839495302598
2.22805881560065,0.0294304427827488,0.954743745180241,0.173522827316586,2.24635065225458,0.0286541761345331,0.918031875877182,0.185899359968025,2.22804177843867,0.0294304427827488,1.14129909099753,0.173547469187482,2.23668540318848,0.0285970120722099,1.08452611407391,0.192617882287105,2.24984953510379,0.0291570017045991,0.966941194656533,0.151092286914716
2.27692211737741,0.029331888127138,0.945496460721939,0.183198320049542,2.29065883104813,0.0289324571544365,0.916275143126269,0.171910025880289,2.2768470653007,0.029331888127138,1.13018892890359,0.183215262038431,2.28460809102596,0.028732228440165,1.1110043304936,0.173421545480541,2.24989140044059,0.0296489478849786,0.931754189894825,0.1459330368767
2.27679018419157,0.0294293291563704,0.910098770408678,0.180308919245115,2.27527131863561,0.0293432630257523,0.916474107312338,0.172407481758931,2.27680220408564,0.0294293291563704,1.08778859208669,0.180310991960464,2.28801544892109,0.0291279528146341,1.07538601539582,0.17791194876897,2.27219367185752,0.0297414702994133,0.883748832497229,0.146442764187142
2.24211842432238,0.0287813486384791,0.934412723314862,0.166587359213464,2.23276052688826,0.028688913156248,0.917973231406064,0.167708528118633,2.24209335891495,0.0287813486384791,1.11701054606718,0.166613272215465,2.22086058697475,0.028287510339454,1.14523636620393,0.182335925878584,2.24432971553535,0.0291107875170811,0.921062089453813,0.134054295108088
2.27264456426731,0.0279589586554322,0.869623493744346,0.163025267402574,2.28920458129649,0.0276444613457279,0.914472253919556,0.171551464561001,2.2726330737001,0.0279589586554322,1.03946086467739,0.163034989579502,2.26407024013832,0.0274816726106709,1.15040134258827,0.173529556075155,2.30066293300941,0.0286647518920147,0.901049783635757,0.143115375328346
2.23870803088649,0.0288892046129818,0.945107635470547,0.183205268128993,2.25730550161394,0.0295951583717978,0.925870072982226,0.18905729599794,2.23872638254572,0.0288892046129818,1.12983696558123,0.18324050740608,2.24729611890823,0.0289748866816302,1.17869219777055,0.197815169699493,2.23785107357319,0.0294080938591526,0.966150732869476,0.151703944948941
2.20264679648038,0.0284857178453751,0.909733314698061,0.180292747268136,2.24801848088688,0.0283882429206404,0.888440601454179,0.17050634041731,2.20272798270266,0.028485717845375,1.08738332721373,0.180300050016625,2.25799549517035,0.0283796416988857,1.0657947471185,0.177249325742406,2.20063677952579,0.0285654044640152,0.928798258179784,0.148222525086184
2.28880910063909,0.0282245229361268,0.871980662939659,0.172474166980569,2.24889385063133,0.0284300289946893,0.89052296004665,0.166547911996225,2.2887325493934,0.0282245229361268,1.04244923413211,0.172512725493784,2.22941241916188,0.0290245781221639,1.06938117151376,0.170445087099383,2.265449593874,0.0287119731412488,0.898044871162072,0.146331044446204
2.24676651043993,0.0284451864357932,0.89446711158488,0.168422183742161,2.23005783721284,0.0283946285483636,0.878850382875237,0.169474714808285,2.24680698516579,0.0284451864357932,1.06919928482202,0.168438977703473,2.25474825805527,0.0284666721143096,1.10988947425871,0.177247065611263,2.24703856080329,0.0286192045131594,0.914144458418618,0.140320216120798
2.24543700508679,0.0287958962894375,0.944453847771637,0.173117253175549,2.25736369982861,0.02897913083708,0.946542360088678,0.186622680848274,2.24541132501832,0.0287958962894375,1.12902215728006,0.173145455582532,2.27958017610051,0.028298242622554,1.146850671114,0.179471101603601,2.23466706960548,0.0286426098506959,0.976669069668161,0.141448923241474
2.2301028598455,0.0290882803068469,0.902812350509782,0.170196466397505,2.19908898040358,0.0289563125610724,0.936026144576949,0.174201063116693,2.23007067278257,0.0290882803068469,1.07922251150568,0.170220970847471,2.21044002467794,0.0285705184036519,1.20985768676688,0.189347322583933,2.22382952580895,0.0287612007242367,0.956397944241974,0.146174171806106
2.20599664380938,0.0297590527024745,0.904333260695108,0.177964859086126,2.18872943140492,0.0289473954230189,0.906044733702215,0.181621181563021,2.20602640733112,0.0297590527024745,1.08108068891792,0.177997081128054,2.18980595826255,0.0271514042218611,1.15003845382048,0.192012514618993,2.19788056244015,0.0296503953853943,0.922399567442536,0.145447697699319
2.24847722619611,0.0290899472873472,0.974596098175527,0.182425669917735,2.23408019823825,0.0294199662873193,0.928184201835355,0.172320287281213,2.24849861228553,0.0290899472873472,1.16507875657878,0.182459123845653,2.21715564630567,0.0287172798849068,1.13849013485893,0.182319426965333,2.21810398529702,0.0296993352138506,0.974744457293523,0.152641260446957
2.23195658540445,0.0282331570957542,0.927724488975733,0.167174281228991,2.19436362940495,0.0280456513148191,0.922721503567987,0.175527706303064,2.23200921907938,0.0282331570957542,1.10896350565362,0.167192471712665,2.21849148195075,0.0278144869068817,1.12423994019634,0.178302844583509,2.21649684369476,0.0291404451047174,0.951955684045494,0.147686699376558
2.21981765413105,0.0291383456587152,0.900071549586609,0.175235487149666,2.20954338302954,0.0283215513419984,0.876958855759124,0.178973776308799,2.21994439973234,0.0291383456587152,1.07586770558793,0.175247938299624,2.22943434838599,0.0272693935953262,1.14139348325138,0.187490894891621,2.20728123600001,0.0290745052358984,0.92717846572675,0.149726115744146
2.18399270213263,0.0279743385043824,0.905661253746036,0.164602955813693,2.21247428015939,0.0290241871918221,0.910934340517095,0.174856200635222,2.18396635793767,0.0279743385043824,1.08254155912006,0.164613496493518,2.2105820071546,0.0290088693773772,1.11798989153075,0.178009732202027,2.20924530324176,0.0288370468516036,0.908299398335262,0.13545111438316
2.23592655792615,0.0286927398456011,0.942004746928362,0.183975897765777,2.2339230765339,0.0286797204696137,0.925022097357711,0.16824225687416,2.23599371033239,0.0286927398456011,1.12625110611712,0.184031467854792,2.23298273686136,0.0288931872824942,1.1510192107612,0.175048200641493,2.23547891523569,0.0289816342282358,0.981594488022137,0.149405403096767
2.20364265075891,0.0282175273715716,0.899795692692945,0.172723922638299,2.21947391879862,0.0278323930500989,0.908213679431037,0.175273365842536,2.20364194882419,0.0282175273715716,1.07565979919791,0.172755761627062,2.22500272272152,0.027022102935343,1.10076497611376,0.170716791523823,2.23015143557044,0.0282926183303224,0.944185211334884,0.142477993808256
2.24290769147706,0.02912563665004,0.904044035739616,0.171029097449964,2.19384674020457,0.028807031368358,0.904653997469651,0.168962751684244,2.24297543939929,0.02912563665004,1.08065333623741,0.171047147941005,2.17407696606576,0.0277317084555734,1.10543880345039,0.175479331430494,2.24268807918857,0.029152978867351,0.931730811080329,0.138572268513109
2.28834584672514,0.0287057137045689,0.861973124791136,0.154532530291037,2.26559737982182,0.0289599824992296,0.909818722031423,0.158429123741405,2.28830755141885,0.0287057137045689,1.03032308241371,0.154542751391223,2.27331143798545,0.0285887121354479,1.07132801419627,0.163464887185006,2.29674790455003,0.0290545455522215,0.911915380763495,0.132776158781449
2.25638188738511,0.0274287933836808,0.948916544375104,0.180187083720936,2.24454218896963,0.028635653930298,0.988397103882255,0.18231660658017,2.2562886891018,0.0274287933836808,1.13438966436653,0.180221632233258,2.25537806277814,0.0282863659494458,1.2525980002299,0.195208551685176,2.23819584544347,0.0280830434591337,0.990169477336207,0.145890567120261
2.27754043734757,0.0280369682271426,0.877548517971255,0.163973210528065,2.28484760119188,0.0278615758485554,0.86359272135651,0.172399984214065,2.27749606789852,0.0280369682271426,1.04897062254253,0.1639887700095,2.2762621690486,0.0276109251657492,1.05963798085541,0.181682689771979,2.29536943985032,0.0283082752005212,0.897800204392327,0.146398182442826
2.24701492958186,0.029507447031193,0.829962246759499,0.166572620080001,2.22704918093121,0.0291295829683103,0.880724644770289,0.17257630617818,2.24695933566848,0.029507447031193,0.992282432039368,0.166620948238453,2.19373771020359,0.0291334873614034,1.14471052272268,0.180272753812234,2.24072096232238,0.0299660223700566,0.878355860800679,0.138306820025362
2.21235628564545,0.0283833451007663,0.921879963660942,0.174068394109557,2.26183796656233,0.0290588303248317,0.920507864698417,0.173489538695256,2.21235796973637,0.0283833451007663,1.10211659015058,0.174109354959798,2.2475194778556,0.0291059016648365,1.15538601441803,0.183161977747398,2.21784892299838,0.0284301782755343,0.945098675559016,0.145517520238547
2.28285555387037,0.0288168622910633,0.89033118735521,0.181180016357823,2.33658955440943,0.0291428774712966,0.9018666722868,0.173960090359308,2.2828449951763,0.0288168622910633,1.0643744455037,0.181218348022276,2.31497448561221,0.0285845380777041,1.07185826821678,0.181675012565706,2.29542592966462,0.0292382266870197,0.9464202314001,0.148148520716214
2.35725018411589,0.0293106690643986,1.00864406605394,0.176046352909026,2.29260590315762,0.0282143516281776,0.962738942701481,0.172874249180241,2.35712473867179,0.0293106690643986,1.20577845826045,0.176078218390199,2.2888537599149,0.028896535610945,1.18321735464154,0.187917759953088,2.31717421012746,0.0291516092081237,0.998997172047269,0.145208687626101
2.21046101825757,0.0288429254643615,0.960529932697848,0.180209806713196,2.26645024128118,0.0284238576219555,0.951552495567669,0.176468507037094,2.21049254323541,0.0288429254643616,1.14820070224064,0.180233014180981,2.26895912028052,0.0285845093951673,1.1635830713301,0.195818189528446,2.25567952746353,0.0292834171025189,0.960568507757301,0.153061733610739
2.22576702856605,0.028652929619151,0.958794906771857,0.181163901073531,2.24694465187513,0.029101309825564,0.960166367171272,0.182639513189722,2.22572424407634,0.028652929619151,1.14607636369073,0.18117927667299,2.25514860796742,0.0285404437189325,1.21846016506048,0.199350967266989,2.25099200213809,0.0296784956477865,0.971060158435768,0.156098610110811
2.26903154790347,0.0290203692588437,0.929341970323197,0.178412236942301,2.26674625346151,0.0282282543636006,0.919544462732936,0.172871885387415,2.26891992649447,0.0290203692588437,1.11119323417904,0.178479235068209,2.2685185542674,0.0290484727109775,1.11248920865235,0.180370384409205,2.28503565568093,0.0289411777586331,0.959033708557276,0.142825234708376
2.21266009459446,0.028429325875686,0.901208879528346,0.160122153550823,2.23906944614744,0.0289333008361349,0.892314203503448,0.159704385787171,2.21283826252963,0.028429325875686,1.0774587713358,0.160167958960189,2.22956327953517,0.0280826769701523,1.1472181380362,0.171719257062609,2.25431160806578,0.0293836339922944,0.902412222699637,0.133306023104471
2.27881021108422,0.028953002525956,0.853379168836114,0.174334542615395,2.23478161364737,0.0292277144950268,0.814126020706348,0.175370320545364,2.27883604735993,0.028953002525956,1.02004201024886,0.174344594884384,2.24157204790003,0.0288603739782141,1.07367236793482,0.193828881993112,2.25983324457875,0.0297916189003091,0.854054359676816,0.141600015635818
2.30883126546319,0.029353415538349,0.899454050314553,0.182589844233196,2.29035486951175,0.0288331888058727,0.940424749995129,0.185824267812023,2.30871501570703,0.029353415538349,1.07517500927723,0.182610530308981,2.28485804376058,0.0286233563100369,1.17034610697476,0.197358308286915,2.31112705638745,0.029459844015831,0.920718601967176,0.146205957230838
2.19704882496063,0.0292336023635598,0.914298114301204,0.178134064477688,2.19674936367854,0.0284308510049234,0.969600126111061,0.185910615120623,2.1970895297924,0.0292336023635598,1.0929983638068,0.178167171367406,2.1953240763295,0.0283030249430928,1.16676480600908,0.187495409891438,2.20025528655883,0.0290580515414402,0.932946978893991,0.147977130997288
2.23115315136165,0.0290750869741383,0.958802037618918,0.175732430432189,2.28193561691228,0.0289631850823515,0.940856874533254,0.174229992341266,2.23110810275003,0.0290750869741383,1.14611976589941,0.175752693527814,2.30491831483361,0.0285841101891464,1.16056913846214,0.181125697681628,2.27124629764202,0.0293694675254299,0.964140601053716,0.150338317619232
2.22259842986509,0.0285473980475264,0.904822584710188,0.168054124280284,2.23931542728552,0.028541884615966,0.929448365023787,0.179714686081054,2.22266882685771,0.0285473980475264,1.08157869990798,0.168071040536396,2.22948972709304,0.0284635760735638,1.14926071591934,0.180952255838805,2.22875268372132,0.0292518579695706,0.93852280971625,0.149728269449487
2.22195138029039,0.0285752394574546,0.874270975074988,0.1656729033829,2.27001439876528,0.0285654394255479,0.842262774955902,0.167478470304604,2.22195328482467,0.0285752394574546,1.04504868794977,0.165687966211187,2.2842615382208,0.0284041248376132,1.05993927989722,0.175254706693877,2.25290862828793,0.0288751491479453,0.907033614445468,0.142108466360765
2.26893190040832,0.0287527602937629,0.86911017872501,0.171122910913294,2.24967595257809,0.0292224303434241,0.849585851037293,0.180924645970298,2.26891831328491,0.0287527602937628,1.03889780134364,0.171141435389067,2.24530539035228,0.0288332650858485,1.0334127101286,0.180969764500311,2.29863728449561,0.0298288787089991,0.897535467059389,0.143550190375513
2.21329641270187,0.0284327596521002,0.900438845457375,0.180002013198474,2.17565549756518,0.0282534699986366,0.924039100999027,0.183863581338059,2.21329312030689,0.0284327596521002,1.07645331706945,0.180039318498551,2.16243319299208,0.0282217760147441,1.14068314348188,0.186557251051815,2.2168485676343,0.0285824801822143,0.930356796599596,0.146739895720621
2.28939263343467,0.028281501976461,0.945410410250276,0.192124065548807,2.25196812309437,0.0284415777433075,0.942249827508411,0.182505382556176,2.28950435738196,0.028281501976461,1.13024566920187,0.19216896878807,2.23284204169635,0.0283803780197456,1.1097246524496,0.189295308309428,2.24332632343682,0.0278569051243341,0.96812336160922,0.154768184747267
2.24839186141034,0.0282037140356689,0.900091415786988,0.169990597759745,2.26398516377138,0.0284795003553757,0.908189707378367,0.175548147352963,2.24839961718224,0.0282037140356689,1.07600899186515,0.170021248842735,2.28867550345057,0.0273198314863219,1.14915100902549,0.180876720051922,2.26697984904881,0.0291888959000303,0.942410956608303,0.1389871410041
2.25698939283139,0.0286477262918337,0.943545468717192,0.173015284555163,2.24813677274243,0.0283760632361792,0.976309849686358,0.181677840159192,2.25685738169829,0.0286477262918337,1.12776345012725,0.173016958585865,2.23153051898632,0.0276816662509974,1.24278567899766,0.198148297083975,2.2520192352546,0.0291058534455416,0.980178076362647,0.15035412250481
2.21731262667848,0.0282235067015931,0.963031698581213,0.194821297558494,2.2284498502033,0.0291287627222589,0.962726274625788,0.186430143667256,2.21734166505254,0.0282235067015931,1.1511301024174,0.194836033787594,2.20336358216397,0.0285134995018942,1.24034169709929,0.203168384189609,2.22714731080867,0.0291690044684709,0.996833249703138,0.153608216614193
2.22530781223682,0.0281556380372769,0.936087044903838,0.17332553379052,2.18157914668018,0.0287745721464443,0.907382183482588,0.191207819028836,2.22507313113087,0.0281556380372769,1.11890594824325,0.1733360574202,2.1897849194471,0.0285351128574613,1.11418686896807,0.191670629973185,2.21901404335023,0.0287912460279565,0.964255691400333,0.143270392987393
2.28266006849845,0.0287285549486217,0.947679461755541,0.169747384861538,2.262708535801,0.0292088726127042,0.939982572744052,0.172766801975821,2.28255798051055,0.0287285549486217,1.13285968669245,0.169772274120362,2.27495408015619,0.0273796581386927,1.18590442785528,0.201042494482724,2.28818450404253,0.0290331854137516,0.925523417822186,0.141733641829639
2.27170613404708,0.0284476039422803,0.946136328609688,0.170976585425679,2.21309883699083,0.029248091538439,0.882723643881662,0.168464461803446,2.27165537687093,0.0284476039422803,1.13099385820337,0.17099845549373,2.2206616597779,0.0292775068622682,1.09145972141396,0.177527421708755,2.25165125515815,0.028744523861178,0.93005716374433,0.142339999191876
2.29170086025845,0.0293469402228503,0.935434200027008,0.173010333912345,2.25192963120805,0.0296468238930448,0.949560840500833,0.18020008540853,2.29169346031154,0.0293469402228503,1.11821570113403,0.173034780513362,2.23999663078858,0.0290212332744748,1.17815695298722,0.193472787346761,2.28082140646865,0.0296504051392116,0.95114925824456,0.142660973826829
2.20640902252734,0.0290486474315779,0.894232682503003,0.168300175570042,2.23517717801817,0.0286008732862083,0.920472286957714,0.167989796229549,2.20643971715916,0.0290486474315779,1.06893256309872,0.168319083541521,2.21430407614712,0.0287840956883155,1.0803617868713,0.178903654393944,2.24183997232127,0.0293395867571491,0.94058303140409,0.144801028359007
2.23259439508026,0.0284445343758951,0.958874067174581,0.169205507693215,2.24525148941701,0.02899150413573,0.947967120307133,0.181139201686658,2.23252725960362,0.0284445343758951,1.14641507947092,0.169255906081961,2.24582261461815,0.0293085185434816,1.18617278650748,0.187295052951106,2.25027780092766,0.0286652437123513,0.930120093741398,0.142581978858928
2.2114068778045,0.0289821333869193,0.978825896749713,0.178238007164516,2.20875153342454,0.0291890747106381,0.995126592235077,0.181357775790744,2.21138362168122,0.0289821333869193,1.17008116794848,0.178262452197884,2.19455856243012,0.0289077785796773,1.21843758569953,0.19014964269477,2.2282036473452,0.0284850399307466,0.98475905154366,0.143131257334493
2.1950868825107,0.0289669464056331,0.904836526427516,0.184818228811761,2.20676177868022,0.0293819049273518,0.917872514434321,0.179476525045418,2.19518690284605,0.0289669464056331,1.08170874344139,0.184856208070518,2.1988555488249,0.0286120965493868,1.14538043474769,0.194528692110631,2.19715571440636,0.0294376725308208,0.941173249239468,0.145077520921903
2.24491291674807,0.0290918905567382,0.94588043339288,0.176891852956375,2.26081309705706,0.0294889364717569,0.880286812362369,0.16865179560903,2.24482446303979,0.0290918905567382,1.13078078793013,0.17692900319094,2.26587325199296,0.028531997065601,1.1025881703474,0.170488330186,2.24255790187404,0.0298073057810396,0.939502081932441,0.137749312011901
2.23753533516082,0.0291080348500407,0.837413299215909,0.169298642887943,2.25150922670357,0.0288223780798443,0.843490169457173,0.163939185575692,2.23758849060822,0.0291080348500407,1.00097795335373,0.169311772077695,2.22442098026201,0.0291748958713534,1.02148040432584,0.169206736259097,2.2314107531398,0.0298136858010617,0.907660199164515,0.139583402987631
2.31246955840559,0.0275980121572344,0.934103383350923,0.190806251764031,2.31277322450376,0.0277187655064957,0.954114246132585,0.178478537371149,2.31223156153317,0.0275980121572344,1.11678748486877,0.190861008194867,2.33795597233964,0.0285676596893428,1.21413350749113,0.191130235027769,2.28550628417384,0.0277191243102169,0.975590516777136,0.149489781766344
2.30742524094603,0.0287332073295848,0.926749549467412,0.176791456760411,2.32419856388645,0.0276361924496243,0.921743840827998,0.17966063639444,2.30722468465287,0.0287332073295848,1.10810418293074,0.176859545707854,2.31889887475667,0.0269596005793707,1.08223536352843,0.179883577155283,2.30988841765781,0.0288646951569857,0.95571799025167,0.148480551882894
2.20065216054877,0.0294144575506072,0.905082877831217,0.166894663331909,2.19934966711678,0.0288925731364617,0.932527398968305,0.16450282835379,2.20072110478069,0.0294144575506072,1.08210228031697,0.166944237522327,2.21473298747708,0.0281145276928613,1.14192984071088,0.174401124999123,2.19295434512349,0.0297927127468213,0.956650271679551,0.144444343527302
2.25684625667075,0.0289223016185837,0.932250876932761,0.171998593852815,2.25679407497421,0.0287677740363818,0.932972564666419,0.174100887816521,2.25677729596944,0.0289223016185837,1.1143635031383,0.172015663840948,2.24985967383789,0.0285306550367436,1.14225353488706,0.184807141843279,2.26140959028322,0.0289365754487964,0.936024507504972,0.14324068975421
2.23229445674731,0.0280424061527177,0.88800478041116,0.166225208650341,2.24950635359744,0.0285537576172937,0.912864729253387,0.172887925842677,2.23226024745617,0.0280424061527177,1.06148795749086,0.166243883103794,2.22840173855092,0.0281510194217358,1.09967307835268,0.177671943688211,2.23030072736981,0.0290163356488163,0.902519518577613,0.14027960356934
2.20178565833052,0.027304374037823,0.863741376724279,0.150875312867268,2.27090477958265,0.0277204221067589,0.854713723858126,0.163059709952017,2.20181709557242,0.027304374037823,1.03253630914088,0.150899851259842,2.29684963626585,0.0277391574940853,1.03507354112052,0.161012960164632,2.20507552379636,0.0289972182173991,0.85946613226369,0.139984666022666
2.24318753919698,0.0285302008086787,0.872625961470077,0.172087391095952,2.31849214383914,0.0285096789067027,0.864909970826523,0.172364656595967,2.24314570153026,0.0285302008086787,1.04316543904918,0.172116747716992,2.31034698500632,0.0282593102595178,1.04936652776124,0.179926721854732,2.26336043442537,0.0291225829439349,0.918421605619759,0.146836122969237
2.26462800125613,0.0286307700561047,0.941697947034751,0.177519117075736,2.2866972425418,0.0285985344968393,0.878734845175539,0.176227394183091,2.26459795275817,0.0286307700561047,1.12571780995522,0.177546478438019,2.29145284476553,0.0288646830273133,1.05201465728128,0.181395401287125,2.27209250047526,0.0291385999399682,0.956760799659707,0.149625731951029
2.29407820468664,0.0288818156534458,0.899041003577347,0.168088015364258,2.2621629555687,0.0283411257175851,0.860279855182314,0.159993418183748,2.29397766800061,0.0288818156534458,1.07465627972862,0.16810314968823,2.24319452567898,0.0274098601712774,1.08562056879222,0.166203380046744,2.25478093631578,0.028972612624352,0.930934081692505,0.139073316749268
2.19625903555969,0.0290801765032126,0.941903181665196,0.165871466195346,2.20169633750485,0.0293952664180876,0.879712943615814,0.17174185748521,2.1961676026088,0.0290801765032126,1.12590234718459,0.165888073714709,2.22639030044287,0.0290564363292213,1.07915958146879,0.181255837765803,2.21548279043503,0.0302350502565499,0.883898699859827,0.142079813087456
2.21546806788016,0.0277799034064085,0.918982502270985,0.174421278392064,2.24353273686067,0.0277317963644313,0.934259251185294,0.177375610601751,2.21539274669874,0.0277799034064085,1.09858125853589,0.174450986117571,2.22055151594515,0.0278690259237494,1.16100933242877,0.179759316150426,2.22147255588252,0.0286725344242481,0.955300896240365,0.145937688656685
2.2871609177154,0.0284810565569938,0.911522646225177,0.172511260206998,2.31718938692469,0.0287225229866967,0.951301089906935,0.182661226236746,2.28716987818239,0.0284810565569938,1.08971017544946,0.172548032312351,2.30012430036306,0.0288942051877079,1.12926689377425,0.192699124528661,2.28395442296416,0.0282621960101742,0.976739118132397,0.145965521518464
2.30260979919757,0.0292191748354506,0.91363649576319,0.171278486093715,2.28882533044441,0.0288757928354509,0.877463162313775,0.167681186656136,2.30266284881037,0.0292191748354507,1.09216102925115,0.171303040768987,2.28799690806179,0.0286141139139305,1.03788599850068,0.165794490581264,2.27963836715642,0.0289423206479856,0.947938193814872,0.138854099614422
2.27408620117406,0.0288485549728567,0.933881444995831,0.173155460154176,2.30205782537192,0.0287764519171275,0.957718140098425,0.185480931787773,2.27423436434406,0.0288485549728567,1.11641043145083,0.173187821753186,2.32881735685904,0.0283564987322893,1.17812779368625,0.190094823111202,2.26681482460273,0.0290253372321852,0.972906374536036,0.152816541507951
2.22557180102116,0.0290952670328292,0.885008290683755,0.176388436876961,2.23161392415876,0.0291403188807858,0.867431449110862,0.175147160887185,2.2256616476442,0.0290952670328292,1.06275469863546,0.175780728393947,2.22435825284034,0.0286909066743455,1.01779916273552,0.175570478710585,2.2227455637526,0.0290720105596262,0.881887790319483,0.143042313627782
2.26250921055296,0.0287180936030335,0.911263506690376,0.179517494273972,2.29522635797175,0.0291650288195635,0.888102413014671,0.183565212938388,2.26247775612777,0.0287180936030335,1.08943228034233,0.179561017906452,2.30474107436664,0.0289603284405514,1.122715353462,0.195717054781229,2.28492443779525,0.0291769049030435,0.925297806166736,0.148954191257045
2.21239045936425,0.0290321992933004,0.962538872111567,0.17760613761488,2.25593780808084,0.0288996038522476,0.895274392959607,0.168194691460974,2.21246790049915,0.0290321992933004,1.15057655847744,0.177625058470491,2.25276213958687,0.0285699202844251,1.10275202158755,0.176677247295853,2.2450850406434,0.0292116471939294,0.932910575381755,0.146651377686149
2.24092443718683,0.0283727136916361,0.902999792729506,0.160019767615662,2.24636212843937,0.029514919974374,0.839356333345874,0.164513359629417,2.24077661257325,0.0283727136916361,1.07954946404269,0.160058060815815,2.24925279605465,0.0292051089196203,1.06274468196736,0.177639765320011,2.23882231566201,0.0298480553822764,0.968319446781236,0.142223371291875
2.23703102124531,0.0282929776083338,0.90423732479484,0.179592438359101,2.24018910935162,0.0289058075028406,0.918605570385131,0.181191521915605,2.23704330161052,0.0282929776083338,1.0809086799251,0.179615429697635,2.21505463848927,0.0285984830394686,1.16544292542744,0.186594444972425,2.22961605515104,0.0284973635400259,0.955902728738812,0.149241171389391
2.26816473365818,0.0291323177823982,0.903167854620943,0.163567249564038,2.23588873474638,0.0290588918429194,0.90909151084507,0.184306278113081,2.26823168638973,0.0291323177823982,1.07956401394743,0.163578152370905,2.22907794143786,0.028564577059124,1.13848130070298,0.191250089896,2.26684985699619,0.0291281801746202,0.948372119430564,0.14365478714149
2.25192096439789,0.029405873023018,0.902439572002562,0.167545942772338,2.2059059897432,0.0282576410080701,0.928450241774035,0.174104570089697,2.25195388842521,0.029405873023018,1.07869623943028,0.167557537598228,2.19881144085425,0.0288963515735831,1.12612087747171,0.18911597348784,2.22370317312728,0.0297353561164062,0.910264711681304,0.141664217091285
2.25678430554786,0.0284521439149891,0.919078430765447,0.166383667287092,2.25341632070254,0.0285136861083846,0.922609480257811,0.17481456555073,2.25682172771021,0.0284521439149891,1.09869005107516,0.166411114903905,2.25117502616185,0.0278325855430891,1.15765791221973,0.177904799998553,2.24086197863497,0.0290807620820353,0.975180417476854,0.148034209010993
2.17844023136194,0.0274877084990157,0.900899972293063,0.163460257787304,2.18937197661777,0.0287588837481404,0.857631110671263,0.164441198194567,2.1784853772972,0.0274877084990157,1.07692193944679,0.163481589113843,2.18984700259604,0.0281677010612418,1.03154277342993,0.16546906522564,2.20721083611906,0.028844881816029,0.894879286620537,0.135879800637231
2.20344685983242,0.028381139523824,0.893443825951236,0.164578615500867,2.23800808105289,0.0285067127816772,0.868236146760666,0.175062855509307,2.2035105820783,0.028381139523824,1.06802635014506,0.164602770289777,2.24474623621715,0.0289833639219125,1.03902984389144,0.180677364155114,2.20463643760552,0.028307729985048,0.887618707411915,0.139915869974006
2.24787929058002,0.0286212026109755,0.920340229865071,0.174791242227805,2.15989176091791,0.0284721561443752,0.900855731890623,0.184999835195897,2.24785304561654,0.0286212026109755,1.10006391044965,0.17479870051756,2.17464056635063,0.0282021698124259,1.10060329906386,0.184445992792694,2.22141574670153,0.0283489221848104,0.925060270296867,0.149858183648096
2.1741572062424,0.028843276683418,0.87503376505559,0.164851016157535,2.20764826105084,0.0286287418625667,0.883881781897871,0.170615185864033,2.17418094505729,0.028843276683418,1.04590072583065,0.164856585828869,2.20645126298897,0.028530529525491,1.09937981377262,0.176552985038981,2.20007671601784,0.0292761692472921,0.931489634780828,0.145357302119146
2.21615063512824,0.0292782290253798,0.872361597261868,0.163642774527502,2.25855760399018,0.0297492776265561,0.867013572922384,0.167349794958172,2.21617242132784,0.0292782290253798,1.04282371011249,0.163666657165491,2.24240484603415,0.0294041350127976,1.08983108961525,0.184265062644382,2.2473393871246,0.0295324457728397,0.870118513127669,0.136381769096404
2.26033395756613,0.0284510733222189,0.830070112244457,0.153848188534634,2.28743759800926,0.0282230483294408,0.884602127488147,0.163384267271907,2.26029119724368,0.0284510733222189,0.992215981773686,0.153862522526153,2.28910293625184,0.0281117453953063,1.0938363601366,0.17816623132904,2.28127912801169,0.0288775097792033,0.899704963028237,0.132003571373491
2.28134492963964,0.028784526286382,0.917788252382185,0.173442600840212,2.26343998611631,0.029002847296287,0.979840968014976,0.179021354702066,2.28140930088541,0.028784526286382,1.10175615892088,0.172281944265536,2.24793177221045,0.0286543664776083,1.16043989277348,0.179166301297019,2.26787886733507,0.0294787924359952,0.932828161002363,0.150209173388893
2.23121222291179,0.0292627303335029,0.903463987715459,0.166123067109942,2.25205407061973,0.0285206526920242,0.91065812829058,0.178013122103938,2.23111377576471,0.0292627303335029,1.08006442025108,0.166156667927176,2.23293617508182,0.0284857830469253,1.11260740521039,0.183658435853969,2.26174325104681,0.0295595834888992,0.937428110774335,0.149384840911374
2.22983337511479,0.0281017500874786,0.89498645813267,0.17914737755452,2.23933976460944,0.028422398785488,0.920037636850599,0.174142463864722,2.22986444232836,0.0281017500874786,1.06985714234904,0.179171447114044,2.24131756667291,0.0285467915898425,1.11205162172812,0.185557821995051,2.27522209280537,0.0289253955193478,0.937541537965661,0.148782832244521
2.24361050536273,0.0286932595839243,0.919003467186078,0.175723336107396,2.2709760503489,0.0284059739800828,0.880703813380989,0.168318720286669,2.24359098966834,0.0286932595839243,1.09858398188598,0.175749691878943,2.26349820578048,0.0290711900621077,1.05724253784548,0.187226479476481,2.27618202579707,0.0292123480031767,0.900483870484865,0.141312319318961
2.25162747643529,0.0286947232422249,0.897287075382118,0.177109590142688,2.23281698622297,0.028424495667831,0.985575862201447,0.181025408563064,2.2515327444083,0.0286947232422249,1.07262609498371,0.177136493839753,2.23282170347713,0.0285284893346658,1.20745879492321,0.193608415328916,2.24154809793874,0.0295268466684967,0.991253844462318,0.151809043572109
2.22947219723174,0.0283360901502255,0.893275235627439,0.158972750968387,2.20530365488257,0.0287787407575097,0.884457522439486,0.17921637206353,2.22948487566235,0.0283360901502255,1.06775128034803,0.158985133660681,2.19993971305571,0.0282739099867378,1.07967263648128,0.183071519603518,2.22127209296908,0.0288231455311427,0.910884751456654,0.14495930073994
2.25341324868203,0.0288869694886686,0.926168286402151,0.171292237723516,2.2531580336379,0.0290354084803328,0.845115691722664,0.160724616725865,2.25334243534621,0.0288869694886686,1.10707023175084,0.171305761630999,2.24702089008819,0.0284784487212226,1.12246362834045,0.177851312135091,2.23757641053569,0.0290193055574231,0.913444062180208,0.13775245873266
2.22852418062312,0.0285522490641234,0.886062358078699,0.179251389418249,2.25505349892031,0.0284778415816169,0.870199704442457,0.18065593326002,2.22851179496572,0.0285522490641234,1.0591996852438,0.179277218956074,2.23740052793233,0.0286206095078873,1.10358698490569,0.189147539062948,2.26049694543956,0.0293012724163514,0.934338022507696,0.147258775916499
2.26488292606256,0.0292051127573559,0.866973005334982,0.163348177289889,2.25948385450574,0.0287981173468579,0.939041016814384,0.17198336338607,2.26480840431054,0.0292051127573559,1.04034430009519,0.162584545948327,2.24889116800424,0.0285576583431853,1.14925737417785,0.174206589807732,2.26553557767967,0.0293283401160932,0.921825519807488,0.137643858057834
2.25071638774098,0.0280162891861663,0.870994677122841,0.14758029542223,2.27897825687257,0.0287523880280661,0.880253758780286,0.159334366293915,2.25080614596951,0.0280162891861663,1.04114556467555,0.147595578572567,2.3010163572925,0.0283543972486598,1.07995708782507,0.16151608694204,2.26014939293848,0.0291989946766461,0.903733449744619,0.135732143587362
2.27027301704778,0.0288707419942102,0.890982469823915,0.167372238960143,2.28723070687999,0.0283658054984727,0.9106571351728,0.171550661084282,2.27025677236964,0.0288707419942102,1.06505127912812,0.167391655579755,2.28849605763283,0.0284656928941105,1.10392950638641,0.183989094172725,2.24679289973953,0.0295369263338294,0.908652201306994,0.14262353589792
2.2555952685991,0.0288211091699144,0.898554357025215,0.168541807363924,2.29095372685833,0.028475551498424,0.913702587873271,0.169607883695024,2.25549142866616,0.0288211091699144,1.07407856514518,0.168557608968265,2.29007532876753,0.0278929550229418,1.20911219751181,0.184870427842553,2.2660734295506,0.0290052366689638,0.900960136514125,0.142995837538373
2.19300665499365,0.0286133582447221,0.878291144048978,0.171352479217132,2.18832362272346,0.0282984890707334,0.888983170293984,0.163906997954682,2.19304905403398,0.0286133582447221,1.04995402687638,0.17138436205182,2.20157618108276,0.0275072629022762,1.07150906786882,0.163796733425343,2.20250481618594,0.0287396588456367,0.919533451162154,0.143820438403027
2.14682696821613,0.0292774238202722,0.845775464263419,0.170613991212453,2.18105612128472,0.0294312968439195,0.884014933420169,0.178032334965572,2.14685087344836,0.0292774238202722,1.01104703353822,0.170639645306091,2.16796069526731,0.0286419262657211,1.09395961231748,0.187345507455676,2.18710186849836,0.0298285112981116,0.891394875011588,0.145450088549819
2.17881961910186,0.0281829607192174,0.908308818532053,0.176725786491582,2.25068606083248,0.0283307917678454,0.884390409300221,0.17886056063278,2.17879695251998,0.0281829607192174,1.08572146115119,0.17673958664396,2.24726608711409,0.0279024959872379,1.15216428987181,0.203221344723607,2.20743395541093,0.0283658413622372,0.936184058723424,0.149230812130388
2.23177405995946,0.0292773075517349,0.939355062869744,0.197550815588811,2.21386903762124,0.0291212215826808,0.969245538662997,0.194832964179322,2.23182055943788,0.0292773075517349,1.12293354102011,0.197584158006977,2.22470253973203,0.02879332175493,1.19747935870192,0.209278378787293,2.22141065307891,0.0297216686981249,0.98847228854932,0.159968231276197
2.19259347274705,0.0287475860023271,0.940269723399322,0.170763801458063,2.18586548312346,0.0286339710353577,0.888025429773739,0.173524689919636,2.1925742248633,0.0287475860023271,1.12392831929313,0.170777635540783,2.17667796652861,0.0284329297282554,1.08497397466253,0.175637585127967,2.1982591173152,0.0287591132238026,0.934242797129575,0.137021951451425
2.24522815371028,0.0281849291165374,0.941110965850607,0.174124462662625,2.19768084276019,0.0281845712206873,0.902422603596659,0.17555644037374,2.24525644745847,0.0281849291165374,1.12490573286642,0.174134212197455,2.19920585812412,0.0286005232569458,1.10093625797602,0.185433795551543,2.21976305080543,0.0279570164297489,0.968473276928056,0.148371465460952
2.26885371722532,0.0286196252397566,0.96500574501521,0.188532098413387,2.22773013255831,0.0287654071176933,0.961842371848941,0.201716682083891,2.26888912857896,0.0286196252397566,1.15369401868094,0.18857975343051,2.24529604394598,0.0287625719945466,1.10991086338,0.204571173608395,2.26748304340661,0.0286095498288928,0.997297450008386,0.157389072086155
2.26916922274316,0.0281750837708455,0.93207512050714,0.180907796320051,2.25403319969055,0.027780958218722,0.890288271549542,0.171012007711279,2.26916135367979,0.0281750837708455,1.11416924565174,0.180928321513081,2.23796518420713,0.0270775581432272,1.15151548428156,0.197199329722562,2.26352321065905,0.0283206993761395,0.900439804099433,0.146451854650667
2.1761812340382,0.028992686522383,0.886524321895828,0.167549638383707,2.17343127427502,0.0278376882241487,0.917779835166822,0.177162783073658,2.17625297933214,0.028992686522383,1.05977263028063,0.167577057006895,2.17152403722406,0.0283892854722217,1.13529773952015,0.185083916038582,2.16682455292362,0.0290106545065555,0.918363087495505,0.148931348949833
2.26678335551787,0.0282883423702551,0.896529967248793,0.174915147354813,2.25897548287805,0.0291687745010482,0.892866308530442,0.181159484535016,2.26670394506563,0.0282883423702551,1.07173912311462,0.174944669456517,2.25795110225479,0.0284327721734875,1.09479080185181,0.18709512550702,2.25874132665837,0.0287855126441309,0.911010621831358,0.143199890812863
2.22311398133211,0.029557641009671,0.935573173767187,0.16424872862611,2.22503521588519,0.0293799765791483,0.900387546233395,0.181088271528352,2.22300356555872,0.029557641009671,1.11836883555006,0.164270028529368,2.23023949454562,0.0287437586061213,1.07472224128144,0.177681781193415,2.20314717785383,0.0287548775158649,0.895424691718535,0.140451281517169
2.22094754675831,0.0288928837969896,0.910675134591776,0.167388874808439,2.27640692026589,0.0290462233291276,0.91107891358121,0.170229487145323,2.22088500377557,0.0288928837969896,1.08849831141306,0.16739400147714,2.27143319387044,0.0281536536325303,1.09637486282762,0.171400395485165,2.23209542255241,0.0289459083858174,0.911885883139197,0.133336463892172
2.27250889716927,0.0292293837828269,0.943590720498759,0.178370991443008,2.2615698021487,0.028537155262663,0.898339031773779,0.179826247148771,2.27246092407869,0.0292293837828269,1.12794288213619,0.178392541577311,2.25509142923766,0.0277272478508264,1.11739376870356,0.186242718768488,2.2303451248848,0.0294954010709454,0.92415111507283,0.15179106772562
2.28957148922013,0.0287170033500346,0.941303513244926,0.172397312567402,2.26874779608665,0.0291567371058238,0.906942841513459,0.180355729009657,2.28950103783428,0.0287170033500346,1.12549621331102,0.172462179437359,2.23958165176838,0.0282808011673528,1.14478358447814,0.190540121806156,2.30326648362005,0.0288448770169423,0.92339524846474,0.141121833447476
2.22999894613961,0.0288452935880903,0.877038682275849,0.1880767038165,2.23570243191767,0.0279113005297543,0.925559961038259,0.184898969349853,2.23019294644951,0.0288452935880903,1.04868657143032,0.188152928865253,2.21487379658048,0.0282668407743602,1.14190352782591,0.194809984295698,2.24311216195373,0.0284715371576122,0.96503448731817,0.156472674150131
2.25694356191378,0.0281088907957359,0.908099548047639,0.162608365305879,2.27505149078706,0.0277961662110551,0.9630842525958,0.184457819555533,2.25694356022191,0.0281088907957359,1.08538655420206,0.16260836444472,2.26983583377204,0.0267435374449792,1.22653440523895,0.196796293154004,2.24033838652398,0.0285451992005638,0.958892243486051,0.141108597159922
2.23653821567932,0.0284032681035509,0.942286898600733,0.167732914699068,2.20268574203405,0.0284586358994967,0.944129052341584,0.186862630165844,2.23652551270065,0.0284032681035509,1.12638123186943,0.167752718377563,2.1679032916148,0.0275920824056269,1.21694779310936,0.174853309163458,2.22502911592104,0.0291785832372664,0.968285308293336,0.146786126228648
2.26995265550703,0.0289851593687184,0.861289691860699,0.156393095461006,2.20796624468616,0.0289291610749146,0.860927020275241,0.170774500506765,2.26988806782591,0.0289851593687184,1.02953576973659,0.156407936470882,2.22981856563657,0.0285673616018684,1.01773233897565,0.172323196174243,2.247456395142,0.0289908145392715,0.889164567570523,0.137227776395878
2.19966607479182,0.0288465150734219,0.93973704310721,0.175693668723502,2.23469210895451,0.0291120978705423,0.956563746760804,0.189619510056944,2.19960679708443,0.0288465150734219,1.12329821816979,0.175708938515638,2.22477007373305,0.0288063030938515,1.14364210311392,0.1999906500408,2.22559248307499,0.0290342277265435,0.981516328147523,0.153933553014147
2.24270169015351,0.0288634380293502,0.904727482988357,0.168125068244529,2.22369214064998,0.0281234554153082,0.911235881703672,0.165094941660012,2.24265967650929,0.0288634380293502,1.0814564515151,0.168140659420959,2.1976442636905,0.027551801603213,1.10017205170762,0.174581146448278,2.24651076794681,0.0287134170865301,0.929819558043118,0.13856326812497
2.27155387778272,0.0277336002118972,0.91689043527171,0.173866658430698,2.24048516135292,0.0283490161384317,0.898911634801811,0.167840332986376,2.27156646175371,0.0277336002118972,1.09606465996793,0.173893784912268,2.20211250468531,0.0275449815589088,1.07708365895744,0.176098562272285,2.28147392057752,0.0284944560640985,0.90762185423416,0.146650024745861
2.27213840177807,0.0284614010791254,0.963681574689216,0.178956865564205,2.26733330249191,0.0283549953745665,0.973763543026753,0.17759203738329,2.27205115036691,0.0284614010791254,1.15212097589594,0.179003660712599,2.2685373467916,0.0276006246759367,1.14419733841538,0.1792885438715,2.26608096438529,0.0283335507281219,1.01611309921074,0.149044896865154
2.1898946568871,0.0290690522791632,0.935015939619134,0.170743487584629,2.19850435194374,0.0290467280233633,0.90232068207809,0.176529293251363,2.18975560387612,0.0290690522791632,1.11766540299209,0.170759927273404,2.21074546020357,0.0284618473599712,1.12632766658193,0.182833917533566,2.20550086002752,0.0291878855738393,0.908157172531447,0.151178661541715
2.26372661475452,0.0281686399463006,0.938899823248408,0.181854172391146,2.22558771350711,0.0282350658102042,0.910523884108296,0.177248509998619,2.26357400913906,0.0281686399463006,1.12241483994353,0.181888998860653,2.22479111968938,0.0289255699592053,1.13120262686129,0.18677744456612,2.24732223664501,0.028109143718258,0.960885907668499,0.148438003278319
2.22745702190587,0.0281279019372386,0.944584618141228,0.169070633165192,2.23604381794945,0.0281568046667731,0.896186241918412,0.179351000239476,2.22739319867528,0.0281279019372386,1.12931311099943,0.169118337289676,2.22606674325881,0.0277329155582205,1.07121993387796,0.182206399335697,2.22378336440802,0.0284795405425081,0.916729882070302,0.143969484476079
2.30339841513111,0.0283964981052095,0.925909338679454,0.177291087034309,2.3011957019589,0.0286281256984595,0.951120912529971,0.169360591279961,2.30343884727268,0.0283964981052095,1.1068270392223,0.177315711333616,2.29628456123958,0.0280284905074434,1.17466296414785,0.185010205142991,2.29146301575941,0.0287492012779492,0.939371543477459,0.150924864504947
2.23889598886416,0.0274471089556385,0.885717697998378,0.175484842745483,2.2755895499152,0.027948092057275,0.850941562427587,0.16712601721045,2.23899792827484,0.0274471089556385,1.05875604392203,0.175504885658762,2.25937513262898,0.0275529960659938,1.01126680529842,0.160090656002248,2.25354763556161,0.0280459216358258,0.884454327248526,0.143229730587795
2.2099430894922,0.0294666537250097,0.910751698646342,0.177957223302803,2.19210759637835,0.0294878979070247,0.94185200944437,0.185761274115882,2.20996538785088,0.0294666537250097,1.08879924379017,0.17799690931204,2.16414474275334,0.0291164194641557,1.18591230324036,0.191716081163513,2.18837735047176,0.0299731984753849,0.953629524979733,0.142786143047583
2.29572011557822,0.0277564363670983,0.960757559794082,0.167172698715269,2.30229495997716,0.0282964953012062,0.958230214739906,0.184917516011653,2.29580431311521,0.0277564363670983,1.14841800405078,0.16718624954969,2.31031070928124,0.0278774746906901,1.17222326412653,0.19208697517678,2.29694427633036,0.0281589834581268,0.966983283086482,0.148956160169413
2.23417177260627,0.0293267828144452,0.899290597902623,0.180878954394363,2.26167888330238,0.029138401528965,0.898188104636772,0.180647292000669,2.2342116341269,0.0293267828144452,1.07984029413449,0.180451913330779,2.27138769807266,0.0282924174767907,1.13440301803699,0.190836010064597,2.27794621296722,0.0286575269606761,0.926805644459035,0.142298324593534
2.13103984534369,0.0290379614126484,0.938016546662364,0.183176909168327,2.20529271900152,0.0282063933539091,0.943903905174436,0.181181970169897,2.13103166663802,0.0290379614126485,1.12129258293531,0.18320115049174,2.22910150759145,0.0277327835096786,1.11876790416261,0.178600484869218,2.18391978134758,0.0289497347646345,0.950757085704116,0.150844797336451
2.23508221559606,0.0283920272986294,0.942891593727782,0.190946625511224,2.22586469453242,0.0286457117437409,0.979219078601199,0.187913286348437,2.23500774769784,0.0283920272986294,1.12711563312826,0.190971129795779,2.25259651361257,0.0284592810164139,1.22819643723726,0.199431954524501,2.24550962237591,0.0288602368316488,0.978266900926433,0.15906917819054
2.22647904115885,0.0285931303969439,0.863426589878618,0.159098298763839,2.26039128121774,0.0286468191587989,0.919691557945531,0.177060904956199,2.22655530914054,0.0285931303969439,1.03209421884761,0.159114032435476,2.26141842332482,0.0278457619388419,1.14435604332364,0.183385475563531,2.25288394179934,0.0285622169525337,0.980350942192412,0.145186601455469
2.26623731027733,0.0294937210714458,0.881079529324247,0.16383083358761,2.26977026300171,0.0285872029341759,0.885630289577782,0.177392486120136,2.26622388394399,0.0294937210714458,1.05314622970341,0.163839354097794,2.27579899792569,0.0290435131926712,1.17153736521622,0.204364084178215,2.28133617626719,0.0295466629569563,0.898198959726941,0.143628032988006
2.18317913429987,0.0287650712628827,0.924143793245365,0.182066176078217,2.18006403014998,0.0276897701619091,0.931515684628131,0.181092932164367,2.18314999076479,0.0287650712628827,1.10484250765916,0.182112230969699,2.14672649095115,0.0270251737974368,1.14633933274439,0.181705453058146,2.20542915427285,0.0288212057228606,0.955702951705344,0.15086159119514
2.29433943807571,0.0287611607229864,0.91605206674226,0.164210886470639,2.25225487068736,0.0284136783938756,0.916143400350728,0.160895152693682,2.2943043479915,0.0287611607229864,1.09513640709938,0.164247596753705,2.23578329485921,0.0278900914984941,1.08833120543748,0.16280821889814,2.27242848048835,0.0288773519486605,0.90009540404856,0.141271589174189
2.285501010757,0.0289709128095008,0.897357050130634,0.168972668979086,2.28593857889988,0.0293156819629088,0.91042767549481,0.167916219090609,2.28532305827004,0.0289709128095008,1.07276815067023,0.169007538305814,2.28497233991929,0.027718722695066,1.12663322600264,0.174166311125166,2.27957095162599,0.0292475508099507,0.932570734892245,0.139888977179192
2.21218975812309,0.0287283718781345,0.886248538806921,0.174101534110221,2.23147920537015,0.0289856081918284,0.937698097828682,0.181810799620379,2.2121651533842,0.0287283718781346,1.05942189514052,0.174126563929432,2.25066251586989,0.028371934052154,1.14194948308085,0.184722657936226,2.24270055809516,0.0289216737918122,0.950050339255137,0.139893181064418
2.25424539350113,0.0289172984824455,0.935454905266748,0.18479173446911,2.25563506178184,0.0291571435368024,0.941911962158097,0.173626333838397,2.25421344425035,0.0289172984824455,1.11827143924482,0.184822967212677,2.23068595794998,0.0286880022704758,1.25419812635873,0.18895501536975,2.26548619616918,0.0289803885264478,0.953886313871082,0.139430692690426
2.22046026932709,0.026951302425252,0.918291409149975,0.173723018545958,2.18936041654963,0.0269844319428985,0.915684735382122,0.176904987763587,2.22044161135305,0.026951302425252,1.09768117336534,0.17374090567339,2.16726503510523,0.0269944115859213,1.14121271019173,0.181988533939808,2.21857963135369,0.0274970029081306,0.938230391701975,0.14570640792062
2.23107186299229,0.028159430870313,0.883368952078563,0.171689381628991,2.24634592124769,0.0284855683761459,0.891621811189029,0.177629104133045,2.23122812169401,0.028159430870313,1.05597629970559,0.171713522162395,2.23071601824095,0.0278801029618812,1.12885942649592,0.190651838394904,2.25966694532672,0.0285953014129802,0.928680903297575,0.145843745003634
2.29605711796788,0.0287580997420879,0.880381657544763,0.177295382368209,2.23970135105691,0.0288064163159886,0.915548354232437,0.171595495871665,2.2960020365459,0.0287580997420879,1.05236570797184,0.177313640630809,2.22671923000204,0.0288179256755447,1.16240978931175,0.185158030452074,2.24929426442493,0.0290786690752754,0.956162407739018,0.146886387952128
2.24847895629981,0.0290773406041899,0.979928529501119,0.16417733496192,2.23713693263003,0.0285180499264957,0.956500638101753,0.182151734209005,2.24851225119417,0.0290773406041899,1.17138596507911,0.164197989830179,2.2327425717326,0.0283429147146597,1.16332051179871,0.186723931714647,2.2451959450626,0.0294408963007716,0.977780196667293,0.143330046223773
2.23476417797295,0.0290560262020302,0.856378812661435,0.163745452761964,2.24895825481318,0.0286919255012926,0.857730863271701,0.167977702401116,2.23472769937252,0.0290560262020302,1.02364446475375,0.163757612057648,2.24250943573069,0.0286329275019281,1.05197998460836,0.176911591705387,2.23697214211197,0.0294165249094164,0.890978191361021,0.1349721314805
2.30429015989303,0.0283062453725364,0.894744825434004,0.169011839322515,2.29402975564507,0.0277854783238912,0.926859034111085,0.179460856958758,2.30429174534369,0.0283062453725364,1.06966650911002,0.169050068512517,2.2861412788582,0.0278416477733224,1.15595613375888,0.182249470859139,2.29251863448341,0.0281227253983292,0.935565523279026,0.139780232442702
2.23973430851771,0.0288997366772797,0.858848942971991,0.159883333907997,2.20774625101384,0.0288964115684623,0.876752762490715,0.162612970073548,2.23972256864049,0.0288997366772797,1.02657412488793,0.15989163508026,2.20182344452307,0.0281836546830527,1.1576900015054,0.18038891110537,2.22250221624462,0.0291573712812626,0.873855136695723,0.131949185006142
2.12460353025696,0.0285116910724242,0.922088661352957,0.17112512386844,2.15349475841381,0.0281570215423842,0.917662479531813,0.176161916844496,2.12451676392791,0.0285116910724242,1.10223581486378,0.171145164137696,2.13963288685866,0.0277770454636484,1.13387554096622,0.192178071490281,2.16119354843585,0.0292213182805401,0.91341065525921,0.138606714307479
2.21808538390683,0.0290798179892941,0.93500969098583,0.170465105608802,2.20153492950907,0.028635313380349,0.962376884509506,0.19071237941457,2.21809485485963,0.0290798179892941,1.11773233404252,0.170492867117238,2.20874500284725,0.0284665425939177,1.21423840918906,0.198362728142334,2.19924063673224,0.0293984026238356,0.949158362391523,0.148761421825013
2.26532398583554,0.0283799798251317,0.986728351131549,0.185459396263625,2.2438122574238,0.0280423861199451,0.926526992479144,0.193544549297166,2.26538607080522,0.0283799798251317,1.1797358051037,0.185517556491706,2.26772734997098,0.0280937682035944,1.18348393799219,0.206333955059902,2.23498314471861,0.0286605437531419,0.961932938103785,0.148454472327509
2.18278860848919,0.0289435669647916,0.843878528474551,0.177168190411412,2.16589173735603,0.0294004583513335,0.861793707960627,0.167235363404311,2.1828644224152,0.0289435669647916,1.00072713574124,0.178093203577966,2.15823416585509,0.0291596629855587,1.0578242345285,0.180422361936103,2.18812629838542,0.0289612620700407,0.922407498689626,0.151147913652588
2.29916613944218,0.0287198880501549,0.901094461014807,0.179653771310836,2.31006555163945,0.029107653263282,0.959038602384861,0.199620974617789,2.29919931456473,0.0287198880501549,1.07713737163015,0.179674370696005,2.27220923525941,0.0280251497761624,1.17399776345972,0.200996665640906,2.28904072334868,0.0294824163757583,0.920147058171535,0.156121553240046
2.16142363694208,0.0287336139688808,0.936374209380838,0.168258848500693,2.26499482233124,0.0275465786190573,0.93654746685255,0.182923746273944,2.1613342727841,0.0287336139688808,1.11942193990988,0.168295034954754,2.2455052883964,0.0277659949929181,1.15890173784655,0.194227403236729,2.20122942651788,0.0287272113879957,0.989633429069028,0.141756093227403
2.23084299570978,0.0291045796468333,0.900672571174728,0.178805114950228,2.1936035706112,0.028931208094331,0.854608655057889,0.175786073293682,2.23071024028995,0.0291045796468333,1.07682124516496,0.178856874200537,2.17097627079255,0.0289207086832269,1.1249571357963,0.196086781980457,2.19678773269518,0.029396381549082,0.894999436316169,0.148350320866302
2.29809584105179,0.0284257296694785,0.913011553420302,0.160754288536323,2.29064129622379,0.0281039926460788,0.928104468018183,0.167301557986256,2.29806608371065,0.0284257296694785,1.0914391996085,0.160781050579452,2.24408067212035,0.0271503437164387,1.14895542302521,0.169120055507869,2.28633507365111,0.0289561282514117,0.923304415743721,0.135306755902474
2.22971627806081,0.029091551831102,0.895014328019692,0.167509805035777,2.25677954156341,0.0288122865368849,0.940939279512791,0.175604374641921,2.22970737577496,0.029091551831102,1.06994621761157,0.167541042362544,2.26610036563917,0.0282494643001066,1.14100483743727,0.188648741009524,2.2676844832893,0.0295123180949141,0.931048559290309,0.149230852602875
2.26684972446292,0.0276875928370629,0.940186211068283,0.173947941804343,2.2918420564145,0.0288744186967676,0.895393874850791,0.165282289966149,2.26689552127422,0.0276875928370629,1.1240516688438,0.173996579859354,2.2786333256083,0.0289375071657867,1.09628820559489,0.17117462001571,2.26543686697555,0.0286862951811952,0.927911147403253,0.149766389804681
2.17262074118989,0.0283500657227415,0.879944814339724,0.157267749121312,2.19571761546053,0.0284489879562147,0.86202261433228,0.177605521161024,2.1726323199009,0.0283500657227415,1.05181497869377,0.157279676062271,2.18762432281327,0.0278063347506935,1.04653031130151,0.182319119155537,2.18964676274283,0.0287093121824442,0.909678160406512,0.137446741234038
2.25855055693852,0.0285533064442554,0.863107362074037,0.159674528469711,2.27141824827131,0.0285974501908311,0.85987142948454,0.164189420751314,2.25859618289875,0.0285533064442554,1.03175733171685,0.159697237996807,2.28493666521996,0.0287993875268879,1.09197476404558,0.171292203626249,2.2578938182904,0.029199662408494,0.884081120484368,0.136220846537083
2.27275395823094,0.0281094862443123,0.926964300469364,0.175797535112582,2.2418045602472,0.0275091043321852,0.919549951063294,0.186943095828173,2.27286563993219,0.0281094862443123,1.10826438433558,0.175849917728474,2.2463512463977,0.0271422479400936,1.11703051693943,0.193243788250219,2.28154032803814,0.0274931025797859,0.962042173741694,0.154492604198117
2.1960282351159,0.0288053332432942,0.867457166536796,0.168362216836757,2.22054939805275,0.0290258441203581,0.860330793778138,0.171545718683501,2.19601945873971,0.0288053332432942,1.03682356920586,0.168364481519593,2.21953021596857,0.0288973204756442,1.04023945608262,0.181085660617113,2.18840602587399,0.0293723587093812,0.880432558774902,0.143676174011978
2.26941022601407,0.0282389306470121,0.905149584006578,0.171273953362784,2.32499621791046,0.0287635459920381,0.889336144213584,0.167639636946128,2.26933084968674,0.0282389306470121,1.08195912383197,0.17128953865587,2.34025496829259,0.0282839398072286,1.06522311418471,0.177347316473349,2.30499310535941,0.0291367153453405,0.908258617977012,0.140017722290753
2.29284732085419,0.0293197394266689,0.919055223088487,0.177632588137813,2.37606291915433,0.0289968076031445,0.945635293796368,0.184062507426078,2.29283458644901,0.0293197394266689,1.09859536003518,0.177651065453434,2.38524514320268,0.0280533325542795,1.15007816678917,0.183575096428287,2.32898705224626,0.0297502227368646,0.980629985843301,0.147696821325056
2.30119715729254,0.0287808518199795,0.963165219322542,0.174714192147242,2.25150774539446,0.0280836481697079,0.931471009820039,0.173949033145653,2.30116355673915,0.0287808518199795,1.15129494109344,0.174728202554915,2.23997765643689,0.0278845783291652,1.18988482090769,0.18556635673875,2.28566027280617,0.0286698533353828,0.96312068039784,0.151853116997369
2.23241397599239,0.0294570637845714,0.855480118843214,0.167703877691632,2.16787317648,0.0294068497441388,0.92954121437918,0.172985630624526,2.23239637179978,0.0294570637845714,1.02269077109174,0.167736099703949,2.16328047385679,0.0288241585924875,1.17033972923827,0.184363444015193,2.21749414797373,0.0296080840110388,0.91736780891237,0.14278482357844
2.27414385018808,0.0285380094115592,0.910827847975175,0.171380722588451,2.29692789097977,0.0288886358825866,0.926319359042028,0.174837179899221,2.27405208699799,0.0285380094115592,1.08873350498766,0.171394261627217,2.29787502635457,0.0275939952114775,1.16833107210814,0.18725848863659,2.27264820811176,0.0294361589101371,0.926730262985116,0.139430915451549
2.21296738261149,0.0279762129628085,0.89219679415167,0.170669708758411,2.25395629107591,0.0271235503720226,0.855529682177423,0.164941435543432,2.2129346995636,0.0279762129628085,1.066442372899,0.170679829966663,2.24690110678814,0.0263377298900863,1.04992914304792,0.172413504187863,2.26977886782401,0.0283226251526134,0.899211651237416,0.139048136811884
2.23625516814689,0.0287814803788417,0.966077561200496,0.174099893402085,2.18551912687359,0.0281890089347835,0.936272456549596,0.192678384853318,2.23632542779602,0.0287814803788417,1.15475523057025,0.174110702704543,2.17875455775894,0.0283526953368184,1.22277985262123,0.209055752934734,2.23197182662223,0.0291340299088929,0.989754340465816,0.147715106266643
2.25242421820919,0.0282428329425808,0.930021375053509,0.173196897460715,2.26218090555693,0.0293867898069595,0.920742826553095,0.18400223907526,2.25229693998986,0.0282428329425808,1.1117607746446,0.173223793419382,2.27797895051983,0.0286379629913509,1.19985545569962,0.192887003289831,2.24163463406809,0.0284652873744372,0.950465039972647,0.143558316021806
2.29211430882404,0.0279690079339202,0.907043771438962,0.171846505989738,2.29591414288961,0.028862110197524,0.917064386952076,0.167350794724032,2.29210398312278,0.0279690079339202,1.08424547067351,0.171865655023374,2.29504262484522,0.0288644392286239,1.08358670112595,0.174822503997131,2.28666758758826,0.0284681945463628,0.953573641215342,0.145410284363996
2.32260364296638,0.0289953499898873,0.908392374075986,0.16624389996559,2.30560510407905,0.0290744409259483,0.861712296043699,0.165634614140209,2.32264802311316,0.0289953499898873,1.08592154089285,0.166272224463764,2.30392655327311,0.0289974507468783,1.05533101596449,0.173570775458805,2.29276887208372,0.0292964748642653,0.895740984313109,0.1390055715652
2.20501080799004,0.029229963247422,0.915128649830981,0.185683589979046,2.2148827149085,0.0283884442047502,0.913307788685228,0.172459958799289,2.20503014657745,0.029229963247422,1.09405035789699,0.185728137962656,2.18725600377999,0.0278660397830559,1.13777194525517,0.181027880762263,2.22181707785797,0.029495962391258,0.918345188379395,0.151691263471247
2.19695660255692,0.0292656431053798,0.876268883791258,0.177551975458005,2.25124199567168,0.0293886848525707,0.856804508519718,0.171767323033894,2.19707376741915,0.0292656431053798,1.04753554397809,0.177584847391776,2.25862208230332,0.0289244125827068,1.04849530780136,0.177660260039413,2.20760515470937,0.029361585052918,0.876724219535199,0.137713200953088
2.28608827177109,0.0287689311002091,0.913593144307901,0.178070819764224,2.26342058925463,0.027434189692258,0.89798313503221,0.180260240304734,2.28603528066289,0.0287689311002091,1.0921512625926,0.178103206448935,2.25381191741315,0.0267637759903231,1.17562978375889,0.184509009272286,2.23593162587243,0.0286723806214722,0.890175173766769,0.147314430901682
2.24110908145783,0.0290280961351089,0.917486582519735,0.172462145770428,2.25709779472309,0.0284822919521846,0.907721327995392,0.164077957272145,2.24110541120199,0.0290280961351089,1.10137523381259,0.170952079598623,2.25381779042548,0.0284674931753893,1.15994033895606,0.174260048548307,2.27268816719549,0.0290546319039232,0.889039705943936,0.140365447560179
2.21382999579963,0.0288019869794269,0.964956924963501,0.184227354414872,2.18239376839552,0.0292643056227204,0.915735179957409,0.173527205907043,2.21375809609579,0.0288019869794269,1.15365934613917,0.184277705938938,2.1867612912048,0.0288866315415338,1.07845291246278,0.185034672149575,2.24760394546303,0.0295446275015716,0.973020625743572,0.147067205486564
2.27163537026602,0.0280402675999018,0.9248175314842,0.172362927531567,2.23597287065523,0.0278617093649914,0.944268215182041,0.188389081009103,2.27171829913107,0.0280402675999018,1.10552416918059,0.172387221378989,2.23156058963121,0.0269292240282727,1.25621822785856,0.200304811067221,2.27965084851297,0.0285033579625707,0.970307458027338,0.154211651093226
2.22037742894599,0.0281133758789413,0.882561758001193,0.172986782424627,2.22313527069821,0.0281860123114703,0.891532611514133,0.172614532309884,2.22048573076682,0.0281133758789413,1.05508144272644,0.173022594526769,2.24786939168417,0.0278690466563973,1.15211532051412,0.180081721979997,2.22672830637636,0.0278767421285791,0.92276457579701,0.144570647448335
2.30600849923029,0.0284859596538866,0.912463862099264,0.165590560172823,2.23562682716753,0.0281497803619779,0.959200158592316,0.170509931973073,2.30604308631655,0.0284859596538866,1.09067093589958,0.165600888364452,2.26590211345429,0.0277350199371743,1.2192907031478,0.185151797944506,2.2764530250299,0.0288429492506152,0.931752117302094,0.140705620689229
2.21264730443,0.0296394533512735,0.936442234770651,0.177743727380951,2.18306848783828,0.0292773805633384,0.931973735204351,0.188242659747933,2.21265637449047,0.0296394533512735,1.11943032818974,0.177770371284245,2.16514102126426,0.0283770756574073,1.13415845273043,0.197506868043064,2.21665804324868,0.02924099592524,0.970670493798462,0.149161082586965
2.27877508374885,0.0293422168902701,0.918691481081034,0.176876466127364,2.22932398357268,0.029319290685683,0.919070029849082,0.170941756955777,2.27848700955579,0.0293422168902701,1.10331097045102,0.17595000830567,2.2308309517666,0.0289269192646069,1.14738595741715,0.174743449121056,2.2407194059195,0.0297723473331202,0.948980461740045,0.142984075822174
2.2510796062066,0.0280432211162396,0.935973512591821,0.16869916008283,2.20277150458894,0.0286294953415275,0.923557242154903,0.177195300090575,2.25112053511952,0.0280432211162396,1.11884161061297,0.168720164989904,2.19462094858107,0.028121496737193,1.11794503775626,0.183695800612068,2.24953165194221,0.0287241029770243,0.956170154057143,0.1385673825319
2.2413021624607,0.0294656696505715,0.895985843916556,0.182848084817871,2.30499614565203,0.0278286249355712,0.867852632933862,0.17767686928623,2.24126824633242,0.0294656696505715,1.07099203773915,0.182862448169203,2.29002468323124,0.0278197126659717,1.1822905474018,0.20045235021671,2.26360558880688,0.0292035122654934,0.951890388633904,0.152081993993483
2.25231894420599,0.0285394187811334,0.890567979793081,0.174805495626891,2.26946121189329,0.0293292346353749,0.901395142169184,0.179308185369139,2.25231472475896,0.0285394187811334,1.06456869416651,0.174827890243888,2.2219169414839,0.0288911678520147,1.1040583336338,0.193941774028725,2.25086448760555,0.0288338881194618,0.93614305671853,0.14386478222121
2.22215879353658,0.0284420628622183,0.935625126597449,0.184043997667478,2.26365881786196,0.027982666885424,0.896014669576559,0.177781933381008,2.22214024263999,0.0284420628622183,1.11847365688278,0.184074894993774,2.26821026417655,0.0284106249678075,1.10659944477857,0.181144495382974,2.25722487696832,0.0280368331199692,0.937601780808221,0.146020010707784
2.27084493729529,0.0290663980788028,0.844927823446602,0.166689791740634,2.22631488949095,0.0288098669635104,0.876128342098464,0.16868550353605,2.27077704117587,0.0290663980788028,1.0146300394074,0.166131108835761,2.21045574793277,0.0270863308915421,1.15007664295437,0.175758245072514,2.2607251407664,0.0291131905772856,0.922540655528468,0.139041497719807
2.31562044995279,0.0283705369532526,0.876389648560152,0.157265967898025,2.32148616982369,0.0281084745910214,0.878252509035658,0.156074953865015,2.31561759265119,0.0283705369532526,1.04791701361356,0.157330681680078,2.32488552784221,0.02874221790533,1.13439579862217,0.170390079058862,2.29715169657317,0.0288394853472345,0.909888379165958,0.129820695939026
2.24233718447073,0.0292983679881657,0.923474131168073,0.175495894492248,2.30086590096014,0.0287959195633078,0.94801116390685,0.180959901604491,2.24227890103395,0.0292983679881657,1.10394123434616,0.175524280822307,2.28701350805669,0.0289197146304148,1.1057758877882,0.1888331894305,2.29812445238724,0.0294132866364171,0.946458383138905,0.143006242088543
2.14328263691202,0.0288162471753776,0.867874954992415,0.173275656294259,2.18259523326969,0.0282839277799805,0.916110887025128,0.175101841803291,2.14327573038981,0.0288162471753776,1.03754059127247,0.173314346183608,2.1677210571094,0.0279387969009937,1.14192797414057,0.18344509368891,2.16602154454919,0.0293315193147992,0.889019408695194,0.139368247079334
2.21897567947277,0.0274969657982021,0.888436188574599,0.165473251517938,2.23814969777331,0.0281643862419646,0.894940154036508,0.171334997704696,2.21901070019573,0.0274969657982021,1.06198363959534,0.165488723774372,2.24430931077762,0.0276999603454539,1.13590960151906,0.172394898047249,2.24007324966658,0.0284065032124065,0.912597497681901,0.136593172229504
2.22119048771417,0.0281854583267584,0.876933140734118,0.167145666719168,2.27169408968015,0.0275518417661505,0.886918628179847,0.171223299532218,2.22124994592864,0.0281854583267584,1.04828271021498,0.167169129776871,2.27782310201687,0.027520770448235,1.15765910779802,0.184947662465982,2.25608705768269,0.0287722528254193,0.903254592305788,0.142704270660103
2.26589293119767,0.0280124388587579,0.905145493064862,0.168013155304899,2.3096746060926,0.0282258972983921,0.924308498010772,0.187114720391842,2.26591601601719,0.0280124388587579,1.08199833408506,0.168035292694185,2.3036948830915,0.0285137767586655,1.16109278341393,0.194629158211261,2.2962445601905,0.0287773655573742,0.942945415070136,0.148403165594273
2.20197428857131,0.0292078143732282,0.910164898582079,0.17507593483517,2.19176857856455,0.0285721889945124,0.886324282836482,0.167306139257406,2.20198595502845,0.0292078143732282,1.08806429138662,0.175109597245914,2.20262424089159,0.0281352622684229,1.15711692054201,0.181214843260244,2.22313408417949,0.0293029883868259,0.95464868720164,0.147335108263763
2.21992643505909,0.0287316273645032,0.987799732399845,0.184220375010318,2.3056706284626,0.0293935161062059,1.05745128782047,0.196914071243937,2.2199057864037,0.0287316273645032,1.18086392797717,0.184254300981604,2.31874616897625,0.028665085064483,1.24819209335636,0.191997397338404,2.29696060943965,0.0292184865701052,1.02645899833002,0.152140655169265
2.24083362773453,0.0281096137860581,0.930138056915125,0.178691494709507,2.24501961087886,0.0294603223505338,0.905797982606987,0.185820283898424,2.24083675782836,0.0281096137860581,1.11187095938348,0.17871453470365,2.21659953061517,0.0289985783125143,1.1360058210112,0.190366343643313,2.24909797786815,0.0297844629324071,0.974228904961061,0.148706726922353
2.19802336816515,0.0287818089948784,0.936489887382699,0.172905983227652,2.22670662750763,0.0284492007159308,0.900498539246763,0.163327733778775,2.19805798127597,0.0287818089948784,1.11955664630896,0.172942615325036,2.24197616708825,0.0277326433777843,1.1377292924233,0.171545324158511,2.20448777378156,0.0284746603553673,0.929895978824037,0.13634527704033
2.29331619601242,0.0282531697904241,0.938410700995423,0.176903266975361,2.27552609229194,0.0283055298050341,0.916255365608811,0.186135353163379,2.29332768380948,0.0282531697904241,1.12164267138024,0.176907581338072,2.27140238168489,0.028133769697524,1.12919786425939,0.197225460200847,2.3055042379057,0.0281659128254932,0.966549947526467,0.149904686643479
2.23074852815619,0.0275185328091375,0.859227448075566,0.166727352651733,2.2754123406411,0.0282069931692889,0.887002703866505,0.174093090742478,2.23067134507653,0.0275185328091375,1.0271015958096,0.166748192968636,2.30289988852981,0.0279967121285001,1.12072572400889,0.192031110305729,2.26131634653635,0.0286606976804248,0.891577940976355,0.142060376458323
2.28121118677371,0.0284229952962402,0.864279543366587,0.161913592080601,2.24504566189273,0.0280376535536544,0.854081409483021,0.172409289899917,2.28112750502833,0.0284229952962402,1.03309582083623,0.161926787049898,2.2287321620821,0.0277279942227126,1.07717809634233,0.17100587605733,2.27729482748187,0.0288519200177666,0.889584527113151,0.141110054844504
2.18428646040166,0.0281768964173412,0.956848657581391,0.171189345447478,2.17008986214894,0.0278140772112514,0.879334975295323,0.17119052391509,2.18427187547425,0.0281768964173412,1.14373283721288,0.171201312410694,2.16853425997836,0.0280411780270737,1.08186449202983,0.177789236206297,2.20148013335502,0.0281015540219737,0.954967500109139,0.141377610578101
2.26047647252179,0.0290716562976185,0.909828147113298,0.179177293551454,2.21376848164149,0.0286097323833712,0.936068373639748,0.174675409480016,2.26036760838554,0.0290716562976185,1.08765254293365,0.179210232621031,2.22919370339475,0.0263302157554903,1.17566381421645,0.196639238656639,2.23461644172922,0.0290072730919484,0.964472636605344,0.144803184530374
