m_hat1,asym_var1,sigma_hat1,m_hat2,asym_var2,sigma_hat2
4.05376601239808,0.16259095185935293,3.215582054854966,3.8148384172902143,0.15089873706317447,2.9281186167383106
4.195064583431109,0.15824158317074835,3.1368562318210844,3.985833987312286,0.1620217860690618,3.1210165324006782
4.153765255678168,0.15964960886726784,3.1178797804725065,4.08117267072871,0.1772916671958562,3.3672348453472236
3.7184251286143186,0.15756107291302224,3.0746368813594427,3.6823585616206844,0.1623969212326352,3.1256775547814604
4.186273975601617,0.17254298192261608,3.3937792770255055,3.8458955497340193,0.1706226322673915,3.2677816530276416
3.943022951637044,0.14337667603918336,2.833373045718282,3.861517306463312,0.1563058719640925,3.0109112011843724
3.8646407463454597,0.15542906983737115,2.9569805449951856,3.8077935529157405,0.16325494622822512,3.1832012244650385
3.919269898244361,0.14674966582514823,2.8909807284094833,3.966018535755017,0.16476000836680338,3.1000666707598805
3.9217004447790806,0.1608103334957451,3.120448457270089,4.003970800352296,0.1450277104303598,2.8210054125712416
4.150106191013982,0.1432616569761615,2.8574364502461354,4.296707484695579,0.14802011051097488,2.8699392113530187
3.7843217072923454,0.15153515899331252,2.9428423009136546,3.7879847190606237,0.1608294692876755,3.1233396170069825
3.9401915481574776,0.1575176919576928,3.1006788871646185,3.970903448762925,0.14962348662273217,2.8727234472349714
3.655863461500594,0.1637114665048946,3.217538096933971,3.763464744150662,0.15556902360930178,2.9942599996602857
3.8998662121561596,0.15832486460528414,3.1214565260575924,4.174235731601378,0.17590118479277053,3.3492659237921263
4.302180129529623,0.1542886562663209,3.029956279574357,4.129937991119249,0.14260545490690354,2.8093394256389224
4.08872195518876,0.15878991242837634,3.0512303182513794,4.203708902265319,0.1594553018368249,3.094154708866529
4.290653974883355,0.15927193795235983,3.162164826825442,4.244705446090902,0.16241892730557742,3.1440158751197576
4.053465737972333,0.138165656242039,2.755793773793037,4.039736177058955,0.15538096914746824,3.0296717047539747
4.1816544118939065,0.16485031721312932,3.262800026487807,3.970637988895619,0.17721715062479443,3.427686102875782
4.077338283600539,0.17105483991713447,3.34594213439355,3.931869771214526,0.1620370813332526,3.0749141966523843
3.9770321773918447,0.17900279928062326,3.5318930644347573,4.0036784991486325,0.1777453135049579,3.4740472183658264
3.928626533952069,0.15777075672851731,3.1129649575284195,3.7870142615519256,0.16717267091482302,3.2491429391484568
4.224031939215576,0.16244027320559,3.141875744255675,4.049519829824524,0.16167008172015107,3.0937530168692837
4.045302689933195,0.1539332515430319,2.9773352365970784,4.203612363264031,0.14776769627628697,2.890430702297664
4.366007517798295,0.1590857686174199,3.124163080280087,4.375121220586909,0.1648034744147653,3.1875841416338697
4.265972394750114,0.1578378861444923,3.1433503575398514,4.232891357121713,0.1608837395821176,3.1694231672086475
4.264175788339663,0.1552042144324789,3.0019178563834212,4.130953875859984,0.16831543353753556,3.2792458017279964
4.009283824495762,0.15187357066125373,2.9942659320007863,4.356198326723609,0.17228973829006072,3.2361686351046215
3.8007504796380913,0.1676053804943473,3.273252159209437,4.0269519158042835,0.1663655598134001,3.2645476877036774
3.8450175240805966,0.16228415157216472,3.209514426326902,4.227107461789999,0.17316478993807902,3.3329283158794842
3.954619608679729,0.1643941931903397,3.2284111485347076,4.231368985816297,0.17342332287796142,3.354306914695196
3.6416239662407492,0.15705661238885285,3.09887422011871,4.006686261775715,0.1589039804769687,3.0884339129353893
4.20699438505067,0.15794025892575173,3.07710897403002,3.9775550382086164,0.17307569226258393,3.239701935735499
4.136114012876231,0.16581285130662285,3.2253074231249386,3.8477221010110805,0.1626608117314763,3.1230359508030068
3.748371490946775,0.1570613876453698,3.0989684404071127,3.8952117984279355,0.16642329393865996,3.2475737058708276
3.9094873593959463,0.15975780144514273,3.12247977051309,3.688089987466612,0.17563399625198206,3.39430219481268
4.025193482766961,0.16316358456627889,3.1865060292854754,4.023094599136597,0.14774978829295482,2.9061174445125943
3.6776712264886116,0.16441421493492683,3.2134897668542557,3.5619750595781534,0.1680469843410134,3.268764644946325
3.715639160068908,0.1629003616209107,3.168655152030876,3.619776335712708,0.16634194992927143,3.1884381273085363
3.9083546516141916,0.1631014126317268,3.1546633238722235,4.150211397510613,0.16591591314236803,3.20910063004067
3.6475834903951436,0.16803591035952606,3.325850881215643,3.765030725190614,0.18006983165496918,3.471517029173238
3.964252937587584,0.15072575980753208,2.9129256763907483,4.063003458811573,0.1466643624130019,2.8298150107648397
3.6276247597386138,0.1477463668032807,2.8738873364475332,3.4965402874104017,0.15365221753781047,2.888581563140836
4.097345447348252,0.15979822219259326,3.138154408199072,4.104341770736089,0.16911895037354405,3.20116203962205
4.383749394066022,0.1508887233450666,2.95147998904729,4.226344359002008,0.17250830382755972,3.2680880366512697
3.721776800515208,0.1647465415168431,3.1994099225935377,3.9857460500082262,0.1678224708588778,3.2565156660202796
3.9759719497742054,0.1703126338745585,3.3314241092300443,4.01280913096117,0.16585665220858478,3.1975050304206594
3.8549515591400105,0.16301506124109955,3.147862145627534,3.729783836095687,0.17043633582203854,3.2992124403922856
3.7792828304386488,0.16577926230652384,3.26586537559236,3.9498682855360645,0.16637327030349858,3.157200355562855
3.968744784148898,0.1507093229982778,2.992163757072987,4.010327748615845,0.16400338759085561,3.125343240417024
4.256645152602099,0.17473462385406954,3.3961159214204484,3.9837892144433833,0.16261759892330346,3.1606112436412435
4.110397791836676,0.15026895494811507,2.9182523717477142,3.8918093614278124,0.15534267675829724,3.002152202425984
3.865902911770749,0.16308406452218857,3.123402252472655,4.3119538989239174,0.18229104369670493,3.4970412497296075
4.2007596130567695,0.16741648780722695,3.235490646108258,4.063587703866204,0.1718362795845016,3.337094016677763
4.046911052684476,0.1579754714794288,3.119438380523521,4.071947678463762,0.16009704754549714,3.111622185398984
3.9879817838725256,0.1580284258840458,3.086218859536355,4.048570993143784,0.15967690105693919,3.093445105931361
4.21957811278559,0.17408723814544005,3.4456217909351547,4.010565472156452,0.17086411689645956,3.2669752067264706
4.0066378842440455,0.16627462289835307,3.26791363580379,3.6374510218598637,0.17447040972249825,3.3248088572372994
3.9705402084166437,0.14795355647664823,2.85002101874293,4.1717879213943405,0.16734720187665578,3.244669220405791
3.7866206334268413,0.16042488716484346,3.1003709886835735,3.695527126446741,0.17829813276247625,3.414783603251546
3.930695728451083,0.16206919167874825,3.180241184150701,3.969956074591252,0.15676240227763658,3.0882324765482267
3.865431467702877,0.1569868931193363,3.043794783535602,3.9238109881406285,0.16009280118914604,3.1190463949303067
4.230042233390311,0.16946940072257285,3.3490107690189634,4.138987978461637,0.1848705248789076,3.5022844540291445
3.930545675639231,0.1544434198723903,3.0234126147040654,4.054227188719107,0.1687490714713424,3.2929587825754654
4.052266233850501,0.1521021592974845,2.965740339913944,4.059689273402216,0.15945396402421402,3.106600096649383
4.109489406488204,0.1678823999030078,3.268187228587361,3.911733103534515,0.15358838445719428,2.9366578142729045
4.018110450066764,0.17107540966915735,3.3169548692600985,4.110499491747543,0.189022114981291,3.6051301380797796
4.3061297518930655,0.15413461641605777,3.0173674218035753,4.3628405874059135,0.15041589599655697,2.9515716234790412
4.033484939261223,0.17232500728561334,3.389491894265952,4.011710095095511,0.16644230909418084,3.2349477364303505
4.32776948722874,0.1630567531935373,3.2021461928669983,4.43810388541252,0.17076527131601235,3.308261804424609
4.1590133763311705,0.15681402799907046,3.0379822268853256,3.9514174021978636,0.16905936073214745,3.2378417208294024
3.8322438483358847,0.15430623399494986,3.0087161482301954,3.9608418521737256,0.15924497322261802,3.0775679746358837
3.897455949512689,0.1477405831711239,2.873774836170378,3.8554938851490785,0.1612192449502766,3.1081017243783933
3.879070681771694,0.15449235982030263,3.0267700145107344,3.8484423110266857,0.17002731351887643,3.2509752651522805
3.9600506741364727,0.17630770729304918,3.4266901350193693,4.11678719483454,0.16879310589597785,3.2327423816790057
3.9907840518092037,0.14827217111620247,2.9255489574384925,4.2472015413723625,0.16556849071875474,3.173612481476093
3.8539794640557714,0.16270382144212284,3.152086099021847,4.001370226973361,0.1651275172858098,3.1756232813945187
4.160007547547532,0.16040113950045906,3.0973866543670954,4.0500192356127815,0.1683392012821695,3.2453654149475955
4.169384281520584,0.165767628506611,3.2192396308035924,4.039441205486787,0.16342576299320283,3.1143356925956556
4.234413944824435,0.16283088767852172,3.1622075519571067,4.231141177949978,0.17092614927180985,3.346081537939088
3.901273787875238,0.15558180308245229,3.0262982659713367,4.05247554002935,0.16525081986144244,3.1332503697056535
4.320047391193558,0.1581036266069837,3.067926090381637,3.9414438809236305,0.16004501776171537,3.0879880170540854
4.118151980740512,0.147452004907195,2.952236366134829,4.111146302102726,0.1585831530919332,3.1044527888197186
3.9399378250826342,0.15074789013780399,2.953409438179231,3.9662681326380085,0.16034178659968912,3.073427154200109
3.7650381198637763,0.15361376022016104,2.990417873325964,4.025558318423864,0.1605188213915819,2.975828662552766
4.270304546571355,0.17685479389241615,3.513960870852789,4.195946889065347,0.17418895712514126,3.366375372076216
3.916291220939026,0.1577044299086814,3.0675865256280077,4.107408872956803,0.18194398465382539,3.5447673174466505
4.090045808927572,0.15509988700282265,3.0410793825630074,4.065240570806576,0.17019609351982481,3.278477756065271
3.846188426846352,0.15559539567273875,3.007036247566817,3.7221046470593016,0.16356091190396768,3.206976656116508
4.169896212778366,0.18242423664505075,3.4938071559115054,4.220736279492519,0.1795531450107793,3.461555968691499
4.108200632977213,0.17517545538580936,3.3964500265731115,3.9941544647721883,0.1756350766994701,3.4218525051326965
3.780596334115035,0.17625778497399253,3.439483346288954,3.9134641963376637,0.16845289805989586,3.2950464865674243
3.8494512622097745,0.17818819755507517,3.502059607048415,4.001306395707595,0.16502609016175052,3.2280159311126257
4.048394828883182,0.16942301076899471,3.300824440775033,4.073635575336394,0.156405398074213,3.071525344263011
3.9401938286372022,0.15374511840431504,2.97611307379158,3.7232901393220557,0.16672406214818322,3.2273522972611137
4.047628206229733,0.1500416952284091,2.9419022457160993,4.093401854098044,0.159864393660846,3.1295345883662598
4.413616213760728,0.17302377599818264,3.4005595504996458,4.275429654206593,0.17743470291118743,3.4485942526905577
4.213097386554434,0.15596623940398738,3.0677283150365633,4.251054214018918,0.15557130685354045,3.0236605686274234
4.086824225052437,0.1622357605677161,3.1683860745578616,4.1144870631602855,0.14946650680895543,2.881523900530662
4.205275340852785,0.16365272056584265,3.175603633899861,4.488333731440269,0.1674193431263729,3.246067956027623
3.861332031923019,0.148069829333137,2.896340618238057,3.823725443471692,0.16777492902925129,3.2025669042638283
4.034623629308221,0.1493678102502073,2.9425583932339943,3.9285400342668275,0.15608293834090392,2.984354462568352
3.899084683577989,0.14244421477782346,2.832430290440933,3.8656515760211385,0.15376422399303283,2.9909436400600993
3.8977904259788922,0.15680295125389732,3.0622859316830917,4.092944237617325,0.16815578492104935,3.2603467129892616
3.91519004918478,0.17538538369625753,3.3867362072592115,3.613504690615039,0.18506212161588,3.5794214058574867
4.231204642372937,0.1561234266152387,3.07564460239173,4.127858857646887,0.1632402209382604,3.159914023581432
3.7472854507418476,0.16310834829730061,3.1981031367340695,3.9082678718975816,0.16314099955215774,3.1502940463307336
4.034197938869399,0.16651781814576214,3.2571950851031026,4.105656678781313,0.1530802665546594,2.9342385286992503
3.928139893632953,0.1646950120611683,3.149019998162662,4.104448555838187,0.1564579054561511,3.0359916498853226
4.454732733283511,0.15090820743102057,2.9542066498288553,4.367955489004593,0.16722238617068677,3.1840163007231075
4.219396096778747,0.17623181101291838,3.50697390846472,4.100751078499766,0.17376583442360954,3.3058307066566868
4.001378479689037,0.15417490012070287,3.0229429506757,4.141896647393685,0.15694193895655165,3.0355284532178186
4.044737925751404,0.14913819766880274,2.9380350061168343,4.120025110214004,0.1567573376383639,2.9872583290538466
4.512376655629209,0.15845145039457253,3.167645991878941,4.08937381440236,0.1626963779286662,3.1519418946934756
3.947639569567555,0.1614380465373718,3.1703576575571075,4.2414515100646915,0.17973821819591287,3.4452174455933986
3.936186603559928,0.1639455827107014,3.1658307510284858,4.292331554878207,0.17552471716781767,3.3560873375328257
4.11159562437803,0.1599405532242004,3.1458998160338294,4.259237855258792,0.1729040559826956,3.34426339512437
3.9641591997548713,0.15984145778186679,3.0511290666810003,3.7545265527174645,0.1707873668430873,3.2952562325987724
4.174929924853773,0.1605921786838421,3.088402646759243,4.19084345088251,0.17436112145571933,3.3031887882692192
3.6440290123890287,0.1616933069669962,3.1778737695810375,3.872614731518789,0.17241726196167192,3.3618512153870332
4.008599554667248,0.16348005484480896,3.1671241878418677,4.071073235484264,0.18001296338781775,3.4275566979605534
4.323923030232682,0.16030126248038967,3.1331017625114175,4.240067178341174,0.1536984900113051,2.987260781593047
3.91853305569317,0.16547320650780384,3.205737820849887,4.110183934605365,0.17067025672482475,3.2876115351561275
3.7577301646148364,0.17437284865529667,3.408132107024929,3.437363838477519,0.17642091562895032,3.378830953675306
3.812957266636164,0.16205944945717957,3.1725054018207772,3.901144281574873,0.164555605443257,3.1515853508086997
4.2983655485404615,0.1590943784230838,3.1045577087850678,4.36115044281725,0.16917514303928272,3.277456005320966
4.4877860543308765,0.15689651529232024,3.0860260805936495,4.025743331356739,0.15281301440727724,2.9291158465575493
4.2113534931652366,0.1655162416200381,3.235028971823893,4.349470367241503,0.15602684438691453,3.0422652028412114
3.551989027286276,0.1545093946751726,3.0295014628244483,3.9353890916805283,0.16323365577396118,3.1495111816626724
4.118217032387049,0.1733264153018592,3.349705890846149,4.31308858182085,0.16630234064800284,3.216574806135724
3.729111704187615,0.14864000465527108,2.90980389773638,3.5740898863736352,0.16061714031137747,3.0221159149466796
4.008594727602252,0.16943621225816946,3.279852600907754,3.7703648769429354,0.16849791375297274,3.2590409861483276
3.9527615164574774,0.15883307956790538,3.096982143862889,3.979041561477999,0.16427498948762312,3.146210966067465
3.937819394349557,0.14845677344733557,2.871410681354311,3.964682952251531,0.17998359604976116,3.52059431825665
3.7620584801386046,0.18512806751225874,3.5397063913556313,3.8819944384200675,0.17924229569796016,3.466855910081938
4.051279730108779,0.17779503741832006,3.4915800236986696,3.749224018758992,0.17184642808948375,3.293947820109544
4.258234339337856,0.15203800252115973,2.9214888762419964,4.1380077549742404,0.16148642016151582,3.125964916938779
4.007035433481283,0.14537706580450513,2.861695045271745,4.152182557225994,0.14673477996727982,2.849618005297539
4.095105772714194,0.14717201990720052,2.939915896438843,4.389409420427651,0.16932880034913328,3.288398281565688
3.883803127666837,0.16543537149602672,3.2514192300206157,3.873651545456093,0.17174138809065959,3.329867422690752
3.9661527754490193,0.14254243528700186,2.8212712568139655,4.269556914808353,0.15737436827033094,3.117249711445901
4.035935221764955,0.18703697907207226,3.5523239375047244,4.110915865505199,0.17129349468287286,3.353272758844965
4.2585627578993694,0.15489052519691154,3.0609067754516843,4.12474934057974,0.1489039344571798,2.9563198022821475
4.202445838684818,0.15920249672244394,3.151015535210292,3.893331633584039,0.15969324950938285,3.071115034968916
3.807950434516616,0.16540611147626055,3.27125782673624,3.904406795520943,0.15671980172999236,3.082550269412487
3.996016849937767,0.17759154583185233,3.434927553512423,3.883289506474383,0.1640482289032221,3.144472142925315
3.996979294588929,0.1650660163713827,3.1926621570118763,4.074557587950085,0.15059775856462798,2.924637802018786
3.8955005792997737,0.1720912834351741,3.406116855842403,4.123948550963297,0.16666539260770058,3.1760719449124943
4.333806408608359,0.14771421073775964,2.8663243896929473,4.125819250588966,0.159310364715688,3.033366582935483
4.2815424704997955,0.16061783672543115,3.1814958858189555,3.999709991987436,0.15331786602100003,2.9798630308494447
4.133978987142853,0.16324634413404332,3.2833110106188057,4.327429291896081,0.16324184554354393,3.1003917963373846
4.16982256564843,0.16329671314804353,3.1865618046845117,4.108548600933879,0.16870300725833004,3.2390441869065882
4.384423168941966,0.16060628351318065,3.139063424451275,4.477068203331915,0.1717675146896205,3.3249806655722702
4.1455433849262455,0.15528735825903553,2.9961913729662792,4.193462261919049,0.16256761705639172,3.1697994433126806
4.179556725159164,0.13880517990025112,2.7430323132053034,4.226874689188312,0.1487454498162186,2.9371791755998573
4.048793339543206,0.1621128708063265,3.1785845791637994,4.06615641030583,0.16152899874229543,3.147027458209135
3.963857633230275,0.16878823136689652,3.2566839203751203,3.997668270807212,0.16556892140838678,3.1997845822682702
3.9548627714096,0.16906438464634385,3.2620121588278366,4.030285977715071,0.15400297250679706,2.976261081240409
4.02222310410417,0.16713753867337613,3.27451073272571,4.194139506315688,0.16396869257774221,3.148146847882494
3.7970939191319455,0.1518230929612588,3.0119496758938213,4.097392013893225,0.15578435160074458,3.0761717684230105
4.171393977359417,0.166137200286578,3.231616494855439,3.9633607239476025,0.1683372032982036,3.2400110420205444
4.073026773598599,0.14275965317435538,2.8123771444442824,4.143861906901818,0.16821450158308485,3.292997827182759
3.704201739150427,0.16898153319588768,3.2948601914281936,3.77683900993759,0.1676972721294107,3.2064241470574033
4.529911648798934,0.16105018554224962,3.1627407537210677,4.231245792550111,0.16287253925249615,3.168113965442085
4.354215012041146,0.17684376738005825,3.439875203699003,4.1653586206824,0.1586269954797928,3.0954372273832047
3.9240473709881303,0.15162178506390236,2.9986434398779553,3.7520656070245852,0.15901081106114232,3.042864648802387
3.9284441717182417,0.15097541091470867,2.9578669600011147,3.810887639573145,0.15901086975028186,3.057991958419519
3.8673441052881,0.14838898378234372,2.8135402818945887,3.798180567586288,0.15231326213247703,2.9219524435021866
3.945850093046478,0.152894658193015,2.940369019890303,3.933740986552286,0.17006016838371535,3.3344090821774626
4.245282643073278,0.13982736475557453,2.75676875723762,4.013345713810746,0.1597125286006182,2.9999272203920198
4.191304192450957,0.15426398360021043,3.0603734013329986,3.8765670396580627,0.17912423199474034,3.4020400685410612
3.8596794780140247,0.14766275928942246,2.940712135379315,3.924234502908944,0.16471450586780503,3.2039429651287143
4.3466539485915,0.16956337439601957,3.319403607899268,3.8992545994115297,0.18067062593430697,3.525595247644476
3.9823605344383384,0.1666721042861621,3.3014179799574768,4.212748743721281,0.1773391263216994,3.3709749351514864
3.8499299497958885,0.16874334414520945,3.2875826727696915,3.710039299094338,0.16791302560894952,3.2503675951552657
4.084948262267467,0.16270501805842053,3.267498884040819,3.9483386714963715,0.181888065729743,3.4777565467335285
3.889869023693043,0.15167518935271784,2.9739305430860568,3.9370723234030263,0.1667256478181661,3.2037195793678173
4.073713232483828,0.16519979074507365,3.1822342573407782,3.798560907065667,0.1741593883868334,3.3548224816902557
4.115837432084751,0.16883237901912848,3.2945844408309166,4.081777355400955,0.16321106779551398,3.1593496931482434
3.963454204751334,0.14527537301918644,2.906448836978707,4.011285665575268,0.16643128672247356,3.2164506522820475
3.8450819382968886,0.1611616553912065,3.1247386086736673,4.008132550046504,0.15891683919118266,3.1085150725463895
4.218703670417166,0.17042381047205066,3.309663591418909,4.042766706775569,0.17069489560088685,3.2419448103855757
3.9293790454423516,0.17712513091337187,3.4231198597404604,3.8681458903009567,0.1745803290485238,3.321326165533167
4.073449649257881,0.16362544031150122,3.1929765659068448,4.060023997494385,0.1654251859540932,3.1813478484968414
4.067980936628442,0.16324463111059462,3.205835782810659,4.166693278798401,0.15694018278519983,2.9857289097167596
4.301450282032221,0.14715595972478715,2.8670012784011742,4.200837608850665,0.17505548370054358,3.3610097180906613
4.173635347981197,0.15048568920977917,2.964580702522708,4.075421203082126,0.1662409194279957,3.1970354955572273
4.122976955736099,0.15389864129379036,2.9983671891963457,4.307840198335727,0.15979669592039,3.1082842221306572
4.320353873691549,0.15175229023954145,2.9942149707328345,4.381439779422137,0.16911659649170874,3.192954825448988
3.980645726430347,0.15216374099322816,2.978785204313722,4.008334431170957,0.1597966743806418,3.090743972178837
4.001518017047082,0.1422637608755507,2.8069973898511695,4.0508593252954155,0.15369791878873199,3.0207347089363674
3.9982911664260463,0.16888243588913157,3.2585015491890785,3.8547426930560817,0.16031934327340958,3.095807148493074
3.904607782173696,0.16781997556373132,3.326730721615184,3.7204687004225314,0.18086025621813595,3.512341400429065
3.6725664445845205,0.16299659162631014,3.1781637373679414,3.8401069373656873,0.16342138856903113,3.13245688386337
4.101489645261224,0.15581859831696457,3.043061994081948,3.9750945369895647,0.17064759597658016,3.289868324835659
3.9972096040971836,0.1630111184049301,3.231403733321303,3.8226030128144304,0.16138026655362886,3.085641030205911
4.047732952415866,0.14929101741623438,2.9410455679621452,3.878301040690815,0.17507441026809034,3.316701706677582
4.201273101594411,0.17253883640577045,3.3263290317506016,4.1705801846830575,0.1572525283269596,3.07106595485891
3.921088933511556,0.15635094783997758,3.0631829380612867,4.15805205003653,0.16601056296617844,3.1635931332012293
4.174294932371163,0.15307302803769585,3.027344857825256,4.180340246418565,0.16289019862969278,3.1171014331604434
3.905108151126195,0.1505363775505715,2.981803737413938,4.107713406187099,0.17980475585117095,3.4862068230030867
3.8312633817360315,0.14200664361931623,2.8345691040673078,3.8784823931418053,0.14534239967851273,2.7905279368782288
3.9270688072034945,0.1685119701532943,3.272535280075159,4.104962968594719,0.17685322518100696,3.417865010201968
3.8365703856518,0.15383298776532908,3.0682877454367463,3.9934366579527953,0.15810957271129783,3.020588234907273
3.7394768286254862,0.14819186989872096,2.8941156703476585,3.831475433442799,0.16904037203351863,3.2508727179377463
3.8368693065660957,0.14794479475846395,2.8404930963187054,4.114059706247668,0.16198518127950953,3.1151919520582974
3.7046833184403978,0.15192213023748796,2.976414813511018,4.169345609437864,0.15380278111374646,2.9772292766680697
4.047624968875213,0.15124976360774944,3.009836712141327,4.190573401738924,0.1714376716246021,3.2969759993232803
3.7699494469995414,0.15148465358851804,2.9466025935773903,3.580903815664907,0.14547243811988553,2.845533983920479
3.9272952125658023,0.15960394092532157,3.116987907615314,3.7433138328707387,0.17037604743609147,3.2900046545545556
4.085938439190901,0.15409907138710088,3.028618846776507,4.022628487530366,0.1482252397510526,2.8878337829630367
4.5035752932063655,0.14966201123195388,2.982812154719576,4.2480641034262,0.16388154762917145,3.1308583420875897
4.038153625592016,0.14484515528493538,2.9110237566054185,4.060740820947939,0.1617503926106774,3.128532260741305
4.081866236951284,0.14190730576906982,2.8087004553562243,4.27906758418726,0.14907649235197426,2.9183486606629323
3.7612286280860934,0.14397729620143074,2.8319156117849142,3.770234594340911,0.14749865294185638,2.82725030556893
3.9178943085628157,0.17906831717734623,3.4691179859640284,3.9964015143096194,0.17107952762199252,3.2765321583813454
3.9149264925217655,0.1453970097060611,2.8417968787343657,3.9583691507470173,0.1601400552026186,3.102417862264682
3.6484968946643463,0.17123618297073373,3.341492120174043,3.7586093762125166,0.1712719790181598,3.3288164761354744
4.111293705236463,0.15196487765826533,3.0030908802428513,4.229166494631389,0.18122215524206456,3.444786019228185
4.05928426557691,0.16415395573693548,3.1853298653077915,3.8875097932688853,0.15909468812811975,3.0846624975531056
4.275053218988617,0.1675664327110908,3.259417198551365,4.082608627650229,0.17909144691713033,3.4071485138725537
4.068038298792023,0.1427473081532006,2.7900082372917447,4.123434381959534,0.14720380340219644,2.883974707085477
4.013241192370689,0.18371456199017808,3.6220275310875856,3.8316011692807264,0.1830950614643607,3.5413750614652413
3.805224907021511,0.1633837870625607,3.2712173571767047,4.032365991738047,0.17111318253925953,3.290735639685409
4.005917806872564,0.16301338292760828,3.183572663801353,3.9172264431965647,0.16498502478141194,3.1754911664587
3.9314854755028663,0.15088952924595772,3.014177055639237,3.7954798414354496,0.1629542139206783,3.154377657724379
4.228964843461724,0.16663704716967087,3.2099200468342666,4.129714881754688,0.18219272054087673,3.466149097094984
4.137676861407223,0.16156417888292982,3.150234059866512,4.363465123592328,0.14880321168321414,2.894444546636493
4.249757454222409,0.18089528511441635,3.495981850883836,4.283087638036895,0.16346950621055406,3.2077191884443295
4.402146706430255,0.14152198769403368,2.7988984552473553,4.227528355602496,0.14379441159160705,2.8305410685810934
4.031082449480809,0.15697358798113398,3.050915094139808,3.92332931467176,0.15486203401482485,2.9977337091994545
3.8676231868565605,0.14940352085614442,3.007154094857356,3.718806493274413,0.1702133121306155,3.2409653565806673
4.346839197639643,0.15797140589276948,3.06536040996347,4.186494123166679,0.17552268793314704,3.411432616572348
3.7505188677560146,0.1570104980114894,3.044252455167761,3.8912193360538536,0.15593637617964598,2.928998643058232
4.444747757404479,0.15880132818849976,3.169804785856833,4.376699712239396,0.18886852497510442,3.562831291221189
4.026522852171368,0.14527587464726016,2.8574575872969894,4.0714258169424316,0.1616456845193731,3.126507025214399
4.098297351036685,0.1556604005643944,3.07372418832418,3.9838153086899144,0.15523988024499563,3.017219010811146
4.190217975437026,0.15777665186877282,3.1082132785847083,4.365392763523159,0.17255882711162954,3.3239909600645015
4.133897081940304,0.14657454188091995,2.9302114871426364,4.11671021267549,0.1719986035414145,3.321336624154279
3.8173384026822594,0.17020252071914097,3.270529490941679,3.939094638009808,0.1572557006314479,3.0735759980282817
3.761680915961921,0.16810812341208886,3.2909153486648384,3.766391606623232,0.1658143432807499,3.2175489002226296
3.7779334875618047,0.15416453768508143,3.013158956230775,3.8550050872990584,0.15889067925718497,3.0657156369483762
3.647474480955899,0.16823392217117214,3.238023174897544,4.2758796883504235,0.16726356630660538,3.232535285550105
3.986710848789635,0.16736848343437094,3.297173165139638,4.09896056585577,0.1581704601254389,3.0292964115032603
3.994554497211654,0.14614842960521932,2.879136324435799,3.801369918514692,0.16643285143577186,3.1875385530951714
4.095519466980289,0.17070707228008533,3.2802247102180857,3.9742286279848016,0.17372815360984517,3.3134355864857254
3.995669052747873,0.16515766750651226,3.23828461278705,3.797707115711038,0.15768109482230222,3.0523035310710243
4.180306453123214,0.16876099551194487,3.2667821281217675,4.086434950277993,0.17236177290259372,3.21511641880275
4.098718368133765,0.17483342607612892,3.4577030335951795,4.025324184129588,0.20795759989541718,4.067783735289286
4.044410774185205,0.1687427102265757,3.2849349949626983,4.253770558862527,0.17602641839038202,3.404655282677217
4.122110365364489,0.1662701302929784,3.247175367451174,4.112110505780546,0.15493595409014607,2.957490500640482
4.0879985670849415,0.153927627419207,2.9893045037060335,4.034313017586189,0.1599259224919119,3.0552885043705094
4.208772017780619,0.1574064724915499,3.1299471255601663,4.069035939954153,0.17458310544072445,3.3849650443745882
4.223375572766232,0.16411916634252446,3.235694179231951,3.7102615068632465,0.17823648904217237,3.4947240937493613
4.246491348763021,0.15112752248631103,2.9818877171737563,4.258528160957846,0.17673272405847365,3.33390055087945
3.7908591905842126,0.18012284659692315,3.5595414300600483,3.7179414343520354,0.15715558220522025,3.086257633554966
4.167950313943702,0.15770639218845378,3.128665788409445,3.9983545707920274,0.16785900326180264,3.270353289413343
4.385090008961623,0.1576867790953189,3.145153838223791,4.105943260005606,0.16242482192168203,3.1695477740515474
3.875440214113183,0.15400488421034986,3.0434049657513293,3.7964778905226737,0.15724460750815894,3.0339555115330903
4.17879779120419,0.17197542601348295,3.3852741614216195,3.755094511449463,0.18112819657216617,3.428478629339476
4.0498162716025945,0.1631982792458944,3.22005506569,3.915255652222777,0.18305652939220177,3.482582740882696
4.321158857869813,0.16530335079599856,3.223141722924551,4.024407103222544,0.16783358427305367,3.246191705376003
4.272863424831149,0.16315234133290396,3.2191486675949004,4.279154700313438,0.16253666142526768,3.0947972415303533
3.767853983369056,0.1558562294607377,3.0919612468314575,3.779023727005352,0.1737613003506763,3.3196050721091948
3.865910691501385,0.1613639854599208,3.186349151320389,3.8675969706583513,0.154635595746755,3.0127250810732673
3.8157451858400337,0.14948271087543974,2.8936037433869966,3.8494513701652298,0.15819033803757535,3.079510673894403
4.319581015209407,0.16671587006821548,3.307400745329637,4.534427724207384,0.16226155898241396,3.171415923800625
3.801891789572651,0.13828388772888958,2.7623661074426566,3.822017862259264,0.157243108710966,3.03640427947924
4.284234973369731,0.18225344574469896,3.496319976833233,4.180339912846492,0.17678566431984233,3.479961965524063
3.773330885539777,0.1646313333985657,3.2254098776101032,3.6946329484892364,0.1799661126738575,3.458141961606047
4.212879227042967,0.1524601780007433,3.0571369103278037,3.833549333212804,0.14634632762142133,2.8580731207214725
4.040431477124835,0.16656024726594876,3.2683679884543593,4.0779190433115255,0.16254772996089292,3.115710618609033
3.887672562238966,0.16551654538350924,3.1883358840865217,3.9085383742190185,0.16076232628745074,3.078936090476518
3.9401805856384993,0.1680757973089042,3.3111073078084794,4.120719107943207,0.18003337919887666,3.427945427464375
4.2768969412762186,0.15152612984622027,2.966303211965117,4.204330843501609,0.1676717625762666,3.1845275666784825
3.8561591809262548,0.17090160320469208,3.2974603656650863,3.928858527064785,0.16529930826705602,3.1867601490246957
3.969941432054106,0.15213801627980136,3.050676912044308,3.727733797414737,0.1703849652503904,3.2713372464396757
3.9184693811240425,0.16092806540571356,3.17029638965223,4.097921794507147,0.16540831532467776,3.261110417631618
4.0992196546706605,0.16576520515151905,3.2450499525859366,3.9822799410789496,0.15674311503220378,3.0366084190969183
3.848357221747695,0.17721926563732024,3.4277270108749036,3.8336086646103227,0.17605633338578036,3.3718484382292693
4.117347862287647,0.16781779472608865,3.272169217539765,4.1560841078531565,0.17111421668462173,3.317707292528615
4.092057376686018,0.1597087844372421,3.0612937853759914,4.136261301624127,0.14621457072563063,2.818830714296801
3.9484886952381917,0.16149231026766947,3.1764216074067497,3.9175910181476827,0.15906659321740113,3.0261830814188295
4.124170215054436,0.15792971140547296,3.0965644045928227,4.213948015031678,0.1813333629293196,3.5101510716544158
4.375827652447143,0.1563219925924408,2.9889252544175666,4.1073290117924754,0.14609146431279205,2.8960018666582843
3.6425158329193796,0.15221667422020735,2.958460432299011,3.5845014370000823,0.16220116770706192,3.098755694943216
4.002536276854999,0.1603185316550148,3.1109052751758237,3.9328309613492616,0.1526222099437414,2.959168611135576
3.9775628884404512,0.15218233058063005,2.998004679869248,3.9417793416921914,0.16845517343233343,3.242281630635066
4.098071176705426,0.19521791450703127,3.785050191276204,4.122069439154811,0.17390501857112886,3.366357284960653
3.872420442099952,0.1852387078301606,3.544767251262522,4.096582251429271,0.16001394092941376,3.1049948362187045
3.7435206583507403,0.1509615988874515,2.9692911309521994,3.7470567954761935,0.17779183357766618,3.4050869108193695
4.144731867366401,0.14465794878489957,2.7773866969903946,4.204743657507755,0.16230291664692983,3.1289935345966264
3.9526257803348552,0.1499881785046989,2.9221806600443294,3.959167409789103,0.16747817244414925,3.1862102639285426
4.192775242762135,0.17617842582423177,3.443422265834707,4.019116318321342,0.17539827952947432,3.4035206498720285
3.626232067794425,0.1413600052003993,2.791343627991965,3.604260558037451,0.16069994119150202,3.090475064087446
3.846045747191961,0.15389356948334698,3.0835441931619227,4.106896220731997,0.16644216617220303,3.216660908501704
4.227449551624502,0.16385021469309433,3.1691464504234923,4.002319468295188,0.17022647856025688,3.276374202335292
4.227626883790643,0.16385686185137172,3.2178589115516605,4.581231258236141,0.2014260272483877,3.7801810907246463
4.293402356001025,0.1574794614274049,3.1144914546796683,4.053744914275861,0.16787872379807647,3.2681156654026884
3.9792059202952794,0.17304621810691354,3.39027188593477,4.019579926847249,0.16432271176394678,3.178285360724784
3.882126592326169,0.17730415991026865,3.459902241078917,3.731469444278248,0.15892765149076377,3.0739355669414543
3.801681190203468,0.15449451334598124,3.083837228435591,3.9066561626618137,0.15908839601151942,3.0594828922393464
4.143612389863197,0.14935123497713254,2.9027681852753386,4.078508549502465,0.15871244001631432,3.092153177322503
4.220964695094089,0.16967698714580765,3.249670563440511,4.351325500874001,0.17895580187819668,3.4472155244159643
4.088322840248816,0.15405234302384993,3.0679610539168887,4.046893356126492,0.16109373699480414,3.095499499193132
4.2275860710427295,0.16713131784857038,3.279573956517124,4.3202551356216565,0.15205143971566343,2.8683107858527843
3.9092158728559765,0.16057377515499113,3.227129504224513,3.65993370953825,0.1767092161306126,3.3419934911905256
3.859433228578744,0.15891466730514267,3.061164278789608,3.9932859233736675,0.16223814295272487,3.1097764629677047
3.890464053559857,0.15076214920125208,3.0001332937224334,3.8122694990440134,0.15484303448465747,3.00950597618008
4.385616770970759,0.1521909922202003,2.9981753148954553,4.255487767347905,0.16839254847886134,3.2223955683808483
4.043199337858259,0.16751034382782568,3.3051361429218824,4.209639153779435,0.16509856983297314,3.180284444616484
3.8338499458747277,0.16022905799599613,3.217775791062848,3.711678724231565,0.17753040981617269,3.480879834942103
4.193978729373194,0.15368741958801843,3.0536439917096847,4.090377539835177,0.16109403904924685,3.0929544126546773
3.809391994454686,0.16615223580976737,3.208441781605642,4.067248649280932,0.17375747095990096,3.3470803689500506
3.7878741906473223,0.14570947751251268,2.8592188096112814,4.041491637979879,0.1506005115717301,2.9341105858813057
3.777561445622398,0.15495694416519631,3.043080271737889,3.650331642453371,0.17827544671619958,3.3802047687347376
4.267139123869245,0.1803264610987249,3.530103760336972,4.165352659925427,0.1745433560638061,3.320622768178895
3.9355897841588057,0.1548903042385259,3.051351988116923,3.770822027934143,0.148145050481328,2.893201309730938
3.8864812877145853,0.15166285608503355,2.992450351010129,4.074967234735018,0.15378488217368544,2.9550560725242354
3.824891652491443,0.16603563256222467,3.2734783011597735,3.9447211653795184,0.16449613773481023,3.220206456891801
4.410685006493373,0.1612283465748754,3.153729636207997,4.225367331867637,0.16442097861228458,3.231482643913488
4.105943338296423,0.16199331407496945,3.166173054347854,4.383718671823498,0.1635806542799396,3.1613593364617594
4.187995095167848,0.16461141403767424,3.2606001126447777,4.165046022967006,0.1781865705767378,3.3956261639814405
3.8407720443600497,0.15401146596699283,2.9788480387898133,3.8152690111451726,0.1725623823079276,3.288448385235736
4.231474935493704,0.17471967566402735,3.409468777813707,4.271055042472315,0.16444855339482697,3.180719355447138
4.064142203327519,0.1476099941857075,2.875847113679143,3.981342464240448,0.15949433293585705,3.1247672375265445
4.014695557495653,0.16830677526262539,3.3000298974268163,4.094961657641299,0.17333248623233877,3.2725516584633367
3.870912651780365,0.14580747779268022,2.8430044698123487,4.021888421866085,0.1556018300629955,3.026687820631906
4.059493276132072,0.16451097867400943,3.2307046088458624,4.122487598753101,0.15676645175487922,3.032134227318776
4.0652030552206595,0.15455220196374211,3.0183298847345386,4.133276853762072,0.16450033201208863,3.155747177560804
4.043445760630113,0.15845379962247574,3.123998546553574,3.798452683920514,0.15049164085866445,2.9390290868389393
4.166174833787333,0.15876698936086714,3.1031142643434726,4.138803731731564,0.16418165378936425,3.1182412256045535
4.3531894796593145,0.15691764489249416,3.0912907690850964,4.390971476567824,0.1509046610855057,2.9211290700730066
4.010242771130272,0.1650165320035658,3.2863134925574706,4.029069278326805,0.15771666187643174,3.0505129339900807
4.011129062839491,0.16934569583764583,3.280760150854271,4.256515508049483,0.17377109304201077,3.3445979213681194
3.7701983292561936,0.1723091352093288,3.34627696500613,4.042292505532106,0.1864399354894686,3.626534995102034
3.969796655314876,0.17841968294349467,3.4509451571069083,3.9261315524965275,0.17199129787795836,3.353545620829674
4.24868198412132,0.1647259322811285,3.217017925836671,4.28141425594561,0.1706612391158809,3.26580971420142
4.284478770479905,0.14878413863623102,2.905682392836931,4.133546713573805,0.16112333835033346,3.0524052628469245
3.8502482247930185,0.15551044785299759,3.0946233825750586,4.023110871634106,0.1838748881673114,3.5010901029768116
3.9506363138404716,0.17016610925614464,3.3417613698145807,3.935330945405463,0.16193702281476727,3.1372307915520325
4.057402252520807,0.15021767668964664,2.905469594675616,4.048217193904083,0.15387956831119393,3.0027962317725714
3.8098304712002364,0.16751921087116728,3.331033751299299,3.8505829740908393,0.18185978077996037,3.4714251915495224
4.248255410985997,0.16212013748745954,3.1762112473792037,4.2718282676539,0.1695638377266441,3.247503514491144
4.02584560174638,0.1552254775179129,3.0169390815694266,3.8172621794402644,0.16029836403835462,3.067503536005554
4.234384750291342,0.15575268157291514,3.0587071468028197,4.442031157854678,0.1637326280538482,3.174586803154545
4.418333826564513,0.17716106950511246,3.4653838927828113,4.221079930031803,0.1746263816941363,3.4022003627715076
4.022649224270896,0.16562947493205268,3.2552340831490656,3.9825358040786587,0.18677554361277107,3.603740051525476
4.224107175974506,0.14983756680137242,2.9239208681637683,3.9679933501482556,0.15693112290412847,3.032850508871174
4.219096643048893,0.14865990778775123,2.898622133244839,4.205838554426319,0.16937254660039727,3.2732934337036332
4.1817296860951245,0.15851678834205096,3.103153620346686,4.348923217535129,0.16378464643965862,3.1884157603300896
4.151607359082868,0.16091388924546554,3.1174094679183666,4.201446788506506,0.16114452751322766,3.0424405847316307
4.2850906911286915,0.16198305184974643,3.176039188835344,4.2571949368596735,0.17770550748369013,3.4175148762182084
3.9611480099241465,0.1660582359811862,3.261090005332207,4.04584978626278,0.18341385700558854,3.483511324570508
4.225963802565599,0.17409409108388474,3.41350313821707,4.698322569012813,0.17724231811982055,3.4170061691514757
4.0612190072752785,0.14532513686203796,2.889715951276348,4.172371725233737,0.1610537929829613,3.117590358998099
3.9655152512739416,0.1480233763424242,2.8653547516283018,4.0127213561145005,0.149735166055617,2.9405337867496897
3.8546825178272988,0.14457731985230968,2.837002777183192,4.063115355548017,0.15259441264897736,2.999046716514927
4.18697297172698,0.173872893140487,3.3493037399087022,3.960534267382945,0.15742975409244012,3.0176093915850712
3.751224308773506,0.1746296168262526,3.4240033153959035,3.9164844453028906,0.1721481730703656,3.326935184276096
4.2956023106373316,0.17486228499554557,3.4609619062943757,4.23046359529142,0.18382509490752041,3.5089400337123138
3.8457738491210134,0.15921404753914475,3.170756688919336,3.809212077191111,0.1682533271829507,3.2063325429640623
3.954442963576364,0.1607181887537162,3.136244641595248,4.050648526198083,0.16149428071691768,3.0878210165684425
4.256228848026818,0.16891013737766422,3.353520414058536,4.167511207268596,0.15471338460329198,3.045477109517657
4.015206335068956,0.15981439522048013,3.0986167879392132,4.066357887756603,0.17352958408644026,3.3481659332946143
3.984597763366784,0.15447684888129154,2.982987101112368,3.927972390313836,0.1416804484655858,2.738116010859461
3.9925427124184143,0.16204660036803603,3.19982830174514,3.7786429305938896,0.15756149512348405,3.0276256442086082
4.067601614114077,0.17539924588881378,3.370387253634746,4.199533356331205,0.16717776403632373,3.230877071078237
4.082803790680979,0.15764247690141697,3.117715432563446,3.789292943942532,0.15426345811922426,2.9982414169363985
4.102812666387767,0.1573998106243003,3.0812874603964526,3.7426234644055016,0.1721001277218901,3.33141920491664
3.8864688268271306,0.16128356299958624,3.18972565812374,3.87819462218648,0.15888436070916664,3.0780911001619486
3.972276115531561,0.15006993062717908,2.9517527458496913,3.787175610258249,0.16979218020955628,3.300055328610445
3.9309407171880855,0.16500405726691614,3.2224495725270965,3.9617783873474344,0.1761218016369139,3.4203196895916896
4.088463884052753,0.16416228952981127,3.226398443057625,4.026225173736418,0.1736812733003892,3.370202956150477
3.6862003927009774,0.16791003118391948,3.305248332199837,3.7617866726076272,0.16924566519979745,3.254820780435518
4.074299065636468,0.15399807276453406,3.026633848884885,4.140490264765885,0.1561605195899588,3.0277723539684462
4.255953585201529,0.14827907952527916,2.9073422316648148,4.170525568359888,0.1525849908901705,2.934413702977874
3.986364714214555,0.15622993328609183,3.051095167431652,3.983780335545865,0.15427501918617498,3.034463397135281
4.183889294022585,0.16854188287655308,3.3020242416731556,4.0701391802118465,0.1631755881396734,3.1251551219136027
3.9912089066077625,0.17390153761836827,3.3907921338522815,3.7772008664877013,0.16978924143351198,3.2518204687429866
4.236434787560536,0.17599017925674645,3.370581447758801,4.158592140999857,0.16247922931741732,3.119549626093918
4.082211899044551,0.1697218493058529,3.272021107994317,4.059795343802698,0.17548518203053382,3.3525387941555995
4.0986561578144665,0.16166608687229617,3.217119232254689,4.067909744421691,0.18451883467070754,3.495621849757208
3.724158232618436,0.16409011518452313,3.207155209761522,3.971286192919238,0.1609923949589068,3.0935521595434374
4.013785313729424,0.1613986278021194,3.1795665083395486,3.7794599758997216,0.16488544812322728,3.189169654888685
3.991428531356978,0.16114707256890184,3.1345510632960973,3.987758585509971,0.16034851338576028,3.088784375019247
4.041725262291204,0.16877634605314634,3.259114015436043,4.0143794730190265,0.18032041949780742,3.4102899751702296
3.9209207943509865,0.15139479411683412,2.954308504197588,4.006607775405199,0.15533435569483836,3.0263388393484822
4.036306212088337,0.16261377142423894,3.2285131641266736,3.9712349882877924,0.16263345854646394,3.1532751742260436
3.6916392119033814,0.1588197045970755,3.09424298524292,3.817351123969346,0.17392063858581897,3.3611898486219527
3.8975662773194806,0.1641658752029811,3.2009628316618595,3.9501510853128634,0.1504546302736177,2.9147806389270405
3.8757371953803776,0.15798080198020395,3.1122350529072014,3.9453987843437694,0.17681790021867907,3.3695439914437038
4.251849784767427,0.15805072674584827,3.0668995935982433,4.180569773931138,0.1569656315306055,2.9937318653413714
4.169871435242602,0.17226671894042223,3.3616019343647654,3.8718941472908517,0.16709734974535143,3.245063076238861
4.0014762659046745,0.15695448959941055,3.0823085305003817,3.944556173390833,0.16397434914659928,3.14825545220895
4.176363963706319,0.16950332914326843,3.305034348701819,4.1900571931734785,0.17137032046780284,3.3199835144845182
3.9449159418914497,0.15696101725966594,3.0897209467470166,3.813878552927084,0.15472419832193324,2.9804435109693213
3.9072582505484696,0.1634235990257485,3.224500836208365,3.9925879512216857,0.15905120064179434,3.0360442660060856
4.531705609799418,0.20185803191225724,3.907456276068964,4.381888690519748,0.18005873140210507,3.510847220968967
3.7433491842814175,0.15800859415871593,3.100561145448068,3.8399769375326205,0.1601642424357437,3.107911365855558
3.822227775234552,0.15749096343768296,3.053568125596409,3.92294114781423,0.15326600182725011,2.9450855182215347
3.8987659496193348,0.1431963258774427,2.796555107519388,3.9075416176918765,0.17532742881770863,3.3299287947240988
4.083464186443481,0.1574397493069489,3.0845144241996127,4.261322770809128,0.16900809048050644,3.290101184849886
4.23340510468561,0.1638695775566513,3.1643630722417204,3.983318398987143,0.15453481909861458,2.9792345068049704
4.297119853646871,0.16181239398161204,3.1398929670179503,4.030267589008879,0.16376474506490157,3.1726395351602497
3.7156694746143613,0.13996171406035757,2.7529323966827213,3.7616540649450623,0.16294899674130814,3.1542766664480832
4.0935826224573635,0.15820089156426095,3.1311912643693414,3.7110474540146203,0.1671471729171794,3.1932461479327423
3.950515770679115,0.18993432982329359,3.7417222321770667,3.7300652487044443,0.18856242236037762,3.58733031742521
4.272181400660767,0.16724805541555435,3.2558383668030535,3.7914081610249912,0.1709846826762484,3.3125124943742215
4.2166245591952185,0.1512119426838833,2.9951852380993715,4.089357481403836,0.16042290945824478,3.1179555886230124
3.9129784036889848,0.1632957514055162,3.2017775928515793,4.121466905075869,0.16870305160656265,3.206814932750147
4.206186067936719,0.16553663509254282,3.2405754233361734,4.093956163030929,0.17348446069731605,3.355489425829266
3.862806460199395,0.1739650512226555,3.437852659497879,3.706265355491075,0.17204988110563185,3.2869094373798893
3.8072239629564346,0.15130896657644688,3.020251101601344,3.9509409576638834,0.15378368142837714,2.9889165491879597
3.988580295207289,0.16821885926568808,3.3320558885737164,4.1519022089737305,0.1646074272398212,3.163016875080445
3.832717199324692,0.15097233429455542,2.9648295824690516,3.7121767956018776,0.15883536297446413,3.0319242549049945
4.020044571494465,0.14439768815185097,2.804231227065652,3.8475196788743644,0.14206198956930602,2.763317715672617
3.93082828068899,0.164551521711594,3.251824907156724,4.1837831531855425,0.1582958506739784,3.019102511122681
3.960855135610983,0.16365259174096722,3.2036930463432953,3.9633506763257187,0.1650915109370833,3.146079147124979
4.157088059415608,0.1734188003734607,3.4136864645009446,4.048551112906336,0.17369459477002266,3.3100244795902776
4.137318079240787,0.15545301904987546,3.0455909746774132,4.358587376069294,0.1716838974182816,3.238659072501841
4.209008168947192,0.18170000391483754,3.5569924855445745,4.031779490004566,0.18978670603279812,3.718246725216678
4.022876171668091,0.154112535348656,3.040784819722621,3.901547402290373,0.15944100321792698,3.020534221292011
4.092215153295109,0.16407966594455387,3.1915943811629774,4.162695558014734,0.17643401102258147,3.3930622965968564
4.307513177952991,0.15562707941941445,3.1182782922870182,4.182076538208599,0.15898088813208233,3.067456171759211
3.9775853005332964,0.1689407744074395,3.291429155204159,3.908145465666365,0.16864186676734552,3.227166576095769
3.896686029896658,0.15519627254719004,3.0764883979311004,3.9878674567531758,0.16226152752238496,3.1663612573992053
4.167886533302626,0.1760284945006465,3.4377515089741415,4.215827179243058,0.1748256574552604,3.4656058292781697
4.084333569978476,0.1615933982478217,3.1983374554359396,4.1179570599610775,0.1465610054006909,2.871381192955669
4.272074864042492,0.16548137639953475,3.2727463507523233,4.118779800397035,0.1696348958733258,3.296998373859975
3.725556399514249,0.17045936844300522,3.3342943312908506,3.740056490285175,0.16943013959544193,3.2341623435201057
3.61893345762022,0.1803669308306664,3.494276227536656,3.8086458447308016,0.16812095140577382,3.2570329890436835
3.7969767285148945,0.15776542074347558,3.0687728883897245,3.5682789158862995,0.16142699770926458,3.0788214098599354
4.121471389164225,0.1399524916993873,2.689259533288109,4.070858675673962,0.1591981971184004,3.043919182027765
3.9186278905371457,0.17596185502464734,3.386763841171404,3.9457001727432215,0.16736152329108978,3.2632726797984444
4.343011705977762,0.14749737014081774,2.8736528887134565,4.393299882636881,0.17499429924049748,3.337584188212642
3.9050499733585826,0.15712809953817408,3.046532613124556,3.603650448988097,0.15865297467944336,2.9851588616437024
4.169311486696242,0.16831837477192071,3.3469247163557,4.001323095791849,0.18128209743463325,3.520533639012006
3.9099412979621695,0.16222821555667202,3.1505035419732654,3.96935259054503,0.16849423897413246,3.2483543442027996
4.132650246025833,0.1506789699793063,3.012264224321331,4.0088189603436275,0.16213777991384246,3.1206898235023277
4.0168405859329335,0.1654615667299645,3.244243235199203,4.208201720337003,0.15812704954864062,3.0534734010727034
4.223750343090229,0.1604137538236027,3.165113768312206,4.215817341495744,0.17757100302578677,3.3725401671086632
3.9714766309291902,0.15576223751879154,3.0709330087128803,4.117961503592959,0.15580658658572202,3.001293495083935
4.02015925824862,0.15283873474016105,3.015651539390155,4.615549687270097,0.1739147938012371,3.3391088341203234
4.18848706268327,0.156807915075143,3.1180451177499973,4.131937649407307,0.15313845509621624,2.9643696205921466
3.9462766148360937,0.15939669327475153,3.0502489727899027,3.9043806277084885,0.1625038265522145,3.068104419717654
3.666592502716249,0.16063527022763505,3.1195682334384345,3.745313657609415,0.16024872922226388,3.1020063794329946
4.4209508949811,0.14162640176320934,2.7725043256606963,4.207583353435461,0.1551202375303996,3.0124652243403105
3.812227783729897,0.15838460581768637,3.040934154681094,4.128252716211642,0.15572563435549852,3.038820248620804
3.8036510479974637,0.1636966284055118,3.2045551161369032,3.96788969015854,0.1711946410543466,3.311200354818775
3.8305196626737996,0.16923326990484558,3.32344205510473,4.150552838004351,0.17482339115214154,3.381386655846463
3.8343099450400415,0.16026155576623202,3.1719769621249667,3.9327946380528056,0.1673840028562705,3.2532503550413363
4.031837191896946,0.15578852830673678,3.1191475421663206,4.121927888423745,0.15032397768211603,2.874241338581211
3.8138192950335053,0.16310006852887887,3.1546373265991803,4.018106224858296,0.16729457279649124,3.177363741159456
4.136577940839665,0.15838200603063235,3.102974847747635,4.247855065734306,0.16097208485212397,3.0855086945481314
4.307771728177849,0.15169367194407501,3.034856405707926,4.3152294285713015,0.17404786952854048,3.399070859537898
3.9603742159708495,0.13798142916564293,2.711847340250775,4.437224209885878,0.16302866144187414,3.1558187717151314
4.130954485010847,0.15419554108911154,3.0305148345655475,3.857670560042457,0.15714149056989848,3.0319659221403255
4.016721258439991,0.16275462708689506,3.198732650096381,4.140278257805132,0.15416138302100985,2.984170894298403
3.9167400500841274,0.15982026862938625,3.14353391647259,3.9017234414649375,0.15270175441811043,2.929405215292347
4.144150125380744,0.171735849466259,3.393799746956403,3.8317353338581785,0.1696505427590737,3.334262994196105
4.297223520665207,0.16018353589269044,3.202272583633337,4.1242146506255,0.15804747193626795,3.111107414741392
4.4568331697570915,0.169183730223489,3.351167919000557,4.622107154177888,0.16659666826042271,3.2896755184337576
4.114139253930603,0.16189750950960258,3.139005971270076,4.077851266904831,0.16957054068074984,3.242241626022129
4.0734946338410865,0.15448765150684463,3.033864194084867,3.9851121514807466,0.15512661366586014,3.046412280593428
3.99355863005993,0.16125836029195853,3.166828937553848,3.890636115152042,0.16577849461156874,3.1855195404874976
4.444267637804711,0.16001146407480277,3.0923811750264383,4.500946999117478,0.16080019248525754,3.107624138415353
4.028560743092034,0.15435120043798242,3.040731598017769,4.062531118480291,0.15374781226988674,2.95190919044979
3.8556358509484014,0.1416506568946802,2.7218906560718947,3.9544165161017015,0.16002781230939683,3.0470272230303554
3.8611473155440845,0.16229641432654496,3.1416443365473983,3.9129935248183334,0.17131584497115446,3.2011882574270176
3.698882958269085,0.16596595163690847,3.2746638369591334,3.5957853297650373,0.16571681626018991,3.228617617384264
4.0224483149354775,0.16277752967933243,3.2017008216473437,4.0284551824602,0.17256479036599584,3.3349867291428756
3.947569754061268,0.1402472501829808,2.747683911134395,3.8789207741507687,0.1571507497117631,3.1007316377637264
4.388101223665861,0.14970815805704835,2.9538823261756,3.9818355478544905,0.15415476807850356,2.9840428458954387
3.6961564394785906,0.14506422396075724,2.8734120762665865,4.010948718144687,0.16084069998499495,3.113465422455312
4.069887403477719,0.18772203394170625,3.6836201706819103,4.068744655196782,0.17720076273468346,3.4134083043203884
3.9864274977170795,0.14490967611034977,2.820974402535279,3.9774437344600435,0.17271232688802776,3.294061199894753
3.973484924648504,0.15973253063209886,3.1095327259043555,4.23835585895493,0.16131511004500043,3.125182380033416
4.208976005775936,0.14632643887060284,2.855404938235602,4.037250206674955,0.16581609213726406,3.1967230839002436
3.7534431476020234,0.1555843173282029,3.0384865994850445,3.6668275413480926,0.16965931258946176,3.25740494569832
4.252185358301267,0.14877861493994055,2.8635639999792857,4.130944242688007,0.16281734148743615,3.144044127075989
3.9544592335030226,0.1740634450553273,3.4531659623950284,3.8200280255780563,0.19646029305657636,3.7028741118235335
3.9348254985565267,0.15548387993309354,3.0798031800411034,4.075187470806024,0.1561253520515196,2.9777056089704574
4.158767513872483,0.1524808885358879,2.9991743152301624,4.3968403155069575,0.16167251722993478,3.10662106084669
4.254107904204859,0.15305476899816528,3.022272484859841,4.004571967408358,0.16409972250234267,3.166221503024835
4.156307690217392,0.15569448860704296,3.067194487644254,4.125913316819922,0.1640531753640742,3.1653233994336625
4.37913210621116,0.164942587471763,3.307434628880209,4.083219189284559,0.1661101615794934,3.1628388656349005
4.298070790999564,0.13556409688415372,2.6852348736272624,4.288554012495841,0.15149343913399937,2.9491413232033685
3.996402504271352,0.15770010506050594,3.101832033824025,3.880165233031492,0.16471506217897988,3.1806895945708566
3.9511011151320172,0.1490543309720836,2.95015795702153,3.8936475057100335,0.14754855525570315,2.851523028761132
3.8691057534763456,0.15098202475790642,2.969692891111278,4.1884330594629064,0.16004288017420332,3.042196884617663
3.9453740459634434,0.17248536016453128,3.373924025886283,4.061627678487502,0.17702985943774815,3.410116203744794
3.865015088686334,0.15905778207848814,3.10632168902856,3.917651287263566,0.16273160791841532,3.0671574838941575
4.217351490340344,0.1620129973818756,3.171596047504684,4.2016020472862055,0.16559549894945874,3.2365780630453678
4.006895795496146,0.15331992459013677,2.9918753793477255,3.9610359987501784,0.1645367781285897,3.210760354833851
4.143152076900573,0.16888192507386332,3.319156803182492,3.939696084142499,0.17537344428137774,3.369891462399242
3.9949026393210465,0.1482699783616424,2.89794929462406,3.7266073625875955,0.14110357244126803,2.7091437994806378
4.227601033009099,0.16732864657441665,3.2782548639246785,4.381830238401329,0.17601073578847745,3.382137348414853
4.164773423412266,0.14616440015060406,2.859069204058671,4.26260259291325,0.1514424432726433,2.9575977989253794
3.954473500309917,0.1488057615108457,2.8851720780437975,4.291498345114824,0.1825814297973283,3.458918632878039
3.7277734346207447,0.1437406304053941,2.8494007909824894,3.5697135556047543,0.1594443389510557,3.1014303532065757
4.32276727337599,0.18427977928913677,3.5410312973206555,4.156533921955599,0.16940142341989514,3.3162332259912346
3.841290547411245,0.19348722842078864,3.6872043336112994,4.054970765530137,0.17197496657254452,3.296411642376817
4.292103650857235,0.15913679958827098,3.1374642438453026,4.408935510292194,0.18396759892890016,3.520443041388916
3.974884166191314,0.15779213612149706,3.0594075165526973,4.1259714063849176,0.1598248281114176,3.1088314352316626
3.4949400856817454,0.1541728385024011,3.006115156927759,3.5919398679225463,0.15634612910040224,2.95184587265434
3.9706604923628714,0.16090668784744822,3.1970849786430535,3.9133627902122408,0.15595050176659844,3.0310305440401573
4.170200188507831,0.15719692104197866,3.077315656851244,4.008823073103247,0.1614904461017613,3.072295985719697
4.1826243356807185,0.1773558843414836,3.4747056310501825,4.172636385919064,0.18156737025904734,3.468735339946573
4.269366329997668,0.15617116804954514,3.0741730502572495,4.158847262691931,0.16172428482344356,3.165944157693463
3.9414365760974595,0.16674874382138355,3.3003746365486952,4.047932965340851,0.1677294113329782,3.225661188145145
3.9378900723210917,0.1542278784313268,3.0972580113134556,4.070880912629358,0.14194710897596416,2.758862703681884
4.008910573559834,0.16814810691202184,3.32289970010796,4.07670367150678,0.16749364168903003,3.2448800216431435
4.005109431073351,0.15169345435892076,2.9766408156991084,4.331326563131412,0.16463215514326776,3.1842705307107924
3.866653854942483,0.16344109591073705,3.2424339819087415,3.5765632987542593,0.17100504181505918,3.2368628544183724
3.966502699514211,0.17061609499213667,3.363784485092763,4.130204262646046,0.17297059138276116,3.3373804505927924
3.9914617585804715,0.17664679281322523,3.4360437544019966,4.09114642259243,0.16438493280248637,3.1535333781991817
4.274842439823244,0.1654459970105645,3.261853331542312,4.483431883507156,0.16527318160023738,3.178424601221571
4.201136799229001,0.15730502789746792,3.1061995693210056,4.0764459861236295,0.17406358738380845,3.374892188480871
4.0130340721172155,0.15246641909992126,3.0503163561848132,3.8637749724802912,0.17572584415030573,3.384997030765944
3.867432612200091,0.1619332240909393,3.1295211045382443,3.9689854318362863,0.1741327763927788,3.373500997006431
3.9709803645011172,0.1508332059094704,2.9760805751588317,4.120804683468941,0.15101693883220377,2.894688717108082
3.5848284091460187,0.15553672012384032,2.9763837068507346,3.945767536153663,0.16353745472571596,3.1372754988617926
4.097351228335609,0.16606463699366625,3.237985543663657,4.172294517486806,0.17235856187966078,3.309229675230515
4.20246010518678,0.16286148018893126,3.190735421014075,4.033391868873815,0.15984456140694553,3.0689648385520134
4.338171523206429,0.1486637567894291,2.8894064624101623,4.205408085284012,0.15942246423288528,3.0910176981563464
3.813111185380435,0.15904356242135156,3.1697894957796877,3.778980455843813,0.17734709259643056,3.44966563033855
4.077641712677088,0.16644151349205194,3.2634572781735818,4.013552094518549,0.14687346091865414,2.8361637526200023
4.004809305186384,0.15267956345829664,2.9674570780504683,3.946658580523956,0.1439113860356652,2.76533173611808
4.104630512284387,0.152353259453522,3.0201307505837622,3.903109308009042,0.164334378367863,3.175925806396493
3.9188992483179352,0.1652146002697066,3.2110861719979487,3.862659911389042,0.15454968378575412,3.030291420740595
3.949742643835615,0.17191541038049327,3.3601012676484054,4.098398000314173,0.17154507751207473,3.309875878364384
4.162756510366216,0.15721421638199362,3.0995595223659267,4.184524182643227,0.175259891674031,3.37325304877062
4.275962796060405,0.15839762747942107,3.1569158040519834,4.259361464550463,0.1747134311688683,3.3294400142264697
3.968066096414199,0.17089476811405785,3.3348297721030877,3.9743324647158853,0.16431914749487359,3.154875471044315
4.001361439892967,0.1634346326785002,3.148232117000664,3.8612494494728584,0.16727533122068616,3.201016261670527
3.9581959301919127,0.17472838425443152,3.390521648924149,4.0882690982115335,0.18493971979060525,3.5124914702264842
3.94570974272077,0.15091546208600393,2.9939435974558553,4.099445315256718,0.1680514580198326,3.2556866830143742
4.3594118311453345,0.14466400247159736,2.8025979179707874,4.098682592937559,0.1434266556724236,2.823301926107191
4.135180308877808,0.15223580863933747,2.9801960137256027,4.224332977722578,0.1617395803214248,3.0976525571030735
4.056739588120136,0.18271156229720076,3.579632537873251,3.787537306182197,0.17507760978461995,3.413723594406242
4.138531791903631,0.1805594865749905,3.480956952438838,4.467937379033358,0.17054515590680466,3.3439183447937557
3.982018623092234,0.18096690552598188,3.553869902445183,4.112038105753347,0.16489015509512012,3.2304806380745483
3.927282064390767,0.1732405308844272,3.3151675892357075,4.089001122306436,0.15455070149411262,2.957515044956385
3.915079072387228,0.1794585106162144,3.4341561698646674,3.9155847291719112,0.16401586861169162,3.143851861707195
3.9438807263680484,0.16677299478952864,3.2465903034463293,4.148920837474629,0.17747508047381316,3.418692471466834
3.865273677462686,0.15858414029767187,3.0372192553785426,3.8697379168074377,0.1743976820136054,3.3400817818910395
4.114733729007985,0.1693249710827113,3.361756469750116,4.286154156524741,0.16822513777842624,3.266964939491225
3.77758514760866,0.16776156173551357,3.2447986649724663,3.866233374676348,0.157573460196814,3.0328396870337597
3.802990202305797,0.14016170938607037,2.713172945445223,3.839175944135531,0.16858078744483435,3.185553219588619
3.927879869173486,0.1747089361957048,3.4038087506477264,4.215324939018539,0.17322773116235077,3.369537902558854
4.178147042146075,0.1488142207745722,2.910901391201784,3.8507443810784117,0.16831140346918874,3.2128073811710043
4.06468892270009,0.14801627852247642,2.915933104810105,3.992807151835623,0.14655143468125573,2.8253250223533994
4.04313072752296,0.17942076155479703,3.52072648279315,4.081214660572068,0.1658197108673388,3.2512654501936926
3.94293301851879,0.1650478347141814,3.1845148506711816,4.095015977485103,0.16211793590171833,3.1508998681535356
4.441094104975455,0.17609267091373448,3.436261320886901,4.295985088528569,0.1729139194827004,3.253487809404493
3.923326629134731,0.1617692452370802,3.1187050294636522,3.928077168079122,0.1485906994966729,2.8856603240206193
4.169097016887389,0.17388685241062324,3.3741921215444637,3.9814846368753067,0.16417674530355444,3.1780427449119286
3.9633424270216593,0.15035307349334417,2.900986833379341,3.8599107596914224,0.17631255409411234,3.4157301648921736
4.222987233389181,0.17225734039089458,3.4146935391757944,4.0657528386643484,0.1721492524828017,3.3106606521118405
4.1168623980696974,0.16184167298793062,3.1581682423824073,4.148645009603774,0.1594871506720858,3.0646281118247605
3.7900911400308503,0.15388754162498164,2.9981509372366975,4.096632439233489,0.16710807244532677,3.187173883588677
4.3731440019671455,0.14899993815137424,2.9191640640682794,4.090605735974608,0.15246144797041145,2.9272114042385486
4.075421735750332,0.15470766388292445,3.0213659809573303,4.142329853676663,0.16073782951433047,3.091203707272087
4.149582361150406,0.16615836892919447,3.2398131612571093,3.8033295658405066,0.164891922255747,3.2022332448576694
3.7466894318646835,0.1573869697084855,3.078589846433179,3.997621963952212,0.16586327170075824,3.1871485761162237
3.8288572704201944,0.15266038673819335,3.033237684546978,3.862592522495874,0.16130067506591797,3.0815523249586128
3.511897956309068,0.16640934564578605,3.27570787927336,3.6523967601040326,0.16009920092165145,3.1366176376645805
3.580867992728807,0.1571156294206805,3.0757242772152216,3.95735289634142,0.15467519403056204,3.020731860417518
4.055428275302369,0.16147104229550904,3.1760032837961454,4.268890798710509,0.1740440143942822,3.352600038975003
4.312959619351828,0.1660302517763351,3.2553935745263884,4.065850695601368,0.1637966345650087,3.1835268033992303
4.266864825813186,0.16508931553491865,3.322873573414931,4.2245904127289915,0.1725372750347755,3.331738507207109
4.009723467908562,0.1506499930362646,2.8948175558944724,3.9833946140254115,0.14698987384941217,2.8384117158155795
4.201637809160664,0.1575224658979927,3.039316649231998,4.154780023847041,0.15139605452543045,2.933018995415039
4.28688352304967,0.1770599797637681,3.4385392915364785,4.018331018626671,0.17945731836311296,3.4312798989455775
4.099585674734278,0.15484645779159115,3.081410127786106,4.069663781749938,0.15961787485886905,3.097309361461319
3.8451409428624292,0.17295726846497173,3.366980316073317,3.971286336183062,0.15364272354801461,2.9813643765552063
4.040237799357086,0.163720033024937,3.192269647168178,3.932616034941385,0.1618896712346782,3.1767185016240904
4.423800992656984,0.17416641947628006,3.343939967206033,4.096665119016348,0.18033391028979306,3.442298656612049
3.844426461523477,0.15209508243138634,2.9513331327302055,3.8760052450498943,0.16236590431638687,3.142989485384725
4.116320375054115,0.147151741380085,2.857715477142379,3.971723549888935,0.15052257235098176,2.9325921163205693
3.901420157413583,0.15647078762167083,3.077652365649078,3.8469213426786046,0.1561045694367127,3.077682259387668
3.958512294536395,0.1760922041267326,3.3864888922724874,3.68528309776378,0.17647949627667942,3.3602773274314797
4.239281864619282,0.15214211606902875,3.006593420192835,4.18408801858055,0.1556206649081474,3.0148630206082787
3.868021337415443,0.16485947242924265,3.214486829500399,4.0942873813216005,0.1574129891799329,3.0717471846921875
4.145131206140694,0.15776282180630471,3.137032949260789,4.120081069632697,0.1602965420928041,3.1004122780071066
4.518742633915938,0.17598686359241475,3.434196603463791,4.142854152246275,0.16530189064342846,3.157993140599956
4.153646883820185,0.16499923710086614,3.2146372093125635,4.150985820968962,0.17139613957315905,3.3015941755479066
4.038136474177832,0.17212528527551524,3.3047508384813753,3.9567224780433468,0.17554738582485743,3.356520769325668
3.878445454952595,0.15870868291124574,3.133916627431276,3.8910873380419693,0.1628437562606529,3.1342778546342167
4.068076060317792,0.1661000711418791,3.2490236863722277,4.232362959647398,0.17937078254403094,3.3894442094728543
3.5903987983938537,0.15710026079537578,3.085171218926636,3.8319257910570754,0.171305403993476,3.2998463411909453
4.278815776848512,0.1610297738692835,3.139814046671805,4.013216094535572,0.1779735833030955,3.4395170486110094
3.8446991997744044,0.1583923680303066,3.112998064713206,3.739446494429278,0.15526990754646638,2.963865161580374
4.3452953725006855,0.16193979367126488,3.2151320954216835,4.287289702280137,0.17821897393677166,3.455460340777947
4.035086444449106,0.16467128107112788,3.15118460499938,4.201645942083538,0.1484030627020692,2.891298261254281
3.7802583425998093,0.16398891393292744,3.2432297296225174,4.050607756660048,0.15694263018235777,3.067457009564579
4.1215056462431034,0.17261055934881203,3.384415188121882,3.9998397152417713,0.166030437038437,3.2321348408129125
3.859164002177943,0.15466836818928398,3.0326184933102853,3.8383706000885063,0.1778756436835023,3.4404224971706654
3.960236538181645,0.148264621027397,2.959483466964651,4.310431871224066,0.1707278161414035,3.248033532902623
4.123414873006488,0.15614299426807993,3.0298809472356085,3.9624306154226496,0.15210861750556548,2.874290146382131
3.8340140596623336,0.1656712274821824,3.2586174897601676,3.6526920822944127,0.17563119844115946,3.3942481243273614
3.925772692319123,0.17005929761567282,3.2945848675992075,3.67914267722276,0.16155156840318474,3.101738831013873
4.1953966528807545,0.1657149782339276,3.2850029161948053,4.113543502939604,0.1600268728042995,3.100225162294679
4.016161291086467,0.17274813197171224,3.3330882082899254,4.019110756976618,0.18080792358325928,3.474317793746266
3.908496083242969,0.15095658269187578,2.9292410838019434,4.244039568307463,0.17003694353708318,3.267347839726063
3.9118258230105347,0.17091707269075607,3.300451989334673,4.3268906753756955,0.16313058087462062,3.1603537749920836
3.8384100743932397,0.1525170289692057,3.0163487931198865,4.027238298919137,0.1559433663937899,3.0357686018638614
3.8025754778744574,0.1645179044054735,3.243555506205973,4.025214336296984,0.16326618802132264,3.20625912240418
4.2710741701036525,0.1598903210587742,3.184224714002845,4.199754142892243,0.16616630043106606,3.2347797101076052
4.249255893988324,0.1688854110676031,3.279787575363068,4.371172847034525,0.16114646151791792,3.111779011411893
3.9975342288104274,0.16836502202775505,3.285464465853142,4.282603348064346,0.16393178854563184,3.196398529314393
4.056781158326349,0.16420731777404937,3.2676891629420575,4.023063502399954,0.1671944746936423,3.236458283461824
4.168854282378392,0.18352362520753637,3.5206868896887666,3.9994701500203274,0.17457695451267013,3.3324071719438604
3.840780427178491,0.17756463514785167,3.3524554679186562,3.80809165802123,0.16456311856743908,3.1281204517433157
4.088925087341685,0.15771019344947226,3.123901690127565,4.107413672376448,0.1596567883246592,3.0704138375611256
4.166795011464275,0.17406581856870051,3.4156478429433275,3.83593069230744,0.17050022397616874,3.230045915817879
3.970409559611361,0.16597357392854906,3.246549319928288,3.934360144394588,0.16235000615825124,3.106764195308945
4.380268135933369,0.16576466485643862,3.2139856529360697,4.099782430554554,0.16597079251550415,3.2309737335841797
3.974023628709497,0.14579209320776074,2.8427044958716805,3.878602781344239,0.14813942770835192,2.8536014458022736
3.9942819841204,0.16233875301442985,3.1373583555513633,3.869693340397158,0.17642038367980992,3.3760179276176996
3.9494953724138124,0.1644416861143948,3.2242461999168484,3.8942052065861166,0.17814398976731902,3.3662623645019285
4.094140704044337,0.152920286482469,3.0454160843850016,4.061534335731892,0.17265309211331425,3.4251866082418627
4.003749819191691,0.15255466870328172,3.024123328562292,4.187533585081649,0.1665695173228833,3.242629182696448
4.231317232866897,0.16487095678443928,3.188889367340891,4.328394842829823,0.16730071858856801,3.24639131000675
3.992291485059787,0.16002134012525449,3.181942429846483,4.019418591488666,0.18800742622209174,3.600736958967395
3.7692574786165287,0.1595694869294402,3.168072326424416,3.7754250239578,0.1639687267133784,3.1740160359520604
3.830043016922661,0.16617114074094402,3.227075916983117,4.140785122250561,0.15867197237339792,3.051474508041013
3.8542641355103386,0.16477323114522568,3.1792165131019474,3.9898353397777746,0.16213145609153715,3.1205681079593846
3.9370631964689338,0.15889564194724146,3.1081004408898387,3.9630252219207787,0.15469672519744707,2.98966854409374
3.835237950999089,0.15893445149322508,3.008385114645637,3.7788046985492145,0.17014635035903217,3.29627135375419
4.163802325376552,0.17389335158965774,3.484277064492792,4.176103980539301,0.17228910846055467,3.380783927107785
4.059856145570098,0.1708155503314819,3.3887324479011585,4.080954694442174,0.18373465347388734,3.5450676077257466
4.168663119524977,0.1498852726899191,2.964300212509163,4.277831908479016,0.16387077479761497,3.184967781831657
4.115569485160689,0.16469545541910743,3.19841782062589,4.124754973902148,0.16897965893347372,3.257712622819856
4.292742326480798,0.17105849683409025,3.324667268449746,4.124913023775055,0.16435767927844605,3.199571060744953
4.321270729894418,0.14482288418177533,2.844065260346852,4.253118405896081,0.16949135639951857,3.2942085621924475
4.0561319368107585,0.17533055779548082,3.349584791199147,4.233060681865652,0.15872910189496464,3.124525054344424
3.9075609942870018,0.14642811337918002,2.916124092811114,3.8946524863567236,0.1490137786901589,2.8704440194804643
4.190904551938095,0.143866031621965,2.8386116939813286,4.081642279023964,0.16005608284862205,3.034755175070066
4.16108351707312,0.16427292728675272,3.2081709570126415,4.147899087835558,0.15221353221910033,3.0313410335799054
3.9831779628121753,0.17336770177366778,3.407318968815088,4.289565652168053,0.1788620303799127,3.4397563602244947
4.415318243627245,0.16947179960734615,3.3070620540312263,4.062179070328911,0.16903867721878585,3.264179696727379
3.9296520543813553,0.17050348607121396,3.3903745359342383,4.014552051540689,0.17254586190803015,3.3884955022252483
4.222653786864042,0.16374196310165878,3.2383457514405953,4.118490651967936,0.16302525568018,3.171084527880162
4.264177040071836,0.15355682289890332,3.0179616508816287,4.490545607225985,0.15508819301007673,3.006981178442662
3.847672021979561,0.14017482938403023,2.795867891962259,4.054996949480045,0.1547584637409479,3.0005881082352635
3.983006169094474,0.16228085380559712,3.2019534015666236,3.951740486321977,0.16836922908882287,3.251252483678918
3.8010603061881256,0.13966482612865996,2.787824505806303,3.9425827875267134,0.16060238516461786,3.1289744869482092
4.009942786093148,0.14864396221141288,2.953434596843144,4.137693589590571,0.15776883636503145,3.0639015295547933
4.075670827605447,0.1759609560865371,3.4116799791368666,4.146363892010203,0.16422005125374156,3.2071383136171034
3.9258404030470797,0.14724274363403533,2.9413286772711515,3.7004542117786725,0.15986710868518658,3.122127446904994
4.165154414556656,0.16425092682980177,3.1457501156474073,4.321312297243235,0.17198515013635754,3.3561074184058937
4.193070699451607,0.1613321663539448,3.105184060197908,3.9850698053558875,0.18927415032371728,3.628001942159935
3.7623313721126457,0.1648943088956501,3.1945227485802055,3.4956908880346016,0.17907454626877084,3.398227492437115
4.235581175091776,0.16759702807209687,3.2416162994420397,3.9883796246362784,0.16066306121657364,3.1024444290843376
4.071590150903263,0.15589954484794089,3.0591758247214336,3.9854936136779515,0.1676623571127964,3.227022177708052
4.3142878026060165,0.15091334510867052,2.9753345889987215,4.135909413625937,0.16507829924141776,3.1720649241996557
4.403174824137197,0.15817606539982712,3.0964835657565337,4.080221461317603,0.17754049052248388,3.433940055554222
4.002931970610323,0.15071585892181993,2.934004074033025,3.9122577703235266,0.1711851034823689,3.2921187757314905
4.075634337430737,0.18638306518217185,3.5814470239032477,3.8348528618764766,0.173525931087096,3.3480954505119622
4.257945574690678,0.1772627664327898,3.516635852238382,4.091169387128703,0.18120325904628592,3.496225627086843
4.374210656795718,0.17507173196964396,3.424515113528856,4.161682406580164,0.16670077261746374,3.2242811693169835
4.184639428515705,0.1535446384791976,3.020097406238064,4.2412402736128145,0.15940658337891134,3.130463314689305
4.3339584171870875,0.16022331675262774,3.1687570324624783,4.155961486734862,0.16605985825861677,3.2092724266708954
4.14764002736237,0.1542809155073873,3.020231399554203,3.997256746767248,0.15398560481278667,2.990430435981133
3.893176120832658,0.16184457573556532,3.185852031911228,4.042769710633412,0.15203744006678088,2.9358814986824733
3.955830185655965,0.1565984977177777,3.0362642446879122,3.985225121239554,0.15788828630352492,3.095752173031026
3.816150800340826,0.15403866865249444,2.9817954573396808,4.063971250122837,0.16653496841820087,3.260118978982429
4.164815299786544,0.16022316837749495,3.0762339722029783,4.191730899215106,0.15478917202696588,3.046968957586136
4.182616535833636,0.1521584903719285,3.016269802057335,4.1444386011843415,0.15521996807357807,3.048245596021379
3.9732247664890945,0.16111848131341863,3.203758520721732,3.7691929291036845,0.15949881557084,3.062326628251056
3.946219421242408,0.16808249811145012,3.2825700359134684,4.035503782370067,0.1522399345437582,2.956529179366679
4.088894345060674,0.1389900699490594,2.7488243941018684,4.105445135672881,0.1455982686015069,2.7861993879397624
4.108518125438102,0.16299954524187443,3.18076288882686,4.077123175994738,0.1567489237888664,3.0268614433917422
3.78787161588462,0.1564384162803768,3.0914958014687164,3.6766906508447,0.15951631745805042,3.0321876455131647
4.297407149851476,0.1585948238306636,3.05750622748297,4.2175083182324045,0.1634506428386112,3.1768021601386045
3.747959209168355,0.17743957441758706,3.4459110936441886,3.9384389649705263,0.17170684794871482,3.3048670908406117
3.752734781421682,0.1541631134996119,3.0654545923543215,3.911942120208332,0.1701669721828941,3.291323461997641
3.823170033242332,0.1422697014792089,2.807114603531309,3.9377234513889885,0.16750540031020553,3.2660780435194385
4.201048914560333,0.1576708031746746,3.113422294644625,4.253946380715878,0.16915079841515387,3.250320102755549
3.987151294597671,0.15712183427261794,3.075845744530796,3.974439225980455,0.16817434554498129,3.3104512649544566
3.79720584339009,0.16829177898533262,3.2284816695726923,3.7270132090058237,0.16353327543860896,3.1835222902835425
4.341761915764579,0.15147189568200078,2.9980076083470752,4.5942799995196335,0.16450432402012619,3.1058742079937582
4.434313550955471,0.18849571227920017,3.6753543827992288,4.357598829821254,0.161992319823754,3.1383020689922283
4.483320126532003,0.15924881328531487,3.13721498199848,4.163823993985048,0.16712952915020135,3.1769044168346143
3.729607540023594,0.16921348328081687,3.3413480542578453,3.5686943339441544,0.1826958631328821,3.4786407466762044
3.827654909598584,0.1514897527325259,2.922918486853574,3.738350701368741,0.14311692808878257,2.7613690520110015
3.794823887248802,0.15172334717579944,2.9607198679557913,3.9584533196356473,0.14688217288391994,2.8340175541091455
3.831539196582291,0.16703050230496946,3.277595679582186,3.6984257097567097,0.1701418742316256,3.2368862048672473
4.0603910657753906,0.16118986537409496,3.152976919294897,4.214011967737302,0.17573875280408632,3.4128808066548895
4.00958961681274,0.1781306176297538,3.4788049587558842,4.023724943642024,0.1924834967296111,3.7229636321706843
4.202149899689044,0.16141026812237969,3.1497498349299966,4.272733999251599,0.1638574497152501,3.192392062732393
4.608592205662264,0.18387448271542664,3.6166606260072105,4.553284317405536,0.1761858606976591,3.3771259503687805
4.141128092884962,0.1623787726688342,3.186316010614036,4.167967184112703,0.17732015764620454,3.4213031411503545
4.088582397917326,0.1621316485475025,3.166352817069596,3.8412027008617526,0.16784840384778224,3.1825020526465604
3.907154887547709,0.17411035433364921,3.3894275798225455,4.088709062176777,0.16250813528310948,3.1175292048204217
4.049581998393408,0.1705734596628315,3.312569807849822,3.8906620720268164,0.17629659424605218,3.3876302665677867
4.414950090502972,0.1639872556045274,3.176950265987736,4.230490520091685,0.17169484320548176,3.274655210869003
4.07049493936677,0.16006852854102468,3.1804314351258505,3.6623997591251225,0.1751083430108657,3.339759291552563
4.007205937018854,0.1822063797871971,3.544186018378275,4.050355696406378,0.1652867301648815,3.2408151742014386
4.277240346246317,0.1440310927335143,2.824050971435844,4.188955366656929,0.14458715727180868,2.8349538575401425
3.6788820534543922,0.16158918771233904,3.178327107476745,4.148405494509676,0.15948843587866607,3.1022881042604777
4.276161727375713,0.16657615463319378,3.263512257581533,4.163816385890106,0.1625433073329247,3.1207799036509742
3.781216657561129,0.17337142832416938,3.3750428167476296,3.9691041288540463,0.16928177383735035,3.276863067268795
4.407880655812759,0.1743844710685472,3.337058271531924,4.224536967256675,0.1651014388246313,3.2192047736967346
4.213483492091329,0.15733701759340116,3.0702646799239264,3.961455089782156,0.174679868604499,3.3510297248812266
4.301841678560631,0.1642203336041295,3.1685486334925637,4.222301521979511,0.15211792153310585,2.9230245614031345
3.9493188332025317,0.15974304853336702,3.151880124076568,4.058301840434365,0.16488355752995498,3.1891330875459487
3.958997460838176,0.14629296906851144,2.893254764232427,4.04852957351342,0.1539147490886572,2.923245714485078
4.15066905508128,0.17057265676852287,3.3205587882897207,4.0268095655620835,0.1733931034749824,3.364611156994447
4.0992703803682335,0.15341954656663165,3.003369083739475,4.18846398715222,0.17010666725329104,3.306167651587716
4.082661772874186,0.16226460278604032,3.258654311032628,4.054673914864435,0.1744969936380955,3.4078420365551154
3.757700711848658,0.15992842256143514,3.1158438488922773,3.766949255285743,0.150449105142097,2.8980926320194067
4.10846243408721,0.15112911052822753,3.03960174578193,3.96656295926766,0.16695216361477502,3.276058460038556
4.293364513630278,0.16386656030801736,3.268413141965121,4.311932128772934,0.1881254263337936,3.6475350263154054
3.750123395539224,0.16111674881304677,3.123867921919932,3.8023419883003258,0.1690789786031971,3.2676199392863348
4.034164947643862,0.1599945848892511,3.0844918380486033,4.087495176938202,0.16479571917183058,3.1666350019679967
4.142705921985672,0.14414306962956755,2.859589166477464,4.085622165047033,0.1719009706970214,3.314031793229877
4.337539538845365,0.18473852232256607,3.555689654362105,4.290489613377947,0.16766665597206581,3.2429630234146045
3.9871858216860256,0.1643227345574719,3.2346336934669995,3.934172127090312,0.1701604370981588,3.307212714221669
3.9401281892671554,0.17138970847511756,3.3524923776850115,3.978769169941006,0.1612824765380499,3.0965723526228017
3.790592857493282,0.16001710985355752,3.157287610886275,3.8678504967610783,0.15657878059330874,2.9813555539601255
3.9612248282902693,0.16594205041773494,3.220026996809612,3.995700720573923,0.14473193197292386,2.8400366902202907
4.062423158212571,0.14561509710418039,2.8505877546605682,4.115651040665927,0.1451509497065823,2.855000415929415
3.861085023210489,0.1527066793141394,2.958409930556611,3.8701390552975172,0.15450200611680567,2.939343500724437
3.926859725482149,0.1546694808232842,3.056538553315106,3.7981714012716816,0.1462211427951912,2.795793855889463
4.277946367979672,0.16854511746061723,3.2968503570608374,4.172651613636504,0.17845014258351538,3.3949479362077404
4.203539019814079,0.14949984735426453,2.921987188330068,4.081066864459637,0.15705899009318408,3.0353216698634533
4.135656467218203,0.14689919419074682,2.8893869544916884,3.971062466937308,0.16744032965431513,3.222748782385945
4.18672649663753,0.15703159969786004,3.066751325399531,4.168341796894755,0.15551191304834963,3.044329632402779
3.9860085217020753,0.1665448674276763,3.2577241863673847,3.76813652440831,0.15691788095488382,3.0152582649811968
4.499119286726544,0.17916935600880754,3.52965134489755,4.400558738977573,0.1746149847294675,3.305193530532917
4.117260949259434,0.15990712579530575,3.147714029442815,4.279386507124984,0.15436962681480249,3.005132420845836
4.305251546675992,0.17479264507438344,3.4163370636184407,4.472596288474788,0.17685045495180868,3.3982729865721484
4.04904859956161,0.15350772885328923,3.054769719166646,4.328867896373267,0.16710959891771993,3.2084512525724738
3.9366396199320306,0.1593100596411684,3.106282465772485,4.1457405145948245,0.15705728039306682,3.089188198584791
4.240731558925492,0.1537401980192541,2.9832558225636214,4.376419711481737,0.15657685995970827,3.018602453997466
4.071280040805691,0.16295581292614114,3.2177819278571302,4.1027674751126515,0.16344139997576854,3.1146336799633567
4.357818789611393,0.17672583815906875,3.451370293937424,4.397666730108608,0.16265738291877133,3.1690114735526813
4.030989672581435,0.1599401357263715,3.106068586038235,3.9839092997145578,0.1625546392779293,3.1029195535840572
3.9197816533274876,0.17602306760826336,3.4595067655315304,3.589594962952875,0.15973456061609187,3.07695783742367
3.9939065715384325,0.1606093614625924,3.1190650801752677,3.871994499964447,0.15497278972574882,3.0192945436397336
4.060087843583726,0.14166820309366768,2.7864976396916576,4.135113134081789,0.1570619935121863,2.9805039046086357
3.9187994262000694,0.17273191851040137,3.3354971220501253,4.026092623055048,0.16420398222640478,3.12654404727164
3.817400202563893,0.16404665277573835,3.18324770210068,3.863562718958332,0.1619000617684954,3.154256782610758
3.868626719710256,0.16854405132077563,3.2493146628083402,3.8839434704407467,0.15270732840984114,2.9679967134811456
4.155245318529795,0.15151699172086727,2.9895723103413934,4.050105490221718,0.15675774973243753,3.083296675570929
4.245138136055582,0.16416905676641838,3.2112518094460696,4.2372570608781315,0.1698982032865747,3.2994561975087535
3.9621207413145525,0.1403703318114371,2.7868947392145813,4.058007142864581,0.1552407075194051,2.948429150921286
4.340787733273014,0.179815739499988,3.508913047455461,4.334369971908862,0.16484029459859761,3.2422737198224607
3.8904759331407903,0.1623199583470371,3.1369951298539287,4.196820744568766,0.16868121996039004,3.296888741753529
3.7527887233620136,0.15320933913242255,2.96092332453042,3.923489730908355,0.1629988678544566,3.221141760429697
3.995282762970502,0.15451706469645024,3.0748552783315826,3.9415157043204467,0.1783459675554754,3.42701003496427
3.909228093385731,0.15713629211910865,3.11012017905653,4.09862829963932,0.17137989919619134,3.357625843635639
4.028105755523912,0.15867795435095916,3.1063086355930274,3.7770185060590307,0.1556917369223677,3.0405844522956422
4.309429231556112,0.16999271591898496,3.3488707652481438,4.1286552966462295,0.17450293423500202,3.355925104046546
3.8616395498835745,0.17734285974867525,3.393670625573168,4.215559956404915,0.17674886716683336,3.418628691133178
4.260322700165949,0.16071202749666233,3.1833616035827084,4.570743283061272,0.16939571743082693,3.2737412331175357
4.0737014675231835,0.16665603269734044,3.220794092459036,3.9699692327546003,0.1627093660418726,3.175100350142438
4.053795354493978,0.16098174860204284,3.1464019214379695,4.082520647583865,0.1436438567600148,2.8518868877701173
3.766109318976397,0.15447088586588198,3.0191465573909704,3.7316147939901483,0.16379948061103744,3.1162245129173187
3.83483053753728,0.16026988466314088,3.1024158947712985,3.804492758797207,0.1547749414123896,2.9814209722605574
4.2779373674105505,0.14359497368077007,2.795380929412262,4.066960572344838,0.15880144763421453,3.0464207216762045
3.9959641020875356,0.14805086307660212,2.907457055695898,4.039831661046417,0.15874512956143913,3.0200673543055085
3.9898593528777058,0.17667837268886424,3.4228172246616415,4.170668353146167,0.17695507806806704,3.4086756944358116
4.15134957976535,0.14462303107394656,2.835657243481705,3.9487589611521443,0.14387794619315894,2.8031365935907813
3.7909962565629325,0.16966519590471976,3.292272873915273,3.7436705173501386,0.1577540718431355,3.0882225427639094
4.0705977929471855,0.15872533491767019,3.0824769177364373,4.071112467748133,0.14984794168626625,2.9241233230160026
3.7897611412956116,0.15300181296630244,3.0235825294643957,3.728575518113799,0.17954220652972686,3.337324697525308
4.109988639866881,0.16169039291237616,3.1677918148889894,4.050540759288103,0.15282158187641023,2.9869107711197103
3.7236665006290672,0.15738980003735203,3.073746805086481,3.6400311967700745,0.15827501101076147,3.0588224872311187
4.0578321543405504,0.14284617817301348,2.820690114300589,3.978248438499928,0.15043610025562532,2.8715951702246465
4.234626373361037,0.14942262325564,2.968905958296518,3.8342340384358686,0.15430493021557648,2.996631797495708
3.9341254352099777,0.14074317556225396,2.728847836162815,4.167697351501573,0.1448135378845725,2.810038205011833
4.161036420203255,0.17424459464623088,3.4137501354709787,3.9136818758617307,0.16848256269555534,3.2374796076875945
4.006586743674547,0.15137386188230373,2.9633223864738083,3.987042056139879,0.16988604543499633,3.2129510306253852
3.792983039063625,0.16439587925465404,3.169343188213559,3.6316034116589435,0.15345104644075186,2.9583407501831966
4.273455101796086,0.16624051688478064,3.2800812667344874,4.252207080723814,0.17505133374853865,3.394043451192572
4.059896001630224,0.15982205642322095,3.160821255595375,4.037936280874184,0.17865042789379462,3.3700762727615214
4.072874603837696,0.16037869935450005,3.184138327132713,3.8904979578433907,0.17629382476182834,3.407054039028295
4.0641574854948805,0.1630527635609969,3.1792589971160017,4.065586192477993,0.16129875055833104,3.1500867214740036
4.055161344821732,0.1495121131611114,2.96151525011082,3.872174476220472,0.1584666325783565,3.065018664070315
3.9788914872312255,0.1516964869684062,2.9813991433355205,3.886270098724376,0.15712111376757668,3.0389940038576446
4.216550019940231,0.15937725647910525,3.0851368914695017,4.112762712082468,0.16556542672474414,3.2153128328185505
3.7809397420959407,0.15203940677427513,2.9975354766710893,3.7850231470182587,0.15085979608231034,2.929726621647082
4.0305403575021455,0.16185472275127688,3.140714336771544,3.846066267464265,0.16763595310484905,3.2686236069180854
3.945531143070872,0.16043183098807703,3.1974581360762957,4.198671767896447,0.15939202812715766,3.062800282911731
3.9040288934272644,0.1674191057665232,3.2539326099360317,3.9081820076870883,0.1661039849900246,3.2413427311010357
3.8279904008226904,0.18079534555405702,3.433778908253404,4.008880474297398,0.1700670421437103,3.3027350809976905
4.165185658313367,0.1598756379964098,3.1048160275606835,4.089629765923913,0.1588622287420556,3.1148484878437177
3.937542172334454,0.17047435722191098,3.313314018627254,4.055751820552907,0.18230580265754756,3.5031003150956885
3.8952262241130198,0.14707782171550782,2.8700673758812307,4.120941787038639,0.1544639559395468,3.021413826545975
3.9426064984144946,0.16328913152051366,3.2142875909144912,4.1183199722850325,0.17500465301117712,3.3209947229150774
3.867712111678029,0.18350189411054849,3.4998455546756593,4.124569105321525,0.18010402726496197,3.455085888014929
3.852946377472882,0.18616237182964507,3.6094736637341276,3.6916603628118567,0.178512319513188,3.3961308292893353
4.149216406669891,0.16052644160356608,3.142494959893986,4.20410223580908,0.15868911642978728,3.044265778418721
3.8958364012721374,0.15230718402141324,3.0192173875887254,4.112036658465891,0.16762856959986977,3.24486125286403
4.14041069056583,0.1500306121747202,2.9671746100930614,4.182935504767814,0.1483320991818742,2.8596539661877327
4.026078834106754,0.16512334481921342,3.2478410860658133,4.03487922641066,0.1742049863604654,3.3939904271181622
3.912207165435007,0.1596905754235155,3.128611964074242,3.715221158257488,0.15664650840677286,3.0298143155834443
4.436350016115165,0.15208073046785228,3.005380333709221,4.268959296246518,0.15779868325310933,3.062008808839669
3.8421055716871244,0.1513750090862874,2.979762392939766,4.02915973803933,0.16702787593994559,3.2068821973410437
4.070695390280642,0.15760367448974683,3.0532801695171634,3.9070218719784333,0.1492521476475227,2.9008423388101297
3.90514164099408,0.16237962658700333,3.1432551135191833,3.5786885466751226,0.17994402719307048,3.452016473083633
3.8451111385774124,0.16553574764527823,3.209547212252606,4.04259282902797,0.17004445572675184,3.248596992399152
4.380193481238152,0.15875876117955098,3.1103561265946005,4.361977480694983,0.17243648268365053,3.288800152769588
3.862822929147982,0.1592642911260477,3.1004174501251165,4.055093407628381,0.16658464313950772,3.2141667952820465
3.9540135322967713,0.17283329602499958,3.2963683875035565,4.276827877453625,0.17031924691754854,3.2484191080936764
4.019240075703435,0.14999104566147975,2.9571509787642185,4.159822984551688,0.162127933799303,3.148556050714101
4.148330560519287,0.15854557047151804,3.1306957526963424,3.979317830099673,0.16175264934201408,3.105599521209013
4.655788042326315,0.18411119636944576,3.552332813263869,4.3146914945530845,0.1710951465991367,3.3011946879900385
3.9592402243319884,0.15827154137842345,3.1228459082112416,3.951933500204767,0.17783447226881138,3.422806382152803
3.828722999262856,0.1543332703432539,3.0356091497330064,4.123690593742056,0.1520679998517223,2.9508076080820413
3.8454868566463696,0.15868120531197757,3.081619912199125,3.8616899106662177,0.15466605897235605,2.9939401325832886
4.153060098760325,0.15775838095443873,3.1102880081293143,3.91562469898458,0.150968511245658,2.891363968997573
3.944805637138003,0.15798728487954644,3.0903323953475597,4.194619409814442,0.16624701785933862,3.218117937435298
4.062470297000419,0.15843732913555753,3.089265665496156,4.088697348436372,0.15564908356791163,3.022735517387811
4.087768145272005,0.1598311118951907,3.131365314329921,4.025902823831123,0.1713686107706311,3.341404252936711
4.135497116775326,0.16549796884197515,3.242388750718618,3.7054521560343616,0.16486847205575667,3.1836519781702273
3.9410277854523454,0.17493832663973694,3.4137355192215484,4.006509599619227,0.17721918991538207,3.4582441419351557
4.302101928333207,0.15158203970850287,2.9650417008001395,4.138075175664415,0.16867390084158299,3.251817996201667
3.954827401636309,0.15713878816328808,3.114995294119013,3.815793072368815,0.14069520322695125,2.7212884934785304
4.04191882350535,0.18553685267956282,3.588603525442709,4.121641185163358,0.18615865382084168,3.532659825476211
4.069609305270272,0.15808057455781904,3.0896982288365344,4.1339457936186506,0.17529356613968466,3.3010947509553623
4.083695905203794,0.15685604104825437,3.063322749734509,3.864166884471823,0.17358835151229812,3.3079998467320983
4.184565341247184,0.16603700402269064,3.2964775893482976,4.342303487732331,0.14993004333521648,2.9812821591397016
3.8869448638805317,0.15694209456538424,3.047846042787906,3.7299008302346426,0.15701163032145257,3.0095948061247135
4.100606166155898,0.1525404469028438,2.943191101727227,4.203206515619736,0.17633399761167914,3.3006922343076757
4.210346689502503,0.16496977147749883,3.190800614356014,4.445844824390545,0.17463097510082562,3.3694167182429893
4.073368850328588,0.1750668260782009,3.3970889524294607,4.171853512263663,0.17911797886710729,3.421941191469005
3.8938419458139735,0.15629771398795358,3.0597126152155654,3.51639716018681,0.16958661608732634,3.2960600151861237
4.117537737629071,0.16846989523584338,3.3110588872013715,4.065655899949806,0.1731427311757006,3.3651761342680375
4.02993567503647,0.1467136126525589,2.8947971376324277,4.05558164424678,0.15659464916274415,3.0410985853995363
4.222097579301439,0.1588788021325431,3.0754880875732327,4.144564213841167,0.1595894445845361,3.0615375249159764
3.954348574139241,0.15623456407806516,3.1209497484366886,3.849779108118703,0.16177287250336345,3.144193267737403
3.7709870940015127,0.18276707757870084,3.5636554884352574,3.989029712648823,0.17211655931435677,3.31003191870288
4.183524148977296,0.16532818681040523,3.236494801667417,4.291826138855632,0.18304690392044623,3.4382236289840065
3.9846074243303873,0.16383266316934203,3.194465748553557,3.9258556741562307,0.1639723881544342,3.140415515184802
3.746660800673252,0.16398222262102358,3.1768527612260264,3.848420870214279,0.1609458697635359,3.0952045998531847
4.19999816719624,0.15409635447768863,2.987750573320121,3.845008853114554,0.16432997531005414,3.0999340848213905
3.758957306968898,0.17994765199119767,3.4406552308471707,3.7300544601696717,0.1640039864953645,3.1488244798972724
4.260903709485884,0.15605062838197883,3.1005990278094333,4.2837391986936835,0.17278067588660584,3.352727289323779
3.876071162745811,0.15507312814142457,3.040554715374197,3.994936289220154,0.1545025656408404,3.062736899818925
3.9604251724018824,0.16925071767453506,3.3368653656658562,3.8542922542952147,0.17347787070685206,3.3662560250334876
3.8514911825299274,0.1616193669447064,3.1764205736401268,3.9950841873493186,0.16040506245403938,3.1599931876265925
4.126026921738496,0.15349503548437832,3.026233948941987,4.291814117568872,0.16697933262965,3.2401549674913577
4.08729819705756,0.16031487164752195,3.165632986581102,4.079784195434722,0.15565990397277563,2.9762659135074285
4.0759804603691805,0.17707876723668342,3.4747701433657565,4.269059569797367,0.1583205593550095,3.039704482928369
3.682625208625561,0.1556808737832013,3.0452175183278127,4.009956748626088,0.1669347349269452,3.306620131350972
3.7448635926449567,0.15018883278600034,2.8978178916448014,3.881416828046972,0.17023818994508993,3.2712148935719823
4.053369479884429,0.16597674368207718,3.1998202410889633,4.1324705867662015,0.16968945911033004,3.2579837493293913
3.913730116471502,0.1627196609572703,3.1980454358372223,4.006605121620649,0.1791244356123704,3.373236948677559
4.21300441260166,0.15889815460939885,3.130306976664208,3.8659753956790306,0.17637630488814823,3.3723699603515103
3.9730147018877027,0.14971557460998716,2.9470970244890955,3.93705630534264,0.16399619338413485,3.1538664077976204
4.0718381986886625,0.17412984946171373,3.392526554467819,4.04715496773857,0.16832286744459787,3.253007336829385
4.040454366586503,0.17853103615540294,3.464310310386228,3.921901950788251,0.16461611100171536,3.100018967709418
3.931136710535813,0.17847741883854437,3.449254172973568,3.6504679293175184,0.17439144627256434,3.394899631004516
3.7731908840839505,0.16201420473639894,3.224046700453886,4.0621412370956875,0.1721598564593987,3.280777620270007
4.073722541198678,0.15594164233793562,3.0478926173003864,4.211553386988832,0.17819396092849366,3.432540225144362
3.990803294676911,0.17382515627871337,3.4324117466990836,3.9557071224117966,0.1604551946613602,3.1535402662735748
3.8170576911548255,0.18096912341255558,3.553913457814151,3.954993992401076,0.17051140469155773,3.2979853822416056
4.084283848911864,0.15892659310451343,3.1012835566160746,4.037336399638199,0.15030060910747833,2.897604330588169
4.205141355993445,0.1647382172979709,3.186321956165018,4.089616775560689,0.17026228232613516,3.2418977789934487
3.947389932566802,0.17879610631103227,3.4750542848222,4.0261659759568875,0.17445645405816915,3.3245429100406154
3.9049021590138824,0.17333859772780136,3.4147849175866525,4.083551904021378,0.18323344490058327,3.5353970407187054
4.390097040346131,0.15809509573607403,3.0875208895574793,4.487380006985147,0.16516556141354982,3.131633820610139
4.083747861302577,0.15753197710761768,3.098525094555659,4.240593165974736,0.16099986524716173,3.0962430053092276
3.982546112580942,0.17293239260530402,3.3880418493455227,4.110233805283925,0.16936284104436017,3.275770175429582
3.990432451855199,0.15485809452348595,3.0170599668537914,4.273153684983392,0.17762368430140316,3.443918361375564
3.5663165636275918,0.16627203514577898,3.2316383175274686,3.5358926973767764,0.17332824685108464,3.3415478597948596
4.1148858472163115,0.1457686776691684,2.837696691027042,3.852966681132766,0.15656859227631797,2.9961298314941125
3.8767668904761474,0.15987442472702504,3.1814655533862966,4.0229892809482655,0.15991903641383212,3.0372829155706245
4.272206954839768,0.17010240309522212,3.295419956668873,4.020459528013746,0.1622195183708538,3.111992425683829
4.113649593122842,0.14833396563897683,2.9107184508487114,4.3082988480078726,0.15785731943959022,3.053233494459555
3.9985562694919983,0.1683448310053052,3.3551667786195476,3.9207624752910335,0.17908544282096975,3.466637075940382
4.302878767924109,0.1559600571748281,3.062779636786543,4.205903413057127,0.16116040857980987,3.086560202202375
4.0728808144859565,0.16792027822383165,3.231986423468059,4.175231552920293,0.13654466149100933,2.677262781318445
3.9038809408692536,0.16910422406983439,3.3104151971959777,3.8851859094987153,0.1613808937339631,3.0907829558425703
4.048110962991894,0.16178976171432596,3.224522133427266,3.7690358348340736,0.18311881455759793,3.472037802255576
4.114065993074297,0.18460701490379913,3.6453140618084943,4.216651510044843,0.16118685577435926,3.1554233484038705
4.26326698950356,0.15747240876210408,3.104649918570486,4.329074033284989,0.16544115143533758,3.1921036987267044
4.08813602551286,0.15376258369956924,3.0362492391317586,4.344857776183788,0.1589736522736363,3.079820959341838
3.7554820883331455,0.15522488685926528,3.050745300403372,3.9592015117532773,0.15924372345982707,3.049851657817153
3.968689123388797,0.16286621097323015,3.226031371820936,4.015691432126528,0.16859735481311727,3.2182657551699916
4.211792206611931,0.154754587365515,3.060601271770029,4.288734000570077,0.15422577888015152,2.9975090889014644
3.7956196835996217,0.158719951556788,3.064922489109749,3.9989910627596,0.16551023551282937,3.1408228825289157
4.234696391637508,0.17726156785790428,3.5490737971148887,4.069606846854213,0.19161606323189986,3.6576577083505506
4.0058777506014795,0.14609976452023285,2.8826853384321276,4.469078163876618,0.16951241232311837,3.2249109249584182
3.4673135301282434,0.17569637537824304,3.496318858223359,3.516089688041449,0.16567783988342497,3.2484837529758446
4.051272715416801,0.14816783824996083,2.9326120491572225,4.022236326964192,0.17061145853647572,3.281086815248007
3.8285993628122763,0.1611522518514706,3.152241174721795,3.9782288423494885,0.17089970850317057,3.2947287332743334
3.7699592845887215,0.16377496399278188,3.157372732721642,3.803490329414216,0.1691905467366237,3.194351020714519
4.121289578936478,0.15438186220825909,3.0792353630543317,4.176569957499032,0.16135054948147326,3.1410308968990166
3.842587045247406,0.1463544991438305,2.8831959116347705,4.063562594803233,0.16150249012909904,3.1439887440846697
4.2515453295999555,0.16427491822597431,3.236229670997657,4.08211579853929,0.17308778633299474,3.3369120872408407
4.160448437955565,0.1350286604262109,2.670479091193363,4.015735700370892,0.14521677936643548,2.869736695042582
3.6607511445617797,0.14736773158093483,2.8940415615490096,3.6402801504445756,0.16629427789959444,3.239868152269135
3.8879795362562524,0.17671690208107693,3.3591473009306148,4.141582059863476,0.17022145686700635,3.2977264036579546
3.880491703642728,0.17449005894346584,3.3804226866844105,3.73729178041011,0.17379104485120284,3.2812093359783
4.194435333403624,0.1872034794841133,3.693700173880834,4.421835296141742,0.18421056429421487,3.5280190810275505
3.900287131184447,0.15518065260044747,3.008773863253899,3.9861209088910017,0.16313225789545494,3.1113450375376326
3.965260987251744,0.15527974814980686,2.976398134146123,3.844516624519424,0.1724343732225955,3.3188698773580203
3.9705623904426526,0.1512277204712366,2.9791987806265903,4.136427998909001,0.15078299246793833,2.9517554188262958
4.020335728217945,0.16422188000463425,3.189220893842411,3.912842901943595,0.15498087724710324,2.9608163909404928
4.202403711442589,0.1517430420204938,2.9611041919182415,4.145517699186393,0.15391791701078553,2.9987427329756846
4.0249911363425985,0.14509538485502832,2.869569988037838,4.006647596171345,0.1681483307083752,3.2177221652615104
3.857306486644936,0.1613402487688455,3.1734306821440024,4.04085091064481,0.16037549447969945,3.0867708551819346
4.097157451247484,0.161350447638488,3.163635571648018,3.867547626293145,0.16949508639951294,3.280992254014006
3.811548667711681,0.14380948375917846,2.8507656855163566,4.044502900727155,0.17500133272398122,3.382075340971751
4.128628126429759,0.17351154812038566,3.3723444050452174,4.156329371764672,0.16814694459447985,3.3021085476683725
4.224319953785796,0.1583613845228354,3.144086814685923,4.275520823024721,0.16605043616972356,3.2064760047572167
3.7597450134311785,0.15338928062740328,3.0170416444095167,4.010888145639198,0.1726814223186624,3.345383691824338
3.9288536525579567,0.17009376175193525,3.340340592811297,3.925665129745192,0.17185277238162025,3.2749256487904974
3.7654053338260254,0.16479420252397925,3.2388178793750084,3.834970873955941,0.16792528632085366,3.279499765546818
3.8111182926684712,0.15893096506347876,3.1013688707487472,3.9772239571555326,0.183507668117626,3.5145571434210505
4.160666764080924,0.15970780174743426,3.1536455740526916,4.311847021565886,0.18496849883577793,3.595019979452086
4.121778577338444,0.14542126170155417,2.8715386056312813,4.086508358510421,0.1563105392962605,3.0502340469004645
4.294356673706892,0.1592122381981697,3.134035418014386,4.308103904710011,0.15431608196135138,2.960374208034969
4.387139518070318,0.1498702771105514,2.9524570325375414,4.246488168321323,0.1546508194324431,3.0130216801808496
4.32938021086547,0.16535059107259317,3.2292172104413797,4.345069684326951,0.17875998834849047,3.4799425743287524
4.059792997251435,0.15217103682378982,3.0235146998682865,3.959212312787058,0.16437244107180776,3.1060310418782686
3.8898123490348024,0.15448627398909512,2.9709779229983115,3.7826513252425276,0.16887824778933067,3.2182413908338354
3.9767228269709696,0.15172102903331566,3.005269150068715,3.9119723297397546,0.1624218767388863,3.1081395260027764
3.90957332507624,0.14946744338700244,2.9213538500433307,3.996585377879117,0.16973520576140075,3.2372799650673922
3.7792716893249434,0.16480766403433353,3.1590289755720575,3.9304183256664946,0.1528627050039591,2.9518175737670616
4.004810590864744,0.15311158538125785,2.985422477699726,4.002856801272093,0.16033236403876405,3.0528260738476667
4.212684292644664,0.15325153605068217,2.9713705184629156,4.045130729769654,0.1682555205433288,3.2490567428481625
4.044645524154753,0.18340299111874248,3.5357760987413718,4.10883013250297,0.1482845779913229,2.8634127809139773
4.187912287667756,0.16143605615936538,3.1046315406587235,4.049227758673849,0.1520592450955918,2.988528687277131
4.343454140235691,0.16640632303852693,3.265347573764713,4.080423017285567,0.1492172780832111,2.9187854500930928
3.996604922048393,0.15500862934387655,3.0536830026192883,3.813455275554194,0.15858930851218633,3.0723750086753188
4.304973887536289,0.1606980071545936,3.197854660825823,3.973664648750826,0.16864400000752328,3.2405817091576465
3.6973391343573647,0.14817286218275014,2.9121468348125243,3.703939361643366,0.15197930521590503,2.9822499919928247
3.7075872859650314,0.15861663351069735,3.0654246828542604,3.8407220212675655,0.15337516895409603,3.01439147647446
3.595897727309948,0.17416264925112443,3.349380968127393,3.586301569234962,0.18597638612605158,3.532180489247649
3.811963365158445,0.17169615217381404,3.342430010866182,4.14725817020505,0.17357719178243275,3.31608778871107
4.478459896128072,0.15714041992170125,3.088392636511867,4.163775498696789,0.15777804440285478,3.071484503240421
4.114823698739713,0.1618577890714157,3.2135039865117614,3.9040358870299157,0.16810225184084018,3.251388200665249
3.953609264142795,0.1637075864086579,3.1817960767985958,4.033144679051252,0.15602109347265058,3.0128068555308856
3.8343838114909743,0.16624329485835818,3.249239288992786,4.333975490329669,0.16396290628565705,3.163581703026232
4.2898061802702925,0.1559263390862762,3.028119873553241,4.191388259925711,0.14234617661413404,2.76216022663508
3.7726117983631067,0.1560164962550172,3.0807557771782283,4.110938213418463,0.15793985013130257,3.0072711487236554
3.6979830253718164,0.16254118521690242,3.1819359490988908,3.8672418241747315,0.17697147711468045,3.4368205528542592
3.9280566012309586,0.1669147514557147,3.290810584462881,4.06213398502757,0.17431381606129706,3.3522881083160723
3.6698353803771595,0.15415823769246478,3.034549243039402,3.502204350278494,0.16776598701293916,3.2290167577186946
4.044570488006718,0.17009983149932784,3.271247542198528,4.1477896723779475,0.16337946199439785,3.1856290758012675
4.103021396925507,0.1722541152831952,3.361355987389197,4.128494310066142,0.17362907242582162,3.292106845981167
3.891945930002536,0.16147085387741933,3.1458946369340466,3.802186636686404,0.16898317988372322,3.2524442488753755
4.039120715908619,0.16216657630047154,3.179637595217718,4.100079816662781,0.16710498331358117,3.221571264332318
3.9214698831163983,0.15148694479600466,2.9608251762577025,4.11722924981529,0.18473333009500986,3.4967182710567735
3.619808766422328,0.17446628104198977,3.4450716183521894,3.405991727384119,0.18657365162457656,3.5195406127784574
3.8416237927806756,0.16804177825077038,3.2817747966944197,3.7740405951597547,0.16578722011836658,3.1460791108490787
4.135410422104799,0.15543267997923702,3.0331035553211425,4.056161771827446,0.16636401256672462,3.1676723433755765
4.218482497297354,0.1615851042650793,3.1481205475128067,4.319239115255688,0.1566132871170698,3.0267080152046546
4.180525290627129,0.1476450153628568,2.878833410855332,4.052220393673405,0.1690725719148805,3.2219445435623166
3.8281042829543166,0.16705488467484692,3.2337561769870335,3.9648058295464232,0.1682189632083917,3.2536456003085314
3.650342224422893,0.16508297982355527,3.2136905752371385,4.080468922915296,0.1667180631948036,3.304887280642643
3.884948568153473,0.14869428897703876,2.913175873086443,3.797538662094371,0.1608768348298957,3.0683284113160254
4.380290417185476,0.16827113242251482,3.2200721249420763,3.964869762985503,0.16079015810990288,3.043510791365269
4.117383703405438,0.15346571599009184,3.0421832108122713,4.227992693187698,0.14358751310349177,2.770448752877359
3.939378195398626,0.15042493383881447,2.916565961874405,3.9599971828059712,0.15443131920412603,3.0255741242613694
4.230176376308753,0.15691120898756855,3.05706026180778,4.024875739509608,0.1677750657753477,3.2105792882346758
3.838566479513444,0.15407413403999343,2.9287391608201263,3.829455464079716,0.1585587712047431,3.0114479032240027
4.177603157215968,0.17208783234877728,3.3741659588462616,4.075879249949542,0.16938193401376986,3.3211107839075917
4.136959221688141,0.15961852435251792,3.1543402803825207,3.9670280692507927,0.16250197627863927,3.168519556798098
4.215862888053442,0.14832528751180143,2.931166234593831,4.065051779890712,0.15145155290103254,2.9174027266950215
4.099797740504724,0.15158844248132008,2.9604490929807055,3.9897086548701286,0.155362988844316,3.038999485494479
4.059513649080697,0.14973327124190547,2.9101933847735153,4.088669788107262,0.15423700750136166,2.9194697130493643
4.384261462049164,0.1471284158032514,2.9165575744549743,3.8974540928804027,0.16534355614345927,3.1323552882994026
4.418628423261009,0.1694094626836744,3.260648976955707,4.3184627399857085,0.16360865897469645,3.078403283435184
4.117787472397735,0.1920358874263886,3.693107272478217,3.9373205307419137,0.16937323007632082,3.2866074151167113
4.084677651153037,0.14653228956973932,2.8364911175539165,3.6574708720254527,0.15182378344572317,2.919774664480288
3.8512635617649953,0.15009675962918634,2.9684828167621484,3.844615746219262,0.17656131131607944,3.3955104517099794
4.146426871975061,0.1582907615182077,3.0839377248501263,4.465318901693218,0.1605164182927037,3.099612717060553
4.2513015965487675,0.15394700514277626,3.018474561096863,3.984708691733577,0.17321547440405513,3.2787029490937956
4.1922870715134755,0.16975160485257404,3.2699155959224178,4.053840931058658,0.17644894478539294,3.404493527754609
3.991201905362373,0.1670331798226563,3.243816883842271,4.104264260878035,0.1731789492545456,3.3658800634121064
4.046554252722713,0.1594120530788051,3.1182017730977183,4.026469761403117,0.16764181978358522,3.2608835896218276
4.241845805096752,0.15507819552140115,3.0358390988256425,4.031230622188216,0.16629179963324164,3.1127182455604623
4.25978781606783,0.1512959635479948,2.9921996260761623,4.027082552614099,0.16876266193389372,3.1889899745887917
3.740279486116916,0.1636942383007937,3.237401891948549,3.956068616251243,0.15688912672996025,2.984757587156536
3.86514972864534,0.16490463650681803,3.238435352319726,3.6428218338812624,0.16721797321932577,3.1598010724455725
4.381649415753862,0.15327978172270484,2.947775461089192,4.038008436067518,0.16860128018800205,3.1832255516066454
3.976753213743784,0.15979121028861448,3.147900248468215,3.8433834160942517,0.16950243221642874,3.257076928166961
4.253782966919974,0.16336044160312047,3.2282870879809056,4.306941765486415,0.1735098099607459,3.345048165322253
4.092288877761979,0.18265812048230992,3.5357949965736477,4.234044997477291,0.1593141497077651,3.088917604447942
4.084994805385705,0.17147817857120595,3.311287086087757,4.13835138104067,0.16056039001179775,3.125648765783231
3.811205221775102,0.1746412637443537,3.355822234582211,3.5520790463391796,0.17483048961050338,3.351146232968711
3.646500698960193,0.14436085904536927,2.8483751029997193,3.829029759171022,0.16779799142599722,3.1949761761181374
3.9246241404186937,0.1602996756963415,3.0979511521404124,3.8452900150230467,0.1675155473229454,3.2321281226865715
4.046425519429083,0.16672626828424428,3.2690405312910156,3.918890996257058,0.1631309642709569,3.1731407177341704
4.1340318454579466,0.1424793075139769,2.820021800319249,4.13101214609756,0.16767035467418429,3.203241220544902
4.178470166597654,0.15324770220374562,2.9976231251387415,4.240361771156947,0.16202564651354737,3.100557180265245
3.713569566630098,0.15506403806789534,3.0523795963487794,3.6858295492577535,0.15395980244052407,2.999558775906133
4.246665884985682,0.19078075839602926,3.7288260936621613,4.14219355606258,0.17534302635301083,3.3217905110661423
3.8302086647035365,0.1536240416282336,3.0121421407168407,3.6082800141090643,0.15014241989472626,2.9368818159657994
4.118324360712036,0.15387792889244076,3.069184122160529,4.177435945489646,0.16006899017300544,3.101041108541354
3.9657112046535006,0.16070546185630163,3.1534810720006012,3.832272434734201,0.17256506648176123,3.353948729984566
4.266694936513146,0.156132840892887,3.1212940394262656,4.022140110959096,0.17143599929827755,3.30777126916231
