m_hat1,asym_var1,sigma_hat1,m_hat2,asym_var2,sigma_hat2
2.0203835952986835,0.16041430104051077,4.067696762303815,1.8580230691218294,0.15222551408133297,3.7873267376877924
1.953727761712806,0.15476307558547697,3.9335403619107216,1.7849251211604165,0.15028595127708289,3.711789186129408
1.8069599614801692,0.15413427862441867,3.859517412334455,1.762598736870113,0.1648833617372404,4.015172241114918
1.5800423276853512,0.15624287296325842,3.909195432596698,1.6470043851431724,0.16349807722324972,4.034793345974628
1.99795988298247,0.1683064209855211,4.244526434761794,1.8175362209289785,0.16995727308163228,4.173480708955865
1.8080388190064458,0.1367018015792862,3.4637118240876315,1.7843892019810328,0.1500210206990963,3.7052458835379865
1.7495514940766983,0.1506497289219814,3.6747418671844905,1.714575219730118,0.15606139046975057,3.901534761743764
1.7581448705013807,0.1411583697117269,3.5654715321694983,1.9083483644830619,0.1615756942927926,3.8979613007272427
1.7022756245095012,0.152582178293139,3.796200440062203,1.8610162015438254,0.13949685407109982,3.4790414725821215
1.9685963414495393,0.13244530589962156,3.387079925521125,2.0819558425847178,0.14355622791560776,3.568751234582651
1.6338542512840486,0.15086813458757375,3.756586256302289,1.6071464566960727,0.15974670849533734,3.9776609637522475
1.8290855913572266,0.15490220712567968,3.9095549533192697,1.973563846723447,0.1444671106927282,3.556356579362426
1.6730326058954412,0.1648099637710739,4.153080283412711,1.6757907026627286,0.14846689311477324,3.6638549064956822
1.6658082943617538,0.15812694161085997,3.997203879562257,1.8983421482936265,0.1729214408577221,4.221550369965182
2.109616054508325,0.15512764145822666,3.9060142065210934,2.1053090905723946,0.1377862162043139,3.4802954469161715
1.9141553656124253,0.14598024707645157,3.5965693583825993,2.000398442517511,0.1473269154684164,3.665451021807557
1.9600650056994993,0.15225296271666838,3.8757276861371572,1.9115075477731975,0.15661764850951648,3.8871478104112116
1.7729680341653717,0.13962287194208106,3.5706348630961995,1.803186080729928,0.15342433068984238,3.8356082672460596
1.89623869954566,0.1559140294846737,3.95665450552043,1.7956813557923852,0.1692485945254017,4.197228651208635
1.8921725196903452,0.16751343809765512,4.201215654109388,1.7760954053941798,0.1600930983304417,3.8952331995350367
1.7744818649749532,0.1628766416461333,4.120489321926544,1.803914437050398,0.16925133799587488,4.241426373239474
1.6171488884673644,0.1523221814897802,3.853480253385963,1.5083429295292263,0.15305471891092273,3.8141039413130673
2.0829991636339176,0.1543052992629171,3.8266469799395297,1.9284537680857203,0.15184648537486298,3.7256580335103866
1.8267961176411147,0.14909037513515566,3.697321067223401,1.9703347238937745,0.1461389221723655,3.665145521921025
2.3464871682029376,0.15991863847840712,4.026648429076874,2.2933721063884955,0.1587420917591386,3.9366758557291797
2.041808804941102,0.15512100948064692,3.960904945041765,2.109965961889583,0.15555890142882803,3.929209693713046
1.9584269347191396,0.1539996073734069,3.8190660676094024,1.9028347427031658,0.16311337978322857,4.0745709210330405
1.8395691533732168,0.1512885311574484,3.824339467489555,2.244976035129504,0.16997209602320518,4.093470140037982
1.6343657737570907,0.1584804353421425,3.9683450376913236,1.8860321840500893,0.16044032109248196,4.03659685480477
1.6893285717135111,0.16112840730577763,4.085804672411115,2.0423230203083027,0.1745906240288164,4.308534388078138
1.7792289481688437,0.16132530739139378,4.0620674472889,2.057174297634942,0.17462171404328095,4.330477682020684
1.584549676243665,0.15802584700547562,3.997772845716814,1.8880445264739756,0.16041987304892244,3.997642636663402
1.9312667519168811,0.15416035338203402,3.850924393212769,1.8196267887981257,0.16281836025602894,3.907640646144695
2.0251297377754023,0.15947883649841196,3.977390672153271,1.7570406322023084,0.15766461431551773,3.881240413579161
1.706010452385145,0.15320965192050345,3.8759316767230523,1.8447814034584902,0.1625400405250296,4.0667505146551335
1.766937515385381,0.1522310755290919,3.8148998183484824,1.6686843245628828,0.16792121970571192,4.1609238302156815
1.9357779619261772,0.16337941949395002,4.091015444335419,1.9077198174347259,0.14775609894079272,3.7262670323518208
1.653920248759603,0.16245558133847124,4.071125199528622,1.5545155261703014,0.16273228994046016,4.058531566185416
1.6787088523533582,0.158955300677057,3.9643337265539964,1.5253104651353784,0.16110151130375414,3.9592970278055155
1.8097985277010962,0.15434970490880887,3.827748204146058,2.0149944207970765,0.16248680421872974,4.029541704748534
1.4709587259260852,0.1602989825031059,4.06793213829164,1.5745158013657181,0.17895341393119327,4.423444606018178
1.9019476825499955,0.1538434089391668,3.812089427997532,2.0820511800475177,0.14195170037400096,3.511691126268215
1.5937278516179951,0.1438119252830442,3.5866590371749982,1.6571117481745758,0.15469866182943662,3.728847508229116
1.7959998577364493,0.1560178500238006,3.9284290854634447,1.7127794243942427,0.15668865907893548,3.8027275521195856
2.2824365139465868,0.14902613759790295,3.737556516407824,2.169510154452515,0.16866676427056834,4.096901469160205
1.7859545229894207,0.15552646233677636,3.8725776818464834,1.8630234094172768,0.1642845192276353,4.087351295963244
1.771510109833802,0.16634953497175625,4.172025112216608,1.8044752273929625,0.1545633528433281,3.8205609739626674
1.7412840450735312,0.16091541792302066,3.9840785719703957,1.7737705310255405,0.16659066989973872,4.1346716918455
1.7905637630711553,0.15776391445876123,3.9849053722785124,1.9447754377537714,0.16196610260679498,3.940805360460197
1.9766401664409774,0.14394649871216095,3.6642796332274665,1.862321164902181,0.1538599109487873,3.759348973121509
2.040547873204437,0.16293829201937293,4.060401314013711,1.8012307119215891,0.15390308205101155,3.835245041824713
1.7102960480451777,0.1511911027727725,3.764628099260427,1.6580529925097178,0.15787666324117042,3.9120295306715
1.87683682166172,0.16254108150620122,3.99136827614979,2.054887792381493,0.17299757239060579,4.255177649886189
2.094287710077298,0.15614236406912788,3.869055290927876,1.926479878055985,0.16356158443223925,4.072650608538671
2.0395425803545137,0.15435459275592706,3.9079461530844597,1.8970236566031076,0.15457573049509818,3.8520073546757265
1.7692485727671434,0.15097370301900537,3.7803767001518263,1.7673688010725004,0.162063407154444,4.025571521915724
2.035860389612498,0.1668730580971938,4.234763474156362,2.082561044370858,0.17277371591449833,4.2355997100119325
1.922096165036679,0.1533254982748952,3.8636808677076973,1.6990423412128932,0.16274739299139496,3.9765020072320905
1.7818542537401902,0.14445193378698798,3.567699583292884,2.011009444940857,0.15975042638320924,3.971332624561106
1.5855943487081683,0.15193128873738881,3.764708956799441,1.6214037600582367,0.17368555525627616,4.2650326234534965
1.7330306423899329,0.15618996798482518,3.9296601329797918,1.8086239422691301,0.15361825534126966,3.880191570357441
1.8234838416234516,0.14822126703358365,3.684722268047252,1.737837602474853,0.15556248903030376,3.8859497304804793
2.0043459898119895,0.15697344548577433,3.977349039408986,2.0342870317142996,0.1758805709470336,4.272124224507776
1.7420255506264417,0.1469988382483702,3.689641557280791,1.82631206633926,0.15716622620178322,3.932297723243666
1.8774960451085947,0.15059747978360957,3.764936994590239,1.7803731462078665,0.16118821101295416,4.026480220565269
1.953785242080721,0.16016514091324305,3.997716783693144,1.924196021873029,0.14496382756453385,3.553831916762258
1.8348077080904956,0.1599357675886115,3.9759401338639218,1.9033144427269957,0.17544577762822758,4.290357804515719
2.216447384170362,0.14704657570340648,3.6908397578927103,2.179213012407452,0.13844488724782075,3.4832029294320654
2.030288894050846,0.16547789636705998,4.1731937580633485,1.9002711622359638,0.15692180134153588,3.9104711389070745
2.0114487485171155,0.16351582777834733,4.117223341304208,2.0616364186440017,0.16760507992263704,4.163223817835642
1.9418294278311556,0.15310809516845253,3.803126186885081,1.8622894647779968,0.1640256895390967,4.027824397581405
1.7050643355871733,0.15061095593940454,3.7652738984851135,1.8734827930390359,0.15630213671136153,3.8730143009663425
1.7899454496000786,0.14137343647296205,3.5258433022453826,1.6720701913199332,0.15493108476631937,3.8296507239455417
1.6650366160210903,0.14426950194856425,3.6240085375808877,1.7775821938962486,0.16097013157762352,3.9462312830510298
1.8012476569060492,0.17209106470378602,4.288487233990342,1.927419492630501,0.16135666069474416,3.9622835696334198
1.9546982835060664,0.14016631317582792,3.5459584069126837,2.2798250478951254,0.16098781251303132,3.9565027195427884
1.9157856016581902,0.1607082454738905,3.9919100040899953,2.0081484800981215,0.15819013051054853,3.900597822602861
2.05821781300018,0.15199043289099076,3.7631063240638762,1.9999370189304468,0.16026330540641703,3.961454762272566
1.8088291067745221,0.16046659344127676,3.995585954350346,1.7414066467868052,0.16237013196940595,3.967284168570496
2.037767249445399,0.16080212272427946,4.003940566121483,2.046661365165128,0.1693150955342527,4.249775169669221
1.782148668566626,0.15134228355096307,3.774465628885937,1.918098639224753,0.16712418793545114,4.062871160658758
2.1394402623785247,0.16197604417745165,4.029917104766002,1.7727542665168692,0.1609526089703205,3.9817476450202074
1.7930234810987769,0.14624031529508427,3.7541344474861487,1.9972068502424696,0.15780803585788922,3.9609502640445577
1.6663018216650283,0.14492162313631193,3.6403896349023266,1.8436281016161218,0.1576579573889339,3.8746668299277993
1.5634035492194802,0.14506337673425473,3.6207772338168094,1.8316960169711616,0.1592644253401291,3.7856721736160255
1.996634916423489,0.17292751941427076,4.405411286591942,1.8940264116401528,0.17227159517529408,4.268721885717505
1.8800897083466785,0.1508223090574215,3.7614975025452955,1.899954225532544,0.168559529868728,4.210615706564726
1.7577496106283474,0.14955797370939322,3.759829158357815,1.7302272974557453,0.15881870171306153,3.9225325758279777
1.7759286790129187,0.15610298278142867,3.8680794610789775,1.675086459198538,0.15940076797908057,4.007273169379231
1.9245268081471818,0.16915367153583988,4.153747422534867,2.039809704886886,0.16838015896812797,4.162090510519285
1.9612286858749726,0.16678817292672488,4.146288229277999,1.9810409126711588,0.1750099751537239,4.371747778139037
1.674862885986046,0.17591486203082168,4.401388441816993,1.6343719557639298,0.16951325128524572,4.251370713693934
1.8457192645391298,0.16856633967542672,4.247737974904737,1.9539982097218571,0.15387134987172246,3.859073822024742
1.8013624091316798,0.17018330000272536,4.251177471511416,1.878033881460797,0.1545940787218362,3.8925794401002256
1.597506978029642,0.15066027490102318,3.7392896858739304,1.5544469804830015,0.1645315803235611,4.083566432549048
1.7496210986091556,0.14154012794925053,3.5582636414648388,1.9522389176047665,0.15164763933688735,3.8063255385429025
1.9866782094752318,0.17193769176291324,4.332693371791002,1.8452254681210105,0.172470808767855,4.297950407303532
2.097007760702959,0.1540191617506633,3.884215466543503,2.035775237784497,0.149142780423391,3.7166189365406708
1.731492881816724,0.16045703660959856,4.017839070278183,1.834188615356953,0.14631538724743484,3.616684344149918
2.02193681679488,0.15907175923006311,3.957659335748177,2.302425168143774,0.16231837751290515,4.035170877331565
1.6390593677920633,0.14439442028965233,3.6213936372871167,1.5571253207661273,0.16112569103133115,3.9434669388602797
1.9566840528794542,0.14391293898209792,3.6350482659965735,1.8192861295843095,0.15247450348437214,3.7379584002361894
1.8172887347468771,0.13744682986079182,3.504220337708225,1.8496643011227174,0.14661822445936082,3.656647936092406
1.8537229722750608,0.15219618006285335,3.81098748627298,1.972558557822894,0.16441924168263172,4.0873975324078575
1.8252649963816565,0.1699022528059911,4.206582150242844,1.5350594280268974,0.17799112149811291,4.414036269592258
1.742640227010102,0.14352395929214892,3.6252231595297193,1.7959405760582197,0.15296305262741725,3.7964431260015448
1.7170507714009537,0.158941835136177,3.995735776609858,1.7855507301379783,0.16010429387025715,3.963996083918375
1.74008511568453,0.15748933934859027,3.9498125364779613,1.7822766326725978,0.15165676348417745,3.727179019303933
1.8595426717347583,0.1539578249179061,3.774322472169678,1.9450082281582524,0.1511978914131879,3.7617597830888387
2.243324285580224,0.1450921768959439,3.641784737149416,2.2591591314011286,0.15684046739905355,3.8289637762084316
1.9969061647726867,0.17305884626229232,4.415544829297157,1.7676146526360368,0.17438114517942194,4.25361332956835
1.993638465694307,0.14904744557980704,3.7469946801941183,1.9257563831174083,0.15221387802126216,3.774781419803944
1.9165782551889576,0.15320286205083097,3.8696992916867683,2.145473203182547,0.15076431095817233,3.683712372436183
2.182578901887094,0.15554799801894034,3.987008032951411,1.869965021263429,0.15838504233257186,3.934202835213773
1.7994845020950057,0.161960503446454,4.078061275285437,2.0281623501586377,0.17268968565108275,4.244092768576453
1.8979219876212774,0.16464195453831684,4.07634328388114,2.1222189749437286,0.16860250033729884,4.133341103165005
1.966977524269349,0.16044611709528006,4.046297113194442,2.125012934981596,0.16863930705198657,4.182118813236795
1.9171480669928345,0.16590753261445362,4.060500008318111,1.7136009843798143,0.16363466329419768,4.048098004646149
1.8058615701131988,0.15493746678057962,3.820394759226982,2.0654262436181368,0.17351204569613884,4.21459294606001
1.4670447801930753,0.16590850087649245,4.1807625466006835,1.6762063685875912,0.17000669101755775,4.250167275438944
1.9053584331422697,0.16407133065521173,4.075447306985286,1.8628447889628477,0.17784860035824007,4.341837662906508
2.23597206265819,0.15407701204434712,3.8611588548313733,2.189639084408294,0.15076033709329953,3.7569282410423246
1.7272241018753616,0.15615057844641614,3.878699903708171,1.85302232828808,0.15563899493420466,3.8439996115919315
1.6078470480285392,0.1733962235660782,4.345296907911103,1.233297016058976,0.17645115996267113,4.332944973901678
1.944329474005684,0.15695870190719421,3.9396321510728147,1.785024613093628,0.16402249627044269,4.02774598349012
2.123177140608819,0.15433217936998495,3.8613898941663276,2.133927209422451,0.1698174969353554,4.218179116365886
2.1603544643720833,0.1477543318090751,3.726222466985596,1.8521166960257163,0.14509111105176684,3.5658188436552165
2.123439350131938,0.15729298245183504,3.941750842247209,2.0970497884880053,0.14501544113368603,3.625386028342151
1.361278243477318,0.1487903372106032,3.7405310760183306,1.7191563271064467,0.16315906324154056,4.036332309130221
2.010042297481571,0.1645956548750229,4.078519581501959,2.0625560297541305,0.15922877295969848,3.948745157011844
1.5619760136286747,0.14098705665045785,3.538747036743998,1.389719155481015,0.15343026477766417,3.701455451461099
1.7317164713376152,0.1655456818961274,4.108735771667916,1.5410258428275714,0.1625286538398613,4.0305795416023535
1.7326336582585797,0.14950384870844477,3.7375962177111193,1.8548630250570783,0.16233025811339574,3.986191284621762
1.6280003312798235,0.14798788581486486,3.6699802211989363,1.901618830355391,0.17027584200278575,4.270496391589339
1.6632403079893257,0.16990950311782274,4.165382670187338,1.7416794162711828,0.16845962646911022,4.177662879687514
1.9054886440141408,0.17648153244667683,4.4436914430299055,1.6617295845171494,0.16607592466035526,4.08155025720404
2.083359948586503,0.1480246595280222,3.646938304363106,1.9975868762035298,0.1618911645877488,4.018033037406709
1.8152612363989826,0.14412167371253048,3.637466591333534,2.020052001172292,0.14639988170117804,3.6453276566741892
2.1522388208935506,0.14617615005607842,3.7439361974347873,2.465297843194597,0.169259161514467,4.214519133789745
1.7478542152540408,0.1578103238488726,3.9766949127305007,1.7114078492501053,0.16240374429419463,4.037293061861924
1.6427402454639708,0.14215776749797945,3.6075597117506137,1.94090989565325,0.16041142061798533,4.073944819547601
1.9069228123617432,0.18482984310628991,4.50090080376124,2.032771987020358,0.1697244079803388,4.260048830529316
2.0942529866874326,0.15639358453651941,3.9626566856648697,1.9537891890518189,0.1456549212271315,3.7077689704642953
1.9057154423540643,0.15289095080639864,3.8799373690800847,1.6434086486258912,0.15491175365004825,3.8197607336993515
1.7373423785472664,0.15709062098544924,3.9834167292194,1.9441335236812094,0.15068841679283274,3.800217274803821
2.0159789692096197,0.16631592725556318,4.124500868009345,1.7923123963095347,0.15890830167764372,3.9053958056274025
1.8643218301675373,0.15751459443653415,3.906234912061881,1.9093067200532732,0.14685693427291635,3.6567081739324783
1.646025152906283,0.16767928268054993,4.2552231604382245,1.8492565228314288,0.1651040937085236,4.034084650860692
2.095315063555158,0.14670102795613066,3.6498791216279454,2.130276736904441,0.15653608207949898,3.82153278354492
2.028221417512654,0.1589954843055161,4.037984497129345,1.8073750642008122,0.1485844581146178,3.7027056163009058
1.9804636282948853,0.15806576147904045,4.076135669116771,2.197336141756174,0.157902306460554,3.8451724360083896
1.9020489606726787,0.16080800197080167,4.0234149238735855,1.893236510038902,0.16751012618633548,4.123608041415551
2.102950380274242,0.15237044676147246,3.8183924514212215,2.1424461260014382,0.16593298829581174,4.118348463710088
1.925377609981049,0.1470364536239089,3.637480974645654,1.9929837620670792,0.1552311762705322,3.8807794067633052
1.8494453683694279,0.13472152962475556,3.4135362499212683,1.881597787256554,0.14125489492417526,3.576288294162749
1.9155849474456699,0.1574491104641336,3.9582092602486885,2.0090609611097108,0.15832466381867208,3.9549488345788255
1.8449410293656978,0.15649248537551533,3.87141028091206,2.008440309920231,0.1554048566590744,3.8507805775662756
1.920133896389327,0.1629879290736239,4.032098683627385,2.0173578201598983,0.15331218664201743,3.798926258272917
1.9566152133087973,0.15771906278255315,3.9618576507390295,1.9523842079135785,0.15484289248078154,3.811777897412153
1.7287639538784547,0.14614978136631943,3.7174942918509855,1.8906788118059477,0.15054992174904683,3.811619576987043
2.0609507118803756,0.15711676925109502,3.9184808854834223,1.8283058956482505,0.162810284377819,4.017820045472974
2.181964206964141,0.13893618457701326,3.5093421092156034,2.073213905463138,0.17113527624508182,4.295461342923795
1.8070848568034137,0.16475968903811794,4.118992225952948,1.9174785652243695,0.15909793308816356,3.9003337729056455
2.1704160685778797,0.14803151625025426,3.727338339260799,1.8794158468477284,0.15916385844485012,3.9695351422304506
2.2773399428343013,0.1757834484401881,4.38402651722319,2.0739675817235748,0.1554192922858539,3.8885894506314167
1.7539012036165,0.1483300256056524,3.76127041663313,1.5887510083867562,0.15986828821405102,3.922478487518767
1.7807832420841176,0.14749309681008352,3.7049843165366694,1.6513667276453234,0.15785923956117823,3.8924388273958446
1.6814500767829115,0.14017584886497428,3.407743791068296,1.770958204604595,0.14405552558346332,3.543297425129925
1.8451883173898578,0.15268279662367945,3.7647998780778957,1.8193288489474229,0.16638888851256772,4.182951795481624
2.128439830930262,0.13264116692445008,3.352963015782908,1.8544660202103025,0.15326828234058293,3.691189035466341
1.929783050075431,0.15454370048023564,3.9310036525939194,1.8293943870689453,0.18324772770128495,4.462373775991516
1.719890837176465,0.14446802213151105,3.6888884695692794,1.6047378571327195,0.158323000335856,3.948564201679659
2.268103412873365,0.16439017759569416,4.126160710474646,1.7083815188856235,0.17201661042005237,4.3038542176766335
1.6839580126521316,0.1623159821045966,4.122314682316711,1.8720342375910997,0.16917930209682266,4.12325744251229
1.67417620099363,0.1707877924507894,4.2662776880242435,1.6159767208193538,0.16725491699215106,4.1511578711197705
1.798151443639446,0.15920706783502828,4.099388779737767,1.7316349296538727,0.18388505654379358,4.507997573877853
1.7688452950131055,0.14859714276314595,3.735674242920324,1.87779526344853,0.16505254409335016,4.0664605965377545
1.971979741417541,0.1602840575689088,3.9587241956922803,1.7831516101556784,0.16461032038144394,4.065575005015869
2.0605229456931498,0.16189250440779387,4.050549166178045,1.9798969218827518,0.1537769509826642,3.8166435519407913
1.8669428908101326,0.13588741362055076,3.4857174413250394,1.864290603327313,0.16787074972152058,4.1596732332970765
1.9060493375762424,0.15363183986865284,3.8192269758214326,1.9316535229011889,0.15227662262111127,3.819078266053902
1.9917311208764397,0.16333174831910374,4.066927735473613,1.9318185669800245,0.1627320335495618,3.9627839762852575
1.7648492778152922,0.16592329712768877,4.111417259929975,1.808252726961345,0.17369234774401804,4.236811754205418
2.0380953665842405,0.15800847698948534,3.953370831219351,2.049953754281001,0.15717119917174896,3.875473364151021
1.913781435457805,0.16053548597328463,4.042180252133034,2.022070134793792,0.15632728080334513,3.8132322431768975
2.1167475123974198,0.14774970916768715,3.690786552064607,2.0688918974287853,0.1736963856163852,4.275895605832159
1.924849213399337,0.13809166824268831,3.4880107566742202,1.8855690271354002,0.1554580623298588,3.8332314252024213
2.0029074203490382,0.15843271978072218,3.957648071645697,2.2105615475782487,0.1629662379222176,4.064366211965644
1.9620802269029207,0.1485473518199555,3.7579837770993434,2.1854373955970146,0.17080854704944864,4.134837120208512
1.8436696689725327,0.14995241197302558,3.7637756694060065,1.9184343732162437,0.15628776725273696,3.8758105872965585
1.8814146573741442,0.139181937586403,3.521055455427455,1.8278471961079665,0.1475067978968499,3.7170542362698513
1.9865529313213077,0.17236424618080062,4.264055958500438,1.9476776868627637,0.16589156938316393,4.107282293895414
1.8211925756348792,0.15722522222263918,3.996119585912194,1.6254108962282932,0.16399878848974334,4.0835369017781895
1.561336270286792,0.153555793129236,3.8388948282309,1.7509335459306636,0.1618441855594568,3.977549295890617
1.8317036231793629,0.14831971167998353,3.7139208418148293,1.8867057481210703,0.16307170422529102,4.030873927484315
1.9771288689747593,0.15347551524266922,3.900815045761053,1.8551040624846826,0.1555131963458718,3.812452871428513
1.8337076235847785,0.1461675305839758,3.6919962329473157,1.915005632557891,0.17030609581326295,4.136720693977564
1.9462398787930915,0.16804246068446357,4.153743144472883,1.9336030912363475,0.1503923961735158,3.7658207953128833
1.8658958909092873,0.1541602046453334,3.8724601543927686,2.25948219303887,0.1673548440868888,4.089078548046011
2.1389821351194143,0.15343631239644745,3.8907528013805246,2.1035727754580624,0.15781778110688485,3.872167884295227
1.7548365956568834,0.14047065354500626,3.5675121453539527,2.0658000820354516,0.16690006483096623,4.149069817908454
1.6005545789293756,0.14267949871362118,3.6515918140348735,1.6628567206481037,0.14150099519966022,3.4833395147977644
1.7399984160112247,0.16350360084877646,4.071206828953785,1.9618560938542602,0.16998733368606733,4.212120116854553
1.6219741849862528,0.1432293425878693,3.662864665000907,1.7439010034966025,0.15304428325089148,3.74880402014662
1.712277374770734,0.14181030217964688,3.5509254358948867,1.90650390051468,0.1574037159030915,3.881206681729471
1.6810934353105087,0.1534238612455005,3.77684551006313,1.9716436401210373,0.16529053106272745,4.075677056965023
1.628954315613075,0.14790505370329074,3.7153325556165444,2.0629609698014115,0.15082310747946706,3.743331084188778
1.9267614839240854,0.14788762295222196,3.773308576517501,2.1547883037255176,0.16676567323943536,4.112050605326896
1.6140612757380488,0.14868973284512543,3.708311205725737,1.5680765436348894,0.1392898114084376,3.493370697853667
1.7577059583324974,0.15578998230540606,3.9009761796084637,1.6015042526257033,0.16307192958127725,4.037471292188011
1.8865787607082785,0.15417845181865616,3.8851746200525565,1.8047905184087099,0.15448695891912462,3.859082996914355
2.188805857287543,0.14663015619940215,3.7469671692864988,2.088902986375022,0.15654580188031011,3.834573359815872
1.9530771487578675,0.13353910058146745,3.441061911539407,2.028622368269729,0.15235983146433113,3.7784009474857516
1.8347166143598646,0.1438044980507857,3.649349048365633,2.0347466280778157,0.15602610477427942,3.9162241488137117
1.7450108413082797,0.1290677562068484,3.254964961452582,1.9532963149688425,0.13757717541550546,3.381153269812904
1.7951633250764831,0.17995552685549462,4.470002555422362,1.9211316578371607,0.16838259251617557,4.134812761162041
1.8497587134287128,0.14047356727742158,3.5202575060765953,1.7905346744623514,0.15812341916339737,3.927704250506748
1.5766230745732384,0.16859714665686748,4.218299261655595,1.7113857205537182,0.16251576489453803,4.0498719923200595
1.7725281701067253,0.14586377186840815,3.695855252014333,2.073743940168986,0.1729303206113016,4.214677697916671
1.7341576131240029,0.15736421743394194,3.9151761900074837,1.6572481272115196,0.14884092342161326,3.700126681578497
2.142915073279101,0.16374475535897748,4.083782380650248,2.0142011867012872,0.1765725654129344,4.307067814606646
1.7907680190380204,0.13697069145379664,3.4324756895401265,1.8798090371124996,0.13798941453975455,3.4662545419069106
1.962039320344405,0.17754684007336027,4.488108798636972,1.7990757827485937,0.17688956035916537,4.38671844171656
1.7332026845263522,0.1557769959975693,3.998950533034337,1.8916863589247117,0.16278120937888582,4.0138030660617146
2.1008318506270487,0.16094197245661201,4.029981848394232,2.011458891388837,0.16322235427032197,4.02798907552265
1.7830800600210288,0.14385625118383538,3.684517794645777,1.6775539812549174,0.16105357561936634,3.997244625912492
1.9793869913607338,0.1595489626848902,3.940568691348107,2.0911588832718793,0.17652325187796666,4.305864928196817
1.9019581004550092,0.15504301387495978,3.8760753468739946,2.085493242001837,0.14478839403103905,3.6110120972749975
2.03962927794312,0.17006143198440427,4.213956200321961,2.138094231237627,0.15170848813430574,3.816908379889929
1.8528485312645453,0.14211662270740386,3.603714396451912,1.8682698999337632,0.14054295295300415,3.5471437629402565
1.719210540856345,0.14406761477388022,3.5901464602632056,1.7859077888924935,0.14805042133535254,3.674514823846334
1.8087163308399652,0.1472343147330053,3.799672397410314,1.7459940812731864,0.16980114506648838,4.145374241738714
2.3636006564201955,0.15461457917979143,3.8467659859640975,2.142206008472356,0.1785846621921403,4.450306849549188
1.9030848554267954,0.15532417247627886,3.861297697311414,2.0603021182644605,0.1552434380396151,3.738757083781814
2.208247751721254,0.15523065538798073,3.972813162455444,2.1779143548265703,0.18107731415646966,4.3796759372972645
1.8258820339279693,0.1383158668441077,3.4881934374762373,1.7347587544017335,0.15387668340754307,3.8160176523898217
1.8009098514752415,0.1551549281335414,3.9282090264093306,1.8991250452726918,0.15463473803103708,3.8534778148940934
2.083970761675559,0.15797515311918892,3.990240978178373,2.246159480473356,0.1680124355289867,4.149601050746079
1.696207771933443,0.1476300619232434,3.784055405980952,1.8605643364150568,0.17084918267469584,4.2300270323290965
1.5171108078085564,0.15930663281609395,3.924896454473096,1.708589796903286,0.14645942372826157,3.6702626387842447
1.4915241529561458,0.1667190929790264,4.184616022667077,1.545854624830818,0.1623638955266353,4.039566734093099
1.795953044850254,0.1493304274923566,3.7422097868948208,1.9405057847941825,0.15450151543182894,3.822156404660566
1.7351715159122505,0.1610301198389444,3.9738892778567676,2.1627595909191286,0.1593760292008113,3.9491823548507052
1.8323454770221272,0.1551817085450991,3.919682306199157,2.0300055631455987,0.14974693940842998,3.677194576698624
1.9846791775849741,0.14363464804574097,3.628019009330689,1.7361614207894656,0.16000246496911594,3.929029860424133
1.915188354831034,0.1659432515244822,4.0884052850709605,1.8786893120286532,0.16786139043858844,4.104888908020019
1.8434836237167653,0.160099024980413,4.024827078198152,1.6998857691773595,0.15575718609085284,3.8657916948107003
2.005519842359768,0.16875303683502124,4.188340227784975,1.9873599704234326,0.16807365602943472,4.019737205692634
2.049295255486048,0.1700810704538761,4.312821332804257,1.9474184600715865,0.2002228282336977,5.021562985263812
1.8627849836738428,0.1589745110022545,3.967998699276109,2.0680165462168185,0.17139904851945284,4.250558175995813
2.0947830376685417,0.16394605499697826,4.105203979227864,2.104741216158269,0.15174684927604717,3.7139246967136015
2.0587661640063057,0.1561322273312589,3.8876611085690507,1.946513721877691,0.163063673536674,3.994227957486277
2.1020084166401025,0.15531805311465538,3.959848918224342,2.051983152294344,0.1754033944571312,4.360459240311494
2.020034268799374,0.16128775814518764,4.077104420133589,1.6757779868807683,0.17286929442936297,4.345866674037718
1.8517977801563241,0.14810923272404983,3.746900143263538,1.9532104519650324,0.173884424441025,4.2057031447742625
1.577898068778562,0.17771940547374487,4.503004342281533,1.5587932459132563,0.15106639959196427,3.8037547492340384
2.0448622668296768,0.15618090744071386,3.9726479675785673,1.8822368419954028,0.1677225005932418,4.1897067219646775
2.108730231979458,0.16111240017810843,4.120195673898598,1.8776413517203652,0.16750397488163812,4.1909481125777415
1.7052113734736556,0.14577139327572747,3.69351458919889,1.5786589174884265,0.15185026197330348,3.7565680163618587
2.1140192740644363,0.15862792874039391,4.003587915558967,1.6573736925400466,0.17217620497232475,4.1785997934784085
1.891350918286919,0.15845160276980327,4.008543709254584,1.778008610417013,0.17490046154338387,4.266280817247357
2.011639687957753,0.16027448022621343,4.006862005655336,1.8059807405164052,0.16294391321665339,4.0408776392547585
2.0602636637101,0.1565248273133206,3.9597997173970167,2.1079246528533098,0.1634397768970061,3.990073453032826
1.688568278294558,0.15345931092029977,3.9034209086341436,1.637550063385411,0.17425501776129915,4.268358786348028
1.7004425934990026,0.14948833179439844,3.7847422660800634,1.5844027102236329,0.14290494694110478,3.5697644304337146
1.778869797412385,0.15449365250164496,3.8344316158450655,1.903653767593618,0.15473891369721351,3.8622783262986973
2.130300099996677,0.15619728951740608,3.973064665270638,2.2481989297448433,0.1551034241764749,3.8868806691376556
1.6704367070222828,0.13188804253322853,3.3779820870883603,1.7892812182041178,0.1520379894679119,3.7642837695909317
2.0945857306385807,0.18437065996738355,4.534918616179257,2.0714929534734217,0.17648205719380639,4.454205744881461
1.6066645696936197,0.15740481744351434,3.9539638978932086,1.4388854240586024,0.16748385893327392,4.126361799809942
1.8444836214832305,0.14250404711600742,3.663767688701847,1.7539025330546534,0.1437126529152144,3.59856023753548
1.960179617016002,0.16023528526269665,4.0314382576391825,2.0200843495096787,0.16133020055197342,3.9649173888650617
1.843298360175442,0.1628728991211849,4.022663865346594,1.7437437507236626,0.1580298521897047,3.8805902659787783
1.81984439483736,0.1597227146398347,4.034382043743965,1.7676765656591353,0.17644274124205683,4.307516267927355
2.229584035807285,0.14939600346338405,3.7498099266527922,2.1771970092651785,0.16348917554832063,3.981221588813096
1.936098726003834,0.15842178396824746,3.9191384921992007,1.7442825896626992,0.1626904223048902,4.021449243053216
1.861425007809605,0.1408395229214029,3.6209729043804586,1.7091690698114501,0.16861094545880442,4.150706983476216
1.9805710972081438,0.15927056637248066,4.022961383538956,2.0701242470542534,0.15491045508744514,3.9158960879931675
2.2677561595261664,0.15246429571175524,3.8268234508708883,2.078251678276385,0.15134761872750127,3.7593968592710856
1.6532252202696234,0.168077290718035,4.168181261401145,1.6377603152051148,0.16759056533716551,4.115363695566716
1.9591296029093943,0.16550767523650575,4.1376918809126435,2.0200926525694554,0.168727596472204,4.194501534077119
1.8670822384835495,0.16203557207997873,3.9822528897658844,1.7369302234478479,0.14519809585405388,3.5890666727189515
1.9917151516605403,0.15423173311409222,3.889576312351192,1.9767043062114333,0.15306294139098625,3.733606446349159
2.023589511621094,0.1541393197631916,3.875002412249773,2.002705973186444,0.17406308206525423,4.320132084490258
2.16357713927885,0.15311279658112328,3.7536063478490065,1.8445471752786622,0.15101715239729552,3.8383319926172925
1.6320078343300486,0.14718458675194449,3.6678210017023125,1.5704128995690665,0.15567592280931825,3.8132657611973086
1.8661265757699315,0.15470472223485926,3.8490087190876183,1.7973230746353512,0.1453484153945093,3.613304308808684
2.027345188580429,0.1488426149463376,3.759565284358373,1.9128569367275756,0.16480019775543786,4.066926979275745
1.8301847102466782,0.1896209289155291,4.713901542243226,1.96629304866048,0.17443436888268973,4.329347180957125
1.9068942013284613,0.17532607052384275,4.30174581596932,1.9957687591106754,0.15574034661598843,3.8747747539899953
1.7257608690123778,0.14614146019981128,3.685547392669887,1.7009609167053965,0.17802194873905294,4.371517354696026
2.047875247566554,0.14898581485918425,3.667593823711754,1.9939883105591687,0.1592336197952213,3.936002566850971
1.9794108014173,0.1393658398422022,3.4813575634386575,1.927522489585035,0.16071149810793897,3.9201747979316375
2.1843712429349558,0.17148690520917942,4.2974495270291975,1.9844211006113914,0.1635871409766913,4.070000726894573
1.648992681858258,0.14003191246341662,3.545324851368606,1.527192017815041,0.15260273662107815,3.7628257860734426
1.766805661959056,0.15362877238973605,3.9467946242419347,1.9942162255675067,0.16394193462838014,4.0623210322220205
2.085126822545742,0.16684341852196535,4.137582226013019,1.915703657597032,0.1736494820858945,4.285308957458953
2.095747683879464,0.1559204227413487,3.925975929173678,2.3088904474451186,0.19974812155298297,4.806422961519752
1.96491792700587,0.15627406336249688,3.9627109144786123,1.7514170182566617,0.16676621296773866,4.162479330600396
1.7746119581283915,0.1608468144940323,4.040425877236927,1.8550171099391146,0.15856434178999898,3.932267799843597
1.8364330811717795,0.16853850092004433,4.216831945789071,1.6862420053908957,0.15048954478841184,3.7320193462431837
1.7302912886098931,0.14990403529021404,3.836489145894952,1.8355946119283746,0.1554894744658864,3.8340059748471886
1.9575800367704435,0.14968408920222026,3.7301082817989615,1.9604833438817537,0.15459684200383822,3.8618278754907323
2.0741363661180197,0.16391609129226564,4.025133096640932,2.2742616494296257,0.16508910627115214,4.0774001441775045
1.974063429277826,0.14552025514105713,3.7157564930871843,1.96104449456992,0.15408752301715437,3.7963113153407453
1.983672774135116,0.15769187122154896,3.967447254323719,2.072320675469162,0.14889579360224742,3.6013087969763427
1.6425349403810792,0.16008850778012368,4.125192278506434,1.5306504732534485,0.17437164545425154,4.228287690566105
1.759259532494741,0.15271568213712292,3.7717991115739613,1.8491153684006825,0.15582839789517136,3.829702823027893
2.057836017196462,0.14668342788581668,3.7425838986765765,1.9874323525150919,0.15239384624300206,3.797635079291967
2.0559460536133054,0.15220801318924412,3.8445707406696163,2.03834940934982,0.1727396480987367,4.238286161553487
1.9469141683280196,0.16214739559268265,4.102040693897801,2.0766934152404253,0.15752789698424946,3.8906520507815894
1.7839228473187843,0.15505312105137126,3.992429691374953,1.6308669172035655,0.17166184842311993,4.3155119521274266
2.029363266583699,0.14376833841974312,3.662567200837547,1.9918338981598436,0.1536074458650561,3.781364824988829
1.815767155778584,0.1588065315556041,3.93186499855654,2.011326777524097,0.16827902361118433,4.156185290671658
1.6244538362300824,0.1423115841188107,3.5804870555273034,1.911655515037324,0.14682094609573507,3.6675860579632986
1.6943908156317278,0.15434793119658075,3.8863816037796965,1.62169055800467,0.17079226230265845,4.15204385161259
2.0888137391409454,0.1628780662296886,4.088207016406505,1.983401891878857,0.15671285238485955,3.8226373449552176
1.8342189364295503,0.14338830124672197,3.6217966188288933,1.6556426265433586,0.13774487888774467,3.4491273665514663
1.6133472043086254,0.1553250834022749,3.9294483304544343,1.8947112312952998,0.15482336922025214,3.8144406305018417
1.6689176090085205,0.1544495774452031,3.904245815871248,1.818932755767565,0.15681688531837604,3.936072582943907
2.1051972194080903,0.15799335059667474,3.9624530742721005,2.107761687529676,0.1593960226006876,4.016653262765347
1.9792046981836557,0.1545087663829077,3.8719785875437727,2.1945223452539437,0.16034036716001018,3.9730777076944035
2.1064789660452408,0.16722925467142852,4.247096329680452,2.0746262727139886,0.17604863204932192,4.3014989416857015
1.578361563183952,0.15387345282428136,3.8159375365302823,1.601218916902058,0.1704179468011093,4.163921123816794
2.067922811864996,0.17327886722734684,4.335435872905157,2.0445822164168135,0.16655913143506582,4.130532135525418
1.9632106946339087,0.14425633865009743,3.60352218450456,1.8331141081144962,0.15546077928868202,3.905130216655388
1.7699882696274993,0.15683861830961632,3.9428617254662046,1.9140675282466384,0.15541829270674226,3.762278509735406
1.7172947742387816,0.142205520381735,3.5551380095433753,1.8192021185784566,0.1513209722830619,3.7739341274025864
1.7311608014413922,0.16061928002936204,4.04429013255398,1.8325082682529792,0.152753141540695,3.7881547201888726
2.0430178367689042,0.15422164294610965,3.8617050121584025,2.0277414685232076,0.16782556918689773,4.127963191709472
2.132947251442602,0.15673889921909032,3.96211632030855,1.8345698545418012,0.1496418819376942,3.7470279428260165
2.1278576460614045,0.157020090957946,3.9349122010115227,2.1277277646710475,0.15935595182908813,3.8805710139526264
2.341165045464311,0.1540239181089383,3.8904380690435447,2.2105181102172025,0.1519382150887961,3.7710073272126468
1.9536788321087786,0.16208068251267688,4.138615259207046,1.8991408797330744,0.15560949664413118,3.8589900232044556
1.7256481909613401,0.15829892106912993,3.932063627408443,2.101066760157945,0.16344545438891223,4.033494723596695
1.6268821892950764,0.1714590096281105,4.269294910081118,1.825728900020771,0.18415781760815478,4.5928826798662525
1.823229399140985,0.1783309253282543,4.422463130539962,1.8277364016376665,0.1715927797661474,4.289819494153685
2.2955060385484782,0.16560655730348545,4.146782903931578,2.242555752227694,0.1747669334774351,4.2880270036857215
2.0978198377337174,0.14798428002088632,3.705521643787708,1.9809270894663336,0.15765732947366579,3.829483227106906
1.6587467601998456,0.15139299751351662,3.862747162600615,1.7433261338977188,0.17790010485760258,4.343095047978366
1.807478208569341,0.16857983373801422,4.244731753308865,1.6614303919581643,0.15786569484181315,3.921302511164777
2.079661301836352,0.1448419453275174,3.5919634342027504,2.0078693176122453,0.15278186294179205,3.8226009895255606
1.6781221898180858,0.16797214733293364,4.282466284953554,1.755907575589509,0.17925857435230877,4.387259765595662
2.1698801006896478,0.15480863084634275,3.88874843470642,2.239692406980916,0.16858206123457267,4.139710926643142
1.9171673675027405,0.15114512918942377,3.766517210666108,1.7804789573814157,0.15705882002683128,3.853546251808688
2.0933245216428866,0.14665186801479063,3.692599684324349,2.178938684284674,0.15465807224128325,3.844738708053255
2.192688956191156,0.1731057999788535,4.341471376549032,2.1142259477494996,0.17299012705067685,4.321291988696646
1.8443463718182345,0.16025688548139938,4.038346324124016,1.789187647691099,0.1784857752263485,4.415494223570921
2.0977583561172493,0.14021702880729664,3.508228939918824,1.7586000733762552,0.1481796035447997,3.6717458616726355
2.0618246257398503,0.15396353132976762,3.8490882832441904,2.0362813920628806,0.16905053358656646,4.188907125280332
1.8770252869048603,0.1550251346559593,3.8910999982411063,2.076770449385313,0.15691427729261856,3.9165753319167704
1.9076158174870397,0.1605244739116343,3.9873452131816345,1.9232151511233555,0.15516785578560804,3.7562160737761756
1.9976142234945033,0.15514789377639912,3.900357569779441,1.9284652745911723,0.16715226915389506,4.12158315440124
1.7739710862120166,0.16187518781240315,4.075913082510065,1.81319466687292,0.1766593718853572,4.301936827666448
1.9625495930541406,0.16492518333622952,4.146154817930102,2.2754823006965395,0.17027884195763884,4.209022943066895
1.8477228668588805,0.137863243060407,3.514836832861002,2.178204508484293,0.15637109981162478,3.881028632653852
1.7783952647184078,0.1403915480873905,3.484426588839896,1.81208339717971,0.1413075239698558,3.5580325396954327
1.662103493997491,0.13397331646390262,3.3707004834166625,1.7989167952105394,0.14233810999423777,3.5868074033218798
1.9749625342713883,0.1662466388264073,4.105989089349547,1.7024584083793082,0.15472672712875132,3.8026277089845313
1.61598688728647,0.17136786267789303,4.308121265093959,1.7550287064255206,0.17058900397036222,4.227028918900196
2.0091318829110043,0.16864945230051762,4.279843305338921,1.9298100618434404,0.17685079125246803,4.328330534699006
1.626290292644986,0.1500277702533292,3.8308526941615875,1.60927540134448,0.15776541100150365,3.854774334556901
2.0721136675729555,0.1548395374523072,3.8740839893304098,1.9903833877358414,0.14908395412587977,3.654838060990153
2.036627167699939,0.1594523764504155,4.058994839918362,1.9939855616618596,0.15000983983528252,3.786077185451761
1.8702445504918352,0.15633567001039556,3.8864431272664164,1.8623435671857913,0.16613641814026447,4.109988001524554
1.8740734976216409,0.15406049797574473,3.814358727675678,1.7752779154625724,0.13753322822524125,3.4079390786454153
1.7379671863230064,0.16093400070477812,4.0745234574860385,1.5383114642114397,0.1539455303502276,3.792812989469873
2.019716331702809,0.17442514316747423,4.297376787690287,2.0369559110016793,0.15971926609875442,3.9576874299720255
1.9663870039101572,0.15356278868402604,3.8939599168443864,1.8075436197148678,0.1512802260396861,3.7698838068266904
1.8856184203594035,0.15052556272151627,3.7781616390192134,1.6492596130054842,0.1649944894235584,4.0950555342665
1.6734663573051678,0.16051552754325993,4.070263607746031,1.7580858147126912,0.15382685598349607,3.820979835150977
1.9338906017605277,0.1484133100287867,3.742841265348249,1.8427506634240385,0.16580550309397593,4.131851845810671
1.7677759415068555,0.1631996869261078,4.086514946578908,1.82640040078839,0.16754223622779085,4.171768038917013
1.7316582142016455,0.15731062098988075,3.964102797279721,1.8011442327279694,0.163487207161669,4.06751440249674
1.5713459786082535,0.16017203319429785,4.042559350041527,1.7166211444697783,0.16080548507317569,3.9650863357572117
1.9385390141233554,0.15395983723888118,3.8796657061485935,1.9767141001599473,0.1588307919646827,3.9484708754462523
2.012763453893976,0.14470287087227018,3.637773765648958,1.9839537092832624,0.1469977730503094,3.6246205223863313
1.842578143502957,0.1485262607178398,3.7190928231237357,1.7389059592195113,0.14573580155509883,3.6753170709097933
2.020432378398835,0.1612325147649706,4.050114557491233,1.8743197572518135,0.15380673089825692,3.7768870532720618
1.774824714910922,0.16516975740422996,4.129243935105749,1.605691078101118,0.16409955865302253,4.029638331850691
2.0219412732337485,0.1726264345415934,4.239024793420469,1.905830432809312,0.15773313572746778,3.882927209785213
1.7850654443024536,0.16203292278906428,4.005196897692216,1.7202336058249958,0.15746804313832594,3.857163564834684
1.8399987814480252,0.15872828120441326,4.049904737450481,1.8286742336997825,0.17784913227406318,4.319940413000619
1.7479547032907363,0.16425926237971633,4.1163253168679335,1.8943973898000759,0.15040679802464318,3.7056279318706116
2.1201857338467143,0.15968321073399794,4.033384227943469,1.8698530532780715,0.1587039307914005,3.9357294945047494
1.854854865387024,0.16097403054504272,4.014680703763124,1.9403454312925534,0.16071685834384825,3.969413586300767
1.8818892516442562,0.16643987237359278,4.1208576381558375,1.8956764373800008,0.17572605211585546,4.261130306694213
1.8133817369886434,0.14930976273614413,3.7357290701348522,1.9436951591291018,0.15161103123568032,3.7872423464077625
1.8477968825824749,0.16245318774593517,4.135383024498796,1.8682327252813145,0.16310050433215872,4.054614241735457
1.6936961585233394,0.1529828180389412,3.821509569770137,1.7389345958938016,0.16862471675210824,4.17835579998083
1.771712588385312,0.16020885358914821,4.005221339728705,1.7682446945138985,0.14914950639741675,3.7047968816862173
1.690541686929331,0.15353643425217753,3.8781248791333582,1.8942654411347002,0.167310245850831,4.08798885332376
2.0465367730890636,0.16409195088130943,4.082560251234155,2.072364339815242,0.15592420076877156,3.812976411998551
1.9883021484412189,0.15994610726198083,4.001850325148535,1.7210927803733658,0.15967189570489376,3.9757981402929112
1.910927956507284,0.15244354883683275,3.838430481195093,1.7027455583964206,0.15371765830720485,3.784077932089012
1.9660725248653037,0.17043594928705252,4.260898732176313,2.135966045610695,0.16772522282510022,4.1662081056227995
1.7805465831264802,0.14572403413210672,3.6779083399154273,1.7323688932761772,0.14879959440280505,3.675078879372246
1.7325801920915835,0.1590486658322118,4.023648342726314,1.7821950549552794,0.15413759566106508,3.7724369629336705
2.35262051277327,0.19140142548027178,4.7504584511752235,2.156162269182045,0.17078602670576662,4.269650667644165
1.7810723310722707,0.15556253355292518,3.9138742018799415,1.7231208552944672,0.15321821268444077,3.812024791655321
1.5061936541384278,0.15264421126791855,3.794674918140928,1.6784604555569236,0.1435551537211279,3.536821436128388
1.9824416714857296,0.13951542753790802,3.4934618481844715,1.934188474579451,0.1666076651435419,4.057161772983359
1.9922386510826644,0.15280621707162406,3.8384483746290146,2.0607623514667774,0.16175153561577052,4.037313144622213
2.070266628946518,0.14909110141035561,3.6913222490875213,1.8534241211771783,0.14186334831920797,3.506637001938162
2.0301064193774865,0.15641760744370747,3.8916248073906257,1.9008354176269315,0.16355343548049575,4.062583057718408
1.528203986559512,0.14040316584178894,3.5408331152795696,1.5486809664363528,0.15768529177756785,3.913646019464925
1.8975296481385369,0.15941685709278192,4.045546304953047,1.4552255183264395,0.1627910088347246,3.9875490635798365
2.04188495169189,0.18631275930194063,4.706010991254954,1.736365207527915,0.18372463981908585,4.481525660933833
2.130464917099539,0.16836145775817865,4.202296589440105,1.7560769326972963,0.16339626212438194,4.058678952544482
1.9244219505598248,0.1469037250529326,3.7308918987563566,1.8172575092544765,0.1543666687880143,3.8467975637810707
1.7664263676184577,0.1671670055585125,4.202513354691052,1.9488827595466565,0.1711103178100095,4.170320379953945
1.8337341757604346,0.14782994533407304,3.710502179572094,1.8508601555055877,0.16171108342920748,4.010304454759836
1.7899861349564028,0.16858027828163066,4.271439706326045,1.7863644891207726,0.174819772589475,4.282192397936068
1.739906966233378,0.15024141434812893,3.8451236772552106,1.7804085603145021,0.15306570684549073,3.8143777592315273
1.8746870770889075,0.15654347783693087,3.9757112561611763,1.8760563466374143,0.15957782692746186,3.931577964133844
1.749404781773129,0.14195110560341523,3.5742375111635,1.7080063215374301,0.1497999223938696,3.6662746804865023
1.7934286303650815,0.13383132905331643,3.332373219558364,1.8041724739702825,0.1264334900981951,3.153242117924228
1.744090644425237,0.15722949339421619,3.9838367093427913,1.8753714315753092,0.15156156014120648,3.706292230037596
1.878343503373815,0.15277772935898576,3.834690572979145,1.9381156453051411,0.16207891173190325,3.9601686145963853
2.072680251630242,0.1689879160315848,4.265062173299775,1.994130916443894,0.16542650671585624,4.041962355979345
2.073581737335265,0.1513110147297645,3.8008893203651284,2.219145255019681,0.16246242897909197,3.9294419305322608
2.0232717946288066,0.182552897494662,4.5820413618526885,1.8576532961039027,0.19212955334365736,4.826239310698238
1.8437676449544091,0.1520597629171645,3.8468415302675956,1.805899686144823,0.15711197377759767,3.816236583275806
2.043941659746643,0.16571192640476767,4.132843484554989,1.9126823506792772,0.1772256601363028,4.369969364118583
2.0546237751152554,0.15644000507791314,4.019016499666696,1.92570409310775,0.1557993117628279,3.8542621127800527
1.6690256729234547,0.16585115675411108,4.142960567845931,1.6625073649410351,0.16441611322111158,4.034062504302072
1.7970478371788403,0.1513302373959464,3.846289526895046,1.9224933572670562,0.15564033303537336,3.894119888417481
1.9924174803130101,0.17535727107942553,4.3909404653565165,2.0243974366158586,0.16650254217281402,4.231916867248962
1.9227829099313352,0.16313042257805327,4.139786032175852,2.024439039280086,0.1483218916325018,3.725803404921806
2.014078350219901,0.1553421696914239,3.939080472279586,1.9824842482131213,0.15825603372084138,3.9437200384689253
1.619998709257363,0.17069765153303662,4.281075320788497,1.608204266226693,0.17141480021961739,4.195287499905635
1.6874351278670574,0.18602657044899246,4.620804149856344,1.8765161356751112,0.17361459344056984,4.312497036899237
1.7240044009361983,0.15135164568074716,3.7746991197270554,1.5125190851758648,0.1527053143637422,3.7342616398543558
1.9931080264160337,0.13707944103243302,3.3772769066712494,1.8561677379364299,0.15803906575327928,3.8743753211073613
1.7426370463411223,0.1653805201720219,4.081248132556074,1.8694986736321706,0.16098127656458405,4.024531914114601
2.0264704490495378,0.1479208316889104,3.695061191274687,2.0784011686266717,0.16947538660809966,4.1443576325224365
1.792806149320965,0.1515471658800094,3.767402802264524,1.6411400565155256,0.15106553288684108,3.644407060381184
1.9415409683528697,0.15894370839239988,4.052285353278242,1.8755957006526258,0.17255855572686146,4.296673387146738
1.7951549679587284,0.16039975011520988,3.9939215689536893,1.9001205616603456,0.16651630172426463,4.116018915177017
1.8771461519914379,0.14276985914086265,3.6594786336539604,1.7813775385236694,0.15616019139971488,3.853709547332195
1.9333043149101732,0.1644169280536554,4.133377478254287,2.1091094272483932,0.15687845537547285,3.884128075062595
1.9643121424009213,0.16023961556501853,4.05377725260182,2.0097205790604846,0.17961432524156812,4.373894644177704
1.9841849472911708,0.15002193217883472,3.792321809400502,1.9637357893522702,0.14918321497177836,3.684553608496239
1.7263043543067016,0.14583910739076006,3.6894700102455817,2.3039920306490513,0.17150780798053042,4.222019242988077
2.0627928277295733,0.15045480655061017,3.835859972576944,2.0450906104596775,0.147870105720615,3.670039507981996
1.89481728382468,0.15857806519555548,3.8908219777088027,1.8910850705968483,0.15835505942988135,3.833370104798932
1.5702439955146292,0.1554149999267891,3.8698022902199005,1.6266887662690874,0.15366020180980336,3.8137459136735066
2.102676128243349,0.1408150666261117,3.534430121394007,1.8952753328084255,0.15187278004661606,3.7816017264955932
1.6240013273875407,0.15211121737372488,3.7445320675960896,1.8940487078388824,0.15196257815286712,3.8021024906556993
1.67544652983646,0.16161037842452808,4.056388305025429,1.9087429543453767,0.16729297372728738,4.14873083255459
1.7336710017294548,0.16608347463443926,4.181875037178312,2.0553310590310083,0.17175212373305196,4.259314156550366
1.7239545670449503,0.15478309989280206,3.9279547298819257,1.7360692250340493,0.16125853329351736,4.0185419422653
1.7622284280944855,0.15446795756410164,3.9653462135534325,1.8058567589538543,0.1482730554433537,3.634958635428361
1.4963228488760252,0.16170625395733973,4.010184687752314,1.7758648814356983,0.16024052184740897,3.902111701536037
2.0679194745335447,0.15521270496607606,3.8988986607760374,2.25393416313719,0.15507283746844652,3.8111338591016715
1.9268464568221613,0.15126406866420586,3.880151872350234,2.0766775070924273,0.17587330806181872,4.403862014908827
1.7048831079164612,0.12867330619077486,3.242465192727782,1.9891917563431818,0.14882883257397123,3.693834482713593
2.06572216878215,0.15429423097038888,3.8880921627865583,1.9066790875985045,0.15213581808722626,3.7636322844803254
1.8981374735019787,0.15606531430830695,3.9327220572582613,2.0359742852547993,0.15136602490206116,3.756805940251008
1.7436905293045237,0.1526428553331912,3.849506339362935,1.8100282737464297,0.15024968239925984,3.695653537867486
1.9814257549657783,0.17055138904020153,4.32138315668422,1.7337104878245164,0.16409624943893594,4.135095248691701
2.006339219428344,0.15181114305251955,3.891224924464988,1.8693873534417742,0.14875223903258417,3.7543367762044064
2.1354917464032597,0.1616517140462435,4.105444365947135,2.2497621900019404,0.15632546962003957,3.957844769781214
1.9590807504920873,0.15730598956057554,3.9105648887735533,1.9404370006951488,0.164296059830991,4.02776741643173
1.8379736704155352,0.1567726326932246,3.947434027470508,1.7762918262427108,0.15080460382961605,3.797162900371213
1.8619020597301612,0.1613865647452936,4.063609868048587,1.7524042346244317,0.16802049428190194,4.13958308344354
2.1225432951446566,0.15195607649995369,3.765323173347741,2.1341411386061493,0.15940415002154695,3.949879161325368
1.9984248678464132,0.15404575779249324,3.8909897102260382,1.9967854176622026,0.149325009456951,3.675943799935877
1.8187669214955062,0.14316353730970005,3.5271730377060764,1.826825276973997,0.15742601554855362,3.8432588283135565
1.706038944430928,0.16112888147023702,3.99911366797837,1.5719199146245522,0.16761763674639207,4.015833140608271
1.8180602834872461,0.14988154792030453,3.7917365652786836,1.8010994942615204,0.15545743417305682,3.8833254609875625
1.8372793077094445,0.16493105951352938,4.159403057347823,1.8277440105510032,0.1703663588456143,4.221511990147126
1.6600456156886165,0.13451353198799598,3.378941368484488,1.6878867313304748,0.14296416409147625,3.6167390584889745
2.0927110268790288,0.14167566654057273,3.5841423623257436,1.7680103088157884,0.14855893269273515,3.6871357438271297
1.5147016486474147,0.14025316179318617,3.56198853991359,1.853125131850566,0.15213127441609486,3.7757989337048308
2.1078868281164573,0.17714720327466676,4.4569335108959,2.0407405652503674,0.17519456194330066,4.326986487851338
1.8526358925887858,0.14215478129174983,3.54817878479616,1.952171452094333,0.16529109557378932,4.042034818385186
1.7961922245169164,0.15214860990040513,3.797624426552971,1.9053643563276763,0.15222359656162898,3.781155697276592
2.132972551272512,0.14191573143347314,3.550730466047,1.852094134140273,0.16782813792255452,4.148445425673967
1.7945895968511048,0.1515165207839721,3.7939688396441618,1.6961954567541258,0.1599091956467472,3.9364954231585405
1.9598341854622614,0.1474332133415002,3.6383458342062522,1.9354352114141093,0.16128777618621476,3.993297729442288
1.6209949078271713,0.1691452836094932,4.302412363763651,1.4522741757573645,0.18895956759870233,4.566414284891343
1.6502069623211368,0.15292371975964178,3.8837808025178147,1.9031465459256196,0.15263876111381552,3.7326341441169326
1.8910714148618484,0.14476179177226164,3.6507534788212617,2.0496039043922747,0.15242762558054798,3.755415808050435
2.0951238088683297,0.14900232203984806,3.7724374819026343,1.8623052975472913,0.16054405951411083,3.971640689652761
1.858321133857126,0.1468232795505024,3.708559574371383,1.9654403132165101,0.15900822124456818,3.9336461491976196
2.1807382616230866,0.158958897812368,4.086820588067306,2.155966851705898,0.16251948752368645,3.967606326196836
2.1297409873857864,0.13262146035978473,3.3681673618505745,2.0102698965093975,0.1484132429865527,3.70438978810659
1.8545099245025085,0.15175856126196666,3.8272052914323957,1.6704407235278467,0.16021466094109732,3.966728644214094
1.7209030898710527,0.14232233571856412,3.6117359850057786,1.7060417835740407,0.14711325350325857,3.6453227490548494
1.6706677519853328,0.1514980459970095,3.8206353464338934,1.930621287020233,0.1565835792655229,3.8162730344654014
1.9170851377577516,0.16251445764984043,4.075841862308264,1.8742647930845404,0.16471320321569213,4.068116023576525
1.665377612096547,0.15396494386716267,3.855277275422824,1.8703037001795173,0.16178996064742593,3.9098310651378085
2.1266451028051976,0.16107858993674157,4.04304051991637,2.0811970085916816,0.1571400080516311,3.9379173147659006
1.9131768052710394,0.14416169271526003,3.6069243993639772,1.98655911405635,0.1591887131987395,3.982900331740547
2.007802993028749,0.16195718287668734,4.081192469021645,1.7616511647342243,0.1726432191742991,4.253474866977246
1.9157677593549187,0.1501687868843789,3.7632190130414593,1.658092252128786,0.13936722480569913,3.430812345513176
2.0021202472651396,0.15695974862332074,3.9427838966981694,2.1259354398568613,0.16526753377424813,4.071757376849964
2.01943777556123,0.14625932467912803,3.668165201428229,2.001519107551623,0.14669956401272283,3.6733523959885606
1.965109805427216,0.1414986746484282,3.5176012714700553,2.217871127740636,0.17617719998905274,4.279329318903814
1.5788702892129554,0.13442242583496186,3.416551626203219,1.6337522454580806,0.15355927446347717,3.829757222236443
2.1137005172986854,0.17440145741999083,4.29679323316606,1.8946153220373743,0.1662060315027923,4.171738281817488
1.6139671454106648,0.19337135431873465,4.724755121762797,1.7762711475963715,0.16903893919259474,4.154370521495173
2.1358075561023497,0.15438531020179266,3.9026212396157915,2.2991777623250527,0.1777433847398959,4.3610562840800835
1.7401961929606344,0.15442321013900712,3.838900128775821,1.8172791447821135,0.1571668198562184,3.9197291439628805
1.4332411282608597,0.15705718652335995,3.9264296630839985,1.5730290112168661,0.15614101592574195,3.7797737864365857
1.7293469291661334,0.15662710495458831,3.990150430020114,1.7136742999106522,0.1522137072950536,3.7931460398409578
1.9439803025874365,0.15569608853194844,3.9079408068717525,1.7406009495440256,0.15566926550973445,3.7971815249580074
1.9706566646390256,0.16813458831871164,4.223492666848585,2.0525825828607625,0.18207412529438635,4.459887023348186
1.8650178037442815,0.15215880200501267,3.8403145384957225,1.8619786348586502,0.15476350452011853,3.8845331339492666
1.8568805150958148,0.1580558063033887,4.011006707997635,2.0612451770443605,0.16236488331817145,4.00353744126784
1.69442951679142,0.1420539145676207,3.6577159005261706,1.9516936865478554,0.13102806221729163,3.2652024849782064
2.008059788283477,0.16477469673285908,4.175014950721308,2.028769493512917,0.16149880519375898,4.011547100153534
1.8652330059280386,0.1507963630309934,3.793959776333491,2.0907234406069746,0.15803049947193135,3.919028940880519
1.6640701051254299,0.15083416665004987,3.836647227902601,1.4801045826845252,0.16234913718634422,3.9401035191088054
1.89097566963744,0.1699080470692257,4.295011956819582,2.0510059789099135,0.1701178815369814,4.20848396629972
1.7990092746649609,0.17272093200502672,4.3076475783622445,1.9269778865440073,0.16058163393424532,3.9497859435645553
2.076127654111765,0.1558213156968173,3.9389212317443363,2.0631004179175854,0.16439338442846108,4.05355552386507
2.172313627784069,0.14921489365513183,3.777819365339797,2.1482682307857575,0.17380156127380808,4.320638298833842
2.102356298671368,0.149649627478266,3.8387390170320943,2.0025451199315842,0.17600616620108306,4.347031634332788
1.938647766049916,0.15775888029299623,3.9091109842441343,1.8537741385188684,0.16686508930753688,4.144842832276124
1.8577817861139252,0.14363351718003844,3.6336725010387734,2.0601568477856804,0.14844845742078042,3.6483303694166724
1.5163746622640466,0.14867208416520758,3.647771914914088,1.7929241797127524,0.16055154320172343,3.949045809407026
1.7665723330624448,0.16209716550444447,4.052429137611112,1.8081384243734744,0.1704137441198295,4.195086599353209
2.0626345880630375,0.15131575645432613,3.801008431127016,1.8196664589697666,0.14728887784973005,3.625820211230697
2.0778740103136237,0.14670611892324212,3.6558976448516995,1.9587103172198463,0.15491493548271373,3.8511242269769816
1.7768549073239905,0.15369615294882896,3.927530694039093,1.6642981661268423,0.17476546271972335,4.358638026826209
1.7464174718262173,0.16320148514637717,4.1028217173693236,1.7917773285612848,0.1454627240740777,3.6014878467470113
1.9118660859099352,0.14580856315286786,3.6335306703102277,1.9424300024833725,0.14102691579040633,3.474532302807688
1.8401162118956935,0.14681568843694373,3.7315453575970468,1.6912742874233955,0.15856372262502963,3.9290541912122188
1.8706465594934751,0.16701232011864398,4.161925571096521,1.908915654822104,0.15068843796326029,3.788248589022405
1.7096990829246228,0.159222785363751,3.9901115646064866,1.9130755027741313,0.1632907339548128,4.039589662681952
1.9443272420027495,0.1493738456998213,3.775939188186089,1.8197609518365778,0.16229618675591645,4.005133182732678
2.1741770196431314,0.1549835549379915,3.9604287902568056,2.1424666791080553,0.17239211822145797,4.212157205952081
1.7274355338162524,0.1631502269030297,4.082017372955106,1.7661287168171034,0.15793384875724747,3.8878681759372875
1.9412548145298203,0.15769958983556123,3.894892551396712,1.7058889794559535,0.16150440672387978,3.9626217812859577
1.8257065477729915,0.17205356378656433,4.280642876299763,1.92896299723466,0.18010613903429498,4.385871092665583
1.855456980844107,0.15590364886548833,3.965595564481335,1.921803788466919,0.16835938475474307,4.181960361169423
2.074844469069584,0.14184415669450054,3.5233357595362342,1.8751374188298424,0.13794321211868626,3.4815292707729024
2.0598274540034582,0.14668466854022696,3.6817559601902508,1.9749452415197895,0.1549704158782168,3.805462569500965
1.815147220660097,0.1728006128983041,4.340701866884737,1.6854061399764217,0.17134753459085378,4.283688364771344
1.8053073233135057,0.17439528552504896,4.3107749001502045,2.2252363314535253,0.16708050783615433,4.200338835669514
1.6884376376111543,0.16935887252115553,4.264347448653529,1.9446762186666735,0.16459712429812998,4.134632584580166
1.8084382867742401,0.16146819006853907,3.9617331807195115,1.8682551134245076,0.14852772492518798,3.6442299615987856
1.7857130677389847,0.17104937006809892,4.196814026665639,1.7985342786880327,0.15807246041177567,3.884853826766454
1.8072161479374709,0.16654224923990782,4.156889203132068,1.9262261728311094,0.17859886432607358,4.411066554306744
1.837903312380365,0.15113290208873043,3.7112283570993516,1.7372154361925087,0.17104512090704793,4.200193963595289
1.8657564222825171,0.16612835138437607,4.22893741720442,2.1064588086089975,0.1627602263326224,4.052696952774141
1.8416135098167985,0.15958866954417106,3.957670302062864,1.8791404015923705,0.15555711606769987,3.8388268993031724
1.791653195063219,0.13987757978902804,3.4716702311457692,1.799631949290817,0.16281763390833667,3.944759128521774
1.9318777515400063,0.1685378572678054,4.210074325167199,2.1651503720460363,0.16221304943958825,4.045581745568982
2.028120479965513,0.14547269441499305,3.648436614771477,1.8697350415782448,0.16174754894428603,3.9586865857378806
1.8675593315939358,0.1414995452724147,3.5740891702988455,1.8834438131297588,0.14137689224801595,3.4946125792858704
1.7888837495454566,0.17136287043899273,4.311402639524939,1.8178070788229115,0.16410197894884188,4.12545978053275
1.8418983682296572,0.16302288079928465,4.032963341567567,1.9498098241207644,0.1593692439269612,3.9714610938567216
2.1530726279382812,0.17268843617821947,4.320663292775664,2.115034562504139,0.1599482900976977,3.858700701533246
1.9957862864744091,0.15738366423285885,3.8902745990299614,1.8903683837704601,0.14447528605265705,3.5974056114925643
2.1119420138079845,0.1712612707196476,4.26093085407716,1.9660171503616888,0.16079656335753498,3.990865749327802
1.8757321158249565,0.14110855880426387,3.490832955771965,1.7968196347120287,0.1592732112701754,3.956264493947504
1.9906317135130471,0.16586959175119392,4.215829463834988,1.8411495122551205,0.1642418715665543,4.049819571834798
1.9114057947389431,0.14859990063678968,3.717968326083362,1.9383927544563182,0.15019913447304542,3.700511648116562
1.7205737692137548,0.15164702604204214,3.788141496382492,1.9270090041414472,0.16011511513383517,3.915461193321182
2.1932182265794853,0.14914463283194643,3.7464704280329677,1.8654317739602266,0.15064955379868028,3.708550197072075
1.9602563240033486,0.15160356540056247,3.7961484340626046,1.9953205568778971,0.1622851689380962,4.001571871504744
1.8790475942110372,0.16481460898854583,4.1203652247136455,1.6558548746927109,0.1639552879000299,4.082453745829418
1.7143617570651097,0.1489652985264082,3.736030680257316,1.7473677995501684,0.15625229279789926,3.849645549371068
1.7150652988513617,0.1491853995702457,3.8005694251996083,1.7038666039174906,0.1595828218537461,3.908964852551462
1.3849527264837023,0.15459414245823092,3.9017797526367533,1.6293550336268026,0.15352167283737503,3.8564204183965702
1.5203049453762247,0.15169570541578595,3.807531987548303,1.8844318557178443,0.1489077797335161,3.7286460470871563
1.919325599418221,0.15413083943982694,3.8870318707011853,2.0043984249386333,0.16480287582038874,4.070330773535363
2.103254846918111,0.1591809460483623,4.00174693173197,1.8950724037445819,0.1603017504499201,3.9946990366645334
2.1482562954993827,0.15739935046842746,4.062001228651954,2.102428836428381,0.16615214858593316,4.113733931851888
1.8076882038482112,0.1491314113768258,3.6742057591486548,1.9099684316441223,0.1483226247573994,3.672295661047542
1.8976484241636866,0.15067102410589212,3.7273952826514676,2.0674715451654513,0.14197428040992743,3.526567965574265
2.135083731555779,0.16413751293335593,4.086991112567717,1.9832593967780632,0.1732974184064774,4.24843843441754
1.9281569074633675,0.1465652593301382,3.739568863234697,1.9671054553436476,0.1497893996507714,3.726716915644404
1.692526268378378,0.15702413456149833,3.919317365826941,1.770236742597584,0.1418824077823859,3.529993246169284
1.8816809071457623,0.15576611766504342,3.894152941626085,1.7744160688429467,0.15757694160852403,3.964555683730359
2.2012687471922754,0.17283950232827733,4.25480165230325,1.8702993275600903,0.17310207366700261,4.2365826342444945
1.954640792671392,0.1534091211102772,3.816774538042999,1.7941634570414717,0.1627446300738553,4.039215493708107
1.9664285746110823,0.14655510353604007,3.649192649193085,1.8471413384019444,0.1444542284765243,3.608465470784317
1.6961176774222655,0.14680288287593482,3.702227837877612,1.6208006389544496,0.1474078974624303,3.726243065302383
1.7440618102896481,0.16882718282200443,4.16288259947907,1.605349220612156,0.1720636436369471,4.200608871000358
2.0679603921284486,0.14223766696781143,3.603978025273511,2.032976707406754,0.14858824475502752,3.690855431709218
1.6711604406148333,0.16417424533124886,4.104356133281222,1.9946573787226398,0.15745783786970394,3.9395938448440133
1.8624449614569532,0.14716748418540984,3.752049368138812,1.9590975438584717,0.15380137742452413,3.8141501247425706
2.27904058925784,0.16486189231984316,4.124843228001399,2.0805824352117703,0.16024387246730268,3.9251572195251363
2.0495409922375423,0.16489726488804823,4.119132356668927,2.0005472849801533,0.17320974663753774,4.2779651659926365
1.9013033165329951,0.15964009065097035,3.9298708473801423,1.7806063010220825,0.16057189920231052,3.9364684963651895
1.8308551306450431,0.1582214010612581,4.005845919924751,1.8142970932043792,0.16528366886912918,4.0788580433324135
1.8323902858534233,0.1542258752335727,3.867965272865335,1.9680978263489486,0.1750219091718611,4.240445321086666
1.5902815492186295,0.14610316929817924,3.678783803659644,1.8503320469919082,0.16264558562526749,4.0170496361466075
2.1045415738284285,0.15461253783899706,3.8653134459749263,1.8338986176846097,0.1653200160912587,4.096468545019505
1.6388433982070605,0.15333796966382476,3.8639951368106384,1.5794956299089915,0.1517778077812791,3.714682389922408
2.0201644595831114,0.14886458523813456,3.7894736772146795,2.0241232973942878,0.17147993101437525,4.262923485795803
2.2258174988608017,0.16517422348685554,4.052663261473915,2.343157934462852,0.15409987627474026,3.8494136755567747
1.7987248741409023,0.1643975570273415,4.168701955581232,1.9466252755945121,0.15619607116070505,3.9142623240801253
1.88464422882949,0.15833032311364834,3.9803626027431327,1.752730956741645,0.15480725663690845,3.8639841638830026
1.7955266171603947,0.15157832899169355,3.810620102579855,1.7043844418400633,0.17202853675649118,4.266168976614306
1.7749328819959205,0.1420745761287101,3.636110049807346,2.2332364601590635,0.16135734163292023,3.935928614801283
2.0579270062565813,0.14873123544907418,3.70039009652911,1.7981858947394913,0.1491247585415972,3.6130070092822457
1.8378294278477674,0.16112323831619021,4.063373460637767,1.5203029196355884,0.1685581473996866,4.176706276440335
1.6477562793449063,0.16154298192934896,4.012644427501174,1.5064783838495406,0.15744016828448618,3.875715210539221
1.8704705640838164,0.15443202804157974,3.9251262820618633,1.8238516616239897,0.14646236329829776,3.638049631797678
2.0312046994670094,0.16487646028943742,4.078818365707837,1.9229802948320334,0.1768852417470965,4.357987146607108
1.9004464386734714,0.14608193404841593,3.6344762443640533,2.024401984716825,0.15594860603949917,3.8421635063434496
1.7963689798544709,0.16350067480860936,4.048086525302997,2.0687767285109784,0.15253117255650883,3.7887957264944974
1.7736321069914964,0.15287696771474577,3.876569249564934,2.0425293870510473,0.14995965948129183,3.7429882942506154
1.7526692343700712,0.15370878543206187,3.8855197425107457,1.8523143751327338,0.15829582325095512,3.985786985729957
2.0994560812815184,0.14632598979173772,3.7363303558602374,1.979892604585172,0.16049256008935456,4.0058891558346765
1.9341618562493208,0.16348194274098335,4.070667546418771,2.094197564755001,0.16058393563938195,3.9758714562056117
1.964289535628075,0.16265002903268513,4.06950242623747,2.125215072883129,0.15727129461149925,3.931782365287481
1.8597134559999482,0.16248140569477573,4.145664589056167,1.853240949692695,0.1651299144421606,4.098416694835211
2.126544809565827,0.17395481568633564,4.278722721769026,1.9242310311768176,0.16211453111512186,3.9676682822543032
1.7832525278506126,0.17163226690054478,4.154777266505634,1.83307763241757,0.16117278525315,3.928121691536205
2.068170459152035,0.15088460022123928,3.831993589064375,1.9761484871268353,0.1575941925991092,3.885903390578154
2.063083718603175,0.15705801466865568,3.9514997459269265,1.714185354447058,0.16290767425089045,3.9570136586322513
1.7711876807258058,0.16152619882060582,4.051056456965012,1.7288033120037642,0.16242118831321445,3.985115648594424
2.069425291403349,0.1664666919598899,4.1382963391737135,1.8950539816771672,0.16532721549630308,4.126561999835108
1.9110860736859587,0.1423074849817709,3.5576871245442727,1.7108969086363734,0.1495898418734576,3.6945965521221518
1.8838226849509498,0.1656716377312577,4.10518138586032,1.779856361123109,0.16740016342717054,4.107278230007912
1.9214670824185083,0.156757544965272,3.940823573193403,1.8718017001484022,0.16724925284202818,4.052128759336157
1.9722593197093927,0.15354843813191693,3.920750451124597,1.9237727056708391,0.16910375060167673,4.3013559220910205
2.034820120464585,0.15415702398792952,3.9181366332672143,2.1384924464512864,0.1647501893609598,4.112159445991379
2.0272165708039434,0.16256105089488532,4.031382962439867,2.1598364983890894,0.16688851411388222,4.152137935161034
1.7714828771987885,0.15493033910202905,3.949964111643967,1.641066070604078,0.18274922636504934,4.487600659754107
1.7413976023670044,0.1576357711892304,4.012751619557129,1.7414376987554894,0.15899348982087103,3.9461146410283576
1.9002070308645453,0.16833133048087795,4.191416327365582,2.1123161591145543,0.1637527507765825,4.037758999647416
1.7492348676259672,0.16920840813029794,4.185984836783043,1.8435256133415088,0.15943852240443618,3.934611955167184
1.8816991730439183,0.15507344846725388,3.889222301422469,1.8250275974682066,0.15385881550462197,3.8124711876432555
1.9382210545294445,0.1518745676881689,3.6858928170615277,1.8729914418915756,0.16608503092865914,4.125466584111421
2.0468830545320142,0.167033505371639,4.291168449856828,2.020726542359644,0.16437954600297233,4.1357057494752585
2.0059189447233425,0.1633341709063599,4.154599769716355,2.045588607588005,0.17753128674301683,4.391881482559648
1.872839563158587,0.1501460853353136,3.8073210507385493,1.9799519269581483,0.15839867738265942,3.9472747002043804
1.8850323710637944,0.16207250981257554,4.035572949521218,1.9192926825552084,0.16313721759452926,4.032493314080037
2.095748960675614,0.16677747465341536,4.156073252259823,1.9517485479962737,0.1580597669450579,3.945166716927221
2.054116749355903,0.1441674408886672,3.6300434077092776,2.003298956877916,0.17320822908301076,4.316326826864152
1.924163702261366,0.1702683378325809,4.170705470416479,1.9688598719682902,0.16186970288161534,4.0854065957864965
1.8543233416662988,0.1394026019886153,3.5595465592768947,1.7429264305195589,0.14373905179199825,3.5500926968374054
2.0842441874425184,0.14043517912940126,3.552760237301202,1.9685352259743238,0.15723916150621256,3.822561309057775
1.8849126379097245,0.1708467254129148,4.27799654597407,1.7970268870821822,0.15807541781388357,4.03634366617934
1.8122551007590728,0.1644542782266679,4.14411728998824,2.0717036125236388,0.17280960802400033,4.26107987020291
2.2146569448376527,0.16973278313494067,4.246712877259156,2.02473144352504,0.16241586410127543,4.021227874034412
1.8879415382594047,0.16024584486339782,4.085483449653138,1.9826798884471906,0.162788223320882,4.098902729188455
2.128346545505921,0.16071265075886315,4.0752621487781155,2.101349905848227,0.16462187889627036,4.105657778365414
1.861815166633867,0.14866330901755057,3.746197398631085,2.0691143886477135,0.14939787304125143,3.7139722295672093
1.8048557275634294,0.13917976167724172,3.5593030165453894,1.839111557196614,0.15216234585763427,3.782695933997756
1.8117644747372323,0.15198621583776747,3.844980919978413,1.9074930742254756,0.15843338074833443,3.9226262186152194
1.6714693045032927,0.14019655255571484,3.588045853005824,1.7274859043238984,0.15600908906782165,3.8971057958420148
1.9063098575168813,0.1428472409655969,3.639101802534887,2.13778609398251,0.15219487790882252,3.7896218985859877
2.065554943641274,0.1625392395484823,4.040661420469838,1.942062907227869,0.1601874185327739,4.011087842248495
1.8457992341381393,0.14525639783096617,3.7203790463745907,1.5946977084169738,0.1563851846806449,3.9158800280683823
2.02499118074848,0.15686886685925988,3.8520810425007994,2.0163803311553723,0.16476407898396894,4.122395939119708
2.057669344904459,0.15443993452872753,3.811257176672512,1.9361932912337343,0.1824501006809286,4.4839687443204275
1.6677471672956476,0.1598970169152617,3.97175950472237,1.4070382505125174,0.16688732190233865,4.060543793797452
1.9016495191674285,0.16114128537790873,3.996173922609656,1.7268341974313413,0.15837767152388038,3.921246923018357
1.9392309710135416,0.15068377040920725,3.791127003250755,1.9369882500214242,0.15864890101617882,3.9151257374862887
2.192616527494765,0.1501451477519249,3.795436508020239,2.1295639468363152,0.15782290687874742,3.888341349591658
2.162874299750718,0.14908495817725248,3.742002751932348,2.1002452246004304,0.1647608545444021,4.085936318883837
1.8378115148618022,0.15125932329720146,3.775427861439802,1.7104427404986824,0.16693652114584218,4.116263314233424
1.9201787175146734,0.17705354138931684,4.362133607161593,1.5959354507280752,0.1644590730921152,4.068492776699797
2.058386232165927,0.17539645756555208,4.461418441513225,1.8708898705378847,0.1761595443151532,4.35794644903231
2.0617411898684983,0.17062342680385875,4.2792137740511995,1.8251536578804268,0.15423955506791148,3.8250165769237645
2.034255292319176,0.15041437585795314,3.7933062253887586,2.1012228049864174,0.15629297792556773,3.9353566290192594
2.1680638301760404,0.1503072583849657,3.811407987426787,1.9350505057075118,0.15501234024155092,3.841054404076787
1.889922710704003,0.14887373557072361,3.7367011065848565,1.899322450397725,0.14944315172427927,3.7211044691485475
1.6380742084040432,0.16354893595261716,4.12778852237316,1.8848105524251546,0.149468443131295,3.70066479117646
1.749404347312483,0.1571005881149282,3.9054586898062054,1.7075216370492536,0.1575160248589443,3.959891462049657
1.6586290520292877,0.15184243631162678,3.76863016047888,1.9314038981086357,0.15887401046023955,3.9877060142171703
1.9555140127380108,0.15662570248375698,3.8556654511496973,1.9653400579408222,0.15087454511598192,3.8079013600458445
2.1085465010429694,0.14384039486390118,3.655923719077512,2.047047861971092,0.14734206620665424,3.709978430738542
1.8429184198050323,0.16013239644443616,4.0825910711427795,1.6933657219019798,0.15756544990558047,3.878799276630911
1.9390691496572794,0.16211330202879665,4.059311903459041,1.949088287469778,0.14928283312725654,3.7171125682753003
1.9199264799596083,0.12811793770553512,3.2487435161172944,1.907362315802656,0.13235313722659384,3.247375319561998
1.9274725383965197,0.16196351711558848,4.052325903559418,1.871497337499092,0.15762629042085544,3.9026436009092396
1.8239439624387108,0.1575725359475795,3.992528625137044,1.6359900962847815,0.15698556111058687,3.8260701823071996
2.1176557339307287,0.1547722255764282,3.8257239766921436,2.1673750942825123,0.1552177316705297,3.8680059415273096
1.61436607172795,0.17021789593206185,4.23839142827013,1.7943361807460187,0.16989810627064095,4.19273278509842
1.6981589685159786,0.14675376130692708,3.7415014629857946,1.8587267045093632,0.1695091370054592,4.203689894595741
1.7024386356399293,0.13931570795891682,3.524439607912198,1.7871136680529458,0.16164747681949607,4.041186920487402
1.9586583158323596,0.15763156693864652,3.9909125127014065,1.976472431904317,0.17020971739269786,4.193519783213805
1.9358306301377943,0.1595418370644459,4.004468328949034,1.9114313926368511,0.16357634391966216,4.128480268186919
1.800771084609754,0.16381747275435998,4.029377054790655,1.7929766213127412,0.1567622881016523,3.912781686581704
2.101673958890592,0.14589997627114348,3.702526324132298,2.298890702975531,0.15912784799774585,3.852077335272322
2.1807347840085844,0.18231478484271457,4.557869621067864,2.118677099286549,0.15538617153834042,3.859712430012935
2.0930480873592843,0.15232570886425964,3.8475435759296452,1.8225943298950606,0.1575078338120638,3.8387990727606742
1.8382271298666883,0.16490961290131753,4.175177918828753,1.5519732605439955,0.17354341465739986,4.236734685519774
1.9613449941221928,0.14604762375435865,3.613018674658125,1.9259340645639371,0.1354274017908503,3.3502888931198282
1.804662837112947,0.14798845629150673,3.7026699934520284,1.8459014455913687,0.1427708568324725,3.531955937881326
1.7901276915897375,0.15571512571773752,3.917713343115481,1.858857315405893,0.16303217637249168,3.976782225240274
1.8518742850966157,0.1593077584462925,3.995418255432547,2.084785562754881,0.1779354354813775,4.430556613335104
1.883314327315378,0.16912528834093987,4.234891816689843,1.9431846850778232,0.18368884097390456,4.555335117582118
2.061049861707731,0.15375092490279335,3.846846912043514,2.0361154148993648,0.1573439831330954,3.930451438904848
2.1888742182935887,0.17260080519478266,4.352826683739238,2.2408146938204974,0.16958322930362812,4.167747219214757
1.9022189128783082,0.15670517309910378,3.942622431544861,1.9443130010444079,0.1689110412729052,4.178628387007514
1.8668334730780793,0.15599745088640912,3.906171186248387,1.6523562222365797,0.16442994844206657,3.997372874188053
1.8472863004326352,0.1714954006044144,4.280519702435199,1.8035021071055333,0.16153318648751055,3.973191041690465
1.8275751891576986,0.1636424430014405,4.074663970675057,1.8018300965027738,0.1683442537242121,4.147559664611333
2.231886544652935,0.15480058625305831,3.8451667932805296,2.100788042467413,0.1636115947662304,4.000964240940628
1.8545930646197344,0.15027683419689772,3.8283742444621303,1.621405862066967,0.1633528407384529,3.994636659977822
2.1178945142670313,0.17323911793617702,4.320571098085934,1.9771406638980604,0.15702265271454158,3.947488278665725
2.095603698248084,0.14098550027763881,3.544320518005505,1.9595416211678784,0.14134728591987156,3.55341566801994
1.5838971615339958,0.15973249164892575,4.028300164213927,1.9551449651490391,0.16497378044701044,4.114434177642968
1.9876021447319783,0.1605085231712323,4.031928096171225,1.9646099131812649,0.15722300724607488,3.870369342652531
1.8007398989688042,0.1690737337878508,4.220074976311347,1.9516179312527886,0.16260018928932826,4.035630567713803
2.2779404063617066,0.17170169471958094,4.212819260980092,2.0295186659490736,0.16423967219971553,4.105991804992888
1.8668415642974658,0.1509821802687181,3.7775729434312058,1.6659049732976612,0.16719027835810574,4.1123371034442
2.142462117205593,0.16196347113896287,4.006754993985728,1.9277597279913825,0.146871916159849,3.6185377394984686
1.7999550291846456,0.1498283850605312,3.7903916394881887,1.946963572109415,0.15982911040854048,3.9636330415921495
1.6181167093762159,0.14096553040284096,3.5745256370332554,1.8548505463985825,0.15246499584075227,3.7127652698945726
2.039544295510014,0.161375929423898,4.027938026111743,1.9740891542406098,0.16723379691784043,4.160728471401864
1.9918373459328276,0.14555049977254406,3.65328855005234,2.110977027842275,0.16340257405243827,4.071971162658665
2.0151333018014315,0.15793523896497164,4.06664072985182,1.889577791467505,0.17484712822078471,4.378166504474655
1.6649939461560135,0.1542394983809788,3.852901434652743,1.56863799139876,0.14784213012267383,3.651431256085464
1.966686194034856,0.14752258545154476,3.804252527130006,1.80397417831711,0.15628968375569635,3.9321689310445933
1.9515774442278815,0.15525356681053337,3.9703652457720886,2.0412212151484184,0.17874257580746108,4.4434699723397175
1.8440385344562873,0.1573766200189104,3.9123207341244766,1.8159946127188404,0.16747225383450218,4.1497988943931325
1.9741897910961752,0.16114329153235243,3.9832066238136736,1.9513964352772206,0.161682074194677,3.9834210826056387
1.917177276759282,0.13935535624877987,3.5446699717957038,1.9490240355086739,0.16358419539142677,4.0435418963968655
2.212085227069166,0.18493043460712974,4.563699461750847,2.1596596552269,0.16864747504957225,4.182321372989718
1.650428740879394,0.1583327649815233,3.9961383190880997,1.7983392522528658,0.16167654745617527,4.028958801521016
1.8361817196415622,0.16737737864168978,4.19780330031388,1.672229117631929,0.14905098826787935,3.6691982018965255
1.7528604622183925,0.1570410744818804,3.9728598525031114,1.8762521265098064,0.15481982479841452,3.779633603639989
1.8802767851714337,0.15730626168028197,3.913734267628283,1.874454664994241,0.13915681825778772,3.5011147514485152
1.872625751980934,0.1461451825526214,3.6682149693691057,1.8625794151080701,0.14833779049205498,3.7409367350984715
1.746245515242583,0.15191033238488882,3.7733743765524155,1.908794239066042,0.157722994436884,3.847277358030185
1.7623545714409783,0.15529053629621978,3.9347079593984566,1.572131413115777,0.14273221993296142,3.4991233831921034
2.035875041779155,0.1691981111123329,4.2434670383666555,2.048140656494006,0.17832217680377152,4.349745423622071
2.2283020454224505,0.1455673043521063,3.6479061912966912,1.983258301150639,0.1468573889961475,3.638982676449311
1.9579836277875036,0.14359239842541624,3.621262500733463,1.9430299416275216,0.16816952795558757,4.150075058463201
1.790887043785582,0.15202049688598063,3.8065883851369717,1.85661847906254,0.15032968393239868,3.773245120432196
1.7277469435718265,0.15941150572495072,3.9980202239439686,1.5153408936208401,0.14680489725473264,3.6168865699368253
2.1591643426409646,0.1756951132249853,4.437823459028939,2.0765001011103954,0.17072768819628137,4.143445273129921
1.8778606460149212,0.15666455267755783,3.954034544085948,2.0802404347114347,0.15301248757546446,3.8191867856340473
2.170645978059465,0.16903804956898633,4.236081380581667,2.2586332539835037,0.17487197399537635,4.30838552412003
1.9691885049539786,0.14852611425510678,3.7895994916131164,2.1870961268335494,0.16010262715682566,3.9412571396504466
1.844139379796246,0.15544763503184852,3.8861908757962134,1.931301087432047,0.15500276581356034,3.909021017168721
2.0543441445683857,0.14715542247193944,3.661184325683698,2.2717763734104044,0.1499625906942566,3.706837429578609
1.8134544682133298,0.15807841179266363,4.0022257207965035,2.0123169022409018,0.15718683836632727,3.8406377317958964
2.3484362399835628,0.17116904153961576,4.286067331489016,2.2382416733107133,0.15593058701691823,3.8951448152389667
1.8769555107566562,0.15159473325845116,3.7746784173032006,1.921200663738079,0.15793231987785802,3.8653108516055
1.817131133975585,0.16586421203500723,4.179646502945684,1.5144395080700606,0.1499353097989278,3.7031289804630454
1.7109616193121029,0.15151291092385433,3.7726410576019935,1.6605338415443454,0.14927304529112975,3.7288394762317547
1.9502450571412102,0.13753662675772593,3.468541750236343,2.000996109152521,0.1548422125846034,3.767473635272388
1.7412106213544793,0.16717497675020293,4.13905796745191,1.8356137333644877,0.15160609423994056,3.701176442047999
1.7325119042270114,0.15700696532536962,3.9062878609316605,1.758380759927622,0.15880337681595877,3.9669070814182765
1.7562089780532653,0.16471031612075296,4.071377815010737,1.7301546322374888,0.1483753181277308,3.6974938746836084
2.1051639417082075,0.15344934568609053,3.8819955026446338,2.0276857007197187,0.14725758722356524,3.713695045202307
1.8877179760195486,0.1627196671932545,4.080988491473987,2.0069765167175335,0.16356185989354685,4.0726574674699165
1.8319690577550516,0.13455057891020356,3.4250985633593016,1.8668551805284852,0.14730213685008048,3.587041437691472
2.11749908816806,0.17818757101570834,4.458251602451716,2.0606186546631116,0.16592951186165295,4.184583067478423
1.769833127282611,0.16045706626104658,3.9759693974481944,1.8839229016585723,0.16114767544872777,4.038349171875544
1.7300717161047916,0.15128841886672043,3.7487792692395265,1.848245740296526,0.15708873596731737,3.9802702372243184
1.7604482121213265,0.15218206783475546,3.882880056423432,1.8686946841486207,0.17104531555477448,4.2141067242954415
1.6231999818664264,0.15402758537831213,3.9087819208818444,1.9512240660610998,0.1714624511509167,4.307087627342099
1.7949988784658966,0.15355331095968547,3.854157516657768,1.6787510358854782,0.15092101998626628,3.7790575186952045
2.075951651783442,0.15765303562762506,3.9821047213731244,2.0464363130723937,0.16661055962454757,4.108225867168234
1.7696659296823014,0.17360246587490322,4.259455989562969,1.9238899819309592,0.16962926198971082,4.206668897328619
2.1824582263980012,0.15910184858365298,4.040685814767648,2.25227279762121,0.15681766721190973,3.885788643295998
1.802015038792169,0.16646420344100807,4.124820390117742,1.841027537274212,0.159864731550142,3.9998143054888127
1.8703926379835778,0.1490851586344158,3.7360633669319268,1.8144991909769121,0.1380543551231971,3.514290144478145
1.7518537766109517,0.15873095238495252,3.977786265485036,1.6427839029017741,0.16404170673289892,4.0014073175529425
1.8759121791494975,0.1554688305925551,3.858634899554896,1.7397902970909047,0.15089890246265092,3.726927963659065
1.9739128008374478,0.1391544878498196,3.4732915566488947,1.8413828051884833,0.1551656344094645,3.8165699694258732
1.8427056939728466,0.14060330226193393,3.5403006901692855,1.746123294010811,0.15149419670366976,3.6953406504353103
1.6385498870941335,0.17095929505707638,4.24654079333715,1.8961721202386845,0.17047167412451897,4.210339763496275
2.025859026173312,0.13423779471710762,3.3746858306046494,1.8179747205389272,0.13511286895588245,3.375118384749404
1.7675468698704864,0.16292395317117414,4.053500806213723,1.6983601151624765,0.1534483431803916,3.851522846307491
1.8093864572610088,0.15329111434596188,3.8169179657420713,1.8775680545107631,0.13959008279061544,3.49254275559302
1.6250826165689056,0.14996147065546425,3.799681592094012,1.5709184142685366,0.17732772778616057,4.226207506470064
2.1344002711203536,0.15573827760163242,3.9121008947385154,1.923745035150601,0.14889901014379353,3.731398499127554
1.6086785028141002,0.15234471509751601,3.814706798795402,1.7371766388930876,0.15523131652086425,3.8464804224230305
1.8996788218758704,0.14296583599394927,3.619605862188407,1.7913453138147235,0.14984922838807507,3.6674814188830442
2.1247002659691523,0.14242212319977604,3.6282717240718325,1.775759429623505,0.14748497089335025,3.6723461596690026
1.854121217539293,0.13724019620467295,3.4117371760960173,2.0381165050641856,0.14069514362216157,3.5004544574461693
1.9885061540678681,0.16882115396496916,4.240738999095119,1.8243651560513174,0.1631462848711139,4.019495382783605
1.6549812695666615,0.1501201876507974,3.7679868054964962,1.8362832792023707,0.16970883281063948,4.115220492897356
1.6026165421852832,0.15716537664758123,3.884878876084836,1.4433286879644114,0.14370608960261178,3.5521866442238
2.181357048349972,0.15530982421001108,3.929062300031969,2.0663833140850243,0.16442650792442096,4.087578168314308
1.8757709738767907,0.15428449048109574,3.9122604302290873,1.755667044236223,0.16831826982108763,4.071075825135809
1.8279792770117282,0.15330120457983484,3.9024115676088273,1.6300758329800316,0.17164782210759327,4.2532653982849356
1.7558147853294,0.15710724809307264,3.927681202326816,1.767548056601745,0.1561956033967492,3.9111329187765476
1.8954195667229086,0.14215231108903856,3.610220950084751,1.7250639931642993,0.15479725076914322,3.8388469805524004
1.7393842880991404,0.149164679336627,3.7588315327525934,1.6334593216837503,0.14757762848526218,3.6598061702828546
1.8438298746666306,0.15306446810389904,3.798960191933128,1.800659838005593,0.1592639073747919,3.9656393127990732
1.6707188099456534,0.13886791784385,3.5103656233242897,1.694089188451002,0.15127817852914113,3.766796268108844
1.8791442830146345,0.15854516998242318,3.9445579476569526,1.7353745975740105,0.1569778329241905,3.924445823104763
1.8337801803172962,0.15905571386978687,4.064488188548684,1.9889182418540552,0.15873519239469502,3.91081766538413
1.8458866832995091,0.16630893151913184,4.1443972175196855,1.8323173631767167,0.16191129296943635,4.051019255840151
1.6676848307985912,0.17844351927349533,4.345383655723762,1.757598646592781,0.1658459495221282,4.129530840567207
2.0996613490655074,0.16069981187127635,4.001393046426137,2.0353195552500427,0.1586926814931272,3.989472151148671
1.9466202857393142,0.17015186894749434,4.240162724758096,2.0353967313463763,0.1791786476401833,4.41449063613121
1.923100471962035,0.1482673467251854,3.7096478298733286,1.9847613472928634,0.15474375125517012,3.8809535374101447
1.7903661266487572,0.15714194336009346,3.966083340176125,1.994636466319042,0.16316836498376697,3.9700576666131266
1.7558704282719368,0.16649719889258197,4.071528915403579,2.0189881828997214,0.1668813118829711,4.104737532991335
1.7663043650613024,0.17244186627041658,4.286836817055832,1.7305834444795183,0.16503465027478276,4.025627813873919
1.9665395634277592,0.1575828388710725,3.955297864535594,2.055594020943776,0.15841395687621435,3.896468137759291
1.5556756076890723,0.15063303832103195,3.828569145653668,1.905244051853752,0.16160672995616093,4.010973555503463
1.9038350416061842,0.14278871092802278,3.6207568363170686,1.9021770689818696,0.1419882785596769,3.5097250793667567
1.8203235743121011,0.15976993261096842,4.029244389349263,1.9232061194381285,0.16268508452362726,4.063872108877306
1.4541481116138777,0.15606925020484128,3.9204148316658216,1.5733374233870248,0.15463963603698874,3.8349382623056916
2.2704738490453935,0.1447211987593722,3.6669050557335834,2.1648809348903963,0.15248455802566802,3.793771676057927
1.63026032105552,0.14513025470744154,3.662922024781806,1.7605521434042175,0.16053404267748286,3.9518773245352374
1.9945681229107026,0.15883951919950262,3.9454918063949256,1.807325855008268,0.1495099979780426,3.725769950847725
1.6839860018315322,0.15410862324170316,3.8248754409249957,1.537708363603049,0.17416431006892288,4.283875602253089
1.848575476796618,0.16564955586246238,4.117982657915449,1.8755814060606435,0.1689698795248307,4.138899867353821
2.259837441747315,0.15216775067802324,3.822410281822728,2.2803396597965713,0.16492643750463873,4.033117455915084
1.8042167795779587,0.14936229026560532,3.7280779777735416,1.9307510135455561,0.15808753245080548,3.910869566327583
1.9779034143825747,0.16742386251226932,4.094189583255678,2.0486033925692664,0.15940723938281348,3.898150772437421
1.6977258646105173,0.14402457770072682,3.640717988174401,1.9307717092035945,0.16497547291593842,4.107856147868286
1.892273592981562,0.1600059870027167,4.051028027176977,1.8112412495780894,0.15199165961294756,3.741588906158753
2.26514604792348,0.18202064507182858,4.502942074045271,2.158916350074849,0.16902418702334912,4.181427458288534
1.8126602262337979,0.14369900580112946,3.6353292466665446,1.968122238203478,0.1686640517950563,4.162278880861612
1.8162625075139642,0.1455206132927951,3.66989022942359,2.0223855297804443,0.14525373744348533,3.613870952505817
1.7556328566323394,0.15309852313130665,3.8121224831702465,1.8520198701283013,0.1557663415370021,3.866018927008292
2.0043587378395644,0.15439113952488517,3.9027685958641523,1.7120930995138388,0.14897991683588047,3.6583595256777035
1.7943642818596106,0.15517583683004244,3.8917901884972665,1.9916712967437553,0.153327053852921,3.8054773988320294
1.7533792500141354,0.1534463789884562,3.8361594747114047,1.8904732528718038,0.15137326452955607,3.7691638904255242
1.987449286476019,0.15813788529672346,3.972378352249633,1.9175566388710161,0.17192489810791511,4.298122452697878
2.04319963967569,0.15930914366418986,4.0018000267274765,1.7555270051302494,0.15843511225235668,3.922669088640735
1.8469196130187022,0.17943684023658335,4.489508308371843,1.8693971259568203,0.17150183394506954,4.290974514387484
1.9924947604766463,0.15179270372305018,3.8069416418347255,2.0262293227553556,0.16518653331641892,4.08314914889695
1.7531662091681202,0.15333124495571535,3.8971481956767504,1.6241616943395683,0.13666089740394088,3.389080043424621
1.791253124386203,0.18102893449903334,4.489371582126057,1.8639005808531426,0.1745576926669219,4.247171969318659
1.9289991264871773,0.15154368848010838,3.7976739482743973,2.0124635204538963,0.16537460833432233,3.9930348997534306
1.8793012033880387,0.1543431272483478,3.8647469752051564,1.7298178427298785,0.17197377168107147,4.20193550084831
1.9518086446839709,0.1559395809620805,3.9695736655323275,2.0959696694834298,0.1415066127007085,3.607724897316646
1.7146903398944777,0.15206349978171016,3.786350609602146,1.6289633865687057,0.15434515003210877,3.7932499132556816
1.9892797961981936,0.14459409822870925,3.577060439027422,2.065718888773706,0.16995174945469507,4.078841986912682
1.86807898160415,0.1694273664349476,4.201662050392135,2.0952634283639227,0.171797276584706,4.250029905313167
1.8818994645837857,0.16739538639151003,4.164748770744264,1.8491770717596223,0.16481871058727013,4.037217410022674
1.790041771040649,0.1531907626060419,3.8450576252023883,1.5389863531909547,0.16242994889518006,4.047733468635798
2.052919753579155,0.15347463630428418,3.86743902768292,1.9552933068655047,0.16079256926839094,4.006930178594171
1.9362172030829248,0.1398417807589088,3.537748314016493,2.0209372519424744,0.1451168307848764,3.613379946500063
1.9759477940096912,0.15422808098359936,3.8278403041078333,1.9835140544968746,0.15640755308330825,3.847117129775525
1.964905327943923,0.15168513012778803,3.8850349327175806,1.823673960782418,0.160389906684745,3.996895878716118
1.6455701122504536,0.1801844183872269,4.504610459680673,1.9498246606762903,0.16588045285341926,4.090223145553811
1.987527421379287,0.15858651579298816,3.9804899553392414,2.1859661284254037,0.18194713102202165,4.381867173083175
1.9255984629102443,0.15572383414697633,3.8930958536744082,1.8506682927921336,0.15932421172126376,3.912374634117118
1.7641994579263405,0.16157214852696375,4.013368910756283,1.905468035665836,0.16233239115936737,4.0027362607929655
2.258926374780499,0.15507171216420007,3.8550216334756886,1.9714232536367169,0.16534548836965918,3.9991738342634773
1.7994178354690524,0.17876599942801827,4.38250234608613,1.7282840261805892,0.16223880933299004,3.9938436799397263
1.8890888149370317,0.1473387725143354,3.753525717513358,2.022806608832275,0.15605925243859922,3.8827090385681564
1.787924141068377,0.15440990781956346,3.8818048905063125,2.0133164186514776,0.15345205164877926,3.9002186826217673
1.8188914340627347,0.1604360148227791,4.055573669724837,1.6602154354543603,0.16716493071348484,4.159015100166739
1.767102996733984,0.15781114045375472,3.9767154905254203,1.8035559727806136,0.15420816700437048,3.8950919495951455
2.0154415545649274,0.15105005556483272,3.818311174307675,2.105152244549093,0.16160143124871068,4.020596843508444
1.8238660860600868,0.1492850926334948,3.779596661515738,1.8498737543789692,0.14600273282089865,3.579300992190179
1.8804824713191586,0.1678165795518934,4.222179764978107,2.0694896092679174,0.15709806638746343,3.8672936651337975
1.5743911268142565,0.1565662630335256,3.9266619002733214,1.871641997710472,0.16179349584975297,4.109045177171724
1.6373382582173623,0.14857358334708212,3.6755074638991716,1.6330595492720912,0.15602138678900868,3.843956632597229
1.8248722472281607,0.1646543926363125,4.069995475159468,1.8845172321513264,0.16058069835808028,3.953025850562107
1.7170101812386331,0.15395900668381005,3.879644776819982,1.9808608501985598,0.1722270452710573,4.158489682155255
2.0673655099163635,0.15281679772645984,3.859947823453304,1.7557433342214654,0.1683677375064345,4.127585821621934
1.7835234656891443,0.14457764954913482,3.648974901148281,1.8531119908451172,0.16036405011612076,3.9542015844345335
1.9094458527708167,0.16850907767843232,4.20935541125508,1.9953707812159132,0.16554673164329342,4.102086334985508
1.9420027537968225,0.17579049010605283,4.373616521696724,1.8340169918459341,0.16714340096400976,4.035743092818295
1.7821813201370542,0.16745314213296253,4.149325325093722,1.6490549632527798,0.16380027003420322,4.088449490041686
1.6950189731818242,0.15169380420614803,3.8704221556157274,1.892547081098236,0.15781263080880137,3.8559280836588017
1.9217722966178612,0.14772766044668276,3.7020445598533316,2.1013814459912608,0.16610104918802726,4.102393290535624
1.8954225943971208,0.17581495014122764,4.451279004995876,1.8190371163574732,0.15863883002730456,3.997572610872045
1.7203961450696894,0.18227971362964032,4.5896859148064735,1.8409320763718042,0.16619599140462718,4.121526555630165
1.9939740567871314,0.15175240597394637,3.7968439844191355,1.877762987206076,0.14396036675288337,3.5584719721429146
1.9408107780491797,0.14901032940323256,3.695335997625767,1.9167312325859711,0.15793507815696095,3.8556866303963857
2.04664092422143,0.17252597043633847,4.299325028998762,1.9627430114263313,0.1695206609701328,4.141997215590949
1.8656598979193213,0.16397301017960286,4.141738821675719,2.1106504269039816,0.17764836440199103,4.394777823885752
2.1186977063298853,0.154031314251578,3.856939187728123,2.202157261410647,0.16000618559214627,3.8898290247515095
1.787332546529636,0.15727026835401461,3.966205255402125,1.9500692844178702,0.16214970364247264,3.9982316148437116
1.7173402866168292,0.16793576193626714,4.2184982051103574,1.744767374307914,0.16293115466290012,4.0405612374110005
1.9115838937544947,0.1496719841524897,3.7388049657944595,2.1211169430995103,0.16981887456187034,4.221630277192738
1.6134154730854486,0.16209303163966468,4.039337533892319,1.5343324057282461,0.1647856017528421,4.073238756447168
1.9333078908320067,0.13623229039491272,3.400353601834654,1.862906545631377,0.148426909355158,3.6417563821974723
1.697550285074943,0.150599558721769,3.8425028085561235,1.9570285031551216,0.15241330494127409,3.7115065142353223
2.1476941920626267,0.16417514833248492,4.078026084591165,1.856019302901439,0.160578482680515,3.949708432971446
1.9326551979066533,0.14385545419905596,3.619330041303634,2.0797844787762374,0.14851274328394648,3.6829962631531252
1.7691547703191066,0.16886195293409623,4.315075494601706,1.8646574312175848,0.17772145102551895,4.410930414237274
2.190402985271383,0.15268556751691578,3.8445243558505804,2.0853190848563408,0.15887716672592347,3.9013969711418373
1.8142881184402448,0.1670316016327444,4.121993397604597,1.8981746642496695,0.1410267564051776,3.5453576809693645
1.6670436744842785,0.16717756124772498,4.196123484882708,1.6296504141473283,0.16139822319682626,3.96330418085829
1.7546055380327512,0.15373890100067233,3.9286230719711615,1.4428669837756845,0.17369765175056257,4.222675297271019
1.9862998923250454,0.1730389688186923,4.380996771492204,2.1298988887840355,0.15470829223792534,3.8831473166647235
2.1683617236421306,0.1543637503478357,3.902076239940204,2.1528623814542556,0.1549876173683531,3.834181902435204
1.8095378053843962,0.1542224543719522,3.9046006764121466,2.088479619095355,0.1582437392244097,3.930692938820976
1.7122288943521549,0.148139209387548,3.7329905039136575,1.8411980111887476,0.15765290191027462,3.8713338529350056
1.8986937802210682,0.16029080765649195,4.070881630232568,1.9070413725862831,0.15823668130736834,3.8727599382598736
2.1039879155301127,0.14638682455594,3.7119958035397222,2.1358757876302326,0.14659884874241916,3.653224485720289
1.7089214742543715,0.15103955478691264,3.7395636882623413,1.8843123935910553,0.16019189638279227,3.897637059898655
2.0032219144051666,0.16813704273979904,4.316245234935895,1.9063447025345612,0.18376985493972312,4.497670996321936
1.714746261929538,0.14172443443801439,3.5853761033866482,2.103539589009777,0.1635737000022671,3.9899914063562654
1.2598850660892618,0.1675949687668558,4.276135625179837,1.310038448475657,0.15616742655271873,3.925988226341801
1.8818105913811383,0.14034379326089913,3.561526206223471,1.90432670037823,0.15206603166238428,3.7495918998221014
1.7029392463452069,0.15879525892999252,3.9825648329545973,1.7737655422581613,0.16583861333701228,4.099267532930098
1.7727760652192681,0.160434688913064,3.965691090774963,1.8524404887030437,0.1637119816274661,3.9630474607349324
2.082625651043027,0.14974685546539354,3.829539783321208,2.1448061342084515,0.1605408276011681,4.007093911382506
1.7780757608569562,0.14431792010201547,3.64527754717261,2.0265912982022263,0.15334062726585498,3.82737714178889
2.196794689529238,0.1634282329897584,4.127978478837158,2.0387841949449346,0.17222095464992984,4.257028888995913
1.9018598448036976,0.13032926939019882,3.3048172369497952,1.8460247748220466,0.1433253154837241,3.6315365576519816
1.754510131976323,0.140444488058343,3.5363018507001085,1.763946152587064,0.15792685900536765,3.945011673527468
1.9110229131152323,0.17127120914115188,4.174241642013467,2.017314523596747,0.16486676755425383,4.095205549666271
1.979501397271159,0.16949036137332024,4.2100532375789514,1.7642050776731037,0.16965672079621671,4.10695435889379
1.83880247953563,0.1790817831574541,4.530450577775481,2.1836746468199366,0.17592010542843303,4.319904367790154
1.7441414601030585,0.1502234540317167,3.734495847537325,1.7459209119600703,0.15280322346156747,3.736655912704158
1.8885065183889305,0.14609777185623157,3.590558953781252,1.7404378391155313,0.17017718118851702,4.199619775091197
1.9022465338243042,0.15196850678086404,3.8385211292820993,1.92948632897549,0.15083171345350727,3.785845961405744
1.9176499945211543,0.15937158556285982,3.9683204780597507,1.8772667730986563,0.15113583944006037,3.702056884753532
1.9945593949364742,0.1481005861434689,3.7054754814518,1.8760883364145484,0.145911806698316,3.6448757630947095
1.8506970924330348,0.13672610160441742,3.4670245558608856,1.83660162103491,0.15643468330728483,3.838232627805824
1.638682625795004,0.15542429619999396,3.919651609024909,1.7434736682312404,0.15907091722831782,3.9255402220695346
1.731672733012278,0.15769135864750888,3.964299285145545,1.738445024518811,0.1645775255904479,4.084706764084334
1.8631005827438927,0.14238045830992804,3.6188171977761145,2.043548825856748,0.16453962238405875,4.077131151097942
2.0268978096695545,0.1614477309831774,4.023256724396518,1.9500553222148047,0.16357296267463672,4.118661961233555
1.934756538788374,0.15872920645474778,4.04058593723442,2.1373832509956543,0.16535737513851376,4.094056265769266
1.7537224277048278,0.14966356564977998,3.7743715123967085,2.010898422518983,0.1651381532229854,4.101946629831645
1.8789031451727278,0.1605742777689238,4.043157004589519,1.81921587558327,0.17060301451189927,4.168442991171493
1.64894191453611,0.16113435975702256,4.060457979450598,1.756617387392955,0.16537353632031343,4.140948065957715
1.6893264310275706,0.1561047785911576,3.905740312510607,1.814099079480458,0.18025066137894227,4.426245752249902
2.0305722624275444,0.1533392113947278,3.882238750320703,2.18182087849697,0.17447370217792882,4.347862253888534
1.9917088677952957,0.14086198692863486,3.5663406582532944,2.1056582307013594,0.1598431726784441,3.9992749026912646
2.192924700991889,0.15420913456397117,3.8920625927072696,2.4381070920763372,0.15300454408791478,3.7634141759163513
2.169919434920394,0.14043376039136063,3.547168870350813,2.049402183848214,0.14616640512955606,3.6512356298686677
2.161170293238284,0.16130838330454422,4.03915676432003,2.052933128843614,0.17326533713987258,4.324697261631464
1.8713121040278713,0.1466187684303667,3.7351832690201876,1.8371404249845804,0.1609189137734956,3.898756779730493
1.8370583859039513,0.14619863410898923,3.6049156292655637,1.8551183116318595,0.16589576280348986,4.053427963753964
1.8138570902116502,0.15282918112668803,3.881379819018726,1.7390514424357322,0.15473527137799506,3.796536386427754
1.7703299070221457,0.14536909238170792,3.6429390135556208,1.9994862408236243,0.16079973089381777,3.932202813488068
1.5927897698370197,0.1558473531254372,3.8301686745661283,1.7758906124665161,0.14710614672467562,3.6421770799569093
1.8734968570344925,0.14690439782759043,3.6726099456897607,1.9869666323881945,0.15007341388265957,3.663758946003413
2.1361581330154302,0.14735034880509276,3.663071584212242,2.069693938346702,0.159036537852358,3.937559686922287
1.852332481330982,0.17718593549009162,4.3797553418415776,1.7783708367060251,0.14814052910557204,3.667787184520815
2.0690064941336415,0.1566288858106928,3.8621011878434532,1.890364496279829,0.1461615499204267,3.6831550549379237
2.100940054192545,0.162772097635259,4.095263166331632,1.9266066005185076,0.14569007267657844,3.653888433836304
1.79972339642894,0.14894387732090472,3.7621230364387936,1.727350038700774,0.1561985429570017,3.879891317434848
2.0371877470093662,0.14847612211575756,3.7883239570930587,2.02393699926739,0.17078067622697135,4.20758670726258
1.6611540471071047,0.14272968123468152,3.596674687805343,1.701521960902649,0.1446059702316926,3.6382126428603545
1.5970893855779704,0.14763672510226825,3.658293864048998,1.6298909023580745,0.1479409921276799,3.7279955862827445
1.545432707399672,0.16429888424211742,4.05122537077715,1.423561435742353,0.17086215425463955,4.160765353108246
1.710475577101479,0.16298350805932488,4.068063137327008,1.8132102567881443,0.17068649535069833,4.180948195931442
2.120997457959857,0.15560844436436114,3.921209297271731,1.9215384389594174,0.15873931636906777,3.962128248770063
1.9827723349259485,0.16699325788039773,4.250954342147872,1.7958330181272297,0.16979967641650281,4.210895037679837
2.057058482979938,0.16148687459727343,4.02423217823331,1.939398771295048,0.15031385740207945,3.721596265140512
1.7896797965486893,0.1549733088340602,3.8836199880026316,2.1873858843094185,0.15862104782592742,3.924068007794696
2.0494164751932766,0.15443845790363817,3.845486589937009,1.9017949124445157,0.13900277222302415,3.4583487467922596
1.7072141825502536,0.15321775406503796,3.8791636963436833,2.0681019067676782,0.15159957413258468,3.7010172659418785
1.4843832852599428,0.1460826369814568,3.666645087992201,1.5475949796187312,0.16611388834123753,4.136202463359837
1.9552315746776976,0.16891018198886534,4.269787474957965,2.009021388497432,0.1664954969808926,4.105388692081173
1.7538225338136515,0.14582538054501587,3.680466207733725,1.6095208119208668,0.15829109840727215,3.906295911410611
1.882953504011359,0.16350214786251618,4.031579719196795,1.9367391488572885,0.1546345754254865,3.8658643856371624
1.9905247473087606,0.16472221405110962,4.12134847883422,1.949694483655527,0.17478200049639822,4.249036348307233
1.8105908974067262,0.164883794820731,4.11879587449519,1.5695085329225622,0.17358488348286638,4.28371479795516
1.9274736482221015,0.1525148239573406,3.83416322095171,1.8915685632046446,0.1634469815969796,4.040150188993328
1.75170896282391,0.14427705963295398,3.6155727513100664,1.9887921935032131,0.1715373798332347,4.163095940348996
1.562452652367237,0.1650493872608119,4.178716722959768,1.4066336445093444,0.1780241143587936,4.305828886119512
1.806067441993819,0.15841080899792181,3.966601596256523,1.7459690508652355,0.16590727550949858,4.036698235892166
1.8997504078676544,0.1473724170080315,3.6872566955038537,1.9109072974548034,0.16070401037708124,3.9232848806785765
1.9645324105626862,0.16507895079474955,4.123670869163674,2.051158262137091,0.1611777220170279,3.993826543279436
2.0534851192126697,0.1496808657784163,3.7420216444604075,2.0788098789255747,0.1672864435491913,4.0874072778004455
1.6835639339655575,0.15570641520025028,3.8645315944445118,1.6453514051019962,0.16554406754593876,4.105359369688288
1.6338579093870385,0.15908352873570974,3.9707197784089923,1.9446149202579168,0.16025685162031866,4.073173085611746
1.7799383331234342,0.14717527635471736,3.6970007577934263,1.6675756086219797,0.1487688436925567,3.6379990344233155
2.145485920880876,0.16285112707051516,3.9956644919285353,1.7035812105999177,0.15651090593926373,3.798413603901004
1.8137993152814693,0.14959398303438926,3.8021599657326584,1.9974131745164796,0.1374973094348943,3.4014955802298292
1.76372302032075,0.15617262964470574,3.882390008047622,1.7864316309385389,0.15890761099451425,3.9917136411548637
2.0747035877493865,0.14913581220286798,3.7254113947857195,1.9408294277604667,0.1626751380717806,3.9913464807126275
1.707243035391478,0.14507264221483968,3.535727150446109,1.7254703632879984,0.15307291478438326,3.7275690635678536
2.096721599861269,0.1636131011935888,4.113169584340037,1.9574298651463908,0.16247563615843127,4.08457415676285
1.9210475957427806,0.15735229407984724,3.9869481985983275,1.806274335287158,0.1575728730886376,3.9393218272159403
1.9669132946025356,0.14666556887026153,3.716170959077102,1.8673295806085335,0.14358900264954727,3.5463867563978315
1.790721563029905,0.15161962776582616,3.7965506351756324,1.9406548298475503,0.15487953081521816,3.88435887145176
1.7824040081775345,0.15070096714630044,3.755448749586876,1.9119030914529787,0.15770459888743285,3.8273837226668226
2.174208853783165,0.1424984957644568,3.621817300286675,1.7637085204816025,0.16016833096790375,3.8904752414809085
2.151545350121992,0.16665899766639689,4.11279830473479,2.32240441458844,0.1632734750624416,3.938919711991863
2.0613102992245604,0.18714737983434923,4.614615715479265,1.8829351514650772,0.164122589744677,4.0833225372881365
1.8265578209251578,0.1475101035905824,3.661104490090863,1.4522053257692187,0.14997211578317954,3.697960842354866
1.7688616497047727,0.14469731658741597,3.6691541987147507,1.7906604475451249,0.17446969248635666,4.3020136618263525
2.046502497816065,0.15499626603146535,3.8718054845029073,2.1765454649475244,0.1614037810481081,3.99616987488664
2.0319893329823335,0.1563779624039878,3.93128101557161,1.937015790749299,0.17923001880823408,4.34979107419402
1.9204111680122105,0.1745053985885551,4.309965408596199,1.8686566281156543,0.17975390317286274,4.4468659763925755
1.9749435982144394,0.1621483424988699,4.037461168182439,2.116412391773568,0.17055239960690535,4.250143897357978
2.034422164567448,0.15580771972251983,3.907637730817378,1.905937110653772,0.16039201989254753,4.0001654000955345
2.0136874346306812,0.1572461605515178,3.9468473057824314,1.8341480596915232,0.16198740178070106,3.8876976427368253
2.1594562907584787,0.15432618884425386,3.9133177941655406,1.965117564669821,0.16928269899206738,4.101395261189639
1.5123863081482893,0.15655524718898461,3.969841017799809,1.747636646716081,0.14923641906129848,3.64026753421675
1.7779975740497145,0.1596412915949519,4.019665012989793,1.7437480276807693,0.16144606747772852,3.9115287033667103
2.2516439016093814,0.1524586825911,3.759273751355117,1.987435696280208,0.17163530440646116,4.1548507967383586
1.838619289180207,0.1571991439439175,3.970640024803926,1.7873326096472462,0.1628333565394395,4.011785651695942
2.1310279668866676,0.1553515913805794,3.936254955964515,2.2870060346501315,0.1714169369343217,4.237154846086526
2.1111277083171758,0.17444239109139562,4.329546286941045,2.0520242512665328,0.15368362928280585,3.820514440241336
1.9059161680201524,0.1708845640318545,4.230903033576973,1.940573371525183,0.1593639085359694,3.9777180492369353
1.6590835149662038,0.16287367276397635,4.012778937436437,1.5957018912815546,0.1640059589635152,4.030677928540992
1.5595707434781005,0.13975883583049353,3.535649954863278,1.6298742488246865,0.16414445307782366,4.007276791017291
1.8286339224864951,0.15185340833271851,3.762779156430748,1.8404650308677488,0.15893169451032582,3.931752982346831
1.8587385875433533,0.157734078894944,3.9653732555128554,1.8667227533019615,0.15722356110295616,3.921144266561316
2.0389542708867783,0.14376405008875723,3.64832259416053,2.0236416961805515,0.1682823872860978,4.122059815483628
1.8873095391070036,0.14888158019205078,3.7339310351134243,1.8797289378505546,0.1575298674454532,3.8651037244431095
1.742025112095958,0.15076975695264527,3.8052566263740406,1.608503708699909,0.14675680020502516,3.6659836941269432
1.9147784804105514,0.17458418701627823,4.375067186644413,1.888882093967768,0.170972822418693,4.152915426953722
1.832536088796065,0.15437801344512017,3.8810030783658753,1.5995963815136818,0.1504633169898619,3.773600792185517
1.7758966454477103,0.14912775437393835,3.813707248793141,1.9119860163369298,0.15250444549004402,3.7881318399360553
1.8339079013013495,0.15446057298899607,3.8861494347130203,1.6821519582906639,0.16249987815289746,4.049476096758412
2.1073048963857324,0.15256992816970025,3.9106741131142364,1.8705707104929177,0.16668736857541308,4.12361776255614
