m_obs1,sigma_hat_obs1,m_obs2,sigma_hat_obs2,m_ipw1,sigma_hat_ipw1,m_ipw2,sigma_hat_ipw2,m_full,sigma_hat_full,m_var_oracle,m_var_mcar
0.6146834015175159,7.312680202881039,1.2726798804540884,6.398053745174598,0.8374899512240213,8.206024799762954,1.5526090963285504,6.704441903705633,1.0883894636736955,6.690142551713208,1.2006031132180413,1.715147304597202
1.5459950148065345,6.326120809863592,1.6824624487023507,6.052223529246369,1.7417794954962122,7.060503247235567,2.0986440854549944,6.368160118683646,1.787150470962921,5.9074087088595055,1.2006031132180413,1.715147304597202
1.223070939735457,6.090931800433291,1.0525886239398272,6.021139626372725,1.4780197817978618,6.667155388687588,1.138996398558385,6.461124587900788,1.4865103831727076,5.831402402777038,1.2006031132180413,1.715147304597202
1.523614988695712,5.928121593662925,1.4670242827413147,6.033798344543065,1.7500038714367716,6.51520105129047,1.577113914067604,6.576034407063066,1.7110356818669858,5.986679573734097,1.2006031132180413,1.715147304597202
1.2827784556178563,6.359875865774284,1.3813210817152748,6.264366346320211,1.475021288054915,7.076655553204853,1.4683509328552256,6.707109566516379,1.194494656685003,6.0210194211082495,1.2006031132180413,1.715147304597202
1.1853167501071715,6.567748737172313,1.5730930142332449,6.483271440077356,1.4439555355992533,7.255747319454135,1.7157207950296192,6.796351285657599,1.7010029731844791,6.1150359042371,1.2006031132180413,1.715147304597202
1.8336862979869304,6.655843223193533,1.3745957331925422,6.383671895860367,2.0844589707963785,7.370913967067475,1.6869955020412228,6.879716936296291,1.8995629681433277,6.211890895415942,1.2006031132180413,1.715147304597202
1.3207499207192523,6.047353762458344,1.3348317900261797,6.161197940076987,1.5219097464775768,6.744389704371475,1.6256173980836357,6.662471679605917,1.5070092577031062,5.9042884626373535,1.2006031132180413,1.715147304597202
0.9083005586356968,6.075083641917659,1.4173489651941549,6.2570107691256,1.122775097580866,6.785985347261381,1.60710019384423,6.659390551177706,1.324245693888363,5.870543754048057,1.2006031132180413,1.715147304597202
1.0920960418877284,5.965074014462371,1.020209370456706,6.150163644372943,1.2893737030487702,6.717471707029405,1.4257787484651354,6.850953560261391,1.1181637733123904,6.198817175062593,1.2006031132180413,1.715147304597202
1.6712550684987355,6.170807100562005,1.5641232725621097,6.160535857936815,1.853281711659081,6.888953330138607,1.888755657119608,6.701524305762009,1.9575460756370808,5.916425880955832,1.2006031132180413,1.715147304597202
1.5505120990668246,7.0849958200453225,1.2153547109667415,6.874046051458996,1.7493119036140403,8.037867634743,1.4489325535727389,8.667119443681942,1.5619503700563464,6.519967987010088,1.2006031132180413,1.715147304597202
1.1965136160938494,6.192781464742651,1.4552274728379575,6.065577792431123,1.4192476702629908,6.7602179844245205,1.7249012534425416,6.316862924880399,1.919846625667206,6.591377220032884,1.2006031132180413,1.715147304597202
1.7338728570123678,5.897787927297075,1.2757231144632597,5.9956411984585,1.925470841245952,6.573078317805951,1.528436103150382,6.714854897928278,1.713437425711445,5.848071115534324,1.2006031132180413,1.715147304597202
1.54114461536328,6.458881070222127,1.58988877088366,6.746480821216001,1.743432208251422,7.210847776827812,1.911900837513945,7.429797376829668,1.5605125253556646,6.532614329945615,1.2006031132180413,1.715147304597202
1.380317057053094,6.147988210524,1.5196202736320972,6.116169208862614,1.595854674145884,6.830171944076358,1.7818494580920032,6.504677465188328,1.4133466855759864,5.77172186766171,1.2006031132180413,1.715147304597202
1.4250533803650072,6.182592458069346,1.4282999632941034,6.118861354918438,1.629596973648733,6.833939795343571,1.6407517989753992,6.652132751473311,1.6169134412474948,6.97490896270923,1.2006031132180413,1.715147304597202
1.4762010148667395,7.44654910810988,1.344854242119904,6.150173724712728,1.6506775066119077,8.401514540853027,1.847876374985349,6.337793534615478,1.6131785386324362,6.878582638401152,1.2006031132180413,1.715147304597202
1.3179823090147225,6.872989183272007,1.1582958566366257,6.621094540845617,1.566538017748342,7.613089870628998,1.545648705375238,7.23242634726752,1.5332913767794851,6.273938573578751,1.2006031132180413,1.715147304597202
1.3171940077430098,6.26357384331799,1.8095105299374907,6.219980797253529,1.5504986561963288,6.97067642075051,1.9487003864084336,6.861938158674166,1.6175067398457057,5.902053356484447,1.2006031132180413,1.715147304597202
1.5737837393376497,6.472848374075968,1.669996679582161,6.363246503870406,1.7824419011414516,7.300850471754044,2.005109710485843,7.115201307866319,1.8162796038498112,6.296062284534891,1.2006031132180413,1.715147304597202
1.790689062414861,6.112928748954514,1.34645833808975,6.3313055558941045,1.9881047289709497,6.624544793939661,1.5991585242979922,6.64989890889416,1.8666889120371792,5.906414744793628,1.2006031132180413,1.715147304597202
1.3817766168365124,6.85818485119953,1.5985192083809678,7.011256926048138,1.572361012499676,7.800027424063989,1.7789080204472163,8.330795409630344,1.6254330244260735,6.40021043288586,1.2006031132180413,1.715147304597202
1.2622417478964083,6.005062581140923,1.150473527530932,5.958782049014975,1.452864325693452,6.722226245495131,1.4270336553152916,6.58073214325934,1.4460525001516198,5.9219328528831285,1.2006031132180413,1.715147304597202
1.3867192343158017,6.502604657132915,1.6084212115946142,6.534450706571952,1.5701201961280806,7.382756603698423,2.318581752323193,7.685840235604196,1.7711394376456495,6.166469523016588,1.2006031132180413,1.715147304597202
1.310678520074172,6.204401673600602,1.505788682782611,6.1447705048583385,1.506650408381731,6.824463143260109,1.671216854864808,6.725450727418606,1.548369466102955,5.91409055974611,1.2006031132180413,1.715147304597202
1.2755337637128723,5.869905848800127,1.2069590961598842,6.330641900108119,1.4597205330353895,6.496653673707017,1.437107668392235,6.867211794497639,1.2218549820799305,6.121295591889367,1.2006031132180413,1.715147304597202
1.3838449132513713,6.1836376869176,1.2222061435779263,6.066955357029322,1.593238878234748,6.939072545506126,1.4054915205805207,6.676277235203229,1.485099837216418,5.942353522306252,1.2006031132180413,1.715147304597202
1.5410361665235424,6.71755464942477,1.766975576900828,6.756662129906757,1.7018733485397046,7.519875153694922,1.976514253235672,7.4518120365955,1.7502959502440414,6.246550566236833,1.2006031132180413,1.715147304597202
1.6401052605874868,6.510680344989956,1.4183675275370462,6.12850465885716,1.8215212373094667,7.244367829764053,1.512040676452039,6.555142447104875,1.728479207638495,6.071779724132244,1.2006031132180413,1.715147304597202
1.240784805147685,6.319914710060609,0.759490050837301,6.371384602477384,1.535637848655642,6.822648332489576,0.99025556833956,6.935806055930298,1.432461096099252,6.005654906215659,1.2006031132180413,1.715147304597202
1.31485085297165,6.211952024513833,1.167682616239362,6.173021072706248,1.5179280684640166,6.784259303989892,1.380642479764906,6.6794333351934565,1.577516702539279,5.918458678416334,1.2006031132180413,1.715147304597202
1.7882967587252845,6.118245967989393,1.950234344550514,5.96111665837438,1.947127876317634,6.750310272492154,2.2688674279332512,6.454219798514975,1.818587017778888,5.735290516423916,1.2006031132180413,1.715147304597202
1.283382870398428,7.689716356351626,1.5555637325952998,6.079426718532546,1.4907634443569229,8.814208330715797,1.7441077811423826,6.6794987935271,1.7075890217077347,7.012638026514171,1.2006031132180413,1.715147304597202
1.434895338808284,6.424689532296435,1.6987401515255072,6.215271631097719,1.6305673770674245,7.207703608963664,1.784990736379639,6.727384335036335,1.7154463926425798,5.865789787213239,1.2006031132180413,1.715147304597202
1.4050578216433234,6.063366146968343,0.7807047644008277,6.646572346084382,1.639274326812819,6.793749115239757,1.202225014732856,7.121197690388615,1.3468242417934388,6.084921975743676,1.2006031132180413,1.715147304597202
1.141776842325104,5.995944105586486,1.559041570323885,6.296565033449154,1.373493644798036,6.713596267276866,1.536025408277447,6.9179929797334285,1.4816588801659922,6.037465235548527,1.2006031132180413,1.715147304597202
1.5304046025906797,6.075063886850557,1.8614137365784589,5.858332025886139,1.7208697145683174,6.735534019114021,2.1476505210167183,6.274858458378628,1.9133271416483464,5.835656254286838,1.2006031132180413,1.715147304597202
1.5430070272443506,6.292084927349448,1.349474021314885,6.579737390029162,1.7791843539419212,7.007467428737605,1.6989997067921263,7.371538575780153,1.6908184240297242,6.035795742683849,1.2006031132180413,1.715147304597202
1.3660877879915527,6.3509655299730055,1.154898466773829,6.288021423966487,1.561905525194528,6.975231145308036,1.1993929173333528,6.891236255204492,1.4730738468457052,5.977694043686559,1.2006031132180413,1.715147304597202
1.1760582218435869,6.467235475662639,1.467867639182437,6.054088071975127,1.3616167275825126,7.06272267800449,1.7642370935283906,6.443537493671471,1.4983163976714635,5.931488249318695,1.2006031132180413,1.715147304597202
1.57246200176839,6.16969651520334,0.9811020345459944,6.813163134202837,1.769008019111863,6.809835036209125,1.3094914343761672,7.532234075452938,1.441778658398372,6.412265696391048,1.2006031132180413,1.715147304597202
1.5863917635961076,6.228519477623288,1.4622620269447175,6.067696049012006,1.764411574234421,7.018034352401799,1.5035184614959805,6.474137994177061,1.5447327072061316,6.034386050007034,1.2006031132180413,1.715147304597202
1.772316767167721,7.454592906862177,1.801430248149018,6.912408827097837,1.9692431758576223,8.386163443846483,1.8351123269549012,7.674285668542527,1.8787870234971664,6.925734155707162,1.2006031132180413,1.715147304597202
1.3114962310967957,6.546996837584254,1.1957785685962046,6.1312982594729135,1.4710451554681454,7.257324492759301,1.322485120520764,6.816147387050844,1.5441570256732389,5.9292101732307145,1.2006031132180413,1.715147304597202
1.2337820282033467,6.530085427008273,1.1751630211997732,6.777429946701683,1.4401058832384117,7.370453548634094,1.500106806519721,7.572863262908908,1.5561740846051504,6.350575316286401,1.2006031132180413,1.715147304597202
1.7855455614388671,6.210675022178433,1.7014379527332806,6.109123252131766,1.9827980067979312,6.859272803876682,1.8897626688444893,6.658464487824055,2.012746630050493,5.966319413433925,1.2006031132180413,1.715147304597202
1.4271836859919194,5.898255308254591,1.2699706569077225,5.831322834964189,1.6118556378550366,6.582143688740956,1.5326370727533902,6.182176169637899,1.6477593088928328,5.613822135327957,1.2006031132180413,1.715147304597202
1.3202849977657762,6.64582010855744,1.1794985805198126,6.132714584620098,1.544229881691509,7.276560155851777,1.279817546461664,6.75779453376431,1.5156334777825295,6.023368982094394,1.2006031132180413,1.715147304597202
1.2439320670731455,7.288046650051259,1.241445477778468,7.031958141698616,1.4505183998024438,8.250758935378553,1.276184433578829,8.44361431991158,1.5850520853705297,6.7627468980643055,1.2006031132180413,1.715147304597202
1.829690225421946,6.347796590566326,2.1952561088578078,6.362591922055706,2.049060989105385,7.06963291046663,2.351456191103282,6.903038442662652,2.178501873653333,6.193795444944971,1.2006031132180413,1.715147304597202
0.7986640844294667,10.894389054539973,1.478718413979924,5.961219090928271,1.1783147200046509,12.588653696448624,1.806759995378801,6.228913936752651,1.190681784132816,9.392790704959117,1.2006031132180413,1.715147304597202
1.4091314553332048,5.9874330124915325,1.6090458561366172,6.00809030200191,1.5958512328710412,6.655010674565568,1.8751848292384967,6.489728103991281,1.6508100856780623,5.994464943988723,1.2006031132180413,1.715147304597202
1.28499360829677,6.377789988778128,0.986400026003561,6.31419857167019,1.5070189362042763,7.076601645056433,1.2377998031231796,6.906509931052405,1.3918752677115442,6.008169855393991,1.2006031132180413,1.715147304597202
1.2038217364806658,5.990106630497825,1.17277064444188,6.101840955073349,1.4490181119743055,6.707726297762062,1.4044155813306989,6.590025276254998,1.5592605635702772,5.836562312177111,1.2006031132180413,1.715147304597202
1.123887849578258,5.951778103425791,1.3425566093660275,6.003194009540441,1.3485568034341444,6.440285701204835,1.740086439929676,6.4603001816789565,1.4189210916515274,5.6004601303614026,1.2006031132180413,1.715147304597202
1.2380185143187026,6.136712756951972,1.4611747050056736,6.030787795743084,1.5138855786664889,6.675622084603385,1.7967150835808456,6.50754153119361,1.670063409911798,5.798812177162576,1.2006031132180413,1.715147304597202
1.260063582512644,6.039934621146636,1.301891670388149,5.993278263604798,1.4976445609921611,6.696582401108327,1.5431392941971278,6.385172315441711,1.558691125006181,5.7143173284353015,1.2006031132180413,1.715147304597202
1.019055413064654,9.568759839836645,0.7807216583719745,9.531750242747206,1.235066742980918,11.152798905438306,1.060172125618361,10.41649054190518,1.046800734473436,8.74973733779926,1.2006031132180413,1.715147304597202
1.7121116600793331,6.488893285105372,1.398566093994989,6.804180838136668,1.883970291045554,7.158283037243027,1.7837247215249692,7.306868896544792,1.8705442218901505,6.127587413367377,1.2006031132180413,1.715147304597202
1.174386336012465,7.475190985684271,1.3089663616364282,7.174363749707276,1.400236659194234,8.496949014080979,1.5311829238327832,9.080136864368656,1.3590660792618952,6.722059352401959,1.2006031132180413,1.715147304597202
1.0332595106565543,6.716506108643138,1.136557136479199,6.161546813437038,1.2672023058184587,7.638473570366678,1.216094823997137,6.805879965494386,1.4252994449257006,6.396314063161973,1.2006031132180413,1.715147304597202
1.3733493159494672,6.02717984009061,1.387656340500322,5.943755074180113,1.5611385815598569,6.804865572368032,1.4605738476167642,6.63701136216918,1.555937031804404,5.777577578365112,1.2006031132180413,1.715147304597202
1.9178252307223225,6.144582304290834,1.6799337054565089,6.303268886075634,2.093872679409963,6.693053113032261,1.8902927617147829,6.7047081885040765,1.911324759558626,6.07030374877547,1.2006031132180413,1.715147304597202
0.7117281362737968,8.285973500290817,0.7368051733772422,8.175015848083826,0.9445844981809498,9.4862465894991,0.9951633258516402,9.30195612121639,1.295769849828441,7.489646507422383,1.2006031132180413,1.715147304597202
1.4120565379170689,6.391754671098386,1.243602324420727,6.286060869296039,1.572170207521868,7.009754351206827,1.498960197527706,6.7560973202653125,1.5762880063713522,5.995174378665217,1.2006031132180413,1.715147304597202
1.0730618295231682,6.809674078195688,1.0693347831702047,6.811213213080955,1.2643361998147291,7.682705913211167,1.317095378166906,7.622346194306915,1.2530487321734352,6.381214443136924,1.2006031132180413,1.715147304597202
1.5551813530026,6.401175657530217,1.6925072598685502,6.208439321239107,1.761021422193792,7.213700648665336,1.8902438487157327,6.7658914053649,1.4623624743020187,7.060859506358025,1.2006031132180413,1.715147304597202
0.7298190581608515,6.2037147734074445,0.7387422422439751,6.168532408290195,0.9411540233098348,6.865298334023041,1.087062400161231,6.734433250673188,0.9785172643243832,5.993861014599431,1.2006031132180413,1.715147304597202
1.710145872218478,6.075078210966287,1.6975169542826034,6.236091341695437,1.8682405976614576,6.515269835466676,1.869494620640648,6.64706679800892,1.9324901492743904,5.947122699837604,1.2006031132180413,1.715147304597202
1.7412805198672328,6.387837537961601,1.816630750796717,6.013164308021874,1.8824849201520284,7.100382415533323,2.003335571263597,6.510196848358352,1.736876223852709,6.408332997378062,1.2006031132180413,1.715147304597202
1.839093312721872,6.1992792143067925,1.904166973193136,6.349820600565123,2.0238709001890505,6.958585724871532,1.910111832925214,6.995850216665003,2.1248639991926086,5.963908376735135,1.2006031132180413,1.715147304597202
1.3494572862201024,6.031862821897527,1.1165458094070926,6.63315360975373,1.570939989784454,6.779823406445564,1.466206610912353,7.419896006817957,1.4659865463655186,6.211247079528643,1.2006031132180413,1.715147304597202
1.5767614074822829,6.250336922852986,1.06308368205781,6.284708383736671,1.7807744332187134,6.899936977276719,1.2006652227852526,6.739934876742365,1.5303036835686117,5.889928751432211,1.2006031132180413,1.715147304597202
1.8822488662018977,6.21646404930275,1.754265424297827,6.493764024911515,2.124546757664937,6.787452972428125,2.164815882089997,6.887127265245847,1.5031990520083809,8.56766772590656,1.2006031132180413,1.715147304597202
1.3161351843689324,5.831103069464257,1.6051214929150368,5.65486922026725,1.598085712819218,6.231005553076017,1.7529934885394327,5.974547785985428,1.6760015114591522,5.359726940982194,1.2006031132180413,1.715147304597202
1.5980286347792627,6.051850324826622,1.2403675869369548,8.662670373388206,1.823570774701012,6.561565803921925,1.357134198471645,10.62512265959368,1.5161469398771774,7.721470786197849,1.2006031132180413,1.715147304597202
1.3889147584614174,5.955474466449552,1.4168613378509047,5.782245894143169,1.5902160389570357,6.571675373124054,1.4139248329695877,6.1768389735204,1.5934909905547658,5.591362812868185,1.2006031132180413,1.715147304597202
1.7665339413487813,5.718372932740719,1.401357610868347,5.98532035948827,1.943414256449888,6.380684218324402,1.5814704470319092,6.498557521847101,1.851226825243368,5.718397143632147,1.2006031132180413,1.715147304597202
1.5164038652905707,6.261865673369592,1.4886835883096703,6.430157795490135,1.7115239882352105,7.142147613423131,1.6378426110023103,7.010711900225042,1.691217835628568,5.950786378101694,1.2006031132180413,1.715147304597202
1.340428878415628,6.069344257076894,1.482898295469502,6.382298844939626,1.5337037803366766,6.768368703473748,1.6334034639178132,6.902271635154574,1.714247308735616,6.654030583569977,1.2006031132180413,1.715147304597202
2.1561348505787192,6.189769803777426,1.6437474213086032,6.377961008851392,2.350820551333331,6.996653869303521,1.788170272275312,6.98288965388123,2.1101920187713894,6.124835482492937,1.2006031132180413,1.715147304597202
1.3446502291432478,6.653949393196448,1.4657122717331554,7.081617061218936,1.5575952380271527,7.508340047037441,2.098279317149272,7.78598324275089,1.6549979682201368,6.628810381166779,1.2006031132180413,1.715147304597202
1.426311667541308,6.143789088730142,1.4301842139949916,6.22654486936578,1.666468979782238,6.667147334788569,1.7201347148436312,6.541239562376636,1.6321678220126,5.891762276882975,1.2006031132180413,1.715147304597202
1.2270195142282725,5.90302367998123,1.567895038542156,6.049399938230498,1.435116547731667,6.504584197840209,1.7951224647924664,6.500921312978719,1.6260825854627126,5.705888581175909,1.2006031132180413,1.715147304597202
1.5899428756481733,6.403474242600449,1.5115586054828405,6.495728109750725,1.783331035541572,7.100892434028637,1.7321137958762476,6.961323613785457,1.769566122025733,5.983307523895276,1.2006031132180413,1.715147304597202
1.5047942143348858,8.648573170288481,1.2540221741001518,8.314166805030531,1.7501509331157343,9.787666206579887,1.7232252267174992,8.807409226759761,1.6314294076645472,7.662708006696104,1.2006031132180413,1.715147304597202
1.8675195369710196,5.8754887260007145,1.195564885560805,6.090051094451117,2.057415950316123,6.467944957943146,1.539362533471699,6.658923547096231,1.6412083504546338,5.739522935173867,1.2006031132180413,1.715147304597202
1.418474178662004,7.040540318074625,1.3489378607128923,7.229228956822197,1.6473963970242125,8.026322880723326,1.2971498035646456,8.194091648495444,1.529001520947012,6.874600732726822,1.2006031132180413,1.715147304597202
1.5666795498946589,6.548850556722087,1.7079824175042155,6.272210943679008,1.7770231371658969,7.300433043340137,1.811704038489793,6.798702601104742,1.736142719866563,6.286473950814059,1.2006031132180413,1.715147304597202
1.178549353948983,6.560025814324396,1.037423031503657,6.45355247018732,1.4630151845609127,7.119112528633604,1.3976486954566338,6.839541970847527,1.4391827418956498,6.283594223426374,1.2006031132180413,1.715147304597202
1.8586136720703763,6.342183371919117,1.950923107044768,6.649045338039311,2.065888094678052,7.127920181921893,2.2481563041794645,7.091242465158901,1.963871217456278,6.250374418328319,1.2006031132180413,1.715147304597202
1.787583624339926,5.807575900078693,1.6204722318246825,6.061334133640362,2.038104326604421,6.446108975698148,1.6984485552410753,6.458563885758402,1.888093728867258,5.694698079866164,1.2006031132180413,1.715147304597202
1.746805429896706,6.284343271856423,1.5825596510641555,7.007877573757235,1.9186644217168984,6.973717152758563,1.7589745391181824,7.759002498057391,1.6937046396784776,6.610642980843854,1.2006031132180413,1.715147304597202
1.2798623276642558,5.917624925045988,1.4237693928507065,5.720027645296008,1.4618243072320818,6.505453464945419,1.5096441407128225,6.137568555281696,1.4842915580477245,5.702626637235406,1.2006031132180413,1.715147304597202
1.5207357639557817,6.144220541909454,1.375906829469702,6.105488907360974,1.6341055544958154,6.768942418808496,1.570230290673092,6.601124767455713,1.64874341394863,5.713627733456694,1.2006031132180413,1.715147304597202
1.7209948701968742,6.296132688605835,1.5274707958698288,6.327138271883526,1.926851496333413,7.121054358254896,1.717673095965671,6.873284203053688,1.7983961972738258,6.103839293121254,1.2006031132180413,1.715147304597202
1.7045636623719915,6.2728987241034,1.475164107285961,6.319119253831016,1.9069270085458987,6.94288307648364,1.6720237321124434,6.794298496739566,1.7811980090498123,6.741140620310079,1.2006031132180413,1.715147304597202
1.6408282492076731,6.230179914073982,1.5359676365772148,5.9856049577244015,1.8530028667756,6.746709311452302,1.7141746319536404,6.559312500897108,1.935072814240722,5.746380397572285,1.2006031132180413,1.715147304597202
1.1359292407440016,6.116877384813375,1.3262582504066691,6.066280833445624,1.345643939270848,6.893215999081265,1.4835619063355816,6.5387052978810845,1.505836431582529,5.820820653945221,1.2006031132180413,1.715147304597202
1.5088519234649336,6.237140424746881,1.0118399048955122,6.345381748497369,1.724965076462783,6.864814917395199,1.2389031058448998,6.936717693160812,1.3762980392617494,6.138629110411145,1.2006031132180413,1.715147304597202
1.404981977047795,6.910754337191205,1.5728021287795968,6.602054002845828,1.6303556655059592,7.637241101998772,1.730019823560078,7.217465086864406,1.639563277497045,6.360148749409967,1.2006031132180413,1.715147304597202
1.7039743721773897,6.544485953761562,1.3255788043162602,6.409973382490011,1.8642912714189108,7.3065037946010065,1.4531063498251298,7.0466068146378005,1.5588685363512202,6.1604052888244265,1.2006031132180413,1.715147304597202
1.598566917989785,7.5875699645693935,1.6468560801462448,6.24985146700396,1.852577836066492,8.708005835529502,2.061536569987776,6.800417735188125,1.7865769679713452,6.888385905152175,1.2006031132180413,1.715147304597202
1.4919045730812246,6.323032070849314,1.126269794683659,6.426393042900076,1.747447854966267,6.943200372414131,1.487609621534553,6.988825616714536,1.5169527021483276,6.3716653042319615,1.2006031132180413,1.715147304597202
1.7793904473139088,6.125214214349197,1.7447369773331525,6.192967320461559,1.9401555553097616,6.722297121438169,1.7386283208658806,6.743267591064919,1.8191740143721788,5.779809879046568,1.2006031132180413,1.715147304597202
1.7349361738024176,6.918540512850588,1.796115567881715,6.692491456507223,1.968926119956892,7.620219227016161,2.04997963373198,7.531514379646168,1.731472221633487,6.499437878090888,1.2006031132180413,1.715147304597202
1.9116302289816816,5.962841871322399,2.064318532418812,6.039652379808445,2.105369063424951,6.484873873282961,2.575615927850724,6.229772885873242,2.0870959713578308,5.729625077415216,1.2006031132180413,1.715147304597202
1.5237324249993414,5.869113152231676,1.5860494687344988,6.291277504926124,1.6856551425751751,6.572312148442312,1.908927106550463,6.710659596673025,1.6848241286015828,5.75716469067248,1.2006031132180413,1.715147304597202
1.2877946342935758,5.925474153405715,1.0820670630582798,6.056012954886475,1.5387823040422266,6.560720159152615,1.2111195066495724,6.741613243440784,1.5284097216704469,5.707651050311418,1.2006031132180413,1.715147304597202
1.501616358661572,6.43203675987077,1.6113731292923024,6.587159559717481,1.7469360513087688,7.043957350234334,1.906427138624968,7.290354884747137,1.8507689064349044,6.23564723366723,1.2006031132180413,1.715147304597202
1.8898133848026608,6.290224681936772,1.499817886366321,6.371845919881301,2.083398209228348,7.11602490050208,1.7579696410885297,7.382446450660709,1.8089530279742772,5.988453963604687,1.2006031132180413,1.715147304597202
1.6895544757600938,5.911324812213785,1.2535408368725574,6.146722951110396,1.865408159915986,6.489651673050595,1.349083981182057,6.7572521240382,1.7507133870272966,5.702572499210487,1.2006031132180413,1.715147304597202
1.264514030292494,6.371855169563254,1.0574662731163222,6.316268794773475,1.514905376193509,6.929935568437326,1.4249179932910616,6.783435822938985,1.3720423445452323,6.011825390009659,1.2006031132180413,1.715147304597202
1.5896959799477668,5.873952797751245,1.3390701086305146,6.494728875363749,1.7555323678127417,6.551310185995946,1.4595404403452417,7.103833130789527,1.7343160475483956,6.164281486628484,1.2006031132180417,1.7151473045972023
1.553340982864256,6.370302901996415,1.7579217006581476,6.306878762298598,1.7498550189377615,7.100572327692516,1.91584638816384,6.86816864436999,1.8097680012750947,5.966904113852804,1.2006031132180417,1.7151473045972023
1.7363084240089544,6.184540745848031,1.716923049918728,5.922446431525531,1.903688387393529,6.87435183842412,1.9611052675412,6.462803000538436,1.9059573245319257,5.785021639149987,1.2006031132180417,1.7151473045972023
1.528746249346605,6.149679762099201,1.415635579860315,6.332668319565716,1.668888085461348,6.879910098293346,1.575834820413977,6.803662566349451,1.77801317404545,5.99621780788769,1.2006031132180417,1.7151473045972023
1.6726607278571,5.981180090596978,1.9567400619743536,6.1372628597107415,1.823040130498204,6.684700079806249,2.128004813165476,6.469237542744542,2.0784136861818827,5.693464256678855,1.2006031132180417,1.7151473045972023
1.0465314571542417,6.273930243645399,0.7677990696508306,6.247615882562434,1.3277971559204031,6.8734453400492965,1.0137891255279383,6.684129904487999,1.2461471216269715,6.084318246461005,1.2006031132180417,1.7151473045972023
1.5053408895419258,6.435538325324777,1.348606410288697,6.789394930817072,1.7111496456339157,7.143891460507343,1.6202762526887915,7.60553502694792,1.6870763909534157,6.287744301190035,1.2006031132180417,1.7151473045972023
1.7236511565800383,5.869056678321452,1.7625931204795842,6.220924736496005,1.9326360698937464,6.536462333754944,2.0616147804845983,6.765193097866774,1.9270274720803924,5.776876197461104,1.2006031132180417,1.7151473045972023
1.0524797419602248,6.400967163564996,1.2096017703967454,6.054861919354847,1.3256606875665675,7.082033396435674,1.3071165016450017,6.798481827252636,1.2798272860844395,6.029662202710781,1.2006031132180417,1.7151473045972023
0.3169962420565311,7.378960534145034,0.8926264507986952,6.267935853176387,0.5990315166107283,8.407947714335362,1.271584785111035,6.546552172281123,0.9263918355968164,6.78749903977234,1.2006031132180417,1.7151473045972023
1.672017570008872,6.105455569888961,1.598077724593756,6.021873475918321,1.828633967922061,6.8610870027827096,1.7371954096630355,6.403722328046754,1.8257481309129489,5.879912303776365,1.2006031132180417,1.7151473045972023
1.8489223492876297,5.680366064008241,1.906381682165554,5.60568721248553,2.010493382525953,6.197785527814973,2.003679062022033,6.022102511720071,2.003349351154824,5.465177737538675,1.2006031132180417,1.7151473045972023
1.7816016902890237,6.003841246668035,1.4644788672654123,5.990378849974332,1.9686699619938883,6.557191550427677,1.7481060793378118,6.29894000259561,1.7412210945788618,5.86263236910336,1.2006031132180417,1.7151473045972023
1.7328701967608466,6.151128550838876,1.9194858348507795,5.998964011683803,1.9329897035849688,6.810312321862748,2.023049267077121,6.5172784604182,1.9998829270860108,5.762162486115583,1.2006031132180417,1.7151473045972023
1.2791483226051823,7.062663049347744,0.9657850147850644,7.28815128907371,1.5469954281778429,8.005754324726828,1.23323393400402,7.946568473112585,1.3950330634535175,6.702124034120749,1.2006031132180417,1.7151473045972023
1.6164894652830517,6.402392024028755,0.7901211560797129,7.380928344479383,1.822320390374314,7.089081933425826,1.0011160367217702,7.979037700985144,1.4500085561904987,6.757695888532392,1.2006031132180417,1.7151473045972023
1.036280071485567,6.387197902644248,1.2326476403091275,6.218104264433555,1.2601830993384215,7.0938615587364,1.4918643484992482,6.658814845534494,1.2452693329932318,6.031280374898087,1.2006031132180417,1.7151473045972023
1.271402710948514,6.138011631933043,1.580360427704134,5.858701595679213,1.5165522343083586,6.665980592706899,1.6918283904837,6.211817592134671,1.5492222974781782,5.776399899440994,1.2006031132180417,1.7151473045972023
1.3079756671745129,6.23403539569379,1.1315500917296029,6.419115359648444,1.5512586841227607,6.854293735989167,1.4155444332468314,7.015054153429439,1.2503026658186889,6.273645716483737,1.2006031132180417,1.7151473045972023
1.0520518028665518,7.069926714317884,1.4151284725104216,7.003222383171976,1.2835958834246002,7.780503244510757,1.6433076482617572,7.669816864156797,1.4360909226519103,6.528666582430927,1.2006031132180417,1.7151473045972023
0.9992674698541671,6.161891306448879,1.157617906559794,5.891186887515223,1.212635229395389,6.730129564521245,1.3543938249928489,6.253157975274431,1.3329860575111805,5.669180690579629,1.2006031132180417,1.7151473045972023
1.0944122764533684,6.203136258813139,1.263598041181738,6.149959306994392,1.288906707368413,6.896412043835907,1.5216456222256851,6.81538593413339,1.533583811205267,5.888192169273688,1.2006031132180417,1.7151473045972023
1.5214723393839669,5.727368603914538,1.237771145515149,5.933087124724262,1.7411835989674744,6.377655642532997,1.426182652652878,6.418765069020116,1.7455092955769511,5.732051841594815,1.2006031132180417,1.7151473045972023
1.5755515537015885,5.790195159791961,1.839253216037003,6.012237933909382,1.7637582794868458,6.286975843222623,2.0092545278406804,6.499187636219015,1.7676749391241378,5.924856604230063,1.2006031132180417,1.7151473045972023
1.4311741966543716,6.144125546722425,2.04149144109886,5.929067334188032,1.6312519631483111,6.857996412245156,2.244485616467179,6.25739230540334,1.978446751265084,5.953860428707185,1.2006031132180417,1.7151473045972023
0.9064243026834572,6.170745915617648,0.9821130793292496,6.061522049361257,1.133230077934811,6.7538242963074655,1.0375429995243803,6.647275136854746,1.3101144566554632,5.818381186643312,1.2006031132180417,1.7151473045972023
1.375721325501083,5.853164944691001,1.3552665911326,5.8509985555784105,1.5488576079838297,6.565586766155953,1.4589102544183263,6.323459651306078,1.6465161010743818,5.645130308475248,1.2006031132180417,1.7151473045972023
1.765248648012901,6.544564509344523,1.727501742411338,6.2665434987059685,1.9353177824161387,7.435354038957351,2.1556816320954004,6.741998788257117,1.875835041188825,6.285318092824426,1.2006031132180417,1.7151473045972023
1.0619182637915288,8.963685809906298,1.2966197284012733,8.788773083911048,1.3055404165552265,10.56379854913544,1.645433307777334,10.230228602665376,1.6508317811123228,7.982586940818235,1.2006031132180417,1.7151473045972023
1.2712894140223288,6.177986586539164,1.25027604978267,6.134264015765643,1.4730434101064462,6.904058842343894,1.598264816302103,6.6681860825300525,1.4579578511367055,5.959850684697867,1.2006031132180417,1.7151473045972023
1.0583058676389334,6.3336374227011065,1.0663587977691171,6.19082461302712,1.2820120389358494,6.959531886403752,1.196609427429454,6.672829431995716,1.3807947279964894,6.033691863057331,1.2006031132180417,1.7151473045972023
1.0973812471373148,5.990535434925778,1.3182942589246966,5.866974540277916,1.2821881138382023,6.694933683604784,1.5272845347433883,6.546349216207569,1.464852391449178,5.566424873336736,1.2006031132180417,1.7151473045972023
1.1830265622894562,6.113106013012144,0.9800542848276902,6.204889997315253,1.3782440461437035,6.89041633991839,1.0544749660987784,6.999830042165726,1.51888937074478,6.049610121549031,1.2006031132180417,1.7151473045972023
1.387814818092371,6.093390951317913,1.3954343054155796,6.061693947173571,1.5916015837970197,6.771667776248393,1.5538129977588064,6.604788947335352,1.4606041844886355,5.805044568781436,1.2006031132180417,1.7151473045972023
1.5820974893456052,6.350218182425832,1.6008999753684636,6.327088120745188,1.8069282337485424,7.088984796401815,1.6591695354667924,7.179715202262794,1.896778434813208,5.955941512198277,1.2006031132180417,1.7151473045972023
1.8488610603956863,8.684383978515203,2.0075563477802056,9.064475635384822,2.0618971824098,10.104475111785517,2.0813266168071456,10.189413070156222,2.051303967823656,8.064294066176972,1.2006031132180417,1.7151473045972023
2.148201020319388,6.221121956423757,2.0130008580785868,6.271791580423421,2.324060731670943,6.916435621481602,2.330529903947047,6.978380294549488,2.1804720597566183,5.928403924215092,1.2006031132180417,1.7151473045972023
1.8443663394986949,6.144825059491817,2.0143011907746,6.343583427558522,2.036939070960517,6.680332111690878,2.298426598386797,6.914105913441377,2.063087874926852,5.969013728798736,1.2006031132180417,1.7151473045972023
1.78509534142556,6.514073227972044,1.5673572655337444,6.444571898635959,1.9615386589931323,7.164840588598182,1.90507332789852,7.112540903054759,1.829578506294094,6.299816740697744,1.2006031132180417,1.7151473045972023
1.59371933375618,6.000728998510763,1.312842361841619,6.575136964837148,1.8070318950636357,6.512946501238973,1.528126419110457,7.25117535954724,1.5915388023112975,6.114281432887188,1.2006031132180417,1.7151473045972023
1.435534097097088,6.501775265530781,1.4144350220816586,5.913869928059584,1.6270839545714115,7.260182512241935,1.719644515138034,6.229398195508283,1.5328019697763478,6.0246820449997065,1.2006031132180417,1.7151473045972023
1.9011768535212268,5.975863823709753,1.6373370040398638,6.0406489425540135,2.0438626043620487,6.609247520277597,1.8388608983594563,6.651712187440589,1.9847300701209616,5.887655574123479,1.2006031132180417,1.7151473045972023
1.0968055402086831,6.420798267867014,1.269879834635523,6.328719953620792,1.2456168518424675,7.02038717518882,1.427679211207221,6.945053363251974,1.2669367110287606,6.040114210540284,1.2006031132180417,1.7151473045972023
1.4723222017462134,5.759624087199484,1.4423043655540262,5.890831988460749,1.6643919840696555,6.338436272336356,1.666963151875137,6.537831697157542,1.6567006659656656,5.546466178488048,1.2006031132180417,1.7151473045972023
1.2789265484934522,6.555967992657718,1.200128792307747,7.0754703307054,1.489796022281253,7.185498201491097,1.501184348338485,7.323248623722635,1.6316596630697455,6.32124338205047,1.2006031132180417,1.7151473045972023
1.4136391126841985,6.151302650386614,1.4001005149481451,6.231171899581747,1.6424246641773972,6.740654177174281,1.7685579648478784,6.718937735175501,1.5540513869283623,5.874572055243109,1.2006031132180417,1.7151473045972023
1.5513440965907197,6.565331215740545,1.4047250646133378,7.08314157830067,1.7377804201158231,7.314791837973411,1.7421185921686757,7.898253636043536,1.7563211034629471,6.642599711270117,1.2006031132180417,1.7151473045972023
1.933802319107487,6.487279971743492,1.618071035708596,6.088207612275604,2.060584599217392,7.023763961543956,1.7589325057934642,6.598758018206953,1.8483979282885072,5.935098660705555,1.2006031132180417,1.7151473045972023
1.5182852194917658,6.743644426858064,1.0850920463093072,6.7028858729319305,1.7369172214881885,7.721035877016926,1.5278747648945945,7.382288620222381,1.5498518153626022,6.265975091646792,1.2006031132180417,1.7151473045972023
1.5335787899081192,6.243182874835662,1.6720407478803392,6.368979260976286,1.7454808938627857,6.96247462894824,1.7605431975984858,6.824321605764434,1.7901519730914526,5.893211476900164,1.2006031132180417,1.7151473045972023
1.7732603692558104,6.065603873388143,1.7331492569585722,6.246353376548113,1.9428842654812883,6.744760876561329,2.0967966339255497,6.756761512367932,1.894759736198448,5.889429013413989,1.2006031132180417,1.7151473045972023
1.6482356153579143,5.906819224680376,1.3049562358326985,6.22548493372609,1.8362178055188016,6.461870330723215,1.381718422094982,6.915468634651732,1.58889713880482,5.858187390810144,1.2006031132180417,1.7151473045972023
1.5954973688016068,5.822032598257239,1.639502765567429,5.891557617519779,1.773984308472385,6.278369298805109,1.70344868784777,6.388606531942731,1.728816038661234,5.528751669602409,1.2006031132180417,1.7151473045972023
0.7701352112116605,8.401905166055572,1.1496192357762678,8.223166380683631,1.0224551913372473,9.616776216087072,1.4031790614673207,8.95897000403091,1.3500784336926004,7.554134430760098,1.2006031132180417,1.7151473045972023
1.3564208249279404,7.463638143257899,0.7658520073468505,7.680683863599229,1.5174646214842236,8.51809317100994,1.0868126073105775,8.341656040706837,1.467714252080199,6.98220893909162,1.2006031132180417,1.7151473045972023
1.6081327134637673,6.082370559788434,1.435610400318836,6.254332339585429,1.7897830259999563,6.721631303745918,1.6372180620731978,6.701896988760272,1.705268431558547,5.947448334934779,1.2006031132180417,1.7151473045972023
1.3887827734791611,6.030809029799208,1.287301582487897,6.133182427087817,1.599277969589942,6.54611484196092,1.6774796049504193,6.541444232685257,1.5371981009600364,5.670232371026755,1.2006031132180417,1.7151473045972023
1.1576359666734506,6.0443084017303645,1.2952634538596677,6.499827729736662,1.366719449484373,6.576486196932802,1.3698140186629522,7.281611299627265,1.3286784439562438,6.146681649547295,1.2006031132180417,1.7151473045972023
1.8140691056587293,6.201101132141749,1.2867937999116472,6.390364940048548,2.002584791911625,6.716046079792973,1.5373698997265546,6.930831600515991,1.7120706227355156,5.894926454573052,1.2006031132180417,1.7151473045972023
1.293375709992584,6.813715244886086,1.442795441680511,6.866979833922937,1.5421182593281095,7.403663421477708,1.763470338462152,7.605367443796017,1.617616294763847,6.398231537009633,1.2006031132180417,1.7151473045972023
0.178042937100811,14.073774397320966,0.1544961002496791,14.238278769346858,0.2672764114570262,16.666017626841004,0.2609343086151471,16.618069349293208,0.2606122219332026,12.325947610310932,1.2006031132180417,1.7151473045972023
1.1809184063008966,6.359508689997846,1.3194502312277692,6.295448117693219,1.3957200932536056,7.084396090790966,1.586812233287617,6.8859158039820585,1.3317309755680489,6.253635856285884,1.2006031132180417,1.7151473045972023
1.3475051375087763,5.905288596220239,1.5535128502580258,5.779103367281135,1.5665419080791272,6.430698828779236,2.0200733344125408,6.093449097854417,1.6156417672779495,5.629302888187295,1.2006031132180417,1.7151473045972023
1.3057784617645316,6.273595628648996,1.8153589421705851,6.484680886529655,1.526708467229653,6.797069701535567,2.0597944054196717,6.871951636069954,1.7131696456980776,6.184530955788783,1.2006031132180417,1.7151473045972023
1.6121709290574655,5.971282263275828,1.0755860719214214,6.105981677864482,1.8197819981010048,6.603128556871505,1.3100379893029477,6.578623750998091,1.7315781536411663,5.718873054001064,1.2006031132180417,1.7151473045972023
1.3779971423097686,5.884520930544847,1.2991924125170795,5.843153412572432,1.580946751485561,6.544390647066478,1.5295420108213929,6.355074127377508,1.4457298387822282,5.837779229577071,1.2006031132180417,1.7151473045972023
1.3148191188276876,8.367026542513894,1.4545589594617825,6.469754479693022,1.5651202869426364,9.580398296538515,1.813836042947935,6.9304694254261205,1.599571387963148,7.762825308863165,1.2006031132180417,1.7151473045972023
1.3130035176695622,5.8324453707661945,1.238092359191128,5.904003645365016,1.5080855405774782,6.4963383623093245,1.4722799817989958,6.56796026592948,1.4073656571842692,5.767483642387604,1.2006031132180417,1.7151473045972023
1.8093152073158492,6.314626143618205,1.45601381159192,6.3606185563624695,1.967966291924779,7.078575898834529,1.6911918530752226,6.9357108261338505,1.902143963892132,6.071587227910298,1.2006031132180417,1.7151473045972023
1.9102252539039235,5.795540399016329,1.8691139892555504,7.770590551360996,2.0597217835467303,6.432346049608613,1.9284073122804228,8.40613679009966,2.1164565124221397,7.008067411702935,1.2006031132180417,1.7151473045972023
1.232598390455614,6.310043864679925,1.717805070626116,6.524519694323156,1.426513787042296,7.06063129248031,1.9211702242647213,6.915993280025954,1.6013071203496876,6.23236461762556,1.2006031132180417,1.7151473045972023
1.6120199336582643,6.734671261848849,1.814581256129886,6.575705833829767,1.8079078643533728,7.515331099862752,1.9934776737312696,7.1559728781037375,2.0840489429419784,6.233228803020861,1.2006031132180417,1.7151473045972023
1.279920069860061,5.94780810883445,1.2075838873584177,5.929590847277141,1.4713651403116552,6.592986551346376,1.335445525891753,6.502997362915512,1.5695071296594476,5.578386168275543,1.2006031132180417,1.7151473045972023
1.9822650478013333,6.12748062745381,1.877401596850788,6.105851015546535,2.150109668536912,6.619190583059549,1.9913610718954449,6.373349107316519,1.9821977484505775,6.34796616784985,1.2006031132180417,1.7151473045972023
1.6768918862471685,6.162166357443613,1.3509387000853563,6.3621226179279375,1.859160353755445,6.759674444279173,1.5644793732555553,6.650377233313075,1.7709393480090674,5.894065698838142,1.2006031132180417,1.7151473045972023
1.6460568476418818,6.003112323762563,1.508727993368909,6.750857983281712,1.8225150922695643,6.696354051961431,1.912091639954599,7.386448292027786,1.7535264131203805,6.212041961802534,1.2006031132180417,1.7151473045972023
1.3921831783419312,5.907575339989534,1.4886439528955149,5.820627289014322,1.6592468571889127,6.51654124233688,1.7786787917355638,6.286153571593551,1.6043089473400969,5.704667897802977,1.2006031132180417,1.7151473045972023
1.6304488868891795,6.063047896768637,1.4813164245136938,5.852522442145635,1.787142530054466,6.83171843004347,1.5713629389026569,6.452932803914956,1.728155704193905,5.7927410962991255,1.2006031132180417,1.7151473045972023
0.9321273181251568,6.089107985814232,0.8950332786025923,6.17079373874743,1.1672737314432329,6.765318706051999,1.13997226414475,6.706221223152037,1.0686555368103838,5.899479296770562,1.2006031132180417,1.7151473045972023
1.5038735830770968,6.096388708404206,1.1456994696327545,6.141175097470702,1.7097713678635766,6.702506986670156,1.4324062212851922,6.658808660179607,1.5066652874530453,6.137242587691134,1.2006031132180417,1.7151473045972023
1.2834805798905184,6.547322567771689,1.431848761894278,6.961779360944791,1.4763278783748983,7.096630230079215,1.5853906745206514,7.540582915880639,1.589088612892393,6.339203365669257,1.2006031132180417,1.7151473045972023
0.8911379326854652,6.678255135574215,0.7900115416049358,6.726259083364132,1.1378201358540596,7.4833366254749505,1.1611257314126098,7.336224357872801,1.1826246338447917,6.444053096738696,1.2006031132180417,1.7151473045972023
1.6226490336395971,5.874119534188461,1.325556612893798,6.842468330101159,1.8179788355579476,6.548835354445205,1.5870408874879125,7.30342152319712,1.6926623523946358,6.33578125272177,1.2006031132180417,1.7151473045972023
1.5364523968127326,6.203737173172656,2.0412779127234746,5.874925019284687,1.7429900927258373,6.8826888857787125,2.107724150475762,6.5229101078805005,1.9594972158469,5.80334658047062,1.2006031132180417,1.7151473045972023
1.393214798958923,6.004439749182029,1.8332695467301017,6.586711006549702,1.6222139251709955,6.672354407337408,2.1533676516239453,7.267840745266496,1.9116050572797936,6.253824508905618,1.2006031132180417,1.7151473045972023
1.7945286326029282,6.13795265649306,1.823642495048012,6.018430108724711,2.027519128450164,6.724544592717185,2.189869473971205,6.555127305696569,1.986484444420495,5.755544577928957,1.2006031132180417,1.7151473045972023
1.2419696590162157,6.756042378325487,1.04401957320905,6.69477078833769,1.4752355861171305,7.655377396463653,1.250987264519536,7.256923622330241,1.2542476192499732,6.275805958347251,1.2006031132180417,1.7151473045972023
0.8469319381690549,6.149539643688531,0.966265729831359,6.25374023978528,1.0369836530102403,6.893460789523258,1.2395514252838875,7.086706624977147,1.233620802988577,6.14895657440993,1.2006031132180417,1.7151473045972023
0.8789481979773308,7.436277574043145,1.394918525023754,6.607073793153892,1.155687189141685,8.207704777369678,1.5125045470915497,7.216168548085274,1.3040893573266106,6.881073157112477,1.2006031132180417,1.7151473045972023
1.249106285767776,6.5307660772023945,1.062119212897338,6.547163214420654,1.4220348919062922,7.301251504562382,0.9023450143063868,7.644520159469634,1.3462494314511604,6.236990288204177,1.2006031132180417,1.7151473045972023
0.9312452516388808,6.22504596548979,1.119051915435132,6.235939976760542,1.2008927563533718,6.941358361253001,1.3996051869493733,6.740794826302234,1.3388645516318656,5.907537730420174,1.2006031132180417,1.7151473045972023
1.4220865674171594,5.8952857888090255,1.1955399817376606,6.289406016821075,1.6429968097950347,6.503833924357632,1.462923021587824,6.796385567495086,1.5951367338601676,5.863363792229656,1.2006031132180417,1.7151473045972023
0.4788048354533595,12.663308733124856,0.4677307591280172,12.915900481219504,0.8423670499514267,14.803562374210266,0.9395005041900456,13.943543429989209,0.8356587009553756,11.04413933624004,1.2006031132180417,1.7151473045972023
1.3103997886217544,6.120065762583764,1.164816576143958,6.559104174247754,1.4798295815777158,6.954375304924602,1.431920164333791,7.336153983228272,1.547199366737833,6.162629020803183,1.2006031132180417,1.7151473045972023
1.454520618739083,6.390302096793665,1.3373917588969884,6.06005205993993,1.6691831641984387,7.016632995620379,1.6221118172871023,6.5869789835420605,1.604169213606912,6.040783787685782,1.2006031132180417,1.7151473045972023
1.7265366233839945,6.09401858372592,1.3022738978967794,6.0579263548056055,1.896452723563557,6.725245615035812,1.477015072058422,6.587114922617818,1.8221750793015756,5.845170541322961,1.2006031132180417,1.7151473045972023
1.6583786997540533,6.494514113836661,1.6753077604340982,5.903800635061328,1.823548778957015,7.2747872175542,1.9207040199826075,6.434854344198892,1.864205237764633,5.997643123738444,1.2006031132180413,1.715147304597202
1.610283962852736,6.591922950291053,1.3176072439526418,6.126879350423404,1.8233807817852847,7.273560537117998,1.4572389039152858,6.697850565033796,1.790759654818312,6.194900757750221,1.2006031132180417,1.7151473045972023
1.7237411261278022,6.253800185052321,1.6296069361303849,6.638070791022845,1.8888218111921475,6.956217790253834,1.9163918214426523,7.082769144447144,1.795020613926506,6.166720643960293,1.2006031132180417,1.7151473045972023
1.4762156870399346,5.819830226870229,1.3123194218319498,5.971665881209088,1.667703336551237,6.423660677703972,1.5629638208755512,6.288642344837116,1.6565540171175817,5.553431125582804,1.2006031132180417,1.7151473045972023
1.051422190904972,6.096519105545434,1.3369793532284604,5.965932822211638,1.2544839050286298,6.687323114041161,1.6993252016630394,6.386618681302513,1.5566524677146223,5.667125447943583,1.2006031132180417,1.7151473045972023
1.0880904957058766,7.470281575646662,1.0888453990840443,7.3597302354142915,1.2954246772965208,8.59628012870972,1.1992176540810822,9.532943534855482,1.423820054585211,6.947652617777544,1.2006031132180417,1.7151473045972023
1.3112616743638807,6.354939667244563,1.604204434225437,6.558043163253023,1.5460917700507948,7.032543371696659,1.5520668738742909,7.248100555466114,1.7113299497645047,6.235221823614987,1.2006031132180417,1.7151473045972023
1.320791710437219,6.813916364014959,1.2124926234460809,6.950183369832725,1.5304443646614,7.752674275028781,1.6240676277163355,7.562485013073494,1.3983780709257745,6.5442808453766,1.2006031132180417,1.7151473045972023
1.5688007319316848,6.367651288177942,1.8389630835877608,6.147485576665322,1.7808623830327812,7.133663058169223,1.7972666230573655,6.704986147985493,1.877416857830696,5.996919495121996,1.2006031132180417,1.7151473045972023
1.3637178618982633,7.638219983879621,1.1202520413476915,6.841569788487182,1.5959244624788411,8.70024659885052,1.42484765809739,7.304064174089714,1.508686893764457,6.965970083011213,1.2006031132180417,1.7151473045972023
1.4658065076034434,5.864756969235994,1.4231603932379646,6.233180853002879,1.6581296867881414,6.437003466337695,1.73572674246016,6.96661655167574,1.5031664136034266,5.973533942756564,1.2006031132180417,1.7151473045972023
0.7664927068323419,7.046216408175134,0.9177010653133272,7.075569340657373,0.957694222864224,7.936445374419932,1.0300679593403723,8.249096131360156,1.1702243579983935,6.429560532269191,1.2006031132180417,1.7151473045972023
1.433424576204837,6.001087378301567,1.515623431042353,5.852521332447668,1.6392218298461252,6.589268880790193,1.725256470040681,6.40057369797374,1.7646577165377808,5.859394305494544,1.2006031132180417,1.7151473045972023
1.4373523301121014,6.752520294802104,1.5608863545443334,6.4171435967500345,1.6083467520278631,7.567433161574218,1.7145252502817423,6.897529806941694,1.6436354509453903,6.529290072751724,1.2006031132180413,1.715147304597202
0.6681767006982757,7.443535855038022,0.0032733327277663,10.668719574806053,0.9545281254051456,8.488501651348756,0.1986254005667806,11.689417727092277,0.326950498545326,9.711323450280322,1.2006031132180417,1.7151473045972023
1.637904417664464,5.947484206153751,1.255693165519437,5.908389552924864,1.8024077501981188,6.5141021280651135,1.6142827684513352,6.345981272773479,1.758848084498654,5.6281913685052505,1.2006031132180417,1.7151473045972023
1.3961103068057996,5.993121823758552,1.5302127447204468,6.174954336732236,1.6677957342512406,6.700737999821384,1.7492050424767172,6.703026682757785,1.726794952055229,5.898769582046066,1.2006031132180417,1.7151473045972023
1.4365273731313517,6.034782664270076,1.3003520057151206,5.988738033668947,1.688160440453346,6.661685605948371,1.4148079100897468,6.411039666428074,1.5107177742652047,5.74588156849041,1.2006031132180417,1.7151473045972023
1.8601953106342028,6.704194927893446,1.7674486964666445,6.705015644537725,2.062438664165844,7.58845071923005,1.9825437487754587,7.317555713439256,2.021557473759943,6.43269599954048,1.2006031132180417,1.7151473045972023
1.242261730167803,6.021221319697731,1.0916024031138962,6.0028489004087024,1.449320876851028,6.596403687397932,1.634621805600261,6.706665243296271,1.2880629014851066,5.864001404374416,1.2006031132180417,1.7151473045972023
1.5624750596950256,5.935893970260852,1.1924124931542444,5.709326365046943,1.7577203123366945,6.6632531916293525,1.477658374276433,6.136268153916709,1.6849317544495732,5.535230466745725,1.2006031132180417,1.7151473045972023
1.2840521079170228,6.0711074623142425,1.3519961653974215,6.079366722281216,1.454885024979134,6.67043815997387,1.6154556735860988,6.515191868398218,1.527410902802679,5.807125354668141,1.2006031132180417,1.7151473045972023
1.510181612345877,6.3654857413521455,1.4180007780867367,6.233723628183474,1.7170315561268636,7.059048657764611,1.697611902833217,6.586944203569449,1.5845569699023536,5.986642661412095,1.2006031132180417,1.7151473045972023
0.981010736813796,6.748341594524439,1.1921251440210057,6.919013245716863,1.188503371255285,7.5799025889693,1.2238600170937557,7.673420983729001,1.4067531088458292,6.3803205864779935,1.2006031132180417,1.7151473045972023
1.8654104037817263,6.383173612538958,1.4918154310037468,6.25333208483642,2.0616206795055603,7.1121858110479295,1.7849611366771678,6.705535289155876,1.8598399826734375,6.053294209862184,1.2006031132180417,1.7151473045972023
1.183744086098225,6.674851692108194,1.2179444388311105,6.576407196350505,1.4523316325648783,7.483897835231421,1.4446206068359535,7.53378834345444,1.5905465419789409,6.186196555322404,1.2006031132180417,1.7151473045972023
1.6522878705688335,6.229512396601121,1.4874407272927244,6.015471856179952,1.8940253269901768,6.858917606298573,1.676233874438159,6.478499353802534,1.6933685473391764,5.841288236228457,1.2006031132180417,1.7151473045972023
1.500643404508341,6.734171667264204,1.3856150007428738,6.714435120673293,1.6851710500577797,7.342929962935917,1.537052118605836,7.010170367753988,1.567617911415374,6.1780708872341386,1.2006031132180417,1.7151473045972023
2.0147662780157773,6.088757755592294,1.6581203028175486,6.372768196234468,2.1539101712306,6.794736995701796,1.7968516961644565,6.831606450308,1.8873069855820404,6.42048373114892,1.2006031132180417,1.7151473045972023
1.1849095893597323,5.813841944479085,0.6915225626018033,8.832023088105714,1.4114088803714089,6.369717031949706,0.8830924002982595,9.951595238230755,1.0995259164625082,7.698491174167541,1.2006031132180417,1.7151473045972023
1.4066985022816416,6.179489262167439,1.5210745327870223,6.233563113127049,1.638604657247463,6.807195610284876,1.8075719288689016,6.513837117675243,1.5819380863324963,5.982810657709057,1.2006031132180417,1.7151473045972023
1.4758845880977738,6.242135090778738,1.466811887457554,6.338538352040293,1.691851642966604,7.031933603748208,1.6482702201781936,6.967008025946532,1.5600854061302445,5.932342566836784,1.2006031132180417,1.7151473045972023
1.0897716813757967,6.16915586144309,0.9031010809580962,6.511866816275182,1.315099363559863,6.870437580115351,1.1209686806347368,7.105256320180026,1.2115471840943912,5.996397006261752,1.2006031132180413,1.715147304597202
1.8783866734287449,6.556498788905355,1.7115115529063705,5.9419990936911145,2.0831027138088376,7.437475346079839,1.79776716783373,6.572615719816392,1.774394627937426,6.2005967859093225,1.2006031132180417,1.7151473045972023
1.3764889602331,5.6659456972207565,1.3894379618699642,6.003211168478321,1.5660189032185683,6.203098163656669,1.5343345009251366,6.615756751218428,1.5137619141416798,5.629221571503544,1.2006031132180417,1.7151473045972023
1.3359019556258054,5.790961509539051,1.5163505092300509,6.009611030538967,1.4968566641139125,6.446698790279572,1.6653112014844211,6.470790728323299,1.5182899718286016,5.647602191445398,1.2006031132180413,1.715147304597202
1.2218555159238829,6.3217507758659215,1.2760366107784766,6.142300388426813,1.4271444131220117,6.968828622489927,1.720502684321195,6.439167071540203,1.5202232549818824,6.067269875239784,1.2006031132180413,1.715147304597202
1.6718883739332575,6.622695305781273,1.5866091810308631,6.216805043173073,1.8694281846450045,7.355737542764145,1.7513445355451325,6.757710997543368,1.8245843421818304,6.2116780554101885,1.2006031132180417,1.7151473045972023
1.4743410909450223,6.172710196767851,1.2999870657339103,6.487349877971761,1.6889556367270082,6.838469192832674,1.536670507152401,7.012357336042294,1.4580921636583637,5.996964299631804,1.2006031132180413,1.715147304597202
1.307722333826763,6.376507305608477,1.4245866742579034,6.061781626989741,1.5216056393662585,7.00697946221945,1.6346118180508002,6.420534877124207,1.586021727015955,5.955944710725305,1.2006031132180413,1.715147304597202
1.143898035738801,6.440093594109131,1.2626286583024016,6.575886751069622,1.356689601057763,7.136751888754957,1.515959770798718,6.97609593070769,1.4543745214720898,6.086208504113715,1.2006031132180413,1.715147304597202
1.442897902715575,6.195949702423694,1.2731641264517102,6.289321558489164,1.6683159360822108,6.901624971213918,1.5109103917842135,6.836449197986226,1.7559246947781308,6.043011754516839,1.2006031132180417,1.7151473045972023
1.8428143546066065,6.132367267959851,1.05529411927115,6.934989704971368,2.039861234704897,6.826286983210181,1.2728219649110608,7.717307566753454,1.6414326560915249,6.395381217073366,1.2006031132180413,1.715147304597202
1.1706442502922565,6.167149394180827,1.5548893401454702,6.7286195572860334,1.310750696976316,6.860069727293452,1.6960062709818802,7.402499694733638,1.6749268820791352,6.305508568128968,1.2006031132180413,1.715147304597202
1.8549854648927533,5.752508495446895,1.895458802206335,6.052631385267111,1.995056181723217,6.443201120562168,1.9568457156864292,6.50201948708516,2.029139364451698,5.86162218212689,1.2006031132180413,1.715147304597202
1.1722839277332888,6.577938215002359,0.738275827423011,6.962429561694584,1.359244489864308,7.473584019983119,1.0844145667828964,7.387568940672791,1.2358295512157094,6.300446721596661,1.2006031132180417,1.7151473045972023
1.2479673893443677,7.258664496420358,1.5466212270900923,6.305268744925341,1.4961125397318311,8.15259512308651,1.7541966598895378,6.978457819186211,1.6487400304583502,6.647481115860952,1.2006031132180413,1.715147304597202
1.327806007476474,6.175151196450588,1.6484014212129467,6.371951519926178,1.4953023917760502,6.808695434121291,1.8839510185957644,7.087295908287062,1.623562774246798,5.910023090714911,1.2006031132180413,1.715147304597202
0.9784363452073188,7.24360355510151,0.9378843772409128,6.364696149500002,1.224052052352528,8.14763786167336,1.2064292644751142,6.828342878358146,1.5323120114043731,6.778672672102988,1.2006031132180417,1.7151473045972023
1.360262155171178,6.178782319374276,1.14581618070673,6.010276977553837,1.598947295517497,6.904681110768276,1.47020687026729,6.6254557458021335,1.4412436238408282,5.983199492704947,1.2006031132180417,1.7151473045972023
1.6582150143761358,6.203872124350949,1.3747516553111805,5.962537031400824,1.87521452549428,6.869910229368858,1.805547984154105,6.516387929852457,1.464237095991549,6.883283893206959,1.2006031132180417,1.7151473045972023
1.5844136304390226,6.026237713839842,1.667993378234497,6.078562530066719,1.7860696075713467,6.570338405188041,1.9179585124230172,6.584103710536003,1.8307944971699883,5.678147276081456,1.2006031132180417,1.7151473045972023
1.2733596954555315,6.194310878767673,1.7062027032852458,6.157087031023597,1.441761096431509,6.867142071797427,1.7825735994579566,6.614434455289551,1.5607096572550694,5.901292918376874,1.2006031132180417,1.7151473045972023
1.4396238401385455,7.346680373845738,1.3954454907286995,5.964776801049594,1.6395357934233596,8.312189149335213,1.6692328905596163,6.592907365950668,1.5142861420430187,6.8408104453907885,1.2006031132180417,1.7151473045972023
0.9245303529350104,6.216085845837917,1.0162605327147962,6.224489962187088,1.1059276755816438,6.980932272299527,1.1807411038741675,7.050480837200429,1.2182326483995614,6.1325929380011885,1.2006031132180417,1.7151473045972023
1.4865467185401011,6.6645063130429065,1.7529149976088874,6.570867549308871,1.6979864369791038,7.344077771421341,1.8309258234256889,7.176016715918517,1.7162146843858883,6.3408337305963824,1.2006031132180417,1.7151473045972023
1.5266740027962005,7.520071734208868,1.3821232288691985,7.347399056924281,1.7092667065680942,8.442627221539789,1.4631797381961575,8.423266563625615,1.6063928878590603,6.912743629478339,1.2006031132180417,1.7151473045972023
1.5964234446964192,6.385309834486754,1.5343621416720854,6.405974014448277,1.7799411798457634,7.176547697470879,1.92456827855842,6.918437583412578,1.745446798010973,7.883405159043188,1.2006031132180417,1.7151473045972023
1.6751907052847992,5.87274781435742,1.77491330253209,5.763667454178432,1.862831684269028,6.586522653379017,2.0344533750890967,6.3781768668744565,1.868844856003954,5.548878040692063,1.2006031132180417,1.7151473045972023
0.9939077896566292,6.3921861066075,0.8731874007781948,6.421579739757247,1.167659331985386,7.202367573394568,1.0497381549932687,6.862777825477625,1.2643806979611236,6.2173341054214974,1.2006031132180417,1.7151473045972023
1.7516580326569926,5.791410881392251,1.3255883396946802,5.94423872000604,1.887398151784066,6.342538234350704,1.5113389033721494,6.538445197716267,1.78576736389493,6.150539748907892,1.2006031132180417,1.7151473045972023
1.5044054645300893,5.858318715325389,1.524940990102909,5.806149516656756,1.7049912558855445,6.622825554899358,1.812833942598518,6.482140163744457,1.5739757776470704,5.710080228088407,1.2006031132180417,1.7151473045972023
1.3109845912961906,7.184449095804857,1.0604599318374348,7.4126642152101745,1.542559347748969,8.17009575045534,1.3924287814142078,8.332041491725658,1.4867366384635945,6.669623867035614,1.2006031132180417,1.7151473045972023
1.52247665746143,6.282585165418904,1.6488651816953044,6.158842895784243,1.7277403778060347,6.875970227851278,2.111645894494637,6.622996128223974,1.7423250534753658,5.884027776921503,1.2006031132180417,1.7151473045972023
1.694123579856662,6.309989757616972,1.7635546865104446,6.440343018958192,1.8764136282768,6.967798534955275,1.8544118419365652,6.808899438689163,1.8887517851377789,5.98694291366154,1.2006031132180417,1.7151473045972023
1.6627972154861506,6.105723434530808,1.492862823919589,6.229069786924281,1.8781430054742136,6.81328142574576,1.7457778561713864,6.70151642326938,1.8400703383757424,5.916211798102053,1.2006031132180417,1.7151473045972023
1.1993917879835982,6.342982912886027,1.049922300392705,7.040023711468191,1.4267162611036133,7.014369795190456,1.1522792227812446,7.586801068268435,1.372496815593834,6.564065465563853,1.2006031132180417,1.7151473045972023
1.430014395806289,6.095605434888969,1.6769145190939223,6.187505470908143,1.692120916014001,6.667836629013141,2.061997332007186,6.552147888252098,1.856870390167084,5.779139285102309,1.2006031132180417,1.7151473045972023
1.6629493419692087,6.3227322172760045,1.641774230395817,6.271782070567569,1.8911610285837743,7.114385823129046,1.857333806962136,7.036897467112244,1.876128882531639,5.991290483921604,1.2006031132180417,1.7151473045972023
1.6294238913162318,5.994944875790861,1.4444785928672377,5.9931147700142455,1.8645617701927997,6.6118377934763135,1.7619093378416526,6.437434085358682,1.787347460166229,5.850889172042171,1.2006031132180413,1.715147304597202
1.620782961622237,6.354592213242429,1.2387378917329768,7.37903788584585,1.7891393063310597,6.970584868843011,1.3946549460785993,7.873263688168731,1.590014796032056,6.7851732906053,1.2006031132180417,1.7151473045972023
1.8120187787087056,6.011867020538061,1.7368670539438336,5.986137088393071,1.9908371864911727,6.556910896580486,1.9842335639484772,6.388775303275509,1.9816474402258055,5.715898872289973,1.2006031132180417,1.7151473045972023
0.7974197085632564,7.440439344137372,0.7723558445721388,7.53942372755146,1.0033743742600378,8.485374935345467,1.0287174939804695,8.162552454765663,1.1981304424168502,6.880334056189807,1.2006031132180413,1.715147304597202
0.6735241322667017,6.527532150483143,0.6808772641511234,7.715580533196178,0.8913797713599421,7.360008841842141,0.9053283699139414,9.106539585294628,1.0987101123079073,7.13339696963557,1.2006031132180413,1.715147304597202
1.309252773277542,6.469893978285093,1.43733449064856,6.073687510379582,1.5049167120217646,7.233702137725872,1.580858424468139,6.868996082997611,1.517592657819146,6.142315901649005,1.2006031132180413,1.715147304597202
1.4919024415488469,5.732218092075802,1.564228588849633,5.842349710305156,1.7069058338732326,6.390830391545829,1.765711896629637,6.432478426215868,1.7513777814378442,5.767632548330239,1.2006031132180413,1.715147304597202
1.3763143990969349,5.834560975645279,1.412843527062007,6.1873581236181066,1.5640472276695785,6.607411810637598,1.78096937256755,6.675857861168602,1.428334230723904,6.983778226699805,1.2006031132180413,1.715147304597202
1.291666142516673,6.386030298014632,1.4449184367342711,6.526966395857151,1.4983674098607052,7.213070706399693,1.7201978177929154,7.216350369920631,1.587884936262752,6.184984063215259,1.2006031132180417,1.7151473045972023
1.6372003725533175,6.520401295646844,1.611210049905192,6.217623140922607,1.843114095331696,7.278366231608586,1.7986895976211972,6.641413420801758,1.7986266408372384,6.122975102898817,1.2006031132180417,1.7151473045972023
1.0594499371052175,6.458292624896251,0.056405802752779,12.027453110940597,1.3022824257406167,7.115823164234574,0.6231222376427982,12.554930468457703,0.8142974741572795,10.450545265839352,1.2006031132180413,1.715147304597202
1.5629570285877452,5.902276633002651,1.1690504129871897,6.223488182718873,1.782783197171779,6.5053423017490415,1.2631313215435522,6.85913310023478,1.4679486487654363,5.757956576514473,1.2006031132180413,1.715147304597202
1.4595991906653931,6.448260140236613,1.2376570410407488,5.909963828066894,1.6394282512517604,7.224846837017506,1.7833016610862549,6.436520423485883,1.4582050019119823,7.2338280413900256,1.2006031132180413,1.715147304597202
1.5447524775047523,6.129718062740513,1.6544907433276366,6.517493933972566,1.6996625746071434,6.697145875846137,1.84386044394431,7.137172004433668,1.9153783589963664,6.089632102670085,1.2006031132180413,1.715147304597202
1.906320261077844,7.960882610432662,1.7024866232855942,7.139533611322396,2.0911919163798918,9.102254073050531,2.0214554176732307,7.740551597237904,1.9053203016303863,7.241039325718031,1.2006031132180413,1.715147304597202
1.5772332800362625,6.076934466990479,1.567188720965429,6.273949097334227,1.7958031918063209,6.885734356903039,1.9609639564857173,6.692538572863734,1.6232328536523914,5.98815415599714,1.2006031132180413,1.715147304597202
1.3552432473940847,6.3910958799067945,1.2007677585003964,6.481497160987882,1.5405399118297702,7.169400947975519,1.638704595555661,7.108651489439233,1.3450458421122278,6.114884979966886,1.2006031132180413,1.715147304597202
0.0566368588547802,14.743971499613297,1.434991046465541,6.307773974171991,0.2035793935150597,17.304405723625386,1.675618313537821,6.941251925841296,0.3625686161665226,12.76932731777922,1.2006031132180413,1.715147304597202
1.770475347987293,6.443034149778184,1.8548308695562328,6.305629078936816,1.984741889738584,7.032179680787032,2.2696712646854684,6.774521001189535,1.7803466249855282,6.1841189917956125,1.2006031132180417,1.7151473045972023
1.7093534238854162,6.4445050170920135,1.8618428435407448,6.435647524213477,1.9080848105846857,7.18800497640721,1.934256841758281,7.028246415357336,1.865992505934066,6.082061919535311,1.2006031132180417,1.7151473045972023
1.8729105102960448,6.064648257409655,1.5911764540010345,5.8330078456811805,2.069868689233056,6.655230668287965,1.7952789188230407,6.220893837970668,1.8939867145253573,5.71513237999678,1.2006031132180413,1.715147304597202
1.21401986515023,6.127654465878478,1.233852394860706,6.101879818624286,1.432367755607503,6.813349300901423,1.4980656635875074,6.637310796608462,1.41161815039717,5.961092389869055,1.2006031132180413,1.715147304597202
1.4123088931062917,5.823924651724925,1.3094772218457955,5.804094466181258,1.5781936448567135,6.529132082506681,1.474453318920124,6.340911876551555,1.5340042186069571,5.5359848190288,1.2006031132180413,1.715147304597202
1.6037970442853433,6.356923340921678,1.508162101748724,6.075383288238498,1.845786808365836,6.949865132762595,1.582128922218585,6.654202646251041,1.7608437833682062,5.997671860524498,1.2006031132180413,1.715147304597202
0.6062785338498778,6.432975896709456,0.8725111619705391,6.03531660221715,0.865930396019986,7.245066329398043,1.054727202604412,6.698605755351584,0.8738699330082561,6.054944343183192,1.2006031132180413,1.715147304597202
1.5134748406399243,6.714035100314926,1.6695691319950938,6.65896347866554,1.7683026841885308,7.509042442692449,2.035340342579363,7.169356197130742,1.752628058102772,6.176317129647609,1.2006031132180413,1.715147304597202
0.8503151102674987,5.87031564502643,0.9306540138129072,5.987035211983618,1.1503590979094525,6.37630119314426,1.322213541021736,6.481487841465705,1.0753608148477027,5.527771628217832,1.2006031132180413,1.715147304597202
1.3382186664165625,6.650031425927087,1.531913086051846,6.26543968998876,1.6106060352793583,7.387468656664719,1.6589963982987403,6.8420106513962695,1.7344107892544114,6.171350035393354,1.2006031132180413,1.715147304597202
1.3399880533741928,6.633856748704988,1.3967008616137029,6.608790875997187,1.5538456409436117,7.37071420263623,1.8173046504870471,7.376516165654947,1.47048836178165,6.290112074589485,1.2006031132180413,1.715147304597202
1.307075258954248,6.060200593106551,1.398470008740497,6.353731050157311,1.483616653871306,6.694844396959534,1.6988563443414908,6.936929487986648,1.6157833691715404,5.831949942832284,1.2006031132180413,1.715147304597202
1.7846337640293524,5.961478141228551,1.6880614532903695,6.640980355747724,1.970415121236552,6.576852079324928,1.7447373033306308,7.15047155589797,2.036668045109952,6.012461783853837,1.2006031132180413,1.715147304597202
1.534131591413952,7.56400778080437,1.4346266776451513,7.674977132716276,1.7603468585146609,8.503259238158419,1.8521463082978424,8.479302215266154,1.4319180593846308,7.492220508687035,1.2006031132180413,1.715147304597202
1.4307929860133182,6.466479356041156,1.3079529870146576,6.710387931600941,1.6613567733914556,7.136497968006149,1.5830622478418266,7.516723027879551,1.6097750062655205,6.196929826042854,1.2006031132180413,1.715147304597202
1.9184079585924516,6.611410492362762,2.1174076204565773,6.078276339938314,2.0885529147903488,7.401443023203079,2.3615504987681346,6.547105718760484,2.052490630210171,6.097339590307942,1.2006031132180413,1.715147304597202
1.2521285955374148,6.478896388741696,1.3568277716631203,6.498083697434632,1.5048575498637864,7.3872409608042116,1.8288008469810624,6.9412229809989885,1.664486074949396,6.161877499871348,1.2006031132180413,1.715147304597202
1.4972602913128503,5.978924635818699,1.6430728711692624,5.983986081156076,1.6945434278267435,6.647191700082287,1.8842755695131597,6.42546927152021,1.7430067521693802,5.771581801618162,1.2006031132180413,1.715147304597202
1.1431352475398415,6.1467302257964525,0.927474571368146,5.971621009752923,1.3341467532826707,6.909691968320587,1.1699230618089222,6.7414857182957695,1.2838349009116652,5.80110750890367,1.2006031132180413,1.715147304597202
1.338750293590203,6.875883202131343,0.908024081136515,6.870394432240088,1.5717821498164282,7.721047707421277,1.2602213189610738,7.696512905069206,1.5012292903564417,6.5534953579991,1.2006031132180413,1.715147304597202
1.4702418037275298,6.558791618805639,1.4227569354408456,6.717924649492317,1.7244325757177996,7.159200124324284,1.687372357592249,7.158827306688711,1.8050091802589916,6.188544455960062,1.2006031132180413,1.715147304597202
1.674163319806129,5.934442743175607,1.645730321931114,5.845198517511757,1.8433871007416145,6.440976223827789,1.8174037228597093,6.326138909825766,1.824234194329152,5.649784365925916,1.2006031132180413,1.715147304597202
1.5229086278923627,6.024338326561319,1.7000741223443945,6.265954236445491,1.6567465754963455,6.61059712982219,1.9066171438328008,6.661729086772859,1.7005207183140965,5.864666963361365,1.2006031132180413,1.715147304597202
1.119531468177013,6.291694633920478,1.2686030989747603,5.958964689719136,1.3636640587362283,7.023402636733852,1.5826919629272376,6.210289488762203,1.4169322555243,5.944383392043394,1.2006031132180413,1.715147304597202
1.101065427625658,7.606139791849495,1.520534181292254,6.032463240929048,1.3537545446205974,8.468764955028291,1.8666855326970968,6.531777784388887,1.5723292903661712,6.995636723130233,1.2006031132180413,1.715147304597202
1.3951242891311642,6.426036961069203,1.5867733462265363,6.462366374155558,1.5730946610165095,7.081822605874776,1.4554524445478276,7.108039005077973,1.5979430457327173,6.176399524975303,1.2006031132180413,1.715147304597202
1.8297427455249335,6.134593204915982,1.736641305894299,6.283247143894355,2.016375710587515,6.715524980081998,1.9517758874757256,6.721970854571489,1.8267463158577333,5.970505001403414,1.2006031132180413,1.715147304597202
1.339476942366356,6.349799948249734,1.5640757352247836,6.262815697674583,1.5458855048072253,6.878889701144875,1.7915809142357526,6.698565645131552,1.4460237227979351,5.928750648304917,1.2006031132180413,1.715147304597202
1.5285987947264654,5.947029424933926,1.6099132769485174,5.966604659277651,1.704128563868243,6.604601200383851,1.6024463633975992,6.456551046786388,1.8014047215022535,5.814959505513081,1.2006031132180413,1.715147304597202
1.6022678060773423,6.015141755517459,1.6471015051457645,5.918454066592775,1.825430091440562,6.406136738975882,1.7473246899066457,6.258707860511503,1.7253794673206968,6.487067339058519,1.2006031132180413,1.715147304597202
1.3387615677167717,6.487836407064715,1.4185386137544047,6.1033298206564135,1.515119374369687,7.119147662787368,1.660051404028004,6.600948271374247,1.4833156731918316,5.939850466175638,1.2006031132180413,1.715147304597202
1.5643620880211375,6.304986955540778,1.7332250095106294,6.538392039087004,1.6713307116749754,6.984171026806438,2.0357312689210816,7.250808730964421,1.629735682347608,6.148876333187162,1.2006031132180413,1.715147304597202
1.5887663563609715,6.2188937013635055,1.2428469547248835,6.144594338887772,1.744640071970802,6.87925734427504,1.5251584160910654,6.61917517004905,1.6570054721965053,5.834554940667478,1.2006031132180413,1.715147304597202
1.4277044700334445,5.837766662038293,1.5253543093544053,5.700322577471623,1.633899722158914,6.422374247597528,1.6494729258179572,6.223430206048957,1.5888008598647172,5.517138521482793,1.2006031132180413,1.715147304597202
1.394654861142423,5.9222748350485706,1.3974595794454945,6.060833697155991,1.5985812605269658,6.606963030144698,1.4255014115672786,6.474686079853578,1.7139963899031645,5.796113857701185,1.2006031132180413,1.715147304597202
1.514454774467617,6.184236122526842,1.0719638339210211,6.309614568765503,1.6601950282278848,6.885320363056578,1.251886211627787,6.688329163043123,1.535571101513774,6.099590048533413,1.2006031132180413,1.715147304597202
1.2633743789268088,5.959165010833395,1.100140538775629,5.959069888256719,1.461627218328408,6.501038895989858,1.347090024410258,6.426239522747324,1.475714052817684,5.666266010743936,1.2006031132180413,1.715147304597202
1.6899407712480106,6.216953935061335,1.3805533515586397,6.233817973166369,1.9331995560571416,6.8585889928367285,1.5753238185454974,6.736590175941019,1.6320657896217745,5.950045062106837,1.2006031132180413,1.715147304597202
1.7368373164084716,5.85489118594117,1.8393755527644493,5.78349115915195,1.9138719217452735,6.456451165703929,1.932635496514268,6.3633014887419135,1.8809737848339143,5.662629806632062,1.2006031132180413,1.715147304597202
1.3813186105290425,6.091942658306801,1.4441883535457267,6.133383263493022,1.5814099180807517,6.5867117786446725,1.925452614432704,6.420509344250965,1.7838127785566975,5.68901875207169,1.2006031132180413,1.715147304597202
1.2707185045130498,6.244458295815346,1.6424047758992522,6.235209973265225,1.4246395742178368,7.083586561543489,1.699824222550029,6.8245431252776205,1.55297638308106,6.0164400830321805,1.2006031132180413,1.715147304597202
1.7674556823226266,6.031235082219792,1.9180359893118148,6.211759129269492,1.9511642444459316,6.708447041938841,1.9108569306520944,6.964436008562231,1.8147294198014647,6.027780714305184,1.2006031132180413,1.715147304597202
1.8451962076955457,6.039157687495587,1.6038806210386016,6.25081811009201,1.9870864213983457,6.651108760311901,1.736585909554354,6.816442545833152,1.8578152708874809,5.86984688282917,1.2006031132180413,1.715147304597202
1.3895054281698036,6.340290393715599,1.2550248976005185,6.4452510662593525,1.612698564660776,7.024529124547327,1.5377560461504554,6.833161368287131,1.5365974369067814,6.096211512443447,1.2006031132180413,1.715147304597202
1.3595071223960924,6.320294974258548,1.0876619119381656,6.436500833157145,1.5596508851386977,7.15769959261831,1.1605108603512575,7.111014618205836,1.4694130959298883,8.02423372458092,1.2006031132180413,1.715147304597202
1.36743062105293,5.94570459882498,1.302907747600642,6.325759737952873,1.59103153438177,6.674345793218294,1.2050676308614467,6.5920708100489405,1.6278614903359392,5.820258820857927,1.2006031132180413,1.715147304597202
1.1625965818741333,5.9926733096911455,1.260256186421594,6.089339260822916,1.4419699849486105,6.492034366906218,1.6095259312165795,6.486021663235207,1.538761821132373,5.713322412707471,1.2006031132180413,1.715147304597202
1.2236048805251616,6.354339957427089,1.0706232143626917,6.12403256812464,1.3885042952680502,7.043077355774445,1.2012849235809455,6.660024056400549,1.355488293816069,5.80637349058615,1.2006031132180413,1.715147304597202
1.64060296354164,6.103908112911499,1.5719661201509365,5.873235841475944,1.8161113699554208,6.754426828978295,1.872408679357929,6.35460861411959,1.6711169550664389,5.694597381234878,1.2006031132180413,1.715147304597202
1.229366531631101,6.225001709426857,1.299750870842726,6.499199853254238,1.4248836365845026,6.929354552467878,1.4819230754068502,7.003117003146073,1.2975492072023098,6.039246232137317,1.2006031132180413,1.715147304597202
0.9229317403786584,10.331027717914049,0.9567654635954485,10.302275397181702,1.2239419361672286,12.034431308861189,1.2942950757887928,11.171028429489592,1.3864027681909836,9.11596186491398,1.2006031132180413,1.715147304597202
0.984799621806897,7.763630100706478,1.0752862323327652,7.996742557145093,1.241805505356453,8.84188251458778,1.2937018159566702,8.74911089594747,1.427998119382002,7.175098605110629,1.2006031132180413,1.715147304597202
1.317246911380656,6.246034989779146,1.2841097121726768,7.234353622860468,1.4791197093147834,7.003824465115013,1.4657118526052768,8.172116773740418,1.350295367417102,6.6841209230870176,1.2006031132180413,1.715147304597202
1.5812528954512848,6.477554790041215,1.405104769576988,5.956422346428904,1.764759362170253,7.27970979595996,1.58337061319164,6.522428035583506,1.472774139476242,6.046197565660044,1.2006031132180413,1.715147304597202
1.3079095040567243,10.136030457207536,0.9439205140768728,10.25373455936005,1.5631985609214991,11.847243135006185,1.3942884303838017,11.175876337390015,1.50141416872993,9.134769313469103,1.2006031132180417,1.7151473045972023
2.150799387516724,5.790564021422661,2.031369426108854,6.108909677530798,2.321396197516365,6.431241896585874,2.0658843452290787,6.579146108449505,2.085131332098374,5.73125687346391,1.2006031132180413,1.715147304597202
1.2981243191751588,6.853170741132749,1.4205978580673146,6.960365130311461,1.4839095082544187,7.676381102380931,1.5947184849700244,7.963228632747229,1.5446236861993463,6.903380934517182,1.2006031132180413,1.715147304597202
1.8444828459115248,7.034164235659095,1.7846576700980883,5.988092898167565,2.05360399110984,7.847300188382881,1.997991712362584,6.303633098870352,1.9638333672015476,6.504689831206487,1.2006031132180413,1.715147304597202
1.6057104688450283,6.4709073961325485,1.3025072525338763,6.1626366912273465,1.860310010337256,7.162122738858056,1.6963386850391364,6.401799717574475,1.7991563832621862,5.947971435464479,1.2006031132180413,1.715147304597202
1.1550770097597556,5.998094088671548,1.0316712592700468,6.005516794723546,1.3611691251343,6.607240782030353,1.2228502412103972,6.504617661923179,1.346022326408872,5.873348731074082,1.2006031132180417,1.7151473045972023
1.4962020522205357,6.411046328914652,1.7662940755915673,6.092787398985409,1.6526640094028855,7.168275360996099,1.9901868852302116,6.575965393088597,1.736168454924561,6.0960587769850365,1.2006031132180413,1.715147304597202
1.741252733765876,6.269396533728805,1.3622701053572908,6.525179547427386,1.9655884803684271,6.842630448565812,1.6048461559411038,6.9360462561039,1.823909653924897,6.058795334419217,1.2006031132180413,1.715147304597202
0.9544363269839796,6.650498880090275,0.64856785738084,6.607960032474086,1.2016281066498442,7.469318631620341,0.8345367326416517,7.195657612298632,1.153941440803591,6.264678110280679,1.2006031132180413,1.715147304597202
0.9152234003373474,7.045533919004059,0.8237376521022316,6.530761572250088,1.153412300742895,7.969100049043509,1.1141667979804166,7.085309030643361,0.9486991840023792,6.850805560978665,1.2006031132180413,1.715147304597202
0.6769546406776498,8.5581038484239,0.4815948338702139,8.423955360086588,0.9317703264776646,9.779068489408948,1.0105902488725018,9.60801695107772,1.2486062831611189,7.861104039651508,1.2006031132180417,1.7151473045972023
1.186684366016577,6.719608279538686,1.399013029496219,6.600944778071286,1.3687226489392037,7.513629488222628,1.605661147486027,7.207131477601917,1.4677119363955329,6.402346283501618,1.2006031132180413,1.715147304597202
0.8611568472837338,6.322970481297238,1.169190289695318,6.506593370036055,1.0852676044364211,6.936058362848875,1.3110160434537104,7.100702853170788,1.461930743743035,6.162816947339741,1.2006031132180413,1.715147304597202
1.057688285042979,6.105275508684649,0.9569794842679348,6.272202568976351,1.2730661522551732,6.852465319858304,1.054649808022553,6.783783390043508,1.0777414180610247,5.701812467293945,1.2006031132180413,1.715147304597202
1.1857084326422953,8.647745763505556,1.595461806535897,8.807372742326718,1.4142901628366171,9.975386080178149,1.90119650087209,9.502417424198894,1.745842723618032,7.710851075881811,1.2006031132180413,1.715147304597202
1.4536645351970257,5.98029617803333,1.022097868130976,6.060238738505785,1.6259981550544584,6.66589618374491,1.270152370222909,6.628188232250119,1.3940617051749435,6.135890394737615,1.2006031132180417,1.7151473045972023
1.4398954220163405,6.573471479552159,1.4130974440023012,6.558831865483383,1.6815406916083109,7.32461305681417,1.754985083593927,7.1734161430942125,1.724552553962022,6.143442010410896,1.2006031132180417,1.7151473045972023
1.2452979924092633,5.808536629422763,1.463768804324134,5.970607497184077,1.4377309622985537,6.54330973603442,1.7113967738569793,6.404734813551855,1.673846974927211,5.822491589436279,1.2006031132180417,1.7151473045972023
1.5392454328480931,6.90513347221531,1.2717428341875263,6.85697543843807,1.740515392124211,7.886328732932949,1.387815674583582,7.433248521264792,1.5365559236656463,6.534507927391702,1.2006031132180417,1.7151473045972023
1.5317762065773344,5.950100565224586,1.8071417541574528,6.010105292471731,1.736357464872774,6.555567632949166,2.014184562363786,6.357775259362274,1.8098230081526587,5.9219985153808965,1.2006031132180413,1.715147304597202
1.098603654174236,6.087730639977061,0.9822359938000962,6.35064557911514,1.2525027183541482,6.905810090490502,1.1795482667819148,7.034589915379426,1.336660150129222,5.902014494779905,1.2006031132180417,1.7151473045972023
1.5070906568142466,6.197414293164266,0.9413343146392424,6.135018549532364,1.776459101836214,6.96032820165187,1.2569657398640697,6.701167147968686,1.317160948464906,5.935566395227952,1.2006031132180417,1.7151473045972023
1.6364330266093472,5.646013296678314,1.7743267230931712,5.506529524410912,1.8412569320314935,6.27317457746426,2.0336060879245648,6.060179190204331,1.8110037369677647,5.595013539272552,1.2006031132180417,1.7151473045972023
1.0781317628204627,6.176034462536648,1.0130477008268093,5.972501772562814,1.3614233236728244,6.779949117184449,1.409381288373062,6.438950912348138,1.2901811020930358,5.66218172842886,1.2006031132180417,1.7151473045972023
1.6402470225435897,6.67087429568724,1.766138871795927,6.195462010683896,1.8196596629288464,7.554589909708696,1.8628229578128168,6.88448629182674,1.7735943294465228,6.250270876040374,1.2006031132180417,1.7151473045972023
1.1548947819544906,7.210541009095929,1.257224299221281,7.078061205731605,1.3682533084849091,8.171218627994547,1.4921354453901177,7.879566422157569,1.3840278733433096,6.717100722673012,1.2006031132180413,1.715147304597202
1.391894070369677,6.151487273094801,1.3927776854792668,5.955665087832849,1.5958525637938754,6.841432111037579,1.578554856213547,6.519225858884418,1.5571382359115629,5.751040117107328,1.2006031132180417,1.7151473045972023
1.788422394316162,6.435135452914415,1.5976300926523643,6.473893765689684,1.9882476546748644,7.195237093960018,1.9348452347323997,7.181866077393153,1.832336144622736,6.133661578036057,1.2006031132180417,1.7151473045972023
0.6365772336445656,6.768395456149612,1.4425824170551176,7.378797024828714,0.926681897435095,7.411957533963829,1.7980870513218867,8.18572890713328,1.0970684902509371,8.511968924493022,1.2006031132180417,1.7151473045972023
0.9230991220562884,7.807510070098881,1.354548075713964,6.311982853248817,1.2095570443904644,8.93686251008121,1.5670330246731394,6.710742319257272,1.37748650491561,7.103337043919502,1.2006031132180417,1.7151473045972023
0.9529433711277924,6.239607485529177,1.3204236880336797,6.401458452087279,1.2544605298655287,6.845751105893532,1.5984009855209975,6.82075721330282,1.4118578146584695,5.8867508668252215,1.2006031132180417,1.7151473045972023
1.465099835055197,6.30890174620811,1.6886319697062848,5.949757268358673,1.640583275007591,6.892132001354279,2.044258456732953,6.416528151150733,1.7235414605158432,5.778480663350151,1.2006031132180417,1.7151473045972023
0.9504486381083916,6.949878769328443,0.8364326462884947,7.012190762052529,1.1685998429921958,7.896533817582842,1.0322010411300078,8.043268951176138,1.2723136439598075,6.621065866271949,1.2006031132180417,1.7151473045972023
1.5276087229269817,5.688937538330275,1.6175540929809449,5.827842144912619,1.721905389737519,6.316354873234416,2.0020900813860543,6.404055522834348,1.8001836706819965,5.699064684913716,1.2006031132180417,1.7151473045972023
1.712993677380713,6.057608462101615,1.5163435557009644,5.925678133232453,1.9107869190345343,6.803937516158387,1.9985150210715896,6.480601945256275,1.7687658163463915,5.764371379024683,1.2006031132180417,1.7151473045972023
1.4431337908070072,6.113452116835317,1.1535144234304564,6.098044647714191,1.6332344032911743,6.816385523870317,1.4074588267708177,6.659057143144379,1.7435711994723064,5.948148303624422,1.2006031132180413,1.715147304597202
1.4719193641646466,6.3396244635512815,1.5498599405603857,6.250810674804376,1.6569174259884227,7.156932465482246,1.8674528070872192,6.81383621817237,1.7445736407067904,6.170963345240737,1.2006031132180413,1.715147304597202
1.035516152560163,6.052122269558813,1.2776385883549726,5.923168567888104,1.2634147664695488,6.684330926351517,1.4305384108517096,6.469425048889369,1.2814558314776252,5.884439977816884,1.2006031132180413,1.715147304597202
1.3040442610571503,6.142324862426435,1.3858930259397175,5.832262211855051,1.5204239502883932,6.772377954526489,1.6281055153457609,6.455551374487152,1.4769653635050808,5.82238799816886,1.2006031132180417,1.7151473045972023
1.3599267418506928,6.684551164201112,1.2807076006374425,6.553268701771321,1.5145292750142596,7.336965892186595,1.5489543042139235,7.114494018352771,1.4932398275290737,6.30018431304516,1.2006031132180413,1.715147304597202
1.429761777013795,6.073156672232079,1.450387842977245,6.016209643380714,1.6098845726203317,6.771256152470073,1.6092468833380262,6.58656195856187,1.658068948544497,5.866142475765362,1.2006031132180417,1.7151473045972023
1.8981479814712872,6.002179073583126,1.60074783305712,6.684894023872408,2.0676150868706107,6.741685083007441,1.8841616168145177,7.419164402974503,2.0227557274653147,6.148660183522769,1.2006031132180413,1.715147304597202
1.3215412294245512,6.096821068168237,1.6664649217171357,6.083269465882883,1.5657314584086672,6.775857908773316,1.871953752241472,6.658939693999677,1.8020352399148685,6.016262552629973,1.2006031132180413,1.715147304597202
1.2716956268932178,6.484348947582538,0.9622097294444324,6.008409764717898,1.4605356684539914,7.213837766213363,1.3032043191237233,6.206841512028787,1.37718032699801,6.093733706542813,1.2006031132180417,1.7151473045972023
1.6295855715771024,6.383148695202389,1.240877666503867,6.551732179150615,1.838480852617796,7.101110646271867,1.5289671920603878,7.275768930836931,1.7684436025393482,6.338425805475891,1.2006031132180417,1.7151473045972023
1.6652698080371418,7.063522947520502,1.5451216270618384,7.1917526715817175,1.8838384059212476,7.878289437239649,1.7099817387266485,7.908413899310474,1.7522871822665629,6.620326856888317,1.2006031132180417,1.7151473045972023
1.185324529588231,7.283450865753399,1.2309600880971865,5.828093286532026,1.386812872121812,8.149788540191524,1.259175440116447,6.485863694201258,1.4700864587581357,6.501418345847657,1.2006031132180417,1.7151473045972023
1.681552752639218,6.0766007524050485,1.6860473579855846,6.0998041665929055,1.8986124927195631,6.578362266748771,1.8314451846415407,6.478263131979215,1.882931102310252,5.865155166336265,1.2006031132180417,1.7151473045972023
1.3821610958893378,6.155722691349173,1.418442250650781,5.87607566147902,1.6110937272984571,6.796501248930193,1.6727205324031966,6.286954404604424,1.599959633697173,5.786708329035931,1.2006031132180417,1.7151473045972023
1.1762010609396822,6.115184179495365,0.9861384885879104,5.994628975343927,1.4050098225179428,6.813985348770856,1.2646373336919396,6.64529408254502,1.354512080086069,5.932130440069686,1.2006031132180413,1.715147304597202
1.577128172628668,5.577251985549911,1.5527858982582945,6.132360030303677,1.773089362210288,6.185460049990212,1.81111821800281,6.732304992232581,1.723733000320611,5.833385516824994,1.2006031132180417,1.7151473045972023
1.4901379193540811,6.489918782822093,1.5044634202946134,6.424578620153193,1.7027267077379014,7.30308487181606,1.7372712710363791,7.105878276392308,1.7276061672273533,6.236744756304263,1.2006031132180417,1.7151473045972023
1.052724544066703,6.917962818184876,1.4088253541573712,6.187221731349367,1.3431955565669635,7.581422114569867,1.7166304790713445,6.65266515645928,1.3775444885538477,6.484310341753273,1.2006031132180417,1.7151473045972023
1.117404694133024,5.811428800568062,1.0723512706516496,5.944649524748845,1.2964957456108417,6.543809496578316,1.344578381239214,6.673918568034497,1.2447419405164957,5.697834895867117,1.2006031132180413,1.715147304597202
1.3600128997921488,6.314065099371252,1.1871599447100856,6.349567613471721,1.5839600562040042,6.933136337142789,1.3691195735284551,7.018274940308348,1.5785566673574236,6.108087281233903,1.2006031132180413,1.715147304597202
1.5836092888082989,6.639438411887125,1.494729808386329,6.642140559271168,1.825156123588792,7.361824304079657,1.6981709276377606,7.04026459728392,1.674573599819697,6.373822382476302,1.2006031132180413,1.715147304597202
1.178512097558432,6.616545218283036,1.2466597381720903,6.652148673375168,1.3382635302989874,7.655159003664738,1.2906578458567142,7.451713000023517,1.5789417971238917,6.350493724026975,1.2006031132180417,1.7151473045972023
1.636495665651526,6.133172155254369,1.5371195337330603,6.025144362587983,1.864257599634901,6.777984024127836,1.8409774959276943,6.516290307528818,1.7920164321580785,5.954478415514738,1.2006031132180417,1.7151473045972023
1.9626354458172552,5.796319136359148,1.43863881095034,6.253826530540021,2.1403250436521644,6.415868364852403,1.7180672380494602,6.786056438720752,1.7416156891709402,5.785761096042466,1.2006031132180417,1.7151473045972023
1.3806100992226134,6.177914541609625,1.6373117265836976,6.250568640347287,1.5954641374539458,6.926856972803626,1.744125368030252,6.694555664870078,1.6559921035048764,5.951948250105398,1.2006031132180417,1.7151473045972023
0.8164957311565353,6.293268005800703,1.3495069217270526,6.49565824951222,1.1098048524091444,6.925170188733682,1.6655518266078944,6.794434948837099,1.4457392301971943,6.055440052245581,1.2006031132180417,1.7151473045972023
1.2339154259309375,6.041601876309556,0.9819883736706708,6.101809774460911,1.3949995579652372,6.615252449296242,1.2188701325592346,6.457056370080571,1.3832348973313335,5.856412841007345,1.2006031132180417,1.7151473045972023
1.5747878995364164,5.776127762015126,1.725483855168623,5.802442958985396,1.770056098203107,6.472504372278977,1.876988328043977,6.425305511225921,1.7834617672678097,5.575381393733534,1.2006031132180417,1.7151473045972023
1.1881126753776503,5.8931715490557535,1.4616650871475203,5.988245683022858,1.4051853206135316,6.540177790287428,1.817950936324214,6.443262440084052,1.5601147023385271,5.685804690990644,1.2006031132180417,1.7151473045972023
1.1874836153531882,6.042147661277433,1.3856737235877976,5.867882310724324,1.407981288300352,6.710906814907199,1.6729024913592232,6.352027190274854,1.5133279004271074,5.877140740741327,1.2006031132180413,1.715147304597202
1.316821806080549,6.369433517268554,0.0058715821689114,16.31673602852805,1.530907328589949,7.087094170449358,0.7680756252482099,17.644778747709868,0.9905986498305444,13.823125691652606,1.2006031132180413,1.715147304597202
0.9311442218890456,6.600351951823648,1.1554669495084378,6.577919862654155,1.1640384029803748,7.316068021889282,1.319598824797429,7.044033858837005,1.3539995214958385,6.26945290232944,1.2006031132180413,1.715147304597202
1.5612706538473025,6.486908298538384,1.4431517497629425,7.099340913711647,1.6798783813389089,7.148488131152227,1.6349381998975343,7.853684107095406,1.6658079784363042,6.742147556451421,1.2006031132180417,1.7151473045972023
1.51922028978793,6.256624730818529,1.2776291525563743,6.1611915594587625,1.795183983373416,6.885744803523662,1.5454486351101189,6.740472874773167,1.689211121404597,5.942459959079121,1.2006031132180417,1.7151473045972023
2.0550551145673746,6.813827386791784,1.994445996257581,6.869473657058149,2.225195108507083,7.604301701253454,2.1491215769066176,7.309199950511795,2.173155369920005,6.4008716825852,1.2006031132180417,1.7151473045972023
1.8473804567729977,6.232634191764595,1.9297681417597208,5.960749951835527,2.023419515361757,6.957856555929292,2.205700713905082,6.250793811956379,1.9256603412357505,5.863618117141331,1.2006031132180413,1.715147304597202
1.4062020650171976,6.493193625082378,1.3928765189688632,6.575263235503578,1.613862429951351,7.270746120967054,1.6176203478784483,7.029492355860839,1.6706954447613396,6.139084789773254,1.2006031132180413,1.715147304597202
1.4841196993103587,6.185242712963312,1.4327889758071746,6.279008841621268,1.673935557686913,6.842595014634566,1.7920295739134329,6.73759107880762,1.7605815485218903,5.812329090004725,1.2006031132180417,1.7151473045972023
2.0247994322033964,5.823706922714765,1.629617408602007,5.831962882601727,2.154002388933962,6.436801324402993,1.8139472604351228,6.294795436653487,2.190764545697671,5.6043292541809695,1.2006031132180417,1.7151473045972023
1.500710719776615,6.216587467427962,1.4207549680571732,6.064633630953288,1.6889331859877683,6.725426781072294,1.6803368212006642,6.853045942008894,1.475228276799092,5.938437332316406,1.2006031132180417,1.7151473045972023
1.487915408980032,6.727223384059654,1.4411216994197047,6.864752868671072,1.6622319582940803,7.562600616985192,1.7375922379423012,7.406748845643792,1.54333457407123,6.2512131103073125,1.2006031132180417,1.7151473045972023
1.366156807297162,6.345006235390617,1.373416500331774,6.289938613073398,1.579445715357958,6.907457386705924,1.583545737180739,6.860510518296272,1.6825022365294182,5.862008329454602,1.2006031132180417,1.7151473045972023
1.59218013970592,6.4976364819229575,1.4103161282056158,6.559486721048158,1.7483073746782214,7.3563089173777,1.666142744165832,7.274148317378976,1.5986560757833517,6.462552053838341,1.2006031132180413,1.715147304597202
1.3016888939212616,6.162191308983649,1.3290332168438648,6.490163085941264,1.5424487123740267,6.87910390811575,1.7125198569093678,6.87562030711819,1.4519444818499374,6.070713533818622,1.2006031132180417,1.7151473045972023
1.584863151987712,6.474584969457307,0.9775597675586368,6.679649955027526,1.7600726870543055,7.114291656362553,1.4107135947228997,7.392528479130286,1.4617937495221112,6.263313985877964,1.2006031132180417,1.7151473045972023
1.763710196915796,5.937600063407201,1.211767177926806,5.990308725992959,1.983937404182228,6.656856420951174,1.2044809573201798,6.599190177568342,1.731290425458166,5.819373870457337,1.2006031132180417,1.7151473045972023
1.1889688862719676,6.274530593321368,1.3583002580414842,6.25274041688273,1.4332511659997855,7.012833769657888,1.6144981883117528,6.815305486694148,1.4921367911735637,5.809681552493224,1.2006031132180417,1.7151473045972023
1.3859946196706163,6.024934756671691,1.1854593177035797,6.246957432128722,1.5896076394544223,6.717328870516172,1.61433980236956,6.546654028965479,1.4725510476479866,5.804744491745799,1.2006031132180417,1.7151473045972023
1.3914940494342216,5.7431959217460165,1.473860150938945,5.562794031558843,1.5859744297532712,6.465734173871272,1.8153115140423288,6.139561379586182,1.5743350724012235,5.635090040803698,1.2006031132180417,1.7151473045972023
1.3344180821226983,5.858603681284244,1.2311069657455436,6.126050276919652,1.5559532617243148,6.402982487553044,1.4905721483395575,6.661633893114026,1.5961384146113646,5.877868362723266,1.2006031132180417,1.7151473045972023
1.0473715081249475,6.919312163702308,1.5642471501007245,7.317324630536544,1.2381448790703706,7.480447929581076,1.9524206491824383,7.545733070436913,1.5190205024107195,6.505108551066912,1.2006031132180413,1.715147304597202
1.3230307180551095,6.315721183947252,1.1429478344633606,7.243010822435079,1.5544422268262896,6.9722261574618365,1.4765196261975784,8.087277591042113,1.4694615375986255,6.595721738772583,1.2006031132180417,1.7151473045972023
1.9187523700257716,5.615876877882085,1.733693264833009,5.747320600603329,2.0535461620408224,6.27665199303184,1.9828146730953309,6.092462269221238,1.9373473532857368,5.451166842607233,1.2006031132180413,1.715147304597202
1.5460041838892922,5.593420057504251,1.67328848317362,5.6731969412362,1.7168359097177266,6.182119149613909,1.93323575111679,6.1811900119471765,1.6717069591260092,5.541831838818092,1.2006031132180413,1.715147304597202
1.7209101852954365,7.748872987940428,1.3879499125854475,7.843560834063854,1.898520151495707,8.824524236161027,1.7704598140786514,8.73627843457934,1.6914440567200233,7.161117970802795,1.2006031132180417,1.7151473045972023
1.9323092608032997,5.941299499254342,2.0445859120977072,5.913357322554222,2.096216364343876,6.647877010943721,2.231893783244306,6.246889656785872,2.027761623212609,5.736856500675083,1.2006031132180417,1.7151473045972023
1.881526350168625,6.261214601243196,1.6509263540786443,6.318913503135954,2.063549900708212,6.7959464700567445,2.057087175405351,6.914384480789469,1.878506829707577,6.023375767546444,1.2006031132180417,1.7151473045972023
1.686633930245501,5.789750927690801,1.462923392651463,6.201478647491189,1.8472681458785456,6.532613358966235,1.516755368947918,6.545131725140527,1.679058303147331,5.759905416671189,1.2006031132180417,1.7151473045972023
1.4746193277231927,6.088125365894823,1.5336937718797092,7.097427921612939,1.7249457077727337,6.75571838677047,1.7032350997257133,8.151299877409146,1.840997290014844,6.743821385028588,1.2006031132180417,1.7151473045972023
1.3031003212359673,6.178700047028462,1.451649239139169,6.061781710172755,1.472485673618309,6.800733483932837,1.721267834321372,6.564902861983478,1.6748385253362956,5.900314000536701,1.2006031132180417,1.7151473045972023
1.0820938074888646,6.08166928543588,1.2741134275913375,6.04916319860666,1.271298238234204,6.854300091573073,1.3996150676577488,6.844161263236703,1.405703088237519,5.7528000018795264,1.2006031132180417,1.7151473045972023
1.7286204126013995,5.768496707327898,1.6325486790651604,5.505782976648855,1.889787811821904,6.292953619305789,1.873302573526332,5.822610647307116,1.9068942301861096,5.341752235530497,1.2006031132180417,1.7151473045972023
2.0867480065884063,6.138455744112803,2.026402582400391,6.131862331593726,2.271901282135308,6.787533150235037,2.1400411152799577,6.6009274046988695,2.186327448513601,5.825641807281766,1.2006031132180413,1.715147304597202
1.4078415517010656,6.002667887425265,1.3887221942242411,6.153205397647419,1.6478349740554945,6.541262317994681,1.7640185154142995,6.459712889638757,1.7539417744637251,5.788929379295632,1.2006031132180417,1.7151473045972023
1.6747322843441046,5.9986634780093215,1.6314413392668834,5.900961296849504,1.9012323251206276,6.593002808074107,1.9262216771624752,6.271435559485142,1.923844172464225,5.699728450618826,1.2006031132180413,1.715147304597202
1.7216868653435475,6.203674940806365,1.2821802940232423,6.869843849701341,1.9306088390866816,6.919105585205964,1.451305690120963,7.618311358065899,1.425118753095182,7.330791783791622,1.2006031132180413,1.715147304597202
1.4255474986853571,5.975593613679992,1.6912674577165987,6.033098029727444,1.6403525867440312,6.626156113719238,1.8605347454371275,6.555963242280815,1.8126050124898083,5.727920797935051,1.2006031132180413,1.715147304597202
1.453023080312541,6.1317211013337865,1.5008751797825743,6.630381293511778,1.6607124012586267,6.758171536286867,1.715634952841973,7.112691187158867,1.7842972692523202,6.117234042612515,1.2006031132180413,1.715147304597202
1.6265136557727495,7.306222432316409,1.2958844892712893,7.837205681392038,1.8707555527111528,8.203488108418433,1.4733239076870477,9.01017058464997,1.5249114801982442,7.271714996350353,1.2006031132180413,1.715147304597202
1.3787104628422329,5.989083600703287,1.6903901907970893,5.928114886568264,1.612237060486747,6.659413306727155,1.719565024715064,6.401853318541321,1.5992930963116343,5.902848517181504,1.2006031132180413,1.715147304597202
1.5730036910609178,6.50401508575911,1.334458981193668,6.139395405802389,1.7925413428010162,7.105720771472858,1.514831149972642,6.596904723076358,1.6740316020535764,6.133081707723616,1.2006031132180413,1.715147304597202
1.4409542149359231,6.079376252352084,1.20120561563686,5.943099715518589,1.6807206873441158,6.737130691056935,1.2825902246366152,6.53085519180285,1.5238476714421254,5.6967512462245,1.2006031132180413,1.715147304597202
1.696590305643194,5.893665058301686,1.22595017191429,6.17264148930632,1.897393159322547,6.573642545130397,1.3987248902443843,6.627571720245134,1.8677002753945668,5.671897821768034,1.2006031132180413,1.715147304597202
1.0084720059377916,6.250553114756857,1.4764698663736355,6.25562567421591,1.2535702109520095,7.012637938338783,1.823970997921167,7.021382649855233,1.6877300402530744,5.9060098720608,1.2006031132180413,1.715147304597202
1.3237649236574816,6.477813185168528,1.4879585788351055,6.544466474884837,1.5489667888259555,7.050824663796256,1.6951629762015057,7.082723517433621,1.648492035748983,5.902320676213937,1.2006031132180413,1.715147304597202
1.513547572560396,6.47374980599633,1.5311652547669443,6.458282129094538,1.7164165746867024,7.168826108501503,1.9578039199027952,7.016535515828121,1.8351677739816383,6.17574076488164,1.2006031132180413,1.715147304597202
1.8565630290737076,6.654521644286072,2.027539410250424,6.447372250781213,2.0654673923434834,7.401090676629841,2.2036768579733086,7.018562798785949,2.0853933465670536,6.23257798281394,1.2006031132180413,1.715147304597202
1.415842429275227,6.416171222929005,1.4546720104539728,6.222308325360524,1.6275157372124824,7.017965323953807,1.612891407652396,6.613112039109047,1.710785893415827,6.076051543419603,1.2006031132180413,1.715147304597202
1.181935762913573,7.804938031123338,1.2184878542242732,6.086070400819291,1.421198780346601,8.800843872620286,1.505454928015011,6.424255488654655,1.349745754902106,7.004437299944279,1.2006031132180413,1.715147304597202
0.0,56.70094018484373,0.0,58.348082532641456,3.249668195813585e-07,67.5721217126774,0.0,62.01384654151445,0.0,47.40285372253167,1.2006031132180413,1.715147304597202
0.9084067131453564,8.90845859744132,1.2242408801106728,6.344366384914255,1.1370308534613731,10.200685237526136,1.5980158265834652,7.036690954521009,1.3724019960129976,8.085549429857403,1.2006031132180413,1.715147304597202
1.6322598492381537,6.3603536150478845,1.5396225411907154,6.234224506541289,1.883498978113167,6.900555067497667,1.739614724781111,6.619402956100667,1.961426967565849,5.908827339639952,1.2006031132180413,1.715147304597202
1.3583480348010863,5.901087933490291,1.3166189963992934,5.853393810850832,1.5079602177020202,6.5142961745499415,1.6487678589564565,6.27502676931413,1.4115944741899498,5.677469027456834,1.2006031132180413,1.715147304597202
1.1692026061671166,5.9667637903187,1.251271596057182,5.96457036097709,1.4274536786682483,6.511773929639617,1.3562464416378364,6.362365418189078,1.3334972632448026,5.633269819801101,1.2006031132180413,1.715147304597202
0.9602699961298308,6.387170154558278,0.641508282939987,9.20479472652441,1.181379571174486,7.13149992855175,0.8261798749655856,10.486787990199682,1.0831497932968932,8.224111613556953,1.2006031132180413,1.715147304597202
1.568715772858177,5.856456366044735,1.3945856176028633,5.932804484674017,1.7095074073799617,6.45074207957987,1.6592224608333683,6.22249257061705,1.5983750420648204,5.481595742807169,1.2006031132180413,1.715147304597202
1.5963624177571285,6.311142551386257,1.902415614468256,5.989267552052008,1.8086247465186085,7.086098692587013,2.2317250703266893,6.477135919962854,1.863767496087488,6.013181780220961,1.2006031132180413,1.715147304597202
1.5224749809683409,6.00621220489489,1.4700656674354322,6.0039627948621295,1.753204860378747,6.650850754810343,1.546787476218694,6.740382513265366,1.7869193786512276,5.914728468476557,1.2006031132180413,1.715147304597202
1.610350246247068,6.5917361737072895,1.5664558086320972,6.520873721753859,1.8576611370100449,7.400488205858332,1.849818954921132,7.121044679247934,1.847418898137886,6.178475489518248,1.2006031132180413,1.715147304597202
0.8645204207060032,8.578943865337143,0.70371528807581,8.456879057892627,1.1263639521667157,9.678536151880232,0.961102707551034,8.937938130741246,1.2798290713853668,7.741003316054307,1.2006031132180417,1.7151473045972023
1.1969346740889133,6.073562226583165,0.8447748274346487,6.089347249870775,1.463368267325326,6.624745036857589,1.0840407038108484,6.505748838903647,1.2903125869876495,5.81632043865907,1.2006031132180413,1.715147304597202
1.658863253600518,5.714564495943016,1.4221009915549183,6.073065159517896,1.9017675635566509,6.264998245225646,1.8414969098025045,6.443391471885185,1.9700307622936892,5.570054400171986,1.2006031132180413,1.715147304597202
1.5884310290353525,6.651501734294815,1.3424137637166194,6.368838465038074,1.715310995221658,7.381997927918286,1.5841466381061835,6.924283556162784,1.6374843646846595,6.210142658839954,1.2006031132180413,1.715147304597202
1.7679870420732835,6.344852687046529,0.2885973747163992,13.29930937517605,1.916022042727476,7.076129327091288,0.7706277002632793,14.278052278539214,0.8708085888763177,11.319516045714655,1.2006031132180413,1.715147304597202
1.6746648373188358,6.057454777908289,1.498591625559053,6.26954206682642,1.854700067872613,6.762687898649807,1.6297987590219245,7.2167862112717955,1.7921184000769397,6.059427590511095,1.2006031132180413,1.715147304597202
1.3087063940394354,6.399603920474881,1.421317295231233,6.377633024677699,1.5019189822523435,7.226438320313453,1.504791452745699,6.771414164468989,1.4996874264526705,6.414144977782815,1.2006031132180413,1.715147304597202
1.5838754197756295,5.932268592271999,1.2422438651719572,6.106445681048542,1.8055382706645948,6.451116108233988,1.4923477697988166,6.460891548801581,1.552765501868178,5.758163333942196,1.2006031132180413,1.715147304597202
1.143821707158274,6.4537843662601855,1.3039021068444323,6.423137535105252,1.3734694530688198,7.064450435124077,1.6369944830847936,7.082162110425244,1.5327975690773057,6.180721142254118,1.2006031132180413,1.715147304597202
1.695920030775619,6.011500308172216,1.7353599891521116,5.6610384681793215,1.957269697089956,6.7036840314874295,1.9059338015496172,6.3096651807395165,1.782938910855596,5.7113376500275255,1.2006031132180413,1.715147304597202
1.0734288077257743,6.606910279721141,1.2846206205733024,6.599286670572266,1.2944704264698257,7.223623306628297,1.4424548288711352,7.031183607745088,1.489414819558561,6.02534980402545,1.2006031132180413,1.715147304597202
1.2536910389277334,6.149808844585094,0.887753921365969,6.278047503661426,1.4971530677937883,6.829846307291812,1.044329377667366,6.804852806493248,1.4369723577144389,5.984466045823469,1.2006031132180413,1.715147304597202
1.1040651553921714,6.0054342766464375,1.1512596675359033,6.2481818754789735,1.3103272114457387,6.717627086026535,1.3884688729700123,6.65109885934262,1.2971198111482,5.732533679938437,1.2006031132180413,1.715147304597202
1.1043345034795975,6.139524886203357,1.1802110108105202,6.205770553492672,1.3193817229182043,6.820623111603698,1.3987265715586037,6.881338143048839,1.3842874041929831,5.807556084069683,1.2006031132180417,1.7151473045972023
1.3786148670440952,5.582566652540563,1.3820753541845536,5.697851466804136,1.5765711222097627,6.1873736665350565,1.464000917673102,6.252278573764485,1.473830914412514,5.373013842433431,1.2006031132180413,1.715147304597202
1.2717158641320865,7.062857025918651,1.1307428641816326,7.13027194423103,1.497381484297638,7.917857175841109,1.3490889527069003,8.149758006887112,1.327837077192176,6.4305105209006514,1.2006031132180413,1.715147304597202
1.0150063983467428,6.1507238488158285,1.4138767496572762,6.388720757722952,1.2491410749322611,6.977804527541172,1.5693532233807186,6.767263717262819,1.3716462573889925,6.173606243812251,1.2006031132180413,1.715147304597202
1.132882949697546,5.733092043735592,1.3066831055655466,5.827131100415867,1.3447921507369065,6.351602163540059,1.4952545074977168,6.380402323406905,1.4720845769439783,5.5172483560943055,1.2006031132180413,1.715147304597202
1.7717253720537074,6.512463087506963,1.5619917017283118,6.38917903167441,1.9629490572214336,7.470475524993928,1.7335133762633623,7.088176733164287,1.7016034133345015,6.060904543931605,1.2006031132180413,1.715147304597202
1.0856833730557944,6.222671927343344,1.3838800600905905,6.184851331440609,1.2720740589332575,6.831643030016125,1.5291299548910278,6.4325160856975065,1.5302040544885882,5.978787746873064,1.2006031132180413,1.715147304597202
2.0738393578089305,6.504219693302739,2.091988481987327,6.804121716071262,2.2733147142919985,7.044864526945385,2.371406090615304,7.595621746759757,2.1055158097260347,6.404469399538948,1.2006031132180413,1.715147304597202
1.329514775909724,5.810011409282972,1.7292026423426683,5.855770307385637,1.5310061781831783,6.306285775898975,2.045972928098969,5.993624829462802,1.832099639787768,5.516755914644104,1.2006031132180413,1.715147304597202
1.6037424580961466,6.336783013081244,2.0165966585371526,6.162455954158702,1.7950910423930195,6.953309887545242,2.2384767827577874,6.761974902481308,2.044939610109412,6.273279794502158,1.2006031132180417,1.7151473045972023
1.4504305290142447,6.059600992192873,1.3790621522748632,6.195831088038238,1.6962818588834716,6.590941679573132,1.5427588124898024,6.621028341800659,1.6358088300042837,5.938157894640232,1.2006031132180413,1.715147304597202
1.7321880033539012,6.2091865305654,1.558280278042283,6.188548063518994,1.908740849669041,6.897342999981321,1.8849674792334472,6.674373234688667,1.8280705844236824,6.084580628359244,1.2006031132180413,1.715147304597202
1.1272287603932372,6.330618120683389,1.206459400520107,6.342568784858939,1.327132570440296,7.078791805148541,1.38560201967141,6.875913045532178,1.3693749823049253,6.078230805389326,1.2006031132180413,1.715147304597202
1.6465073641865564,6.05928669343004,1.6379611188419163,6.310192877171834,1.7894105724414533,6.7192280574554815,1.9941362447469584,6.965395276789768,1.961132071409144,5.934219126795819,1.2006031132180413,1.715147304597202
1.590266111341484,6.147302294520754,1.4361342776701032,6.406466831678896,1.841185845631152,6.777595739836263,1.4688384843630569,6.858093010053181,1.6520243835349138,6.043045905337457,1.2006031132180413,1.715147304597202
1.3512364761123563,6.181738553894174,1.656585026936254,6.163669599394002,1.5949854864786943,6.827235798939729,1.7578610562939492,6.599498513472357,1.6802965342612182,5.831332278203997,1.2006031132180413,1.715147304597202
1.288088353994249,6.327356419791068,1.5802785996501674,6.358329978259501,1.576167956493418,7.098458896292617,1.8055766725387608,7.02265676145214,1.7299598461129673,6.122297668094257,1.2006031132180413,1.715147304597202
0.5423439848149101,6.575316609450954,0.6913019928321806,7.127804634902958,0.7789133760938717,7.384187743043663,0.5544512920388771,7.799066333740336,1.148740433507316,6.582143708890571,1.2006031132180413,1.715147304597202
1.4849200032496106,6.398574058206175,1.3141837225390385,6.822569035362847,1.6785516717645008,7.183512316969507,1.4703691549235802,7.5522746292099825,1.6749246962116615,6.335173421646115,1.2006031132180413,1.715147304597202
1.0790302271669885,5.9479838490083,0.9541478476587852,6.288825458125364,1.3151483720523456,6.476574767675545,1.2882873964803552,6.82085981441009,1.307156843203063,5.863740723453247,1.2006031132180413,1.715147304597202
1.6074553384262729,6.13263415446173,1.3302523114468556,11.370632410611078,1.831202136621481,6.735215648350012,1.631645237848987,12.770212464419192,1.6894428755265822,9.779994380069551,1.2006031132180413,1.715147304597202
1.5326721457864432,5.827876279046402,1.3140064516959469,5.951321002970655,1.7012221814804085,6.554237709667482,1.438619884859931,6.394111457939513,1.7847141950740817,5.681401590537844,1.2006031132180413,1.715147304597202
1.3770377986636857,6.095650965099385,0.7252369644055364,6.9740195280367,1.5886158234670509,6.730034712134626,1.069260758724985,7.589862489798564,1.1171280706315665,6.491609747506081,1.2006031132180413,1.715147304597202
1.4108950827771,5.980382533304929,1.2881492228633178,5.962088121457218,1.645120041808204,6.660808621000998,1.556813054087715,6.546596301338802,1.6211946432037072,5.852242200305446,1.2006031132180413,1.715147304597202
1.1902584745335494,6.400559379850346,1.2663890336785015,6.142862105999578,1.4199120850736824,7.044706856860921,1.5367266079437485,6.618332082794163,1.571176050391237,5.935588734030549,1.2006031132180413,1.715147304597202
1.095269269529717,6.629286056064123,1.2070728112124285,6.671006089509199,1.3105521076899218,7.2066681055430575,1.363344757605668,7.428292734379621,1.4854703154686946,6.246008707685721,1.2006031132180413,1.715147304597202
1.1236512400278649,6.334356613206304,1.0172006850878148,6.536651220145348,1.3073197897936626,6.8807978365474485,1.268107661081152,7.218470637563595,1.285366243142446,6.11995994586321,1.2006031132180413,1.715147304597202
1.816115435392248,6.895892153136414,1.7306329535901808,6.6479953495935975,2.040263197113318,7.722138703249141,1.954116045595898,7.41423134675409,2.0147390789680326,6.401340620723434,1.2006031132180413,1.715147304597202
1.262789452365379,7.127450990741978,1.041569206846848,7.494086130724915,1.4579662317247934,8.090283515348007,1.3488020420645803,8.028934162833723,1.522118741776572,6.779640780181335,1.2006031132180413,1.715147304597202
1.7719404682000186,6.60213054048778,1.9278186741692225,6.31405834341709,1.9347293676827677,7.386237612605457,2.202966691147149,6.787364711146242,1.8656652818577997,6.448808441313766,1.2006031132180413,1.715147304597202
1.188271575539922,6.021538677824741,1.3592209996653877,5.971256184140399,1.415424808727046,6.624821977808513,1.6536389504025355,6.498251094030417,1.5405872616286067,5.836929937246255,1.2006031132180413,1.715147304597202
1.2808613551123604,6.059294400254845,1.6349745022755016,6.221118133975753,1.4656434209121056,6.782297418927927,2.097099100676674,6.978538371794314,1.8091990991583609,5.945561956708753,1.2006031132180413,1.715147304597202
1.527885894085639,6.557324254949072,1.4466321859737006,6.645806824507984,1.7216955871237167,7.279961578520751,1.9373359878739709,7.397872867601322,1.6932280052095423,6.172535548869476,1.2006031132180413,1.715147304597202
1.629786454217926,6.090759569062903,1.8599795099809973,5.909255142426396,1.7941885732044764,6.811846267883007,2.1054675772601765,6.402683068781015,1.7771570404880754,5.851015852316958,1.2006031132180413,1.715147304597202
0.5210737622004895,8.3942409737573,0.8170231784283674,8.281808671942796,0.808394036023782,9.593509119315026,0.9591324544411196,9.310756508564678,0.9893316297786356,7.575461997509433,1.2006031132180413,1.715147304597202
1.094105815876201,5.899679891363999,0.8594658562758679,6.211587985648854,1.2959019706448291,6.5355549552338825,1.171713303841662,6.67337173877146,1.151558640355563,6.007280454958658,1.2006031132180413,1.715147304597202
1.2190354753901251,6.210397987800767,1.4962600656102671,6.312738619200935,1.406738960468936,6.873063885130543,1.698411965645743,6.761304135541207,1.6778902109070029,5.9091006567683495,1.2006031132180413,1.715147304597202
1.4940476590198275,6.175291361613841,1.2352461656201033,6.295090156011497,1.6931608690235016,6.75159217730394,1.5033571613813326,6.849124319149214,1.7614915663163877,6.075988982307831,1.2006031132180413,1.715147304597202
1.112207732470847,6.337939188600161,1.1250804449440823,6.192303320287302,1.286145839380412,7.028078199663822,1.4209666771154668,6.604664998728605,1.3602982807699506,5.993537124096769,1.2006031132180417,1.7151473045972023
1.4726645873466635,6.817283182004499,1.161273215393088,6.921875329940449,1.683451536518998,7.684093644543398,1.23382901175951,7.575252123313247,1.5939865174724848,6.2565225573960666,1.2006031132180413,1.715147304597202
1.762681253189843,6.205817122299153,1.806509678270927,6.094076621851665,1.9365845044155567,6.848334860605434,2.040712766928295,6.593266640701089,1.8487660528844003,5.864228655132331,1.2006031132180413,1.715147304597202
1.0508924839304228,6.174477219814999,1.2397168948406272,6.123545386517489,1.2487920470911773,6.984999966865497,1.326037181924678,6.824006070094169,1.328494334500171,5.953028594415431,1.2006031132180413,1.715147304597202
1.4357230557246512,5.966616372785436,0.7047716786705814,7.32925217255079,1.6266968036700846,6.561483940859831,1.0094821655992343,8.279825590387315,1.249779550458031,6.651233402795542,1.2006031132180413,1.715147304597202
1.4391531768913035,6.24506524692289,1.820868958727756,5.805747544496956,1.6567792075921797,6.997768724834308,1.9615795394826825,6.289881572144742,1.9452083202643164,5.859629176953283,1.2006031132180413,1.715147304597202
1.528747390544749,5.9404008073921855,1.9363749386597573,5.984209335742455,1.7259981876373602,6.567663742106732,2.099057587019216,6.456582854334577,1.853552101482104,5.693261909236512,1.2006031132180413,1.715147304597202
1.126979965621651,6.874315378434548,1.1431277686790815,6.9070216609177,1.4224021003207512,7.596458641980087,1.480221813118887,7.546614433548973,1.3753397784834709,6.758629242450595,1.2006031132180413,1.715147304597202
1.4777785138096362,6.672797243225008,1.4629632657446352,6.1854753824296855,1.7121832462374993,7.572020684429608,1.5589579407536052,6.785457842043337,1.7223922121133994,6.273793197157877,1.2006031132180413,1.715147304597202
1.6457889310246008,6.708144249467887,1.5233039601085236,6.33466672192541,1.816175300280277,7.429002224337895,1.557181419756834,7.237648750153493,1.767906986373128,6.3299826793470455,1.2006031132180413,1.715147304597202
1.6494805193128024,5.758087970122495,1.2537199646185733,5.905173448527758,1.8287025483366548,6.501335036740246,1.5723860579759934,6.3434123572193535,1.499803960724076,5.836696142930513,1.2006031132180413,1.715147304597202
1.6180766696669733,6.386027130269738,1.937740052127298,6.266279113678649,1.836013172087952,7.124260677819066,2.078799264359,7.012247898396561,1.924180505467893,6.056843324761365,1.2006031132180413,1.715147304597202
1.1360133396911087,6.986355698507481,1.3137926578904882,6.716825850545818,1.3495129197437878,7.932203158914848,1.6745313357779736,7.379918553494686,1.571900218770098,6.426832692238608,1.2006031132180413,1.715147304597202
0.9304844598062444,8.06962293448963,0.649888082453349,8.338930370364313,1.1943663758969647,9.254839911333692,0.8824039477204804,8.955177682821061,1.124207361500242,7.566574673544558,1.2006031132180413,1.715147304597202
1.2628487783225522,9.352097095817854,1.4020142246285865,9.487593685724343,1.5102794607376615,10.740175627124213,1.8820183746088168,10.174512297471404,1.6785122365904708,8.292379068334006,1.2006031132180413,1.715147304597202
1.7622609595508318,6.772943652389059,1.1545222106637834,6.768784691070186,1.9650394292022384,7.642789729053842,1.5274257878849051,7.286617435719532,1.584018029894237,6.436379859143498,1.2006031132180413,1.715147304597202
1.575040156922897,6.319436927167633,1.9345954025664744,6.005256944991233,1.7649429696318386,7.1010210181254925,2.2240629522427517,6.615287914432447,1.842006586061036,6.134244501140375,1.2006031132180413,1.715147304597202
1.5999412762096603,6.020485462565727,0.9042771804167652,8.165629911869384,1.7721990329226909,6.710352874935031,1.2133888892554772,9.006716026843655,1.334234078428696,7.384519092376566,1.2006031132180413,1.715147304597202
1.1238375532494551,6.204586826784547,1.1902625854264652,6.3818688798821945,1.3028871095378611,6.837232949063623,1.5453659499735026,6.913378347500303,1.3458946812491608,5.9528722863000905,1.2006031132180413,1.715147304597202
1.7145981042546947,6.158964069651684,1.7382849471565962,6.269969557222333,1.942245191003325,6.904696463735421,2.212810749916059,6.582370052693553,2.0478635113852866,5.822023630891124,1.2006031132180413,1.715147304597202
1.4499938622343191,5.760710662862888,1.2499855161423683,5.785533621303901,1.6296368732090765,6.440755133561282,1.545271632792144,6.471141050103808,1.4532554909637492,5.713873789065319,1.2006031132180413,1.715147304597202
1.733164932779903,6.14296393792208,1.7270606547528533,6.090604238585489,1.9153615895806368,6.779201832195416,1.7282859997757236,6.619242086865546,1.772503313055816,5.8863109609453925,1.2006031132180413,1.715147304597202
1.543421640122092,6.143258490451723,1.5111625912513509,5.746241252862945,1.7170435144524188,6.882413471581153,1.601146756549475,6.294715110946717,1.6805435163554383,5.82831371885362,1.2006031132180413,1.715147304597202
1.4484071759760029,5.818150766776736,1.7905873853385454,6.003082921605569,1.6614459938590826,6.412697626173761,2.0313099030579416,6.8347194154337005,1.7344892272471968,5.850912457282411,1.2006031132180413,1.715147304597202
1.5165225306585206,6.6156700849550365,1.3345763403638171,6.66307193772758,1.724868342247558,7.37559184509837,1.435051476359016,7.402373780386618,1.6187738559113876,6.35523340999828,1.2006031132180413,1.715147304597202
1.275092013917411,7.419436672046141,1.1354470746708731,7.481583672609338,1.5151214673928053,8.39476483073359,1.5479559971354775,8.165006325713845,1.5757199792412893,6.881635253503333,1.2006031132180413,1.715147304597202
0.9010174618812952,8.08962107951601,0.7157783201086829,8.425263350063991,1.1610147268361597,9.150292799490504,1.0326171055267526,9.234219399745616,1.1733637444120364,7.593353331889303,1.2006031132180413,1.715147304597202
1.5187087528834722,5.924524499549896,1.3066985637607405,6.213885410984943,1.7010036461085103,6.5325470064502085,1.3886703225464898,6.753671367089581,1.5480919634567851,5.741723769064652,1.2006031132180417,1.7151473045972023
1.9001569068448996,6.33092697817129,1.819653639587812,6.5824195256290645,2.066764866603846,7.029631339593194,2.1370164358359776,7.121897687206773,2.061382204812221,5.915854958154038,1.2006031132180417,1.7151473045972023
1.7064987745348408,6.485434384990091,1.5729023026004971,6.027725548239954,1.9501304424350256,7.234089013933933,1.8237237089040552,6.6618239708233045,1.920132943910956,5.991770639905012,1.2006031132180417,1.7151473045972023
1.0566694894844937,6.146208973702296,0.7846150780312785,6.370744286389208,1.2517533887567165,6.895392360597508,1.1655462997850257,6.887357792853734,1.3310422824288124,6.065172823511879,1.2006031132180417,1.7151473045972023
1.395327220122881,6.3226611493030775,1.2949378187348373,6.158416144362187,1.5650779181192869,7.159491790261058,1.318903918814092,6.92080608298913,1.780449840637107,6.066221978477759,1.2006031132180417,1.7151473045972023
1.854962090689152,6.347737217200889,2.1382660409395684,5.966936768232441,2.0230559530111125,7.038762823221575,2.285828735561836,6.596691290307654,1.995221454931668,5.981562742953568,1.2006031132180413,1.715147304597202
1.2665521450964594,6.491361762986885,1.4391201800301312,6.554677670599624,1.5132137790346318,7.149237086703964,1.7188181221451169,6.924521206366187,1.8626296823518813,6.139251676181191,1.2006031132180417,1.7151473045972023
1.508593385645733,6.163967708893817,1.3044500656185969,6.342099401818032,1.715536804755907,6.819267713188172,1.7060858057565838,6.7009497166606895,1.737265451420391,6.158931173971664,1.2006031132180417,1.7151473045972023
1.1956723332882224,6.150573680333495,1.335174368151956,6.228168710912196,1.4640107749258764,6.870317122181792,1.439945064757458,6.64597170411787,1.652628586511551,5.855131502163401,1.2006031132180417,1.7151473045972023
1.4769967433891626,7.038894072362271,1.3420410343430496,6.87965344747349,1.6462419665716106,7.950238703335926,1.5050376317363865,7.330432812087855,1.6679298648571912,6.566921294106312,1.2006031132180417,1.7151473045972023
1.4205572807406166,6.2734727116640725,1.3643408477608217,6.30923996842809,1.6056763082389809,6.808904969523689,1.558999104407205,6.771041258661884,1.819220989511049,5.952973126474037,1.2006031132180417,1.7151473045972023
1.6939677547789274,6.174354183621621,1.7619508672923732,6.049321579475738,1.8568691627465648,6.92660537681114,1.8226309327916737,6.308716650270092,1.8144563110800096,6.002624316845783,1.2006031132180413,1.715147304597202
1.6398785585031492,6.146920335670598,1.5972621537621612,6.386481938490788,1.8218900908079287,6.91209750944846,1.758561944588076,7.051151773774129,1.7979365116139765,5.948812801916086,1.2006031132180417,1.7151473045972023
1.3166987959467744,5.812367503727945,1.0440129734634278,5.932828491213123,1.554094258046203,6.451748199119889,1.3141519216367128,6.504154322767115,1.4966320335050407,5.688440333908526,1.2006031132180417,1.7151473045972023
1.1645134023087134,5.985118438659956,1.4865014410125543,5.879521476028987,1.3957672285761504,6.619702332138374,1.6590865547809288,6.404625420269195,1.6313783757240268,5.67483566428642,1.2006031132180417,1.7151473045972023
1.0587712182520077,6.080525569075184,1.0661206012409477,5.810210715540427,1.2634481175137282,6.7530794142376,1.3123705998535369,6.279112812475058,1.1565010059826448,5.792647172493602,1.2006031132180417,1.7151473045972023
1.5385124405607082,6.031191632597108,1.4453200588808073,6.286070730899393,1.6819118548111256,6.85542633883999,1.6866483519556863,6.8807357780780025,1.5755965429011392,5.989769215583891,1.2006031132180417,1.7151473045972023
1.412837701195226,5.898884417976617,1.4496981717923527,5.999401036701208,1.588633524784644,6.483203542602158,1.661508961875387,6.498726437301441,1.550562952261805,5.781302480825036,1.2006031132180417,1.7151473045972023
1.5398154451630666,6.560636055478416,1.288850280108209,6.862566650756023,1.7673295728558638,7.155363850338105,1.860735124494931,7.36433978268608,1.6472652485648085,6.220664567055802,1.2006031132180417,1.7151473045972023
1.3166061921908947,6.115582164673929,1.2791623877028817,6.09234453574077,1.510942860611082,6.71384434531193,1.430235895747487,6.619994577825092,1.3870794022618294,5.763511223746069,1.2006031132180417,1.7151473045972023
1.5312903803873184,6.023740931851292,1.4017329170892636,6.124499703847671,1.7343606745608595,6.650375247057606,1.6121496338460974,6.809513955998928,1.8026974223534995,5.864468789806396,1.2006031132180417,1.7151473045972023
1.7391756055320524,5.949160161845395,1.6326824124648385,6.0882700782547445,1.9420738296438584,6.681712488749774,1.9109264231318688,6.663401005721098,2.015751100072713,5.705418963816749,1.2006031132180417,1.7151473045972023
1.6735043891986368,5.915297905533917,1.5957588349642755,5.774884568669133,1.855698978801962,6.6190010385919065,1.678266371521004,6.273130825896802,1.825214424495484,5.732382472662612,1.2006031132180417,1.7151473045972023
1.2767860478991182,5.92541948385312,1.2776117803026,5.898281894287346,1.4584562024466885,6.606113553372515,1.496458090089413,6.4562705594816014,1.4535888076310446,5.67308805214167,1.2006031132180417,1.7151473045972023
1.046218324769166,6.266580310370746,0.9694431371857356,6.092891685508645,1.327657358037158,6.910709337495723,1.1707519983418893,6.647830545876568,1.34332148260834,5.791507644563597,1.2006031132180417,1.7151473045972023
1.593459752148831,6.027574929941398,1.7855079855802516,5.993043523980594,1.810900330320237,6.681537391367217,1.911473861500256,6.565883251146427,1.8363980842237508,6.317208255879564,1.2006031132180417,1.7151473045972023
1.6021406681538637,6.224738654765129,1.7587378042784696,5.822812968249791,1.824775249520576,6.742144381423244,2.0323845389794672,6.356220216973047,1.7214656576007443,5.8581826674510085,1.2006031132180417,1.7151473045972023
0.0,26.38550210628419,0.0,26.531445026495906,1.2179229609339676e-05,31.507409245320236,7.204867764034298e-07,29.4184782532311,0.0,22.199565140735825,1.2006031132180417,1.7151473045972023
1.545157148366317,8.294158300541648,0.8781766009499024,8.970653181058658,1.755034306746049,9.49476133783832,1.294453448850431,9.975026406624016,1.5287085866834456,9.220127916937903,1.2006031132180417,1.7151473045972023
1.844946654723088,5.743622644658178,1.6855696539047986,6.21077613912402,2.0521621599497704,6.231565338735943,1.7935074948305885,7.054767267642218,1.8444188545603728,5.863175884154033,1.2006031132180417,1.7151473045972023
0.8991289120647894,8.768045625198331,1.370106961593867,6.400320040092385,1.1256972257688391,10.06523055660786,1.577876853696551,7.010238631534828,1.3381194233331637,8.003881008466497,1.2006031132180417,1.7151473045972023
1.3756221281640746,6.398174142676767,1.3180456363392474,6.180863214446946,1.5521603240308592,7.136484561674361,1.6633031409730927,6.599490660027701,1.6110448301770677,5.999449647274907,1.2006031132180417,1.7151473045972023
1.327030557921792,6.975506365446431,1.346116376222469,6.719578340207839,1.5288554233009577,7.972281095920193,1.6272882575653198,7.647115312393912,1.5026106397522003,6.618081404699419,1.2006031132180417,1.7151473045972023
1.6451575066731634,5.832403208823578,1.7730453562550286,5.8537276224303865,1.8072436856118512,6.594961760924292,1.9849843153970328,6.384425896314959,1.793232513450004,5.74576893437893,1.2006031132180417,1.7151473045972023
1.4652387662214013,6.163993106194781,1.5526276844601017,5.885127735425309,1.6192474921042304,6.892629955508064,1.807660848786925,6.307682038788533,1.7806115019182376,6.002726830458612,1.2006031132180417,1.7151473045972023
1.7647515088575598,7.743157072964067,1.724670058797407,5.943840482010259,1.9362403710392504,8.824139894737252,2.03569082309026,6.4359965185172765,1.906098348630868,7.070679750632287,1.2006031132180417,1.7151473045972023
1.1674202997567098,5.917692189996244,1.2709031670904831,6.062748498713876,1.3825738802204373,6.655159658126517,1.396270987744821,6.5950777507886285,1.1152085396413487,5.849455954566691,1.2006031132180417,1.7151473045972023
1.5999339090650224,5.860041999313037,1.810333263575822,6.018154479624713,1.808480074590724,6.4518074442214814,1.9862688573074871,6.5344745607895005,1.7714259193836883,5.999227927799979,1.2006031132180413,1.715147304597202
0.7463041131627379,6.756283351728787,0.6584064256767209,6.807345484918689,0.9706084841616436,7.707300607875998,0.9571766119511228,7.482138850156691,1.0697708206948455,6.319230941894912,1.2006031132180413,1.715147304597202
1.0941486353488736,7.725995760181114,1.4436289726640448,6.258725696523157,1.3437339216490207,8.865540864017346,1.7332583794498075,6.678690664498187,1.349847988112804,7.074042278344094,1.2006031132180417,1.7151473045972023
1.3373304910007222,6.3007903905914215,1.7086561305300223,6.31147738336311,1.5602822039885045,6.993638070060451,2.1119476112403537,7.039969074215698,1.52168896981299,6.279067576442002,1.2006031132180417,1.7151473045972023
1.5273896887825336,6.364505037506727,1.1974823146260276,6.899487245977917,1.7696741715174686,6.864188637573873,1.3111720216652063,7.330458170403308,1.6819834850719686,6.417469824132567,1.2006031132180413,1.715147304597202
1.5800193872782304,6.303047357563543,1.738480600174834,6.282711667391826,1.8054670378120223,7.048026993007563,1.8912179895003145,6.9763597326199935,1.969879329643238,5.95639552630763,1.2006031132180417,1.7151473045972023
1.0171414776394203,6.576259701319578,1.0937834339193868,6.510451908782354,1.2296200248315117,7.316581356744288,1.2866132352511892,7.161643761821547,1.3167581910442974,6.24298464719555,1.2006031132180417,1.7151473045972023
1.4196502673139926,6.96859952347864,1.0638316237494143,6.743434911946519,1.5925951969594911,7.833736690194327,1.4329939581994104,7.375889600295032,1.3992994291722476,6.398294294045135,1.2006031132180413,1.715147304597202
1.7311557497871073,5.720119020432946,1.6579279038973394,6.095410370028058,1.9124879149863203,6.182680562111383,1.9978526149855695,6.514903346626378,1.686838178953764,6.641674030409041,1.2006031132180413,1.715147304597202
1.6262906377552948,6.660735882171919,1.733488953374544,6.641167655678732,1.8405114702311005,7.637003744765599,1.9088697635618292,7.328426183121418,1.7730149804369444,6.240843672988753,1.2006031132180413,1.715147304597202
1.1349086474990595,6.227613059932102,1.4545213400145558,6.205893800138156,1.4000405773467266,6.9234068934682735,1.6915444406893738,6.800938452840636,1.593789692567591,5.799465998347628,1.2006031132180417,1.7151473045972023
1.3335615605447455,6.043050379539884,0.9532086609096212,6.321129728875593,1.5463404453072056,6.553785897515641,1.3058653400190332,6.815916731909513,1.47690519716809,5.726288351438449,1.2006031132180413,1.715147304597202
1.6791391195909433,6.397529286192243,1.6839357724319437,6.484452701044988,1.87732611728234,7.002406121349658,2.033838436741769,7.133895751580084,1.9867930021557116,6.086021697297123,1.2006031132180413,1.715147304597202
1.4721026262839436,6.19548406560402,1.0747070122344218,6.098136301871893,1.6944673607995129,6.946644340697815,1.3983160184017625,6.499345570872702,1.6467351739501432,5.75525399871466,1.2006031132180413,1.715147304597202
1.4213214342559688,6.268523758944969,1.240517401698172,6.755056144496668,1.636502927938911,6.94158718615974,1.48537933968867,7.396851480726176,1.465557119476995,6.615504429833664,1.2006031132180413,1.715147304597202
0.9438836014358918,7.825049990524937,0.9458092759528014,7.638927145652865,1.1580362610807864,8.849397165498285,1.2828774299451002,8.14672292501221,1.1623342586524554,7.057651955039246,1.2006031132180413,1.715147304597202
1.4884592181592176,6.108351582463053,1.4378336827516756,5.811090769098607,1.6872678961659706,6.772900275592543,1.6882147334689266,6.197016028521568,1.62452292778367,5.787864615722913,1.2006031132180417,1.7151473045972023
1.5611255615926931,5.951549647208371,1.8258417577018555,6.02671641879172,1.758928433760966,6.6378842598798125,2.1527020714010487,6.618848325739698,1.879453771296855,5.760084280971599,1.2006031132180413,1.715147304597202
1.8936174327701516,5.929045848041989,1.9770157386315328,5.97313469627483,2.048708437097755,6.637414834517374,2.17916647371232,6.312981490475186,2.022036419710533,5.688739564431138,1.2006031132180413,1.715147304597202
1.7318624156059552,6.203553963302352,1.2850125045174745,6.766297158867796,1.9466979577464605,6.8314648353697685,1.5220433597973952,7.183012688837603,1.6715740175671556,6.352012394928278,1.2006031132180413,1.715147304597202
1.2958886056047323,6.165866928140352,1.204584216115817,6.36931873055679,1.5078780223462738,6.739017377159897,1.3713664086708517,6.847912849417645,1.5014530006230968,5.9347885133464215,1.2006031132180413,1.715147304597202
1.522953954660924,6.19724050570929,1.3327140087512137,6.239045049420773,1.7610138079180766,6.895914775135649,1.6090601921798309,6.773197144551171,1.5880257768284567,5.974871088181802,1.2006031132180417,1.7151473045972023
1.3323433442120782,6.7798681569650725,1.1185303310190235,6.816834118494469,1.6009883913362362,7.477871063907767,1.4061160081560604,7.1662889998937205,1.6151589625320275,6.2293916425258535,1.2006031132180413,1.715147304597202
1.5616402550617674,6.163873233546097,1.6839908704963005,6.062604959639314,1.7590505325890962,6.862287571732837,1.933349681014008,6.780977276728578,1.6797095999284266,5.865958496167964,1.2006031132180417,1.7151473045972023
1.2165948041144432,6.286793249394932,1.305908793553142,6.429233816510858,1.4466324366981804,6.845811635625744,1.8140488110603112,6.962309469949392,1.4091793673709447,6.114402643885791,1.2006031132180417,1.7151473045972023
1.423955692277157,6.304511016440145,1.4393770090319518,6.256267912003379,1.639674649941345,6.88695694994719,1.5652762104712783,6.726874184263895,1.6382190756513348,5.979593483881442,1.2006031132180417,1.7151473045972023
1.2997435569953024,6.189214888645688,1.3388732771955685,6.149204889552283,1.5220115097500468,6.899579664711899,1.6470474705856604,6.701530305159519,1.5198880954823928,5.849462841449241,1.2006031132180417,1.7151473045972023
1.2613490071960034,6.2109164176406,1.2759569252258465,6.296652235039868,1.505385957755173,7.04564181034478,1.4303750899233283,6.705063875451942,1.602881882429481,6.003942333286452,1.2006031132180413,1.715147304597202
1.6663599707406296,6.269964548842878,1.7994910662886685,6.022128771627727,1.8357192250914047,6.93306343820183,1.97117174943851,6.552381263002368,1.864961338953275,5.913111731867147,1.2006031132180417,1.7151473045972023
1.254790355904227,5.93931293332703,1.611251305699778,5.661969968397617,1.4783924188484754,6.625697040094188,1.8469515178295288,6.087399430327227,1.5619605101041047,5.692419595360732,1.2006031132180417,1.7151473045972023
1.8205730785479488,6.130067943690343,1.8643560843088296,5.981831822818279,1.9731271219564528,6.714690783019107,2.0443309822285003,6.412157200368433,2.0650441853786266,5.8446461464898505,1.2006031132180417,1.7151473045972023
0.7544317573923781,7.006708497154308,1.1540245104612463,6.056181212410751,0.9842180661780072,8.070648221767412,1.5053528497021813,6.588603472858659,1.2327061885948951,6.608448201895468,1.2006031132180417,1.7151473045972023
1.6685577097479698,6.07553550987907,1.7659158294989084,6.0300942083632405,1.8909668060751288,6.735081772322611,2.0657399343160425,6.533789589705593,1.7572145366831398,5.822346195191283,1.2006031132180417,1.7151473045972023
1.4660743335638922,6.120673669642226,1.4123423874264611,5.904700106330073,1.687561372409319,6.828103101767237,1.505796450005488,6.570249608028942,1.7335921370864986,5.691002957465883,1.2006031132180417,1.7151473045972023
0.4123725035618883,8.963416078016174,1.1916501398890318,6.798554853416713,0.7188938572076309,10.255477621875963,1.611410685240834,7.382735425421226,0.7390836356129792,8.318594998768981,1.2006031132180417,1.7151473045972023
1.542584231067938,6.336493030390974,1.4478778749657644,6.662427034002475,1.7219770971172914,6.963358563287606,1.615357097324636,7.4456290225326205,1.5724965026051785,6.268996558476753,1.2006031132180417,1.7151473045972023
1.1966966612834429,6.8495697971281535,1.1534564583767313,6.878328236919818,1.4965593126569752,7.537974853323432,1.5705940730122232,7.674089526275786,1.468795473748786,6.46085942993195,1.2006031132180417,1.7151473045972023
1.0439992804310547,7.014816196102125,0.9064600387205848,6.7378590106431,1.26571853861466,7.743168362533216,0.950597041305642,7.159735356414499,1.4036878244587816,6.427663733294266,1.2006031132180417,1.7151473045972023
1.5030052320607632,6.727447576861291,1.286460994881328,7.013046902954665,1.7413139736329812,7.5842929402748975,1.6248335729677477,7.401785468893307,1.672160529922451,6.303814014469142,1.2006031132180417,1.7151473045972023
1.863382869541229,6.0709874310579455,1.5206907774896763,6.418960304302293,2.0252227482462923,6.729785830923301,1.7443938155409302,7.035277106170488,1.7678749787840728,6.037797132547193,1.2006031132180417,1.7151473045972023
1.5684580689725256,6.479940920542019,1.846400327654664,6.243499671431215,1.7557590526715976,7.0284695182584,2.054230234325624,6.716630298107799,1.8404797202145773,5.986460075615821,1.2006031132180417,1.7151473045972023
1.2078866456885944,6.005360348518464,1.6655926720490153,6.009816957575096,1.4176274404220282,6.581040874755154,1.8413705389241484,6.393955142040107,1.652482446973464,5.643505189404633,1.2006031132180417,1.7151473045972023
1.688408255648164,6.5049224172117,1.7878029409136007,6.728255546063705,1.89684310340182,7.187567345963109,1.790457275744968,7.238488099503357,1.690535686362144,6.253019546634563,1.2006031132180417,1.7151473045972023
1.0641106810605214,7.396098845572765,1.4367288861834702,6.556677623147958,1.2696057458493584,8.472846545389048,1.517097672328538,7.244492448334397,1.4517936711198585,6.874562354151005,1.2006031132180417,1.7151473045972023
1.449414848726156,6.483110239182932,1.5441522874633329,6.131740317934684,1.663487548100782,7.273590393169777,1.7328002965501708,6.738864216033317,1.774957471783752,6.143182746991374,1.2006031132180417,1.7151473045972023
1.6404120702604388,6.919651924603662,1.6476439518058663,6.960482892393191,1.8698291940790168,7.8886990402984996,1.5626522136350005,7.836864982461535,1.894775132971695,6.496217979014895,1.2006031132180417,1.7151473045972023
1.3358805280455386,8.807054361231154,1.230636201174684,8.832121690273466,1.6043525490686212,10.002075675577272,1.6311203197589237,9.632928127628174,1.5266881764762823,8.092702049525352,1.2006031132180417,1.7151473045972023
1.5624033400099404,6.375156542548093,1.325071264358988,7.024096318013761,1.7785954811026108,6.974900676262959,1.6249491927437534,7.687072963882144,1.6583577212550198,6.570701887678349,1.2006031132180417,1.7151473045972023
1.1775741661155377,5.812333380270436,1.5945722411933567,5.884334751815838,1.3716081326279752,6.49966339899426,2.035142779173969,6.396958387443014,1.76890696900677,5.616137593789744,1.2006031132180417,1.7151473045972023
0.9451171420198392,12.23717263891863,1.2143407977017475,7.574295796271442,1.2609374028957496,14.46334193384452,1.1883663548588494,8.648556931653243,1.4536649942551136,10.78174666426682,1.2006031132180417,1.7151473045972023
1.039946992802489,6.3461022747545845,0.937369781985636,6.281786303600958,1.2950611458271943,7.020904501986122,1.09063082491826,7.0145796847972655,1.3250087399700203,5.93542694985969,1.2006031132180413,1.715147304597202
1.2600645769105978,6.307387532188305,1.649162150321113,6.052153838355359,1.4972472277627311,6.890967531701763,1.81281801331315,6.5100744147015535,1.6820459177574834,5.845968376924502,1.2006031132180417,1.7151473045972023
1.5776404711526233,5.638639907435595,1.7200038404295337,5.735343817492634,1.7272121089881902,6.24791477883202,1.995317346380564,6.13998049678834,1.7270934391748072,5.555884703878424,1.2006031132180413,1.715147304597202
1.4493672012587957,6.132335031149767,1.329964885301645,6.123767381957922,1.6526155502968398,6.707138035294276,1.5146952226760928,6.755361806329923,1.6478058938540814,5.7934509447613465,1.2006031132180417,1.7151473045972023
1.6724773469245506,6.3767154745341,1.4386971120851513,6.403415493569607,1.8644350297081624,7.151361905071802,1.570141865955062,6.793983661246313,1.80968335492326,5.928140570724849,1.2006031132180417,1.7151473045972023
1.4750052353919656,6.727516259714245,1.2079612123559356,6.636249946465071,1.7089711368827454,7.393135956284458,1.4630560972143642,7.059500613358151,1.5852374514763623,6.280410738209617,1.2006031132180417,1.7151473045972023
1.342469275746737,5.733975119391865,1.6008658690145654,5.926817213082478,1.5688098986449983,6.33692518903851,1.7517521700145022,6.599322296395597,1.6853084909428189,5.522904330104202,1.2006031132180417,1.7151473045972023
1.7262313267245604,6.057221695979945,1.4199355838382226,6.127261489817746,1.9308911729878595,6.675353315632415,1.6679865535198577,6.825781705773975,1.727702242526818,5.941030260362334,1.2006031132180413,1.715147304597202
1.232691787427918,5.7880876340865255,0.976355061014563,5.9482886291107855,1.4311869577791765,6.543972065980139,1.2810198397995145,6.556771981731524,1.227798536917572,5.715911619409391,1.2006031132180417,1.7151473045972023
1.2069990294313824,5.648064872392769,1.464760509854348,5.535240367487211,1.430156786553821,6.331299513021543,1.5572214813073917,6.128507246126285,1.7262238472559683,5.471939670742784,1.2006031132180413,1.715147304597202
1.681108000361983,5.894612556106579,1.276951782150569,6.017238496067633,1.855046371178875,6.5466032357882655,1.5195920279121446,6.309628168738697,1.7437318013338023,5.756436352849846,1.2006031132180413,1.715147304597202
1.7863419299450898,5.874664608219078,1.4837175599778527,6.036175162253813,1.9704242644265688,6.566857826007068,1.6832857034408388,6.485443451461154,1.8568874213206497,5.6217344308049055,1.2006031132180417,1.7151473045972023
1.4394259156793794,6.575232673722153,1.648725185541256,6.658225124827228,1.6901748376184214,7.225681928804994,1.9965632405667249,6.984657582385913,1.8284896136655635,6.162705456716962,1.2006031132180417,1.7151473045972023
1.3704478452922886,6.232390197542808,1.3909815550784914,6.25089565287981,1.5739635480272691,6.8976501539558654,1.588003094424423,6.769793702636303,1.643743049830628,5.912074868948547,1.2006031132180417,1.7151473045972023
1.7107923937900644,5.821106359093392,1.7809428435660193,6.0397409867616085,1.8524178936392215,6.475440685485914,2.19573051123617,6.4845081928786925,1.783854860691709,5.693556814880406,1.2006031132180413,1.715147304597202
1.4137408171790662,6.054686689771863,1.435925814029886,6.31024520229694,1.6195557879780798,6.734417473776636,1.5811545803986635,6.740337881115606,1.591220510044096,5.850396918262038,1.2006031132180413,1.715147304597202
0.9845198930325592,6.193424387341927,1.119484043285402,5.969438271279032,1.2077471997108693,6.970501868975237,1.4117715262153447,6.469255214372127,1.2804782426259336,5.764442154498172,1.2006031132180413,1.715147304597202
1.5326881608675902,5.754311341507919,1.6037586595969908,5.772083249860888,1.7109115660215828,6.264246382636262,1.8709463455976052,5.987066266936501,1.709670491885133,5.554268820407436,1.2006031132180413,1.715147304597202
1.5236020184788253,6.624808720115022,2.000442519312168,5.986558047703178,1.7408453228600371,7.51416181972385,2.151667853382347,6.410084564235471,2.02589497332746,6.2724554926868965,1.2006031132180413,1.715147304597202
1.2837863404371912,6.143365680839924,1.2302997626000292,6.137475735425116,1.491308559310617,6.880581246670519,1.3117071857333178,6.9107325951007015,1.3725752219209777,6.063695061234174,1.2006031132180413,1.715147304597202
1.5648227634240977,6.366148107280857,1.4729826708513127,6.390758479805048,1.7700995704502414,7.013771791199976,1.7114299593971003,6.71515111688998,1.7332670724948172,6.202217432256213,1.2006031132180413,1.715147304597202
1.6438029343135077,6.265486784820523,1.7420432104889556,6.1302038412894895,1.875474689853733,6.893422798517972,1.9165978756411228,6.510013914985166,1.8758669646679809,5.885035286274226,1.2006031132180413,1.715147304597202
0.1610920007950469,11.641148169985204,0.0432090631534858,11.69727228090767,0.3980131170239083,13.595084893049338,0.3949677674834743,12.17966228630032,0.4721593496034071,10.200389445347373,1.2006031132180413,1.715147304597202
1.151176702494502,6.43224219726088,1.4243674267230908,6.404384902334914,1.3351233386177483,7.121833851712864,1.7345595892204295,6.852789312494464,1.511213331289022,6.260942203104033,1.2006031132180413,1.715147304597202
1.8768006808025848,5.797801727436009,1.748079901598683,5.9437887598568295,2.031323689266496,6.3476881284600095,1.9255170467724756,6.328546395320515,1.88714584078766,5.671209035147482,1.2006031132180413,1.715147304597202
1.8021593182350053,5.993874278903698,1.8217097408600276,6.2081359375990335,1.9105606517571945,6.5943288403651,1.803600997872933,6.799467295190404,1.9864509322409216,5.813879538517892,1.2006031132180413,1.715147304597202
1.0695438733114129,6.595716081326139,1.1754822775995353,6.828994822398123,1.2988059225708877,7.452756766567028,1.2711233785335612,7.793935655265851,1.4481708254507892,6.374989396621999,1.2006031132180413,1.715147304597202
1.1473963987730378,6.449421632000884,1.2998057278430517,6.19488714106531,1.3911399443986852,7.097924766681544,1.2983581462189755,6.699494548591962,1.4864280457796055,5.935328653862249,1.2006031132180413,1.715147304597202
1.3325759029183732,8.730754068048622,1.0965697385461273,9.143167377051688,1.6084528708187888,9.92897181862966,1.4294040150038596,10.196615721622816,1.413848675848799,8.31727306077082,1.2006031132180413,1.715147304597202
1.1923237564159024,6.981234561070718,1.3330417032204285,6.969513657348597,1.4123677858894037,7.853507496631319,1.4714935033257164,7.705593042814857,1.5373939185174952,6.446788102809639,1.2006031132180413,1.715147304597202
1.301558186443091,6.089633363405889,1.1469677269980725,6.150005046354928,1.5003086037864155,6.6734265191118265,1.2557973767889614,6.699965293992315,1.591367241151347,5.986798165912675,1.2006031132180413,1.715147304597202
1.1933005754224844,6.13670656396036,1.0094843367849051,6.302317948195351,1.4411020393833252,6.694770229719428,1.17562479664344,6.856867474473462,1.365562050003527,5.989233893380984,1.2006031132180413,1.715147304597202
1.4263394840238774,6.103856524307352,1.8032215113830223,5.992095973316289,1.584677004948054,6.85914319662322,2.280741879927702,6.495489627065784,1.7580512116346196,5.813902022086738,1.2006031132180417,1.7151473045972023
1.510815628342666,5.79183041300873,1.246761517106962,5.914956828938541,1.7620755893131,6.12278703486385,1.5675025290981974,6.283853801370637,1.6624626072763302,5.552879181914992,1.2006031132180413,1.715147304597202
1.367653435812997,6.132769656220041,1.3686513013271369,5.910292985329078,1.5484816272647497,6.905370790786065,1.8425550345350925,6.226351299766241,1.7120446094481614,5.861221366017781,1.2006031132180413,1.715147304597202
1.1084981380441037,6.447363354145336,1.0514800021637871,6.549270656312358,1.2966714488693871,7.262294565586648,1.3101388783934518,7.025257756582727,1.3394818389365568,6.094992389168046,1.2006031132180413,1.715147304597202
1.6754596558887136,6.421560750367349,1.798275170967906,6.289863003873126,1.8690855963167292,7.070103369503785,1.9604204414391264,6.643892792159869,1.8993465047704687,5.962691269971056,1.2006031132180417,1.7151473045972023
1.0947386807119417,7.334794812132571,0.7107527407081157,7.535383401572466,1.349655280493258,8.155875758595087,1.0515722184899736,8.7190548655273,1.374589930640587,6.767141257425632,1.2006031132180413,1.715147304597202
1.412606977820816,6.280326605813199,1.5112279378195792,6.161930519004311,1.577549145638581,7.098635037407012,1.600516208149399,6.799171128576681,1.657648440368649,6.002534705653989,1.2006031132180413,1.715147304597202
1.095723426204816,7.5708088240417375,1.2654654624958863,7.346447506966336,1.4013143302636009,8.51289106875765,1.3997152538924107,7.902328413205762,1.6004127858275348,6.754791827191321,1.2006031132180413,1.715147304597202
1.292433138231149,6.313685468606991,1.4654595752341948,6.800800851958034,1.4914231818861776,6.977980524852419,1.729429645035654,7.482088295122103,1.6140329109014795,6.224949798610376,1.2006031132180417,1.7151473045972023
1.2426746407045806,6.503924785614967,1.6067679443024974,6.62780578850861,1.4617003229569063,7.245785701971661,1.6941816587629637,7.351487531029033,1.5948277489489735,6.243664875273978,1.2006031132180413,1.715147304597202
1.6841876931827242,5.933317040346501,1.3583986358817932,6.056352994762927,1.889769830717658,6.593937904202598,1.6833510524599404,6.482396257861324,1.5828944687476878,5.981648527787516,1.2006031132180413,1.715147304597202
1.2929230198824706,6.596940932951769,1.6521324545504283,6.124048934905863,1.452384654193652,7.249225601128573,1.6484395929588196,6.5355111695178,1.5687284299468676,6.126333978275038,1.2006031132180413,1.715147304597202
1.5681958206880908,6.800352024412845,1.4839074784797035,7.05062898654456,1.7197962101853734,7.424249418108751,1.582661985170918,7.472309998628848,1.7341005001953065,6.5579138447280725,1.2006031132180413,1.715147304597202
1.6124164701208603,6.148379862179413,1.6445904767840789,6.127107054768694,1.7961525749966338,6.888652724730964,1.922169655603179,6.533362810718958,1.7944383819699912,5.966273341449891,1.2006031132180417,1.7151473045972023
1.0963377081435364,6.477563092825005,1.0767798574613476,6.489050002252314,1.261382061608364,7.212632287946426,1.2762173199777982,6.849953529718412,1.378900728709871,6.135106576371963,1.2006031132180413,1.715147304597202
1.3074670409551303,6.3034888754558605,1.5098657992811215,6.122268815839415,1.4869936603131302,7.026181985101948,1.5823127889771813,6.739637461018307,1.7090047539102622,5.992576003725712,1.2006031132180417,1.7151473045972023
0.9894202762729069,6.183759198251289,1.1877399882073556,6.229489432112165,1.304561879496978,6.9145424065668974,1.5354282110499196,6.766377737400154,1.3652058338219186,5.954002907308815,1.2006031132180413,1.715147304597202
1.3410792886956373,6.035312329537818,1.467136957349953,6.00553897768951,1.5119334232992807,6.765009758266035,1.6057463294332486,6.448112162610205,1.5674250637123572,5.75729582317313,1.2006031132180413,1.715147304597202
1.8347763788036515,5.843168515767438,1.9474436073499937,5.928247243768106,1.9686978041876784,6.580141324913979,1.9870231340990936,6.490244901432586,2.167893682689168,5.734170162912685,1.2006031132180413,1.715147304597202
1.0784730765242865,6.475669407382364,1.1717965427671708,6.365582997857556,1.3144583423106115,7.083991204057197,1.3935100282826294,6.831769210781576,1.5567190847489512,6.032224785599375,1.2006031132180413,1.715147304597202
1.1376007200758955,7.234733185042501,0.9947884068798644,6.795370167674989,1.349553214263827,8.182641592369476,1.4605985223685845,7.395038725638349,1.328438057501376,6.648495272791996,1.2006031132180413,1.715147304597202
1.2525188604975266,6.693724891804179,1.1804375314775843,6.812009609831454,1.4847404023523163,7.510652651655956,1.3877936025204078,7.479297447497131,1.5894510330929423,6.401216467546313,1.2006031132180413,1.715147304597202
1.044350498616949,6.24230478178601,1.136722510032088,6.28607755309381,1.2800278982978244,6.8699553983414265,1.5735069956461023,6.550839587864933,1.547393401730677,5.836876589276938,1.2006031132180413,1.715147304597202
1.4560817557278454,6.590256837357221,1.5350074430359848,6.341828887475967,1.657790771149944,7.357390045558341,1.6731295986247,6.835296825633955,1.5787470147895817,6.222470500249031,1.2006031132180413,1.715147304597202
1.4922933654120951,6.080728709533372,1.5495127899116,6.060000661464184,1.7145371660890625,6.693999144763205,1.874985470194928,6.593539203345131,1.6960035927783976,5.79605079512366,1.2006031132180413,1.715147304597202
1.7015853526745968,6.518127983765002,1.2723469976648372,6.451155931238316,1.9150057997979388,7.095497118719811,1.6317614644020275,6.895300692347373,1.6429812943139055,6.143135808024595,1.2006031132180413,1.715147304597202
1.9217662373191495,5.9981892455774135,1.978598677241696,6.446915690616367,2.101489760900842,6.711149300053812,2.3258078136226183,7.23374647386252,2.0664678244179564,6.175195297864928,1.2006031132180413,1.715147304597202
1.2456299592498787,6.707753044256005,1.032187499991986,6.554701888987976,1.4369293283286535,7.443257536434018,1.3552316695589577,7.019370986419264,1.4055240726204652,6.40993217482987,1.2006031132180417,1.7151473045972023
1.0145696255028829,7.726156925525106,1.4614850028303352,5.750615558017383,1.227148126806961,8.843810884327807,1.736941033856343,6.2516038264417855,1.526973062128527,6.987106214622906,1.2006031132180413,1.715147304597202
1.6110916108535442,6.617520619769736,1.0934357812719997,6.984285416113725,1.832056779312002,7.250699170074253,1.480995190119324,7.272214305521582,1.6182283967349091,6.237775169388915,1.2006031132180417,1.7151473045972023
1.9271620317066884,6.327954050369721,1.7908683362675109,6.282802766232426,2.1004876132151544,6.95863115991649,2.155122956516833,7.023998499008274,1.8571747252249995,5.9589517562839385,1.2006031132180413,1.715147304597202
0.9973869976682734,10.25829167334607,0.7980637575122411,10.63341134802486,1.3278940321288943,11.985716294597005,1.0736107995278426,12.722999315833771,1.242202274462266,9.26549360873856,1.2006031132180417,1.7151473045972023
1.6625969195993635,6.082344085420568,1.7319222085783017,6.070134358334848,1.900406177845926,6.804855506031903,1.807456658757067,6.7740557012090985,1.6561340039803625,5.709073486016209,1.2006031132180413,1.715147304597202
1.0956883580760302,5.892503072429521,1.092175711826438,6.3417830651298965,1.2682274278924943,6.589008267000243,1.3789601136977645,6.897041073915045,1.4004441927150912,5.801914863526108,1.2006031132180413,1.715147304597202
1.10541251580544,6.846005853397189,0.8776137723213187,6.634129959831348,1.3181380771279496,7.66093962284666,1.2069031110954722,7.188530260399404,1.4359456652578126,6.2005907548966,1.2006031132180413,1.715147304597202
1.0166545205739463,7.053463260202279,0.7191637295360517,7.138266724106626,1.2469298725764588,7.842677719497283,1.120207606579587,7.84570074318787,1.1068882158473765,6.480395010547827,1.2006031132180413,1.715147304597202
1.480812079468503,6.166325398640101,1.1463260317677697,6.035659918801276,1.6686082310537,6.801223102512576,1.4676482062685376,6.671200839871466,1.510536505662312,5.819792468928718,1.2006031132180413,1.715147304597202
1.4071415894693229,6.990514400770052,1.1338834496251808,6.995887056462856,1.647213160875601,7.861705620858356,1.2600505913022702,7.682359688953465,1.4392444403636593,6.710329262968874,1.2006031132180417,1.7151473045972023
1.535869741656247,7.0879049242647,1.1850907531534975,6.312793871824368,1.7721537565232568,7.851597333674733,1.5130671040477204,6.809240017621051,1.6437462753107246,6.504429907362657,1.2006031132180413,1.715147304597202
2.0593506872187777,8.160438456770372,1.8515318590387744,7.387678240061988,2.250174774299739,9.31718845354985,1.7896305850178518,8.295694298198367,2.0582147182491006,7.269708822797281,1.2006031132180413,1.715147304597202
1.5534287365876367,6.07014017911022,1.3471409844262905,6.15435984050635,1.811629586643244,6.5098762385592375,1.6345325048879995,6.602625177231721,1.6168491961216935,6.532907128737771,1.2006031132180417,1.7151473045972023
1.375866953639608,6.548962144231825,1.3604293973114816,6.42588225820809,1.535877898511527,7.405079151974349,1.440667875986867,7.225724355015675,1.69075201973802,6.471989694982317,1.2006031132180413,1.715147304597202
1.5776342194343855,6.01977151573622,1.6136430060336566,6.110500297652536,1.748296617718611,6.621019544080003,1.8713749948102756,6.47754712555952,1.7568735247719538,5.919213013994459,1.2006031132180413,1.715147304597202
1.2639452210361977,6.30972030462084,1.1300930168196088,6.365309407603204,1.4519570261774697,7.04787221010004,1.327770737252325,6.911456537031751,1.6367094807662104,6.009705272776159,1.2006031132180417,1.7151473045972023
1.6989007329543178,5.877899943300641,1.425445809000229,6.599191983045539,1.8832720406294343,6.504314491102622,1.649996220062791,6.943126802208749,1.5301346174285089,7.102273214731917,1.2006031132180417,1.7151473045972023
1.1906943975492037,6.930893851074093,1.6686297039402995,6.391474864190841,1.3630787450106536,7.909759301004444,2.0364957362235474,7.164602651034713,1.5131634299753989,6.492615015741772,1.2006031132180413,1.715147304597202
1.775342094082884,6.279005188819808,1.6602188489009784,6.726681305967937,2.0043543598757783,6.85595094650877,2.027447586866137,7.432796528706186,1.9999321816795752,6.319050064797377,1.2006031132180417,1.7151473045972023
1.4714073683021158,5.751765515959579,1.1774755588049797,6.186292777993888,1.7415083663449469,6.378852894133484,1.4199465375508618,6.760959810533624,1.6325654235293,5.937113906989265,1.2006031132180417,1.7151473045972023
1.0392123575526078,6.983846900176312,1.090484924979855,7.033253504005033,1.3251733833251966,7.792146438685807,1.265055548360944,7.752969274526018,1.3370378351454897,6.581245085850635,1.2006031132180417,1.7151473045972023
1.218908609129376,6.252150063505126,1.2277763742624173,6.30590820770344,1.422493246739788,6.979450801108117,1.4330659415563685,7.117509977455557,1.501705887707479,6.005764204984829,1.2006031132180417,1.7151473045972023
0.9881219412075484,6.134401030486911,1.1641723581932233,6.111955324606428,1.192930464270296,6.820774357100855,1.5158464746033518,6.540036969232786,1.158006012580128,5.967400437389465,1.2006031132180417,1.7151473045972023
1.6955994342274168,5.681566749940888,1.7412086117059156,5.9354054904913225,1.8908385761352728,6.269323894666707,1.9935165200372944,6.516095630238614,1.87115710939102,5.696119811451831,1.2006031132180413,1.715147304597202
1.4812365715301472,6.451302678766013,1.4984160859456688,6.629185957964126,1.7041020072037922,7.05105912425948,1.8382593443394517,7.1658204126842655,1.6586231325837482,6.161559625181573,1.2006031132180413,1.715147304597202
1.5124737048459067,5.798388351071939,1.8246587775706904,5.954011645805892,1.6576454294060512,6.339779773035999,1.931612280079293,6.232164883850955,1.7262129185426722,5.632217112167442,1.2006031132180413,1.715147304597202
1.3290970605875465,5.816147594657813,1.364004424856705,5.985540154179753,1.511750219912214,6.386290150416965,1.6327051357465625,6.256070941044922,1.411538230022536,5.746480846169344,1.2006031132180417,1.7151473045972023
1.5388084377825066,6.925209654143463,1.595857415397268,6.788418268960309,1.7500324910539802,7.750662988462902,1.893570487483383,7.443236822651917,1.8555701307254275,6.646708855668331,1.2006031132180417,1.7151473045972023
1.9749073673648927,5.752721426001943,1.8298040097658048,5.701105060131716,2.1306237797385714,6.352116556017103,2.039347370031052,6.111528853921732,2.03916349058204,5.495671418612229,1.2006031132180417,1.7151473045972023
1.5145767826925365,6.054462576953599,1.3982022326798798,5.906837630221683,1.6600453138570035,6.673154493480616,1.7535405914261415,6.532530646265453,1.6922472007870573,5.704916294599182,1.2006031132180417,1.7151473045972023
1.3390906551003177,6.016832248451363,1.1670676259727355,6.292379523067171,1.6095698795458018,6.517603419607886,1.4369607966609188,6.63956433697225,1.4699513317382098,5.8411770094914734,1.2006031132180417,1.7151473045972023
0.8368187680208734,8.40083165393372,1.495663402625539,6.445604927690516,1.1332055794932685,9.658486186323872,1.706838013198921,7.138544469089799,1.178946745466848,7.621745114087961,1.2006031132180417,1.7151473045972023
1.2051433354945291,7.189573111023589,1.2750651228194858,7.462916883455131,1.4523942824780505,8.171859935327367,1.6402674057537894,8.069180026345045,1.7635042932789562,6.856023689900443,1.2006031132180417,1.7151473045972023
1.513439436127174,7.082309471228064,1.6802341133234893,6.9240875767530765,1.7263039827482092,7.976513025361798,1.6437269143225848,7.858059241402406,1.8887477565464184,6.576382341659752,1.2006031132180413,1.715147304597202
1.2927772274507172,6.428084276537578,1.1438150902627595,6.466120836320484,1.5149172678121936,7.102053868806443,1.2738855120121004,7.0775789079710485,1.402734064331704,6.109289913912567,1.2006031132180413,1.715147304597202
1.614756864429547,5.959656632375951,1.3029427859127058,5.945801372553364,1.7910479846203946,6.563845766800728,1.4741915858034302,6.538576535375478,1.5118733584481114,5.786959365820132,1.2006031132180413,1.715147304597202
1.4446629326837337,6.692929055748094,1.3906549822241612,6.390969655233061,1.652900206083941,7.344513196423531,1.6695884710610822,6.813368643063535,1.726019578776946,6.36067042588686,1.2006031132180413,1.715147304597202
1.8300801254447112,6.002667169324604,1.6060230057298044,5.927824052144304,1.981348418365764,6.6981135843517725,1.7142422481008286,6.579498758786593,1.9584061953012424,5.788838015886657,1.2006031132180413,1.715147304597202
1.2640128814810805,6.27844223535843,1.0548970309601728,6.277596644677785,1.4661277780582191,6.879404557161003,1.3565339737230817,6.582291747108251,1.40535099714848,5.942354856595369,1.2006031132180413,1.715147304597202
1.3702282413271305,6.58617838846235,1.0988114384716885,6.503164824395517,1.56750030297623,7.344132701881099,1.344743076417128,7.14225835403957,1.5294758780399604,6.305635323246359,1.2006031132180413,1.715147304597202
1.526900777010979,6.560910868031206,1.741040610397204,6.23460578256737,1.757637377935613,7.275368498382238,1.937491483118306,6.950156477275535,1.7696268315748864,6.143586449133539,1.2006031132180417,1.7151473045972023
1.0127751583884224,6.197779584978997,1.103360039182481,7.312703978457147,1.2193107122210023,6.903964681643913,1.4294088766544202,7.985615717659417,1.2481812881022027,6.696960125783613,1.2006031132180417,1.7151473045972023
1.2548122377710933,6.3244414473353805,1.1757804837807286,6.137495592988123,1.4774701991966557,7.025418938108281,1.4033335893136378,6.62346168470993,1.4589270131628296,5.940050625054162,1.2006031132180417,1.7151473045972023
1.7520454221468311,5.818269329863255,1.8301530342998773,5.779934742726391,1.9288419917630204,6.288911893579705,1.7959220897091634,6.161457335804358,1.8645880899824816,5.537002719714046,1.2006031132180417,1.7151473045972023
1.480486987027465,6.376431683112334,1.0511052446525817,6.277098622500835,1.751601696446838,6.978967476660931,1.275629718103744,6.223419685393754,1.6406406995619078,5.97672497683935,1.2006031132180413,1.715147304597202
0.8006621669304435,9.36871194209174,1.4369190784358905,6.118259963482083,1.069132083300182,10.759719015546809,1.6490933027230903,6.66613239155735,1.207682196625819,8.240156856082502,1.2006031132180417,1.7151473045972023
1.3231613383002103,6.535412548852871,1.4101467745493808,6.323937483096783,1.511867810123721,7.174507335631186,1.7485671440633883,6.832926342503487,1.5573573445987705,6.352869786707329,1.2006031132180413,1.715147304597202
1.481458326949672,6.57104775535544,1.5403127245979715,6.453924020872937,1.683995269368335,7.2608787209589885,1.5923969869053758,6.896840754208934,1.8230900569171893,6.231017773088242,1.2006031132180417,1.7151473045972023
1.6542790383718688,6.11209525987525,1.690673740533328,6.133551086607961,1.8769263362432609,6.671534784966909,1.9280013328403047,6.642109365449081,1.868241126290754,5.691518608851548,1.2006031132180417,1.7151473045972023
1.5222002031509805,6.1500458725821385,1.6671548496536843,6.037150603294057,1.6815205008897574,6.836252990049022,1.9086898749096604,6.468127311498463,1.790502804393426,5.835485054843902,1.2006031132180417,1.7151473045972023
1.5989474493164333,5.972977780767729,0.7775897592837374,9.250004710062768,1.7960426117468766,6.560724087934823,0.7753244545072878,11.200364846224335,1.3220343713380136,8.186848968083487,1.2006031132180417,1.7151473045972023
1.223016606738807,6.276398690501752,1.2782942501938952,6.270942516114645,1.4133893546858818,7.013306539845344,1.4086811963383377,6.856199732978413,1.5302126779971283,6.015240134833974,1.2006031132180413,1.715147304597202
1.5168501365091236,5.837216789831348,1.2661924766752566,6.02298418766785,1.694269481738393,6.512477376480715,1.4886806035463498,6.502763964621168,1.586979237265127,5.723849849518318,1.2006031132180417,1.7151473045972023
1.3873876422972158,6.156700561086328,1.284300015252288,5.851666482287071,1.5696288406155083,6.848344575904971,1.637010767400412,6.354926858207926,1.5332237137351898,5.726000136120928,1.2006031132180413,1.715147304597202
1.4136954753236248,6.261160260291058,1.2976078878972273,6.024754064292188,1.5924517627849633,6.927503485331182,1.517658103452104,6.582240167116615,1.6506656342604755,5.807734105477182,1.2006031132180413,1.715147304597202
1.7931832768741087,6.141655359652853,1.5588494355021274,6.386995382494954,2.0100459058960016,6.720716096619796,1.6317546824839697,6.838632894189929,1.11100278658116,11.45927694521329,1.2006031132180413,1.715147304597202
1.9580660333475304,6.133888286396154,1.7549268372714817,6.297969396888947,2.1818105630063718,6.673066729883994,2.27667569497886,6.862510802632149,1.8408934852469123,5.9772671428401765,1.2006031132180413,1.715147304597202
1.283040072156406,5.931564487272235,1.2547190495498992,6.064817306316511,1.5103934474874263,6.552322995135681,1.346178079915676,6.538950929920685,1.6293234499998754,5.843952565462739,1.2006031132180413,1.715147304597202
1.2322480711674697,6.148442235993572,1.3129980926710052,6.082614553730187,1.4394756587264792,6.669359977736467,1.5431676593648949,6.650223383754649,1.578371749652013,5.934989999654843,1.2006031132180413,1.715147304597202
1.267714051908471,5.960345460239988,1.749221590045754,5.921269828693617,1.438169794541951,6.478506049528597,2.051763875283537,6.146778550175042,1.5282173973113995,5.670427663883453,1.2006031132180413,1.715147304597202
1.6360121221752455,5.689025014332197,0.8821629202168599,7.559146581102741,1.798083168254846,6.186061973595931,1.0109986900108647,8.366004496069595,1.3693280998180954,6.755816173438993,1.2006031132180413,1.715147304597202
1.2615318581341632,6.492576288748436,1.5026302837601535,6.449309565060346,1.4802791391071666,7.293205713570838,1.769334357313679,7.056130604781937,1.618570025134893,6.1894546088211415,1.2006031132180413,1.715147304597202
1.7917546393119814,6.223575772569779,1.4664657513367214,6.547211118194388,2.028651078352289,6.995746786263002,1.7857360702814684,7.0978366847325765,1.828127746112,6.241160544287004,1.2006031132180413,1.715147304597202
1.3223128149439174,5.996303639852226,1.141039952545996,6.364430689336796,1.5725707955338817,6.578554330415045,1.6920378460021483,6.900229089553344,1.6151334238358928,6.510692619385857,1.2006031132180413,1.715147304597202
1.3102426370600029,6.27392971741318,1.446535324846944,6.220383490100235,1.4967216785894897,6.965538443692142,1.597378134380311,6.674599034177668,1.5704224108007527,5.991206029872997,1.2006031132180417,1.7151473045972023
1.948034942086014,6.218044340680574,1.819249365980956,6.113508175214664,2.157524291445116,6.967776108347958,2.0871883274734757,6.598568816785486,2.0307001069822803,5.847583800725572,1.2006031132180413,1.715147304597202
1.2181168584263082,5.933391394454029,1.1696832348518609,5.990344216283194,1.4027842668081287,6.689378241156764,1.3103935347847286,6.571856420899032,1.566683878866285,5.752696524031753,1.2006031132180413,1.715147304597202
1.4893447655934846,6.82922200792489,1.353420887190394,6.12867170668006,1.6935519011352205,7.71788337185136,1.620663023200945,6.491754990998228,1.5496964581425705,6.467386831834834,1.2006031132180417,1.7151473045972023
1.4590532288787348,6.18051980890469,1.157750583270544,6.161777461525744,1.6142313548901177,6.77132497773328,1.3163799175665316,6.794540877439901,1.5080353645368627,6.08582114235185,1.2006031132180417,1.7151473045972023
0.9670554494651022,8.153018639678995,1.0032212125478497,8.28689488813742,1.1706385387034302,9.479358740351309,0.9393414486620164,9.851536558305696,1.301812417352591,7.547817637865105,1.2006031132180413,1.715147304597202
1.6070302113945083,6.99753009958534,1.2917815265240329,7.075483019460472,1.852676193559518,7.790760931686859,1.5491510334462522,7.961758238344123,1.9050520734101084,6.485873901798471,1.2006031132180417,1.7151473045972023
1.189706505239421,6.460930133999524,0.8003062456211074,6.257770435028225,1.42027475973358,7.107852190718263,0.9764514295233157,6.728358497896364,1.2502888866025568,6.056892293978936,1.2006031132180417,1.7151473045972023
1.235041659240985,6.406982539334375,1.3756321276156958,6.412473794155536,1.4416921954995516,7.11910176387377,1.5142874372275812,7.096181508787216,1.6273802123911958,5.99613383856632,1.2006031132180417,1.7151473045972023
1.6790944878180354,6.193355974457287,1.5175865731128055,6.1794110700181495,1.9252097210102253,6.761162659085327,1.7496145340988938,6.620020443524187,1.8643973333210715,5.888336446876608,1.2006031132180413,1.715147304597202
1.6030774135208157,5.702165935467564,1.624107361453769,5.764850895553993,1.8483924430780097,6.19848403913515,1.8516718741301827,6.289588845112153,1.7203963591931644,5.832560371420813,1.2006031132180417,1.7151473045972023
1.3254657535417742,6.218725384084839,1.5099749704387866,6.255048279375212,1.4853054234553278,6.827566897728304,1.6761478248226995,7.0165661942540725,1.468623167787115,5.823816916816563,1.2006031132180417,1.7151473045972023
1.4515810950342338,6.293011769533022,1.626144526757579,6.129985836945909,1.694445985921006,6.8590189356159845,1.767622601315872,6.551550492580599,1.633037702638552,5.998218993929856,1.2006031132180417,1.7151473045972023
1.2010982497930822,6.339331625600985,1.2105451000563965,6.408160618379278,1.4224902429921136,7.068819623542936,1.5448459309448996,7.08137666825068,1.3649457725515473,6.148356104575783,1.2006031132180413,1.715147304597202
1.0782165654614944,6.689722772702824,1.5764879359241286,6.690355189364122,1.2654032533232429,7.592545887300188,1.825959846739446,7.815326952569739,1.6015011888681756,6.294052673118364,1.2006031132180417,1.7151473045972023
1.1761346516702336,6.498090947716124,1.4460523972118349,6.208165152083982,1.3838863327648905,7.144979299310446,1.7603292464759988,6.487085113476665,1.5858342673847412,6.354210726390917,1.2006031132180417,1.7151473045972023
2.066680384703234,8.145014892895663,1.974969376616336,6.115462242885443,2.270714706181606,9.39398266806734,1.9893456424302196,7.03666787874717,2.2507268536259493,7.229407820359986,1.2006031132180413,1.715147304597202
0.855613614706149,6.899223576275021,1.136303917936377,6.89074171913379,1.0811824269538484,7.855949090512462,1.3887873279646603,7.635761128746512,1.2539459415448295,6.59334696892531,1.2006031132180417,1.7151473045972023
2.05973733660826,6.439943076462997,1.7707644854717604,6.615445752598264,2.223836400382266,7.168237239611001,2.008183334191286,7.355398206870069,1.941289381398434,6.133923876151227,1.2006031132180417,1.7151473045972023
1.0819029268208151,5.925651678975044,0.95501639122591,6.352791186053963,1.2989686012137194,6.562548202397157,1.2916554248093102,6.742098241905213,1.3354886987797323,6.031615620585539,1.2006031132180417,1.7151473045972023
1.5286218007511088,6.898967990030839,1.5851413882051009,6.964214276811045,1.729507089457016,7.753478051720286,1.8402865810926483,7.617844667228918,1.6242485866144212,6.556315274282777,1.2006031132180417,1.7151473045972023
1.896554384907735,6.144631889672037,1.7160511199361184,6.1155726120056,2.039263926425001,6.872636947366428,1.825118283767807,6.664135207492545,1.958882975732732,5.974054877082766,1.2006031132180413,1.715147304597202
1.480107230020444,6.359191860947623,1.6251865812167985,6.230385440657451,1.6547577665035826,7.138302465315509,1.6690917829529786,7.174236787949941,1.7791471093001936,6.052983728259491,1.2006031132180413,1.715147304597202
1.4477982383135792,6.360788310784427,1.6835643187209988,6.476415147407041,1.659105185458242,7.214579286761378,2.024205591947713,7.305519971659331,1.6303802725939125,6.117892667038465,1.2006031132180417,1.7151473045972023
0.7140501950741929,6.02135098761954,1.1586452866921373,6.029749169732602,0.9463287092715256,6.578795389528921,1.2552852582402338,6.594414957736791,1.35013720657364,5.811137244130521,1.2006031132180417,1.7151473045972023
1.6092285446937242,6.904943778856134,1.2424755071668705,6.745696406241601,1.885931648953791,7.741538736394698,1.542724173028574,7.180380956666594,1.8126592572372813,6.46984372508121,1.2006031132180413,1.715147304597202
1.6728135596654483,6.414257819918598,1.722895632853532,6.174584740190852,1.8338402995986776,7.110784187897068,1.8448603732163784,6.669811189367411,1.7582467050691115,6.016482060540219,1.2006031132180417,1.7151473045972023
1.3414815652103906,6.538294784750576,1.0669796759199062,6.642577895099701,1.5382672686566976,7.3959817240980605,1.4039787925393918,7.557834399855276,1.583205083884748,6.087388570716271,1.2006031132180417,1.7151473045972023
1.0348971126460234,6.475532380437743,0.8714579738660326,6.306561990352937,1.3085903231570484,7.080875120801848,1.0859241582928798,6.761227839590168,1.205862058206818,5.945983268716202,1.2006031132180413,1.715147304597202
1.3797587190958922,5.888822812681903,1.272528625521261,5.974324564904771,1.5984267751477446,6.585544318839951,1.609519673947546,6.35985555419533,1.5636463877399376,5.748645786591377,1.2006031132180417,1.7151473045972023
1.4816394372627697,6.212920659909614,1.311029133569223,6.098295779642926,1.6521022922073056,6.844106708414633,1.4436359143580737,6.576960036031345,1.4056359482171707,6.646479466994285,1.2006031132180417,1.7151473045972023
1.460336247456548,6.890492288743644,1.057175404911031,6.852110315091344,1.626154889750798,7.856939404840577,1.3354754597120504,7.541930228272068,1.4442328463121137,6.439445327759522,1.2006031132180417,1.7151473045972023
2.139617380565398,5.841366865818891,1.5503732094984743,6.021846071815063,2.280984167065244,6.44783368223183,1.93410953242331,6.429919194247162,1.966612448014756,5.949334573176963,1.2006031132180417,1.7151473045972023
1.0968328892217396,6.91932512871333,1.0495395713053934,6.776263457822794,1.3260213820633393,7.768573329894342,1.2520600620877198,7.383789443181353,1.444710569988514,6.2588797032351815,1.2006031132180413,1.715147304597202
1.191511870658504,6.201152218315443,1.4481158490426569,5.994310692842972,1.408876064333768,6.735901287745789,1.4975212110854386,6.467717400573434,1.5864558681549386,6.501227924396756,1.2006031132180417,1.7151473045972023
1.6921657227835494,6.89905741545376,1.6312175158686408,6.872172843316611,1.8828466340478025,7.838890168330732,1.9566319300634225,7.522935341587803,1.8374221987242356,6.505842488359828,1.2006031132180413,1.715147304597202
0.7784018736063648,6.641200227914194,1.27039681012374,6.855251530755778,1.0808748408309632,7.263413051738788,1.611526290808468,7.15126400551072,1.5110192910151223,6.342882144207157,1.2006031132180417,1.7151473045972023
1.2923789611707366,6.308952145176334,1.2641280685951353,6.1876298999795205,1.5360532432883391,6.990521852885114,1.6538572565554064,6.8623113244735325,1.740285991845006,5.871384004606361,1.2006031132180413,1.715147304597202
1.4124022047729583,6.162747803188917,1.3731591569014887,6.369679379545955,1.579673493970374,6.89791656266861,1.534494378114359,6.719443650566523,1.4238992897042508,6.109269931177851,1.2006031132180417,1.7151473045972023
1.397064883302773,5.898405826167641,1.2373088207811611,5.924498643026115,1.5699663588771602,6.545257667748832,1.4805404675230696,6.439980432321538,1.5285813276939046,5.722163180804357,1.2006031132180417,1.7151473045972023
1.6520414776139718,6.244427082750327,1.7002595211446774,6.113529583373068,1.8596277904807013,6.893129288846175,1.8947666091247932,6.459565186075316,1.7952504046682969,5.871910044079859,1.2006031132180413,1.715147304597202
1.334402124484491,6.294845324099871,1.7299520961105097,6.473593345639351,1.5515876070397323,6.959668821141067,2.0375902077263044,6.861242624606572,1.7495915656540766,6.039248760822048,1.2006031132180413,1.715147304597202
1.3709919230851526,6.1368378443892695,1.3895719482646367,6.008822489542426,1.5378997236289995,6.8613663361138695,1.800121608097759,6.40331227986566,1.662588823278035,5.920209348914676,1.2006031132180413,1.715147304597202
0.8455628139343178,7.872746410303962,0.9984205687800628,7.881504656195347,1.089704952275391,9.12459807323797,1.212628080364709,8.527927941365173,1.41951572430831,7.291246750605033,1.2006031132180413,1.715147304597202
1.3761788774594377,7.057312276881521,1.3210987407340276,7.111793837116022,1.5887493888101634,7.921877382984928,1.605013192931506,7.715409200159164,1.4770978004307087,7.102574353638104,1.2006031132180417,1.7151473045972023
1.7186496608379913,6.630098540197567,1.6422438137779438,6.408593302851161,1.9728373544183515,7.250148741756986,1.7640699141737268,6.747287547963743,1.9033587233803595,6.31058370335163,1.2006031132180417,1.7151473045972023
1.3460575636928094,6.18525445729378,1.3982166959660909,6.3051186257626055,1.5374125269610104,6.833610402122594,1.5597087049834455,6.681661286349526,1.618991277989211,5.98572976471809,1.2006031132180417,1.7151473045972023
1.814989531156418,6.2359701425671,2.041114860401977,6.237771709030374,2.0021844169622534,6.9323775701177,2.170212955169738,6.782336342727783,2.2185707120795284,5.876685643703128,1.2006031132180413,1.715147304597202
1.1626523331110543,6.839001122009,1.5414834005404434,7.142032133128761,1.3790269783111315,7.685033516956944,1.845153110151984,7.741212197628823,1.544193535836048,6.597401964496888,1.2006031132180413,1.715147304597202
1.2848980726151955,6.230368795865586,1.57757326296933,6.006551353360724,1.4454011651934375,7.0216633823755,1.8605253827792407,6.711509996491223,1.6729786125743176,5.936360193821145,1.2006031132180417,1.7151473045972023
1.606744755827163,6.005516142482912,1.6407292446285835,6.036300859037241,1.770184153490005,6.6265150615603945,1.7574679744184571,6.630034026038545,1.7141163166723652,5.719682050089388,1.2006031132180413,1.715147304597202
1.7089432273988778,6.051374095944985,1.4114488826467848,6.233070180159493,1.8436227006683448,6.674455233846451,1.7673792217074211,6.652479301414108,1.809171162385989,5.801335609766819,1.2006031132180413,1.715147304597202
1.8109595704766963,5.874159524005503,1.5261052739119636,6.293873356000754,1.9900314775980843,6.574632041356154,1.803059501204049,6.918903214127124,1.9254007873233745,5.721738003448995,1.2006031132180417,1.7151473045972023
1.4598311219235676,6.106867379382335,1.5882859219455054,5.980888042892152,1.6603644203245738,6.541286047439454,1.658036365628714,6.434066359724,1.7435929898874254,5.689033413028747,1.2006031132180413,1.715147304597202
1.6478414034406017,5.831893339107495,1.87174150061432,6.028799528530993,1.8295064861893693,6.3785954919210335,2.1341484150179078,6.511705131306301,1.9592785964216648,5.605761940078553,1.2006031132180417,1.7151473045972023
1.7761694294475427,6.1824350457867645,1.441402528861876,6.341326801685844,1.895779447658931,6.750670793751259,1.6613323821738155,6.848627813202503,1.9097157108855465,5.965245675023442,1.2006031132180417,1.7151473045972023
1.136538048844367,6.366169048877362,1.3975280363194047,6.388393074734752,1.3742631182659495,7.053619871758648,1.5478367909425297,7.085743957879151,1.5327973692995382,6.029527075542739,1.2006031132180417,1.7151473045972023
1.6361199273364806,6.3251477644020495,1.7202098683055274,6.612614417529932,1.903293097652968,6.888477467535309,1.996520925311636,7.061881813287247,1.779394853350596,6.332917193837573,1.2006031132180417,1.7151473045972023
1.4717058320606162,11.948344647896157,2.084718750486191,7.159368551316416,1.7150159116974688,13.866152841492088,2.251979663254997,7.899038355969812,1.8032564993274285,10.57762275827936,1.2006031132180413,1.715147304597202
1.2035077316736733,7.546655419282005,1.5266389715815734,7.617854945395781,1.4197900667355787,8.667552146856723,1.682591817502939,8.249198280985075,1.5861504876415788,6.974770128575996,1.2006031132180413,1.715147304597202
1.1875375464130764,6.856282049281157,0.9693688042247136,6.949237881430374,1.394806722796894,7.5308742652210094,1.1223712403942343,7.6150990869143556,1.4674580497014555,6.529534375272114,1.2006031132180413,1.715147304597202
1.3896065894769003,6.674698934649694,1.7902331506713198,6.730792802618703,1.5781599209095123,7.594895763600983,2.020896239272271,7.465518550972387,1.7449188644330105,6.515422575311145,1.2006031132180413,1.715147304597202
1.7285178384183404,6.656152127686797,2.005946509945102,6.192440027740696,1.9878624589290128,7.445524941721818,2.234009142361205,6.950867043952758,2.1019777787450917,6.133550208019515,1.2006031132180413,1.715147304597202
1.4334059010762792,5.949151133030618,1.3191794078263277,6.060630654368228,1.6334487642841582,6.599832068143213,1.7221917021104516,6.351954658928968,1.7282361620513091,5.820061436429571,1.2006031132180413,1.715147304597202
1.2806403247805136,6.113031177296794,1.1862114937068589,6.372558142690808,1.5260356261409358,6.7394034875842,1.6558434392801824,6.8877529694632695,1.3834549407905758,6.092791802612292,1.2006031132180413,1.715147304597202
1.7514641398024635,6.379420738473304,1.3623432561596935,5.943279950242921,1.9067604395069884,7.110546713182334,1.7494218605638787,6.235753194838503,1.8093289725853603,5.961890165432112,1.2006031132180413,1.715147304597202
1.5979992852539395,7.578179542710071,1.356257763792668,6.272448437095581,1.825323667147738,8.536083895670776,1.7961959750717176,6.824785727237525,1.7110324139838915,6.959517125796957,1.2006031132180413,1.715147304597202
0.9904592576022756,6.76122222632798,1.2256864441627433,6.063671176878035,1.2114377094872353,7.669590746462762,1.342056079794281,6.5668130111517655,1.2493991198794785,6.349606035276227,1.2006031132180413,1.715147304597202
1.0864873361990302,7.03110277806843,1.1829455220559666,7.193747064561043,1.3265038593926763,8.014513411967393,1.423857671116659,8.208861718383844,1.5489260776798612,6.54112137903501,1.2006031132180413,1.715147304597202
1.4646501469976585,6.2684161929005215,1.7934947355342088,5.775929097793436,1.638264096806748,6.934627907662566,1.8443484790010047,6.2601647058345335,1.8376902453827184,5.8586574005094265,1.2006031132180417,1.7151473045972023
1.4374916783055152,6.435158276218684,1.0184087088594478,6.579658003296946,1.6613332728322463,7.05134472110875,1.0978243892331578,7.290307872955414,1.5516755975089294,6.238607922351192,1.2006031132180413,1.715147304597202
1.7584368727928597,7.722866342790849,0.0,88.50026695886847,1.965764269165309,8.649857561525115,0.0,103.35909067192496,0.0,72.82517224728093,1.2006031132180413,1.715147304597202
0.9797095389439624,6.207252340127023,1.1745192951964358,6.185437116458686,1.2107266666693397,6.727105306906788,1.5205555426910546,6.595981641139439,1.2992597700568218,5.972825317838478,1.2006031132180413,1.715147304597202
1.8894483379060212,6.271814533112653,2.0233076421504776,6.195538315711294,2.1035371699641696,6.921821043591531,2.449615465335406,6.651691199571703,1.9901468069011123,5.997862023894624,1.2006031132180413,1.715147304597202
1.1007181763555838,6.205065841670811,1.4468043313641796,6.190379819439263,1.3205785581426592,6.822586550851619,1.7840140934469777,6.741142981109787,1.6073805791795686,5.939102071804276,1.2006031132180413,1.715147304597202
1.265963386096943,6.575483247919313,1.248290482071705,6.716562528510783,1.4437875920957095,7.166177475108992,1.4842255114949,7.255698178720896,1.515653686424053,6.3905851735639,1.2006031132180413,1.715147304597202
1.7376244640299543,5.861788640847075,1.7301402035496254,6.01668556971975,1.9531258474839976,6.344408003104819,2.1120506586328123,6.310878148124703,1.953885094740948,5.718884936236211,1.2006031132180413,1.715147304597202
0.9776996280044286,7.50938188546726,0.7842024459878802,8.287161247260572,1.2772986621158682,8.471440548276158,1.3169413769302425,9.266075319948456,1.1394627928401933,7.525529215383236,1.2006031132180417,1.7151473045972023
0.7185090892005631,6.236911143419886,1.2520884358115183,6.441357346061972,1.0043614188836485,6.8347364771059,1.5930688759735352,6.672535983076632,1.3460238281078312,6.075176472647886,1.2006031132180413,1.715147304597202
1.513715738388703,6.289221736608688,1.3563181448960464,6.214844893330541,1.6815728788639712,7.155951369764341,1.566576755798952,6.755950003308617,1.6120117011270467,5.993800404765425,1.2006031132180413,1.715147304597202
1.210841618842775,6.468872071034195,1.3829877963823451,6.188144806315121,1.379324957173556,7.238656339720164,1.6827372350639305,6.595742114565874,1.367072999580088,6.207965310548821,1.2006031132180417,1.7151473045972023
1.5673703498476124,6.675982012999167,1.6984595482440077,6.611667339880144,1.7969471680388558,7.457924594525636,1.9356800481200984,7.376467951978592,1.8978624156595336,6.141149790404896,1.2006031132180413,1.715147304597202
1.955706379880762,6.071510712360234,1.887956308725098,5.91492643991501,2.1386828073014774,6.69582982966529,2.1113920029337487,6.255187779205551,1.965695011461151,5.769984987070755,1.2006031132180417,1.7151473045972023
1.4483650832159984,5.681924874068861,1.8174628102598125,5.817621332103702,1.681969900372951,6.188105185048042,1.9301696064781897,6.143835036514787,1.7851647481147277,5.6811418783111325,1.2006031132180413,1.715147304597202
1.470388559370552,6.126300192448846,1.364215923191754,6.078701228337697,1.650690273509517,6.908542598132982,1.5464648208321703,6.614710698713748,1.6518610896659078,5.892845385494027,1.2006031132180413,1.715147304597202
1.3928805786669918,6.633479700611665,1.3313707016373575,6.516627902529101,1.5953430573172258,7.392171470177691,1.5551210559931734,7.058290953103409,1.6670151489920184,6.207651386916764,1.2006031132180413,1.715147304597202
1.5515065575408655,6.301561591484665,1.6533432678932465,6.334853967207344,1.7627514489388956,7.0620903448389845,1.886961643295661,6.904167149289948,1.8223358563677328,6.151064161938598,1.2006031132180413,1.715147304597202
1.047329767610214,6.598948760527164,1.5367871563378128,6.128889898342204,1.3345455614031003,7.268180893868579,1.8426220778616933,6.706655426439294,1.323170232429309,6.319622325976395,1.2006031132180417,1.7151473045972023
1.44393870555283,6.073028508130241,1.509912974742854,6.055209637290949,1.6475763942997492,6.700733528681663,1.8296750236481605,6.655460999141691,1.902539170574996,5.7756190632791,1.2006031132180413,1.715147304597202
1.0984020896611266,6.874520655582114,1.0566672995191508,6.552244829967595,1.3365312263053193,7.766315196547064,1.123260714709541,7.477571681263366,1.2203581841835234,6.631100472689595,1.2006031132180413,1.715147304597202
1.186389636298829,6.19220548276899,1.214133169687894,6.751593804659112,1.4534394099989578,6.713018694507609,1.5037504490377605,7.435131735144032,1.6076097541236103,6.193233243140464,1.2006031132180413,1.715147304597202
1.2599406374935571,6.172864097214069,1.17449959692965,5.909683025180784,1.4709663911922657,6.726585626517887,1.5129900189877543,6.295369208430159,1.3090673765216398,6.566244703787459,1.2006031132180413,1.715147304597202
0.8839265846279765,6.768424010704995,0.9228566268879976,6.777085495590817,1.154453739589889,7.571697844034339,1.1616160809779197,7.3279933329665745,1.3749025130837609,6.291632462041616,1.2006031132180413,1.715147304597202
1.6531329813744764,5.883966614214878,1.4242419228281922,5.805961689290489,1.8262553780042268,6.534191385647,1.5108268679695676,6.472017619737255,1.6444739008326406,5.659086186829457,1.2006031132180413,1.715147304597202
1.658614681993836,6.607285981881323,1.4593640864481354,6.840257276032794,1.81976801928722,7.521823146840674,1.739461500718955,7.833294412674712,1.8808881749600863,6.518286895756855,1.2006031132180413,1.715147304597202
1.1409076047434192,6.807442892692351,1.132796523726914,6.219194567761255,1.348792308730358,7.794803419354242,1.446489040520487,6.847320716412395,1.5690986959435032,6.51790190216498,1.2006031132180413,1.715147304597202
1.622425579894255,6.249434527204676,1.45367867742947,6.054534763102367,1.856428198801127,6.9331642526021735,1.7509857641018862,6.736962223772344,1.94967881441668,5.859977609830147,1.2006031132180413,1.715147304597202
1.8050126721841269,6.073090928241802,1.363112536017745,6.066972672397935,1.9530437813706247,6.667199639196296,1.5893002188668688,6.532327437531485,1.667960127901858,5.900053342872419,1.2006031132180413,1.715147304597202
1.7208590613794292,5.881016485206999,1.344496465604137,5.858710498838594,1.9355481696652697,6.424244338071365,1.510438954534114,6.181803277838205,1.93683910561743,5.484155287331711,1.2006031132180413,1.715147304597202
2.159204240230832,6.044357848094276,1.7916279076323962,6.272991924847479,2.296398357835196,6.686436891287307,1.8314141107927384,6.71180457325268,1.999553056552572,5.862275186789107,1.2006031132180413,1.715147304597202
1.5539344583555688,5.801252848710031,1.4207734951118414,5.994037577773706,1.7507925688887838,6.463761076417183,1.4864577087227686,6.41240807478717,1.8240179270363603,5.654280237391412,1.2006031132180417,1.7151473045972023
1.0282815837093386,8.508031456076198,1.4442750505276123,6.480391342651283,1.289948481133388,9.719845146096947,1.7359085844569833,6.906032320556461,1.2452625956982306,7.706985994099898,1.2006031132180417,1.7151473045972023
1.2571959103346138,5.985421378212422,1.3725689489285626,6.240333958927824,1.5173536009687136,6.527495996912229,1.7690421838321733,6.695441138188367,1.5723472353589645,5.822660097969036,1.2006031132180413,1.715147304597202
1.4783568537352114,6.155059558300945,1.567057272721793,5.839990745855638,1.6643876472822736,6.690503992830326,1.7957334216033112,6.279608818995474,1.6713960280283744,5.800140604382391,1.2006031132180417,1.7151473045972023
1.2985652645114474,6.243526257969982,1.4753243082334926,6.092837276511228,1.5554904260071871,6.919229688543485,1.7252249473061545,6.442124322945508,1.6138520810301888,5.9209080674970185,1.2006031132180417,1.7151473045972023
1.495636486231122,6.611382544785073,1.403438905649908,6.578426523734637,1.6799741828059582,7.497649239362796,1.5801190591334435,7.539304003277347,1.8354900769454048,6.3535292087194986,1.2006031132180413,1.715147304597202
0.7270570054258214,6.131218968633448,1.131050512825664,6.075495825948236,0.9125153485455506,6.736965092944444,1.388148201465811,6.667977949093688,1.1621466657515347,5.873192253544231,1.2006031132180413,1.715147304597202
1.4331501038618275,6.236023010109049,1.3373180062749623,6.777951099785381,1.6255870547747713,7.095453747084515,1.6883224221693085,7.513176237267745,1.7297698223629585,6.218015034807438,1.2006031132180417,1.7151473045972023
1.5649206560645503,6.580526024142303,1.704920535825735,6.6481594264976085,1.7262840689714176,7.489336180164736,1.9621711029446276,7.235752351983179,1.7285437657894929,6.125344926681589,1.2006031132180413,1.715147304597202
1.2156353731289091,6.590381434059465,1.2808642853877743,6.338307863735444,1.4873138146708538,7.209126560197853,1.575456524177611,6.851504062310643,1.615697084701964,6.041488573676666,1.2006031132180413,1.715147304597202
1.104260286647627,5.819785651142306,1.4069072627663584,5.904241843944934,1.3036827047791535,6.409901251562298,1.64689903647917,6.56828200572462,1.4428205137652694,5.661426488171945,1.2006031132180413,1.715147304597202
1.02547259204727,6.651305648568659,1.298681207098149,6.670498777474065,1.300101180489072,7.257913591172353,1.368317009857133,7.35252326843138,1.3152581318157428,6.312607201818251,1.2006031132180417,1.7151473045972023
1.5036989840158508,6.786044283455637,1.5021684515302691,6.588172228135316,1.7279060265490698,7.48018559886531,1.6540076139180615,7.045372573078047,1.6678146572570005,6.31177702389795,1.2006031132180417,1.7151473045972023
1.4147746657105786,6.226313415629849,1.6165684798155395,6.3207444413903975,1.6007567762570438,6.977681462434646,1.791448637217355,6.846940247281588,1.825362301148315,5.941082630971195,1.2006031132180413,1.715147304597202
1.4244635441282794,6.963351547285409,1.703639562144887,7.060902455782489,1.5844128280217962,8.008963097148477,1.9885793185056857,7.763566353461468,1.6623762534990962,6.615326022810447,1.2006031132180413,1.715147304597202
0.9523719076021712,6.531880875446997,0.4821011071779539,6.880209608959337,1.230422141956265,7.141129391973004,0.9936140135727728,7.503907391407849,1.2299449033509628,6.391299725527452,1.2006031132180417,1.7151473045972023
1.3190232069628578,6.664637506762849,1.412251306978343,6.67758429378607,1.54366185420701,7.427446714371557,1.6560330436662496,7.154052076832757,1.709687960052709,6.185495827249753,1.2006031132180417,1.7151473045972023
1.756562069518912,6.45743021334177,1.4144389744169017,6.38280592185447,1.9758319086672491,7.244067286084793,1.6221222646864186,6.980754186496348,1.9022148540446715,6.343611450483111,1.2006031132180417,1.7151473045972023
0.8917861830343379,6.455189625435627,0.881404609537175,6.386514326437164,1.1158886933709984,7.235670139877287,1.1981270987982924,6.932668216487498,1.3025219273327988,6.061591041304595,1.2006031132180413,1.715147304597202
1.3898625093482455,6.250448717236581,1.6854124432093078,6.148961380581233,1.5429737000351569,6.914797267313016,1.8939876405699272,6.605778992049792,1.6704745623336577,5.805905402090777,1.2006031132180413,1.715147304597202
1.3888842947234663,6.948659299210915,1.5836713782125886,6.208310426108,1.61668556204879,7.834764600274684,1.8218863795017133,6.698440478366646,1.61142415227808,6.3315453803156885,1.2006031132180413,1.715147304597202
1.0963865136844468,7.465006184914188,1.18024390433173,6.525561073207905,1.2906897495504093,8.677399563119474,1.3427404517196,7.212984487855271,1.437391479960027,6.954146076125289,1.2006031132180413,1.715147304597202
1.346933700860936,7.021555850268046,1.43451515558926,6.357768788138292,1.5195197366060371,8.105881008445774,1.6606789109069982,7.363210723512582,1.5021716113903754,6.5619421640109685,1.2006031132180413,1.715147304597202
1.1248911768740353,6.312289028717449,1.353695235644355,7.285736273687907,1.331069162114176,7.09223727294841,1.41919187433515,8.689121156618636,1.5381019938952385,6.734452090267648,1.2006031132180413,1.715147304597202
1.9225607654399568,6.106396796300995,1.6316327635723815,6.339970687335164,2.101618648925624,6.778597113956367,1.8102370887032355,7.019736608112477,1.7738629816497085,6.085172212407077,1.2006031132180413,1.715147304597202
1.4597865083855284,6.418272494292982,1.4763693932469018,6.33897986448887,1.588226971367194,7.210795180421663,1.6171255395779442,7.000704375759842,1.6098872670872744,6.123963531764282,1.2006031132180413,1.715147304597202
1.1925410719350502,6.217838255490907,1.370186269570743,6.099823443876469,1.4237004877525925,7.009002263203149,1.432440228008509,6.581757841399303,1.6990634266430564,5.734758529883933,1.2006031132180413,1.715147304597202
1.298913825273535,6.383610021815779,1.4146618099555952,6.291638740539285,1.535877185946647,7.166601905029231,1.6000760450221876,6.886406007836707,1.5051437018539602,6.0300514177427615,1.2006031132180413,1.715147304597202
1.6943026928270235,6.755055473434859,1.666749494461894,7.025303770003744,1.8731811809499803,7.593994213444906,1.8356112414513213,7.683764005214829,1.80865526175607,6.459428486872236,1.2006031132180413,1.715147304597202
1.496387326043214,6.287620409871677,1.378819825650361,6.324250259377006,1.729583627108512,6.9923657572287725,1.641325856533358,6.893692173309417,1.641623439264663,5.778283056607099,1.2006031132180413,1.715147304597202
1.6548257211502166,6.238366169994187,1.535774649938136,6.27094361128844,1.8105153806764485,6.954806869895472,1.815698052019584,6.849103246064407,1.8027132656694187,6.018938113224536,1.2006031132180413,1.715147304597202
2.1271920019434023,6.318329893750348,1.9284341285337805,6.010966736714796,2.316451502142705,7.140517824120788,2.222974044614626,6.562063800733939,2.201499446756691,6.004072164739769,1.2006031132180413,1.715147304597202
1.6423525679160282,5.657235946004358,1.681473423899314,5.849735520753756,1.790071795597914,6.299645303218984,1.7284435019260218,6.387270129990879,1.8313249025679608,5.646802414384112,1.2006031132180413,1.715147304597202
1.786318448559864,6.51505653060589,1.398407848254292,6.830888421111207,1.96248339200034,7.386109262083994,1.498305816489867,8.078165779158153,1.6132733237639487,6.5950816969058,1.2006031132180413,1.715147304597202
1.253221189477311,6.397386340432668,0.9630817507526652,6.431113935340227,1.48715258276747,7.097332490488914,1.117313394672873,7.058523085817853,1.470656679338171,5.950800428383213,1.2006031132180413,1.715147304597202
1.4792713272635172,6.021324087653448,1.2102958002848996,6.256427832294771,1.6874363154037082,6.601038957854515,1.346340395963725,6.704842322823139,1.5967356354698157,6.180138148225239,1.2006031132180413,1.715147304597202
1.1786094789658028,6.157758280554156,1.0322448933932895,6.350072808351099,1.4086527508981816,6.847037611567431,1.42483133074728,6.835111629148099,1.437501024271358,5.975687674020118,1.2006031132180413,1.715147304597202
1.5793078599904886,6.137691280112025,1.4293047762863438,6.049928947304215,1.7897705633149827,6.812150173601079,1.588671184197537,6.409501746040372,1.9152009440229885,5.87748459979255,1.2006031132180413,1.715147304597202
1.1978417549179354,6.427005933005498,1.1292695477758894,6.633976826804335,1.3907993441349775,7.148981687225492,1.6912486519029528,7.214183675710497,1.3373507490848924,6.21108178944334,1.2006031132180413,1.715147304597202
0.8403030908048897,7.549776854669892,1.340812140673595,6.30841554579338,1.0582279652203097,8.725387437826534,1.657523594294256,6.761601113575362,1.388503727601296,6.962984059623828,1.2006031132180413,1.715147304597202
1.3880497107573242,5.990690174152012,1.495123738655067,6.060086966197655,1.5667511604845872,6.713543543719486,1.8007651199148882,6.445368583094316,1.7353955193406398,5.823854526789016,1.2006031132180413,1.715147304597202
1.7616820133783029,7.440339306958846,1.5891473741793023,6.487312584985519,1.9840392389783343,8.442790509312214,1.7517929132790715,7.177737554153628,1.875262032238412,6.812162296206823,1.2006031132180413,1.715147304597202
1.949975530959904,5.879166131594654,1.640008719580052,5.841652403252779,2.126982303147218,6.507710890894787,1.870500031313938,6.427613947104086,2.0004732118682926,5.725790093476093,1.2006031132180413,1.715147304597202
1.632858704416809,5.968168288989729,1.358191361181565,6.12230461669548,1.809165996502644,6.574262168400734,1.4533864374781382,6.5414510182832215,1.647339043515378,5.775233477668889,1.2006031132180413,1.715147304597202
1.345161552508261,6.434542740916388,1.1342040501808623,6.403529657524042,1.5586272940874506,7.229704546323527,1.439234112665236,6.8875150068281314,1.484351427858902,6.215416345756513,1.2006031132180413,1.715147304597202
1.1929886255501878,6.145697602750816,1.250214637538398,6.204681770759854,1.425732527659005,6.8098941732642375,1.3223007147065786,6.742789493487612,1.5022931657256828,6.164772070964178,1.2006031132180413,1.715147304597202
0.5674307481173992,6.830494798297618,0.522552968310153,6.69399480161801,0.7902936238570192,7.7555096111002,0.8969950447762804,7.181908574290521,0.9483392952952564,6.63432025042414,1.2006031132180413,1.715147304597202
1.9010047246420465,6.186177338539529,1.524655960251636,6.461300855194929,2.102086425426136,6.842102057973038,1.8432369872760237,6.952661813674655,2.0133906195760933,6.040771576542074,1.2006031132180413,1.715147304597202
1.5678530757068472,5.979182369645728,1.1906464727107164,6.140361572902772,1.727438529297332,6.746678161327695,1.546515473709995,6.481410623441692,1.4338667737650084,5.789427797186857,1.2006031132180413,1.715147304597202
1.8655019496148852,6.221825275660686,1.6075307310155953,6.042648770426221,2.036120820737803,6.997172806138169,1.8218230176406391,6.502512366400388,1.8572725740298448,6.000156993029072,1.2006031132180413,1.715147304597202
1.1410351476595697,6.475164712182845,1.1532162959339949,6.371372370282769,1.404484537997303,7.035985958383003,1.417840194255178,6.811214069420712,1.471947338709119,5.969791076890138,1.2006031132180413,1.715147304597202
1.6002133297116576,6.268479680294939,1.27480351220333,6.393222514693742,1.75958503060828,6.839755434289304,1.421914758105216,7.000311441668879,1.4499256069349762,6.117088467477727,1.2006031132180413,1.715147304597202
1.3830360332780225,6.567400844647027,1.517915757688023,6.699670665061851,1.5800485068040595,7.313480609570278,1.7282053913330806,7.156706090648092,1.5885446901918332,6.099139129576317,1.2006031132180413,1.715147304597202
1.776464879926048,6.781243743014284,1.9235750086531305,5.660607921473491,1.9749506141370656,7.662576076028044,2.01388076132438,6.277617735026684,1.8873219354071864,6.270295361777436,1.2006031132180413,1.715147304597202
1.085769347892192,10.236813945617332,0.8443922112068877,10.066460469977176,1.389013158654042,11.910894465539243,1.2306062680441878,11.507085471220952,1.3172850958712858,9.104734690744888,1.2006031132180413,1.715147304597202
1.070228960745366,7.457898995856942,1.139318587402563,7.509677390532924,1.3089182487662674,8.402365703029842,1.3587653636473405,8.769134666119042,1.4424827765249009,7.250425433965506,1.2006031132180413,1.715147304597202
1.039554486962319,6.2495666840557655,1.204383596017429,6.424602907928428,1.233945732642839,6.962483230356861,1.4489198634281304,6.755836684486985,1.453208447083851,6.196374333941127,1.2006031132180413,1.715147304597202
1.3390124881791394,6.589690095087501,1.132299469984855,6.5838260228150105,1.5575892933730215,7.258932351048397,1.3464949124106225,7.00703044902868,1.5500976541847196,6.145406610659062,1.2006031132180413,1.715147304597202
1.8562795681391997,5.796319514942343,1.4882323045829344,5.738929589356125,2.060149060093265,6.251774144722563,1.587359477497653,6.0812185551270055,1.8355005776585915,5.439292008215724,1.2006031132180413,1.715147304597202
1.5324613890366383,6.027525339328592,1.2751969070550335,5.9818143561995045,1.7504622021607703,6.520575916783714,1.5519409595384073,6.595799773786544,1.7045300200033675,5.804497021742595,1.2006031132180413,1.715147304597202
1.8239822287069825,6.369992305029808,1.6600770932482125,6.587080308399318,2.0393658049410552,7.1389373473954105,1.9721187880440525,7.337688307282619,1.9312815982638736,6.070963569700382,1.2006031132180413,1.715147304597202
1.7461762312575075,6.240833643978983,1.7652370019457115,6.323972286198743,1.9655846112074071,6.99328458224842,1.9337462751448464,7.256308760813675,2.0501824610765227,6.00992718363513,1.2006031132180413,1.715147304597202
1.4365633678121847,6.078663878989944,1.5628158474570206,6.155830969452588,1.6832488983681475,6.673580764233871,1.936893800772604,6.611388769233223,1.7625817096529932,5.853474258756325,1.2006031132180413,1.715147304597202
1.21991660177477,6.858787390420706,1.2718782028447375,6.097307420750817,1.411745823056944,7.715174477504125,1.6583175379891089,6.637179492710533,1.354536313288699,6.384584901288932,1.2006031132180413,1.715147304597202
1.8678030722890244,6.519509627671607,1.703525448873427,6.9621309288720985,2.055397535407991,7.221640123825827,2.089713660226332,7.536570120399853,1.957247819623824,6.254497681401644,1.2006031132180413,1.715147304597202
1.0948490762130194,7.953562218526968,0.8531060246717149,8.017983284368315,1.365866620564696,9.0568744031749,1.057869942353307,9.186139151554832,1.4963339967263578,7.281846734149261,1.2006031132180413,1.715147304597202
1.5565343264212568,6.361823989673805,1.608491306846935,6.1946891690016335,1.7830711770162009,6.944945125781684,1.86686387008592,6.866572123436943,1.5560949301068452,5.880830975518651,1.2006031132180413,1.715147304597202
1.2137355327578987,6.00351322121021,1.0839113244917429,6.329478155226432,1.4337945524228597,6.675643552153522,1.3877348348688898,6.885645013023394,1.266124567093301,5.896106919999262,1.2006031132180413,1.715147304597202
1.3931890909764957,6.071489286657716,1.3479693197167424,6.327431458712731,1.5848739474678482,6.694017359331951,1.57818406830293,6.907290539902481,1.4825458700474274,6.782426829054208,1.2006031132180413,1.715147304597202
1.4794386069726246,7.016094781556239,1.2448497515859658,7.134949715444187,1.702274996895991,7.987178944932065,1.5227667145330812,8.010924965228604,1.4964378135414294,6.665100059085838,1.2006031132180413,1.715147304597202
1.7459370823899236,6.475263477757305,1.637921861086604,6.4003506230338605,1.9395024594971275,7.287954644720805,1.9606872173725531,6.849065176437637,1.8112931772272296,6.202546935303806,1.2006031132180413,1.715147304597202
1.162167504772119,6.669925647478231,1.1731613293612373,6.8379012692049175,1.3981135486800806,7.422516734876045,1.4272607955590817,7.494868380714127,1.396910364495202,6.412036631975481,1.2006031132180413,1.715147304597202
1.4913756869707266,5.988740275641325,1.499542762747739,7.040595403337315,1.6582029272922878,6.616423607613818,1.7450376817422515,7.736517110550269,1.5375614761737275,6.401062874285114,1.2006031132180417,1.7151473045972023
1.485023409017354,5.814703911133613,1.0813052187423744,6.073114300181188,1.645510285362252,6.326299342543986,1.2713660128687694,6.665951408653722,1.650679184743272,5.600735693783026,1.2006031132180417,1.7151473045972023
1.0715894540045778,6.760638981119209,1.4904742666569295,6.588014565870964,1.309095450290683,7.627981095109276,1.6770891053497925,7.475093093100707,1.608491385535896,6.220059114191356,1.2006031132180413,1.715147304597202
1.5260827868541385,6.236920368175079,1.2658330103222166,6.428176133974645,1.728278228461062,6.863891402370291,1.501951756070568,7.169719008003444,1.5895602695254478,5.962938994037479,1.2006031132180413,1.715147304597202
1.6692059571311857,6.158248962356946,1.549248468525977,6.091943747001013,1.8648924678201149,6.777745548455057,1.722188544855808,6.3292275417547,1.8734311194217463,5.8024539971068565,1.2006031132180413,1.715147304597202
0.3879372142605257,8.748275560737264,1.1174651439964345,5.876531287554704,0.6005048440273525,10.188493069752242,1.4614229258410818,6.290539740514772,0.7454314949447363,7.883969201886486,1.2006031132180413,1.715147304597202
1.7116843046854164,6.149135583294059,1.4286600172413932,6.109452153898757,1.859653184949834,6.920421130739724,1.623927488275004,6.703484732744109,1.721234237169304,5.848478475731501,1.2006031132180413,1.715147304597202
1.738616556762805,6.350201601728142,1.5083810072116943,6.629308558912053,1.962286713102671,6.913926048918241,1.636800772465282,7.1819200060906185,1.76541314421436,6.369965960729328,1.2006031132180413,1.715147304597202
1.5508101400540233,7.0337151066600105,1.0767563193028884,6.989959315881727,1.7419516248900355,8.084793703956858,1.3645573438402037,8.35008169355308,1.6200295543995915,6.453538847655257,1.2006031132180413,1.715147304597202
1.690885731628881,6.448824621758111,1.707479990234677,6.500392922460272,1.8809175812074928,7.16303135651228,2.0695588264397946,6.795833929505093,1.723647756798986,6.331212256807453,1.2006031132180413,1.715147304597202
1.4027081555970005,6.929689070334166,1.7096783476347075,6.236132066995378,1.5976031557470238,7.759810484376317,1.968263727541394,6.876629366500065,1.7663001966054614,6.4186824538247285,1.2006031132180413,1.715147304597202
1.826151253368668,5.7695023652406245,1.6339895942861211,6.127110961713954,1.9746164512253723,6.428358011105952,1.682073858556176,6.745713218516745,1.8754384365065435,5.6420663120525125,1.2006031132180417,1.7151473045972023
1.4942773567728878,7.68471684609872,1.5358259060230952,7.807134711699891,1.7607521031561122,8.7689069175177,1.771869372078077,8.498908822925724,1.5174379777647495,7.441056529979664,1.2006031132180417,1.7151473045972023
1.8821243640741356,5.939495332327157,1.168636775201653,5.880705113409228,2.0764745759908663,6.527670925477513,1.2999372004768288,6.3536030933197285,1.7192524891244718,5.659819544926623,1.2006031132180417,1.7151473045972023
1.2929632962050952,6.444625648705322,1.551875730486864,6.475784110931532,1.4802828978466285,7.117236710109429,1.7640821000990277,7.083699767776376,1.3514493628927302,6.452845977686287,1.2006031132180417,1.7151473045972023
1.395178744479091,7.089413129302068,0.5797881213904768,10.495568992385945,1.6004316497754631,7.984143964429982,0.8866226956396218,11.370373994597204,1.3107820488645696,9.050225706543769,1.2006031132180413,1.715147304597202
1.2635962679900723,6.608225857078884,1.3897830551764268,6.038984852990238,1.4995132743931716,7.488157395501161,1.7415160814850212,6.595499727251594,1.410470412702919,6.323112667592315,1.2006031132180413,1.715147304597202
1.2206662997683786,6.278487737300693,1.0844173509993578,6.4109747213518,1.424853218400824,6.8976919841764985,1.3882303074344275,6.825117387401123,1.2241207015107212,5.913220848089709,1.2006031132180413,1.715147304597202
1.7528666503287624,6.798615450014564,1.80213276680086,7.026622130021614,1.973011331981842,7.6475966763697105,2.186350651973294,7.832738931975708,1.9375887531446396,6.443775754455972,1.2006031132180413,1.715147304597202
1.4359259086733884,5.896577955925935,1.3352095645640154,5.764721741585991,1.602152132293093,6.46844281426363,1.7246820360178434,6.039676051569493,1.6032159833751298,5.644239921841573,1.2006031132180413,1.715147304597202
1.1728832017722262,6.518364708088795,1.1801282669308533,6.556118298432717,1.348102476956395,7.381223319168438,1.3823008460749202,7.20035419504553,1.200063795990426,6.174484778912585,1.2006031132180417,1.7151473045972023
1.2125751713541333,6.432796456565277,1.557213547913879,6.179064415677501,1.4194548904375224,7.276498579569266,1.815842098636016,6.70286477142604,1.4994354942292214,6.155945917163724,1.2006031132180413,1.715147304597202
1.7140544377265554,7.038147732122303,1.877513846681918,7.218998020450789,1.961185274518728,7.970754480997715,2.252549724154455,8.379766188099302,1.778699938938289,6.567112223632478,1.2006031132180413,1.715147304597202
1.681742291950434,5.792829284214572,1.4198225787163146,5.953218216961155,1.887571481652014,6.422656949503399,1.5828002689171254,6.302005162389464,1.6322252276951066,5.688843400296178,1.2006031132180417,1.7151473045972023
1.3596790080762973,6.318311215175176,0.9604356583391712,8.139517415129092,1.558108373917762,7.114619878949331,1.1571395771703623,9.843268781981012,1.295201947387296,7.492325106134273,1.2006031132180413,1.715147304597202
1.6441723841887126,6.058124632355409,1.7028317894717595,6.20787400051019,1.826705773703709,6.612192203148119,1.9999940944107333,6.655126873256836,1.9451068325711511,5.71857907499518,1.2006031132180413,1.715147304597202
1.4731251867261692,5.921225487400479,1.5005119778906866,5.894437897897935,1.6711951517600232,6.49512607486104,1.956594582846576,6.323725023153434,1.751859054877406,5.693524113799167,1.2006031132180417,1.7151473045972023
1.2746519082396846,6.6403522891604245,1.3523538207580987,6.434483383489531,1.4621863056411448,7.499627480548028,1.4887816735199233,6.958765181020128,1.4500565890218255,6.215806726341087,1.2006031132180417,1.7151473045972023
1.247134149993215,6.26692271420595,1.4345788569005034,6.072892491131755,1.457715779701525,6.9774390256880165,1.677716211611773,6.497384667900585,1.5496191802657306,5.951446032769844,1.2006031132180413,1.715147304597202
1.567730722751063,5.729611979849693,1.275127863397973,5.759504248167332,1.711454967637383,6.138131194896633,1.2533770532502118,6.282990788930966,1.4820865816883142,5.536669201508,1.2006031132180413,1.715147304597202
1.4871002611805766,7.510755393525162,1.169136801303424,7.81233412435462,1.7480923290872796,8.502973491005642,1.6496631221156326,8.501106784682548,1.5471838346031204,7.007034484475194,1.2006031132180417,1.7151473045972023
1.4380193996155648,8.505978528051472,1.2066321676879994,8.372552646545753,1.645194048454589,9.633672218689345,1.3806129042833175,9.875148052607155,1.4659539608387022,7.530881693226952,1.2006031132180417,1.7151473045972023
1.8211596544719597,6.461184120807168,1.6475229943698009,6.356844557885798,1.9593917101829967,7.283804082856694,2.0236476852249563,6.980291458754846,1.7981012311055826,6.0680989814059,1.2006031132180417,1.7151473045972023
1.133948817208548,6.4584066338461845,1.0777664259266846,6.659797146136292,1.4019591720705806,7.079736771028396,1.4249827621596898,7.14116652476088,1.5337108946294569,6.301074666560728,1.2006031132180417,1.7151473045972023
1.9775894159795715,6.208673375467078,1.7929133841431877,5.776866534670668,2.1656199885922205,7.027376481102185,2.1114566376254955,6.184427609273078,1.964901835291992,5.988882312962994,1.2006031132180417,1.7151473045972023
1.5243664735448088,5.786788060413104,1.570449849310472,5.853129662026483,1.6965521975318492,6.493836238898206,1.7394873807260811,6.4592378824749375,1.6792782577664065,5.718160728229514,1.2006031132180417,1.7151473045972023
1.1449392763008546,6.07445261364576,1.307951518708439,6.016064546854015,1.3201015165691454,6.714089912549739,1.4394244998167829,6.582728102258371,1.3345981144611894,5.984894417839148,1.2006031132180413,1.715147304597202
1.1405666066761824,6.332872222666857,1.1214005118690975,6.209461020459711,1.3549404827468954,6.845679762987857,1.2208803891731828,6.836823626846451,1.5342291049181995,5.915066959465155,1.2006031132180417,1.7151473045972023
1.528315896432617,6.257766887979895,1.5492913768135628,6.129892887302913,1.7413019650493802,6.95675532296179,1.8151451118323845,6.655602865483275,1.7985799622909329,5.863639177340123,1.2006031132180413,1.715147304597202
1.9377021126768343,6.137690942492058,1.7976434814399658,6.326559108629891,2.092953012341017,6.777859591431911,1.8832975994128789,6.707369449997478,1.9863160489411704,5.908263110718553,1.2006031132180417,1.7151473045972023
1.1837286043259936,6.46182313775834,1.5392896507060578,6.005669769619674,1.3819610583594963,7.263638459323622,1.7428084092172569,6.195877240537747,1.5172142389355685,6.037648161135798,1.2006031132180417,1.7151473045972023
1.6016202847889591,5.94925476591422,1.5391687650934458,6.275474041855658,1.8084103320341571,6.713555899696263,1.7428067847214097,6.772644565736706,1.6520993194537947,5.98080237036309,1.2006031132180417,1.7151473045972023
1.82053201925902,6.303301557471334,1.4111550029830908,6.153930359998082,2.014226308058526,7.128615308983227,1.7251329860451847,6.670993571911088,1.905706684877712,5.950044980609813,1.2006031132180417,1.7151473045972023
1.5858028230444332,6.039947571716213,1.5969227467120524,6.130219893092071,1.7795522514679396,6.578931984352361,1.72604073530821,6.622128399801715,1.7776575981664218,5.854263945880835,1.2006031132180417,1.7151473045972023
1.2909081469731294,8.217020545421372,1.926878073867565,6.690903428527992,1.562357241478455,9.376783353541692,2.1078023981414438,7.204946515074832,1.892295386549644,7.531457060509958,1.2006031132180417,1.7151473045972023
1.1470877941942834,6.030245263027082,1.4195767858729105,6.1026183376666605,1.3206096005031744,6.752635059633242,1.6371097477109413,6.664638629046545,1.4166572687276755,6.0586657512186015,1.2006031132180413,1.715147304597202
1.3668442567617805,5.711533537076248,1.46882159529751,5.951240573197691,1.5378241193067588,6.267989754258786,1.5816724450896866,6.61410091655977,1.559926747164334,5.762912853659772,1.2006031132180413,1.715147304597202
1.1189270514331413,6.0033469319295705,0.9045565658741672,6.301236525219986,1.349075426814194,6.626739973544096,1.0298228930874382,6.804991612711546,1.1696575388650985,5.9921741832447895,1.2006031132180413,1.715147304597202
1.3481687697133395,6.068776490408591,1.5580815961826515,6.403954134046498,1.57906570704342,6.57812521447763,1.8441939898090656,6.796855132301463,1.542426095717892,5.880661019089555,1.2006031132180417,1.7151473045972023
1.6179692546643634,6.220776885561493,1.4435081432690728,6.381158401256758,1.8024678712809017,6.840918028999122,1.615025200742527,7.0906630144536855,1.624586407965954,6.12330668072424,1.2006031132180413,1.715147304597202
1.5547556226949326,6.179678034501003,1.5313533176347391,5.955347949417892,1.7814939709106492,6.710163083069459,1.735591569636241,6.487149912047926,1.8866679404916036,6.083370331138443,1.2006031132180417,1.7151473045972023
1.6769614557126862,6.18048626380285,1.6317117455505774,6.063465093981418,1.8996181983557576,6.883957618356874,1.6506363211614334,6.77249782614274,1.860173874401556,5.79045757237328,1.2006031132180413,1.715147304597202
0.974913156597844,6.011894247392327,1.2175585836158942,6.2152757653659405,1.2151377150945684,6.745753524386871,1.7407166244948424,6.5532707885572,1.4209921705177344,5.959273276682889,1.2006031132180417,1.7151473045972023
1.9145887484620852,5.911525105595576,1.6254838655367347,6.060639159795385,2.136412408769555,6.542197734416254,1.6431828105681856,6.753524489572567,1.7407330799285583,5.8050273510983255,1.2006031132180413,1.715147304597202
1.3253141081266722,5.934824487187573,1.0854313872399828,6.06893165843313,1.598452882211863,6.5107818830932604,1.5144851454425805,6.448234116885096,1.4611146910635764,5.835353999830562,1.2006031132180413,1.715147304597202
1.6930719835031007,6.357648193665744,1.757133968464089,6.187425616893084,1.851881646972579,7.16107786604729,1.873842146114796,6.665273029401916,1.930742687816419,6.199222938166507,1.2006031132180413,1.715147304597202
2.0621260787665343,5.9248787995478,1.795289084195298,6.000249432270096,2.2575943060487464,6.583342163330323,2.0140744488580307,6.408756457513971,2.0581633063205538,5.718793646556542,1.2006031132180413,1.715147304597202
1.3015915666649556,6.412452242427778,1.1110189649663833,6.372653109517372,1.5773210732457132,7.060619509927349,1.499533063009675,6.888984675957637,1.4575437101610098,6.0277997731831485,1.2006031132180413,1.715147304597202
1.344696201558961,5.902979906842987,1.3507928931335655,6.090056028651784,1.5077744971909204,6.531570487535601,1.4599252015385795,6.50454302796384,1.6250116713687086,5.660850932972078,1.2006031132180413,1.715147304597202
1.1772040004589734,6.874391724687539,1.4132594807438252,6.3384784228464754,1.4144434733423057,7.737208474478553,1.5782200431333555,7.127584818275694,1.6710845170813446,6.221659394391136,1.2006031132180413,1.715147304597202
2.0514576882029254,6.135362789007222,2.050423163273982,6.594360568763873,2.258071127166611,6.811335688627141,2.016400086679434,7.245272625037073,2.2518659579688896,6.131402602263312,1.2006031132180413,1.715147304597202
1.4950777501851775,6.3422328951369495,1.659520649797169,6.334775139988919,1.732349023337636,6.91980124396878,1.8412294016387167,6.806806979856452,1.7646165739883857,6.07188045514848,1.2006031132180413,1.715147304597202
1.0260432197721046,6.284096979490227,1.375019624386451,6.28638009694462,1.2203061997612357,7.144310413346923,1.5974031073487724,6.883951924737345,1.4013595801752436,6.123157612022466,1.2006031132180413,1.715147304597202
1.3699065368223278,8.342087404757475,1.2115183355860792,8.245155767419577,1.609242223635521,9.573014370091917,1.4221476064514478,9.995112814608042,1.6828528966058678,7.439052797465703,1.2006031132180413,1.715147304597202
