m_obs1,sigma_hat_obs1,m_obs2,sigma_hat_obs2,m_ipw1,sigma_hat_ipw1,m_ipw2,sigma_hat_ipw2,m_full,sigma_hat_full,m_var_oracle,m_var_mcar
2.137111079529631,1.0226359684455113,2.145857192278505,1.037537459208559,2.155906312881795,1.2063934976619055,2.1171498878622232,1.2377534261098804,2.1531328112467825,1.0123437151847967,1.0724553383959836,1.5320790548514052
2.079379155481273,1.069393052069549,2.0383199071900293,1.1093959187858244,2.0982728816400606,1.252211240706176,2.0827964070043423,1.2786120757094894,2.080450625475157,1.075750038585424,1.0724553383959836,1.5320790548514052
2.1027794525751764,1.0524616214720928,2.099533757254153,1.0420729162797364,2.1243635302280475,1.2382416475374054,2.0997629600036825,1.205183569971773,2.089928681811984,1.0451753242611044,1.0724553383959836,1.5320790548514052
2.1608787208584435,0.9970693810682252,2.1938442376256138,1.0623798421117994,2.1764086976417896,1.1769256269993875,2.1982411393315293,1.256054937730092,2.183221835646324,1.0569817849303274,1.0724553383959836,1.5320790548514052
2.219731532874983,1.0232246020203648,2.1331887892674044,1.037837811957074,2.2382512526973493,1.2021839575823534,2.14269978978403,1.2563677629989265,2.1872290031101427,0.996819658224224,1.0724553383959836,1.5320790548514052
2.116829502786959,1.0093601583509006,2.0948222941135968,1.0155171297337116,2.135145390263308,1.1897906863983831,2.0899280719491315,1.1832455099467307,2.1166040635864105,1.0239302999115096,1.0724553383959836,1.5320790548514052
2.0689643545999874,1.0687343975281716,2.071293128566168,1.01927931771494,2.0899675344777746,1.2541538461243045,2.0690622682141133,1.182754151017467,2.1042143418419776,1.0270891927986558,1.0724553383959836,1.5320790548514052
2.1123020926271785,0.9691030454866116,2.110336019615538,0.9889744237552024,2.130082217809869,1.142638829761224,2.1294026978396525,1.1604824417732955,2.105831170402709,0.9773016338734232,1.0724553383959836,1.5320790548514052
2.111076699250304,1.0818219119603942,2.156196809001448,1.1537014305849134,2.128524940066685,1.2746666214797495,2.176378604363673,1.354714673888202,2.1503541419521914,1.074117857474982,1.0724553383959836,1.5320790548514052
2.0990924512705127,0.9976489220638024,2.0759578660934555,0.9413539834304632,2.1181312703851103,1.1761152849252845,2.096801145474861,1.084008269194312,2.1276122391091787,0.976559508100302,1.0724553383959838,1.5320790548514056
2.1240433099804,0.9517144133904124,2.089568850806846,0.9993211400608836,2.1413850078114915,1.1210011509826343,2.106119270219932,1.1528613418792997,2.11410003522915,0.961071338358485,1.0724553383959838,1.5320790548514056
2.1233090735665057,1.0206461457886813,2.107139999810413,0.9920642672348454,2.140385546087374,1.2030168436797375,2.133490619124286,1.1680092512632427,2.1305643075577665,0.9953629083322796,1.0724553383959838,1.5320790548514056
2.1272798067919627,0.981993953570408,2.122655930934519,1.0300395919571137,2.148496632262425,1.1498496552601196,2.135741614690813,1.2352133640656875,2.1567247793875914,0.9907855900110432,1.0724553383959838,1.5320790548514056
2.1520093795501776,1.052486354316141,2.14357899759375,1.082666136627087,2.1696857085111283,1.2413547512007153,2.178269689143404,1.2864336308906166,2.165571001068997,1.0517899572061975,1.0724553383959838,1.5320790548514056
2.141509279625254,1.0593200377231156,2.1847445318558147,1.0569089468820962,2.15849779927505,1.246226804149827,2.1782767680022976,1.2251749325642736,2.156150462366718,1.0388133620642774,1.0724553383959838,1.5320790548514056
2.1685654813765685,0.944741243859251,2.179742621132228,1.016905478569163,2.1843319522038467,1.107098918029442,2.195735876101119,1.186550033539375,2.171588988796018,0.9844799459629158,1.0724553383959838,1.5320790548514056
2.1600376476824743,0.9792983501700798,2.143258932150476,0.9194206263888666,2.17901228985452,1.1544611634589286,2.1796125198556666,1.0704267926446307,2.159946694563175,0.9575788593190316,1.0724553383959838,1.5320790548514056
2.093355904389424,0.921926562549986,2.0757190566995445,0.9713917048577072,2.112252727874785,1.0885065518830992,2.087311395922556,1.1547374848473533,2.115140722107796,0.945180238752527,1.0724553383959838,1.5320790548514056
2.06569328365788,1.026109632003809,2.100901650405227,1.0386766188497716,2.086652879740636,1.207783713642623,2.108041336318108,1.2240504243560462,2.1118505208372875,1.0161168598556984,1.0724553383959838,1.5320790548514056
2.132780909878584,1.056484121918868,2.1421195658238497,1.057011561031672,2.15161080481845,1.2464610184872915,2.167187039799113,1.250565081820041,2.147077124082703,1.025724191964524,1.0724553383959838,1.5320790548514056
2.121163537294838,1.047684825082223,2.0714087829206327,1.0221336362437576,2.1377873330413597,1.2359081777758758,2.09049806641549,1.2063043612002706,2.122261509255411,1.0667992487212117,1.0724553383959838,1.5320790548514056
2.147114690464219,0.9370707812316807,2.099975859658044,1.0015930236869577,2.1616112474276017,1.1065116982250862,2.118890260365893,1.140556341402816,2.1350972649559647,0.9478190555512812,1.0724553383959838,1.5320790548514056
2.181963497172984,1.0411744056092362,2.156890066128786,1.0252248912424444,2.202858800474029,1.2275875830089014,2.192691714927692,1.2308963588349515,2.189087192529683,1.0346644293777365,1.0724553383959838,1.5320790548514056
2.145825495668708,0.9915660537892114,2.151518346561771,0.9674758232267564,2.1618324211905806,1.1678182266877613,2.155546822662699,1.15525014457578,2.1821013556631788,0.988967303767084,1.0724553383959836,1.5320790548514052
2.1429435581114458,1.0340297283882047,2.140037427292336,1.0764992976881445,2.160319477397427,1.2204881205451148,2.1440282666443,1.280563309650216,2.152218617792067,1.0334299037319683,1.0724553383959836,1.5320790548514052
2.1525089016579337,0.9761289145251408,2.1337475085979305,1.008095015702418,2.1694473260559364,1.1525320569415545,2.166197730050524,1.1984735749892592,2.1350382867550297,0.9920141428570788,1.0724553383959836,1.5320790548514052
2.163106639053836,0.95169620951361,2.116514271504156,0.9176841571006112,2.1788107524900595,1.1226080512484788,2.1227224158659226,1.0898836573805135,2.1596088152008317,0.9588421104695436,1.0724553383959836,1.5320790548514052
2.121521773177984,1.0610200266000591,2.157576982722599,1.0257443363665029,2.143980887071479,1.2506122615073925,2.2021276620419106,1.2032958410537449,2.148708499117728,1.0340324959288991,1.0724553383959836,1.5320790548514052
2.054648983888275,1.0658396941659647,2.129296983708765,1.052435363842398,2.076829775427136,1.256004750022205,2.180548397371792,1.2786515586991858,2.119279373736333,1.0229809969917,1.0724553383959836,1.5320790548514052
2.2179104152597904,1.0079905462934389,2.149497169583375,1.007670708047062,2.236446736561729,1.187348356615894,2.211588665589013,1.1622882588713963,2.190738884440924,1.0167591254170814,1.0724553383959836,1.5320790548514052
2.139421895389261,1.0535340939406257,2.1080449638662864,1.0316102623455836,2.159716142569107,1.2421887721803628,2.1244547452243667,1.2186955596303073,2.155353848994509,1.0087166843167854,1.0724553383959836,1.5320790548514052
2.052554507152974,1.0422274330238084,2.063769133600557,1.0599387500247002,2.075205443525352,1.222979565694715,2.06623641082902,1.2729515063282637,2.0944353403503944,1.0234949231583923,1.0724553383959836,1.5320790548514052
2.1431988783274125,1.0222421189630455,2.139771722926028,1.021879186646041,2.161223013483596,1.2054737345663138,2.180589456608545,1.2043474620906136,2.155971212285782,1.0195935497406443,1.0724553383959836,1.5320790548514052
2.071227693016761,1.167869560170532,2.1101489086396903,1.1171947949016248,2.095010745292969,1.3736680503334409,2.1219755395828312,1.3078910022389196,2.115922121727745,1.1165300460045693,1.0724553383959836,1.5320790548514052
2.0767234673427226,1.0094441122750162,2.078005247274763,1.0359834393726886,2.095988191019598,1.1854556338656277,2.0926497256788648,1.2395697380644657,2.1085684716638444,0.9994105931260616,1.0724553383959836,1.5320790548514052
2.0787250222688454,1.0390003895946605,2.086446541898757,1.0806005167266364,2.098770439091155,1.2223391081275137,2.1014004169453337,1.2756890732331496,2.0825305814713704,1.043421053919798,1.0724553383959836,1.5320790548514052
2.12705196371724,1.065265333049069,2.140132974038231,1.032077374919028,2.145899070302714,1.2503026983435024,2.14912191260805,1.186791704804092,2.161244326760334,1.0042904644035966,1.0724553383959836,1.5320790548514052
2.063622488177118,1.06326039827811,2.0614680189753463,1.0470168972200975,2.0841774977803307,1.2526524715658638,2.1146818715301205,1.2193854085495104,2.1318026505018786,1.0541193286043609,1.0724553383959836,1.5320790548514052
2.1843298247198826,1.1334783439695717,2.11264846607537,1.055393619636328,2.207862583389982,1.3322524406096237,2.150795327655696,1.2509422171929951,2.1430327762613293,1.0919983052090236,1.0724553383959836,1.5320790548514052
2.181262521824283,1.05022766082864,2.1380421680162898,1.037469403140681,2.201375811900684,1.238467922829392,2.0934434720293718,1.2725639040424042,2.17135610212838,0.996317450462002,1.0724553383959836,1.5320790548514052
2.1327500594691773,1.0972806238721051,2.118136553162082,1.1251922186850956,2.1528312000324967,1.2931969273907031,2.1246317728458965,1.3426185565708928,2.152627902865652,1.0881487121199676,1.0724553383959836,1.5320790548514052
2.145116968815055,1.024827105110541,2.0989322112909345,1.0211588013934636,2.1617893110324777,1.2099338790945615,2.1300413620765486,1.2114829751060592,2.125416136835617,1.021164394183353,1.0724553383959838,1.5320790548514056
2.1510935299895677,1.01606850388315,2.176428865105491,1.0012003733989463,2.1672568662382745,1.1978938152448182,2.2197666613978777,1.1602751677140473,2.1519395007398425,1.0053553562015525,1.0724553383959838,1.5320790548514056
2.1248077677175194,1.0612454221592749,2.1183500321883875,1.07682346276154,2.143655268852117,1.251840703967018,2.1255308769641656,1.286116326400236,2.134057598108409,1.067565624253629,1.0724553383959838,1.5320790548514056
2.1254243912527646,1.0541724335958698,2.1446589182158946,1.055193313014968,2.1459645040861783,1.2383152805132045,2.1780493780690464,1.2746158650718995,2.1444059620307243,1.0557668581822366,1.0724553383959838,1.5320790548514056
2.1329700955091853,1.108540538173434,2.114278260593284,1.0937332231715768,2.152734529902665,1.3069502328109448,2.1462980340368905,1.2799505468931442,2.129613245065164,1.0743525644012135,1.0724553383959838,1.5320790548514056
2.07726669067671,0.99393422897678,2.0364529115787318,1.0197266458571648,2.094218892873905,1.1701541819958403,2.065826315031944,1.2057407672972704,2.074874514610197,0.9823463739863624,1.0724553383959838,1.5320790548514056
2.0628088748767066,0.9607757008070203,2.0812499436494147,1.0808532043510055,2.0768908392741947,1.1281633478781563,2.1297304704485462,1.28663160655569,2.102190829975996,1.0399941369398622,1.0724553383959838,1.5320790548514056
2.104323132522099,1.0120409922582525,2.1206142735285427,0.9929688575245244,2.125247398582,1.193171523656046,2.139600826594145,1.1801657298667578,2.1401671570438983,0.9675980897216224,1.0724553383959838,1.5320790548514056
2.143313129324077,1.0545582304657042,2.124643757751828,1.0235558983186142,2.160713994676424,1.2435196479972783,2.125049244308768,1.2074421782954052,2.142523565221728,1.0169724289078863,1.0724553383959838,1.5320790548514056
2.1337420831164304,1.039996025211229,2.1257289631240903,1.0000123825124905,2.1534897641598043,1.2261392643281477,2.139825876311983,1.209310793886727,2.164194237492985,1.0151055669702918,1.0724553383959838,1.5320790548514056
2.114542467509413,1.0152353257237683,2.1131931867201104,1.0263458681295077,2.133802683459075,1.1919149772947837,2.1359787788271767,1.2494903183795192,2.1397167242763047,1.0173452317285174,1.0724553383959838,1.5320790548514056
2.144498994232415,1.0405820677204456,2.176797982299771,1.014517130748534,2.169575833514249,1.2255875655515722,2.229998955817025,1.2062794989761758,2.155236417135264,1.0315943862416517,1.0724553383959838,1.5320790548514056
2.0929943428545625,1.0613795961070074,2.064457222611166,1.0283045357045013,2.113590254148697,1.246164594943787,2.063935099984015,1.2221890816004604,2.1150674862120438,1.014659410983923,1.0724553383959838,1.5320790548514056
2.103357594879407,0.9987760447419212,2.097023571932874,0.9974395955414036,2.122949335645294,1.1709273095317367,2.1009712074859297,1.1950764601985038,2.1509168537186723,0.9655581921311422,1.0724553383959838,1.5320790548514056
2.1428437622524696,1.1202466997775231,2.1462727875713585,1.1019391089631778,2.165041071956505,1.3225146750174912,2.181322166176172,1.3439768659878155,2.17368021471131,1.0783433339844612,1.0724553383959838,1.5320790548514056
2.1912563742515467,1.099095330530352,2.1786120994340084,1.0830691908834889,2.2106125146375484,1.2954491479658723,2.180060647014292,1.3101689320808512,2.2017796068135027,1.0476344797344106,1.0724553383959838,1.5320790548514056
2.100809908942196,1.0293916159169594,2.155805479176067,1.113133915534263,2.1249387033230267,1.212738503912146,2.1878686755369787,1.316289746654008,2.15442336133534,1.0366806991962731,1.0724553383959838,1.5320790548514056
2.0764263302200257,0.9586760372924162,2.11342968649381,1.0200172014461713,2.095471044986096,1.125024195942316,2.144835315698543,1.2075921117478172,2.110691639088768,0.9685766940099044,1.0724553383959838,1.5320790548514056
2.1954616655335664,1.0795522749207738,2.1742460291789176,1.100834269504415,2.214311640149881,1.275202351090659,2.2331186965765983,1.2977294699078263,2.193151867651804,1.0590219719144909,1.0724553383959838,1.5320790548514056
2.110354559945039,1.096243942624772,2.1487977751866483,1.0742553675408126,2.129855947777357,1.2928102112993802,2.155144606006119,1.272162169306342,2.154629176666021,1.0231473489993952,1.0724553383959838,1.5320790548514056
2.0866595480627868,1.059325996931714,2.090890919253651,1.083974821719894,2.105224574403786,1.2476360839224403,2.131365247011292,1.2860869244915134,2.1268393897452027,1.0537376827841978,1.0724553383959838,1.5320790548514056
2.131741924643137,1.0901110550878148,2.115070214172992,1.0104323277310647,2.1541052812368795,1.2862758292442464,2.1863300860991237,1.1886307087058563,2.1601244193612548,1.058510240035224,1.0724553383959838,1.5320790548514056
2.197554843646313,0.9886441256486151,2.1717834571955588,0.936367062407114,2.2123785974670187,1.157529366598496,2.193871556413821,1.096538932219986,2.198805844020082,0.9736198936122774,1.0724553383959838,1.5320790548514056
2.1269051002118733,1.032225755405063,2.092160020470573,1.008785957934069,2.1436746047799904,1.2189961707948334,2.117970669836059,1.2357333289155163,2.138256737909837,1.003812875758488,1.0724553383959838,1.5320790548514056
2.129648545583998,1.0951861356128725,2.0993675467831965,1.0630666417036865,2.147148119696596,1.292276534708264,2.1312716723977148,1.2159105046857763,2.1487660679404783,1.0397670709581852,1.0724553383959838,1.5320790548514056
2.158910066667956,1.040500183674938,2.1348829965391034,1.061213900713724,2.1756062089907706,1.2267713358371108,2.1473486169657594,1.2544051168439168,2.1403054652097886,1.0283363352562067,1.0724553383959838,1.5320790548514056
2.130863496851998,1.0455775290562734,2.1550933359675444,1.065360226765686,2.152443422508694,1.232921207938515,2.163428992085524,1.264157255289424,2.182659119612812,1.0399206865361983,1.0724553383959838,1.5320790548514056
2.1489196760121363,1.026959446342442,2.096874493885972,1.046604339473869,2.167928539706589,1.208744203658336,2.120197067656362,1.2359934095289051,2.1361867261668257,1.035648372689176,1.0724553383959838,1.5320790548514056
2.101139799843627,1.2084285558522103,2.13247387189664,1.1209875631222856,2.121762526166317,1.4221319125949514,2.1467885389150343,1.324771151450444,2.144999862492502,1.1271745353527176,1.0724553383959838,1.5320790548514056
2.100665381765465,1.0866802840777623,2.111810540328144,1.0925141672466638,2.1221220168664767,1.276802088265375,2.064245791751802,1.268328851428918,2.0910487378384874,1.059280562429605,1.0724553383959838,1.5320790548514056
2.106627022518381,0.9725941570042832,2.1237925573412357,1.031230087351177,2.1224206038038647,1.1404828103547713,2.147717265212114,1.203184614377611,2.142598130900946,1.0080438034477706,1.0724553383959838,1.5320790548514056
2.094960454213964,1.0210332905176314,2.190655230971368,0.9609290563553264,2.1122347396989927,1.2030616407128076,2.1807303126927544,1.1718671550432809,2.1618016880980147,1.0181750881029763,1.0724553383959838,1.5320790548514056
2.090024747382855,0.987489599745088,2.130270321086376,1.011880820175421,2.109110600019963,1.1642274978897351,2.1501087384272517,1.179163769365835,2.125665667787843,0.9877714559821892,1.0724553383959838,1.5320790548514056
2.13392643258326,1.118222823132803,2.106817894905753,1.114854293109606,2.155542740933021,1.3179687932893522,2.136664608231867,1.290809893798683,2.1637895241269947,1.1165912658744828,1.0724553383959838,1.5320790548514056
2.1314405266790644,1.0065622293234058,2.060653751491526,0.9653410548178752,2.151470709886701,1.1871911497365752,2.06596063952536,1.1379736378762204,2.134183861231535,0.9776433193319016,1.0724553383959838,1.5320790548514056
2.147852282086506,1.0331565444505948,2.110338377037266,1.0035363107679307,2.166850216066916,1.2116137233916784,2.125193030128477,1.1878589659957828,2.151953852159006,0.9917255033745848,1.0724553383959838,1.5320790548514056
2.063663180890532,1.0897346413960716,2.107990081371147,1.100893255134392,2.0829983873121765,1.2806807537821594,2.1586306033401894,1.3318859929273192,2.099573832501734,1.0550254397632524,1.0724553383959838,1.5320790548514056
2.1697185786471143,0.9552187353929849,2.194163001120746,0.9794712696926232,2.1879591881304097,1.120191786734943,2.22867233315837,1.1638209037274394,2.1991564715787777,0.9547573603018028,1.0724553383959838,1.5320790548514056
2.1244542553248924,1.069093805720741,2.202238203072509,1.035090497489801,2.141746303917289,1.2632254898014972,2.251213371306841,1.228171413659631,2.1734114219342664,1.0459429599168542,1.0724553383959838,1.5320790548514056
2.0953887414550403,1.0303558782713265,2.0965056297550664,1.0725855460897549,2.1131604246430573,1.2153780520437854,2.110837298624413,1.2449647989251416,2.107287562981885,1.0161528774805666,1.0724553383959838,1.5320790548514056
2.1275813596637416,0.9634072409305288,2.0859786289367857,0.9930316036881842,2.1459057813500437,1.133653346300056,2.081244740110843,1.1410560798770082,2.12947191528666,0.9768748612305044,1.0724553383959838,1.5320790548514056
2.1376414792046234,1.0511621532123476,2.180146264801769,1.0200644105699683,2.1535591772759903,1.2396696480844025,2.1964926924222663,1.2240527443783396,2.165422030829298,1.0269800939908464,1.0724553383959838,1.5320790548514056
2.0061479227612584,1.0545942440285263,2.010148360233348,1.05922904426686,2.029286455859625,1.2402297959113182,2.046358769404903,1.2426855419957274,2.0526187259101816,1.0268383010459396,1.0724553383959838,1.5320790548514056
2.19406360961878,1.0203569628867386,2.2085841698869,0.9978116102732832,2.214463040257388,1.1981537186654792,2.236886154413875,1.16107168644879,2.203492717567693,1.0057505685884571,1.0724553383959838,1.5320790548514056
2.181444083246598,1.0302017123650336,2.189886679950601,1.0510701582342077,2.1962968275788493,1.2162632491365126,2.2267703789032938,1.2435629478578756,2.189459515249745,1.0206648598690498,1.0724553383959838,1.5320790548514056
2.0801375615327,1.0065410577763445,2.0505661276759994,0.9911196781684966,2.1041628002868067,1.177073690190393,2.12281761360873,1.2020342502694552,2.0999028149739973,1.00728575275607,1.0724553383959838,1.5320790548514056
2.1556227253842715,1.0344389430686902,2.132575890528875,1.0412252357624625,2.172850742505448,1.2183626402221728,2.174491633958886,1.259517913740496,2.159548501431192,1.0360539221186582,1.0724553383959838,1.5320790548514056
2.099782518166849,1.0711858195692112,2.109641747051624,1.0517293143804722,2.1173551055857005,1.262798488184324,2.113281935880434,1.2391192357957224,2.1006191396755605,1.043607437399103,1.0724553383959838,1.5320790548514056
2.089097870939648,1.089719910428158,2.119940519913589,1.0746874919747782,2.110638459756544,1.27389431784451,2.15412647596989,1.2678188849490069,2.135687593659882,1.0653048205662614,1.0724553383959838,1.5320790548514056
2.1399471996004222,1.012333360544738,2.120673704264224,1.0696992849939,2.1637733505596453,1.1908075347705651,2.14756323315068,1.2535078419797192,2.1387683858982145,1.0137031419449554,1.0724553383959838,1.5320790548514056
2.11120893719192,1.0554605715356866,2.1257502325127904,1.007949284992609,2.1294421408851174,1.2453696724069765,2.1351720322672016,1.1662277075430132,2.127205093946548,1.0221828315774906,1.0724553383959838,1.5320790548514056
2.0881040036520027,0.938807207694906,2.0590979975650243,0.9697983086724596,2.109908509306318,1.1021336220908688,2.066295387976685,1.117884885642574,2.123117390124604,0.9369321391436082,1.0724553383959838,1.5320790548514056
2.121253524910741,1.0591262262364003,2.1001258484367105,1.000305149784296,2.141782620258671,1.2473418001211452,2.141815179918717,1.18511563780814,2.1413106724654143,1.0122674799145317,1.0724553383959838,1.5320790548514056
2.1896197962726465,1.0095123783884177,2.166778588746196,1.021992331940541,2.205390827091516,1.185374187323672,2.200800677921779,1.1658463266919952,2.192569951111707,1.0032551210204537,1.0724553383959838,1.5320790548514056
2.1526223324083418,1.0516644156809898,2.152473020069168,1.0711250870347977,2.16391409625774,1.2405989038604686,2.1544558756695027,1.2621209008308811,2.152400716473815,1.0677039541777582,1.0724553383959838,1.5320790548514056
2.126671713652688,0.9503441392903492,2.1104855269332767,0.9371095824968264,2.1459866592435857,1.1216099812123344,2.124510871820308,1.1125364634062156,2.148615208248066,0.9500935865573142,1.0724553383959838,1.5320790548514056
2.1768889004793364,1.0479066816253673,2.14307857100883,1.0737956737063057,2.196075041085495,1.232149907423309,2.1448451026132798,1.2554769145886115,2.1915001234324434,1.0696252308547871,1.0724553383959838,1.5320790548514056
2.109462097660838,1.0189789599157884,2.078008012458937,1.0356349695310767,2.1289509976179657,1.1983860361260423,2.105576865776713,1.2155460728386471,2.114629647044176,1.013405829455421,1.0724553383959838,1.5320790548514056
2.095335945158121,0.9935356494825566,2.124544111739784,1.0295345391311026,2.113718549240213,1.1676727829267142,2.158647345052016,1.2420818071011712,2.09000485964254,1.0181893089432628,1.0724553383959838,1.5320790548514056
2.1270387818485603,1.0573508736636026,2.1083588440731247,1.0669320750775155,2.147032904956776,1.2441711182500734,2.105100227212699,1.2396688499917297,2.155486730370745,1.0173906170918707,1.0724553383959838,1.5320790548514056
2.1390221513624064,1.0815514681461764,2.1516815809458367,1.064632476496432,2.1603381180586925,1.2767269154062812,2.1907488647943065,1.2334348369971042,2.174149491391071,1.0605004891431633,1.0724553383959838,1.5320790548514056
2.0355223298086864,0.9405280991882832,2.100012984228322,1.0075484978887868,2.050956711322009,1.1091693231625137,2.143609593800192,1.1673044745496164,2.096377325457745,0.9644965934354068,1.0724553383959836,1.5320790548514052
2.0498274655166573,0.9772150305477278,2.1197343047910198,0.9555413999138742,2.069802397615667,1.142218510005258,2.097758353875184,1.158208356373812,2.126739249551709,0.969365409263316,1.0724553383959836,1.5320790548514052
2.1973261763698946,1.1220763670888334,2.1663959006355955,1.0930611235005003,2.21587929837452,1.3241251124951274,2.187290734959343,1.294293106203314,2.213981575328576,1.0993328815315575,1.0724553383959836,1.5320790548514052
2.105372967694631,1.0496684745933968,2.0941868878305554,1.0384179905724924,2.1205645706333693,1.2397435073334522,2.1227324288510907,1.2180724956599474,2.153999684642297,1.0182780443190689,1.0724553383959836,1.5320790548514052
2.1087937730459965,1.0739590129494323,2.146380443454027,1.0431636041677212,2.129217805156549,1.2639450373875596,2.1791101131178303,1.214825095849844,2.1530270750162632,1.0595301798846584,1.0724553383959836,1.5320790548514052
2.2275970847941533,0.964079221462354,2.14798262086997,0.9886341096835102,2.2464016298985165,1.1337460574347848,2.179330290079638,1.1549475726812588,2.1781531155272797,0.9615396732997836,1.0724553383959836,1.5320790548514052
2.154702138042202,0.9879034870880696,2.101133597781458,0.9387059554926804,2.1776177185935914,1.1597797823891192,2.1160296375325105,1.1168848176588184,2.166281127079225,0.9488684877829452,1.0724553383959836,1.5320790548514052
2.176380972965916,1.0218583025516388,2.18333072364919,0.9892679949388928,2.198682609085638,1.2033907014584764,2.2048281639766154,1.1525571472978993,2.193972039829892,0.9859818622100844,1.0724553383959836,1.5320790548514052
2.139363729957281,1.0483963995179135,2.096497365761847,1.0730939959663155,2.16232602717383,1.236041326874569,2.1422636388261376,1.2807212785578237,2.1598510338093986,1.046327596115926,1.0724553383959836,1.5320790548514052
2.1001491753333656,1.004761445272314,2.105476635879254,1.024617088480536,2.118560828597895,1.1790842086406796,2.1316050586922635,1.2236771715522157,2.139752598613409,1.0083865644057086,1.0724553383959836,1.5320790548514052
2.138861395514302,1.0692205670594632,2.101320890023437,1.0695894044004022,2.158130389787685,1.2620742273364152,2.111161212615343,1.2596901950469914,2.159339737409267,1.0612235148164135,1.0724553383959836,1.5320790548514052
2.1132918068543782,1.019453043964579,2.097125202743056,1.0177441088724777,2.1312655672556287,1.2055414702151452,2.1233647582863813,1.2037140965189572,2.131777776787807,1.015444273516786,1.0724553383959836,1.5320790548514052
2.125998514836154,1.0160841336778563,2.1589133195549888,1.044463067853438,2.1459999707359545,1.1973078088025857,2.176399528684692,1.2452044914152796,2.1508692191867858,1.0280989416444244,1.0724553383959836,1.5320790548514052
2.064771910462256,1.0734076897423117,2.175323526547597,1.0276289080119023,2.085946388629844,1.26098291148591,2.1878807645503136,1.1747692227062807,2.1310100056977577,1.0483594055955945,1.0724553383959836,1.5320790548514052
2.117803135753948,0.9965453314850632,2.1150032325382595,0.9843310111798532,2.137235897293827,1.174995749325887,2.146719164798158,1.1809738027866454,2.1425503490741016,0.982198846218127,1.0724553383959836,1.5320790548514052
2.0656301556652474,1.0418923771933304,2.085910235263665,1.0459766851994934,2.087955999694681,1.2252447303936107,2.116290001037526,1.2233935307128558,2.1297275645461924,1.0390533264772257,1.0724553383959836,1.5320790548514052
2.1694928131177003,1.0334951913588866,2.150877816978406,1.0908994099965912,2.185417352062924,1.2137505326498244,2.18427257682978,1.2947870906361525,2.189851574111897,1.0291955854718813,1.0724553383959836,1.5320790548514052
2.0566388360541463,1.0566064949961225,2.126684534491341,1.0111599046843958,2.0822819422409404,1.2455069358673934,2.153841175243712,1.1837213001434606,2.115915951422928,1.023271398292736,1.0724553383959836,1.5320790548514052
2.029934156555804,1.0401159573653531,2.0371601070789467,1.039452617523656,2.0510873343640563,1.2254620915649512,2.0311728675580167,1.2583230767395777,2.0690231539545585,1.0055059616530704,1.0724553383959836,1.5320790548514052
2.1094546669340426,1.0099071742318573,2.1395202816102232,1.039800063801515,2.1278400939024227,1.1809432096392012,2.1429978778256125,1.2198028413483226,2.1083321977970866,1.0255198773169176,1.0724553383959836,1.5320790548514052
2.1123929754871837,1.0399461230869045,2.14871237910142,1.0412860428090849,2.133705614471133,1.2231225729730155,2.1741213314142867,1.2223771437706432,2.1376781808439693,1.0131867368099816,1.0724553383959836,1.5320790548514052
2.092004222579181,1.0191720078156108,2.09618588580319,1.0730912490782685,2.112878007522588,1.2010951152691522,2.068240993232844,1.2299941362149085,2.1238288404326866,1.0268376090503957,1.0724553383959836,1.5320790548514052
2.1513401618490464,1.0976447904372664,2.074133757113732,1.116658081027664,2.1713876173054603,1.2901572610992722,2.1075487690737136,1.4205033106670042,2.118866323830774,1.0764297713252098,1.0724553383959836,1.5320790548514052
2.1736004208052595,1.0413743641734392,2.201924789917137,1.001755074368597,2.194761779551609,1.228432501492612,2.246657546547098,1.1750732589017492,2.205697364842656,1.019290732762438,1.0724553383959836,1.5320790548514052
2.153286133335356,0.9976580544270834,2.133267362649778,1.060017708386068,2.1726416125286785,1.1729203099827112,2.1856284653042595,1.243844574878035,2.1474077784806918,1.053966071539053,1.0724553383959836,1.5320790548514052
2.1488350320269416,1.0602520994969222,2.148685503391377,1.0585611476639276,2.167497790778718,1.2475084716604905,2.1831841143699204,1.3031488627043413,2.164224536600285,1.0618973041436417,1.0724553383959836,1.5320790548514052
2.040403070499441,0.9863816281297026,2.068996069064612,0.986275927406169,2.060356014061039,1.154282621515569,2.1229017924855955,1.118262682373076,2.062027435116009,0.9900156813613966,1.0724553383959836,1.5320790548514052
2.1335600320824706,1.109972201332336,2.088184185108915,1.074495559237428,2.157692124440821,1.3027499587266518,2.113964475557138,1.2675559024991876,2.147177775761648,1.0876000040727671,1.0724553383959836,1.5320790548514052
2.153096890828979,1.0138913194623704,2.1698872398438707,1.0296978699891648,2.172168598084661,1.1922258105662256,2.154153471407568,1.2439742432890304,2.1760842027434046,1.0166344891251142,1.0724553383959836,1.5320790548514052
2.1223829449574976,0.9949780830626628,2.1204225508434287,1.0303487364635702,2.1443454750656614,1.1696103598247731,2.129592254801121,1.2211440985479065,2.1473035009219723,1.026661825942633,1.0724553383959836,1.5320790548514052
2.1140707326879054,1.069569228113474,2.1114983533251213,1.0382992284950476,2.135662576601257,1.2607087738985163,2.160189367532729,1.245891871568514,2.1464303529091904,1.0183467753619222,1.0724553383959836,1.5320790548514052
2.129978558086412,0.9933385359705048,2.123702074921128,1.0245271457786034,2.148495393075846,1.167591341783415,2.1508521810741903,1.1952494747978462,2.1492563178410093,1.0071961711419442,1.0724553383959836,1.5320790548514052
2.145905258591189,1.0309004020241834,2.14743995215791,0.9974389451836524,2.1647763496814374,1.2145760152225862,2.1862327794241923,1.1924876859775213,2.1611346582077355,0.9978539675242404,1.0724553383959836,1.5320790548514052
2.1558686898259967,1.0048659155535369,2.1812974362121658,1.0370222295159386,2.1743446967046767,1.1815809981859609,2.191333665559008,1.2056368672481286,2.1496092058893668,1.027630219646222,1.0724553383959836,1.5320790548514052
2.107854346860169,1.0886850728923652,2.083726159583573,1.042147349361621,2.1283538085234497,1.282137890940753,2.1234023776168973,1.2648360185608056,2.1443118625131627,1.0447891040715076,1.0724553383959836,1.5320790548514052
2.1436771296515578,1.0726457916467482,2.158838182058307,1.07590361394545,2.1611433662787425,1.2624638072877656,2.158332264784713,1.3278654263046863,2.173487355632469,1.053810321005499,1.0724553383959836,1.5320790548514052
2.1739136615060426,1.0592720857303908,2.1986250907554568,1.1089133200521937,2.191729802623408,1.2472667745725037,2.2294981976948782,1.3016198190928543,2.189498297735168,1.0671855058374038,1.0724553383959836,1.5320790548514052
2.070612128187108,1.0609245152113338,2.16500771970151,1.029024399581181,2.093324851653432,1.2496214111709276,2.199314634182491,1.218772746095384,2.14646313565412,1.0170267966020217,1.0724553383959836,1.5320790548514052
2.181579090845557,1.0652603248940888,2.2488605842770246,0.9894813862154048,2.198702313833364,1.2571050419603738,2.2809783828094314,1.1931817915026015,2.2168582134320465,1.0413440339088162,1.0724553383959836,1.5320790548514052
2.177807651279096,1.0621622779122413,2.100307983959666,1.0337803866882416,2.196173606290927,1.2478798843735317,2.13453827493534,1.203298625071041,2.149591407854968,1.026529721931214,1.0724553383959836,1.5320790548514052
2.1446751292419037,0.970428892701192,2.150507704893805,0.9690948449022396,2.16489282294,1.135599701426936,2.1839728184225944,1.168287309852814,2.159609826444735,0.9839836161901558,1.0724553383959836,1.5320790548514052
2.1076323969700126,0.9130881233169632,2.122653764122727,0.9452264077224436,2.125355641282489,1.0738676771944755,2.183769664978885,1.1017738001796693,2.135004429456432,0.9137545042034516,1.0724553383959836,1.5320790548514052
2.159420764410024,1.067668331092276,2.158446356916182,1.0414899461134182,2.1812025973640323,1.2564241975347652,2.172785088499231,1.227672886548321,2.1690528838419123,1.0540095070479714,1.0724553383959836,1.5320790548514052
2.1557442014895267,0.9872393821209776,2.1184617910952817,1.0642880842745177,2.174209665705262,1.165952987790897,2.152333603551868,1.2868581946173507,2.130864453694181,1.0300949231871774,1.0724553383959836,1.5320790548514052
2.128749364709399,1.1021508425933355,2.151324320446361,1.061434769438012,2.150643626912008,1.296893402017893,2.160060104332062,1.2560451039269067,2.169783447668356,1.0447229760552734,1.0724553383959836,1.5320790548514052
2.124332724135199,1.0562493640976638,2.073536871566821,1.0765551877012165,2.147920534216237,1.2472573079480505,2.0921973203077275,1.276276650349819,2.1445722067337094,1.0209646396030505,1.0724553383959836,1.5320790548514052
2.115448813025869,1.1669684826126434,2.107636351259907,1.11450106289429,2.136284467597796,1.375558594582946,2.1629352009148635,1.3081041879426678,2.1410201239196893,1.1078172162827111,1.0724553383959836,1.5320790548514052
2.1115302915976284,1.0323871888109188,2.058647174285001,1.0803990200720324,2.1294285892467038,1.2185111057844875,2.044065165410644,1.2551619594066348,2.1110581773782924,1.0515692491878237,1.0724553383959836,1.5320790548514052
2.118785643433383,0.9493962230052744,2.082570151334179,1.0149361856139771,2.1348672050641526,1.1174315291478634,2.0911422050654997,1.1933419149251512,2.1388674314340594,0.9898354083799634,1.0724553383959836,1.5320790548514052
2.087249513035577,1.1009788189764538,2.133140527221548,1.0956233296306708,2.105092385568904,1.3003897339410788,2.1442791884926207,1.2794417893349812,2.139264100220872,1.083904070083026,1.0724553383959836,1.5320790548514052
2.1013501778826766,1.004104219827652,2.1633786863237314,0.9529805926883766,2.121072007889026,1.1845405056615943,2.179539733249022,1.154233937061757,2.1639422005178672,1.006833129274105,1.0724553383959836,1.5320790548514052
2.1889525109215886,1.015797299140082,2.1871636560282446,0.9892150884419136,2.208434788540385,1.1927193469782569,2.1989976161705345,1.1712362588331122,2.200111823917713,1.012439805174428,1.0724553383959836,1.5320790548514052
2.075123052611925,1.1130252180036568,2.100446853168289,1.1355335754987237,2.0964177731361424,1.309349533447565,2.028781980609708,1.310587475312061,2.107624425555487,1.1034342865944955,1.0724553383959836,1.5320790548514052
2.069235404414019,1.0142938450614338,2.068526776176642,0.9890397608963966,2.0862721624992937,1.1966875191573128,2.0921948118317704,1.159718486744989,2.111958424998609,0.9997525612968003,1.0724553383959836,1.5320790548514052
2.1377395094927603,1.1028572348994528,2.190737593705945,1.0910408711570236,2.1603492193149654,1.299995012913868,2.1998648032059367,1.2885708892206802,2.1482854253512635,1.059649383645601,1.0724553383959836,1.5320790548514052
2.0963053085954533,0.983394716542378,2.1050363048370238,1.0469711530180237,2.1146575799877527,1.151404749327796,2.130112623806097,1.2437015878891329,2.1368042051661,1.0084739244623426,1.0724553383959836,1.5320790548514052
2.183892364928905,1.0537742593528532,2.140927301301285,1.0222776643632656,2.204428715764852,1.2430261490681227,2.170593055038515,1.1812740965132391,2.181967132228999,1.026717682762993,1.0724553383959836,1.5320790548514052
2.121738202095836,1.120454593354247,2.117173629397697,1.069009432173229,2.1436694846507325,1.317846295674025,2.1244906273585062,1.234807976786933,2.1313607477703784,1.0788290667242004,1.0724553383959836,1.5320790548514052
2.124396435441742,1.075054163453086,2.092048668892617,1.1444488174956051,2.1422061746592025,1.2613916751248164,2.109312205737904,1.3480489799380933,2.151605151131817,1.0724310421062626,1.0724553383959836,1.5320790548514052
2.201897444101688,1.0556945554383343,2.221066257135422,1.0080983883056862,2.2177592496436977,1.2437073195861532,2.261081606281999,1.205729104302126,2.2261437528522463,1.0225005677693968,1.0724553383959836,1.5320790548514052
2.1416474790506514,1.0349147458926935,2.143177040062254,1.058802210825863,2.1628915960613857,1.2194081534831387,2.140192450663397,1.2391728197838712,2.1560149474673422,1.0280292808613165,1.0724553383959836,1.5320790548514052
2.132277283616383,0.9736675653408616,2.13776679066971,1.000614778076539,2.1517614481909693,1.1440533795546126,2.1641563907204997,1.159825245232142,2.158891026471095,0.9950021387335928,1.0724553383959836,1.5320790548514052
2.1440810210009755,1.079864877267788,2.142025668926082,1.0661376777871063,2.1626957269539395,1.2713666350679065,2.168708780629021,1.291260342580738,2.17378160518996,1.0473290041612011,1.0724553383959836,1.5320790548514052
2.112263427790059,1.0999111959621055,2.1101047012047616,1.055572594725129,2.131406044382806,1.2947187649795429,2.134110271449265,1.2367364635823077,2.1143882444044526,1.0788812405998955,1.0724553383959836,1.5320790548514052
2.0992532711614578,1.1609484633349745,2.058106575869759,1.1054717148028443,2.1149633852524845,1.3641273112120813,2.083415460571197,1.3038166606828885,2.115006521987229,1.0881780221809312,1.0724553383959836,1.5320790548514052
2.088958487373578,1.1026578048929392,2.1336593961572845,1.054425389406492,2.10664854817252,1.2984788812444823,2.158318139968942,1.2063161377355522,2.132948133867218,1.052783331278578,1.0724553383959836,1.5320790548514052
2.1091988581395644,1.100908707646433,2.093853654909414,1.0900316066646552,2.125993102153305,1.296591020215096,2.14451699706322,1.266876995169853,2.1162360372754443,1.0666217273775094,1.0724553383959836,1.5320790548514052
2.1201140561032936,1.0696606978955223,2.124747696948525,1.0741443239151327,2.139101863872901,1.260501906131183,2.1406934817514225,1.2600331475352746,2.099762466929947,1.0812680728958193,1.0724553383959836,1.5320790548514052
2.1144253988799493,1.0130627429276733,2.0869844741756,1.0277711452104212,2.137146313374252,1.1905730578389324,2.118547093426531,1.2030064213953846,2.126253655897948,0.9959419827570616,1.0724553383959836,1.5320790548514052
2.155764388994471,1.024235944975314,2.099146560316465,1.0426977904641288,2.1712490030492733,1.2034690000805517,2.133825112189769,1.2110604264032678,2.1285723402132475,1.0528531190594386,1.0724553383959836,1.5320790548514052
2.054210498952633,1.030497528101188,2.042031138972583,1.0338395051556768,2.075023715211465,1.212763263137549,2.093655239409906,1.236648418241211,2.08964010253018,1.027597055374848,1.0724553383959836,1.5320790548514052
2.051905003115313,0.9723704537644224,2.0532110807568933,0.9140471201136008,2.0698309726914195,1.146494937067686,2.0589369081292337,1.0856825453247911,2.068449651844907,0.9614556343109774,1.0724553383959836,1.5320790548514052
2.0879865298939326,1.0501644131768229,2.109006897722048,1.1248294461494075,2.110011954086226,1.2371234269282585,2.1151251067983874,1.3438035747293,2.1206472657739432,1.1003895807103523,1.0724553383959836,1.5320790548514052
2.124540130797365,0.9534430160259452,2.1243746406060704,1.0264954292359234,2.1437856389015235,1.1234706603486957,2.128285154110124,1.1889020923957294,2.1192176747589517,0.9720568480575928,1.0724553383959836,1.5320790548514052
2.169500124852892,1.069957877270288,2.1465170619656413,0.9733017809827406,2.1876860435138985,1.2610364688177114,2.2045842114052063,1.1278335549888423,2.1791002241620347,1.0219064956843429,1.0724553383959836,1.5320790548514052
2.156682005012223,1.0789010357703324,2.106165576067205,1.0352680902462903,2.1771348268975155,1.2689137571015747,2.123391605278929,1.1925205538834875,2.1053004494006724,1.0790182192706397,1.0724553383959836,1.5320790548514052
2.08191819072359,1.0953005971945295,2.119664774774569,1.13456035179444,2.107157495491227,1.27467699456406,2.144461786015783,1.3938323179973982,2.1303369018162357,1.0772026651222613,1.0724553383959836,1.5320790548514052
2.1219228639204126,1.0390784967647957,2.1468036070900136,1.0332865970303755,2.138832401406764,1.2238686830911156,2.1589431412394164,1.19237747546965,2.1397307043299216,1.032963781503505,1.0724553383959836,1.5320790548514052
2.1742749591901744,1.0420932651552028,2.1578453934886017,1.07854134939863,2.194978900923082,1.229442225253016,2.1866723248319637,1.290932073912817,2.2019495710858283,1.059237665823158,1.0724553383959836,1.5320790548514052
2.1819391159812147,1.001013432327747,2.178455496387859,1.0597167517010029,2.19723108587166,1.1740995904823015,2.191999818094079,1.2415830860554726,2.17801687728469,1.0279992850207234,1.0724553383959836,1.5320790548514052
2.1405663759610607,1.0422952612977985,2.147330364419275,1.0709217528464732,2.153871975685577,1.2276548695929677,2.175416347687481,1.242569517447695,2.1554374920155634,1.0128345557608904,1.0724553383959836,1.5320790548514052
2.118622642971938,1.0647055654137607,2.087714819065688,1.0461825970673846,2.1359968314556683,1.2495406775491107,2.116547720963012,1.253247441150532,2.129933100611903,1.0278419075325935,1.0724553383959836,1.5320790548514052
2.053570039967328,0.972070975786478,2.0189277603242948,1.071727032293991,2.07252269772085,1.1438832437079725,2.0562895518195523,1.2431196203261174,2.0879413800103697,1.042993534300666,1.0724553383959836,1.5320790548514052
2.184092163662431,0.9932973373549948,2.135750353635692,0.967102089522182,2.1989984418903967,1.167711501394345,2.1796258601754963,1.1586833922094932,2.19897254649562,0.9727258978930476,1.0724553383959836,1.5320790548514052
2.101085600265185,1.2042870466745588,2.076662458164772,1.165423975940027,2.122714196309498,1.4173262629177663,2.1166623888466107,1.4053067018352572,2.1321046836090303,1.1220886400024712,1.0724553383959836,1.5320790548514052
2.1955422148831603,0.9898166531069392,2.1936895872726594,0.9764017640834132,2.2129800050189576,1.166899056786323,2.2612802566286114,1.1574484267041327,2.1960302389901534,0.9628121236882,1.0724553383959836,1.5320790548514052
2.1250286442689035,1.0614520192618289,2.1326490715765685,1.085442864910806,2.1455190840097247,1.2533115042102616,2.181563553735939,1.2863370644704817,2.145957895773254,1.064103471538158,1.0724553383959836,1.5320790548514052
2.164939867284553,1.0043702059780757,2.1604272270554903,1.0076950642776907,2.184338872342344,1.1837145341248692,2.176878811501457,1.1657703314173191,2.165894595512663,1.0067032741348108,1.0724553383959836,1.5320790548514052
2.157130198409237,1.0266895251845622,2.145074579617023,1.086576557638071,2.1776709835215566,1.2119310281663316,2.191649364553561,1.2922563479338711,2.140171162765156,1.065345910056784,1.0724553383959836,1.5320790548514052
2.1187945979914056,1.030846679850695,2.145422251196318,0.9953984929280746,2.136554471281306,1.2159448513012163,2.128159865347356,1.2182519875572615,2.120685171911571,0.9784266580745764,1.0724553383959836,1.5320790548514052
2.1255230715288045,0.9487546658143722,2.117193692173252,1.0192787099932283,2.1465214263981127,1.119001105437473,2.150861961487739,1.1944048499558293,2.161077262969661,1.0158640185910182,1.0724553383959836,1.5320790548514052
2.0899423958204024,1.0644374178611031,2.0429578696155604,1.0531566653368358,2.1105600369300377,1.2568135466861614,2.0540815677441384,1.2338944971718253,2.099585074782842,1.0363019536572855,1.0724553383959836,1.5320790548514052
2.1700389085646496,1.0441706781310525,2.1202954211362486,0.9909475064915864,2.1890030987430094,1.229864168956301,2.113758754132773,1.1668817422378153,2.174759468928754,0.9919218849867684,1.0724553383959836,1.5320790548514052
2.2521171312177213,1.0842803226210893,2.1873821865143284,1.0676435911233448,2.270494039581302,1.2807339162531286,2.2032374617191066,1.2362309416772657,2.210557069491444,1.060047240926378,1.0724553383959836,1.5320790548514052
2.10470551431324,1.0503125477172206,2.086224322784067,1.010091848822181,2.126358441981231,1.2379722426779376,2.1183011520493173,1.2045985211967525,2.123752414049027,1.0178503302505546,1.0724553383959836,1.5320790548514052
2.1846182680605644,1.008861695384376,2.1095774908490244,1.020542829330198,2.2037606847830555,1.189046265269479,2.1155696155427446,1.1850467618625782,2.160131688702443,0.983176232472586,1.0724553383959836,1.5320790548514052
2.128091849165065,1.053940535966564,2.091785514991012,1.0435883463146862,2.147384436201274,1.2378010719391364,2.136738547946159,1.2058925639552909,2.1222089915777875,1.0594680704638966,1.0724553383959836,1.5320790548514052
2.2146478053572998,1.078396217045053,2.1350392498830315,1.019488651471852,2.2311727326191866,1.271129093030049,2.135340974248693,1.200165219199852,2.192369691113756,1.0208720685180126,1.0724553383959836,1.5320790548514052
2.1405156251977853,1.0661457203409834,2.160266369823623,1.0385060435478874,2.1616106881064043,1.2521181278118023,2.155361761885311,1.2392651839796145,2.169009738392404,1.0243051509082812,1.0724553383959836,1.5320790548514052
2.0973687755728485,1.115489755187404,2.155010076908784,1.0843459271196527,2.1166368242905484,1.312225695444634,2.234631673671057,1.3449401011318134,2.1398741081180925,1.1049411593947571,1.0724553383959836,1.5320790548514052
2.1606229876302523,1.064943416439128,2.122362830360663,1.0164391651287443,2.1819543944622914,1.2537934550177958,2.1512694204934726,1.1968034716767753,2.1404379383309435,1.0417888022612831,1.0724553383959836,1.5320790548514052
2.1435975250705632,1.0596525337930776,2.118781219263046,1.0739613536990664,2.156799157842716,1.250042927512108,2.123524771027507,1.2769340940325855,2.1439099854684702,1.057188784484913,1.0724553383959836,1.5320790548514052
2.1114571947466705,1.019424410335964,2.1525659073262084,1.0711655052942155,2.130645419917284,1.1946945690745143,2.1689158231510355,1.2407525095891805,2.156618528130977,1.0088003146167397,1.0724553383959836,1.5320790548514052
2.1464034911117627,1.0169285514505444,2.172862437452258,0.9749801286166058,2.1650792380557897,1.2003186063791742,2.185975280082716,1.124319408521307,2.1762750164103704,1.0222843942059607,1.0724553383959836,1.5320790548514052
2.1779100661437605,1.0117864923806434,2.211725915577053,1.0503603725912962,2.196752665168373,1.193357706312658,2.217754384996298,1.1850703570752013,2.2172642386297063,1.0242958465532708,1.0724553383959836,1.5320790548514052
2.117565629885,1.0566509507080322,2.0874244044480816,1.064659156370371,2.1357740320282788,1.2472769590482244,2.112934728769857,1.2542656424318783,2.124119919080162,1.031024689322111,1.0724553383959836,1.5320790548514052
2.149939906529878,1.0589953217670878,2.1361115056173503,1.040883058490575,2.164679777344811,1.249420357200533,2.140035313884701,1.2274259099020548,2.152415482848608,1.0128115806389564,1.0724553383959836,1.5320790548514052
2.132523289595436,1.0615216813745492,2.1473521312431205,1.0620297934547904,2.154748091811341,1.245438928090143,2.139293127490211,1.3002650643274214,2.158253333455354,1.0339851156608797,1.0724553383959836,1.5320790548514052
2.0440295854908275,1.0341964111130224,2.058179471685042,1.0450500408171175,2.060164947489699,1.215087314315374,2.0608268929793585,1.2438174272607574,2.074111938287157,1.0416495873236389,1.0724553383959836,1.5320790548514052
2.1757482562658845,1.1049044608829994,2.184617934421143,1.1356646882134835,2.1961950080408745,1.3042600587668929,2.181106855765921,1.314781054616951,2.203516108922923,1.0978998554730386,1.0724553383959836,1.5320790548514052
2.180851114060872,1.0316097231662713,2.143024748834173,1.044468138370096,2.196698832333262,1.213681140097869,2.152146806388665,1.1949254694152802,2.163881644934163,1.0292310194640206,1.0724553383959836,1.5320790548514052
2.096386728870134,1.097572390550796,2.0948788500533437,1.0946003022932358,2.120867036021192,1.2936633515001166,2.1476058111851044,1.3270958480587471,2.117661542723576,1.0744349497724386,1.0724553383959836,1.5320790548514052
2.193074217920272,1.037444755847842,2.1638464427970723,0.9868363894830862,2.2112524498434563,1.223646950333971,2.1890680825184656,1.1579879373914057,2.2115983077042767,1.037258112805299,1.0724553383959836,1.5320790548514052
2.1400327958111003,1.0932784188012088,2.130887583785045,0.999361283418765,2.1580636631619505,1.2847420996533958,2.1533950964437896,1.1591357384148144,2.1488270688644784,1.0388402183139434,1.0724553383959836,1.5320790548514052
2.1533077199967514,0.9858277787720424,2.164488250515254,0.9804797038248674,2.170303548337694,1.1640567148198622,2.220984980213102,1.1381678456881432,2.1543124846866357,0.9672026425275894,1.0724553383959836,1.5320790548514052
2.129890721956728,0.9620655641301736,2.1682281243652333,1.0000311850426449,2.1478040806318086,1.1334534611126004,2.16833391077644,1.1640338602997853,2.1672382782660606,0.9847320988252896,1.0724553383959836,1.5320790548514052
2.1529291769701797,1.0081760979656291,2.20020719511549,0.9398592694813284,2.1740004587793225,1.1796297377661211,2.237260029955825,1.11558695345216,2.194985363638016,0.9886873871968318,1.0724553383959836,1.5320790548514052
2.1324547574167307,1.017169418672082,2.192740147208589,1.0317188625232587,2.1496365422699784,1.1958497939222623,2.186796008367067,1.2224177262395348,2.174482552452345,1.0631585348838093,1.0724553383959836,1.5320790548514052
2.112779048407432,1.0273010706479269,2.107780911879018,0.9643782869163676,2.132326195247417,1.2112201947747276,2.1310342799225235,1.1217641870295096,2.107599688352908,0.9883939988503452,1.0724553383959836,1.5320790548514052
2.133351328717505,1.098167512517383,2.1184689630696845,1.0372227851713025,2.151125783533758,1.2968011929460306,2.149529573621947,1.2005641167044208,2.1500123536987528,1.0667812608069789,1.0724553383959836,1.5320790548514052
2.0690014995644264,1.0743584522222758,2.0768102746637185,1.1024285993701706,2.089261799551461,1.265039647160766,2.1250997421930355,1.270102008583464,2.0994076797211387,1.0930113317514665,1.0724553383959836,1.5320790548514052
2.211010351828568,1.017857010456899,2.1504553136204323,0.9950675649121264,2.2285481114831813,1.1951037633302504,2.171877957968308,1.1780447422499891,2.214595271057014,1.0188818350604558,1.0724553383959836,1.5320790548514052
2.103008418723035,1.0739195942823794,2.1355894675430656,1.0753562063143545,2.1237874786687287,1.2674569075468547,2.165186734062341,1.2282998730830277,2.1565235133202885,1.0502315095009471,1.0724553383959836,1.5320790548514052
2.1081731581036105,1.0136384413931991,2.103409997067582,1.0240567694709874,2.1292956979442685,1.1952440898180352,2.1352496808211163,1.2073660569805431,2.1274457809011635,1.01553334983518,1.0724553383959836,1.5320790548514052
2.085237069918388,1.0612740507921072,2.118161907107813,1.0521217200013366,2.110216975544061,1.2490786752705696,2.1359906204337253,1.232368320526098,2.132215422471507,1.0376043137350788,1.0724553383959836,1.5320790548514052
2.173709239437768,1.0466898507272084,2.158248420044636,1.0736975371218689,2.1947607113808694,1.232891276415145,2.218117918940125,1.2444363960873313,2.157080452709674,1.037650465086026,1.0724553383959836,1.5320790548514052
2.089728192594232,0.9827421922899934,2.082132134226533,1.0152721924816357,2.106514413054654,1.160133988412216,2.1312139047839995,1.23611033028632,2.123476678146438,0.980408247560854,1.0724553383959836,1.5320790548514052
2.1557287023328437,1.0877567806934496,2.1252116213901395,1.0617818033645885,2.175865841878933,1.2855177292139617,2.1539405477890576,1.2704046113502974,2.145299712061068,1.0589885919590392,1.0724553383959836,1.5320790548514052
2.195320875211599,1.0301736851067398,2.150223327104353,0.9986584603531116,2.2134677845839708,1.2112969767747035,2.2019687290550416,1.199853172812782,2.1826230129791764,0.997072195694898,1.0724553383959836,1.5320790548514052
2.088491180843259,1.0335261221921577,2.040969540032317,1.060213875927487,2.10636995458497,1.214577448975984,2.0645208097184518,1.235659265947027,2.093360717876733,1.0532250663320488,1.0724553383959836,1.5320790548514052
2.184322280651567,0.9985091499323602,2.18194107096054,0.9767140724863904,2.2013483670939857,1.178033258001115,2.1685827083932177,1.150034044655138,2.1703451279289228,0.9656336269834968,1.0724553383959836,1.5320790548514052
2.11436345255105,1.154607167741835,2.1305842783114413,1.1258778672516456,2.13435351489972,1.3594472695071214,2.1886731215221227,1.3302375102596078,2.130253296269449,1.120827556611088,1.0724553383959836,1.5320790548514052
2.170956969337814,1.021437152313012,2.1822964950770567,0.9986315822268736,2.1884530641981765,1.203257660877914,2.232551901741384,1.1843696731491182,2.20897904412643,0.9873783619094836,1.0724553383959836,1.5320790548514052
2.1093439904800904,1.0054938431826763,2.0868878052867,1.0812302114202863,2.1335812273151245,1.1829309828667889,2.109376063724184,1.2738197660608062,2.1157388129376744,1.0151945945516772,1.0724553383959836,1.5320790548514052
2.0297462025347675,1.0018582544924757,2.0479545499880207,0.9743580790738248,2.048667612954445,1.181496411398895,2.08859048198782,1.1387586324693768,2.0569128056584307,0.990305153310849,1.0724553383959836,1.5320790548514052
2.1760774804408887,0.9831067555251594,2.1600272527247038,0.9969060186195862,2.1929473299360067,1.160792031147787,2.1815335058675944,1.1445404101088834,2.168791353062819,0.9752079055116356,1.0724553383959836,1.5320790548514052
2.1379857250273457,1.0222550200942004,2.165084262706644,0.9948242076299836,2.155844367602355,1.208272366799861,2.1591942977048864,1.1928916832712129,2.1889763159986013,1.0086902026894755,1.0724553383959836,1.5320790548514052
2.1561603082894503,1.1199574253652884,2.143471036112934,1.1119842440454537,2.175796210017105,1.3163965000367952,2.2125097846051625,1.335475332940106,2.15321680847465,1.095835831859557,1.0724553383959836,1.5320790548514052
2.119542723027154,1.1324886499608586,2.1482628652918936,1.1317416558888411,2.137671725485691,1.3371958153771486,2.1804376720862115,1.343663185488078,2.128935901630892,1.1184976156016515,1.0724553383959836,1.5320790548514052
2.176330936114874,1.0734269789966708,2.1423960215257503,1.0135779553072146,2.19837301188074,1.2599336051575785,2.1475414973507334,1.2527827201618138,2.1920564489879286,1.0365038433919318,1.0724553383959836,1.5320790548514052
2.1715902340233004,1.0552636991847903,2.169180916589152,1.0967562268841895,2.188905104439276,1.232958141890061,2.1757283808576924,1.2626014217638584,2.1996012881857148,1.021719893254544,1.0724553383959836,1.5320790548514052
2.19269553327801,1.0283101605077336,2.131275698566258,1.073368475190229,2.211045183158509,1.2104745992109247,2.1465915456525524,1.3118706259722357,2.1906891754403204,1.015887809531811,1.0724553383959836,1.5320790548514052
2.151342377395577,1.041208415195813,2.1087145751675065,1.0683973111047629,2.169333566507614,1.225237423538725,2.121592263902893,1.2384022315727703,2.17290913847706,1.0379970291823457,1.0724553383959836,1.5320790548514052
2.1281275315393957,1.013774893480604,2.0942363540996687,1.0571909351691426,2.148723857790865,1.1914334233637391,2.1916293846047297,1.2547669341648966,2.142857921422285,1.019662632907495,1.0724553383959836,1.5320790548514052
2.064161410976116,1.0676615935330809,2.1001239511259744,1.0640786048259687,2.082862296137765,1.2485643057520277,2.077690213584609,1.2695096961141223,2.1118112625950034,1.0571937664777495,1.0724553383959836,1.5320790548514052
2.131973744217193,1.0427970842870549,2.08525744717449,1.0990153299025107,2.149910213521852,1.2274011601296364,2.095622093877173,1.2607405598986283,2.14818423822533,1.0670383401565942,1.0724553383959836,1.5320790548514052
2.1641043575437457,1.051670109364248,2.153296186748814,1.0830280365973308,2.181888292633084,1.2408305419768024,2.151703259485089,1.2682569138112172,2.1678477342176667,1.0438617411941846,1.0724553383959836,1.5320790548514052
2.173186103218772,1.0124454715249278,2.1742901012884266,1.0192908047751414,2.193019703315487,1.1957243764636254,2.2260827538309145,1.2643517558104669,2.1965444553096263,0.996996061122408,1.0724553383959836,1.5320790548514052
2.168364049891319,1.0492374242818965,2.168076767795284,1.0141550258774368,2.185334313204122,1.2399501928866978,2.1768126061788977,1.2027010087811367,2.197001611144676,1.0179096231254856,1.0724553383959836,1.5320790548514052
2.101719905227672,0.9767190686314317,2.0416785233623447,1.0409401832090976,2.119247394428208,1.151703879835737,2.042968155008316,1.256084511054432,2.1225254675209877,1.0212336786030245,1.0724553383959836,1.5320790548514052
2.0425662450926128,1.0880057475956406,2.065267180415441,1.107280509616745,2.0618263604419425,1.2860154758366342,2.088276622413366,1.2915457810222826,2.059599017335849,1.078123909052023,1.0724553383959836,1.5320790548514052
2.1791389200420306,1.0036037080933546,2.16590220132897,0.9773077265623158,2.192732493680206,1.1803561789929855,2.189838677737045,1.1860428152638045,2.179543620784412,0.9860469952176644,1.0724553383959836,1.5320790548514052
2.1631646299364107,1.0481150882456658,2.153196274052058,1.0427010198794828,2.178955171821299,1.2336510278718866,2.2021234360026,1.2543857679752377,2.1582936422136587,1.0262749334211685,1.0724553383959836,1.5320790548514052
2.0602981790135484,1.0014607067526102,2.1097685705300475,1.0395425988304037,2.0800063061094973,1.177105206020771,2.140643999926215,1.208179876712773,2.109676124423893,1.0144152875703316,1.0724553383959836,1.5320790548514052
2.080165037187097,0.9877301730368708,2.020704918892233,1.0504158929722227,2.096138647521042,1.166603224269408,2.034305558016426,1.2626169400386429,2.0916231775171297,1.0127407096734182,1.0724553383959836,1.5320790548514052
2.1860816901990936,1.041088257050474,2.189400553675954,1.076084896467539,2.2035327654055363,1.2268325684846475,2.225112199964686,1.3148999930060865,2.197321824848216,1.072295593767271,1.0724553383959836,1.5320790548514052
2.141485962684623,1.0306547399035366,2.1525310763208974,1.062634429783407,2.159351107843124,1.214316611571731,2.1480497153744977,1.2480789617328183,2.1873304165261653,1.0439668093836036,1.0724553383959836,1.5320790548514052
2.049134502115783,1.031552243973919,2.039028066894397,1.0005485007918962,2.073765918100364,1.2158633321049224,2.0902381030212127,1.1602886652158817,2.0949964756323998,0.9824627951864824,1.0724553383959836,1.5320790548514052
2.143706148391733,1.0251824382827617,2.1335074766073507,0.9860414961907146,2.1685818706938527,1.2095353546798022,2.185430032173788,1.1549633671502313,2.151172697518676,1.0231120123267476,1.0724553383959836,1.5320790548514052
2.092888377746899,1.0376934366515211,2.051313368443802,1.0765418861510343,2.1166918268639594,1.2221239982776788,2.067182370130371,1.309740596102419,2.0792705293604032,1.0284230957923564,1.0724553383959836,1.5320790548514052
2.117458295610325,1.0267495808461826,2.1226615214980438,1.032149403004449,2.1337760423497114,1.208389095462622,2.1069671919410458,1.2113925800398022,2.1255400511600837,0.9900973631182972,1.0724553383959836,1.5320790548514052
2.163002315164845,1.158022794172885,2.118103953331313,1.145216362521294,2.1854048164304487,1.366838723906969,2.134608836273621,1.307381977212971,2.1531343632739395,1.142413282142346,1.0724553383959836,1.5320790548514052
2.138215981948378,1.1867543154372706,2.098440471655303,1.1191254521336862,2.1590649487404527,1.3987030420418538,2.128752256662774,1.305134129956688,2.1328106373277538,1.1308782602974234,1.0724553383959836,1.5320790548514052
2.114374063103256,0.9889727975803854,2.0992466490957247,0.9712233370979684,2.1287565838594573,1.1634417063236655,2.11662762907162,1.159987030595682,2.123574610043566,0.9858740848034508,1.0724553383959836,1.5320790548514052
2.192469858758248,1.0608616823345336,2.179155640426592,1.037528066604405,2.209394374204851,1.2496011949729418,2.206654114577099,1.227003855316342,2.1872668800999997,1.0111889152319238,1.0724553383959836,1.5320790548514052
2.1617540397718464,0.9710002937475848,2.136742529356589,1.0015926104231825,2.1761905296733346,1.142973535914486,2.057576534097958,1.2324782139607222,2.1725530097016508,0.9706585686085584,1.0724553383959836,1.5320790548514052
2.154465367817193,0.9548572574755276,2.15211568395912,0.9951276028122554,2.174252365231712,1.127585775566458,2.169245428978305,1.170777308458424,2.1618607234433656,0.9689165953997636,1.0724553383959836,1.5320790548514052
2.1828631675255745,1.0709743206732485,2.163656564423617,1.0443020055917778,2.203411353868928,1.2623629267583816,2.1870154445717445,1.2521166153364016,2.1940960215501524,1.065563846597611,1.0724553383959836,1.5320790548514052
2.0842675162068214,1.0837025585500684,2.0387834220366674,1.0861049149347417,2.1006051901058806,1.276062381948562,2.095437204013729,1.2797695673971885,2.112071572794476,1.067285542856966,1.0724553383959836,1.5320790548514052
2.197091626537044,0.9690865820407576,2.138509036725948,0.9767185398087184,2.2174559389192026,1.1384339786482285,2.159188525261186,1.1397219609741258,2.182314263918028,0.9521592741760996,1.0724553383959836,1.5320790548514052
2.192400578028403,1.0152898652916102,2.1718465390958923,0.9634247276404232,2.209188518471033,1.1986777140569658,2.2276272381052946,1.156653792727407,2.2150478805934424,0.9756265475871168,1.0724553383959836,1.5320790548514052
2.0953350844940077,1.088744950091888,2.0332286511934674,1.1080311384734445,2.114773134318061,1.2843444802164758,2.05995974126749,1.3049137867328215,2.119194214539428,1.0496819692171833,1.0724553383959836,1.5320790548514052
2.101334896101784,1.063475585976191,2.176709856591444,1.0816227789975388,2.120796483965841,1.2541782370611545,2.231852466941852,1.2838104814329312,2.154281690092707,1.03475668995753,1.0724553383959836,1.5320790548514052
2.0891929928014923,1.0243690108157928,2.1175088042844887,0.9951498163139048,2.1068294575426,1.2057604798122354,2.156520442498286,1.2085693684347558,2.1289281213733924,1.0077683485444495,1.0724553383959836,1.5320790548514052
2.1130195711662583,1.09544175999542,2.103717918186905,1.099961608603344,2.1353785219618557,1.2908429130036487,2.123669354445037,1.2953756719726974,2.1484258596299157,1.084636571313735,1.0724553383959836,1.5320790548514052
2.1565749313138283,1.071131402331855,2.0989997770914437,1.0373476370249242,2.1762762498647503,1.2575183609198524,2.141393690817587,1.2164743341129034,2.156568464892825,1.039555465731416,1.0724553383959836,1.5320790548514052
2.054737850894407,1.1149376163299078,2.0626633664644447,1.0250453177639298,2.0750130419554798,1.3143602953809217,2.07256203699984,1.2048915749363802,2.1364102850876545,1.072647640257439,1.0724553383959836,1.5320790548514052
2.172396584447279,1.048288214277951,2.192300762964105,1.0475437193750632,2.192997670933763,1.229026072988883,2.1697401955237114,1.274744321126829,2.2055490592424465,1.0133891849169143,1.0724553383959836,1.5320790548514052
2.077445961920866,1.0775570484915458,2.078656852717397,1.1001093259603891,2.100911380495987,1.2651412698142566,2.111559221369188,1.2617161778526151,2.096612646695396,1.0911913667068442,1.0724553383959836,1.5320790548514052
2.14173258128014,1.0356882385434545,2.1103364889843235,1.0537315979238877,2.1568828449271806,1.2196048209241823,2.0995676735134023,1.2492778808880949,2.168646193503589,1.057888647655559,1.0724553383959836,1.5320790548514052
2.208770316570384,1.0351183372868606,2.1396063909676637,1.0634109035029755,2.225417803330905,1.2206574921573206,2.1631872873085136,1.2203763403775651,2.1971243458356677,1.0357511410008011,1.0724553383959836,1.5320790548514052
2.084014058913509,1.07295319781587,2.1575614244099954,1.0911782204405285,2.1046086567223576,1.2652749087398056,2.1722413973126247,1.270891329724862,2.141717549898433,1.05490081149085,1.0724553383959836,1.5320790548514052
2.121629192462799,1.0725890569637175,2.166929381411188,1.0235706537053957,2.140753317849783,1.2625417904098035,2.1735135438082445,1.1777285065637106,2.1658089271342487,1.0157324211016645,1.0724553383959836,1.5320790548514052
2.133844248753554,1.0581689830897152,2.124721697061175,1.0528717406415888,2.1546722657268926,1.2434261712517107,2.162575649290648,1.2401696641569735,2.143689625844851,1.0356702880111217,1.0724553383959836,1.5320790548514052
2.1135005440699226,1.0162951309901618,2.0824462858347514,1.0157354725634695,2.1314888289036547,1.1956295914974806,2.1153080267569413,1.2293856170873028,2.138119083220325,0.9906597348288542,1.0724553383959836,1.5320790548514052
2.1704035673918143,0.9793924319050076,2.2508516451728737,0.9936067161561112,2.1855199859106755,1.156374343402695,2.263615310477928,1.1676728430387346,2.217674397043241,0.9952188737349748,1.0724553383959836,1.5320790548514052
2.1128425852234107,1.0601971651660116,2.134444409405137,1.0398413209623978,2.130058159168988,1.2508192752157643,2.1430199862959003,1.188251747406449,2.1368075821037458,1.0253741190182435,1.0724553383959836,1.5320790548514052
2.1894121066179397,1.030699192090538,2.18547882404544,1.034193676761325,2.2075893960772333,1.2154257998831353,2.2005101938114686,1.1850930652857123,2.1894612110828584,1.0056499212245626,1.0724553383959836,1.5320790548514052
2.09874753881073,1.0912548091590186,2.083229469629028,1.078819835665615,2.121643103132385,1.278654592328628,2.1322890981759977,1.225183331140636,2.117314054494793,1.0621708413951532,1.0724553383959836,1.5320790548514052
2.099687858683405,1.040992059351588,2.0993146265057208,1.0372061316177734,2.118917181189784,1.2264992860954484,2.166580581246073,1.2271113277552723,2.11373998289141,1.0290539919888166,1.0724553383959836,1.5320790548514052
2.09069420127713,1.0689646334849965,2.08346855929374,1.058971034653463,2.1152136368192047,1.25592657192635,2.126560449908492,1.2398633540774382,2.1322823297824254,1.049067895516942,1.0724553383959836,1.5320790548514052
2.156559559310065,0.9909216850595928,2.1316931962105024,1.007918246617807,2.174256109200337,1.166936015593398,2.1587519203654204,1.2014555452068054,2.1570820100983843,0.9877582176003092,1.0724553383959836,1.5320790548514052
2.072559962383967,1.07452534991889,2.0849015378616014,1.04839854349355,2.090096618700476,1.267769687096398,2.1485111773880923,1.2599452909903268,2.0978710552112845,1.0306918091725377,1.0724553383959836,1.5320790548514052
2.152860047659188,1.0021051967353989,2.169735553638701,1.03247105692876,2.1664117502201385,1.1810656861370608,2.203996144644047,1.2009039959548289,2.16758684552888,1.0001794388937073,1.0724553383959836,1.5320790548514052
2.152309327665516,1.069304204592069,2.169889622751531,1.101901857269704,2.1673102166037244,1.260565609984701,2.183044683178725,1.2991412266686546,2.180615409799651,1.051288036033395,1.0724553383959836,1.5320790548514052
2.105143656545484,1.0197188361023706,2.065796974659051,1.019116620530583,2.1263591097157213,1.1999211019573022,2.095480744439264,1.1922149734489134,2.119885935184011,0.9911114642684816,1.0724553383959836,1.5320790548514052
2.0835229505698183,0.987635929446711,2.0782038758883927,0.9757299071540104,2.1041925045946632,1.1658920744321848,2.105927381456957,1.1458962091332183,2.112455559017274,0.9847250683711776,1.0724553383959836,1.5320790548514052
2.094607042477122,0.9961484285804584,2.1028124285903,1.019502478136486,2.1123740286747466,1.1758397904467257,2.093182768879774,1.2030603668500064,2.1142899571057483,0.9894081962520196,1.0724553383959836,1.5320790548514052
2.097597288374014,1.0333886877671747,2.0703280521133145,1.021361712124734,2.118793945841817,1.209837569207987,2.1088027366562097,1.2125641946853574,2.116086623782072,1.0263644986779084,1.0724553383959836,1.5320790548514052
2.15529221205905,1.071705857632885,2.139245808900796,1.0601458763756937,2.1721280924037925,1.2641515931205352,2.1770944698002146,1.2151059335795455,2.173283835318849,1.062014083128705,1.0724553383959836,1.5320790548514052
2.1180193469437354,1.035887445844427,2.095572375691138,1.0420538679988969,2.135911296960787,1.2222924281007357,2.0875443112998915,1.2213160878946594,2.133833791805126,1.0457378631814505,1.0724553383959836,1.5320790548514052
2.10088851463023,1.0423154020345566,2.1648361885276497,1.0708517011065468,2.1213516137758552,1.2154398090100902,2.174704956137472,1.302950789173725,2.1157835348272704,1.0384937716895788,1.0724553383959836,1.5320790548514052
2.1080662470546443,0.9988766229799092,2.161931036466192,0.9612909784076747,2.126850244977108,1.176225366781925,2.1655404749010447,1.1207839815691027,2.1256767847248983,1.0083376201718748,1.0724553383959836,1.5320790548514052
2.0884392355326944,1.0265708162888618,2.1229902121331485,0.9736163690473806,2.1072895579884654,1.2058355049516292,2.158465842772575,1.15261911556418,2.094688025839168,1.0314649047737168,1.0724553383959836,1.5320790548514052
2.087911672913384,1.090904982699361,2.0417844301686805,1.0699886040203697,2.1073309088823384,1.284685600396482,2.054090295915392,1.2412052575064236,2.0999941084608804,1.0589946060274498,1.0724553383959836,1.5320790548514052
2.143841356726321,1.0283479670556226,2.2254755871616445,1.0377550798053363,2.1609920177999737,1.2082535378802273,2.222519462759267,1.207411304476523,2.182245859734354,1.0080245855907284,1.0724553383959836,1.5320790548514052
2.1346820998920317,1.0580150546855307,2.127283418404118,1.009197511219259,2.1511577356092664,1.2469517903117089,2.1299405675183007,1.2158959136958412,2.1104628005507062,1.033511445359603,1.0724553383959836,1.5320790548514052
2.1735545398119047,0.9813099516366824,2.244665618403905,0.9967175126430492,2.189448762567496,1.1475848003313445,2.28842497647115,1.1633133463177994,2.233313853510883,1.0013370712968026,1.0724553383959836,1.5320790548514052
2.09374444877526,1.0792515227259871,2.1002749001291683,1.086332999142569,2.1114507395037183,1.269484219112697,2.160969117695703,1.290904421093888,2.104608395052415,1.0669069529748458,1.0724553383959836,1.5320790548514052
2.1170039534958653,1.0844131139029392,2.1402955429440547,1.120031715398468,2.137551934432273,1.2772481851733792,2.1357676836321056,1.3411931722086663,2.139117405619783,1.0639205137501917,1.0724553383959836,1.5320790548514052
2.2030977911331573,0.8648593071597998,2.1624369359082816,0.9680268328258512,2.216834023320126,1.012352482913935,2.191797645914143,1.1745855536869203,2.202442078952372,0.9189030442888944,1.0724553383959836,1.5320790548514052
2.1470640112484545,1.0643176834527557,2.1497930087517445,1.0297088828024774,2.1649160651654715,1.2463143118707136,2.1846315885626844,1.198836114569895,2.160559496283363,1.0506962150899322,1.0724553383959836,1.5320790548514052
2.1579570349899395,1.06993699944987,2.141630300240464,1.0614672193177237,2.175886640198022,1.2606382945905796,2.1899737247706,1.2393258463090977,2.1877048936643084,1.023055445225719,1.0724553383959836,1.5320790548514052
2.166823547637834,1.0925747334965985,2.1691507434201944,1.123200861518301,2.189700030992984,1.284057982618311,2.195002825403762,1.3111411545866032,2.20839941583005,1.0969532662672594,1.0724553383959836,1.5320790548514052
2.107831205383011,1.0825911176059202,2.1007228588640587,1.0776551730920243,2.1287698415256235,1.2748297780700015,2.145747900256761,1.2647641016640123,2.12437213894736,1.0509877266392946,1.0724553383959836,1.5320790548514052
2.16553508172864,0.9794584710842916,2.2137731860341416,1.0007818886441588,2.181269233466748,1.1521369688825147,2.253912392714808,1.166203215880338,2.196833227538564,0.9652772922946125,1.0724553383959836,1.5320790548514052
2.092976087214346,0.9885302833702428,2.11768928280636,1.0307762055865106,2.1136521664135146,1.163287540115207,2.1434246969469544,1.210865044643082,2.134827451085725,0.9860739129234408,1.0724553383959836,1.5320790548514052
2.150363459012448,1.0041352993368955,2.1305606839071225,1.0730627421336172,2.1699791385374274,1.181956755119981,2.1695876189055405,1.2259562839959524,2.1533303988034853,1.01428277633141,1.0724553383959836,1.5320790548514052
2.2048702604110844,1.0050454134538704,2.1912879388862145,1.036881066968405,2.2230511596313858,1.1838511642789176,2.210439243666305,1.2014754517711328,2.1967150468793277,1.0252586977733071,1.0724553383959836,1.5320790548514052
2.193278250305953,1.0535389351954108,2.19279397002214,1.071467033250868,2.210514815938226,1.2368038287031269,2.210774520940721,1.2593925028379531,2.196834357235177,1.031499873355408,1.0724553383959836,1.5320790548514052
2.145344401428821,1.014780621642695,2.148950626133208,1.0596670530392345,2.162666408439605,1.1938091455924082,2.1945659878073034,1.2566328019197286,2.1606107800361958,1.017230957444594,1.0724553383959836,1.5320790548514052
2.030969266290648,1.0126136408679358,2.051715739000709,1.0319236671685534,2.053086090649199,1.190828108047551,2.0542548411946813,1.2240677783695817,2.1056828422087266,1.010220843959296,1.0724553383959836,1.5320790548514052
2.1567983101608945,1.0501623295572131,2.1302755406278253,1.0484858741438452,2.177660681759362,1.2368394309137043,2.154891662659133,1.245184023908016,2.158670625674981,1.0176643719384946,1.0724553383959836,1.5320790548514052
2.0877169429409475,1.0069676817889124,2.1230009171817783,0.9937891728074106,2.1044106615315585,1.169401152651273,2.106742380351477,1.2199728143940858,2.1261912409256336,0.9995912842261252,1.0724553383959836,1.5320790548514052
2.090955822949576,1.0631492586760698,2.1277937165796383,1.0692646533656676,2.1115847142458293,1.2542954164306297,2.133630806663061,1.2214279829705328,2.1399157139887333,1.0365972320102994,1.0724553383959836,1.5320790548514052
2.149486622924971,0.9777028285091536,2.1806058647002127,0.9637649833353844,2.166149763702657,1.1498788440784529,2.2309318842920467,1.1283639912066188,2.1993768882541014,0.975814901748681,1.0724553383959836,1.5320790548514052
2.1273896526340823,0.9851630089994752,2.1346943046046527,1.0338315851575908,2.1459213604294787,1.1636166170638476,2.147133908654665,1.2306205796578311,2.1610021551623686,1.0012362915430206,1.0724553383959836,1.5320790548514052
2.1143893185763845,1.080170508435682,2.146123580769522,1.0915191823902928,2.136513341176604,1.2701198055471308,2.1786410031484547,1.2515861354910167,2.1499124139317933,1.068573789884801,1.0724553383959836,1.5320790548514052
2.083694956262877,0.9711719691094558,2.080888768342368,0.9973432969870168,2.1027462863648974,1.143149225166899,2.0795605186770407,1.1833131675210289,2.074567641490549,0.9660670869216118,1.0724553383959836,1.5320790548514052
2.1204329204031818,1.093812068539871,2.077791701155045,1.0881112840124114,2.1410834392198583,1.2872719503074082,2.07540869552445,1.276036091283945,2.118442426587999,1.0642454841411353,1.0724553383959836,1.5320790548514052
2.223045351070564,1.0758205928359996,2.226096090733498,1.0647513300568987,2.242418760970021,1.2642831386506863,2.260462004225292,1.2774418410639694,2.2133184193565647,1.055362532561599,1.0724553383959836,1.5320790548514052
2.0525903879534764,1.048561158406461,2.055096359843942,1.0150549043822537,2.0756715234253518,1.2342939215499862,2.0730540580290646,1.1875683575128433,2.0765737426912128,1.0217408148886502,1.0724553383959836,1.5320790548514052
2.123903115750957,1.0045072712101737,2.179184440097361,0.9902036236455496,2.1434919438220947,1.1798716994518064,2.179688936305459,1.1497787385776383,2.161128303128688,1.0028821409895965,1.0724553383959836,1.5320790548514052
2.162758315644324,1.062800983868344,2.1385366881834,1.067481167832318,2.1831864457142918,1.254579994581873,2.1837494966979367,1.2296466569422266,2.153663873684833,1.051482733179982,1.0724553383959836,1.5320790548514052
2.1405772421402367,0.9739050056809456,2.1253732486937813,1.0561891994907755,2.1604772672848105,1.1482038495504696,2.154176848061668,1.267390197556758,2.14167646285764,1.0244341516446251,1.0724553383959836,1.5320790548514052
2.1696943123929646,1.0603305984299902,2.1695972643367125,1.0259459025574438,2.1880925803810958,1.250430782013194,2.207344819807349,1.255220790452397,2.1626645950023464,1.0232090201471131,1.0724553383959836,1.5320790548514052
2.1025762010961917,1.0425804529890834,2.1708610223702496,1.05306546221621,2.123606895464009,1.2237037387385297,2.200082012528839,1.2104272690647424,2.1619994644528187,1.0443422529432904,1.0724553383959836,1.5320790548514052
2.127522914943663,1.0944335338343616,2.140977439511719,1.0357551503781206,2.1535685461645997,1.2835230071949857,2.1477255376782125,1.213323239024638,2.1146271462752333,1.0895124330789494,1.0724553383959836,1.5320790548514052
2.102281104445066,1.0703963769989404,2.082786038527462,1.0536178186743128,2.1229576444957683,1.2595974792984908,2.064425692147217,1.254435216788118,2.1166352293974646,1.0445186038434275,1.0724553383959836,1.5320790548514052
2.129794813034513,1.0771107055240106,2.116627113380386,1.074958527907806,2.1520399198872195,1.2665855763589795,2.147822737684787,1.254793556069096,2.129986482174313,1.0738858437013137,1.0724553383959836,1.5320790548514052
2.094395326441931,1.0704009949239233,2.140657437668159,1.101579332950028,2.1157944622710327,1.2578623968935634,2.1250562418583,1.3437142997752334,2.149215330557756,1.069452352877996,1.0724553383959836,1.5320790548514052
2.0897127643765536,1.0662121017102302,2.100736636672329,1.0885406082331028,2.10957240838507,1.251934708049632,2.1356841452457096,1.2386197403396435,2.1166291856039305,1.072357417868692,1.0724553383959836,1.5320790548514052
2.1492896337798117,0.941563641987782,2.1726756822262887,0.9580884720837682,2.1663990435525275,1.1057343215478113,2.1931232047125158,1.1333579092903758,2.189252275109946,0.921534362871649,1.0724553383959836,1.5320790548514052
2.144215602845835,1.0297665631268862,2.1721952289133166,0.9897397115292496,2.163969693874774,1.214311326911339,2.2177296606176453,1.1431127117842237,2.173353837011992,1.0035406906274391,1.0724553383959836,1.5320790548514052
2.2106703698682755,0.952209897362738,2.1510597164589877,0.9371559386983954,2.230205268700334,1.1239979216737457,2.171266509203658,1.0958301725961173,2.173049100769184,0.9496718433503,1.0724553383959836,1.5320790548514052
2.1874890677717205,1.035898019061446,2.188312788341638,1.0144214404891567,2.2099623007542246,1.2192167215775391,2.25146571329206,1.1922160849589671,2.1749904464368366,1.0195199357585898,1.0724553383959836,1.5320790548514052
2.136800823103464,1.022206860787894,2.123522627685329,0.988638316320716,2.1544678041692173,1.206617887892055,2.1315324669529585,1.1821709981869566,2.1632108993989947,0.9970056710250716,1.0724553383959836,1.5320790548514052
2.1541078252400405,1.0087931540856232,2.156314068994745,1.0278814341936786,2.174232539947524,1.1900962274375462,2.170985181528463,1.2135578399938456,2.170972311074534,1.0424050744464184,1.0724553383959836,1.5320790548514052
2.076940653546441,1.061051747301775,2.0576614324339846,1.0741502540296526,2.0995071829143472,1.250366060046468,2.0932554389825144,1.2385419216619014,2.1189676416698813,1.0253423847091674,1.0724553383959836,1.5320790548514052
2.173928218162658,1.0770460524368055,2.1323396739510336,1.1480147800524472,2.1937507494399564,1.270260736524592,2.1564681655227087,1.346244467360192,2.190796855297783,1.0833046230597307,1.0724553383959836,1.5320790548514052
2.1260303344315714,0.9948326498650328,2.176508344503739,1.0013194588125809,2.146128789536529,1.1686547402653018,2.16990126097882,1.1874429771828392,2.1670060325796627,0.9929944733593836,1.0724553383959836,1.5320790548514052
2.1105740955791377,1.087904861750726,2.1418480183533624,1.124705943368158,2.1290369516088137,1.282014439818775,2.149237583053318,1.3353410315902476,2.177247815244641,1.0509083935209464,1.0724553383959836,1.5320790548514052
2.182648303444299,0.992584134571672,2.104949779959477,0.980927354493002,2.201156927972328,1.1711850391379115,2.136253857724709,1.207447571464216,2.1697495116948167,1.007903604271382,1.0724553383959836,1.5320790548514052
2.093286193210383,1.0787626189745525,2.069416002192417,1.0867360696269726,2.115770368275504,1.273778915081455,2.0726814887465084,1.300580298741214,2.1265719902243068,1.0451251967829671,1.0724553383959836,1.5320790548514052
2.1162605230348537,1.0055566840858887,2.1405050921624738,0.9848844392941624,2.135256363953768,1.1822975023133655,2.1470936260035303,1.1844836176090698,2.143488282961919,0.9844822855259348,1.0724553383959836,1.5320790548514052
2.1563580015885435,1.059168604851768,2.1392328408761,1.0288999420407483,2.1776309397304554,1.2507578265285442,2.1715243528420323,1.2242705105382554,2.1501230265814923,1.0803682045920802,1.0724553383959836,1.5320790548514052
2.144629069285771,0.9904939113496078,2.1081076637042835,1.0275527187926785,2.1661923782615755,1.166581236311841,2.117791552864578,1.2067820045293998,2.145638757932276,1.0094896307902406,1.0724553383959836,1.5320790548514052
2.096709410998704,1.085403115503025,2.1063548088289004,1.0828542386537734,2.119508764280084,1.279319461841266,2.116759693462097,1.307451171856617,2.1434242187778945,1.06085156999205,1.0724553383959836,1.5320790548514052
2.085683468583313,1.03888175092053,2.067841154877494,1.1000652483971345,2.107814173742141,1.224852803753352,2.0667933263622,1.2997319228191748,2.09459960854587,1.0442996847916692,1.0724553383959836,1.5320790548514052
2.120935755145288,1.079327914555412,2.139055909438305,1.0987454133047434,2.140881584760665,1.2737874436213572,2.147128583404505,1.338000216487956,2.139098302882743,1.073271574234581,1.0724553383959836,1.5320790548514052
2.034819948968844,0.9929654805567364,2.031353297388916,0.9838871500444248,2.0532911506009186,1.1641033009202797,2.0598842747097894,1.168663672887238,2.066184602654584,1.0208555690915535,1.0724553383959836,1.5320790548514052
2.099613043177743,1.054939642076017,2.069051918181957,1.069990909495916,2.1202408632798,1.2458632897593933,2.078316550006849,1.2688262658350866,2.1188322358050837,1.049887839636836,1.0724553383959836,1.5320790548514052
2.0352876337325214,1.0088042876589989,2.0498075115152883,0.9880202544030569,2.0540744068538888,1.1900814753143134,2.068472236530796,1.1701194116729874,2.102443452286115,0.9683301818737724,1.0724553383959836,1.5320790548514052
2.129312604015672,1.032188421633751,2.069788223549012,1.0853140344874768,2.14924165051407,1.2109975685976282,2.0399398012725705,1.2921993294990788,2.126128411691643,1.0605609313688922,1.0724553383959836,1.5320790548514052
2.176915584636857,1.1170944681659345,2.133235878796206,1.1739423810464686,2.195860554932059,1.3137044073598745,2.1458513282348792,1.3783533168319806,2.167083872217533,1.139573817051596,1.0724553383959838,1.5320790548514056
2.1576966382170606,1.0164738593737075,2.13492290648789,1.0348891614925142,2.180283188929371,1.197078487466387,2.1578917076421145,1.2152399496045967,2.169114067626873,1.0251499781015787,1.0724553383959836,1.5320790548514052
2.045782315334272,1.0451745890674866,2.0423007538661,1.0031553824312154,2.0678451754441785,1.230432865012479,1.9948423023653343,1.1831760058438237,2.0920907717063257,1.0260129339057562,1.0724553383959836,1.5320790548514052
2.0826550434331845,1.0764486139839016,2.1184035056656243,1.0147982638961677,2.1035174625926407,1.2708395223837727,2.137255336242473,1.1759460656649616,2.112703641378839,1.0420650148483106,1.0724553383959836,1.5320790548514052
2.069955950247437,1.0087285191894022,2.033854476855294,1.0182785475985685,2.0902738381388803,1.1862619308343398,2.054266494077659,1.1778330433512465,2.084623239568652,1.0234269930296451,1.0724553383959836,1.5320790548514052
2.125362071166525,0.9739220751402388,2.170005981635383,0.981800776425868,2.1420391499765774,1.1456007193253268,2.1883390563337235,1.155361037172402,2.1439740209082445,0.9930521468450932,1.0724553383959836,1.5320790548514052
2.149821087343448,1.0317218905942176,2.114602778086403,1.035128225685872,2.171506943005933,1.215506556920682,2.0784152650708183,1.2999758460397226,2.1553284561420827,1.0213346711804328,1.0724553383959836,1.5320790548514052
2.1026840826415745,1.0641325540217286,2.1603755221965373,1.0483322740408527,2.1196289781536484,1.2561020623142896,2.1841570577791005,1.2633862922409318,2.162595853596347,1.019953574690622,1.0724553383959836,1.5320790548514052
2.062355126576642,1.0517951771151093,2.121751061247364,1.0365234943363173,2.082598617118344,1.2393912399448288,2.148137709678681,1.2312687991340208,2.1007674411634945,1.044442585547185,1.0724553383959836,1.5320790548514052
2.152506884229198,0.9848819339365252,2.130539507061364,1.0065494227755754,2.173578609030653,1.1524864852221337,2.162893258164001,1.21785020191513,2.165607831623911,0.9773096046099982,1.0724553383959836,1.5320790548514052
2.1028468707923778,1.1081938220784178,2.1361070742650075,1.0588271933886886,2.1223851224159342,1.30815895959346,2.130944190890429,1.2418457247314394,2.145793513757715,1.0590888434358687,1.0724553383959836,1.5320790548514052
2.1501460055554102,1.080804304263098,2.1596775465970466,1.0611456836757256,2.1689747869791085,1.2736074139392477,2.1969709927371737,1.2374259852035412,2.177446183170688,1.0560310395854169,1.0724553383959836,1.5320790548514052
2.0780792844389158,1.0366343826282949,2.0820360368166413,1.0388843652696818,2.097150985358562,1.220215252213778,2.0956857997055174,1.2263444160013082,2.1146982421985654,0.9909489334568152,1.0724553383959836,1.5320790548514052
2.2143512596883146,1.003551752755286,2.133374817780382,1.064184707198003,2.23348013070281,1.185088798853314,2.158816313917836,1.2992235265589176,2.1856655754876755,1.0286717101001015,1.0724553383959836,1.5320790548514052
2.10861393540677,0.9872792550402276,2.1393328962867377,0.937530153619428,2.1298070409443883,1.1611572037890094,2.1633515449686223,1.1264921387537945,2.150979754657066,0.982904654674356,1.0724553383959836,1.5320790548514052
2.0927004899881885,0.971222303505108,2.056933545172804,0.9306320194447352,2.112037197225554,1.1449490734028422,2.085078684382258,1.0749203134408687,2.110336041294969,0.9407524306218138,1.0724553383959836,1.5320790548514052
2.143509962954351,1.0347737346616606,2.1146415660045337,1.0477501692328188,2.1616568108588066,1.218716053220223,2.1456567783718152,1.2446477217215726,2.1585730176362263,1.0319972176025871,1.0724553383959838,1.5320790548514056
2.171640923671534,1.058154494920226,2.1038828029037457,1.061449054619096,2.192263228376292,1.2480313797202385,2.1205337835892206,1.263233353437648,2.162369999595972,1.0392239909777188,1.0724553383959836,1.5320790548514052
2.1825305185103634,0.9966929189325376,2.170851172954516,1.0223313304708457,2.2021704866824074,1.1713380332679582,2.1964307557963694,1.192156128435377,2.184093275378742,1.0070023045323149,1.0724553383959836,1.5320790548514052
2.086558201683028,1.0275316805168262,2.123278873386617,1.0362748370948236,2.1043343365827103,1.2032866264133075,2.117874224669765,1.2268072867773792,2.0963581354495906,1.023035912129557,1.0724553383959836,1.5320790548514052
2.1634017198966133,1.0036420302554303,2.1346644262220478,1.0194511783004978,2.185788769136968,1.1838353593531497,2.20105376865826,1.1871624644842635,2.156484662488282,1.0091687411314842,1.0724553383959836,1.5320790548514052
2.0719743951710017,1.000500483449973,2.043435287760529,1.0162481202242213,2.0877521600533493,1.1818929524503548,2.0489113243308084,1.1814101472726513,2.0945704277001758,1.001262862085601,1.0724553383959836,1.5320790548514052
2.1128100933952103,1.0266655115491117,2.123598348091935,1.0899851093452315,2.131502419313874,1.2112443308886724,2.1130084161600924,1.290472475476597,2.15222577046069,1.0379404565387125,1.0724553383959836,1.5320790548514052
2.064348989457152,1.0865626890715008,2.092624410906169,1.0513758546155267,2.0811994578935065,1.2730117365264153,2.0967003786482543,1.273043232490234,2.0875992986028407,1.07622232986164,1.0724553383959836,1.5320790548514052
2.144241061728746,1.0061588402171269,2.1542891618602327,1.0281790192369535,2.1565621140210816,1.1872948073411689,2.166443463572225,1.184757567161029,2.1603757969617567,0.9845823552149084,1.0724553383959838,1.5320790548514056
2.150737320449029,1.033123094479909,2.136782942060444,1.0602220542799934,2.1673256492679696,1.2188323998387145,2.1488886176499045,1.2197623383617828,2.169054646369014,1.0398119352039878,1.0724553383959836,1.5320790548514052
2.197854772091328,0.9864872736813268,2.182484872027568,1.0053337106943807,2.213072000949744,1.1607012352820951,2.1861909713510355,1.167928161970123,2.1934809557986217,1.0156613153815934,1.0724553383959836,1.5320790548514052
2.1257534722072378,1.0963350250176864,2.076985458426354,1.077475034429958,2.145595581725435,1.2936315684516746,2.0599800774953008,1.2888014856756935,2.123486288583869,1.0553024554275376,1.0724553383959836,1.5320790548514052
2.1116719409385314,0.9645004254945364,2.0949242008439533,0.9987594733670436,2.1303751880295723,1.1353390247239392,2.112075294620521,1.164720577524237,2.1485437752197,0.9714410112337896,1.0724553383959836,1.5320790548514052
2.2117600068678014,1.0676944658647802,2.1842917567926343,1.0593381714045067,2.22950210221472,1.257414941278335,2.2071003886323584,1.2505450933187274,2.201848415703624,1.0243533696817426,1.0724553383959836,1.5320790548514052
2.1203095293451755,1.0458479819876676,2.126168355860179,1.0736931652984196,2.138756748813927,1.2290662971605897,2.122291933353877,1.2451809599918418,2.136657148628354,1.048553661550686,1.0724553383959836,1.5320790548514052
2.115007513155252,1.0109606901266692,2.130220310130581,0.973622474335948,2.1299307944879318,1.191307942966891,2.127997075186268,1.163157569740895,2.11597643818598,0.9930617688696174,1.0724553383959836,1.5320790548514052
2.2047188667164384,0.9852575668285216,2.1757946390023326,0.999175819203743,2.2241226762902637,1.1582229563704414,2.2243960372234115,1.1624411169169733,2.217962107797935,0.9817168684056796,1.0724553383959836,1.5320790548514052
2.116371935945375,1.0096490862501586,2.081540209547778,1.0010154185230702,2.135185356620159,1.1898736095268452,2.1120816889502723,1.193031387662224,2.133143618495425,0.9820282961883536,1.0724553383959836,1.5320790548514052
2.1231378528589064,1.1207688420467603,2.079993933826012,1.1077274979963383,2.1432322861487885,1.32271959172912,2.09099548758591,1.314286477389917,2.1438314800634246,1.067212684525459,1.0724553383959836,1.5320790548514052
2.103732029746017,1.0198074701964686,2.099258551880626,0.9957839915631288,2.1237618799476845,1.1952985580699047,2.1218992201292264,1.2004011420678604,2.1346428755116094,1.0113666797107188,1.0724553383959836,1.5320790548514052
2.116980615359213,1.0378730413501902,2.111005323080651,1.0275141885709445,2.1362253122243104,1.223654116047742,2.118489994454143,1.2129865072772026,2.1293025782501847,1.0280390977350893,1.0724553383959836,1.5320790548514052
2.161759524295323,1.067847356826337,2.093790165713705,1.0687407476886503,2.181506755749659,1.2588601702730224,2.079309148746402,1.3012814822903351,2.1683376016307774,1.050732279071214,1.0724553383959836,1.5320790548514052
2.1018792434455205,1.0772959452654731,2.121461127459606,1.0772137792040453,2.1204260270218414,1.2717308555128626,2.125187005014367,1.2629894615059356,2.1491157567984014,1.0478269975054957,1.0724553383959836,1.5320790548514052
2.12141727725041,1.0754692410378288,2.121996198131096,1.0343565481826478,2.140002430291524,1.270099844596697,2.141015963914332,1.1940908054979555,2.161393496308808,1.0167493647186858,1.0724553383959836,1.5320790548514052
2.148579390435367,1.023406780080556,2.118726626377773,1.0237858653237728,2.167472041672764,1.2051684700758964,2.176728181015615,1.258684376439506,2.142973448311559,1.0382767859943751,1.0724553383959836,1.5320790548514052
2.1399733157403924,1.0234822373933572,2.118825721912465,0.9698921528750922,2.1571107227824746,1.2070149765315004,2.147530208937015,1.139812269434682,2.136486658721203,1.0234389701179567,1.0724553383959836,1.5320790548514052
2.0438930256962458,1.0135644242040829,2.011768175273249,1.0589118995549738,2.066335742956839,1.1948515175812442,2.035479427204407,1.2740848810187644,2.037899679665534,1.0377114967667782,1.0724553383959836,1.5320790548514052
2.105856489740239,1.0152932408710968,2.0951831163471706,0.9860481086055526,2.123226542935135,1.1975965014479817,2.081352235030368,1.1704796974551803,2.130533871754844,0.995689593886306,1.0724553383959836,1.5320790548514052
2.1823395870550537,1.0355896976582095,2.184463772073532,1.0439357702247347,2.2004097281418,1.2169340618178597,2.22415757841414,1.200969957187792,2.202522072922981,1.0310909923992184,1.0724553383959836,1.5320790548514052
2.1539951094681102,1.042484269554245,2.1267081517595896,1.053312570448269,2.174296201433749,1.2280793114153858,2.158433952245442,1.2324067782998651,2.131576303496768,1.0325839276378226,1.0724553383959836,1.5320790548514052
2.11887986677664,0.9711933136915204,2.1270044736823834,0.8852978717466167,2.1361596403456784,1.1442196904856985,2.180901921031247,1.073073520550849,2.1636177290204164,0.9467284052405508,1.0724553383959836,1.5320790548514052
2.1263688213748138,0.9753415654914966,2.155562553666702,1.0170356712366098,2.142362930473233,1.143810473120732,2.1625204399111952,1.187463708708269,2.1614470085510966,0.9938392502209672,1.0724553383959836,1.5320790548514052
2.11176467671129,1.0477551293625038,2.0745999000333875,1.078495830047027,2.128298684565708,1.2289392586746857,2.093837631707361,1.2731988314195766,2.103795936462021,1.0736334568521295,1.0724553383959836,1.5320790548514052
2.100598313306162,1.0066341397885488,2.0901459202256047,1.0140893994310356,2.1219543010706685,1.1863124999573325,2.115795183397001,1.233037421656714,2.1338608276445115,0.9826051845617384,1.0724553383959836,1.5320790548514052
2.193819152838046,1.1041656147438177,2.1706561029315536,1.097430804487252,2.214184388099397,1.291341282113695,2.20045933634207,1.2707794522840907,2.183620805002395,1.0767428479808625,1.0724553383959836,1.5320790548514052
2.0708275094729203,0.99092990170412,2.0938836516697563,1.0252881590507688,2.0846044326988675,1.1692836195138991,2.128944322799739,1.2152873704885685,2.1121490901523825,0.9765470979354434,1.0724553383959836,1.5320790548514052
2.174137094807425,1.087848441089004,2.1320937910167914,1.1084234883577089,2.1931727655476227,1.2749817467015616,2.130945531231511,1.3426422919483492,2.1918676621256994,1.0581760320421816,1.0724553383959836,1.5320790548514052
2.1337759527166247,1.0550708624421077,2.103858597994918,1.0688441267956,2.1555484079561373,1.2392331462833397,2.136944065842707,1.232666401419798,2.149938029977658,1.0346445443713386,1.0724553383959836,1.5320790548514052
2.119915120693716,1.0484930894132294,2.111193344965587,1.0264536104807198,2.139815505493194,1.2338171246659873,2.1147561704115025,1.1967448754902517,2.170046898907601,1.022843090173311,1.0724553383959836,1.5320790548514052
2.0886937137403265,0.9990654924766204,2.1024821272397616,1.0123177013004478,2.1079286690077,1.175754654355027,2.1261695886403453,1.191029792620592,2.094928370817175,1.0048167845567784,1.0724553383959836,1.5320790548514052
2.1072690435979373,1.1046550232143535,2.102692672069914,1.084274945125529,2.1223997675007085,1.2953322214616276,2.0969097955213507,1.2960346298516714,2.134650729340382,1.085757969622202,1.0724553383959836,1.5320790548514052
2.0815161978512835,1.0196215564950182,2.069707107525768,1.0462754355481738,2.1021170080914584,1.2034039027038084,2.066542706414046,1.2318243340809738,2.0933694948180666,1.0096103599641144,1.0724553383959836,1.5320790548514052
2.1094747091848984,0.978656945504416,2.07722299700605,0.9826569539417244,2.129659925878322,1.150415793228879,2.062299726869493,1.235726994943056,2.1238298766661385,0.977198550004032,1.0724553383959836,1.5320790548514052
2.067761589734628,0.9529620475131124,2.0496924815018693,0.999202218392928,2.087635983557102,1.1204502905484608,2.1090670478117017,1.1768507050576864,2.106249095227698,0.9736885002002226,1.0724553383959836,1.5320790548514052
2.1286029067250687,1.0141821554084225,2.170849838595163,1.0369563914050053,2.1486289024972183,1.1968511514916595,2.226175812894692,1.2309507186835986,2.166787880523049,1.0099187445012077,1.0724553383959836,1.5320790548514052
2.145076770111425,1.0168459684479794,2.131664256916524,0.9925774165183398,2.166847977156514,1.1939969789189206,2.1843099322609763,1.1655153750496436,2.1498471624155737,0.9974293690135676,1.0724553383959836,1.5320790548514052
2.10864274963947,1.0783940589782532,2.1425362537621986,1.0651719496082852,2.130591504515206,1.273305988991304,2.135825683661266,1.256023153570405,2.1422731715330645,1.0263998516554338,1.0724553383959836,1.5320790548514052
2.1164676827442626,1.093173836139982,2.120492610524171,1.0436581648297718,2.138459460128357,1.288474513192457,2.1557971680529957,1.2097977789433985,2.115064105709272,1.0459931257939967,1.0724553383959836,1.5320790548514052
2.1643003978784465,0.9832104525517406,2.1287329713925778,1.0097081081620862,2.1835425115843017,1.159238236276293,2.107424067707452,1.2591746578801808,2.1674009023975978,0.9788164779243884,1.0724553383959836,1.5320790548514052
2.078249075648367,0.9977391928523676,2.0871805017484504,1.0333902641559083,2.097669614280714,1.1722512021083111,2.1190009052494547,1.2081596346532977,2.103331233213868,1.00160796033273,1.0724553383959836,1.5320790548514052
2.0934896223771147,1.0115378145951066,2.079055017153323,1.0980076683669828,2.112942188802681,1.1857048090411244,2.1154148878539805,1.2883593047048203,2.1348592020958925,1.0084403531134425,1.0724553383959836,1.5320790548514052
2.1131677520041445,0.9769351152980146,2.0931211038819098,0.9514045586288136,2.133455554752884,1.1486230662385497,2.103867512101925,1.1332943077151223,2.09865058794638,0.9351222167055672,1.0724553383959836,1.5320790548514052
2.084326009725385,1.014874379046196,2.083818616763696,1.0356176565080009,2.107291630708393,1.1956040340022076,2.132822870307576,1.194438945370112,2.1262740049084923,0.9971589557586542,1.0724553383959836,1.5320790548514052
2.085160238590293,1.0314635568439223,2.111150294252426,0.9622762239444952,2.10243620487238,1.2137721841589104,2.0921288858260607,1.1735878822505117,2.1471860082900065,0.9983419830011572,1.0724553383959836,1.5320790548514052
2.080723175532867,1.0730707330082925,2.1079464081801453,1.0658179975864492,2.101984718345401,1.2635539429254607,2.117262713126362,1.2622168779438687,2.13420769382051,1.0306719007766494,1.0724553383959836,1.5320790548514052
2.15686484635956,1.0489782706985156,2.161608096997262,0.9786499772505594,2.1795246310923866,1.2336714172285252,2.2080977328487337,1.1619979175583182,2.146920718506704,0.9736476000309534,1.0724553383959836,1.5320790548514052
2.050847712063516,1.061102568146248,2.0755981545591258,1.1077145384133988,2.0738431500327046,1.2485002042580655,2.1141243187633463,1.3001418717464863,2.0911844837713844,1.0669921404574272,1.0724553383959836,1.5320790548514052
2.102795543572568,1.0007941451775342,2.058421929331037,1.0217611769622883,2.1166465264232883,1.1764946622013022,2.0985150450158065,1.1850604838082612,2.0986963130321103,1.0068342916831037,1.0724553383959838,1.5320790548514056
2.124698930390067,1.075755518282723,2.1251267757680856,1.060482161883053,2.1444881532519284,1.266385342722571,2.129633878575566,1.2807132252228204,2.1170207819582605,1.0720814860756287,1.0724553383959836,1.5320790548514052
2.1251790768026444,1.0723968536917234,2.036365510887123,1.0786219079191717,2.1434919312778398,1.2658725280363234,2.0680716131680943,1.2407414991473942,2.115844056387548,1.0680068123073851,1.0724553383959836,1.5320790548514052
2.091388087563777,0.9759114515260636,2.1192742645293525,0.9726641423349576,2.109662324214014,1.1493232807846114,2.1576489960382625,1.1177536660725595,2.132850029381611,0.9518995480905362,1.0724553383959836,1.5320790548514052
2.084335005954776,1.026279175102698,2.084387758407225,0.994080974436584,2.1039384247318456,1.2118966852366833,2.090670387090187,1.2105284056342016,2.105066827840945,0.9985484346887984,1.0724553383959836,1.5320790548514052
2.1557105982673725,1.0187567557891544,2.158505768974554,1.0218417194814204,2.174419795264292,1.195429241872856,2.190977627092254,1.1827795126645533,2.1676258707300198,0.9932421011587236,1.0724553383959836,1.5320790548514052
2.0864096751039183,1.0298086336117804,2.0972484578013693,0.94193991094956,2.106175430130171,1.21533319753026,2.138209966563714,1.1141832944747732,2.121773232047861,0.9923799738896576,1.0724553383959836,1.5320790548514052
2.054244646763841,1.098247430980874,2.097166636274321,1.056619586884199,2.076210879114703,1.296258580904336,2.11931436659911,1.2936997092610836,2.0945311857385565,1.06505267495959,1.0724553383959836,1.5320790548514052
2.189744065506376,1.0084664531684682,2.173089501627396,1.0420179899265414,2.20578321867691,1.1921335122098904,2.1909359406244264,1.2368064602358686,2.194287642708595,1.0313101001764475,1.0724553383959836,1.5320790548514052
2.1016566277692523,0.9678711873754328,2.0923473204589293,1.0415047038616612,2.1191266662462502,1.1424738509070844,2.073403215733052,1.2669783472842795,2.133367821179075,0.9930066290473664,1.0724553383959836,1.5320790548514052
2.0151281603290574,0.9869583513228044,2.055050281105359,0.963637436394955,2.0351916875276927,1.1622808699267546,2.0839105175153745,1.1167469818103304,2.0494803753167514,0.9691035870039436,1.0724553383959836,1.5320790548514052
2.101036961001363,0.9955401374618096,2.05496692999299,1.0317656037980631,2.122608895797293,1.1717631155731936,2.0284379853155228,1.220963558286901,2.097555088126136,0.9764609538221924,1.0724553383959836,1.5320790548514052
2.1093259800272417,1.0286595214843586,2.1565278044775136,1.0276863247527812,2.128040332522172,1.2044182081921788,2.1952239725937077,1.2215860691063345,2.1466936798779472,1.021675746741714,1.0724553383959836,1.5320790548514052
2.141407524591204,0.9634269124002413,2.1177909759715625,0.962681952599298,2.158133993781677,1.1346471458965792,2.098631149354121,1.1417844262471644,2.154613550297534,0.9931964951601784,1.0724553383959836,1.5320790548514052
2.0368332641312934,1.032727343617059,2.0762171036274357,1.0585575973194477,2.057975367410433,1.2198783959439874,2.077691366257576,1.2523443894616797,2.101412669751089,1.0650866181361902,1.0724553383959836,1.5320790548514052
2.1450687899925764,1.0474837937697012,2.1518659506570814,1.0381760089064225,2.167293367674116,1.2338680887593152,2.1615420112142854,1.208862130789494,2.173994257093777,1.032972858770252,1.0724553383959836,1.5320790548514052
2.091917312518023,0.9581165698869084,2.101600921448171,0.9424710784077536,2.1133147530735346,1.130619244486757,2.1278563902249026,1.090315147529458,2.114882761031075,0.9679945961035876,1.0724553383959836,1.5320790548514052
2.1451757584880924,1.018540900823019,2.1944346705026563,1.0660668820896873,2.16202177090801,1.199699426327534,2.231743267009992,1.2201454587994145,2.163217344483526,1.072637280966001,1.0724553383959836,1.5320790548514052
2.22364062008972,0.9997058973840364,2.1683469811180127,1.0105925405195069,2.2409827211470668,1.1794383873183365,2.200160793208403,1.2270999331062753,2.1985905827740293,1.018661793355723,1.0724553383959836,1.5320790548514052
2.102598179875985,1.1166740861169775,2.0892875335460053,1.0603454147735405,2.1219975763793637,1.315503496863622,2.108628918354852,1.2434419186480667,2.126294880055148,1.061527548518842,1.0724553383959836,1.5320790548514052
2.0796545333691747,0.99155904817328,2.0582103828497,0.9900675899839232,2.098451219776415,1.1706625169917768,2.1070707395406005,1.159168952812602,2.112935878898107,0.965195433301114,1.0724553383959836,1.5320790548514052
2.075058841704007,1.054913256293751,2.055850504118335,0.9876312270672688,2.096425215952077,1.243437896080172,2.071334430606717,1.1806182098032012,2.103605309120442,1.0045046784266418,1.0724553383959836,1.5320790548514052
2.1690562262487867,1.0436272397950492,2.1573573384027376,1.0101271062501151,2.190748010378428,1.2310205994623418,2.159149332937488,1.171572014652262,2.1748366238600223,1.0460645586724455,1.0724553383959836,1.5320790548514052
2.1752408968636394,0.9996310688446368,2.2173083759112715,0.9618360348381484,2.189522029581039,1.1761361766367746,2.220007121011554,1.1352661715023322,2.187851975744477,0.9992110609990144,1.0724553383959836,1.5320790548514052
2.1869953957248884,1.0501472052798444,2.1682107964928514,0.9803497839213284,2.2029924351940604,1.2339746235826965,2.184863498533764,1.1614463354232205,2.2025799241459154,0.9976613941267052,1.0724553383959836,1.5320790548514052
2.1645258288886198,1.0608276061849624,2.1586915853465585,1.0588326142196498,2.1835053788344787,1.2531777644286233,2.143006099356019,1.2334023244717716,2.1717053893858425,1.0706224279677066,1.0724553383959838,1.5320790548514056
2.111284251054734,1.0083584542075756,2.110450996794698,1.0408383390058222,2.127093721942584,1.1853037313753514,2.1162594068141423,1.2048108887401745,2.104234320552186,1.0182199617565146,1.0724553383959836,1.5320790548514052
2.0355119008091296,1.0374724503680235,2.066187220688965,1.0020054168875447,2.063159902420817,1.2149379525000794,2.0844292786693845,1.186215074862117,2.119561310422162,0.9994139822988598,1.0724553383959836,1.5320790548514052
2.181042006033461,0.9802321176596094,2.129876849906084,0.999530174224687,2.197641297986582,1.1505335421981353,2.152279055529483,1.2061137539925657,2.161445859714437,0.987441581952227,1.0724553383959836,1.5320790548514052
2.083331295681043,1.0545248420262403,2.091615765875792,0.9927967912368004,2.105632579695139,1.2409796355566534,2.11148897353508,1.176033440350365,2.1199596611029885,1.0437345084126397,1.0724553383959836,1.5320790548514052
2.150597393504066,1.0428063200637618,2.083907876350525,1.0100665067623047,2.172105619968071,1.2266616705260818,2.113104530912946,1.1538084457563187,2.1691778862301185,1.0093463867247792,1.0724553383959836,1.5320790548514052
2.1356763430317955,1.0343443875101026,2.1397318944588832,1.0783086939710214,2.1555645268246093,1.2150273103423836,2.136820796896522,1.2419276390621832,2.139037134011849,1.0187127502563602,1.0724553383959836,1.5320790548514052
2.091854108279468,0.975082038904688,2.105164800538428,0.9281827227341668,2.110560525101241,1.1488190988356914,2.1052261553525478,1.0721355456753996,2.1129505896116143,0.963720358667641,1.0724553383959836,1.5320790548514052
2.09672085944648,1.0256229896161475,2.1314795968673805,1.006278652545435,2.1179242230252133,1.208034794093371,2.102563278815017,1.1887721623307916,2.116878515323375,0.971383702479207,1.0724553383959836,1.5320790548514052
2.152886784161235,1.011237535636191,2.1756668353153192,1.0228606998265977,2.168022144499243,1.1938219310333686,2.19680565179884,1.2209902978081133,2.161832495584432,1.002104209361928,1.0724553383959836,1.5320790548514052
2.035618107470183,1.0041480986683815,2.0483025450927608,1.032509370643304,2.052234171912964,1.1852987845792389,2.0632031523969365,1.2501875165575207,2.0719239523051605,1.0169605265721735,1.0724553383959836,1.5320790548514052
2.1590850823348613,1.0180786906474817,2.160656923495981,1.0471656533139606,2.174941560379576,1.201896091503835,2.1922855339315794,1.2052265539615727,2.181692290436663,1.0086650559714805,1.0724553383959836,1.5320790548514052
2.079638608668368,0.9620106605954034,2.0675752098842723,0.9857167362359864,2.096619100601204,1.1327121846860442,2.083296659632009,1.1483539125837832,2.1165863812417243,1.009331831086316,1.0724553383959836,1.5320790548514052
2.083074856182341,1.1135007547405482,2.13284886301788,1.0930364730600493,2.1069758190564207,1.30808602248192,2.160367660724293,1.267362279643295,2.127046516124022,1.095301228976196,1.0724553383959836,1.5320790548514052
2.117081601655366,1.0540910264087733,2.1027425528649197,0.9930245106214272,2.136449302648374,1.2361160622172287,2.1167978573400563,1.170470770719456,2.109920207578467,1.0213759587337592,1.0724553383959836,1.5320790548514052
2.103549817533651,0.9872590753198236,2.0370688152101133,0.996819399410796,2.1245174551732515,1.163998817665031,2.0659177754190696,1.1819680855637409,2.1012763951920816,0.9854760248835004,1.0724553383959836,1.5320790548514052
2.136798636855992,1.0405216193745646,2.172261169648092,1.038197558841215,2.1564389871422494,1.223945553522642,2.1801191430170777,1.2234815552816216,2.161714443842216,1.0406569645960346,1.0724553383959836,1.5320790548514052
2.0665544709344084,1.0531499091209096,2.0636345108454357,0.9927564564871796,2.0856008098310928,1.2428307334592876,2.0639927468648707,1.176456799747419,2.093450140993205,1.0227784936181583,1.0724553383959836,1.5320790548514052
2.03735622393462,1.0513378464275485,2.098503215072038,1.060733582679576,2.0566162258795555,1.238583416708673,2.140727208250329,1.2190072156005902,2.0803498979222725,1.0598746671765635,1.0724553383959836,1.5320790548514052
2.1041922768640218,0.9992779715680176,2.122436480639497,1.0210182538938946,2.123429721930227,1.178888956774459,2.138977640811848,1.2007170311882365,2.1424993780695774,0.9698556335545266,1.0724553383959836,1.5320790548514052
2.1125247320049447,1.0583243668010491,2.1320067286515845,1.0777443180553512,2.1323848586648566,1.2474300740477922,2.1487503492668134,1.267492252116767,2.1223563725684595,1.0426039614018816,1.0724553383959836,1.5320790548514052
2.125166243463377,1.0518566847630004,2.1152408463172443,1.0596659057996942,2.14480960217203,1.2418479908473363,2.15958507362811,1.2170310052795763,2.120233124542059,1.062190208145034,1.0724553383959836,1.5320790548514052
2.163520318459497,1.0770413126363678,2.185610042309482,1.0954302244942986,2.184456968164291,1.2699544225268382,2.2401881838069526,1.3223142405707844,2.174875489321199,1.0739722171291457,1.0724553383959836,1.5320790548514052
2.2003897172963804,0.955083705096015,2.1249978400136764,0.975526758749892,2.216950801350078,1.126553642877,2.12517563951337,1.1461313732990404,2.1866843737655213,0.9505309954509746,1.0724553383959836,1.5320790548514052
2.101722900593543,0.9795022154893324,2.1205593652990826,1.059584119403606,2.1214892390648643,1.1545586546525677,2.1189506858253297,1.2773070432762732,2.162083694001492,1.0193800784842006,1.0724553383959836,1.5320790548514052
2.092430891057211,1.0191764805368475,2.1286433735191994,1.038337888200863,2.1145438176923173,1.197316378845679,2.1582016278838,1.2162992230519651,2.1207733420772845,0.9992400520665246,1.0724553383959836,1.5320790548514052
2.0738687510677773,1.0446241443227675,2.107715115300235,1.0219952535348005,2.0926665425833724,1.2300135507606351,2.129688880331285,1.175954734705282,2.124254975887893,1.0409450794789017,1.0724553383959836,1.5320790548514052
2.0883494798889632,1.110778075648131,2.057964758902792,1.0440711070890414,2.112043606560108,1.306311049847076,2.075800873717602,1.23936803667006,2.1078408419677688,1.0780353666397404,1.0724553383959836,1.5320790548514052
2.096618691660501,0.9536815274221724,2.1372796539804426,0.9124637121819648,2.1146324610230103,1.1226206608747726,2.14833964367399,1.0665245507282304,2.1500133573349536,0.9061717019922336,1.0724553383959836,1.5320790548514052
2.1507748038940417,1.0479075328213612,2.220423273028627,1.0759560505996355,2.16607655032174,1.231482187620477,2.244706936223757,1.2709758067061705,2.18783913801968,1.056868730303318,1.0724553383959836,1.5320790548514052
2.169521557285019,1.0348602211356868,2.1183190288602294,1.077030731657718,2.184658717948379,1.2193920136424037,2.128813118045118,1.2907021190078205,2.139864292724799,1.0472911031659546,1.0724553383959836,1.5320790548514052
2.0793182922115854,1.072425134496472,2.113700728930598,1.032433650369195,2.099416644290327,1.265552415942984,2.143986502709925,1.217386255111334,2.111682388580474,1.0152817668061884,1.0724553383959836,1.5320790548514052
2.1874583831369225,0.916539951882288,2.1251962141594425,0.971131283098564,2.2000644460939207,1.0798467366956683,2.1530163934245032,1.1454521272036415,2.179204873433265,0.9241117025696228,1.0724553383959836,1.5320790548514052
2.1679471316496155,1.0101900128870147,2.1743471164352126,1.0059927657147287,2.18774901588906,1.1916002575614049,2.201594679163742,1.189542357100744,2.157944366487245,0.9992353942493248,1.0724553383959836,1.5320790548514052
2.12733429035456,1.0213504360449304,2.120849121072805,1.021624508669555,2.1450536050707982,1.1981134298270797,2.131221949213299,1.1803171559800132,2.144346410561856,1.0152093176850292,1.0724553383959836,1.5320790548514052
2.1445812766892995,1.0528298979106128,2.210674074615791,1.1028586126298252,2.164442705398117,1.2399536635716022,2.251568130189728,1.3290351813421772,2.193308809698583,1.0494358813962048,1.0724553383959836,1.5320790548514052
2.120245033543313,1.0511229732820633,2.123101009740929,0.9385572090919718,2.140149504718044,1.238897128872271,2.091103628900428,1.1402949448412658,2.135831226179971,1.0058957888207098,1.0724553383959836,1.5320790548514052
2.1324165139398423,1.0304298907549656,2.166758613728877,1.037640626916497,2.153841021500784,1.210886679508605,2.199693286881807,1.2181960959147289,2.1758117212933272,1.0131492986501682,1.0724553383959836,1.5320790548514052
2.1281016443356813,0.9779438095986512,2.144560129913858,0.9637994005219416,2.148728263878038,1.1491174246145206,2.168368483230811,1.1338544664571524,2.1244659738595866,0.96485118640297,1.0724553383959836,1.5320790548514052
2.148444339518956,1.0684861945717392,2.1546931903559234,1.1601657138929642,2.1681838823391626,1.2579585941814062,2.1584709233935238,1.371362589648606,2.188909161268773,1.077030441945231,1.0724553383959836,1.5320790548514052
2.079456399690952,1.082714162571639,2.102893714049697,1.0502344329267166,2.105517109737237,1.2754121873099311,2.1330048316320758,1.2281189619156938,2.113649599277168,1.0334470664432205,1.0724553383959836,1.5320790548514052
2.100359702594137,1.023651281750836,2.1103989299251262,1.0318676143391323,2.120095636394113,1.1992377860899035,2.15862979728731,1.2271067633796686,2.126968474857597,0.9718533087839472,1.0724553383959836,1.5320790548514052
2.112768648076081,1.0181969498126788,2.076912824830492,1.03214393218607,2.136244629681804,1.1951340838486115,2.138959056225215,1.2079033650241726,2.119623442310273,1.0226146696292089,1.0724553383959836,1.5320790548514052
2.170038274901016,0.990031297165216,2.1620158360533828,0.964648423583022,2.1878278240520137,1.1662251053893171,2.173858316291881,1.1248148648726477,2.198406372071068,0.9524353378882614,1.0724553383959836,1.5320790548514052
2.1192902804373444,1.037215767559572,2.15409063951874,1.0448786803222323,2.1418563890426143,1.2157448556489514,2.197042898306841,1.2688133858375272,2.153919238323049,1.063030674833736,1.0724553383959836,1.5320790548514052
2.12902557336752,0.9966241812948629,2.137629840675167,0.9842477005492902,2.1479939321256487,1.176743084730992,2.199103047616321,1.1456417017158604,2.1499852459105755,0.9827454149109356,1.0724553383959836,1.5320790548514052
2.0288938378253705,1.0954823107452003,2.0374415279020446,1.0956200390175097,2.0509937709145314,1.2912059425956115,2.062407245648379,1.3010913248400673,2.0786552962645763,1.0644307028034652,1.0724553383959836,1.5320790548514052
2.0761633417879137,1.0724088197175254,2.098359310606348,1.089706586179067,2.093211993457604,1.2648004218014866,2.108224819573195,1.283355570808612,2.1157740020707325,1.0584552950335886,1.0724553383959836,1.5320790548514052
2.1398564856998825,1.0322850759696216,2.11891470090306,1.0683125675786838,2.156716933382962,1.2124546458606766,2.110425162778619,1.2689449268583746,2.1396097574258204,1.0590112622519798,1.0724553383959836,1.5320790548514052
2.1789652680952094,1.066696772392615,2.1544711607302234,1.0575025036135228,2.197066556778487,1.252594506574368,2.17091440068202,1.2444003173684548,2.157637012975224,1.0556002382306011,1.0724553383959836,1.5320790548514052
2.056276533782399,1.0046031403543825,2.035937177156535,1.0744895519885105,2.076723204953544,1.1780071206240288,2.0564974051144724,1.2776429256055954,2.074567784168005,1.018697109841062,1.0724553383959836,1.5320790548514052
2.1359158327794203,1.0665733502458523,2.163347929136552,1.033734500527157,2.1533059047860044,1.257508997295807,2.1977304376835347,1.2007183361958658,2.159086579492225,1.009633622798556,1.0724553383959836,1.5320790548514052
2.116347265184379,1.019641029633508,2.1204291997121096,1.0757091288545593,2.133973398245725,1.2001195866599246,2.139937022005562,1.243467452546294,2.1361637469428367,1.014079461786514,1.0724553383959836,1.5320790548514052
2.0754481980362782,1.0369727025259925,2.0841011663943174,1.0849593718664243,2.0976104029217404,1.2198873884564083,2.106859049864739,1.296745591034356,2.083495004593356,1.069806649370305,1.0724553383959836,1.5320790548514052
2.1842637609851314,0.918292445585759,2.154157451901467,0.978843646391136,2.200295331794841,1.0817240483993276,2.170888239924122,1.1625096556525878,2.1574876304328514,0.9451534174025642,1.0724553383959836,1.5320790548514052
2.208430674994468,1.008317053216753,2.2404965164539568,1.048819010821313,2.2252514474344403,1.1909141580610227,2.302823969784664,1.2720179530751532,2.21663961121145,1.0098493230228118,1.0724553383959836,1.5320790548514052
2.174426105104819,1.0189467913687378,2.154864255119376,1.025554826134433,2.193824541610907,1.2014720065342726,2.164747909777813,1.2140534254877386,2.199997885402324,1.0161856226621335,1.0724553383959836,1.5320790548514052
2.143250852909248,1.0163286878024642,2.077512897892956,1.0469130318424194,2.1598089796449007,1.199302389886355,2.0950471342613697,1.2441047198128106,2.126956928652041,1.0226005198804475,1.0724553383959836,1.5320790548514052
2.047580580770604,0.9829418965203164,2.081562772528095,0.9869585498819082,2.064697670588933,1.1609138744538916,2.122016490232452,1.1734918324944292,2.0969580027202954,0.9789852657729616,1.0724553383959836,1.5320790548514052
2.0853015556128893,1.0409982989901678,2.0862352398836888,1.0787788984525577,2.1055410179100096,1.2296437128134723,2.112452298144166,1.2764554418992349,2.1083416221086564,1.05796454842298,1.0724553383959836,1.5320790548514052
2.129051660448449,1.0736041099566396,2.1107872716607496,1.0368628624610698,2.148770000261076,1.2662867860320166,2.140283915702519,1.2207634666371323,2.1378624025517188,1.0365521524320898,1.0724553383959836,1.5320790548514052
2.118390070313552,1.0238496875152974,2.114933844826957,0.9999397673983136,2.137350682507028,1.2002915818478266,2.15149648549268,1.1752008821079734,2.115844287972301,1.03037507116759,1.0724553383959836,1.5320790548514052
2.0671057365559458,1.0350708810344147,2.1037739353691576,0.9746880219682256,2.084472123856044,1.2198910457217793,2.096483283818333,1.1419171231128848,2.0918557019882797,1.0107430427957136,1.0724553383959836,1.5320790548514052
2.078328158448344,1.0311205168165731,2.0874597469066605,0.9877336814425756,2.095533303483636,1.2140512462756683,2.116504070834456,1.1528256430473396,2.104676659293085,0.9854101853911684,1.0724553383959836,1.5320790548514052
2.1330777540990664,1.080811464426655,2.082998305820736,1.0778799204314131,2.149907512537201,1.275665291183083,2.103881288810168,1.2798572104517951,2.156571711396035,1.0561119009825224,1.0724553383959836,1.5320790548514052
2.1672285460526144,0.9877742906828442,2.1460884742567536,0.950395935948588,2.183296375697007,1.1648498381111902,2.1744074616735847,1.0921999161911895,2.1684918087330063,0.9641836561357298,1.0724553383959836,1.5320790548514052
2.032230502097794,1.0132724157124746,2.0768799332971755,1.0306463886103554,2.0540852601621133,1.189855376901407,2.1158683436078314,1.2597355889806423,2.096965556548739,1.01322327358873,1.0724553383959836,1.5320790548514052
2.0781072238624274,1.0179719757514312,2.067791788164336,0.9757301823641336,2.093135120081882,1.202008040192618,2.121261568273268,1.1762473139353666,2.125281044702782,1.000846288656758,1.0724553383959836,1.5320790548514052
2.184155912811694,1.0155234797907855,2.1907765340041823,0.9938409695887256,2.204198290887186,1.1969645453695503,2.17992948055164,1.2218650007779404,2.204208212795768,1.006359021327838,1.0724553383959836,1.5320790548514052
2.086750606578176,1.072769416226832,2.0767506229396497,1.0440034140566803,2.1069375881182784,1.2630502540896351,2.101330008776314,1.2638332869483988,2.1177888319711986,1.070572117650427,1.0724553383959836,1.5320790548514052
2.110050317763829,1.0735026700769132,2.1372991615664523,1.0573417395289155,2.131751133316354,1.260812351244529,2.199914353810397,1.25876765674423,2.1595314794280145,1.0142916633787489,1.0724553383959836,1.5320790548514052
2.199685722547731,1.0800402136171017,2.1487471604405344,1.0769717472772982,2.2181951952706283,1.2652330456683398,2.20893250191616,1.2616935148048352,2.19684753583662,1.0288304329869773,1.0724553383959836,1.5320790548514052
2.1153909003190408,1.035353640696949,2.094710887164094,1.0295957501610806,2.137990084264629,1.2220255289762283,2.1029071436372613,1.239131652124934,2.150959127022576,0.9894500935060748,1.0724553383959838,1.5320790548514056
2.1351594680624983,0.9630442194733946,2.129472374667383,0.9377614046020344,2.152680990369854,1.1361427912535442,2.126494003436943,1.0880653666369269,2.1558749165736777,0.9357545339064116,1.0724553383959836,1.5320790548514052
2.13157938134171,1.0313067251616752,2.072814670789424,1.0308999220202844,2.152250133836978,1.2127699238313392,2.078299108526413,1.2477133468555817,2.146598246947307,1.0212434031162243,1.0724553383959836,1.5320790548514052
2.176328532988141,1.0891576872263944,2.173513957093519,1.0640362899410722,2.197715445775841,1.2804579269269991,2.1977775431925237,1.2831291228914612,2.1892654149533475,1.0553881040418596,1.0724553383959836,1.5320790548514052
2.149296966601975,0.9375960706236864,2.11080844590586,1.0453113133427057,2.163335513283475,1.1053164762560443,2.098445226217553,1.2695465330150555,2.1403251233961007,1.0004114943485416,1.0724553383959836,1.5320790548514052
2.054328075334404,1.0014227311877395,2.123910547685822,0.9810857233467638,2.0738642009647457,1.1787379531175997,2.099276332081667,1.152972088602319,2.149335406955829,0.9718782746278182,1.0724553383959836,1.5320790548514052
2.1099966972316047,1.1135861226834387,2.162520554400376,1.1077626011568562,2.130671195638905,1.309082915446416,2.1510412501973954,1.3343558355860403,2.1427277140575445,1.0795738781409263,1.0724553383959836,1.5320790548514052
2.1629998704962468,0.9523615308684532,2.1180816095020183,0.9511211992969604,2.180679924916932,1.1212072547396543,2.1569725387058414,1.1391429459718383,2.16954716800808,0.949560645712236,1.0724553383959836,1.5320790548514052
2.16509550997211,1.0450670844212502,2.2124351070009305,1.0704678694735712,2.182911058348964,1.2259470328939353,2.2413367022938284,1.2571406009763744,2.1902298979017853,1.0435155883085414,1.0724553383959836,1.5320790548514052
2.190961600432079,1.0119441933757851,2.209842155510954,0.9904111008040992,2.21300008360923,1.1936297082683012,2.2686224633322403,1.2356397538693094,2.221305212646415,1.0037751858497763,1.0724553383959836,1.5320790548514052
2.1111460742994668,1.072911371940498,2.132233563298425,1.0402117147982717,2.1289548595459027,1.2656287018491303,2.151662291358473,1.2107119008602356,2.131990523772354,1.0027297053190731,1.0724553383959836,1.5320790548514052
2.1856722451187847,0.987276900075762,2.136252281381322,0.9997651895128374,2.2040677881059407,1.158887819887274,2.15386432867876,1.190875111088647,2.163667817260428,0.983766831312104,1.0724553383959836,1.5320790548514052
2.048919610274028,1.085295236524802,2.070218537207295,1.0627104296736107,2.072982657342798,1.279154155354257,2.068013742762348,1.253946271634501,2.103741332048137,1.0422643420991669,1.0724553383959836,1.5320790548514052
2.1408080445251296,0.997261530702702,2.095088980430978,1.0303801079023367,2.158372657350464,1.1744356262672768,2.084390898140566,1.2320251571923968,2.156670113859942,0.989126504496039,1.0724553383959836,1.5320790548514052
2.03797484030709,1.0535837546200404,2.0730116326636696,0.9733600331704946,2.0544357554856068,1.2413706865195084,2.0844613213112018,1.1453718183745825,2.072693770245425,1.0176386126684052,1.0724553383959836,1.5320790548514052
2.126493075362795,1.0365495866555152,2.0851122615202984,0.9729138541436833,2.1454811124265576,1.2227115217828946,2.1498251230697214,1.1863900275854642,2.12797276373883,1.0145680295024044,1.0724553383959836,1.5320790548514052
2.139932373227872,1.0010871816091504,2.163878913538136,1.0031073374704411,2.154863864303062,1.178154453321567,2.1978060409530045,1.1817687302062132,2.19270507141362,1.0335845328703477,1.0724553383959836,1.5320790548514052
2.138218897525535,0.9442756553628072,2.1087790883365742,0.9534615559708876,2.154035486135102,1.11452300943215,2.112577258618701,1.117003540013615,2.128818869735201,0.9462351062639875,1.0724553383959836,1.5320790548514052
2.0949838243371373,1.013662903330131,2.187657773391064,1.011696177584349,2.113939462654611,1.194651633406463,2.209292268610359,1.1803818038513731,2.167839077290324,1.0018469220849409,1.0724553383959836,1.5320790548514052
2.1209390571126145,1.0303264738831746,2.100903958912866,1.0962191851776222,2.139913509083483,1.2136641376954325,2.148965089772876,1.3005838160371996,2.144006556961224,1.034035398079366,1.0724553383959836,1.5320790548514052
2.1464724761110263,1.0955676999850186,2.117976253556907,1.037684448273242,2.1666630711718784,1.2853343017561056,2.1178956932295216,1.218180235795889,2.159619366173271,1.0585122039563368,1.0724553383959836,1.5320790548514052
2.195686062711178,1.0490040156900562,2.192620219948414,1.033715178484559,2.2152991494132235,1.2375287953855014,2.195711393467945,1.2128919756294003,2.2043155681065385,1.020141596038505,1.0724553383959836,1.5320790548514052
2.093962700182318,0.9819739803914426,2.1726748206516966,0.9833927850247622,2.1145984918944274,1.1548613897823663,2.183299616363412,1.1123039337178244,2.164729636755775,0.9630206157840846,1.0724553383959836,1.5320790548514052
2.1354456543519595,0.9989517871154208,2.092111526729578,1.00425195051329,2.1548277074195785,1.1786624735151812,2.1082093298746223,1.1700776067272134,2.153403040108093,1.0249075669362435,1.0724553383959836,1.5320790548514052
2.0548369953341843,1.0840710919940035,2.059798835531444,1.0764699777169462,2.075041118994691,1.2786039597217151,2.0850709725074204,1.2758084914214625,2.0896825627674325,1.0723962345924374,1.0724553383959836,1.5320790548514052
2.0771551832520303,1.0255651859098076,2.128784330989204,0.9987751276207552,2.099858589448434,1.2081473503957558,2.2067911865957544,1.1677890986987556,2.114533108672787,0.9828940880563116,1.0724553383959836,1.5320790548514052
2.1590562362968644,1.032924439486464,2.183938407136793,1.0628127913359628,2.1760958472497127,1.217203324512291,2.2063182962453385,1.2756442099612697,2.1894502159641087,1.0268384047951735,1.0724553383959836,1.5320790548514052
2.126042069096017,1.0120106812911824,2.0808705037287227,0.996973239919418,2.143827005695374,1.1895680725335729,2.1078434712956517,1.1550277584415372,2.123200171425455,1.0236151986673363,1.0724553383959836,1.5320790548514052
2.18766407290165,1.0406421058929347,2.125620610661142,1.081181266914875,2.2093943003880443,1.2267168461635003,2.088968840467453,1.3137117031649106,2.177240587656951,1.0552614456495508,1.0724553383959836,1.5320790548514052
2.1083775567725,1.0869681991435518,2.1263716610211096,1.0797742825651788,2.128217187906561,1.279039385624821,2.1591716827607583,1.2963163047590742,2.1365546157308533,1.0619532495609347,1.0724553383959836,1.5320790548514052
2.024579217769802,1.066710885922579,2.033760057485765,1.0683452718751978,2.048942588906397,1.25704147315638,2.0567549694674465,1.2425639455115762,2.0627182619475426,1.0239406078271107,1.0724553383959836,1.5320790548514052
2.1192661332723217,1.010635575430454,2.096611959784931,0.9917929223548904,2.140926932100181,1.189919940491236,2.113671919844604,1.1700573761545727,2.142520359551127,0.9706056152398294,1.0724553383959836,1.5320790548514052
2.0883861965936656,0.9941488580101232,2.1243110247625614,1.0176268958268828,2.106664996070577,1.1693360972103832,2.1650179991843466,1.1940184941939205,2.1517924350435957,1.0238888764325502,1.0724553383959836,1.5320790548514052
2.0836749252774256,1.0901433913381149,2.0545493160437225,1.0704622197105793,2.100477671372967,1.2875355024498536,2.072075396191316,1.3303196102777537,2.093486673055092,1.0493019656297646,1.0724553383959836,1.5320790548514052
2.0854485500533446,0.9459335567370554,2.1119323354366406,0.9801376120972796,2.103369448577663,1.115459983029237,2.1227561249307483,1.148016436135739,2.1189632582071622,0.9750480645084956,1.0724553383959836,1.5320790548514052
2.126712665162599,1.0405186386178444,2.1559834062633216,0.9963276118635236,2.146019702543079,1.2207065714636618,2.179974610377004,1.1500132822075555,2.164883476591122,0.9914094104741772,1.0724553383959836,1.5320790548514052
2.129388027927269,1.0447405713599407,2.160122834647135,1.0536000372764842,2.1495478717524605,1.230682928911394,2.182710856085386,1.232729072804253,2.171730049821153,1.0287634379856294,1.0724553383959836,1.5320790548514052
2.190142361784684,1.0190003171038824,2.1927564385162808,1.0653635947241016,2.2046065630018368,1.202487590226587,2.2249952674463525,1.2789356198416737,2.2030198073854046,1.0441276525949366,1.0724553383959836,1.5320790548514052
2.131771105027984,1.074412622711982,2.0851153893182373,1.0790930719102458,2.155393653766009,1.2599291463094613,2.062883423871682,1.2732220626571111,2.1435062930109776,1.0085679351520362,1.0724553383959836,1.5320790548514052
2.14801802423947,0.998575069832884,2.124622283364618,1.0276267995317343,2.1649377036313857,1.1678543314834602,2.143280943314175,1.206736031562751,2.1457120100706013,1.0058237127068923,1.0724553383959836,1.5320790548514052
2.132734039751879,0.949469522974527,2.1856599024830703,0.9714104262354588,2.146414319984965,1.118968844352238,2.1730474813329588,1.1169319964275917,2.1554116659672933,0.9599454546441788,1.0724553383959836,1.5320790548514052
2.2426291401195884,1.017921499966077,2.1873165416144285,0.9797000085114472,2.2621639869032943,1.199392898399131,2.2130142301796867,1.176863662339072,2.2069097916047014,1.0030978575508254,1.0724553383959836,1.5320790548514052
2.200284362932542,1.0055161919685964,2.180467009468757,1.027114780444613,2.217253070136934,1.171687496562121,2.1695572678226283,1.228458941493518,2.193082602935586,1.0041032730097674,1.0724553383959836,1.5320790548514052
2.153183852293736,0.9806475868081356,2.1368498595989984,1.007474981816746,2.171442064748696,1.1543978937856734,2.1581935204465723,1.167756869998996,2.181483908903417,0.9661623148450692,1.0724553383959836,1.5320790548514052
2.100416596830088,1.063011589101657,2.1826172000166197,1.040684739871333,2.1211044783640767,1.2515588800469133,2.227077197804669,1.2896387959474496,2.1616851366739502,1.044808213936936,1.0724553383959836,1.5320790548514052
2.1362528059003787,1.0302445257238804,2.153174869495434,1.015768438599636,2.1558895083889933,1.2127498088824584,2.203709309820051,1.215558147646748,2.129672172322036,1.0231381553483,1.0724553383959836,1.5320790548514052
2.067448589969992,1.058820632335235,2.083945132665234,0.975460402475972,2.0884715410868653,1.249058879829005,2.086776619584981,1.1735556825130522,2.114540020323048,1.0306983275921444,1.0724553383959836,1.5320790548514052
2.113431564384839,1.010226559491359,2.088251941979747,0.9883825422579148,2.1339669852794363,1.1891735717792196,2.092557416179533,1.1494909557319033,2.11831326203925,0.997699503048484,1.0724553383959838,1.5320790548514056
2.109871967188925,0.9526792606258908,2.1260006919490166,0.9586734419165648,2.130313003330017,1.1209279204894536,2.165321073539526,1.138692692525894,2.107140606040213,0.9705138114303952,1.0724553383959836,1.5320790548514052
2.096352962105817,1.0480492160732198,2.153425520234042,1.0334749124825011,2.1183070865195868,1.23646790024126,2.174101413667477,1.2357313271483403,2.1624825964976004,1.004541252684722,1.0724553383959836,1.5320790548514052
2.225762108010455,1.0002052097282528,2.198527771993124,0.9915561786097632,2.2434903689415324,1.178686147542929,2.220852109821881,1.17618334053507,2.199463278289909,0.9920428202671296,1.0724553383959836,1.5320790548514052
2.1488330775341966,1.0711215878236235,2.160956002769633,1.0577734965116674,2.1672036541454465,1.2606133773802324,2.161708450335593,1.288544675510294,2.1736549046263107,1.0588495023529427,1.0724553383959836,1.5320790548514052
2.149739034779651,0.9793620234290188,2.1351598447233666,1.02366780976886,2.168051428373688,1.1538901082673476,2.1620699546989246,1.2038697842526944,2.179629977658149,0.9842820199390953,1.0724553383959836,1.5320790548514052
2.15986442887859,1.0864632280480628,2.162798678373456,1.1207017960144856,2.182454807806105,1.2762456647917038,2.1873111651028645,1.370800121434861,2.169914623824532,1.106191757875168,1.0724553383959836,1.5320790548514052
2.17982482431716,1.0249703219889494,2.1166562780128837,1.081347902708079,2.1969115076909094,1.2076140169426317,2.123375402242304,1.2147356036096844,2.1428693402672234,1.0212764066883095,1.0724553383959836,1.5320790548514052
2.149886690437849,1.0034185230614183,2.155112119835981,1.0309904884770036,2.167964572696368,1.1814395824862165,2.142719499330349,1.192098625212576,2.1778436064788,1.0063023950888863,1.0724553383959836,1.5320790548514052
2.1156381547024323,1.0773767804707055,2.096856888144948,1.0732713386876438,2.133710009678546,1.27006158919003,2.1115933792490824,1.302303136484973,2.154560506588345,1.070735249281423,1.0724553383959836,1.5320790548514052
2.1392802019730413,1.1537455266634329,2.1338577646936208,1.1697226223299884,2.163189255634268,1.3606360923809175,2.1996790125014587,1.42448071140379,2.192504611340223,1.1202359714016548,1.0724553383959836,1.5320790548514052
2.146579759894996,1.031980499417393,2.159984433555583,1.0820047689464494,2.163495461385881,1.2180502757590097,2.1639759221146693,1.3010616549253673,2.163072456658913,1.055667746659147,1.0724553383959836,1.5320790548514052
2.084320019426817,1.0409905115495006,2.0707138272018626,1.0139076801949296,2.102821691111109,1.2271058629949905,2.103454298473921,1.1871799100483855,2.137463422451237,1.0147150160292149,1.0724553383959836,1.5320790548514052
2.165775929883674,0.976607271421968,2.132305478592709,0.9940655370298528,2.182168515027394,1.1497892457337198,2.1546758569573154,1.180616602822243,2.157120775705458,0.9810665189415444,1.0724553383959836,1.5320790548514052
2.147530854032426,1.0816159937909555,2.140215805449444,1.0696886521036362,2.1658135775645118,1.2756768121965163,2.1422280581855557,1.2276512644214623,2.1651769412217083,1.0467082172421605,1.0724553383959836,1.5320790548514052
2.131469306296677,1.0468495305116328,2.095844469116292,1.0499297372714689,2.149104766639488,1.2261001664163491,2.12299815619084,1.242977035004719,2.140803925204877,1.0283329899746088,1.0724553383959836,1.5320790548514052
2.093073265060746,1.063573435940323,2.0730249245011207,1.0494366792376078,2.11286251503091,1.253859058561256,2.086043888692368,1.2514828121620094,2.097973950234873,1.0172383977721418,1.0724553383959836,1.5320790548514052
2.151119190205541,1.048868406605483,2.1555399224683702,1.102164873025391,2.1701602028906435,1.2368382527681303,2.1896314454008112,1.2718890291818734,2.158210067864908,1.0645706087226543,1.0724553383959836,1.5320790548514052
2.07542890298454,1.0327502793864043,2.0874662825514627,1.028233666692,2.096278509546808,1.2188432462346674,2.121235762740536,1.211752902666763,2.079525753917309,1.0257897422319115,1.0724553383959836,1.5320790548514052
2.117094448802261,0.9977559476627368,2.0984444708905734,0.9888823590323796,2.133977482692869,1.1683141186441357,2.094403601473224,1.1808820313393409,2.129964766489332,1.0110636328829825,1.0724553383959836,1.5320790548514052
2.1423615157669267,1.0699510218554529,2.124044243959064,1.0503729188730244,2.16200101576453,1.2615328045706975,2.158419806672933,1.2692590989260697,2.149190848827671,1.034219278221544,1.0724553383959836,1.5320790548514052
2.16631479089334,1.0844662944688783,2.196868608129036,1.0982431050486952,2.186039881920851,1.2808705731086507,2.225274678837969,1.3171663942207112,2.216549063496978,1.031151865522811,1.0724553383959836,1.5320790548514052
2.186537517566201,1.120755557869381,2.15461076007134,1.1090400483994884,2.206578255495136,1.3135020938522717,2.1987471737232998,1.289681746249119,2.1980705345779854,1.0664474472980776,1.0724553383959836,1.5320790548514052
2.147669778888005,1.069260570106424,2.1742928533672177,0.9437599852130508,2.167944058349754,1.2573394874384616,2.190111424474154,1.1339599267051184,2.164051596631729,1.0106070306455788,1.0724553383959836,1.5320790548514052
2.1240409493998054,1.002477803474232,2.1556771230736764,0.9474017176693564,2.144211701065021,1.1688625596499416,2.1655902751374825,1.120157761087984,2.160130152537883,0.9787327443806516,1.0724553383959836,1.5320790548514052
2.1395471746597736,0.9877662195661971,2.10730411531,1.079655993925184,2.158460844885163,1.160513085736286,2.1157783503845184,1.2958744294772335,2.120658044426816,1.0174362257486738,1.0724553383959836,1.5320790548514052
2.1353860912469926,1.1040795755030002,2.124540462857158,1.1124669259196756,2.158824661875665,1.3016165295229158,2.1281543412882447,1.332050790927261,2.1312602683185258,1.0817900647520924,1.0724553383959836,1.5320790548514052
2.201841973614623,1.0470728117353565,2.156160138145455,1.038555285876623,2.217864301110899,1.2288595169844962,2.2008959073325234,1.240435640110339,2.1925422833422816,1.02530414917516,1.0724553383959836,1.5320790548514052
2.181913424898108,0.9661952012040724,2.1348959824891813,0.944946846172572,2.199118478225744,1.1342633087156917,2.136111003586508,1.1502360269717102,2.1578651287952324,0.9382852872375708,1.0724553383959836,1.5320790548514052
2.1787581434172614,0.9809639457601326,2.142876353385564,1.0093794020074038,2.194128064219715,1.1544194458902275,2.15005959852516,1.167202148475996,2.1648660593761018,0.9988826368836936,1.0724553383959836,1.5320790548514052
2.156520608807369,1.1089634182214605,2.1168389960966167,1.1712660799082966,2.1807726195092534,1.3042134435149806,2.1302843528788915,1.4075949095301177,2.164441903280747,1.0963470788461651,1.0724553383959836,1.5320790548514052
2.1136659782175395,1.0683726348301592,2.1071292955628413,1.0139690884092434,2.1318119214902955,1.2544800009228867,2.1603477685033905,1.1913399231202118,2.1393080544873007,1.046299616429187,1.0724553383959836,1.5320790548514052
2.1777398264021985,1.0083074180013254,2.16330971125744,1.0354836618279404,2.196442902788879,1.1896589354251346,2.171752632306489,1.2194627350867249,2.178937819960831,0.9968466585854332,1.0724553383959836,1.5320790548514052
2.147019046167861,0.9975105471168508,2.199543191344547,0.9677983773297372,2.1662834085172284,1.1749180839017672,2.2108964930966537,1.1658872426496651,2.1835027120107195,1.0018853062255773,1.0724553383959836,1.5320790548514052
2.0378832102218745,0.979325071137197,2.0318086926875454,0.9482563993951676,2.056668264975593,1.1560905851069332,2.0599967353857016,1.11917136330976,2.080108991365256,0.9439038645144908,1.0724553383959838,1.5320790548514056
2.151687950165682,1.0525312450420523,2.137055106044569,1.0399689826167136,2.1731081469612232,1.236754658973226,2.1756737178044308,1.211749562923062,2.16820187236213,1.0257339931610967,1.0724553383959836,1.5320790548514052
2.1896221627423538,1.0851600917560615,2.125417952285966,1.055497610364803,2.2067414744204936,1.2767183394793238,2.153777438586997,1.2355851059683125,2.17995673274318,1.0702331204147646,1.0724553383959836,1.5320790548514052
2.096572609689804,1.0645130243346128,2.1175689395088835,1.1088616276765764,2.1117703824860143,1.2536730789563753,2.1080637192744294,1.3163010877477803,2.133872187079105,1.0643178571743566,1.0724553383959836,1.5320790548514052
2.096267247059956,1.0118971286921206,2.0608360801720003,1.0331415802944597,2.115683892856805,1.192278029428392,2.106378978329725,1.181363048017884,2.1214394589066368,0.9878104483191896,1.0724553383959836,1.5320790548514052
2.166831645079013,1.0173787940667012,2.155369059281508,1.0452871358881624,2.1837914095667204,1.1978313795141162,2.1683989435335405,1.2352648098922483,2.174005307304687,1.031329840320872,1.0724553383959836,1.5320790548514052
2.097172550263378,1.0145498137250115,2.110802470398951,0.9408299467525284,2.114759451022998,1.1955573429280706,2.1369233976255737,1.1210913450489248,2.1121418850965905,0.98527390965456,1.0724553383959836,1.5320790548514052
2.177522914334729,1.0341631404553175,2.160831143387979,0.9782420767333028,2.1969245135937507,1.2145780499642758,2.2023850518099097,1.1378840549976992,2.20404043496748,1.001361855789465,1.0724553383959836,1.5320790548514052
2.077457379834033,1.1402680204199591,2.0849459644855832,1.0540014438979448,2.100284367223844,1.3414469099330226,2.1528854356255835,1.2277252699580912,2.0996196288205136,1.101847795475996,1.0724553383959836,1.5320790548514052
2.10387595032188,0.9634870138999332,2.117424934975864,0.942146224631968,2.1272840594753037,1.1342381752019737,2.121990857878707,1.1254967534171516,2.116418085798518,0.9647235899311584,1.0724553383959836,1.5320790548514052
2.215937833841132,1.067842493670794,2.172729613571038,1.0831968928095754,2.2296531740818994,1.2554827561584212,2.204043795688576,1.3121789454730948,2.2175383467990675,1.0384170846082836,1.0724553383959836,1.5320790548514052
2.205647719659453,1.0188458670102276,2.1298901379246398,1.0574794048130476,2.2231302380294387,1.1928640851612171,2.169933809566186,1.2596520133519726,2.173265604012216,1.0711405765744462,1.0724553383959836,1.5320790548514052
2.0905210879968723,1.0899219264712343,2.141896072103718,1.0388655361999617,2.109887105812976,1.2754485441849188,2.160459549726464,1.2118374684131716,2.1516704499214634,1.029097730288909,1.0724553383959836,1.5320790548514052
2.1408728151291685,1.0725517741443755,2.174144560907505,1.119443686769859,2.161664189955382,1.2648939231291516,2.2043137701379445,1.323971008929178,2.1697205047301824,1.0758854221184864,1.0724553383959836,1.5320790548514052
2.061328956128515,1.0219191461377408,2.0613684108897825,1.0278391875013495,2.080928375472592,1.2035550819883565,2.065699066093805,1.203160002837624,2.097149404072318,1.0247223774256522,1.0724553383959836,1.5320790548514052
2.146855485629016,1.0240270054615228,2.1150947560148814,1.0707524851027643,2.164890250431408,1.2030451432217135,2.0942620538844983,1.245103161781122,2.140894084741843,1.0207654078241264,1.0724553383959836,1.5320790548514052
2.0332431851466484,1.0780714911102798,2.0571753923267804,1.0307874754789497,2.055839362941106,1.2673376616985983,2.0633774347390674,1.218643159578164,2.076621479768277,1.0379166500593584,1.0724553383959836,1.5320790548514052
2.063434304835376,0.991936905375723,2.060956129129241,1.0052418703483894,2.079788310766203,1.1695229083002554,2.075052340825723,1.1659888628163455,2.076204734540653,0.977687823120204,1.0724553383959836,1.5320790548514052
2.110595988092548,1.0336676315526097,2.0799864714637666,0.9908345085389468,2.131427831652764,1.2155936445090905,2.10490220829146,1.1519122529962909,2.1137723617599025,0.9795000653679812,1.0724553383959836,1.5320790548514052
2.1578754449574715,1.019739068113549,2.1425282280024427,1.0120476349839835,2.1760591228712327,1.2005037325583552,2.152703874713564,1.199193621644324,2.169892423020692,1.009504822317441,1.0724553383959836,1.5320790548514052
2.1116679455723664,0.9627798878059968,2.0771400409826155,1.0106983044305955,2.1307048360446745,1.1322624354084472,2.1021232968633687,1.2203223598829327,2.128778445911665,1.0072320361849576,1.0724553383959836,1.5320790548514052
2.118860903623016,1.0582949974565616,2.131674455905673,1.0188169397765374,2.137825403837462,1.2438812791031493,2.1553921766260924,1.178601345886474,2.1419571648883995,1.034099522677159,1.0724553383959836,1.5320790548514052
2.1168855554054,1.0786390815560305,2.1622410151818694,1.0705897681528591,2.1313931298522184,1.2710498136478092,2.146931487089592,1.288422969736894,2.146509005458516,1.0668336940277108,1.0724553383959836,1.5320790548514052
2.178588988233469,1.028317274855397,2.0887350126348005,1.0550640311582211,2.194961473879573,1.2096466318830144,2.0976058895872973,1.2706141198061915,2.1307184618978834,1.0309769766537604,1.0724553383959836,1.5320790548514052
2.102154841557629,0.9966032543290624,2.107878754021721,1.0239566144922456,2.1196778641283336,1.1703911059975127,2.0611979277338097,1.2461079509508153,2.1144036014732293,1.0359741876298514,1.0724553383959836,1.5320790548514052
2.1640352963001104,1.1044637451335355,2.186202624688,1.087438761888163,2.180308497190941,1.301141561445523,2.192384757167141,1.282141992620939,2.1857537930686397,1.0807204865107445,1.0724553383959836,1.5320790548514052
2.1085237488829462,1.0750549114933854,2.103422885915152,1.1262225047444534,2.125289737937642,1.2703703085788238,2.1299684992470933,1.3218848543988355,2.116772012903643,1.085451412930133,1.0724553383959836,1.5320790548514052
2.1286788488261537,0.9871643835392628,2.126189846545089,1.0055975873403915,2.151041042034988,1.1635540169216565,2.1395918378602428,1.1702232219211492,2.1427779828943474,1.0045274397610486,1.0724553383959836,1.5320790548514052
2.112209789478008,1.040516489707332,2.0990873839920923,1.0825798637216388,2.130561105450724,1.2286663953783947,2.119917794497779,1.2786796340466338,2.111312939860855,1.068770957426217,1.0724553383959836,1.5320790548514052
2.1929602740834304,1.0269960223951995,2.1714182623046057,1.0639097377077371,2.2124176678780008,1.2119757023821276,2.141778730359258,1.2690050828013557,2.1861762596604017,1.0303171375262727,1.0724553383959836,1.5320790548514052
2.1340684828072405,0.966185791341383,2.121015056553835,1.0238868870261837,2.1530861241114208,1.1381034208731875,2.1844338108844013,1.203770551464703,2.129067883572605,0.9776208446887176,1.0724553383959836,1.5320790548514052
1.996180975370084,1.107220088757303,1.956785417165876,1.0378834557293146,2.0192495541477498,1.304575952045484,1.996770231619741,1.1812240981970918,2.047359209357788,1.073196806160396,1.0724553383959836,1.5320790548514052
2.2171043682490845,0.9753221047295216,2.127932842447601,0.9788156788473412,2.234958746628368,1.1443137835170578,2.169890752507707,1.1298194890879716,2.185417077822553,0.9778276755839072,1.0724553383959836,1.5320790548514052
2.061626327788614,1.0346993993414464,2.109797941300777,1.030750247899537,2.0812127115982144,1.2211165402955797,2.12221567554606,1.205868844643826,2.0881676248389724,0.9992220372836986,1.0724553383959836,1.5320790548514052
2.123323342805136,0.9794190558294849,2.1597304721799384,1.004071372550603,2.138931130938698,1.1547862121536336,2.177316159658251,1.1736630559395986,2.157803434219196,0.9701950636642604,1.0724553383959836,1.5320790548514052
2.097191314271283,1.0482163881170763,2.0855582963095407,1.0468580139959434,2.121051251855522,1.2335613131397358,2.124312915404912,1.2638125864526202,2.1041597671838628,1.028316494434636,1.0724553383959836,1.5320790548514052
2.165189598420205,1.0358099641362573,2.1123367450422825,1.0356115890106692,2.1847523535849764,1.2200647221751966,2.118313921171004,1.2005201671436627,2.146946412699091,1.0447097109588346,1.0724553383959836,1.5320790548514052
2.1110069239481355,1.0686016109005003,2.1182073846979645,1.0759727776018575,2.1300005307361216,1.2597362897186437,2.153185248805274,1.2361288285023508,2.142966084222269,1.0490245489313852,1.0724553383959836,1.5320790548514052
2.180920806478471,1.0192234548723738,2.144204821227755,1.0175271409634363,2.197896278319002,1.2026651305105809,2.152922841742307,1.203794940207756,2.202530612572244,1.0298960883535928,1.0724553383959836,1.5320790548514052
2.013898839798045,1.062208480811186,2.0544031466604165,1.1026144758368834,2.0361780210027365,1.2511193303094983,2.092559222670942,1.2818328123842109,2.0605384706080963,1.0432879860496764,1.0724553383959836,1.5320790548514052
2.0759060318000357,1.0082456380641247,2.0986573653955074,1.0112546772265183,2.095403880417255,1.188266341689853,2.098488118409611,1.1699695591317083,2.1323149190880923,1.003082503173681,1.0724553383959836,1.5320790548514052
2.107692868612186,1.0783659850050855,2.0956804528881414,1.0839253606313042,2.131599386270888,1.26602680300846,2.0995436657896067,1.2820774359112213,2.122824803658918,1.033004338020104,1.0724553383959836,1.5320790548514052
2.142218478313478,1.0896285706944844,2.207533492921348,1.0522203326831636,2.160551176273399,1.2868406047774847,2.265608228797523,1.2524354926304757,2.16712581381683,1.0425896277237603,1.0724553383959836,1.5320790548514052
2.121025964994661,0.9795546051656552,2.097224080677398,1.0140599037216935,2.142314173568582,1.154659285127611,2.102588901338412,1.2300111158892866,2.134495766568022,0.9883772851755356,1.0724553383959836,1.5320790548514052
2.086300434550438,1.074872600079675,2.071413833638915,1.076941279727233,2.106182587540612,1.2686500644559913,2.070982860840427,1.2631295273275254,2.117330394010798,1.0785780772507494,1.0724553383959836,1.5320790548514052
2.118492288609083,1.107997614673229,2.1448929650968283,1.0633368736409283,2.1397034136011954,1.3067591943382832,2.1768073847064944,1.219810555546442,2.1585141617631103,1.0681840593017815,1.0724553383959836,1.5320790548514052
2.187968928881176,1.0507615281109943,2.157929653062596,1.071083659448567,2.20592507700307,1.240234500762195,2.1629480399739367,1.2596898997642352,2.187226911015152,1.0323077315425206,1.0724553383959836,1.5320790548514052
2.1507025677114995,0.9917307819278904,2.110936746755812,1.007329658591447,2.166906307806906,1.1642955523116,2.1325814776492846,1.1818756241505843,2.146888970364311,0.9524465857573564,1.0724553383959836,1.5320790548514052
2.1006948417063005,1.070813542905862,2.1010583605390307,1.0470991163167676,2.1218616602756035,1.253648469248454,2.1121009718900816,1.245600294895434,2.147064257836481,1.0396617691575842,1.0724553383959836,1.5320790548514052
2.090051433526816,1.0140407733494547,2.1096629626348355,1.0500081574605538,2.1068072068978694,1.1912288002485163,2.1373349347064003,1.2523314772311935,2.147863729885717,1.0193731914295678,1.0724553383959836,1.5320790548514052
2.089735577675812,1.1468688071002933,2.0921202443794384,1.0594678102749746,2.1120532180849843,1.351056305232477,2.13583687240434,1.2599049915059706,2.1338112287771627,1.08875721627995,1.0724553383959836,1.5320790548514052
2.0848989318037185,1.018802723742202,2.09338829347984,1.0068994231035406,2.103573702707725,1.1975352496463638,2.1237594745880246,1.181635612883634,2.1089838295930603,1.0130225405535145,1.0724553383959836,1.5320790548514052
2.159550218539656,1.0411960099009974,2.119562537451643,1.00523631607973,2.180386578706365,1.2244555424432229,2.124597708808004,1.1940865441322026,2.141492521165002,1.0215611404317628,1.0724553383959836,1.5320790548514052
2.15683566450779,0.9934358153363074,2.154276209034992,0.9582098560453204,2.1757490234589545,1.1709933416814085,2.1499421659852973,1.1610034103031317,2.1413527130713104,0.9996541896908908,1.0724553383959836,1.5320790548514052
2.1374804675030137,0.9695776329597844,2.116455402681793,1.03149980069857,2.1597795949415453,1.142557645182812,2.098523412328386,1.24476182597061,2.1687684597017705,0.985654522677759,1.0724553383959836,1.5320790548514052
2.1810785227284173,0.995525194614178,2.154155995649176,1.0512916283506542,2.194639371752398,1.172142353634312,2.157650539803183,1.2422858070055582,2.171734624153606,1.001580328430125,1.0724553383959836,1.5320790548514052
2.0961397620811058,1.0738701329703586,2.071949028095684,1.0683519894689315,2.117247565342688,1.2607466549111668,2.094573760712968,1.2477418005227183,2.122163047538141,1.012599460579638,1.0724553383959836,1.5320790548514052
2.134915387426311,1.0294501808257823,2.120373286615892,1.0333843307172772,2.1500935793577085,1.2083253450300075,2.099875065574713,1.2502499860082543,2.144897599648564,1.0126062670625873,1.0724553383959836,1.5320790548514052
2.043799796453922,1.0056921818525502,2.0234792176928065,0.99971174969326,2.060852218728573,1.18090893256615,2.0158477308440035,1.1883435775060338,2.0615559222731408,1.0070566702356725,1.0724553383959836,1.5320790548514052
2.1582626947783043,1.0619708985438547,2.1561435110456477,1.0732628135251916,2.17893828878892,1.2510198050710049,2.1841992151834697,1.250851635741785,2.17149459507667,1.0448814993249032,1.0724553383959836,1.5320790548514052
2.13733965127362,1.042336733475111,2.075929759900656,0.9447084477247936,2.155910319873698,1.224965854701864,2.117667568510179,1.1057857151492234,2.135095082776844,1.0015365910447072,1.0724553383959836,1.5320790548514052
2.2131784013009224,1.021641341507488,2.1624181828821034,1.0708440710874,2.234507989539368,1.2035070276645945,2.197049582059939,1.2503383377748227,2.2096576089179103,1.041551110556106,1.0724553383959836,1.5320790548514052
2.1573078167162247,0.981898141487702,2.112916032926617,1.0164602662688966,2.174455250789971,1.1599145832434083,2.151928932576815,1.2044274103927053,2.1538552811608054,0.991930645445347,1.0724553383959836,1.5320790548514052
2.174641026719009,1.0628281290708892,2.189049576963886,1.0707237156656446,2.1945129846481866,1.2545535540202994,2.2073526127522314,1.2971434142748093,2.2268207690920256,1.0645976397036463,1.0724553383959836,1.5320790548514052
2.12118095671076,1.0337833162147116,2.1349944649369195,1.0899317537688868,2.141852187611864,1.2175775184436033,2.1607191039426965,1.2912362894505585,2.162297110873,1.0392131142739158,1.0724553383959836,1.5320790548514052
2.1632363190501365,1.0640880303183773,2.168706703591976,1.0329694709469677,2.180993746405301,1.2542207037695547,2.2079179962925557,1.2318519732023496,2.187084476095124,1.0197975568717526,1.0724553383959836,1.5320790548514052
2.1288587113717434,1.080119462970438,2.1661307759151813,1.1191150182507883,2.148765934578712,1.2712473208777433,2.2171154610859256,1.3378761956177567,2.1448954064776284,1.0858693408300006,1.0724553383959836,1.5320790548514052
2.1734994169276884,1.0025892739576296,2.136828820055093,1.043178558483132,2.192560752620785,1.183079690322135,2.1822530075257456,1.263434276619321,2.1553953422339545,1.0193128450155808,1.0724553383959836,1.5320790548514052
2.1987323590340693,1.1027607952989953,2.161189404379415,1.0838992841765105,2.215887537125076,1.299241024609495,2.164104098531868,1.2568479576047578,2.1950711648238683,1.0731367348951175,1.0724553383959836,1.5320790548514052
2.11034482314884,1.0705915476025218,2.068266900841603,1.1179686285601271,2.125674693290263,1.260441915805832,2.080970940328465,1.3096376902503128,2.11868768154803,1.063525147236546,1.0724553383959836,1.5320790548514052
2.136815625458829,1.0328275851617936,2.1324989482647374,1.0543855280682328,2.155603471172096,1.2130622689047108,2.158957637275908,1.261005483564787,2.1405923273181844,1.02564255160554,1.0724553383959836,1.5320790548514052
2.1177107576006637,1.0344737879227723,2.09538311031612,1.0530344025422562,2.134918273604638,1.2216203971194544,2.103921701269673,1.2328035467438394,2.1251402517325557,1.0453327882816177,1.0724553383959836,1.5320790548514052
2.0363498493019616,1.0713223585489589,2.073518456382242,1.0248660148199775,2.056357620702423,1.2600069295964418,2.0425998257250084,1.2215820081070796,2.0945799889131123,1.02419706527246,1.0724553383959836,1.5320790548514052
2.092761366668431,1.0641659841935025,2.0848851660077603,1.075625080028257,2.1151357617802087,1.2507046360652505,2.124192241764841,1.2679915198160845,2.0914470380575474,1.0519011122267772,1.0724553383959836,1.5320790548514052
2.1012403469475918,1.0209167532331342,2.098238079461946,1.009349630635947,2.120862412403655,1.2012933822685246,2.108028288989408,1.197288546676835,2.121982324331904,0.9901893784434426,1.0724553383959836,1.5320790548514052
2.1970083512453384,0.9791080864802671,2.086844164654549,1.0742541478612662,2.2142358468823478,1.156101017485876,2.096810529428046,1.3142423371893432,2.1527707457814533,1.041773024235656,1.0724553383959836,1.5320790548514052
2.134119261515775,1.0833173857071454,2.0897658785363804,1.0648363241081658,2.151519405637082,1.275841648471682,2.107894203501533,1.264849521101023,2.101607024038102,1.0480919671454318,1.0724553383959836,1.5320790548514052
2.1434579479467164,1.0179198846297952,2.169606056871336,1.027243640352014,2.15961516816753,1.198943415254764,2.178524157958728,1.2229380447481113,2.149986147839172,1.0168192334657244,1.0724553383959836,1.5320790548514052
2.1132404522941988,1.102903852666892,2.1550711256218587,1.0790252588391562,2.1372629063647977,1.2983401032411417,2.137220782840055,1.251849209972375,2.15301069663444,1.0700275552843015,1.0724553383959836,1.5320790548514052
2.0123160687606605,1.112401769125145,2.020909695070323,1.0498460355481964,2.0326896005520245,1.3042588506139985,2.0085561270544323,1.279250117549375,2.082973517915104,1.051577344519068,1.0724553383959836,1.5320790548514052
2.1329968673348927,1.1150960153501823,2.1212029432317654,1.102046770588077,2.150280761193591,1.314445715799264,2.1504560634761845,1.311388402536692,2.136014029704199,1.0645958190488822,1.0724553383959836,1.5320790548514052
2.2163816487236048,0.9773133799830492,2.207901654196691,1.0306793661217666,2.2306294376220297,1.1490282278319646,2.2199938921414994,1.2162080259787018,2.180450574993773,1.0156918745125512,1.0724553383959836,1.5320790548514052
2.125026714241153,1.033203045702865,2.057131064459907,1.0240040697656876,2.1460612717606726,1.2150911510058695,2.049241358187271,1.2823702804050567,2.1355972261121776,1.007599090861735,1.0724553383959836,1.5320790548514052
2.143094948637927,1.0153411029193182,2.143623447720538,0.9900981531717128,2.165140715153734,1.1879327915204123,2.1558968097468023,1.16106041730188,2.1609372833397424,1.0093791983633449,1.0724553383959836,1.5320790548514052
2.1603301198487084,1.014520018019145,2.110812553174854,1.022880439238495,2.179773949660041,1.1940827101171934,2.148342137258415,1.248781937271256,2.12979902034612,0.9989102335023622,1.0724553383959836,1.5320790548514052
2.14281734195307,0.9674925988113046,2.1063411628178783,1.039410455321742,2.15841576525796,1.141278826706651,2.1484452576601467,1.250770744344554,2.1726533790788425,0.9947245418468094,1.0724553383959836,1.5320790548514052
2.0885276866688645,1.1420402722542615,2.0652527140680284,1.0560054125304554,2.112879493031136,1.3465458874972351,2.0948036449325653,1.227327141913301,2.107676274321703,1.120991143657672,1.0724553383959836,1.5320790548514052
2.069982940598442,1.0256179933942104,2.071974733283936,1.0071426748081007,2.0890505510260464,1.2087877734103931,2.113571903804252,1.2118170503695738,2.0990454236361207,1.0182826850667468,1.0724553383959836,1.5320790548514052
2.1197580245333016,1.0632207740891644,2.131146418668547,1.011210766977754,2.137427395613664,1.250898493052467,2.124023094981977,1.2047210930571126,2.165079986008246,1.0358853149334708,1.0724553383959836,1.5320790548514052
2.172826429633235,1.0389230968854015,2.142582104230949,1.0735569512041976,2.191010150501606,1.2204254996032544,2.1814039909174765,1.2752283164119202,2.180844994310182,1.0097356379617182,1.0724553383959836,1.5320790548514052
2.1006524692953645,1.0188222043489512,2.0948084222341183,1.045977930130694,2.1216817889125954,1.1972932555072546,2.1195181166073653,1.2171182388002384,2.116014067408397,0.9946736188240944,1.0724553383959836,1.5320790548514052
2.083584649695315,1.0197216843957428,2.0690037835291024,0.9910683561955071,2.1022478698535134,1.202305842730116,2.122645700593825,1.1290935674424252,2.0821432427071582,1.0058625319378525,1.0724553383959836,1.5320790548514052
1.999717642066744,1.190233869471612,2.0202115806279,1.1319103370009325,2.0243798762962206,1.3948532466738484,2.018627884743108,1.2997403696094134,2.080138114960344,1.1131113336675431,1.0724553383959836,1.5320790548514052
2.168150795297324,0.9593656868201434,2.0855427989568662,1.0290010604142643,2.184292147874789,1.1291925953314628,2.134737766693998,1.233150678480181,2.13252809677657,0.9906243777465364,1.0724553383959836,1.5320790548514052
2.113243090058225,1.001614883102611,2.1370446817401727,1.006011377271434,2.135107846238848,1.1814820414186888,2.148491764889348,1.191010486590363,2.143287513260305,1.012434401168235,1.0724553383959836,1.5320790548514052
2.1461030744456195,1.076611121661301,2.112664188789848,1.0919612354049468,2.16714779180149,1.2719613906819345,2.176500711573887,1.3293828059527812,2.146129652605432,1.0594111568352045,1.0724553383959836,1.5320790548514052
2.116440279364718,1.0329749514412978,2.122477767530158,1.0015125610167914,2.1327874770435,1.2112925610033816,2.1530352240087467,1.1396938987031415,2.1131555493949232,1.044543862128754,1.0724553383959836,1.5320790548514052
2.102940729853066,0.9598621090020608,2.107648169823729,0.998403438598788,2.121458573666448,1.129015729640192,2.1247179179487348,1.187877222295611,2.1246553688358283,0.9860512985055048,1.0724553383959836,1.5320790548514052
2.139572336920566,1.0199013253175018,2.16553292348446,1.0023877405366337,2.155993054938446,1.2051093770889096,2.160354905869339,1.1885138145968908,2.1784044752078024,0.983745319931152,1.0724553383959836,1.5320790548514052
2.104574247325995,0.9891592485020604,2.174168779305943,1.000944700361336,2.1249049380769742,1.160885240256683,2.191011410869676,1.1743030239009855,2.176228432003368,0.9892560439553816,1.0724553383959836,1.5320790548514052
2.1167969378949243,1.062927669654216,2.0814871391035177,1.084361462344096,2.1353699322648807,1.253190585312998,2.088699557928946,1.314285170551502,2.1284377116201743,1.0689457467368608,1.0724553383959836,1.5320790548514052
2.05917888619712,1.0421924119900523,2.0855812751348464,1.038716127065993,2.077489735780715,1.2273692447444848,2.102318120956236,1.2252132062051369,2.09401200850478,1.0541501138691178,1.0724553383959836,1.5320790548514052
2.1117192632754422,1.0979927476472533,2.120103354662658,1.1091385094661868,2.130600265466333,1.2917368444897703,2.138438588581848,1.3093827492177212,2.1299056130506013,1.1138016975032856,1.0724553383959836,1.5320790548514052
2.137791150239593,1.0199670729662296,2.1389590290048144,0.9973980551949232,2.1566185647957625,1.2019799503187485,2.1756532617033617,1.17621574110688,2.158872216927441,1.006762253803121,1.0724553383959836,1.5320790548514052
2.149027072542121,1.003246838201764,2.142309507986482,0.9810623647093928,2.164558699079173,1.1844861575164338,2.164595075486367,1.1818234163993546,2.1477544412879315,0.9788304385860012,1.0724553383959836,1.5320790548514052
2.1202965947084857,1.0288352897638966,2.07736090095513,1.039229381936426,2.139129236108831,1.2130514256375131,2.077706195554033,1.235957471973679,2.128522820449097,1.0241298271396846,1.0724553383959836,1.5320790548514052
2.120645745932038,1.0768325112238093,2.152817546308364,1.0627332314591251,2.1438044630905453,1.2677129640132516,2.180129282554236,1.2633390060464715,2.1583444114410844,1.0503748264693509,1.0724553383959836,1.5320790548514052
2.0803203979267595,1.0716666160133097,2.101518197706247,1.0499128678231309,2.099025847719028,1.2647616126440235,2.107962643992185,1.2024468462018467,2.108304013606295,1.0130230591717515,1.0724553383959836,1.5320790548514052
2.0099086523822547,1.0786189401287296,2.068539676212384,1.0447362860069358,2.029510221245731,1.2660964521339877,2.0777775395339644,1.2389620706319775,2.0708925050099816,1.0321187282040123,1.0724553383959836,1.5320790548514052
2.1184127337788445,1.0232777943347449,2.1113370737074315,1.087362578303245,2.13425741231,1.2027306298072833,2.137700638395244,1.2392589223452863,2.1481877687552884,1.0291244450227297,1.0724553383959836,1.5320790548514052
2.1782570339128053,1.0399310774847612,2.206403778275604,1.0173563336583369,2.1952505208932007,1.2203645714756617,2.217808030608737,1.1834502865220369,2.1975012497581394,1.02130206934892,1.0724553383959836,1.5320790548514052
2.120228012744525,0.9927075697459988,2.174648825210535,1.039904375726121,2.1379171164797466,1.1701624115546687,2.2016370381370587,1.210542879422803,2.185852923898655,1.02283905152889,1.0724553383959836,1.5320790548514052
2.1191178216168503,0.9864747394284028,2.110491064962377,1.0494426322945791,2.1342300596319825,1.1589035331247424,2.123938734878746,1.2348519601410788,2.14540193354178,1.0362810967331326,1.0724553383959836,1.5320790548514052
2.13862108829064,0.9963260967985328,2.1625987728601417,1.069890835541262,2.1603827126504105,1.1640896778056231,2.155770748527706,1.2715895811369395,2.166578077729292,1.0346068762228535,1.0724553383959836,1.5320790548514052
2.1021651927076204,1.0317567771338754,2.1309703696326023,1.057090114877255,2.1163825103677545,1.2128029503303874,2.1172163774567405,1.2730756646083814,2.1275940337147894,1.031985286032832,1.0724553383959838,1.5320790548514056
2.1453698863295454,1.0422571260946123,2.166231785530502,1.11090768349844,2.167146943991274,1.2289972901355397,2.1997510794651096,1.3096270991504593,2.199383239257476,1.0609084058385176,1.0724553383959836,1.5320790548514052
2.1320520567922263,1.037204597781208,2.210526032028418,0.965243309453454,2.1498364151989477,1.2227303206345097,2.208618404626144,1.1475240381231326,2.1759965602122944,1.0025933241322311,1.0724553383959836,1.5320790548514052
2.076238537711899,1.0822808689825063,2.06983645883628,1.0338445048203773,2.0948356481988157,1.2727714956638947,2.0684694929347787,1.1935245717424126,2.096255507999613,1.0377117410786794,1.0724553383959836,1.5320790548514052
2.150175341718875,1.1149535563486337,2.08286257822864,1.1358191877687254,2.1660754293160185,1.3137333139977536,2.128262221594976,1.4077270359131222,2.1571042346691187,1.098245421109656,1.0724553383959836,1.5320790548514052
2.010439310163272,1.0814017024121232,2.03310488916127,1.0453219236235285,2.035200377832393,1.2740803289150966,2.036207000368398,1.2899771342220798,2.049426139268764,1.0523309678442607,1.0724553383959836,1.5320790548514052
2.164826181874846,1.0080769757894394,2.145214391250684,0.99907664560529,2.182128880704936,1.1909635621964618,2.1590735616022587,1.1969888612730135,2.149797403031076,1.004159301926324,1.0724553383959836,1.5320790548514052
2.0876874079831005,1.0625938220892357,2.1001719746027923,1.052557541662232,2.1093594561257856,1.250297630941119,2.1211272490065194,1.253626430395246,2.1403927643969545,1.0545166447670669,1.0724553383959836,1.5320790548514052
2.1601161744723107,1.1301073024330288,2.168837481628726,1.1193274628397352,2.182646659864443,1.3188665741553676,2.1882825701910336,1.312521551803175,2.1922570862775084,1.0979914045852062,1.0724553383959836,1.5320790548514052
2.1525460378410584,1.074820704937332,2.186703546214916,1.062144083210575,2.1737075444236225,1.2625098361116105,2.212100361767818,1.2433539282273849,2.183121637408147,1.028647629855735,1.0724553383959836,1.5320790548514052
2.1863674597903686,1.043574142045077,2.196326308417909,1.038949667379272,2.204786151199117,1.2297533654259043,2.225001179571152,1.25075101356251,2.1655827241234005,1.033799076948681,1.0724553383959836,1.5320790548514052
2.0946900387748117,0.9669643424996384,2.1149707251494725,0.9845814211740356,2.116116911698556,1.134161612595871,2.1652241632087783,1.1526789903532677,2.1361819118449072,0.9602133833968096,1.0724553383959836,1.5320790548514052
2.165483673104548,1.1313858249407651,2.1616585105025963,1.1401472010936182,2.1861600087649653,1.3317785687589718,2.18425590340651,1.3788005511460055,2.1954721122403287,1.068328759265676,1.0724553383959836,1.5320790548514052
2.0759529722118764,0.9918118457711016,2.0824138631091795,1.0004924322553663,2.096445390539252,1.1644898157995085,2.099982167543285,1.1654308076826516,2.106323064665994,0.9843101915231663,1.0724553383959836,1.5320790548514052
2.0968927715298102,1.090017565553712,2.126764280168746,1.020157828988936,2.117279102128235,1.2839433939587963,2.153561189234107,1.1840283373376308,2.1293984844400424,1.0336112495773024,1.0724553383959836,1.5320790548514052
2.1411139607827376,0.9576718944373986,2.1160853299854003,0.982610115171708,2.157033252951627,1.1283072240690983,2.131660709539528,1.1640019626952296,2.1557212007151616,0.9641995670394692,1.0724553383959836,1.5320790548514052
2.160500928897404,1.0736724270353868,2.148397366086296,1.1076129350125172,2.179533452307379,1.2600073136260266,2.1875438791083472,1.3064684591745614,2.181587033751232,1.0718873670045597,1.0724553383959836,1.5320790548514052
2.115874548917283,1.005452881813618,2.124556050340668,0.9945645715991014,2.136875282138937,1.185612865064247,2.164293076133292,1.175701449769176,2.138280598167932,0.9867159446828272,1.0724553383959836,1.5320790548514052
2.155225741474114,1.015724580563627,2.156621581242969,1.0335516346511984,2.17153504268692,1.193470725294412,2.161681608344378,1.168609804638875,2.208476123769155,1.0026774375566323,1.0724553383959836,1.5320790548514052
2.17066062124597,1.0725450706650892,2.126501380688164,1.0606996506352493,2.186217498527011,1.263658648417026,2.129285436432588,1.249729815147042,2.162640822422583,1.056026612127834,1.0724553383959836,1.5320790548514052
2.0496920789940845,0.9380407365811184,2.09157771802688,0.9473492871910087,2.0694760480542147,1.1061713341586286,2.0809874681015104,1.0970557872338444,2.0968632018873627,0.9433842395333876,1.0724553383959836,1.5320790548514052
2.0177954650453147,1.0609770964499965,2.069091300727571,0.9926163748171228,2.0377888994697777,1.250041907242057,2.077162641512815,1.1571518045911249,2.0722643575409525,1.0085223933879897,1.0724553383959836,1.5320790548514052
2.107017046332129,1.0762962375265563,2.0762740772492663,1.1018992020280236,2.126707633364048,1.2698861768140346,2.1269967727891927,1.316423140515668,2.095619537766447,1.0586484622308434,1.0724553383959836,1.5320790548514052
2.0446702718911443,1.0483334138802214,2.0473535536708423,1.0376441671276218,2.0695521756014665,1.2341242770095078,2.0480335519931008,1.2611275841488745,2.078508443366725,1.022831442551475,1.0724553383959836,1.5320790548514052
2.095241994529704,1.067728845779678,2.128155654610154,1.1107499370300338,2.111943157504754,1.2593691591485243,2.131495015937221,1.2627165446865447,2.1385756522554504,1.0715094467928488,1.0724553383959836,1.5320790548514052
2.1310960488344244,1.0915673116261309,2.148552754937365,1.114459771380733,2.150328137586587,1.285523699856846,2.1720958687894902,1.28951008363317,2.167929249143448,1.0760631819372608,1.0724553383959836,1.5320790548514052
2.062028387876768,1.095068323270487,2.075207580028392,1.0659684716133897,2.0901226329367355,1.2894317810896974,2.1074970359957685,1.2644897834804971,2.1008982791288258,1.0639788924957672,1.0724553383959836,1.5320790548514052
2.120668801887888,1.1188330699977735,2.171999443386018,1.135000805428034,2.1451359549659523,1.3190287869798702,2.1474688211072306,1.3678616947347657,2.160056999069856,1.0956806514422108,1.0724553383959836,1.5320790548514052
2.103059807829876,1.1087602684738596,2.0750641105201435,1.0818179997501358,2.1226128853750628,1.308909123800097,2.0770152555470798,1.3072827592917635,2.1268728587422334,1.05279182035062,1.0724553383959836,1.5320790548514052
2.15169620555714,1.0810854461746142,2.1194124285451394,1.0508811518704892,2.169623248712228,1.268520988111992,2.165277538560918,1.2401059460549784,2.117203229483158,1.09081195509726,1.0724553383959836,1.5320790548514052
2.156812402009626,0.9614075112587548,2.1098049587329384,0.9609135049200296,2.176329214499924,1.1268694900990384,2.125896784081597,1.1345590253703448,2.1562405418399617,0.952937849903132,1.0724553383959836,1.5320790548514052
2.095428104688746,0.982912491054576,2.061420461580493,0.9693517968354451,2.1085045358386165,1.1585485941996092,2.0594338659600884,1.1552150622805164,2.0823565136901303,0.9684458037696628,1.0724553383959836,1.5320790548514052
2.1707693328169886,1.136491546423343,2.1952863165441547,1.143893349105764,2.192517327891344,1.3421646159543137,2.2430316472410743,1.3524288491083742,2.181318632144853,1.0867876437804893,1.0724553383959836,1.5320790548514052
2.1374298826964853,1.0470496537276532,2.120206868491402,1.0744747522682896,2.15435354411829,1.2344340352049663,2.111501416054718,1.2791675130338775,2.174453567000908,1.0471626127925686,1.0724553383959836,1.5320790548514052
2.067952412870582,1.091295229720899,2.113954912499496,1.0580629961771786,2.090278546480668,1.287000753712306,2.1576555232648054,1.2281667615548642,2.097545956538491,1.1044904498849244,1.0724553383959836,1.5320790548514052
2.188132732079627,0.96026234064354,2.16200125410624,0.9995903848448991,2.2070626015298824,1.1320888601592358,2.1817323175232697,1.1609910933234684,2.1969632816637885,0.9754602654055536,1.0724553383959836,1.5320790548514052
2.084744845097075,1.0550007880822347,2.054789731037867,1.05697620652917,2.106397750759803,1.2430015543577349,2.065720462455228,1.2837245708979383,2.1076497347278584,1.0459204078916795,1.0724553383959836,1.5320790548514052
2.2028165993747697,1.066547802712977,2.183054927182169,1.0195803031761506,2.219867731721643,1.2587099343210204,2.20465319515784,1.183123121566687,2.2044891328997864,1.0068708755717135,1.0724553383959836,1.5320790548514052
2.160060137148144,1.108503530141794,2.198791082823208,1.0133902318769363,2.179239881809983,1.3033302334572774,2.22990288513544,1.1746171919495052,2.1818407068600227,1.0556632713349785,1.0724553383959836,1.5320790548514052
2.1067122908924785,0.966816446344757,2.082970944438005,0.9517307802190812,2.125223748962414,1.1406866118491792,2.1215931575485114,1.1368937730530082,2.1405946827938416,0.98594310164788,1.0724553383959836,1.5320790548514052
2.1354666722061704,1.06780451136857,2.166314040085925,1.1126891819265226,2.1568496649991222,1.2569706449336169,2.1474892720333147,1.300050119631568,2.176207864172701,1.044747839325061,1.0724553383959836,1.5320790548514052
2.2082382243108194,0.9794872323570776,2.177556862782431,0.9703560003326228,2.2238307297872075,1.1549580651826872,2.1534981253995804,1.1677962061671974,2.202979575393692,0.972901018474106,1.0724553383959836,1.5320790548514052
2.132564886975372,1.036927733658685,2.1147054767099247,1.0825157640485636,2.150345634780313,1.2219618678704067,2.105586002429149,1.3144906923783828,2.1505285671005785,1.02588632396431,1.0724553383959836,1.5320790548514052
2.1667457405538846,1.0143766724858088,2.228118956506886,0.9927792144014532,2.1878503047736517,1.1974781496940066,2.2640352251885267,1.1487303960110065,2.2050388378279373,0.9787013473725324,1.0724553383959836,1.5320790548514052
2.2469470503548425,1.025178349985822,2.2363103230375785,1.0549564690085866,2.2652119226779077,1.205412793570814,2.249733398991061,1.2606578451214272,2.246451078137162,1.01949432393984,1.0724553383959836,1.5320790548514052
2.05358425565297,1.014261011233457,2.0613042604111453,1.0348469226066486,2.074609920662067,1.196211046130976,2.082240403006605,1.2159418533643886,2.1084638756362324,0.997258140973646,1.0724553383959836,1.5320790548514052
2.0696592200786808,0.971660251218222,1.9922646975646323,0.9858694717425796,2.092151136335602,1.1402791059914534,2.015958549557744,1.168730984464117,2.1028519532279226,1.0055187866933633,1.0724553383959836,1.5320790548514052
2.1713530460652537,0.997920112126888,2.202536989710447,0.922523578691082,2.1871795695601137,1.1801445366583485,2.218431825897248,1.1222385804781347,2.1875761330686925,0.985046035876994,1.0724553383959836,1.5320790548514052
2.1355477272603247,1.0375323165075174,2.175761682263168,1.0458438790237246,2.1572371556319867,1.2242079801534442,2.159196976898289,1.248161682777322,2.1785908092063484,1.0338045536458893,1.0724553383959836,1.5320790548514052
2.11273784805038,1.0387126255070231,2.043517277706722,1.098279884447918,2.129692577102968,1.2224070658057031,2.078011256692464,1.2804813332291658,2.1009792057991072,1.0940091446523226,1.0724553383959836,1.5320790548514052
2.102586338481123,1.0324453672766871,2.146307139658013,1.0590680066079723,2.1214563590829694,1.2133455668513031,2.1751374359359152,1.233815928052863,2.1265403111181707,1.029603619525239,1.0724553383959836,1.5320790548514052
2.1002466650975973,1.0596161824535375,2.101530550767309,1.035861704364018,2.122037447305966,1.2437376506564266,2.097621174818261,1.2120840785343383,2.1251101136123216,1.0085440869613973,1.0724553383959836,1.5320790548514052
2.1171993443343173,0.9561900138521666,2.117138498465572,0.9640767665331156,2.1319481884242983,1.125539576105214,2.153294390481128,1.1181967904890209,2.1311447795913647,0.9798014947809642,1.0724553383959838,1.5320790548514056
2.1043183839416604,1.066514194791042,2.09396620403998,1.0588471641070172,2.1259382827877595,1.2577773068934828,2.110045824219751,1.2727149013022805,2.127739434324798,1.0344866062314937,1.0724553383959836,1.5320790548514052
2.0596022720932097,0.9916870851103756,2.0860808499895103,1.0137554122271148,2.0768667595010206,1.1687521113222386,2.116435837107746,1.1807466760893823,2.098413041799548,1.0041373699810416,1.0724553383959836,1.5320790548514052
2.098748052035102,1.198917059452213,2.110491804006013,1.127068303853758,2.11921405505458,1.41644600725624,2.142883257168257,1.297827140102361,2.1020663540752897,1.144274488364165,1.0724553383959836,1.5320790548514052
2.1274490820201746,1.0117307321657625,2.0981691156460966,1.0152471843956858,2.14709080317052,1.19269043100204,2.104045521341166,1.2070494994991516,2.140928500902472,1.0163492155132927,1.0724553383959836,1.5320790548514052
2.136973242175165,1.0349510785938625,2.1734111587344267,1.0360977551751285,2.1573986913549152,1.2184112636918614,2.1775224367693458,1.2191468785275532,2.197540840595074,1.0120739266609493,1.0724553383959838,1.5320790548514056
2.1465096601247504,1.045613727769814,2.1011698272888504,1.072020847171032,2.1668394331403475,1.2296788860772867,2.161897420275259,1.2469972199806896,2.1496751210362626,1.0386138093288804,1.0724553383959836,1.5320790548514052
2.1298694837311065,1.063257700325941,2.091587475427043,1.0756189825636722,2.1445965536012936,1.2461742643397735,2.110193146885386,1.2640246619985709,2.1410615349779984,1.0430512188779768,1.0724553383959836,1.5320790548514052
2.125593411152106,1.1026154592093955,2.124381268837609,1.0031022532859517,2.144268549099553,1.2945636074632658,2.1717328255022004,1.164125741571412,2.128018317598707,1.0342799913180831,1.0724553383959836,1.5320790548514052
2.106703399409441,1.0823971188447734,2.1046335423814693,1.0722588306673353,2.124756590437332,1.270998947470054,2.0715706972182044,1.2638808010547826,2.1313596244608823,1.0558789428052828,1.0724553383959836,1.5320790548514052
2.0873519851148234,1.092529341817549,2.0060425604395595,1.0483175844607984,2.1078230339994355,1.2848076574632157,2.041290248268289,1.3166054518338652,2.0936760029078783,1.0535065027209969,1.0724553383959836,1.5320790548514052
2.1845971333883263,1.0099571438451709,2.1691717182387964,1.021602463084938,2.203791355778223,1.188514269423772,2.1687682611143924,1.2098012899414536,2.1649088677603414,0.9936703645696254,1.0724553383959836,1.5320790548514052
2.035488382954872,1.1142724418142165,1.9831417955425288,1.1486463962253006,2.0570012258774573,1.312124498075457,2.002771346537863,1.3365520582825332,2.039946648132535,1.0873404002737992,1.0724553383959836,1.5320790548514052
2.0518020000945687,1.0535697051791846,2.045829072782931,1.0902432288278283,2.069682176074215,1.242899940882602,2.060531521408918,1.2596251119258828,2.081127567753521,1.0341939113707614,1.0724553383959836,1.5320790548514052
2.086325900120321,1.0768523376499322,2.1455959722887377,1.1049367752311343,2.101317218027721,1.270088561372943,2.1954238315371035,1.3170431952458994,2.1119752007637,1.076914314638192,1.0724553383959836,1.5320790548514052
2.148501522177769,1.0005231595369868,2.119555353603347,1.016129036360108,2.167144449992195,1.1808675447768953,2.1448561385470764,1.1632518649243564,2.1712201978039256,0.992520523978763,1.0724553383959836,1.5320790548514052
2.127586998823833,0.989720222716302,2.1245395203581934,1.0295971858087818,2.1431703249701437,1.1641196707058532,2.1642616129421324,1.1993726091798191,2.1346647798439875,0.990684506884049,1.0724553383959836,1.5320790548514052
2.072058945608958,1.0904049491256742,2.0710887592951512,1.072462280365312,2.091159815355588,1.2842859830102324,2.0785327319464595,1.281959929713659,2.1012520785555,1.0825399409326797,1.0724553383959836,1.5320790548514052
2.1483747252651795,1.03791409673352,2.2071112111166187,0.9792035568295636,2.168121692158945,1.2243894774565132,2.2097548143991186,1.141155734638115,2.1883116575738644,0.9915120292525323,1.0724553383959836,1.5320790548514052
2.1504690238717594,1.0730177425523322,2.1375470276638318,1.0257486617740517,2.166645766055915,1.2654691630474435,2.182555120180022,1.249059663904707,2.162566244000756,1.0474260034077147,1.0724553383959836,1.5320790548514052
2.103550819044372,1.0647270916922025,2.072804493560512,1.0624446989842853,2.1241421518805264,1.2508535490278518,2.0936831199240498,1.2443689181875035,2.119499179478271,1.0326651526373252,1.0724553383959836,1.5320790548514052
2.066007418626093,0.9850707767005688,2.071952240641997,0.9733497820054396,2.0837214278175478,1.1622715062388862,2.086982907330225,1.119575244966151,2.102625832181132,0.966559028366123,1.0724553383959836,1.5320790548514052
2.176377553792001,1.0091787184508882,2.1407418469201187,1.0045892919291364,2.195662049525057,1.1909587939479696,2.168052860655185,1.1841170741926204,2.1822917173560605,0.9884940484555222,1.0724553383959836,1.5320790548514052
2.1869980482778937,1.030464757453483,2.205612664406248,1.023252089262236,2.2038438474728435,1.216579618065784,2.2402692001298985,1.2157534095368163,2.201085174388296,0.9913478420475176,1.0724553383959836,1.5320790548514052
2.188252348523278,1.0366756584728656,2.122747836279631,1.040670920370945,2.2034718302949807,1.2229462913336688,2.1589983043228016,1.2286479385290583,2.169109999395661,1.0213891299842952,1.0724553383959836,1.5320790548514052
2.169734369407711,1.0155485401963382,2.1522144452582337,1.0533200962983422,2.1887801158558795,1.1925155955668467,2.167384606225079,1.2362109781764654,2.1275272875180624,1.0128076050343375,1.0724553383959836,1.5320790548514052
2.053499961205317,0.9751606558275164,2.086434127480452,0.9630561659786968,2.0718237693010457,1.1459406989036722,2.0970470311368987,1.1157701178328032,2.117604096009213,0.9485119265152192,1.0724553383959836,1.5320790548514052
2.157876634715297,1.0951714951796032,2.1060423715833485,1.0991998680187185,2.178880835978702,1.2876744906028843,2.1166777987018053,1.27990277852764,2.1406955035470245,1.0545252889081191,1.0724553383959836,1.5320790548514052
2.102255429542004,0.9658743181393422,2.181124666093807,1.0022426971787304,2.122231847131611,1.1397929489450656,2.2134026203754584,1.203476739734516,2.1702870156512284,0.9757442295564746,1.0724553383959836,1.5320790548514052
2.0683814624625847,1.0280431746742713,2.075271218353304,1.0186189214351666,2.0873234386077355,1.2115489569976237,2.0850857651229333,1.204740289820645,2.0879268153534447,1.0253962647881476,1.0724553383959836,1.5320790548514052
2.1524199804204978,1.013228838778302,2.1665459223139227,1.0279035870283997,2.1676705529925586,1.1919569883779175,2.186117520723857,1.2024249288850273,2.1367536207258677,1.0010681237153214,1.0724553383959836,1.5320790548514052
2.0778270830349626,1.030960971928203,2.104529073173694,1.025898866142104,2.0951297232973216,1.2128397310133472,2.0815717123153257,1.2394350902636626,2.120138016866356,1.0412213089675506,1.0724553383959836,1.5320790548514052
2.106976677735168,1.046422267740396,2.017687366167882,1.0291418526094638,2.12475700252686,1.2360983553334404,2.024684089728122,1.2043982171747682,2.1186236937943166,1.0323762989556058,1.0724553383959836,1.5320790548514052
2.1583167561794068,1.0150033164994627,2.1954624417690995,1.0860233526020873,2.1773505060807268,1.1963616245404334,2.2397688915358733,1.2507327228820242,2.203427977703348,1.0292839348325509,1.0724553383959838,1.5320790548514056
2.1073586985446675,0.9773400189943215,2.107840465950539,1.0137832290817277,2.1227970298819248,1.1528104130549883,2.1150470619217745,1.1837182094627352,2.161710228105215,0.9673712051069324,1.0724553383959836,1.5320790548514052
2.123454723797625,1.022571712279574,2.0925503441220914,1.0100238667305976,2.144783401344862,1.1997609684560897,2.1018514559988595,1.2168701515597886,2.133418828049195,1.0076864643997114,1.0724553383959836,1.5320790548514052
2.15564725750573,0.9933180919449264,2.165276381556227,0.9899498776945744,2.171311637374385,1.166357179611623,2.1934040070747893,1.1450659903766789,2.169360764765293,1.0034383512363747,1.0724553383959836,1.5320790548514052
2.1158062070027293,1.0695161282012435,2.135825817190057,1.0468811350251144,2.1407439008870424,1.2565755455262115,2.1816516821359,1.22699386098249,2.14874520662316,1.053549995987555,1.0724553383959836,1.5320790548514052
2.0635848701169763,1.111734916018833,2.08967348936105,1.160694909945818,2.0888121900168657,1.30890352918302,2.1578392924577687,1.3823674816614269,2.1202266248293413,1.0884789774646524,1.0724553383959836,1.5320790548514052
2.1962632945485887,1.1390650481253652,2.101570091710107,1.1634683232811525,2.215687257970844,1.343531151410612,2.101876511428705,1.4234036601418252,2.172838685391805,1.1108776323258926,1.0724553383959836,1.5320790548514052
2.117615560560293,1.0149488410724188,2.1404150317144968,1.0758645807544098,2.1370090405991284,1.1961673587160626,2.189181325424177,1.2920806561716922,2.159017848780193,1.012645734400558,1.0724553383959836,1.5320790548514052
2.2420022532817034,0.988906911863462,2.2054989207479068,1.0011619447351876,2.260944490734161,1.1640116554670916,2.245984007868674,1.1764166591328526,2.2357677879668807,0.970298622325246,1.0724553383959836,1.5320790548514052
2.0666473047668585,1.0198555035727632,2.0336955714171125,1.026760366164608,2.085390394331866,1.1980105161088364,2.0584879463957706,1.1976691131914312,2.090107301936949,1.004886151087118,1.0724553383959836,1.5320790548514052
2.116331533452426,1.0390519860421348,2.150069140880178,1.0365178770994432,2.138927814527204,1.2247943153529943,2.1751317280108555,1.2420812238579184,2.1475795581795354,1.010852447732162,1.0724553383959836,1.5320790548514052
2.124527040497,0.977148824534528,2.0539926774279373,1.0418060087761871,2.140445012393528,1.15112170637916,2.0681895658371183,1.2810215448560187,2.115581626558286,1.0009029477425828,1.0724553383959836,1.5320790548514052
2.1247256596523574,1.0718606478155976,2.185110570979275,1.052543522107404,2.1459373669289787,1.2624098940211257,2.186406764802114,1.2487074536229792,2.150599172264492,1.049212432748758,1.0724553383959836,1.5320790548514052
2.133237115054624,1.051824362358105,2.1248552725411454,1.111032950165887,2.1488047119162923,1.2398678062468178,2.139048234081604,1.304992611772714,2.161838427002129,1.081997595437653,1.0724553383959836,1.5320790548514052
2.064497958506645,1.0601443243530142,2.065707723881262,1.0078758509792003,2.086052534207525,1.241091059590092,2.069409849554806,1.164955326354841,2.0999698121578225,1.0235501860180742,1.0724553383959836,1.5320790548514052
2.122553945066878,1.0403330314693982,2.10545993639871,1.0163900921902131,2.145563592495614,1.2258749365069048,2.1349856831118337,1.1603205713822065,2.154016528466105,1.0178209317302134,1.0724553383959836,1.5320790548514052
2.1665956209411075,1.0479756857825837,2.137338611159377,1.1256120346197074,2.190424083816199,1.2335896990225652,2.200909834979882,1.31596334542151,2.139626254850482,1.1019486834987775,1.0724553383959836,1.5320790548514052
2.203985788376014,0.9822512833354684,2.1585119855101262,0.9911746127135976,2.2215414908902957,1.1547445841820951,2.172712588943765,1.1599379926828897,2.2001625817921364,1.00156939676457,1.0724553383959836,1.5320790548514052
2.064899466672315,1.0901505281434718,2.107175038432358,1.0104563550507482,2.084757848140524,1.2853894322374353,2.1351559988608826,1.1817161613780964,2.102975133661887,1.0505439270455323,1.0724553383959836,1.5320790548514052
2.1271911034803974,1.1044687813422818,2.131316101136602,1.096165725314188,2.1494208627739,1.297055097183046,2.142848698407084,1.2545948004642449,2.1386237488705047,1.074337407151996,1.0724553383959836,1.5320790548514052
2.0232211257209096,1.0530031874166816,2.1329307203740364,1.0016144547503374,2.0442310586822585,1.240928000222923,2.1788580320154245,1.1931170957034436,2.113518593704892,1.0428790423510848,1.0724553383959836,1.5320790548514052
2.157959422085507,1.034396479755452,2.1490844272535403,0.9667214935268232,2.179982533106867,1.211559801674366,2.1561748705131847,1.1616909269199016,2.1707382998408846,1.0233283143912306,1.0724553383959836,1.5320790548514052
2.15684047662565,1.015542017034649,2.1417706755818617,1.016643155077175,2.177745389242102,1.1919966800808055,2.2098712545466586,1.2393468174847624,2.162750025881336,1.002746663763857,1.0724553383959836,1.5320790548514052
2.152626978930969,0.998918018398408,2.1929363929747185,1.0000956806442405,2.165833824805034,1.1786530545458829,2.2144777017557944,1.173886558475921,2.2042932970843605,0.9919101559108544,1.0724553383959836,1.5320790548514052
2.2099022443416,1.0155812171243612,2.1134745300959783,1.0375972987478386,2.2273522280755595,1.199178238831116,2.117527626719232,1.2690823141121217,2.163214324210053,1.0238305292931025,1.0724553383959836,1.5320790548514052
2.1526324165710187,1.1387531610551849,2.097097698057687,1.113630155883008,2.177771199147543,1.341379228851476,2.124066491653413,1.2872270910786483,2.157147783276179,1.0999563126109888,1.0724553383959836,1.5320790548514052
2.0947959395777924,1.0079061273150285,2.1114577273430863,0.9958405580651069,2.114270375762923,1.1890224637856133,2.167177196307225,1.2146626179892124,2.1012163722491994,0.9770421203549536,1.0724553383959836,1.5320790548514052
2.105768993174594,1.032718155688823,2.183842210782434,1.0155909322314929,2.12965554574906,1.2168869579356112,2.2214192030845705,1.2608711987267394,2.187679639152341,1.0143045997741846,1.0724553383959836,1.5320790548514052
2.168237250159072,1.0110464379229598,2.154577288064937,1.043414190800451,2.1833829074017577,1.1901487161887132,2.1861083375589034,1.2106909117603448,2.181911838108926,1.0139533897901172,1.0724553383959836,1.5320790548514052
2.070339512318323,1.0994446859491116,2.081517226980732,1.040282074316171,2.089267364417286,1.283496382373094,2.095161678403505,1.2223272852689615,2.0905724682457065,1.079444893896616,1.0724553383959836,1.5320790548514052
2.090375042757746,0.9862607899578544,2.1169912265862174,0.9966203190629428,2.10828725101564,1.1591492534037642,2.101652948830941,1.2327366129074642,2.129181655937082,0.9944712651720408,1.0724553383959836,1.5320790548514052
2.127368377652189,1.041047905561327,2.1305285785850945,1.0006790673117048,2.1428766023377315,1.22528996702256,2.15878886883475,1.1575708928464046,2.166497822463702,1.0183564047500997,1.0724553383959836,1.5320790548514052
2.139648980762201,1.1271985373261608,2.067551784900043,1.104997438728371,2.1570900197080483,1.3318537884319344,2.109401036596055,1.3526760508557174,2.1431537003394934,1.063354265143712,1.0724553383959836,1.5320790548514052
2.109950848422026,1.083572487824932,2.1744754484943742,1.0385610834704777,2.135291753268361,1.2730247869442448,2.2147314141758754,1.213642217118169,2.1786953796033446,1.050745908165483,1.0724553383959836,1.5320790548514052
2.11148382212028,1.038397805980356,2.062396464972747,1.0398358386789164,2.1307664263429,1.223103947987119,2.053144920330056,1.2374141501268932,2.148135458676488,1.01312108929067,1.0724553383959836,1.5320790548514052
2.1315943058663893,0.967325477977211,2.1715767931540486,0.9530957466474124,2.1528748774318256,1.1392175722369182,2.199684640917062,1.1286744402920026,2.1803413180297597,0.940803475887522,1.0724553383959836,1.5320790548514052
2.117577475418888,1.0628644646815644,2.2182107669492472,1.0909419658569748,2.137915959771546,1.25109877609175,2.227549861193883,1.2446991244843235,2.1803029987434277,1.0689427874119448,1.0724553383959836,1.5320790548514052
2.0776174508027148,1.0464651931355964,2.1089512250279934,1.0348795138618887,2.1019628351234148,1.2273361040314257,2.148249977572856,1.2228003429541825,2.126836050776049,1.0459392134056913,1.0724553383959836,1.5320790548514052
2.1621888744443782,1.024626406083981,2.117590300131073,1.0563668195881617,2.180057001753408,1.2059296012095873,2.1431725118491336,1.2273221545732549,2.128956376546796,1.0292174755047616,1.0724553383959836,1.5320790548514052
2.1107647461554992,1.0240918091845157,2.1119693261140804,1.0325584464862407,2.1275933153011093,1.2077006157042731,2.12777346214004,1.1963467208749103,2.159887505340709,1.030376553080115,1.0724553383959836,1.5320790548514052
2.173613920220624,0.9753518179972216,2.158388012620841,0.9891422647230094,2.1919795037244394,1.1426291897883387,2.170113893104808,1.1543643819722198,2.1746701221635103,0.982417879244427,1.0724553383959836,1.5320790548514052
2.091904835010688,1.0270132226304465,2.025923136909612,1.0005419186977715,2.1181148748273646,1.2030985347770584,2.059301038020518,1.1512608348978155,2.067148569169164,1.0035125832777336,1.0724553383959836,1.5320790548514052
2.08254367361326,1.0963983145804912,2.0490068294098407,1.114946902469544,2.1049882212189868,1.2922388435643095,2.0601077504857983,1.32810733902541,2.0993826699654563,1.074823040924948,1.0724553383959836,1.5320790548514052
2.089559001369431,1.0499241861251107,2.120911857264459,1.01863630667863,2.1090707422451707,1.2335176649342894,2.1264360951653125,1.2209228916801278,2.131943970288041,1.0251753297799435,1.0724553383959836,1.5320790548514052
2.099265537818372,1.0338934405665692,2.11127525886652,1.0733026582337553,2.120087997136973,1.2177535121274758,2.114451818445692,1.244824060798529,2.115989280169027,1.012994247934239,1.0724553383959836,1.5320790548514052
2.0797232138650674,0.9346251954111596,2.120639644187097,0.9513796015402546,2.096060076082206,1.0980146710255785,2.159482489114364,1.1157188068520785,2.115472801652816,0.9395089860442816,1.0724553383959836,1.5320790548514052
2.1065594937684677,0.964323098632152,2.121531007540672,0.9710601335824284,2.1254661781543907,1.1348557944484017,2.1569903904965497,1.1369561971390636,2.115146441046675,0.9461646928422044,1.0724553383959836,1.5320790548514052
2.1086475907793165,1.0717347341994234,2.132863189769722,1.0835298992956697,2.128278948655855,1.253636330857104,2.169668495902416,1.244757564993486,2.15616428079875,1.0314473124796482,1.0724553383959836,1.5320790548514052
2.152554046609632,1.0674663196087109,2.160949850735242,1.0305706246202506,2.1735673234320947,1.2568931125046483,2.1970601959452027,1.2193026526115858,2.1725372109502445,1.0159286638762275,1.0724553383959836,1.5320790548514052
2.1515875319732656,0.9846428389653736,2.1494922864418182,0.969873371272408,2.173613327436582,1.1605874566688728,2.163360391725872,1.1336620058029183,2.182339781724388,0.9837688044652384,1.0724553383959836,1.5320790548514052
2.106155140480971,1.1062792012305551,2.103601164957291,1.123876530260819,2.126186936497945,1.3033130327788514,2.156896301590867,1.3382963157592238,2.132385431833953,1.0761715104371965,1.0724553383959836,1.5320790548514052
2.050702693202818,1.0974860828709403,2.0333814388816487,1.1557096196984176,2.0690869706852872,1.294467885331808,2.0883305923775413,1.4139822771186092,2.068961530195802,1.0883282999274926,1.0724553383959836,1.5320790548514052
2.056079569627764,1.0556282315836298,2.083133410308126,1.05985354554583,2.080203243521544,1.2392065947522226,2.109796985082508,1.256869810838712,2.114943792496548,1.0370199007611205,1.0724553383959836,1.5320790548514052
2.0813055084956744,1.095435258204137,2.104444951775224,1.06352232026817,2.1006599445566136,1.288976030279252,2.135528977991912,1.2264473395506417,2.177035905963779,1.0718142545011513,1.0724553383959836,1.5320790548514052
2.043395736371,1.103180730034433,2.0937717412266674,1.051045703720722,2.0634710474332327,1.3005044685606246,2.112401824871255,1.2342020357455008,2.09194282596431,1.0497638048788478,1.0724553383959836,1.5320790548514052
2.1926128185422966,1.044185129785868,2.167805028179216,1.0475823969954663,2.2110909058569157,1.229522309545755,2.198465284150505,1.2348197135359025,2.1943320241218323,1.0099838841266182,1.0724553383959836,1.5320790548514052
2.0826636290028544,1.0108465230306571,2.103002794968708,1.0521877020788186,2.1022519817977683,1.1886691883252147,2.11108409944935,1.2441817913186408,2.117461538870383,1.0138712250205817,1.0724553383959836,1.5320790548514052
2.13997118236032,0.9771211626031492,2.077489985523456,1.0163869642754029,2.155127392688182,1.150316843183994,2.137686842216728,1.2208601017701488,2.13889686943616,0.996298279542144,1.0724553383959836,1.5320790548514052
2.184432016539831,0.9756123134598694,2.149036328635874,1.0189151669993035,2.198089924286089,1.1459015712537186,2.183522096646596,1.236822217680044,2.177702704531692,0.9900854002689556,1.0724553383959836,1.5320790548514052
2.081432944250944,0.9745780329286712,2.124111703789383,1.0039415141336572,2.0990448569596087,1.1495216996866338,2.1531208781766087,1.1842261163356382,2.115068923436488,0.9802861612742694,1.0724553383959836,1.5320790548514052
2.1341903107392857,1.105077293852358,2.1305552601539617,1.1142674463117093,2.153104372183947,1.3010604577651783,2.14973218565823,1.373449024870358,2.1618157766886945,1.0684262208458546,1.0724553383959836,1.5320790548514052
2.144510992052952,1.0601142995659003,2.115671384127493,1.023599531211895,2.162009960133625,1.2497730265790463,2.125337620237327,1.182991562753716,2.1379690593534417,1.0399627399006015,1.0724553383959836,1.5320790548514052
2.167732564064536,1.0446258480524904,2.1294803285233845,1.0195784624991733,2.1871215210064365,1.2338056944456262,2.187233215487144,1.20284862672045,2.164673236952535,1.030967081632654,1.0724553383959836,1.5320790548514052
2.072218955516484,1.0480860151171865,2.101708757087019,1.04245614119616,2.095915302571087,1.234254756492071,2.126570570188602,1.2218376060092513,2.101876794677139,1.0163949894880309,1.0724553383959836,1.5320790548514052
2.071932073070995,1.049158381336679,2.0914973515780724,1.0295506261786922,2.094359585494079,1.2368667195499847,2.092139676487017,1.2321600990172583,2.106269407555692,1.0296147694698905,1.0724553383959836,1.5320790548514052
2.0775507158398767,1.0637923347642817,2.0506797706620663,0.958428495820904,2.097799265470485,1.255012259578611,2.098142395914869,1.1311534071710458,2.115745662121373,1.0193809640662037,1.0724553383959836,1.5320790548514052
2.0938069000924,1.0191785346293956,2.0658648074554726,1.0384856776391769,2.111901949646009,1.2031399951851878,2.075070268990063,1.212275348741791,2.0954940249911678,1.0097980151087604,1.0724553383959836,1.5320790548514052
2.080584504708219,0.9941418136863078,2.1129146219361217,1.01733570610153,2.100953412420762,1.1664411987456973,2.1209308313783493,1.2229234534445144,2.1296556989915487,1.0044200744803982,1.0724553383959836,1.5320790548514052
2.092048544770069,1.044650240845865,2.1153332792770123,1.0309222244410758,2.1090233151896944,1.2270184602295642,2.117196147632625,1.2288781039933807,2.1145801300312974,1.0227408791003867,1.0724553383959836,1.5320790548514052
2.129991764521036,1.015909592305792,2.142098240697309,1.073731437105348,2.144418328150449,1.1972944560604315,2.1717483368418398,1.2362728434506138,2.1617641550769022,1.019476260277569,1.0724553383959836,1.5320790548514052
2.148388331323312,1.0257256035772675,2.098208899826436,1.0747358241324765,2.170158497025384,1.1980541130820166,2.1387157046895573,1.2583893058506712,2.1427015459617405,1.041600864088731,1.0724553383959836,1.5320790548514052
2.11176636121447,1.0179092622984482,2.1056706884373924,1.0567182681742373,2.1312645579775813,1.2013416492963185,2.1285269417781425,1.1988415195629931,2.1413087532514576,1.009020768421051,1.0724553383959836,1.5320790548514052
2.216275369810768,1.0936259551607594,2.229272768650611,1.0748608751399646,2.2358428655844658,1.2898670443583788,2.220512215471877,1.257743190618685,2.212516726804985,1.0833987916382186,1.0724553383959836,1.5320790548514052
2.0498861577646843,1.0976921416260166,2.057538446378467,1.0702479898141084,2.070143924314413,1.2960554482174218,2.065847540484976,1.2840239343622974,2.0863566898029613,1.0753106648269273,1.0724553383959836,1.5320790548514052
2.17239618657761,0.9730435515677136,2.193831200374458,1.0131877455847806,2.192534729980593,1.1470676240288364,2.210451311631493,1.1945586643044934,2.1940981149862924,1.0018747672778754,1.0724553383959836,1.5320790548514052
2.145185927598252,1.0269217855965258,2.1208168083493995,0.9893776443485728,2.1616350636056825,1.2072054985913248,2.12883626697043,1.203173122007495,2.1504652608651997,0.9858013643825092,1.0724553383959836,1.5320790548514052
2.060834983289309,1.026186368467663,2.056038446120508,0.9597175091101504,2.081873339135251,1.2091775885784608,2.081326327628741,1.130827789470584,2.1119267676299,1.0036302829077712,1.0724553383959836,1.5320790548514052
2.0779647914142423,1.061167222749953,2.09328590088462,1.0287818552040169,2.0969565979379325,1.2446119466417802,2.115238883324136,1.2032632981755973,2.1030609469070938,1.0339955411012354,1.0724553383959836,1.5320790548514052
2.0598209791837325,0.965575269212818,2.0780337368131305,0.968764417729318,2.079318521208421,1.1365974538937629,2.12814074715108,1.1803528929146263,2.097555289813105,0.9646652496751268,1.0724553383959836,1.5320790548514052
2.209320775122789,1.0231857415869237,2.1702469962747424,1.0862870971325815,2.2256461629072306,1.2063000461667586,2.22835127134606,1.260432845208587,2.200079373110756,1.0666964481253791,1.0724553383959836,1.5320790548514052
2.1412777590244727,0.9579100583605572,2.1394067355691675,0.948737225870146,2.156100254922884,1.132063092423503,2.148209169320435,1.1014065222612344,2.1829790966095155,0.9676888060855058,1.0724553383959836,1.5320790548514052
2.038217324793154,1.1232909546860552,2.0752083786755646,1.135741605169876,2.0606954549571275,1.325570718257927,2.0773879804120536,1.351900801845167,2.102357693049321,1.0853021264746066,1.0724553383959836,1.5320790548514052
2.1416798604011755,1.0136824196063368,2.1202668754096283,0.970445491335176,2.158037532166893,1.1883737061829582,2.1359935249184736,1.1191072810460694,2.1393949700153203,0.9709491750547382,1.0724553383959838,1.5320790548514056
2.061922775499764,1.0554512978320978,2.058740127738861,1.102242031338437,2.084537107743484,1.240783169273972,2.0813546166251125,1.2653761340658878,2.13314466348138,1.0645688446192232,1.0724553383959836,1.5320790548514052
2.084855558831944,0.9943843959840202,2.091797251485234,0.9840184022947176,2.105859245769736,1.16877473113285,2.1050073927513413,1.1793550557587755,2.105178672518129,0.9833710999183738,1.0724553383959836,1.5320790548514052
2.077236391141181,1.0935791784166362,2.016234817255228,1.10860159251698,2.100465183943655,1.2871866319556111,2.033955769657369,1.3241776987892373,2.10029069150168,1.0836796032498772,1.0724553383959836,1.5320790548514052
2.1722549319613256,1.062597432608568,2.1686107814532045,1.0381882583269364,2.191010664323634,1.2539243532597275,2.178246599248639,1.251009898887118,2.147326107904449,1.0394012891072817,1.0724553383959836,1.5320790548514052
2.1834231656139367,1.117459021751337,2.1943743815009435,1.0925591289485417,2.1983214652959,1.3206903326667416,2.1855004528411124,1.2701117265155597,2.17840154102821,1.101668316059975,1.0724553383959836,1.5320790548514052
2.1853858983191112,1.0527533290990256,2.159073369775432,1.0707150990621472,2.2041013296010616,1.2390386295870477,2.182189023749553,1.3395190910210977,2.212105944368212,1.053842142488398,1.0724553383959836,1.5320790548514052
2.1208577274226776,1.0934522699104272,2.0959401072943664,1.0842959010728692,2.135842215418368,1.287041703721104,2.1017832546876805,1.286534251387768,2.1444072025807555,1.0966649662582553,1.0724553383959836,1.5320790548514052
2.1726406083198166,1.0686093146794935,2.141090904004049,1.0352952890357097,2.1936746946844856,1.256867502912974,2.1797233450365785,1.2014232235649205,2.1521987477159112,1.049055235282802,1.0724553383959836,1.5320790548514052
2.167063274134626,1.0589693628793777,2.1722945244998884,1.0549134270881275,2.1872866498535326,1.2478962332264036,2.207506708178211,1.279984198815649,2.180681920087902,1.032944708761014,1.0724553383959836,1.5320790548514052
2.1249573521076788,0.9983649615810504,2.1611269366417467,1.0189187611088324,2.1406286584404426,1.1757695472138907,2.2090453516780606,1.1890877215918816,2.149286447784949,0.9966068559757938,1.0724553383959836,1.5320790548514052
2.1574287836567745,0.9899409590198054,2.18353894217893,0.9737695027630088,2.17256810745037,1.1710378165851032,2.220344515381651,1.1758015671492523,2.174431114389933,0.980130165926996,1.0724553383959836,1.5320790548514052
2.087586208028312,1.053475150519579,2.1363114390091025,1.0388855790605038,2.107887721019872,1.2425797482405716,2.161137610217816,1.186561024653532,2.1401585816076976,1.007742714755483,1.0724553383959836,1.5320790548514052
2.09769067302099,1.097876186447805,2.1743452415422952,1.0955119663531716,2.1154499677651213,1.289614524829352,2.1757279221370163,1.257930602525106,2.15942544029184,1.101275610483707,1.0724553383959836,1.5320790548514052
2.1426686892857614,1.0253613029777928,2.1638298829496345,1.0837610432510365,2.161928840491733,1.2080887777436602,2.172399034995515,1.2649704165006073,2.181167518016493,1.0345658858402256,1.0724553383959836,1.5320790548514052
2.055100542839124,0.9997584443665232,2.035008453641105,1.0267197116786375,2.0745135529603846,1.1797800762793464,2.0867711235376447,1.1754546599203517,2.0723290436501327,0.9967844991723536,1.0724553383959836,1.5320790548514052
2.123913327662509,1.0218332974730604,2.145056282481409,1.0272531137658485,2.143477582050058,1.204817862714833,2.152898208739608,1.201261342588673,2.145045281727185,1.0111098838762074,1.0724553383959836,1.5320790548514052
2.061260481451871,1.001593795966767,2.086182570874493,0.9441425047515069,2.081453191759849,1.1799011598083646,2.113359985468384,1.1542523350232847,2.097356196698262,0.970810639036095,1.0724553383959836,1.5320790548514052
2.167154646854411,1.0885320893772217,2.1704495480966632,1.0797435186970668,2.182227430678608,1.282364996681061,2.2207918820218926,1.276585671571781,2.171292712006332,1.0520537101273195,1.0724553383959836,1.5320790548514052
2.1596676539927246,1.0702970893816817,2.0926445090487067,1.0488505559585524,2.180463197141858,1.2631278622449942,2.0800824206529414,1.2643940985687112,2.160230978486912,1.0204544491679493,1.0724553383959836,1.5320790548514052
2.1548022174957384,0.9947932385718444,2.171481657942528,1.030361246485909,2.1703192317678783,1.1687205449755045,2.196836298173712,1.202008525378975,2.157099933335876,1.0070959778012103,1.0724553383959836,1.5320790548514052
2.106697005355178,1.0375588611600552,2.1114782173937674,1.0681052405919575,2.1280752570655146,1.22446178949359,2.122834234438953,1.2543441256161274,2.133611520991324,1.0116602798359682,1.0724553383959836,1.5320790548514052
2.105237003058132,1.009477604435033,2.183566167651915,0.9751967351829334,2.1260091294288106,1.189678651075076,2.1885540225769526,1.1487285044828008,2.1616907535395047,0.9849849534228198,1.0724553383959836,1.5320790548514052
2.21867760950576,1.050334830779082,2.158901305472647,1.0263488517565016,2.233595693073839,1.2381230158963417,2.172706521034125,1.184005406136302,2.18404372350814,1.01762159244058,1.0724553383959836,1.5320790548514052
2.1172097102998584,1.0200265058814442,2.1315831778063354,1.0864178295956866,2.135116908746785,1.2020171510482742,2.16125738991246,1.3194629611560842,2.110820021658763,1.0710868505192963,1.0724553383959836,1.5320790548514052
2.121880935321421,0.9895449514609828,2.0887762038456525,0.9936379398712843,2.1419388166908377,1.1683182461895156,2.142202186525949,1.2012311914867675,2.14505804914707,0.9770628128084152,1.0724553383959836,1.5320790548514052
2.2048390119972736,0.9507074645996652,2.157641878873505,0.998871961938392,2.21921722401596,1.1228468782177852,2.170064054713235,1.159896184446443,2.192314481648478,0.9639199058189174,1.0724553383959836,1.5320790548514052
2.11135032835572,1.0992473425406617,2.112039910378978,1.0676559878690082,2.1353279150639435,1.2947737022818329,2.140672128148219,1.2439829434421563,2.128534317860888,1.0875958508576329,1.0724553383959836,1.5320790548514052
2.2152401712160645,0.9939925498989332,2.23824397049673,0.9735485703903218,2.2319496106848105,1.1691756098055852,2.280070021707968,1.1358915741086384,2.218566897631022,1.0070969671027326,1.0724553383959836,1.5320790548514052
2.16917563333281,1.018308752236927,2.156495392143737,1.0528849150890691,2.191567030267305,1.1967374408136178,2.198819769832525,1.209051632967052,2.172641034277184,1.0253920867132982,1.0724553383959836,1.5320790548514052
2.1590389861457364,1.0524552090157562,2.1299861079844584,1.0801604697895548,2.1811161513369024,1.2341358838753815,2.1742113571798125,1.270860267315889,2.16173471201,1.040905734112814,1.0724553383959836,1.5320790548514052
2.106661285224046,1.0989114947622718,2.0911179467122567,1.053995968011162,2.129895660969169,1.2946811500424096,2.115647773670908,1.2922848706932883,2.1440585677404425,1.049424109108942,1.0724553383959836,1.5320790548514052
2.1587108010773948,0.9876535449641136,2.1789289299242087,1.0090365372449228,2.173524884663119,1.1643606959102768,2.2018375249436883,1.1548538286886323,2.161749914843338,1.001072106876807,1.0724553383959836,1.5320790548514052
2.1087178906383164,0.9698258006895382,2.1461565386514585,1.003318446363723,2.125931784639125,1.1359754636382495,2.165340848021852,1.1619773746768678,2.148605492327415,0.9681997582113004,1.0724553383959836,1.5320790548514052
2.0620528259766435,1.026950228033443,2.0785918461062005,1.0232485439104806,2.0823962851093527,1.2100114565712152,2.082040499689532,1.1786904729339946,2.112925339407652,0.9889456762672748,1.0724553383959836,1.5320790548514052
2.076614244505806,0.9897846135334024,2.0950358572346954,0.9732015835238292,2.0972530114649435,1.1648139772586077,2.1554448505454524,1.1400328024031572,2.116262891676779,0.9821008543301132,1.0724553383959836,1.5320790548514052
2.099349442179558,1.1266129957316156,2.125667554656741,1.0509504960011251,2.122969944894091,1.327680574892089,2.1508145726091805,1.2093223915338993,2.1288874871089827,1.0834587338733903,1.0724553383959836,1.5320790548514052
2.121476442435094,1.0880265462680678,2.0696985096893767,1.0341293517143129,2.1441904747685783,1.2836140840612216,2.097592303060428,1.1862251390258485,2.138243845629629,1.0508440162475334,1.0724553383959836,1.5320790548514052
2.086272519065836,1.0354633603029306,2.112290027102054,1.048797882513539,2.103898915908134,1.2186296070166476,2.12472025076598,1.2421573262594998,2.134125218722668,1.0014157848315175,1.0724553383959836,1.5320790548514052
2.134870447976936,1.0457304864575891,2.1468616339177533,1.0603714277190492,2.152918990098203,1.2318464323530196,2.1194149850113617,1.2660875699554996,2.169330517254613,1.041882807468004,1.0724553383959836,1.5320790548514052
2.119519553253584,1.115632512745546,2.0633483851181094,1.1196469706904126,2.136106836471096,1.31798360511362,2.0994501582486325,1.3017562183032327,2.118637463760471,1.070352966099671,1.0724553383959836,1.5320790548514052
2.112847757576185,1.045117254075294,2.082133067978896,1.0438298048955472,2.1316015621733144,1.2282034125893533,2.130365581166337,1.2281118740511263,2.159183035145318,1.012842698109523,1.0724553383959836,1.5320790548514052
2.1661317447177124,0.9706242932186256,2.1834708095023427,1.0111518379191209,2.18241404757447,1.1434050622791003,2.2233609637839367,1.1530447742272307,2.185768836036976,0.9971016937400052,1.0724553383959836,1.5320790548514052
2.152856597628169,1.073025067419808,2.1479081861114757,1.0350703097580425,2.172679531244182,1.2657035224625257,2.161881676837033,1.245274037544014,2.1452923804565365,1.0236762113430562,1.0724553383959836,1.5320790548514052
2.1040746843822173,1.042176013020251,2.092161919966097,0.9879359669427484,2.121259970443113,1.2300702928422156,2.1219066988242328,1.146246187053445,2.126113880458206,1.0347862713718308,1.0724553383959836,1.5320790548514052
2.061061396561211,1.057112425518786,2.015682771695558,1.0570590598475875,2.0796929408201104,1.2464844866370444,2.0295626876855644,1.2443998655854738,2.0640199457252804,1.041524408287819,1.0724553383959836,1.5320790548514052
2.125924346110466,0.9801737845342452,2.142105911927414,1.0138105808462476,2.1463257581870523,1.1520055257117143,2.146384952059435,1.2102230142909272,2.134638243569316,0.975836154201811,1.0724553383959836,1.5320790548514052
2.0652115545862872,1.018248179956889,2.0924221858456287,1.0246711691012882,2.0842086445942187,1.2028899357987184,2.0971698709018085,1.217468150962157,2.1203629289383312,0.982684200258818,1.0724553383959836,1.5320790548514052
2.095997596322841,1.0287584631585622,2.105393220490982,1.023902247798728,2.1167210257977542,1.212339601759061,2.135292010787947,1.193089577970078,2.139350184533749,1.0363110121051538,1.0724553383959836,1.5320790548514052
2.22303380981025,0.9724307911709827,2.2173912265859865,1.0104385805637668,2.2388657182853064,1.1484631928790676,2.2320019577005024,1.2197968005380695,2.2369177424577145,0.9766315946257508,1.0724553383959836,1.5320790548514052
2.064381757434399,1.020000117848369,2.10053984861617,1.025908620632943,2.083583686560033,1.1975189458426143,2.1352941878540146,1.203163009340328,2.0845875148765103,1.0295719750831167,1.0724553383959836,1.5320790548514052
2.1578657696960075,1.0185747046230322,2.121229388860593,1.0361608151172668,2.175601356505593,1.1980682399415776,2.1621344793638846,1.2009987942832654,2.1363999654259107,1.0226474115013262,1.0724553383959836,1.5320790548514052
2.1696051793756514,1.00564358970229,2.1866507931476447,1.0487012368494857,2.1851600536379543,1.1786493935137474,2.1646429210742704,1.252216574636109,2.182243590335076,1.0495626046993851,1.0724553383959838,1.5320790548514056
2.0767014258022463,1.0632478322092,2.057346594112321,1.0659192742717716,2.100803679036389,1.2501716984162328,2.111213184644991,1.2366617931227717,2.087678193117532,1.03685175738623,1.0724553383959836,1.5320790548514052
2.1058324198510814,1.0289624502164474,2.119795554619212,1.0053945648159932,2.1257479535014405,1.2098385519524544,2.169134865082136,1.1693519284280989,2.103753252659569,1.015882442805012,1.0724553383959836,1.5320790548514052
2.1066305879711806,0.9956456802702036,2.0911968903211102,1.011377965862095,2.1287555296879206,1.1726265564365457,2.149332382402418,1.1779970117719132,2.126067747079317,0.987394800013213,1.0724553383959836,1.5320790548514052
2.1671644998054598,1.046137013277548,2.179841104913214,1.0652960097009878,2.187452462263114,1.2353651509125456,2.199035842526478,1.2325533716605603,2.15562988085374,1.032748734174148,1.0724553383959836,1.5320790548514052
2.1159381302033275,1.0929018471892855,2.130706284165429,1.0782988627040562,2.136103355797484,1.2904961928386214,2.1477914028779868,1.2820842666275425,2.143945709580545,1.054274995143429,1.0724553383959836,1.5320790548514052
2.080178298669665,1.047532420226304,2.053123552522904,1.029663787585409,2.102096366494336,1.234106327738287,2.06416377769042,1.2379638095653591,2.1251509682838585,1.0103090900573377,1.0724553383959836,1.5320790548514052
2.062617283597241,1.038617941673977,2.1166063466737897,1.0631164116608542,2.0865119082692254,1.2185119360497307,2.1298656441148838,1.2443893882061678,2.109864123883222,1.0511779331244278,1.0724553383959836,1.5320790548514052
2.20120804008385,1.0025610086614811,2.156723142813492,1.0336656576979388,2.2200967781007668,1.1827326875006592,2.1725895084910785,1.2110073517463,2.185666048007863,1.014630833073967,1.0724553383959836,1.5320790548514052
2.128342206983998,1.0582417981383363,2.0620261462070166,1.0291714180320095,2.150756619906728,1.2439759299894502,2.075383651958473,1.2141581345848802,2.1177637603936588,1.0227462174995392,1.0724553383959836,1.5320790548514052
2.170562074259944,1.0844947115681145,2.1885370431130244,1.0378897569965768,2.1876260977820694,1.2782099671434952,2.1685368361478985,1.2009011222807426,2.21517138349413,1.0378661825535391,1.0724553383959836,1.5320790548514052
2.107655908659674,1.0355767004568348,2.110162861805305,1.037995693529316,2.1227689718658334,1.2221101676373378,2.1267110712808197,1.259377802645432,2.1248600058737326,1.023535110398704,1.0724553383959836,1.5320790548514052
2.102771227341556,1.1029202571559895,2.1135971531257454,1.0851510243492417,2.12207894717673,1.295977853387458,2.0912599045621776,1.327011743145836,2.1003189088674934,1.072992992027498,1.0724553383959836,1.5320790548514052
2.0661299695527373,1.1668085875230216,2.077660060804547,1.157943122943416,2.090661222802705,1.3741069018905692,2.094597244817912,1.336773754722688,2.1113665603725487,1.078642082543574,1.0724553383959836,1.5320790548514052
2.204627157774448,1.0860475390382542,2.175300508397282,1.0644605762508108,2.2261321431134644,1.2783326237602406,2.201831782277321,1.242323182793492,2.19360170885429,1.0592909181978,1.0724553383959836,1.5320790548514052
2.1548403519232013,1.0081933365170512,2.1527364047135853,0.9709578467204018,2.172892845907884,1.1859080269036473,2.17460266237371,1.1102057609069529,2.170839470714037,0.9764228245975428,1.0724553383959836,1.5320790548514052
2.1128680412955934,0.8982940136060678,2.089054777993206,0.9254308114175122,2.132328466769637,1.053593822520019,2.1335955359181717,1.0981908944602894,2.140558788560279,0.910370123521273,1.0724553383959836,1.5320790548514052
2.0852102368002345,1.0592162127993894,2.0965849221134083,1.038465074920007,2.102649781526617,1.247856882533884,2.1424306485251763,1.2403235107241282,2.105264625279769,1.0101754916992016,1.0724553383959836,1.5320790548514052
2.1204171017238376,1.048617911360557,2.116373238424498,1.1090708921673007,2.137747235591863,1.235568736249325,2.1262553055768367,1.3335907175826611,2.163540747344602,1.0493947754080797,1.0724553383959836,1.5320790548514052
2.1420628321730137,1.0343961148987646,2.0360452918252534,1.0494383251493034,2.163999881602987,1.2211110171101511,2.0600942551598496,1.2224202877510462,2.1142902716918432,1.010846343100806,1.0724553383959836,1.5320790548514052
2.1498323024181496,1.0056800301995872,2.200821278913061,0.9983535869067456,2.169436381687463,1.185876104538733,2.2050718179411306,1.182657888463635,2.211838423257645,1.0105619036329485,1.0724553383959836,1.5320790548514052
2.126072102081697,1.002906481859936,2.080200421431906,1.0026269292330914,2.1462146426852104,1.1702665395138487,2.09115672047586,1.1888511472644527,2.1408870794760584,0.983932524484054,1.0724553383959836,1.5320790548514052
2.1209603779206545,0.9873821567921426,2.143338962705601,1.0404113184054244,2.139939579440162,1.1638608886317876,2.167474979026496,1.1743458219139324,2.1628040102543067,1.0006213124940302,1.0724553383959836,1.5320790548514052
2.125337481673282,1.1368801215305244,2.071252762103497,1.1127244706801651,2.147460496337241,1.3334269702204276,2.0987913972636894,1.2688898591137383,2.116898578570438,1.103606069951337,1.0724553383959836,1.5320790548514052
2.1076301376380835,1.044528705365328,2.1543827516440057,1.0255815681599842,2.1235967021409023,1.229319168942984,2.177425015778985,1.1791491915791992,2.128243496300553,1.0319783596067904,1.0724553383959836,1.5320790548514052
2.146480012222551,1.0656238089322234,2.123995997511509,0.983228209659326,2.166491530574269,1.2544444863223112,2.123132840025072,1.1707665786259387,2.180547688735227,0.9904602965828008,1.0724553383959836,1.5320790548514052
2.1722365055365365,1.0317250335642556,2.1495598566876883,1.1239827517539134,2.19283397694003,1.215118409842305,2.169360823543246,1.342630796835074,2.15943166177646,1.0647876415025217,1.0724553383959836,1.5320790548514052
2.171598004251793,1.0987027178184643,2.1457227612985674,1.0752151205089646,2.1969925404129595,1.287885568610858,2.1683952870342877,1.2601497919943152,2.1732040080420227,1.088878830712115,1.0724553383959836,1.5320790548514052
2.130322619918115,1.0090452966380674,2.13562678179391,1.000123077139301,2.1498800707190897,1.1871296029226548,2.141906921401227,1.1776070580997349,2.179032678794629,0.9978747668893262,1.0724553383959836,1.5320790548514052
2.0890151779293067,1.012133876565657,2.049029324612275,0.9686842307744448,2.104170849988688,1.185639921891232,2.082531926024911,1.1419196369680702,2.12867074742958,1.0092426043349638,1.0724553383959836,1.5320790548514052
2.105490495336226,0.978429675370312,2.0595993970077906,0.989416048356034,2.127779439429552,1.1472057681555117,2.0574992748758643,1.1676811574754795,2.119490153005548,0.9975122450612032,1.0724553383959836,1.5320790548514052
2.10422332382623,1.082798940814502,2.0707315644948543,1.1042890366421123,2.12429882751285,1.2750140959412355,2.0959910475937225,1.30287035675569,2.102189974821199,1.078181576355158,1.0724553383959836,1.5320790548514052
2.140929535010404,1.0843503024209495,2.1161364027917906,1.0133382512919258,2.162341366423968,1.2787753804321076,2.1460010573801056,1.192141820995988,2.151115678106992,1.023682616081684,1.0724553383959836,1.5320790548514052
2.1731346046082267,1.0498745752783074,2.111379484740204,1.054779845290577,2.1927415497682468,1.2392866050138769,2.1371670808415897,1.2321809217934,2.1740476398654165,1.0201006728647122,1.0724553383959836,1.5320790548514052
2.0543006280603358,1.07120778284119,2.091321416060448,1.0371427659931935,2.075256517897674,1.2596065026691878,2.1155248601015235,1.2565516770142002,2.088280752151345,1.0504046947996273,1.0724553383959836,1.5320790548514052
2.1810874061413004,0.9814055155216233,2.2289831538559906,0.9873775874542612,2.1989162959952715,1.154562169729684,2.241308113540559,1.1592528164289584,2.2298392905228503,0.9792291882802396,1.0724553383959836,1.5320790548514052
2.130276826746503,1.0439153117949944,2.079483122552131,1.0960386318382858,2.153472957954523,1.230319994051578,2.1216816068501565,1.260388630112705,2.1506338002390355,1.0632186160475547,1.0724553383959836,1.5320790548514052
2.1341604814581547,1.0102213321886029,2.1475293838663343,1.0520220805774994,2.15235133214303,1.1918656923011222,2.157904026259265,1.2496928604193362,2.1681925602474474,1.0373667205128028,1.0724553383959836,1.5320790548514052
2.075094984488889,0.99884094662832,2.100217533821776,1.044876724379398,2.093271622287952,1.1765787019469545,2.114428499870786,1.2303582283850012,2.1291128962862658,1.0260436823884644,1.0724553383959836,1.5320790548514052
2.1388164614942617,1.0460245332555045,2.203394030879284,1.0662637903148682,2.158255319020026,1.2352540810456485,2.2348966711537,1.267325882267131,2.1857185789022044,1.0566136604167409,1.0724553383959836,1.5320790548514052
2.1987041196804085,1.0294553578562238,2.132510093877231,1.00585568459326,2.214986444481222,1.2110709773205242,2.1245488179068293,1.1794127993069845,2.171410755195447,1.013283611589724,1.0724553383959836,1.5320790548514052
2.076578087326366,1.0652655442322685,2.040887848414496,1.0992502208046595,2.0977595736282986,1.248656584950506,2.044414437091988,1.311049596668624,2.097815018449133,1.0615200615385176,1.0724553383959836,1.5320790548514052
2.103524582737992,0.996827183415253,2.07611331109115,0.9691173453022408,2.120360690029887,1.1737497969692592,2.1342979798117616,1.1550962143800252,2.1310127195152573,0.9474422894868924,1.0724553383959836,1.5320790548514052
2.208061943378832,1.0764081357788688,2.15776248848569,1.059872932924911,2.225713550350832,1.267116247860767,2.178401144265736,1.2383856249333869,2.1775360665633,1.0700286360093136,1.0724553383959836,1.5320790548514052
2.0882754090867133,0.9954202261891678,2.1095442401790527,1.028853171838171,2.1088186195576597,1.1715229079700658,2.0901981812155084,1.187219390807418,2.1510662772103166,1.0107765691854735,1.0724553383959836,1.5320790548514052
2.1327292091339736,1.0605690302222182,2.104112002661912,1.047542474250477,2.150603114554513,1.2477976840780671,2.149296890115547,1.2345459278730335,2.133890126795283,1.0390665100130687,1.0724553383959836,1.5320790548514052
2.1102711670960064,1.0307036524701596,2.07964748567634,1.0463480261945577,2.12702356989695,1.214207292371082,2.112723964671367,1.2383911302239217,2.1201729213591483,1.0243376785918077,1.0724553383959836,1.5320790548514052
2.120688703967395,0.9936762802606448,2.1412683330500144,1.0076455666109718,2.136488250145511,1.1713967124554174,2.1523734984175054,1.1964485663973297,2.1490659568064263,1.030535328881267,1.0724553383959836,1.5320790548514052
2.1174188485398844,1.071552997412283,2.150418732304461,1.022475518352226,2.141598888099357,1.2628740167728512,2.1896955313073776,1.1837839013144764,2.147436041286758,1.0269747321724751,1.0724553383959836,1.5320790548514052
2.0743617799477243,1.0699353922088906,2.0707157810096253,0.9808817372733036,2.096094809043445,1.2608240653947005,2.0580034363203707,1.219680333607441,2.087421124037037,1.0507600684497802,1.0724553383959836,1.5320790548514052
