m_obs1,sigma_hat_obs1,m_obs2,sigma_hat_obs2,m_ipw1,sigma_hat_ipw1,m_ipw2,sigma_hat_ipw2,m_full,sigma_hat_full,m_var_oracle,m_var_mcar
0.0,1.00435563281026,0.0,1.0050297433753974,0.0,1.184173211796628,0.0,1.181776967242429,0.0,0.9959362098889738,1.0,1.4285714285714286
0.0,0.9845148739083333,0.0,0.9807964585674934,0.0,1.1547979371869443,0.0,1.1669376521654853,0.0,0.97821848829022,1.0,1.4285714285714286
0.0,1.0137797790839365,0.0,0.997043671175765,0.0,1.1968873719750297,0.0,1.1708247556255027,0.0,0.9994841106443708,1.0,1.4285714285714286
0.0,1.0580705236865775,0.0,1.03762727125022,0.0,1.2488267330411715,0.0,1.2742628758028598,0.0,1.0113234072281183,1.0,1.4285714285714286
0.0,1.056804110504256,0.0,1.0560517560732738,0.0,1.2449758039959986,0.0,1.2401793925994655,0.0,1.0202957620728563,1.0,1.4285714285714286
0.0,1.04504512776838,0.0,1.0534762116980672,0.0,1.2335185877195465,0.0,1.2580818589057905,0.0,1.047930272845749,1.0,1.4285714285714286
0.0,1.0328088921102685,0.0,1.0651904423039529,0.0,1.211436460123263,0.0,1.2501095851605235,0.0,1.0390512044247804,1.0,1.4285714285714286
0.0,1.0648670990134246,0.0,1.0469535511265806,0.0,1.2520051640161658,0.0,1.226937779449958,0.0,1.0427585106082191,1.0,1.4285714285714286
0.0,0.9847609148848918,0.0,1.0017007804401237,0.0,1.157233083327005,0.0,1.1777472425711426,0.0,0.9898614818995516,1.0,1.4285714285714286
0.0,1.062484527977009,0.0,1.0979280322988274,0.0,1.2534478969163114,0.0,1.3138569728976268,0.0,1.070690050577248,1.0,1.4285714285714286
0.0,1.03558606755897,0.0,1.018983510798983,0.0,1.221159698529667,0.0,1.2183383156106846,0.0,1.0186099863301066,1.0,1.4285714285714286
0.0,1.0618842057107087,0.0,1.0726485864358533,0.0,1.2492199243783466,0.0,1.2527443564753242,0.0,1.0457331223486563,1.0,1.4285714285714286
0.0,1.0891361680056322,0.0,1.0426706020491543,0.0,1.284808342388648,0.0,1.225058907865139,0.0,1.055136382202073,1.0,1.4285714285714286
0.0,0.9811050363019987,0.0,1.0395436529617592,0.0,1.1570281754071927,0.0,1.1996786400186796,0.0,1.0043519724251837,1.0,1.4285714285714286
0.0,1.0004180734891557,0.0,1.0026184019642863,0.0,1.1727501800222215,0.0,1.169065364563581,0.0,0.9891860826715234,1.0,1.4285714285714286
0.0,1.0098589489681955,0.0,1.0461870272280531,0.0,1.1894361587908957,0.0,1.2251032629935354,0.0,1.0127002280459485,1.0,1.4285714285714286
0.0,1.0076108807691193,0.0,1.009092172339724,0.0,1.183862663065135,0.0,1.2035476373714833,0.0,1.010925180548608,1.0,1.4285714285714286
0.0,1.0997363297184772,0.0,1.0789575420972393,0.0,1.2979414874739712,0.0,1.2821869169808118,0.0,1.073263253599265,1.0,1.4285714285714286
0.0,1.0313634848899271,0.0,1.008415535257846,0.0,1.2146314428296408,0.0,1.1921180821120367,0.0,1.0122973641609694,1.0,1.4285714285714286
0.0,1.073011855184436,0.0,1.0823281760526264,0.0,1.2583730545246037,0.0,1.2814071947227286,0.0,1.0589674699430591,1.0,1.4285714285714286
0.0,1.0636957694021845,0.0,1.0928682900668076,0.0,1.248163867819379,0.0,1.302777139654547,0.0,1.0558452847163622,1.0,1.4285714285714286
0.0,1.0460274894084454,0.0,1.0639682482959587,0.0,1.2362679570905395,0.0,1.2882637053108117,0.0,1.0617830644456123,1.0,1.4285714285714286
0.0,1.0388259126468398,0.0,1.0273516683534794,0.0,1.2127123838643792,0.0,1.2087364779656562,0.0,1.027794639557888,1.0,1.4285714285714286
0.0,1.0079552214697232,0.0,1.020051219920335,0.0,1.1850148977033172,0.0,1.1864598781900608,0.0,1.0058265215383702,1.0,1.4285714285714286
0.0,1.049603917143079,0.0,1.0382597075647986,0.0,1.2370983692822517,0.0,1.2377948193191308,0.0,1.0367164320460964,1.0,1.4285714285714286
0.0,1.0111378673911646,0.0,1.0175829442735929,0.0,1.187285798636976,0.0,1.2203861052589386,0.0,0.9991137130895792,1.0,1.4285714285714286
0.0,1.0584420996539947,0.0,1.083040021875706,0.0,1.2461529043604798,0.0,1.2694689173536808,0.0,1.071299423066162,1.0,1.4285714285714286
0.0,0.9869643301412668,0.0,1.0410852027071362,0.0,1.1642766033726446,0.0,1.2317551711871924,0.0,1.0043495370798463,1.0,1.4285714285714286
0.0,1.0592097932820022,0.0,1.0319787678277403,0.0,1.2489967581631072,0.0,1.2079691568989288,0.0,1.04321423003726,1.0,1.4285714285714286
0.0,1.0849707500679069,0.0,1.0578320051893375,0.0,1.2813535669813754,0.0,1.254533819214202,0.0,1.0554310627165582,1.0,1.4285714285714286
0.0,0.9967995066976728,0.0,1.037614407211635,0.0,1.1738316328883078,0.0,1.209167368141267,0.0,1.0030282092228335,1.0,1.4285714285714286
0.0,1.035847327572378,0.0,1.0192808872332924,0.0,1.2227665037391546,0.0,1.208907017505054,0.0,1.0281374643127987,1.0,1.4285714285714286
0.0,1.0528373834089502,0.0,1.0676466020176711,0.0,1.2420608196807004,0.0,1.2640733448340118,0.0,1.034012645339757,1.0,1.4285714285714286
0.0,1.0340832604086891,0.0,1.012594767079151,0.0,1.2153534076321209,0.0,1.189387671797793,0.0,0.9937952952752463,1.0,1.4285714285714286
0.0,1.0594284673701384,0.0,1.055160605491339,0.0,1.24775472262378,0.0,1.2393946843270982,0.0,1.033894583757109,1.0,1.4285714285714286
0.0,1.0053544524230904,0.0,1.0254166316336562,0.0,1.1817322119595204,0.0,1.1967132864978238,0.0,1.0107991548852922,1.0,1.4285714285714286
0.0,1.0688327970450422,0.0,1.0668731992566989,0.0,1.256485587702904,0.0,1.2852045687485891,0.0,1.034070087090277,1.0,1.4285714285714286
0.0,1.0097510253515416,0.0,1.0473003963254168,0.0,1.188761912020229,0.0,1.265879097175056,0.0,1.0128254007339954,1.0,1.4285714285714286
0.0,1.0231446557139068,0.0,1.053291379109515,0.0,1.2082437633518113,0.0,1.253499549472436,0.0,1.030148543450156,1.0,1.4285714285714286
0.0,1.0320274205181283,0.0,1.046124106459264,0.0,1.2135987033958555,0.0,1.227270251509152,0.0,1.0164377470047754,1.0,1.4285714285714286
0.0,1.0229174178472538,0.0,1.0322458802789731,0.0,1.205893199088583,0.0,1.2421071547279252,0.0,1.0134444379873435,1.0,1.4285714285714286
0.0,1.0434820155467162,0.0,1.0245872169236754,0.0,1.2299178838825806,0.0,1.208082422272977,0.0,1.0298170841927237,1.0,1.4285714285714286
0.0,1.0836853679907863,0.0,1.054706089081118,0.0,1.2759477838857058,0.0,1.2421688782861124,0.0,1.0581944289213356,1.0,1.4285714285714286
0.0,1.0440948553012892,0.0,1.0613096689467303,0.0,1.22960557069594,0.0,1.2402402924281757,0.0,1.0476085642731596,1.0,1.4285714285714286
0.0,1.0412201543700674,0.0,1.0171998772905662,0.0,1.2262441093786418,0.0,1.204109847631413,0.0,1.005129629588435,1.0,1.4285714285714286
0.0,1.015820433095408,0.0,1.0021061871710604,0.0,1.198475539849043,0.0,1.1832487587799585,0.0,1.0090385116482632,1.0,1.4285714285714286
0.0,1.04167529506437,0.0,1.0397515287536367,0.0,1.2254484681869948,0.0,1.2468809515613308,0.0,1.0062083170164473,1.0,1.4285714285714286
0.0,1.038892251641064,0.0,1.0375098444948438,0.0,1.2233796448203182,0.0,1.2146670089254863,0.0,1.0262095436094858,1.0,1.4285714285714286
0.0,1.072792933023295,0.0,1.051756590635245,0.0,1.2632169799551738,0.0,1.2295791161297018,0.0,1.0608652066839843,1.0,1.4285714285714286
0.0,1.0339423175348987,0.0,1.0066146521274866,0.0,1.2179045084269953,0.0,1.1863689750826485,0.0,1.0277521998771135,1.0,1.4285714285714286
0.0,1.0116599257950378,0.0,1.0370131054739475,0.0,1.191173781375768,0.0,1.2057723321472151,0.0,1.0146138898372157,1.0,1.4285714285714286
0.0,0.9891750610581752,0.0,1.0182453485248537,0.0,1.1604468828520258,0.0,1.2291355263212724,0.0,1.0171033307397723,1.0,1.4285714285714286
0.0,0.9946056092147292,0.0,1.0155858369246678,0.0,1.157692595196482,0.0,1.1968709914855558,0.0,0.9938202710907172,1.0,1.4285714285714286
0.0,1.0654734836167128,0.0,1.0696290361105163,0.0,1.2529786518448645,0.0,1.269098809901312,0.0,1.0544682847842122,1.0,1.4285714285714286
0.0,1.0023969893502074,0.0,0.9963333081067016,0.0,1.1810647894306938,0.0,1.161225084277874,0.0,0.9913220527131557,1.0,1.4285714285714286
0.0,1.0246106646558246,0.0,1.0036417945168494,0.0,1.204945456179364,0.0,1.1842332482904052,0.0,1.0076513093850064,1.0,1.4285714285714286
0.0,1.0257227925565868,0.0,1.0030101280992136,0.0,1.2111035985847751,0.0,1.1885451428069087,0.0,0.9897088234305468,1.0,1.4285714285714286
0.0,1.0513422401138397,0.0,1.0419078695478488,0.0,1.2372726746069795,0.0,1.234370929798638,0.0,1.0356306457898348,1.0,1.4285714285714286
0.0,1.023530154157649,0.0,1.0448181372464629,0.0,1.2033964187243045,0.0,1.23352787537858,0.0,1.0350466154411866,1.0,1.4285714285714286
0.0,1.0252135682702472,0.0,1.058724510161529,0.0,1.2111629317591,0.0,1.2520169409132786,0.0,1.0383821639282915,1.0,1.4285714285714286
0.0,1.0454214348210995,0.0,1.0429101543861492,0.0,1.229116337531751,0.0,1.2141824284865237,0.0,1.042292003829683,1.0,1.4285714285714286
0.0,1.0038854432012143,0.0,1.011732221168259,0.0,1.175947785397964,0.0,1.1939262008509293,0.0,1.0215911447927413,1.0,1.4285714285714286
0.0,1.0538396552514917,0.0,1.045717025652905,0.0,1.2390507750671154,0.0,1.2452908044592792,0.0,1.043348931855058,1.0,1.4285714285714286
0.0,1.0343994572112891,0.0,1.0336548242790629,0.0,1.2175964249425668,0.0,1.2136557252035036,0.0,1.032119395955989,1.0,1.4285714285714286
0.0,1.06290791700984,0.0,1.0643713017226724,0.0,1.2534184006904343,0.0,1.2689053167012856,0.0,1.0355269956280464,1.0,1.4285714285714286
0.0,1.048247467092584,0.0,1.0717791539972237,0.0,1.2368696847762255,0.0,1.280148492270577,0.0,1.0421094477699888,1.0,1.4285714285714286
0.0,1.065969261391051,0.0,1.0940312773362533,0.0,1.2547946895574862,0.0,1.294501061483908,0.0,1.0637908088348973,1.0,1.4285714285714286
0.0,1.0519660966492097,0.0,1.0826392090275123,0.0,1.2383878533221926,0.0,1.2884490955528634,0.0,1.0642938448955008,1.0,1.4285714285714286
0.0,1.0570888302187122,0.0,1.0730450402438143,0.0,1.2456261082846207,0.0,1.2949867543149078,0.0,1.064224437193254,1.0,1.4285714285714286
0.0,1.0440994927639469,0.0,1.0563961306973046,0.0,1.2278975181009226,0.0,1.2304696534888824,0.0,1.0474442039331082,1.0,1.4285714285714286
0.0,1.0323828989259003,0.0,1.022463589641471,0.0,1.2056769109769578,0.0,1.2495371450984465,0.0,1.0094270204478866,1.0,1.4285714285714286
0.0,1.0333459169692287,0.0,1.0377717213374813,0.0,1.2139823487356152,0.0,1.209038138493675,0.0,1.0356544718253156,1.0,1.4285714285714286
0.0,1.0350408761169854,0.0,1.0123631166067726,0.0,1.2137688301517775,0.0,1.1982065539858675,0.0,1.0093066713830927,1.0,1.4285714285714286
0.0,1.0073228349931325,0.0,1.0191230755303171,0.0,1.1873941634242104,0.0,1.2441219005733946,0.0,0.9957899541213424,1.0,1.4285714285714286
0.0,1.025890979090824,0.0,1.0123653719322008,0.0,1.204926857420338,0.0,1.2015470760427438,0.0,1.0121093776544094,1.0,1.4285714285714286
0.0,1.040860915925776,0.0,1.009314259270084,0.0,1.2224407591099118,0.0,1.1850851382755718,0.0,1.0417870209320343,1.0,1.4285714285714286
0.0,1.0757136531666385,0.0,1.1071333320723054,0.0,1.264917613516355,0.0,1.2843699464674097,0.0,1.074561687314228,1.0,1.4285714285714286
0.0,1.01922855588492,0.0,1.035308531906172,0.0,1.2024101728758207,0.0,1.2281160085390588,0.0,0.9905290439164044,1.0,1.4285714285714286
0.0,1.0354666978191716,0.0,1.0414781689064834,0.0,1.2228491415490574,0.0,1.2281859531960757,0.0,1.0228020417602022,1.0,1.4285714285714286
0.0,1.0455130186704105,0.0,1.0379955246806285,0.0,1.2336721078577508,0.0,1.2089355076537305,0.0,1.0285892971581556,1.0,1.4285714285714286
0.0,1.042956191170212,0.0,1.0171758047316573,0.0,1.2279040537022887,0.0,1.1789087689977122,0.0,1.009721799564539,1.0,1.4285714285714286
0.0,1.020778947131626,0.0,1.0198140778191758,0.0,1.2015684268785436,0.0,1.2171524964067906,0.0,1.013679169627996,1.0,1.4285714285714286
0.0,1.0699136551892117,0.0,1.0545094997900222,0.0,1.2566758930944018,0.0,1.2534430019465594,0.0,1.0569070239550646,1.0,1.4285714285714286
0.0,1.0178431238102683,0.0,1.0680384794394255,0.0,1.193782082270049,0.0,1.2499615276285068,0.0,1.0398513046328492,1.0,1.4285714285714286
0.0,1.0550535919643382,0.0,1.036706018372814,0.0,1.2442583305417576,0.0,1.198456713773526,0.0,1.0476805042904178,1.0,1.4285714285714286
0.0,1.0022645866051991,0.0,1.0025326253360969,0.0,1.1841709626159964,0.0,1.2013101483520092,0.0,1.0041551558557973,1.0,1.4285714285714286
0.0,1.0834566426822254,0.0,1.1311549028622727,0.0,1.2767240946163865,0.0,1.3280803805315329,0.0,1.0670507559922364,1.0,1.4285714285714286
0.0,1.037772517321621,0.0,1.0623996934187492,0.0,1.2224263604754768,0.0,1.2744324509788698,0.0,1.0310306586858724,1.0,1.4285714285714286
0.0,1.0325144712684156,0.0,1.0356928859979748,0.0,1.216750657108855,0.0,1.235356780497638,0.0,1.0191941214856362,1.0,1.4285714285714286
0.0,1.0186730346262165,0.0,0.9965373990398956,0.0,1.1927960343162003,0.0,1.1546907628534182,0.0,0.9877147148225522,1.0,1.4285714285714286
0.0,1.0197898698450938,0.0,1.0429952949605856,0.0,1.2007014377073824,0.0,1.2387731828273478,0.0,1.0239317183986918,1.0,1.4285714285714286
0.0,1.059955340497988,0.0,1.055272926363516,0.0,1.2467419201767287,0.0,1.2459630820064769,0.0,1.0496212443724575,1.0,1.4285714285714286
0.0,1.0595720625703462,0.0,1.0534960824202926,0.0,1.249776027022683,0.0,1.2530890218602238,0.0,1.0223407347123816,1.0,1.4285714285714286
0.0,1.027637597821587,0.0,1.035642364133317,0.0,1.2080382838718755,0.0,1.2294072033728711,0.0,1.0289919058454635,1.0,1.4285714285714286
0.0,0.9805020646880596,0.0,0.9953429103824484,0.0,1.1558642122038445,0.0,1.1789951241096162,0.0,1.0090855382302977,1.0,1.4285714285714286
0.0,1.039940657875407,0.0,1.0266095529004198,0.0,1.224894550872892,0.0,1.217728804072608,0.0,1.0255396411898643,1.0,1.4285714285714286
0.0,1.0107716085542386,0.0,1.0200943628926809,0.0,1.19363184969851,0.0,1.1806496196592122,0.0,1.0029476522992584,1.0,1.4285714285714286
0.0,1.0275769792479688,0.0,1.0351705214597933,0.0,1.208735239150167,0.0,1.2086778045710225,0.0,1.021795708933087,1.0,1.4285714285714286
0.0,1.0562362270922134,0.0,1.069630131695305,0.0,1.241592668959718,0.0,1.2685252327416725,0.0,1.048406460205036,1.0,1.4285714285714286
0.0,0.9885069814126118,0.0,1.0162522464537076,0.0,1.1638966782427118,0.0,1.1826044714000716,0.0,0.9833665849838812,1.0,1.4285714285714286
0.0,1.0614155839899209,0.0,1.0409007638431094,0.0,1.2511395135071688,0.0,1.2094275035156503,0.0,1.0324832413440097,1.0,1.4285714285714286
0.0,1.0352410287441645,0.0,1.023093984128958,0.0,1.220360158839262,0.0,1.207827468542196,0.0,0.989178252892756,1.0,1.4285714285714286
0.0,1.0729453392253887,0.0,1.0697858480196438,0.0,1.266081218349162,0.0,1.2358932425827829,0.0,1.0425127625367063,1.0,1.4285714285714286
0.0,0.9920531128799184,0.0,1.0041043628388164,0.0,1.1666306212211326,0.0,1.16866235241635,0.0,0.9978137974008332,1.0,1.4285714285714286
0.0,1.0178475297061536,0.0,1.0270968723474996,0.0,1.195354496812152,0.0,1.206825289435861,0.0,1.0222549306166695,1.0,1.4285714285714286
0.0,1.1261801973862962,0.0,1.113621641627127,0.0,1.3258615097332138,0.0,1.3179583326316928,0.0,1.0858244183603585,1.0,1.4285714285714286
0.0,1.049291312297128,0.0,1.0064676379714748,0.0,1.2374982220423372,0.0,1.1821930075285063,0.0,1.0047635608038832,1.0,1.4285714285714286
0.0,1.0305580905340324,0.0,1.0506596331248814,0.0,1.2136570093580472,0.0,1.264072984661208,0.0,1.0294894793411105,1.0,1.4285714285714286
0.0,1.046577396626866,0.0,1.0399517837996308,0.0,1.2240470269059844,0.0,1.2321985780752305,0.0,1.0324309862503678,1.0,1.4285714285714286
0.0,0.9887741390751632,0.0,1.0208520642001886,0.0,1.1675903915570618,0.0,1.1903310084447365,0.0,0.9992013056161314,1.0,1.4285714285714286
0.0,1.0563541495293896,0.0,1.0473123761900818,0.0,1.245674464297106,0.0,1.2263351277500996,0.0,1.0310094502059748,1.0,1.4285714285714286
0.0,1.0306353754483042,0.0,1.0044350087665312,0.0,1.2105567393639445,0.0,1.1593368191319011,0.0,1.003358398569285,1.0,1.4285714285714286
0.0,1.061213587120579,0.0,1.0326945591113206,0.0,1.2481101857897925,0.0,1.2047725941620142,0.0,1.0399911082301194,1.0,1.4285714285714286
0.0,1.0437678576565783,0.0,1.0391032718975453,0.0,1.232181300533009,0.0,1.2434899180245635,0.0,1.0116455655439929,1.0,1.4285714285714286
0.0,1.02831045716313,0.0,1.04793005796562,0.0,1.2135606296548889,0.0,1.2632269875536946,0.0,1.0285407306351837,1.0,1.4285714285714286
0.0,0.994219630545674,0.0,0.9903083322239312,0.0,1.1703392282245153,0.0,1.1380745861724948,0.0,0.9849717859738394,1.0,1.4285714285714286
0.0,1.0482915221098557,0.0,1.0342203929081628,0.0,1.2366630185629754,0.0,1.2185696058301516,0.0,1.0302689781714287,1.0,1.4285714285714286
0.0,1.052611492880009,0.0,1.025954296445167,0.0,1.2420962366460682,0.0,1.2045099681119071,0.0,1.0196105211148705,1.0,1.4285714285714286
0.0,1.033189792660641,0.0,1.0154471511867291,0.0,1.2187911349156284,0.0,1.215452945102912,0.0,1.0224771637907506,1.0,1.4285714285714286
0.0,1.08051372846481,0.0,1.06797253194052,0.0,1.2744447680447548,0.0,1.2434868473520977,0.0,1.042498631856659,1.0,1.4285714285714286
0.0,1.0085609524413135,0.0,1.008103458214844,0.0,1.179065529721239,0.0,1.2127325951230838,0.0,1.0004132576533389,1.0,1.4285714285714286
0.0,1.0119773162457275,0.0,1.016477841755715,0.0,1.1903820995665857,0.0,1.2304981029794948,0.0,1.0028984563407946,1.0,1.4285714285714286
0.0,1.026495479991579,0.0,1.0576361123448168,0.0,1.2069739326701845,0.0,1.247640732697479,0.0,1.0294544172954665,1.0,1.4285714285714286
0.0,1.0039516883997777,0.0,1.0046443968193106,0.0,1.1848057633711575,0.0,1.198196369929352,0.0,1.001338677711768,1.0,1.4285714285714286
0.0,1.092409379223841,0.0,1.0399256910914658,0.0,1.285430211763447,0.0,1.2401963859746925,0.0,1.046233865659932,1.0,1.4285714285714286
0.0,1.0611365230491416,0.0,1.0204109781027983,0.0,1.2461891583917195,0.0,1.211236987798583,0.0,1.0261470988685262,1.0,1.4285714285714286
0.0,1.0255912676585492,0.0,1.0813099164381994,0.0,1.209084119662509,0.0,1.2606134670424711,0.0,1.026217891042572,1.0,1.4285714285714286
0.0,0.9866110613758986,0.0,1.0054950092279509,0.0,1.1645022255038668,0.0,1.208226884516992,0.0,0.9940716520818734,1.0,1.4285714285714286
0.0,1.092237288941554,0.0,1.110886262292657,0.0,1.2849567792899483,0.0,1.3059065952802094,0.0,1.085258097128545,1.0,1.4285714285714286
0.0,1.0431524242010537,0.0,1.043672585861495,0.0,1.2282608608962793,0.0,1.2288644259922417,0.0,1.0242462623443718,1.0,1.4285714285714286
0.0,0.9879290909320708,0.0,0.9688933218672472,0.0,1.1592086254672882,0.0,1.1259562868798974,0.0,1.0088830062324874,1.0,1.4285714285714286
0.0,1.0292988728456864,0.0,1.01806531174339,0.0,1.2097505392279615,0.0,1.181866165718465,0.0,1.0096355107488044,1.0,1.4285714285714286
0.0,1.0204272450899068,0.0,1.0576499298732709,0.0,1.203827343343901,0.0,1.2515149597012931,0.0,1.0313994490273932,1.0,1.4285714285714286
0.0,1.0158639023888674,0.0,1.0654803048706578,0.0,1.1971363818435508,0.0,1.2382698048328755,0.0,1.0335807982537175,1.0,1.4285714285714286
0.0,1.0804164993029235,0.0,1.0501324034898754,0.0,1.2718627585243725,0.0,1.2110460908794864,0.0,1.0376069598429574,1.0,1.4285714285714286
0.0,1.113999153968074,0.0,1.0831281004483653,0.0,1.3114459633357016,0.0,1.249280833980965,0.0,1.0807978912963598,1.0,1.4285714285714286
0.0,1.03584056584916,0.0,1.0422330194942029,0.0,1.2193732325231192,0.0,1.2262689397327542,0.0,1.0252991875148116,1.0,1.4285714285714286
0.0,1.0604262224512353,0.0,1.0271768430852335,0.0,1.250190716674064,0.0,1.2169792009532212,0.0,1.0404346033998462,1.0,1.4285714285714286
0.0,1.0240994757188118,0.0,1.0009416603524202,0.0,1.2047470887216325,0.0,1.1934987382212192,0.0,1.031519307396242,1.0,1.4285714285714286
0.0,1.0597520848858455,0.0,1.0256012242761274,0.0,1.249274140349899,0.0001364776922542,1.2449653089331107,0.0,1.018477085327962,1.0,1.4285714285714286
0.0,1.0035543919942242,0.0,1.0061189710930698,0.0,1.1784872225958474,0.0,1.1683457920611802,0.0,0.9989155006866174,1.0,1.4285714285714286
0.0,1.01756628171922,0.0,1.0163495685139754,0.0,1.1920727998585403,0.0,1.1827561656279888,0.0,1.000717538915276,1.0,1.4285714285714286
0.0,1.0283617626300268,0.0,1.0002746391616055,0.0,1.2101939550528555,0.0,1.2210623475571671,0.0,1.0178072267789338,1.0,1.4285714285714286
0.0,1.0271573552897268,0.0,1.0302097474990728,0.0,1.2058523316670595,0.0,1.1846533249963254,0.0,1.014361652124098,1.0,1.4285714285714286
0.0,0.99906186524007,0.0,0.9760151909067684,0.0,1.1751192967745978,0.0,1.1549920483002205,0.0,0.991795345571432,1.0,1.4285714285714286
0.0,1.0272039992247757,0.0,1.071870840929502,0.0,1.2069192549204322,0.0,1.261510492057856,0.0,1.0413995451918168,1.0,1.4285714285714286
0.0,1.0591000102826578,0.0,1.032194922622467,0.0,1.2467217043785357,0.0,1.2078539038673606,0.0,1.0577518915079376,1.0,1.4285714285714286
0.0,1.0424210009126578,0.0,1.0514436631600448,0.0,1.2245040028651928,0.0,1.2495996575833936,0.0,1.035212735483446,1.0,1.4285714285714286
0.0,1.0553016338699333,0.0,1.0667909929844543,0.0,1.2392310371246646,0.0,1.284481680551,0.0,1.0245962139157014,1.0,1.4285714285714286
0.0,1.02071009450437,0.0,1.011409220131995,0.0,1.203653635643724,0.0,1.1965992499794769,0.0,1.0092201441356732,1.0,1.4285714285714286
0.0,1.0918638432897658,0.0,1.1027770886591404,0.0,1.2831153072873838,0.0,1.2820939295363558,0.0,1.1022389702319884,1.0,1.4285714285714286
0.0,1.0119861849508414,0.0,1.0427519937242091,0.0,1.1906248188412607,0.0,1.2109570324811827,0.0,1.0049943458694572,1.0,1.4285714285714286
0.0,1.0327522901437411,0.0,1.0704324408828352,0.0,1.2098080085792984,0.0,1.3137238222995955,0.0,1.036482817525702,1.0,1.4285714285714286
0.0,1.0292052645728014,0.0,1.0224028955522828,0.0,1.207796992312277,0.0,1.216853282649802,0.0,1.0070685050053396,1.0,1.4285714285714286
0.0,1.0200007676245453,0.0,1.0225610806000478,0.0,1.2039815537511036,0.0,1.2184024866539704,0.0,1.0078271250315622,1.0,1.4285714285714286
0.0,1.0270517507224823,0.0,1.0283786564899748,0.0,1.2113648844159293,0.0,1.2059380775396178,0.0,1.0062083601400962,1.0,1.4285714285714286
0.0,1.0305060509551769,0.0,1.0417766309623622,0.0,1.2139449006259646,0.0,1.2101021416402284,0.0,1.02605807127823,1.0,1.4285714285714286
0.0,1.050183426854412,0.0,1.04331768365376,0.0,1.2379670383177497,0.0,1.2071512761021934,0.0,1.0347268549422814,1.0,1.4285714285714286
0.0,1.0067407937974433,0.0,1.011148106192966,0.0,1.1879514505834985,0.0,1.1778127802955107,0.0,1.02319568285007,1.0,1.4285714285714286
0.0,1.0494882320368428,0.0,1.0475809350007743,0.0,1.2341587310952415,0.0,1.252935407047986,0.0,1.0439796618257942,1.0,1.4285714285714286
0.0,1.0230990596926075,0.0,1.0686573268065889,0.0,1.2079387143137843,0.0,1.2495164607101796,0.0,1.0363007243920843,1.0,1.4285714285714286
0.0,1.0133747371022872,0.0,1.037732369580433,0.0,1.1916132517976925,0.0,1.2405048773429352,0.0,1.0104116421911005,1.0,1.4285714285714286
0.0,1.0195405486997835,0.0,1.0713703046815906,0.0,1.200927696872981,0.0,1.2485535442878928,0.0,1.0346274453139044,1.0,1.4285714285714286
0.0,1.042491873087458,0.0,1.037361333353465,0.0,1.22564029272964,0.0,1.206964891331686,0.0,1.0198089645755373,1.0,1.4285714285714286
0.0,1.009332619556107,0.0,1.0579490287627995,0.0,1.1907883680099114,0.0,1.2659344671992865,0.0,1.0309471364314178,1.0,1.4285714285714286
0.0,1.0534457115676934,0.0,1.0306154330751558,0.0,1.2379762135115984,0.0,1.1987710399530465,0.0,1.0531899675352023,1.0,1.4285714285714286
0.0,1.037849528269834,0.0,1.0587319470262992,0.0,1.2247992919659667,0.0,1.2632966493600726,0.0,1.0388207471322186,1.0,1.4285714285714286
0.0,1.033876106632707,0.0,1.006415443488893,0.0,1.2131243723826766,0.0,1.1782691232245763,0.0,1.007056296764626,1.0,1.4285714285714286
0.0,1.0385747440791868,0.0,1.0407840545010356,0.0,1.2239065130648348,0.0,1.224945385372478,0.0,0.9993147924962498,1.0,1.4285714285714286
0.0,1.0070610697125002,0.0,0.993987529225442,0.0,1.1876025038047473,0.0,1.2135345387210148,0.0,0.9841769016195936,1.0,1.4285714285714286
0.0,1.053781870601215,0.0,1.044673885578349,0.0,1.2433491358980184,0.0,1.2443333992400574,0.0,1.028239356126092,1.0,1.4285714285714286
0.0,1.0603927792235128,0.0,1.0479313216209662,0.0,1.2518998161903825,0.0,1.2830164213574222,0.0,1.034454415772281,1.0,1.4285714285714286
0.0,1.0311487082849693,0.0,1.0475873567604537,0.0,1.2152401689155643,0.0,1.22971758310049,0.0,1.0205846473960052,1.0,1.4285714285714286
0.0,1.0342499056401042,0.0,1.0533574641996546,0.0,1.217402764957931,0.0,1.275664295009719,0.0,1.0256730271725618,1.0,1.4285714285714286
0.0,1.00509198188133,0.0,0.9887970331844244,0.0,1.183600404918857,0.0,1.153609461686551,0.0,0.996569197763857,1.0,1.4285714285714286
0.0,0.9798644307499936,0.0,0.9794274469462544,0.0,1.154526314360488,0.0,1.1639721817721085,0.0,0.9906845379322076,1.0,1.4285714285714286
0.0,1.0386097426030212,0.0,1.0731242934646958,0.0,1.2183587509502602,0.0,1.2770431234025414,0.0,1.0392250544050383,1.0,1.4285714285714286
0.0,1.0382436086802205,0.0,1.0323419151450757,0.0,1.2240729637976668,0.0,1.2132848198196169,0.0,1.0198598985935836,1.0,1.4285714285714286
0.0,1.046217579461156,0.0,0.9970490323420206,0.0,1.2286612843055449,0.0,1.1881163221370392,0.0,1.0284334391800167,1.0,1.4285714285714286
0.0,1.0346480807887464,0.0,1.0527932622992655,0.0,1.2195143593489142,0.0,1.2815273133273986,0.0,1.033982415919937,1.0,1.4285714285714286
0.0,1.0281316413109924,0.0,1.0501334657937391,0.0,1.2120082324360035,0.0,1.223126115576726,0.0,1.0209989693068144,1.0,1.4285714285714286
0.0,1.032844940968955,0.0,0.9863383874331304,0.0,1.2191739987991772,0.0,1.1879130538549652,0.0,1.012594881086765,1.0,1.4285714285714286
0.0,1.057374851082582,0.0,1.0597790006514258,0.0,1.2441246817896514,0.0,1.264202709344735,0.0,1.0428337095715572,1.0,1.4285714285714286
0.0,1.034143851943442,0.0,1.0405094004843325,0.0,1.2210113937940474,0.0,1.242261836546915,0.0,1.0217299798744195,1.0,1.4285714285714286
0.0,1.0326890558556463,0.0,1.0512223080309095,0.0,1.2148212459150027,0.0,1.2359545314569174,0.0,1.0116499195722253,1.0,1.4285714285714286
0.0,1.0049687624762236,0.0,1.0215773379979194,0.0,1.187291223085225,0.0,1.2255406422321848,0.0,1.007901156271338,1.0,1.4285714285714286
0.0,0.9975665480206292,0.0,1.0240892115292657,0.0,1.1736088098373771,0.0,1.2217044674149904,0.0,1.006758820638125,1.0,1.4285714285714286
0.0,1.0120235506410606,0.0,0.9916735609958782,0.0,1.1929188838809448,0.0,1.167628490430482,0.0,1.001140442330035,1.0,1.4285714285714286
0.0,0.9810995804462698,0.0,1.023724986056915,0.0,1.1554173789799005,0.0,1.212820181415439,0.0,0.984979271608172,1.0,1.4285714285714286
0.0,1.0464487706796477,0.0,1.0825291337075424,0.0,1.230947933926369,0.0,1.2735453367380063,0.0,1.0464577118204563,1.0,1.4285714285714286
0.0,1.0370219197597956,0.0,1.0350068173163476,0.0,1.2195077766968072,0.0,1.2269717683006034,0.0,1.0290510336227137,1.0,1.4285714285714286
0.0,0.9955475631558112,0.0,0.9847080437973644,0.0,1.1713792470141189,0.0,1.1287473963082986,0.0,0.985147556514578,1.0,1.4285714285714286
0.0,1.0687044081026065,0.0,1.0548488971759056,0.0,1.2595848734802175,0.0,1.2447524075153753,0.0,1.059645673259361,1.0,1.4285714285714286
0.0,0.9973858701727558,0.0,0.991565671302376,0.0,1.1780101746424012,0.0,1.1640463920321975,0.0,1.0030977523939697,1.0,1.4285714285714286
0.0,1.0373833789981743,0.0,1.0338107532540874,0.0,1.2171903709538447,0.0,1.2352135073566817,0.0,1.029659076968091,1.0,1.4285714285714286
0.0,1.011531009721333,0.0,1.031597966756603,0.0,1.1942586981988208,0.0,1.198760094615,0.0,1.0084833810363385,1.0,1.4285714285714286
0.0,1.0473309871717411,0.0,1.0587388065440062,0.0,1.2321736644827224,0.0,1.26557653898691,0.0,1.0417254123388715,1.0,1.4285714285714286
0.0,1.0702237105407204,0.0,1.020479356986834,0.0,1.260855547339086,0.0,1.2169230012620396,0.0,1.0432787468607088,1.0,1.4285714285714286
0.0,1.0418982924085065,0.0,1.0626330079794246,0.0,1.2288046568761024,0.0,1.2411487285705645,0.0,1.033251110861293,1.0,1.4285714285714286
0.0,1.0718167424017968,0.0,1.0765763804256885,0.0,1.2635452782980183,0.0,1.2514368632288455,0.0,1.073624180359685,1.0,1.4285714285714286
0.0,1.056947126417146,0.0,1.0913923773636791,0.0,1.245473953421642,0.0,1.2965466799245997,0.0,1.0364887841298105,1.0,1.4285714285714286
0.0,1.038542036451939,0.0,1.03736496240975,0.0,1.2186860198843172,0.0,1.2400487866031231,0.0,1.024424247992017,1.0,1.4285714285714286
0.0,1.066579896054726,0.0,1.0538339164672856,0.0,1.2559752839756684,0.0,1.2141807301288408,0.0,1.044420658733888,1.0,1.4285714285714286
0.0,1.0158490830851985,0.0,1.01760263629773,0.0,1.199260389774906,0.0,1.192738973115045,0.0,1.0183445072011654,1.0,1.4285714285714286
0.0,1.0764739527032363,0.0,1.058114767059939,0.0,1.265138296400233,0.0,1.2155771450990698,0.0,1.072759096053121,1.0,1.4285714285714286
0.0,1.0117286021106522,0.0,1.0157914280635998,0.0,1.1953483065155146,0.0,1.212437107030067,0.0,1.030251414194754,1.0,1.4285714285714286
0.0,1.0880396341380607,0.0,1.1046167981720665,0.0,1.2829135728853374,0.0,1.3144092049881757,0.0,1.0739569336907897,1.0,1.4285714285714286
0.0,1.0707366611959317,0.0,1.0694056792607296,0.0,1.2577734182917608,0.0,1.2770907524531478,0.0,1.0470449147952674,1.0,1.4285714285714286
0.0,1.0067308036584517,0.0,1.025505288608454,0.0,1.1882003193253503,0.0,1.2352581362669313,0.0,1.005765707253804,1.0,1.4285714285714286
0.0,1.0404367934215886,0.0,1.0512957758361043,0.0,1.2276912310642858,0.0,1.2665905924700789,0.0,1.0388894056237905,1.0,1.4285714285714286
0.0,1.065238993737585,0.0,1.0537539017356488,0.0,1.255352917154426,0.0,1.2475886003787613,0.0,1.0381595329885485,1.0,1.4285714285714286
0.0,1.071887225092353,0.0,1.0847745830046294,0.0,1.263019759476587,0.0,1.2872146225550385,0.0,1.049196597070526,1.0,1.4285714285714286
0.0,1.03563045065682,0.0,1.0271593208440375,0.0,1.219597551909598,0.0,1.212500759840649,0.0,1.0052144138361647,1.0,1.4285714285714286
0.0,1.1046961091412166,0.0,1.0472360861906465,0.0,1.2965690024608294,0.0,1.2130940208904415,0.0,1.053021558009283,1.0,1.4285714285714286
0.0,1.119541540315146,0.0,1.105350005743443,0.0,1.318414893507783,0.0,1.2726662582125317,0.0,1.087805086258948,1.0,1.4285714285714286
0.0,1.062564006282984,0.0,1.0611261576925914,0.0,1.2500918365442957,0.0,1.2633773719313588,0.0,1.0518973045548312,1.0,1.4285714285714286
0.0,0.9935864152801326,0.0,0.9795282740202956,0.0,1.17190586188179,0.0,1.1983775872351354,0.0,0.9806861251962784,1.0,1.4285714285714286
0.0,1.1135528549777387,0.0,1.0425187473341946,0.0,1.3099175299022652,0.0,1.21579166640294,0.0,1.0605603155540502,1.0,1.4285714285714286
0.0,1.060307514160851,0.0,1.0420576892526587,0.0,1.2515523452254214,0.0,1.2355525259330784,0.0,1.0304133904272454,1.0,1.4285714285714286
0.0,1.0546614433667936,0.0,1.0514818879876933,0.0,1.2443089168926602,0.0,1.2474926313385652,0.0,1.0290666321376798,1.0,1.4285714285714286
0.0,0.9972085105357822,0.0,1.009038248488169,0.0,1.1682389090085812,0.0,1.2019318310334437,0.0,0.9819831820269976,1.0,1.4285714285714286
0.0,0.9836387203781888,0.0,1.0040257156177277,0.0,1.1480337780610346,0.0,1.165495358663443,0.0,0.979598009246943,1.0,1.4285714285714286
0.0,0.9902296282564184,0.0,1.0333096159967792,0.0,1.1687856915678323,0.018961121502412,1.225841279479311,0.0,0.9855393622833796,1.0,1.4285714285714286
0.0,1.0029040442788018,0.0,1.010038258056818,0.0,1.180139788725954,0.0,1.1531273709801113,0.0,1.001670021353715,1.0,1.4285714285714286
0.0,1.0564416933410732,0.0,1.0522516401409308,0.0,1.2341424594272683,0.0,1.2395018549329997,0.0,1.040605827193342,1.0,1.4285714285714286
0.0,1.0449005052554667,0.0,1.088291628276724,0.0,1.2331287662821877,0.0,1.2979125228563448,0.0,1.048781817211074,1.0,1.4285714285714286
0.0,1.0508637745233704,0.0,1.0775885040508282,0.0,1.2377881386984004,0.0,1.2592148487785255,0.0,1.0433048695633371,1.0,1.4285714285714286
0.0,1.0305496607946594,0.0,1.0231522669497166,0.0,1.2156034152348698,0.0,1.1923985832188777,0.0,1.0168005849357846,1.0,1.4285714285714286
0.0,1.040829713996848,0.0,1.0572807697497923,0.0,1.2266774848288988,0.0,1.2264974310607095,0.0,1.0309603169322694,1.0,1.4285714285714286
0.0,1.037200423362141,0.0,1.017157442558692,0.0,1.2214218406378945,0.0,1.234404868662045,0.0,1.0165514599726664,1.0,1.4285714285714286
0.0,1.0498671663168992,0.0,1.0373233325590383,0.0,1.236366883703038,0.0,1.2569295789206163,0.0,1.021693626771186,1.0,1.4285714285714286
0.0,1.0336593328730004,0.0,1.0575143791211583,0.0,1.2130639303218371,0.0,1.2630659999968623,0.0,1.036152177660981,1.0,1.4285714285714286
0.0,1.041576839583963,0.0,1.051709899659234,0.0,1.2298209106523494,0.0,1.2297789171234814,0.0,1.0318110737148074,1.0,1.4285714285714286
0.0,1.039674719696026,0.0,1.0559648772639405,0.0,1.225292504513108,-0.008202195773603,1.294705171364584,0.0,1.0457677900675697,1.0,1.4285714285714286
0.0,1.071051684493046,0.0,1.0733487215520945,0.0,1.263012711576683,0.0,1.260286340016102,0.0,1.0492081211202025,1.0,1.4285714285714286
0.0,0.9779874810601048,0.0,1.0118224739996444,0.0,1.1544670266541095,0.0,1.1983465771909545,0.0,0.9739745580909144,1.0,1.4285714285714286
0.0,1.0277229102233212,0.0,1.0457429000227658,0.0,1.2075756411321292,0.0,1.2196211749205714,0.0,1.025866165195687,1.0,1.4285714285714286
0.0,1.0298017289203931,0.0,1.0294399632269018,0.0,1.2141906073640771,0.0,1.2247061872782072,0.0,0.9988629168813128,1.0,1.4285714285714286
0.0,1.059683400543339,0.0,1.0695284933066995,0.0,1.2535239888330845,0.0,1.2403588028367205,0.0,1.0510106848935965,1.0,1.4285714285714286
0.0,1.0111320078727333,0.0,1.0210223771672775,0.0,1.1803175498771556,0.0,1.206015761367718,0.0,1.000088604435731,1.0,1.4285714285714286
0.0,1.000118512880268,0.0,1.003402353325101,0.0,1.178461841280656,0.0,1.1969493410151557,0.0,0.9924169619632944,1.0,1.4285714285714286
0.0,1.059704254901108,0.0,1.062911196044087,0.0,1.2489069790511036,0.0,1.2743801692709082,0.0,1.03864472572735,1.0,1.4285714285714286
0.0,1.0463854017955214,0.0,1.0485039561111726,0.0,1.2302092983276574,0.0,1.2461561914566663,0.0,1.029116113051315,1.0,1.4285714285714286
0.0,1.0730011210142076,0.0,1.0652119747844917,0.0,1.258439786211738,0.0,1.3065945051233432,0.0,1.0412408501502166,1.0,1.4285714285714286
0.0,0.9727494408526752,0.0,0.987663431501688,0.0,1.1477140591403108,0.0,1.1588656775359794,0.0,0.992326298271833,1.0,1.4285714285714286
0.0,1.0568415838880154,0.0,1.0386370158029803,0.0,1.246493407700114,0.0,1.2228948387390526,0.0,1.0405433138943865,1.0,1.4285714285714286
0.0,1.031087347619774,0.0,1.087029055032653,0.0,1.2061667300424657,0.0,1.288751748424345,0.0,1.0398782257516976,1.0,1.4285714285714286
0.0,1.015637808752872,0.0,1.0313756537435688,0.0,1.1941796656844268,0.0,1.2187406419490183,0.0,1.0257630928346015,1.0,1.4285714285714286
0.0,1.0189768633853555,0.0,1.0208415785776468,0.0,1.1943765398044277,0.0,1.2093795472710986,0.0,0.9882507748576622,1.0,1.4285714285714286
0.0,1.0368546597060966,0.0,1.032077299406572,0.0,1.2242508831364365,0.0,1.2019801952713354,0.0,1.0205505656971792,1.0,1.4285714285714286
0.0,1.032900861447012,0.0,1.0257207118720295,0.0,1.2172639227141684,0.0,1.2195446205280165,0.0,1.009198687002434,1.0,1.4285714285714286
0.0,1.020486193313744,0.0,0.9969094522085264,0.0,1.2019706568006236,0.0,1.1472237759877753,0.0,1.0088482812146469,1.0,1.4285714285714286
0.0,1.0823502513496266,0.0,1.0842632100172225,0.0,1.2758035883551448,0.0,1.264046788332558,0.0,1.066740210656486,1.0,1.4285714285714286
0.0,1.06165460569494,0.0,1.0608816377154011,0.0,1.246127815043487,-0.0122230459736852,1.269614015695679,0.0,1.0483240001244842,1.0,1.4285714285714286
0.0,1.0249005796691246,0.0,1.0741897979323762,0.0,1.2063393584847624,0.0,1.2563309547506152,0.0,1.032370059721683,1.0,1.4285714285714286
0.0,1.040631390310386,0.0,1.066053450763917,0.0,1.2268948749966322,0.0,1.2360835979750513,0.0,1.0395674356139304,1.0,1.4285714285714286
0.0,1.086994878511917,0.0,1.0898019414198137,0.0,1.2768638958333165,0.0,1.3010915649057846,0.0,1.0505576802539551,1.0,1.4285714285714286
0.0,1.075490548612401,0.0,1.0487392316548654,0.0,1.2700152432185865,0.0,1.2436189349412254,0.0,1.0343947026779277,1.0,1.4285714285714286
0.0,1.0318082046455508,0.0,1.0358937594804676,0.0,1.2183340830270282,0.0,1.2348460897812152,0.0,1.0299359332556492,1.0,1.4285714285714286
0.0,1.04567194905084,0.0,1.0419923530872677,0.0,1.2317054705828283,0.0,1.203205334080128,0.0,1.0210832250265898,1.0,1.4285714285714286
0.0,1.0336767569668266,0.0,1.0494005011482332,0.0,1.2193318762581062,0.0,1.2579496680963564,0.0,1.03031939565668,1.0,1.4285714285714286
0.0,1.0174127695484692,0.0,1.0019493221485674,0.0,1.1987093168459382,0.0,1.1963359766486836,0.0,1.014350671478699,1.0,1.4285714285714286
0.0,1.0208621435169898,0.0,1.0313342742939542,0.0,1.2050805484242904,0.0,1.2170423124216625,0.0,1.021551258154645,1.0,1.4285714285714286
0.0,1.0039933010148243,0.0,1.0172712504024783,0.0,1.181774146675029,0.0,1.192616190970745,0.0,1.0103541380974348,1.0,1.4285714285714286
0.0,1.0084417088010584,0.0,1.0176970365988178,0.0,1.187868466470338,0.0,1.2037289702260654,0.0,1.009408325803367,1.0,1.4285714285714286
0.0,1.0306572049803624,0.0,1.044378845301191,0.0,1.2094357044998436,0.0,1.2433724597966438,0.0,1.024376270241657,1.0,1.4285714285714286
0.0,1.0061165126585996,0.0,1.0514274476621135,0.0,1.1822944747618571,0.0,1.2221367916283337,0.0,1.000522306689643,1.0,1.4285714285714286
0.0,1.0745566357051526,0.0,1.0496729444372674,0.0,1.2675142084016655,0.0,1.2319734531880628,0.0,1.0650737266441117,1.0,1.4285714285714286
0.0,1.079996350103612,0.0,1.0570974541539424,0.0,1.273046743368353,0.0,1.2343571643503308,0.0,1.0538491628563782,1.0,1.4285714285714286
0.0,1.037161287121018,0.0,1.0119641598352358,0.0,1.224319820084969,0.0,1.2063776372012494,0.0,1.0277924091334611,1.0,1.4285714285714286
0.0,1.0514336965714697,0.0,1.0437684746265268,0.0,1.240292018373516,0.0,1.2467913650609153,0.0,1.04399232807747,1.0,1.4285714285714286
0.0,1.0818060397052642,0.0,1.0902270152672064,0.0,1.273706714578942,0.0,1.2859579456893375,0.0,1.0589818707096,1.0,1.4285714285714286
0.0,1.0530059092485409,0.0,1.048097035146888,0.0,1.2392449427037462,0.0,1.2248934438281285,0.0,1.0333793292338636,1.0,1.4285714285714286
0.0,1.014733538663351,0.0,1.0345046772443771,0.0,1.195203549471595,0.0,1.1808841310072518,0.0,1.0037694361468772,1.0,1.4285714285714286
0.0,1.0130199646410687,0.0,1.0306289076374575,0.0,1.1924713232878528,0.0,1.2191499952288722,0.0,1.0046615888665944,1.0,1.4285714285714286
0.0,1.046405345596671,0.0,1.0454218958318306,0.0,1.2308278513087771,0.0,1.247192017995855,0.0,1.0357877087500114,1.0,1.4285714285714286
0.0,1.0294197227134276,0.0,1.0272495692556536,0.0,1.2106616689378311,0.0,1.2364794973405953,0.0,1.0162160065583272,1.0,1.4285714285714286
0.0,1.045208404627971,0.0,1.0186247516970837,0.0,1.2301055123356237,0.0,1.2023299532644092,0.0,1.042328337366204,1.0,1.4285714285714286
0.0,1.028993810092546,0.0,1.0372643939557469,0.0,1.2093776174748654,0.0,1.2247276055568943,0.0,1.0155382180855177,1.0,1.4285714285714286
0.0,1.0157503283371063,0.0,1.0471283767538389,0.0,1.1957982510868552,0.0,1.259424889434843,0.0,1.0438674109158523,1.0,1.4285714285714286
0.0,1.0661719103465566,0.0,1.044294204002007,0.0,1.2499994354683064,0.0,1.2641922830683576,0.0,1.041661520530922,1.0,1.4285714285714286
0.0,1.0127810316834296,0.0,1.0300047940415653,0.0,1.1930886952497692,0.0,1.2293968373969535,0.0,1.0017709040046938,1.0,1.4285714285714286
0.0,1.0888315279838998,0.0,1.067496563337606,0.0,1.283121363255788,0.0,1.2774986887329716,0.0,1.0720139572665282,1.0,1.4285714285714286
0.0,0.990988430964408,0.0,1.032444470107784,0.0,1.1626661818209785,0.0,1.2173862819840158,0.0,1.0199059232678611,1.0,1.4285714285714286
0.0,1.0195372165862264,0.0,1.0526589521802092,0.0,1.191832341738039,0.0,1.245619212169556,0.0,1.034558968274925,1.0,1.4285714285714286
0.0,1.0462305168552597,0.0,1.05625223093029,0.0,1.2363677079448687,0.0,1.2506896147887436,0.0,1.0363931497735035,1.0,1.4285714285714286
0.0,1.0716163902192712,0.0,1.031190438106269,0.0,1.2615436234292283,0.0,1.196118896461244,0.0,1.03681457285144,1.0,1.4285714285714286
0.0,1.0551852933807089,0.0,1.0355442712962128,0.0,1.2469241613731357,0.0,1.244637132839988,0.0,1.0445614983100178,1.0,1.4285714285714286
0.0,1.06393344926062,0.0,1.0687913889467364,0.0,1.2448856766087877,0.0,1.252535100277181,0.0,1.0466016564757326,1.0,1.4285714285714286
0.0,1.0075291238050477,0.0,1.02913892836087,0.0,1.1825529298729809,0.0,1.2344742532233746,0.0,1.0116125982114692,1.0,1.4285714285714286
0.0,1.0194047398556174,0.0,1.0352483288256318,0.0,1.2001884651427377,0.0,1.2272276471769503,0.0,1.0169759394392046,1.0,1.4285714285714286
0.0,0.9759156714119044,0.0,1.0146978012877654,0.0,1.1520385539198563,0.0,1.2032033706124323,0.0,0.990689742903289,1.0,1.4285714285714286
0.0,1.0394886542212065,0.0,1.035904415169358,0.0,1.226221047094274,0.0,1.203039578390532,0.0,1.0242500348413028,1.0,1.4285714285714286
0.0,1.051433998962856,0.0,1.021798663184898,0.0,1.2408925812287817,0.0,1.2656320829315226,0.0,1.0211930906392856,1.0,1.4285714285714286
0.0,1.054352826078324,0.0,1.0260873878866104,0.0,1.2451205968421228,0.0,1.2109572983638666,0.0,1.0360175485185452,1.0,1.4285714285714286
0.0,1.03532778575511,0.0,1.0359832223662944,0.0,1.218312011629752,0.0,1.2429250419943052,0.0,1.0488871216260789,1.0,1.4285714285714286
0.0,1.0783349469282957,0.0,1.0862841045091176,0.0,1.2677684146583097,0.0,1.2578821362308368,0.0,1.066962280809204,1.0,1.4285714285714286
0.0,1.062745912089588,0.0,1.051118304281299,0.0,1.2537789318203547,0.0,1.2461459294359731,0.0,1.0282910365758646,1.0,1.4285714285714286
0.0,1.0327227093242972,0.0,1.0255891911851749,0.0,1.2188771615756278,0.0,1.2203177196910453,0.0,1.028888759063271,1.0,1.4285714285714286
0.0,1.024878731478214,0.0,1.038017729571048,0.0,1.2069718365452229,0.0062669725684358,1.2304950895238338,0.0,1.0356081828312649,1.0,1.4285714285714286
0.0,1.0303569457511972,0.0,1.039108734457263,0.0,1.213071576826907,0.0,1.2204989055490376,0.0,1.0229732481510174,1.0,1.4285714285714286
0.0,1.0414677215939203,0.0,1.0498488935658532,0.0,1.2283413493445874,0.0,1.2624637561798286,0.0,1.033616989238434,1.0,1.4285714285714286
0.0,1.0460846976679357,0.0,1.022422376560111,0.0,1.230788871626271,0.0,1.1965259317991788,0.0,1.0241538352639985,1.0,1.4285714285714286
0.0,1.0190545467348098,0.0,1.0626351901742417,0.0,1.1980913346791784,0.0,1.2570245801701307,0.0,1.0306180712776911,1.0,1.4285714285714286
0.0,1.020140353320642,0.0,1.0346065828189304,0.0,1.2020467873914733,0.0,1.244323108496017,0.0,1.03713775902874,1.0,1.4285714285714286
0.0,1.0279264461084887,0.0,1.0395293093822584,0.0,1.2131569425281037,0.0,1.2300483625824568,0.0,1.0168915602382511,1.0,1.4285714285714286
0.0,1.0282435589900447,0.0,1.0624715511439238,0.0,1.2123968507491574,0.0,1.2493568823788823,0.0,1.0254190079098549,1.0,1.4285714285714286
0.0,1.0028482741082174,0.0,1.009086863019298,0.0,1.1842921926569354,0.0,1.193021759894188,0.0,1.020533046191424,1.0,1.4285714285714286
0.0,1.0941498686077804,0.0,1.089634713160304,0.0,1.2906639327157488,0.0,1.2867651740791697,0.0,1.0488052208150205,1.0,1.4285714285714286
0.0,1.0710685731334342,0.0,1.0848941008271016,0.0,1.2648812914543086,0.0,1.271078124558639,0.0,1.0532758486282503,1.0,1.4285714285714286
0.0,1.0759443670888953,0.0,1.082564310817454,0.0,1.2656957211980089,0.0,1.2586830659324542,0.0,1.0606432838356283,1.0,1.4285714285714286
0.0,1.0180698709167284,0.0,1.0311177280233468,0.0,1.201206803483126,0.0,1.2239189722126924,0.0,1.0169752152402165,1.0,1.4285714285714286
0.0,1.0540506562431418,0.0,1.0759723249084538,0.0,1.2439314453990755,0.0,1.2741914265790428,0.0,1.0451582923143237,1.0,1.4285714285714286
0.0,1.0576287608500214,0.0,1.0809069175129224,0.0,1.2460814800343796,0.0,1.236240969202773,0.0,1.0333370252287115,1.0,1.4285714285714286
0.0,1.0109762834536156,0.0,1.0347827938409924,0.0,1.1875340963502008,0.0,1.2530206777854098,0.0,1.0164028518375812,1.0,1.4285714285714286
0.0,1.0505358868064016,0.0,1.059226403909306,0.0,1.2391881142303782,0.0,1.218785314660079,0.0,1.0414788563978508,1.0,1.4285714285714286
0.0,0.999988317408886,0.0,1.069727253683592,0.0,1.17831016592725,0.0,1.2473011924497854,0.0,1.023384980559442,1.0,1.4285714285714286
0.0,1.0898107037436942,0.0,1.0726489362344098,0.0,1.284420647406074,0.0,1.2694321045450645,0.0,1.058569126294043,1.0,1.4285714285714286
0.0,1.040385658075509,0.0,1.0477737568094594,0.0,1.2267894748589214,0.0,1.2422695907289154,0.0,1.0457400920331008,1.0,1.4285714285714286
0.0,1.0008095476759489,0.0,1.0269256016568302,0.0,1.173364608235673,0.0,1.2288520688176785,0.0,1.0187471488149271,1.0,1.4285714285714286
0.0,0.9852801793493856,0.0,0.9919581282176616,0.0,1.1566991710921075,0.0,1.159639602001001,0.0,0.9721251618339836,1.0,1.4285714285714286
0.0,1.0474393855130593,0.0,1.0088016616252378,0.0,1.2348556474816363,0.0,1.1983077000829374,0.0,1.028707827909538,1.0,1.4285714285714286
0.0,1.0236445550396642,0.0,1.0092883258315553,0.0,1.2085765258897176,0.0,1.1673954538300797,0.0,1.010643721154785,1.0,1.4285714285714286
0.0,1.0642461177653617,0.0,1.0617232107876975,0.0,1.2509052383033945,0.0,1.2548881388411752,0.0,1.056081022891951,1.0,1.4285714285714286
0.0,1.0609208144895923,0.0,1.0502645536298014,0.0,1.2471031510425017,0.0,1.2412528116093229,0.0,1.04424385315575,1.0,1.4285714285714286
0.0,1.0723413886169124,0.0,1.054435033801405,0.0,1.2634118574971862,0.0,1.2261018484527857,0.0,1.0593528985544154,1.0,1.4285714285714286
0.0,0.98434429032287,0.0,1.008976195874386,0.0,1.158296901497362,0.0,1.2045756629203344,0.0,1.0035973485525684,1.0,1.4285714285714286
0.0,1.0284439272270505,0.0,1.0598633386541518,0.0,1.2107926811074232,0.0,1.2614115534589103,0.0,1.0287514686842671,1.0,1.4285714285714286
0.0,1.0269965038140374,0.0,1.0116279473402976,0.0,1.208903207814806,0.0,1.2463668758431865,0.0,1.0242358837076024,1.0,1.4285714285714286
0.0,1.0823018459848308,0.0,1.077782986301158,0.0,1.275557316467086,0.0,1.272333533340119,0.0,1.0537828770267614,1.0,1.4285714285714286
0.0,1.0387244242855105,0.0,1.03704291077158,0.0,1.2253421980392825,0.0,1.2406995797498654,0.0,1.0352827205565325,1.0,1.4285714285714286
0.0,1.0120322663974572,0.0,1.0191345305874084,0.0,1.1863767001366885,0.0,1.1983513401069874,0.0,1.0135678337267748,1.0,1.4285714285714286
0.0,1.0052689038960023,0.0,1.0126389325280172,0.0,1.1832665168756702,0.0,1.204514816967509,0.0,1.0101499006857035,1.0,1.4285714285714286
0.0,1.0401599069019596,0.0,1.0114409384148,0.0,1.2187266701350203,0.0,1.2307745632635974,0.0,0.998709589882196,1.0,1.4285714285714286
0.0,0.98107120100396,0.0,1.025944546847815,0.0,1.154257228201997,0.0,1.1998486153829868,0.0,0.9975398187372844,1.0,1.4285714285714286
0.0,1.0101893765751315,0.0,1.0419092403058612,0.0,1.186787038443405,0.0,1.2665016460926577,0.0,1.019655557137309,1.0,1.4285714285714286
0.0,1.031439664329945,0.0,1.0423546747333634,0.0,1.2154653992364433,0.0,1.2311678599462712,0.0,1.0281141059955532,1.0,1.4285714285714286
0.0,1.0072403074508511,0.0,1.0181477090799718,0.0,1.1878790418262417,0.0,1.1990155392576969,0.0,0.9982440944644732,1.0,1.4285714285714286
0.0,1.0190169511259926,0.0,1.074548937870972,0.0,1.2008199050181887,0.0,1.2645387534807917,0.0,1.0405813525084733,1.0,1.4285714285714286
0.0,1.040718197527308,0.0,1.040432187226447,0.0,1.226017886805628,0.0,1.2458261807792463,0.0,1.0473976203643165,1.0,1.4285714285714286
0.0,1.0055859221377206,0.0,1.0186697182049702,0.0,1.1867836388538582,0.0,1.2068458410608505,0.0,1.018964760803066,1.0,1.4285714285714286
0.0,0.9904519412088414,0.0,1.0231643115698372,0.0,1.1659874788017175,0.0,1.2036360106476571,0.0,1.007662071983176,1.0,1.4285714285714286
0.0,1.0232627109359569,0.0,1.0358220640035232,0.0,1.203390298281703,0.0,1.2008129701168306,0.0,1.000464801325688,1.0,1.4285714285714286
0.0,1.0517476192866082,0.0,1.053779136873751,0.0,1.2289267903170649,0.0,1.3038929097149288,0.0,1.0375126593312338,1.0,1.4285714285714286
0.0,1.0502783345832192,0.0,1.005400675774036,0.0,1.233395578534816,0.0,1.199676662686841,0.0,1.0248644420544537,1.0,1.4285714285714286
0.0,0.9966267135749224,0.0,1.032364117365974,0.0,1.1717247252219674,0.0,1.2003388428943575,0.0,0.998081593530417,1.0,1.4285714285714286
0.0,1.040996499688842,0.0,1.0272223403944638,0.0,1.2234790649735643,0.0,1.2227828667459968,0.0,1.0405948750020892,1.0,1.4285714285714286
0.0,1.0273253159044018,0.0,1.078244661955368,0.0,1.2120679721791798,0.0,1.2607975775271674,0.0,1.035294406328614,1.0,1.4285714285714286
0.0,1.0742718563236184,0.0,1.0791984838690214,0.0,1.2635970632432627,0.0,1.2953272006058645,0.0,1.052124622155571,1.0,1.4285714285714286
0.0,1.0091114601262503,0.0,1.011322491209115,0.0,1.1909536963026337,0.0,1.1795385452299083,0.0,0.9970143961269416,1.0,1.4285714285714286
0.0,1.0490010037466333,0.0,1.0456834483117388,0.0,1.2352325348440465,0.0,1.2549956148365338,0.0,1.0268719155590904,1.0,1.4285714285714286
0.0,1.014952159981622,0.0,1.0434171339077805,0.0,1.1924937946481535,0.0,1.2313108620165616,0.0,1.0281297774322966,1.0,1.4285714285714286
0.0,1.0317039543355129,0.0,0.9985394307338026,0.0,1.217740299469427,0.0,1.2088044249287726,0.0,0.9979764961254746,1.0,1.4285714285714286
0.0,1.0338743891168063,0.0,1.0227002886794825,0.0,1.2200231850962635,0.0,1.215591510565629,0.0,1.010172638816948,1.0,1.4285714285714286
0.0,1.0484233127454765,0.0,1.045640023045577,0.0,1.2359542222043245,0.0,1.21852429448651,0.0,1.0109538808009642,1.0,1.4285714285714286
0.0,1.0142130154533389,0.0,1.0294948698667403,0.0,1.1948727567098505,0.0,1.2135046608292792,0.0,1.0032269070502584,1.0,1.4285714285714286
0.0,0.995397334346068,0.0,0.9945053684842776,0.0,1.1727315826479647,0.0,1.1679399928210028,0.0,0.9884907673065289,1.0,1.4285714285714286
0.0,1.0325329911493168,0.0,1.0667075602012988,0.0,1.2185439377072047,0.0,1.2421263993341325,0.0,1.0525866625933398,1.0,1.4285714285714286
0.0,1.0648701628447668,0.0,1.0415687581310813,0.0,1.2486391775624774,0.0,1.2103213749966746,0.0,1.0407691148840283,1.0,1.4285714285714286
0.0,1.026354844639711,0.0,1.0453536423260636,0.0,1.1984746186595754,0.0,1.2156701295514083,0.0,1.0001504356710615,1.0,1.4285714285714286
0.0,1.0784869763862166,0.0,1.0893881930784977,0.0,1.270719449336429,0.0,1.274071144878919,0.0,1.0572364024503371,1.0,1.4285714285714286
0.0,0.995182213211778,0.0,0.9889545393237272,0.0,1.170919240310545,0.0,1.1370080091044277,0.0,0.981469974286187,1.0,1.4285714285714286
0.0,1.0444395881031894,0.0,1.0089099543261593,0.0,1.222680419715581,0.0,1.187696600133407,0.0,1.022927610817845,1.0,1.4285714285714286
0.0,1.0157343017880256,0.0,1.0254671315115629,0.0,1.197111751529072,0.0,1.194214026208885,0.0,1.0031533308195757,1.0,1.4285714285714286
0.0,1.0570368081959391,0.0,1.0358305225925113,0.0,1.2405692522504217,-0.0244836907372763,1.2155725245059212,0.0,1.0259442477214749,1.0,1.4285714285714286
0.0,1.0382691028580329,0.0,1.0568478527224103,0.0,1.2192836144119783,0.0,1.257827603935372,0.0,1.0332268432400409,1.0,1.4285714285714286
0.0,1.0117504868891156,0.0,1.048941619017753,0.0,1.1931431868441256,0.0,1.2447476779969198,0.0,1.0109062207633424,1.0,1.4285714285714286
0.0,1.005918186414314,0.0,1.0603811545537172,0.0,1.1843032782033995,0.0,1.2316884164467214,0.0,1.022733175748331,1.0,1.4285714285714286
0.0,1.0530277266503416,0.0,1.025666454149302,0.0,1.2377182857954074,0.0,1.2004818069404788,0.0,1.0210021373908442,1.0,1.4285714285714286
0.0,1.0043761190500002,0.0,1.003878043908308,0.0,1.1851658682622075,0.0,1.1678035823065798,0.0,0.9929103310409028,1.0,1.4285714285714286
0.0,1.0058385389720652,0.0,0.9760763891112472,0.0,1.1818751119313702,0.0,1.1457078715017257,0.0,1.000086583976667,1.0,1.4285714285714286
0.0,1.0642677037263804,0.0,1.0458497721843591,0.0,1.2531406460565744,0.0,1.2130109071623578,0.0,1.0558993417006148,1.0,1.4285714285714286
0.0,1.068822509272526,0.0,1.1014433572668094,0.0,1.257593306814642,0.0,1.312017084877543,0.0,1.0485556998364354,1.0,1.4285714285714286
0.0,1.0766011605558805,0.0,1.107220400015564,0.0,1.2711661963453893,0.0,1.3112440350078636,0.0,1.0669958275711464,1.0,1.4285714285714286
0.0,0.9739811601479288,0.0,0.9740747658708824,0.0,1.1414022354427102,0.0,1.1466802484192522,0.0,0.9658591051425232,1.0,1.4285714285714286
0.0,1.0119805620925346,0.0,1.0247863883705797,0.0,1.1947327586033103,0.0,1.1980282495077297,0.0,0.9925474709443513,1.0,1.4285714285714286
0.0,1.0991073915983691,0.0,1.0466331395508035,0.0,1.2932852095093248,0.0,1.2093859435707313,0.0,1.0713222185813651,1.0,1.4285714285714286
0.0,1.0593202427333397,0.0,1.0342368877148294,0.0,1.2456137931070594,0.0,1.2093145464331954,0.0,1.0226207639460236,1.0,1.4285714285714286
0.0,1.0510596937184264,0.0,1.0295865256389485,0.0,1.2373175606946458,0.0,1.2179595703640198,0.0,1.022384450528019,1.0,1.4285714285714286
0.0,1.0363296266088708,0.0,1.0639507388405036,0.0,1.222830190837581,0.0,1.2729975201255077,0.0,1.0303505384493994,1.0,1.4285714285714286
0.0,1.0033686841547462,0.0,1.013202246274518,0.0,1.1820496080083702,0.0,1.2026536414214546,0.0,1.0035665980281665,1.0,1.4285714285714286
0.0,1.00727408400671,0.0,0.9946776972486424,0.0,1.1888232931705056,0.0,1.191939593755827,0.0,0.9968352369206828,1.0,1.4285714285714286
0.0,1.0225603289893177,0.0,1.0006154460389662,0.0,1.203743702857688,0.0,1.1904974801043486,0.0,0.9976807755189624,1.0,1.4285714285714286
0.0,1.0142055136013108,0.0,0.9842885784966192,0.0,1.1921105220338708,0.0,1.164357173924806,0.0,0.9952370452985486,1.0,1.4285714285714286
0.0,1.06974726853088,0.0,1.0870378743246512,0.0,1.2606399826631436,0.0,1.2826859634160293,0.0,1.0612723873083212,1.0,1.4285714285714286
0.0,1.0660897749295135,0.0,1.062098738852978,0.0,1.2545939216629525,0.0,1.241237486806816,0.0,1.0506729982380358,1.0,1.4285714285714286
0.0,1.059120958626909,0.0,1.0614496001771978,0.0,1.2476630639707158,0.0,1.2730045107383705,0.0,1.0361965030277096,1.0,1.4285714285714286
0.0,1.0201265485814022,0.0,0.9950970662369724,0.0,1.1989511809302178,0.0,1.1631372930374386,0.0,0.9984256643743884,1.0,1.4285714285714286
0.0,1.062274365634572,0.0,1.056982651567638,0.0,1.2509348983972002,0.0,1.2567073382755038,0.0,1.048851815670432,1.0,1.4285714285714286
0.0,1.043357025797417,0.0,1.0788172013892972,0.0,1.227326897720213,0.0,1.2602022759180245,0.0,1.046524391895165,1.0,1.4285714285714286
0.0,1.0532451130142566,0.0,1.0293945254188872,0.0,1.2428099130301014,0.0,1.2250730931342526,0.0,1.0251728188966172,1.0,1.4285714285714286
0.0,1.064386997368127,0.0,1.0466126671100813,0.0,1.252542683504145,0.0,1.2086470936673892,0.0,1.0281920793393624,1.0,1.4285714285714286
0.0,1.05244064676162,0.0,1.0573997308886351,0.0,1.2366391304821234,0.0,1.259463758151769,0.0,1.0515527545151664,1.0,1.4285714285714286
0.0,0.9850357500620984,0.0,1.0144968080326902,0.0,1.157072721974496,0.0,1.1942628081948383,0.0,0.9881356058794436,1.0,1.4285714285714286
0.0,1.1102904009992216,0.0,1.0796813519291109,0.0,1.3060323663903266,0.0,1.2599103025134366,0.0,1.0709369776696842,1.0,1.4285714285714286
0.0,1.0512410281200708,0.0,1.073217251187928,0.0,1.2382538453610743,0.0,1.258556385363385,0.0,1.0382286355504964,1.0,1.4285714285714286
0.0,1.0592027239231945,0.0,1.0628848904896435,0.0,1.2473289321884575,0.0,1.24488130212068,0.0,1.031525411325226,1.0,1.4285714285714286
0.0,1.0410490855960244,0.0,1.0322458570937414,0.0,1.2188814042633516,0.0,1.2409566342186014,0.0,1.0244037762631608,1.0,1.4285714285714286
0.0,1.071977877892046,0.0,1.013340137325236,0.0,1.258479592366827,0.0,1.2037776367997368,0.0,1.026907052997767,1.0,1.4285714285714286
0.0,1.0640778356378282,0.0,1.0876591987778172,0.0,1.2523669839461362,0.0,1.290973923026266,0.0,1.054873822624684,1.0,1.4285714285714286
0.0,1.0304835417584448,0.0,1.0305670937914408,0.0,1.2099516124052496,0.0,1.178225532075431,0.0,1.0441127725533146,1.0,1.4285714285714286
0.0,1.047526505974942,0.0,1.0073797841012488,0.0,1.2365100246745218,0.0,1.2067325276331304,0.0,1.0096000201956343,1.0,1.4285714285714286
0.0,1.07819050563344,0.0,1.0160775441691032,0.0,1.2663212816096092,0.0,1.1935723776839593,0.0,1.0462392478321685,1.0,1.4285714285714286
0.0,1.0500435172722775,0.0,1.054513233334665,0.0,1.2356681878371891,0.0,1.2723077637406872,0.0,1.01426965868292,1.0,1.4285714285714286
0.0,0.9936535730230508,0.0,1.0049979618242963,0.0,1.170277170458854,0.0,1.1883156360644929,0.0,0.998916056672126,1.0,1.4285714285714286
0.0,1.0023520041590246,0.0,1.027847763014928,0.0,1.1805607205641353,0.0,1.239602236995861,0.0,1.007510604397101,1.0,1.4285714285714286
0.0,1.0199902045252902,0.0,0.9838633903923664,0.0,1.201874034867369,0.0,1.1821647590980378,0.0,0.9912998647724992,1.0,1.4285714285714286
0.0,1.033751737607714,0.0,1.0205522455366745,0.0,1.2090664982392616,0.0,1.2062509236930146,0.0,1.0035767400725624,1.0,1.4285714285714286
0.0,1.082401775468133,0.0,1.058477333023371,0.0,1.2730730769497494,0.0,1.2496625151746088,0.0,1.062720076107466,1.0,1.4285714285714286
0.0,1.0757972198155763,0.0,1.0758440491929546,0.0,1.269635460454704,0.0,1.2530684610697231,0.0,1.0479947246433754,1.0,1.4285714285714286
0.0,1.0278110660366733,0.0,1.028865745305875,0.0,1.211152452146201,0.0,1.2079608559570076,0.0,1.0183658873512274,1.0,1.4285714285714286
0.0,1.0173473289876849,0.0,1.0531091085869009,0.0,1.1968551026899037,0.0,1.2373039472076477,0.0,1.0238045704169454,1.0,1.4285714285714286
0.0,1.0489933955265087,0.0,1.078289791725067,0.0,1.2372511973090323,0.0,1.2817036653504823,0.0,1.049190963003397,1.0,1.4285714285714286
0.0,1.0696194714523186,0.0,1.065069623424528,0.0,1.2619147499259824,0.0,1.3197393926729362,0.0,1.051633424754514,1.0,1.4285714285714286
0.0,1.013876514129036,0.0,1.0156762434667232,0.0,1.1925638889865195,0.0,1.2001517414855614,0.0,1.0046288110950874,1.0,1.4285714285714286
0.0,1.048936216872341,0.0,1.033624370572917,0.0,1.2365210888315197,0.0,1.2503265598459754,0.0,1.0416192169996903,1.0,1.4285714285714286
0.0,1.0327230468202522,0.0,1.0484419134592422,0.0,1.2137159759956266,0.0,1.2821020447791,0.0,1.0323906481976983,1.0,1.4285714285714286
0.0,1.0808419315400046,0.0,1.0991593871883347,0.0,1.266224013419915,0.0,1.2911693332837273,0.0,1.06394620021593,1.0,1.4285714285714286
0.0,1.0292902798666768,0.0,1.0203496098458056,0.0,1.214892629914808,0.0,1.2205797480968488,0.0,1.0155996304802064,1.0,1.4285714285714286
0.0,1.0455538308386676,0.0,1.0650024698334564,0.0,1.229899298184106,0.0,1.2436640321231034,0.0,1.0190481410857208,1.0,1.4285714285714286
0.0,1.0764854693288828,0.0,1.0462640871074589,0.0,1.2646889653968971,0.0,1.2283533567632168,0.0,1.0453512748461389,1.0,1.4285714285714286
0.0,1.050171555859264,0.0,1.0065719677711962,0.0,1.2327714038630868,0.0,1.1920677515927511,0.0,1.014100745071412,1.0,1.4285714285714286
0.0,1.0480954132550735,0.0,1.0164074322328855,0.0,1.237402805332288,0.0,1.1900678390511668,0.0,1.0308596815638311,1.0,1.4285714285714286
0.0,1.050058737329917,0.0,1.004769607676561,0.0,1.236402914830112,0.0,1.1838545194942738,0.0,1.008805213171675,1.0,1.4285714285714286
0.0,1.007722842082806,0.0,1.042789265768134,0.0,1.1895420035742317,0.0,1.238699803567538,0.0,1.0320444682386605,1.0,1.4285714285714286
0.0,1.025763612552431,0.0,1.0482772572101533,0.0,1.2076037158012805,0.0,1.2406184331643386,0.0,1.0202085030949757,1.0,1.4285714285714286
0.0,1.0121410618960294,0.0,1.00869616130053,0.0,1.1924809955291122,0.0,1.189357037640354,0.0,1.0128850395823352,1.0,1.4285714285714286
0.0,1.0556751456040234,0.0,1.090489658700155,0.0,1.2447323393999703,0.0,1.2872014904320956,0.0,1.057714321596985,1.0,1.4285714285714286
0.0,1.0812507428377267,0.0,1.079746662596681,0.0,1.2716126011319306,0.0,1.2969437564356991,0.0,1.067243017154049,1.0,1.4285714285714286
0.0,1.0638828757621208,0.0,1.0651547171698243,0.0,1.252855100949312,0.0,1.266895285127243,0.0,1.0332686932921078,1.0,1.4285714285714286
0.0,1.1047203473064675,0.0,1.0380655768770637,0.0,1.3016883903077283,0.0,1.2276423326739725,0.0,1.0648504381538482,1.0,1.4285714285714286
0.0,1.0463023866914551,0.0,1.032086028292739,0.0,1.235412658493932,0.0,1.2178213301882548,0.0,1.0362221529322655,1.0,1.4285714285714286
0.0,1.0928299562084411,0.0,1.115141127017252,0.0,1.285248274403587,0.0,1.3327760673216598,0.0,1.0760785935902364,1.0,1.4285714285714286
0.0,1.021416682394664,0.0,1.0345718997691125,0.0,1.2042088188139382,0.0,1.1991372291141424,0.0,1.010725302368163,1.0,1.4285714285714286
0.0,1.0311771824604847,0.0,1.038714744484771,0.0,1.215382159520018,0.0,1.2133909868257948,0.0,1.043135946990319,1.0,1.4285714285714286
0.0,0.9850859181812496,0.0,0.9981846392713136,0.0,1.1583149603551195,0.0,1.1832986556323226,0.0,0.995487459933194,1.0,1.4285714285714286
0.0,1.0700961629197387,0.0,1.0707938596930853,0.0,1.2621859731197536,0.0,1.2423859800752817,0.0,1.0435053724608263,1.0,1.4285714285714286
0.0,1.0429392745746997,0.0,1.0428231402603456,0.0,1.2305286926104226,0.0,1.240419634636933,0.0,1.0374610755901876,1.0,1.4285714285714286
0.0,1.0177047548300495,0.0,1.0269266860342212,0.0,1.1884659947895186,0.0,1.1853143486230846,0.0,0.981421236536739,1.0,1.4285714285714286
0.0,0.9918244200771804,0.0,1.0362628801938478,0.0,1.1693573506517017,0.0,1.2047885331728136,0.0,1.0079271076781895,1.0,1.4285714285714286
0.0,1.0562819460777693,0.0,1.0506454316035194,0.0,1.239240062234578,0.0,1.2427768111499575,0.0,1.0404692893174965,1.0,1.4285714285714286
0.0,1.0372790251525172,0.0,1.0315878069774884,0.0,1.2226551870729214,0.0,1.2050245096514531,0.0,1.0272503632750003,1.0,1.4285714285714286
0.0,1.0786704351151817,0.0,1.1046192335250882,0.0,1.270143025154314,0.0,1.309117328970051,0.0,1.09728843702653,1.0,1.4285714285714286
0.0,1.036992258737042,0.0,1.0125811784220065,0.0,1.2238949216531156,0.0,1.2005540508069414,0.0,0.9944870944378426,1.0,1.4285714285714286
0.0,1.02664811063526,0.0,0.998899686447446,0.0,1.202714548982538,0.0,1.209718343973947,0.0,1.0124249361994977,1.0,1.4285714285714286
0.0,1.0477209621039805,0.0,1.050178083825564,0.0,1.2320731373477438,0.0,1.219778612961059,0.0,1.0578681123889695,1.0,1.4285714285714286
0.0,1.0383210709191375,0.0,1.046454914938573,0.0,1.221717734764463,0.0,1.2585861268925354,0.0,1.0272349249642256,1.0,1.4285714285714286
0.0,1.009095610699699,0.0,1.0440636285432108,0.0,1.186153051127257,0.0,1.219253770580454,0.0,1.0320790165320923,1.0,1.4285714285714286
0.0,1.017549352289166,0.0,0.981403686868602,0.0,1.1982147987200105,0.0,1.1310892401973558,0.0,0.9984193292610266,1.0,1.4285714285714286
0.0,1.0707065655769488,0.0,1.0969483208652635,0.0,1.2616873797215091,0.0,1.279295372304128,0.0,1.061856459841214,1.0,1.4285714285714286
0.0,1.0082024111833106,0.0,1.0304449142611252,0.0,1.1913870813472238,0.0,1.2289916220116162,0.0,0.990219645299668,1.0,1.4285714285714286
0.0,1.0525757979680737,0.0,1.0399872423820709,0.0,1.2398936073693008,0.0,1.235807381073067,0.0,1.0392727744371877,1.0,1.4285714285714286
0.0,1.022216297979407,0.0,1.0030937882237352,0.0,1.2078012319057918,0.0,1.1886834332670069,0.0,1.0101123914160544,1.0,1.4285714285714286
0.0,0.99933608787129,0.0,1.0515219710622217,0.0,1.1683063122224038,0.0,1.2368285047105645,0.0,1.011458970604969,1.0,1.4285714285714286
0.0,0.9648482321951968,0.0,0.9573730572554668,0.0,1.1394948628882855,0.0,1.1344913626365338,0.0,0.9684974362253156,1.0,1.4285714285714286
0.0,1.012563220805925,0.0,1.0175608415600703,0.0,1.1916855847453696,0.0,1.208127769343603,0.0,1.007739417020497,1.0,1.4285714285714286
0.0,1.029792929696986,0.0,1.023700145751249,0.0,1.21301222545742,0.0,1.203390996094301,0.0,1.0106543353010116,1.0,1.4285714285714286
0.0,1.0460356716136003,0.0,1.0491726705581106,0.0,1.2321955794939836,0.0,1.2269251867614124,0.0,1.0229179282950347,1.0,1.4285714285714286
0.0,1.035760117190638,0.0,1.0235248445534582,0.0,1.220012162039491,0.0,1.1930993487254498,0.0,1.0039999785686653,1.0,1.4285714285714286
0.0,1.0591266002101627,0.0,1.0636290065673042,0.0,1.2474086609813562,0.0,1.235136067874364,0.0,1.0236337722060969,1.0,1.4285714285714286
0.0,1.024274167326872,0.0,1.026081334649224,0.0,1.1900576893839692,0.0,1.2077305000220124,0.0,1.0114282963084351,1.0,1.4285714285714286
0.0,1.017942332257378,0.0,1.002380670899575,0.0,1.200812511741724,0.0,1.1966564905869153,0.0,0.98956331421617,1.0,1.4285714285714286
0.0,1.099388193350104,0.0,1.085007248110768,0.0,1.2974385859968462,0.0,1.308774165017062,0.0,1.0643736639034749,1.0,1.4285714285714286
0.0,1.0359721691158223,0.0,1.012026818430011,0.0,1.2155169013394818,0.0,1.2039441487857625,0.0,1.0096083456239382,1.0,1.4285714285714286
0.0,1.0871667443404678,0.0,1.0945523767710164,0.0,1.2842213061471457,0.0,1.2961030241180558,0.0,1.074302634457739,1.0,1.4285714285714286
0.0,1.0048908458510764,0.0,1.0054414860994416,0.0,1.1852450195707511,0.0,1.2121780134175124,0.0,0.9888922975853645,1.0,1.4285714285714286
0.0,1.006063403482761,0.0,0.976353906071419,0.0,1.1890226092740397,0.0,1.1514815908474103,0.0,0.9908089825275084,1.0,1.4285714285714286
0.0,1.074364858968688,0.0,1.034454924082553,0.0,1.259757513992268,0.0,1.2603961626638094,0.0,1.057841891062794,1.0,1.4285714285714286
0.0,1.0361544641531215,0.0,1.0503849590559555,0.0,1.221686109024215,0.0,1.2344719881799762,0.0,1.0263365420913646,1.0,1.4285714285714286
0.0,1.0001774393944147,0.0,1.025659801644304,0.0,1.1798858339577285,0.0,1.2137331913882423,0.0,1.003226960746034,1.0,1.4285714285714286
0.0,1.0313594454013792,0.0,1.022963446302447,0.0,1.2170486612220726,0.0,1.1977018048832042,0.0,1.0013614570489962,1.0,1.4285714285714286
0.0,1.064211759195093,0.0,1.074773745319358,0.0,1.25703788962757,0.0,1.2685655876701163,0.0,1.0409000477527053,1.0,1.4285714285714286
0.0,1.0145993341431172,0.0,0.9910125215558426,0.0,1.193588841480422,0.0,1.1757448995805313,0.0,0.9782002024192932,1.0,1.4285714285714286
0.0,1.0462462733934397,0.0,1.0527494500407617,0.0,1.2322358865476342,0.0,1.2360746786128454,0.0,1.0403782409768572,1.0,1.4285714285714286
0.0,1.0216044382901128,0.0,1.0011292665142044,0.0,1.2011776450537284,0.0,1.1838587313567734,0.0,1.008686456121632,1.0,1.4285714285714286
0.0,1.0034185863144265,0.0,1.0076705569490043,0.0,1.183420748935876,0.0,1.1563457316672432,0.0,0.9962730890408096,1.0,1.4285714285714286
0.0,1.011713970851411,0.0,1.0525142847752909,0.0,1.1913784943585832,0.0,1.251229133555907,0.0,1.010692353575937,1.0,1.4285714285714286
0.0,1.0052740589520446,0.0,1.0752772660610597,0.0,1.184760890469589,0.0,1.2690932674016873,0.0,1.0173873998381755,1.0,1.4285714285714286
0.0,1.008918002972678,0.0,1.013388111589095,0.0,1.1891959794866411,0.0,1.1749650932773208,0.0,0.9899970663355224,1.0,1.4285714285714286
0.0,1.037678974680414,0.0,1.05401428370875,0.0,1.2196545538192511,0.0,1.2776838014019465,0.0,1.022127673834841,1.0,1.4285714285714286
0.0,1.0447940053473328,0.0,1.0917162293805889,0.0,1.2310376555862024,0.0,1.2721101024821075,0.0,1.0393862745919151,1.0,1.4285714285714286
0.0,1.001654090030395,0.0,1.0152288338971458,0.0,1.1811845412579904,0.0,1.1712999066019445,0.0,1.0050077283109955,1.0,1.4285714285714286
0.0,1.0420449377041303,0.0,1.064371868370524,0.0,1.2261779451162869,0.0,1.2186848451744,0.0,1.0589697629349897,1.0,1.4285714285714286
0.0,1.0870398808577175,0.0,1.0727498771607658,0.0,1.2721510484121126,0.0,1.2561780587913074,0.0,1.079545987674707,1.0,1.4285714285714286
0.0,1.0663214976118078,0.0,1.0330903019698396,0.0,1.2563349589347332,0.0,1.2424247895346838,0.0,1.035249846122259,1.0,1.4285714285714286
0.0,0.9972382938453676,0.0,1.0263236019967092,0.0,1.1742001160307374,0.0,1.1955845948759292,0.0,1.0000878258792696,1.0,1.4285714285714286
0.0,0.9984266683728266,0.0,1.0085142591139056,0.0,1.1758702250127675,0.0,1.1886022413005264,0.0,0.9807815537667796,1.0,1.4285714285714286
0.0,1.0189442335011882,0.0,1.0227485736692128,0.0,1.1966177364312751,0.0,1.1967831886590132,0.0,1.0135763420832429,1.0,1.4285714285714286
0.0,1.1072477068508146,0.0,1.0663990046123517,0.0,1.3063155173811043,0.0,1.2726703263303696,0.0,1.0677868950735097,1.0,1.4285714285714286
0.0,1.0140223139230446,0.0,1.027154593425638,0.0,1.197755476649521,0.0,1.2405931333056954,0.0,1.009117619695742,1.0,1.4285714285714286
0.0,0.989849641129118,0.0,0.9954253576427974,0.0,1.1618796436361143,0.0,1.1587620786473811,0.0,0.9935336878702462,1.0,1.4285714285714286
0.0,0.980186606222467,0.0,0.9568787447062924,0.0,1.150294077434844,0.0,1.1084141907792953,0.0,0.9667254000995684,1.0,1.4285714285714286
0.0,1.0504683183080008,0.0,1.0400647426148188,0.0,1.237936929771284,0.0,1.2367191976099294,0.0,1.036295376749771,1.0,1.4285714285714286
0.0,1.045414996262935,0.0,1.007043643778695,0.0,1.2249283027544524,0.0,1.2098972937116457,0.0,1.021052431837705,1.0,1.4285714285714286
0.0,1.013178707460558,0.0,1.0246739591526115,0.0,1.1951950758083736,0.0,1.182986756933377,0.0,1.0052603755750495,1.0,1.4285714285714286
0.0,1.1263146279003953,0.0,1.1358485323767769,0.0,1.3258268815569776,0.0,1.3524259009435,0.0,1.0947167420026338,1.0,1.4285714285714286
0.0,1.0314348213796145,0.0,1.0757435220107177,0.0,1.2170092791898444,0.0,1.2990791979488725,0.0,1.045117163109298,1.0,1.4285714285714286
0.0,1.045863502635151,0.0,1.0755666948043172,0.0,1.230492658595825,0.0,1.2660994150532352,0.0,1.0452708231082133,1.0,1.4285714285714286
0.0,1.0848308126710804,0.0,1.067145365518701,0.0,1.2786383388801974,0.0,1.2669870847692442,0.0,1.0489555584881027,1.0,1.4285714285714286
0.0,1.0332753937141212,0.0,1.0087288819745273,0.0,1.2145923813359794,0.0,1.1956706786753175,0.0,1.019447970262089,1.0,1.4285714285714286
0.0,1.0801496186899209,0.0,1.08375295981434,0.0,1.2698217374095768,0.0,1.2849641743984996,0.0,1.0666857178611566,1.0,1.4285714285714286
0.0,1.0390391025813293,0.0,1.0815966433692343,0.0,1.223576057995115,0.0,1.2862053490672434,0.0,1.038781532787017,1.0,1.4285714285714286
0.0,1.0497212762965709,0.0,0.9949031555865748,0.0,1.231267420321307,0.0,1.18695393924161,0.0,0.9880597364039372,1.0,1.4285714285714286
0.0,1.0296470618149631,0.0,1.0411839544839443,0.0,1.2120834406755083,0.0,1.2293249568483573,0.0,1.0148440251556288,1.0,1.4285714285714286
0.0,1.0716280496388608,0.0,1.060845929144447,0.0,1.2606346005699818,0.0,1.255624237398793,0.0,1.04769096171807,1.0,1.4285714285714286
0.0,1.0229732372615237,0.0,1.0504142019787694,0.0,1.200283582184593,0.0,1.2477869147275955,0.0,1.0405361806846891,1.0,1.4285714285714286
0.0,1.0360902807530563,0.0,1.0586215827901786,0.0,1.2176162160509572,0.0,1.251579820826907,0.0,1.0240036644088195,1.0,1.4285714285714286
0.0,1.0534021389817263,0.0,1.0293638971863812,0.0,1.2410303365074142,0.0,1.225162315421802,0.0,1.0387713680053705,1.0,1.4285714285714286
0.0,1.05367483130447,0.0,1.0179105004888385,0.0,1.2336730734881596,0.0,1.201270763239927,0.0,1.027855180836403,1.0,1.4285714285714286
0.0,1.0699876733028084,0.0,1.030935787950266,0.0,1.2610783951833984,0.0,1.2050955790702451,0.0,1.0501743311989888,1.0,1.4285714285714286
0.0,1.047873855898983,0.0,1.0418396872548985,0.0,1.2301571467100982,0.0,1.2404518716209851,0.0,1.027940960972319,1.0,1.4285714285714286
0.0,1.0317660701433176,0.0,1.0256913312781002,0.0,1.214225161054333,0.0,1.2137596430865245,0.0,1.0123518861601055,1.0,1.4285714285714286
0.0,1.002057637896621,0.0,0.98393804587784,0.0,1.178404155768901,0.0,1.1660407102711248,0.0,0.9906561549585028,1.0,1.4285714285714286
0.0,1.0059799877128244,0.0,0.9980999996499146,0.0,1.1841209568976836,0.0,1.176519866674446,0.0,1.0008394705786268,1.0,1.4285714285714286
0.0,1.0251241423430626,0.0,0.9975826240888852,0.0,1.2078198794689443,0.0,1.1813410903121602,0.0,0.9727424545213488,1.0,1.4285714285714286
0.0,1.0078236628016013,0.0,1.00418494006202,0.0,1.1831637370005783,0.0,1.2059759561490684,0.0,1.0049188140143264,1.0,1.4285714285714286
0.0,1.107245180095915,0.0,1.056910340068459,0.0,1.3035030945455843,0.0,1.2304825888124955,0.0,1.0653243735654303,1.0,1.4285714285714286
0.0,1.0550637761350756,0.0,1.0805129945559069,0.0,1.2461051072065967,0.0,1.3073546537620933,0.0,1.0768796063204569,1.0,1.4285714285714286
0.0,1.0667038539959353,0.0,1.0673595854365416,0.0,1.253441887111132,0.0,1.2760022025744309,0.0,1.0440236362511697,1.0,1.4285714285714286
0.0,0.9973027577676687,0.0,1.0227559902830552,0.0,1.1737289851503487,0.0,1.2122464458478348,0.0,1.011082411812624,1.0,1.4285714285714286
0.0,1.066412866324846,0.0,1.0515444166996455,0.0,1.2577256798891685,0.0,1.2165252303989786,0.0,1.0456751485709186,1.0,1.4285714285714286
0.0,1.0894799740259629,0.0,1.0883457041765794,0.0,1.2789345205901204,0.0,1.304552971873641,0.0,1.0898655963977173,1.0,1.4285714285714286
0.0,1.0310039045559565,0.0,1.0116064075748956,0.0,1.2093181675813591,0.0,1.208071936367249,0.0,1.0112886944878452,1.0,1.4285714285714286
0.0,1.0368782764225375,0.0,1.0587603659899296,0.0,1.222290936037684,0.0,1.2214256214502317,0.0,1.0108851937660297,1.0,1.4285714285714286
0.0,1.103027686437903,0.0,1.0645046732668673,0.0,1.2969339142254366,0.0,1.2671426189709585,0.0,1.0681210911405348,1.0,1.4285714285714286
0.0,1.039515405080768,0.0,1.0437410598454526,0.0,1.2269964279916346,0.0,1.2473873826867434,0.0,1.0327156719165431,1.0,1.4285714285714286
0.0,1.0353172319961113,0.0,1.0616167793991516,0.0,1.2148118671599373,0.0,1.2497083094688997,0.0,1.0294655701463598,1.0,1.4285714285714286
0.0,1.029471146710071,0.0,1.0715048267831777,0.0,1.2118605245836245,0.0,1.2847312512047249,0.0,1.0466054862513374,1.0,1.4285714285714286
0.0,1.0152483780500334,0.0,1.0109603619397662,0.0,1.1952074117971014,0.0,1.232555835105723,0.0,1.0086641694664793,1.0,1.4285714285714286
0.0,1.0569685000749802,0.0,1.0768662466928105,0.0,1.2445657266466588,0.0,1.3259171586333467,0.0,1.058385359273039,1.0,1.4285714285714286
0.0,1.0850914715450706,0.0,1.073016615848815,0.0,1.2718239763748072,0.0,1.2753519746155335,0.0,1.0695499142909923,1.0,1.4285714285714286
0.0,1.009149660197061,0.0,1.0037391282654924,0.0,1.1898632267840925,0.0,1.1724749434336568,0.0,1.0023196355433008,1.0,1.4285714285714286
0.0,0.9856234411218736,0.0,0.9575948886608836,0.0,1.1577957834035528,0.0,1.1112033010699305,0.0,0.9626461824169108,1.0,1.4285714285714286
0.0,1.0020123862708257,0.0,0.9985005358005944,0.0,1.1823662351122286,0.0,1.1768145839065425,0.0,0.994867663393054,1.0,1.4285714285714286
0.0,1.060487533278046,0.0,1.0715425727952828,0.0,1.2441157378569805,0.0,1.252484401187721,0.0,1.042818828030509,1.0,1.4285714285714286
0.0,1.0159663064579898,0.0,0.9886691069975166,0.0,1.198605049429218,0.0,1.1817910258688231,0.0,1.003180503185468,1.0,1.4285714285714286
0.0,1.0162042714532402,0.0,1.0202690622134298,0.0,1.1994110944792102,0.0,1.2212690111378082,0.0,0.9911520195770483,1.0,1.4285714285714286
0.0,1.0875669597982651,0.0,1.081772048689535,0.0,1.2850323813239224,0.0,1.2825438707943764,0.0,1.0783865189920905,1.0,1.4285714285714286
0.0,1.054198017554984,0.0,0.9983742318932862,0.0,1.2416009273225574,0.0,1.1778623680213878,0.0,1.015235591686198,1.0,1.4285714285714286
0.0,0.999577637833384,0.0,1.01521029791331,0.0,1.178808630774639,0.0,1.2385559794277958,0.0,1.001699398020932,1.0,1.4285714285714286
0.0,1.0681572320892248,0.0,1.0527768761574383,0.0,1.2596093805130657,0.0,1.2672395639547034,0.0,1.0356292651533467,1.0,1.4285714285714286
0.0,1.054204432832317,0.0,1.0704466178407737,0.0,1.2375652496072544,0.0,1.2744381329531065,0.0,1.0456712077428094,1.0,1.4285714285714286
0.0,1.0486680466571896,0.0,1.0403881373299877,0.0,1.231576889034902,0.0,1.2390700095861429,0.0,1.0193100283095986,1.0,1.4285714285714286
0.0,1.0467701682118762,0.0,1.0392897688321212,0.0,1.228583985416123,0.0,1.227896242895356,0.0,1.0398213262938882,1.0,1.4285714285714286
0.0,1.0490826167922145,0.0,1.0792123872092214,0.0,1.2369639557065044,0.0,1.2732138780435764,0.0,1.029217389119129,1.0,1.4285714285714286
0.0,1.063769762257662,0.0,1.0882319233667812,0.0,1.2498725200022525,0.0,1.3024810155655524,0.0,1.0708270022996875,1.0,1.4285714285714286
0.0,1.0165877668932632,0.0,1.0578016231333929,0.0,1.194702581759279,0.0,1.250055664276397,0.0,1.0326974535079312,1.0,1.4285714285714286
0.0,1.0013853730097102,0.0,1.033740352676562,0.0,1.1740278530596069,0.0,1.2157733358389875,0.0,1.0072982963525214,1.0,1.4285714285714286
0.0,1.074516595905767,0.0,1.0605432743971617,0.0,1.2666635396065042,0.0,1.2269246789291914,0.0,1.0661086194775808,1.0,1.4285714285714286
0.0,1.0637866021659028,0.0,1.028029806827194,0.0,1.2486553294893836,0.0,1.2053861071995386,0.0,1.0389133240767898,1.0,1.4285714285714286
0.0,1.0932978415556074,0.0,1.1011944869906714,0.0,1.2852034294384935,0.0,1.3086159195371163,0.0,1.071974405233312,1.0,1.4285714285714286
0.0,0.9798615543499872,0.0,0.9595899281270488,0.0,1.1559318325166823,0.0,1.1264851130446996,0.0,0.9815785471214968,1.0,1.4285714285714286
0.0,1.0962510267952992,0.0,1.073292641056793,0.0,1.290718426295122,0.0,1.2484418463404865,0.0,1.0646653740061347,1.0,1.4285714285714286
0.0,1.0688045111722364,0.0,1.0634974761238143,0.0,1.2614039644555275,0.0,1.2407553723809206,0.0,1.05090775840099,1.0,1.4285714285714286
0.0,1.1212994599414503,0.0,1.1041338119732138,0.0,1.32043180951528,0.0,1.2907893280737863,0.0,1.0894742297861133,1.0,1.4285714285714286
0.0,1.0083017865415616,0.0,1.0088441761893,0.0,1.1847227039512087,0.0,1.215245013385518,0.0,0.9962233194626022,1.0,1.4285714285714286
0.0,1.085614197035016,0.0,1.041690852786853,0.0,1.2801794434914469,0.0,1.2325178006033006,0.0,1.0488519988161116,1.0,1.4285714285714286
0.0,1.0396123436494755,0.0,1.052211140872103,0.0,1.2197646566058788,0.0,1.2434111663405572,0.0,1.046589566534203,1.0,1.4285714285714286
0.0,1.0372772677120723,0.0,1.0160306759791051,0.0,1.2222560829223363,0.0,1.207243517120475,0.0,1.0316839423419184,1.0,1.4285714285714286
0.0,1.0266575335432686,0.0,1.052006150739618,0.0,1.2109999540983605,0.0,1.2596654218792156,0.0,1.036504041835271,1.0,1.4285714285714286
0.0,0.9981199034521152,0.0,1.0117883803902137,0.0,1.172767076055062,0.0,1.1819583088603134,0.0,1.0011832938794942,1.0,1.4285714285714286
0.0,1.0111882343494294,0.0,1.025640540672409,0.0,1.188009361929767,0.0,1.2146374873748988,0.0,1.0290050601076255,1.0,1.4285714285714286
0.0,1.0030211162692118,0.0,1.0032434362790816,0.0,1.180360138779091,0.0,1.1841366297912117,0.0,0.9993752301496324,1.0,1.4285714285714286
0.0,0.9909732820434818,0.0,1.0603931366861472,0.0,1.1705275727420266,0.0,1.2344817643265027,0.0,1.0094076346277057,1.0,1.4285714285714286
0.0,1.0188632614465611,0.0,1.0290118721212247,0.0,1.1906398655316957,0.0,1.179851642030957,0.0,1.0255465070499126,1.0,1.4285714285714286
0.0,1.043122069500243,0.0,1.0197086463005782,0.0,1.2234722202193318,0.0,1.22032039881771,0.0,1.025356698711891,1.0,1.4285714285714286
0.0,1.0458107388684303,0.0,1.079081776606303,0.0,1.228777256719522,0.0,1.277277418409356,0.0,1.0482113713623114,1.0,1.4285714285714286
0.0,1.051397625559647,0.0,1.0142788201060595,0.0,1.239124533302632,0.0,1.2002416163823848,0.0,1.0137376364086748,1.0,1.4285714285714286
0.0,1.0412712165881135,0.0,1.036452938779768,0.0,1.2249134101778063,0.0,1.2116595258015854,0.0,1.021672746732034,1.0,1.4285714285714286
0.0,0.9856489050490214,0.0,1.03692770530244,0.0,1.1597577949807862,0.0,1.2226303998567554,0.0,0.9945180620134756,1.0,1.4285714285714286
0.0,1.0107978596927418,0.0,1.0305410326296038,0.0,1.1914420377053458,0.0,1.2146747848964468,0.0,1.011733515917268,1.0,1.4285714285714286
0.0,1.046648690277162,0.0,1.0820911673202218,0.0,1.2350492444288228,0.0,1.2768666534289124,0.0,1.037064072521894,1.0,1.4285714285714286
0.0,1.0001158445269978,0.0,0.9890029537168432,0.0,1.1790840123959396,0.0,1.2121309380133962,0.0,0.9930143106160728,1.0,1.4285714285714286
0.0,1.0111876168828509,0.0,1.0185858050799117,0.0,1.1908597198083195,0.0,1.21574313244713,0.0,1.0131033429386231,1.0,1.4285714285714286
0.0,1.0623551439352164,0.0,1.0276566926970168,0.0,1.2484759566440096,0.0,1.1990149394253178,0.0,1.026666725450487,1.0,1.4285714285714286
0.0,1.0073166334374732,0.0,1.0092421818683068,0.0,1.1883865757339074,0.0,1.194033250396805,0.0,0.9899898268322156,1.0,1.4285714285714286
0.0,1.0411648398565982,0.0,1.0471278126032222,0.0,1.2274225751402408,0.0,1.2005590776293722,0.0,1.0273851514151495,1.0,1.4285714285714286
0.0,1.0465552814519594,0.0,1.0614764003237969,0.0,1.233463746227876,0.0,1.2207214049621269,0.0,1.0419524668792135,1.0,1.4285714285714286
0.0,1.0396819170749734,0.0,1.0727700122046613,0.0,1.2223930960340483,0.0,1.2997393323936022,0.0,1.0470067628149833,1.0,1.4285714285714286
0.0,1.0483329604933609,0.0,1.0893653665185334,0.0,1.23614402402022,0.0,1.31137092727664,0.0,1.0319033386548422,1.0,1.4285714285714286
0.0,1.0017396770496492,0.0,1.0066631301066151,0.0,1.1816071864027322,0.0,1.1828875803253311,0.0,1.0068408426404936,1.0,1.4285714285714286
0.0,1.0080827298818866,0.0,1.0401128852043102,0.0,1.1832109808499998,0.0,1.2428102009455433,0.0,1.0223287222357031,1.0,1.4285714285714286
0.0,1.0638964126353558,0.0,1.045870798392719,0.0,1.2524368591048822,0.0,1.2297049087520946,0.0,1.0384519539110844,1.0,1.4285714285714286
0.0,1.0834772566057034,0.0,1.0980078426764008,0.0,1.2800930155392318,0.0,1.2971387935585936,0.0,1.0603908167923697,1.0,1.4285714285714286
0.0,1.0320135972360585,0.0,1.0263890003845415,0.0,1.213611536239492,0.0,1.2112369607578068,0.0,1.020912087924525,1.0,1.4285714285714286
0.0,1.0468010708333797,0.0,1.0411301951360992,0.0,1.2335234381324904,0.0,1.2261862853305932,0.0,1.0250213939891246,1.0,1.4285714285714286
0.0,0.989750583676625,0.0,1.02247201677029,0.0,1.1642285343445813,0.0,1.2001247426272994,0.0,1.020375339654038,1.0,1.4285714285714286
0.0,1.0276830929052885,0.0,1.040515601679037,0.0,1.2107105376615714,0.0,1.2621785728716222,0.0,1.0100408010272794,1.0,1.4285714285714286
0.0,1.014604314759829,0.0,1.0559686096247036,0.0,1.188109710013972,0.0,1.23958763699106,0.0,1.0272170009159876,1.0,1.4285714285714286
0.0,1.074297672287374,0.0,1.0752374891177217,0.0,1.26689901921992,0.0,1.2857374511486095,0.0,1.0590671658621658,1.0,1.4285714285714286
0.0,1.0195110513819965,0.0,1.0215827091998433,0.0,1.2011820931874744,0.0,1.1958058348525658,0.0,1.0191324469319634,1.0,1.4285714285714286
0.0,0.9910671009619902,0.0,1.0013737351992762,0.0,1.165150529923928,0.0,1.1738347374718705,0.0,0.9945968182599332,1.0,1.4285714285714286
0.0,1.0508179537114877,0.0,1.0191221207906271,0.0,1.2388782323922027,0.0,1.1903263685438223,0.0,1.0133650277674495,1.0,1.4285714285714286
0.0,1.0490093306786694,0.0,1.0363734041446695,0.0,1.236217219304667,0.0,1.242665469993031,0.0,1.0244193518438454,1.0,1.4285714285714286
0.0,1.1059947234271128,0.0,1.0838837407179325,0.0,1.303249646072461,0.0,1.2917968978537466,0.0,1.048026649358512,1.0,1.4285714285714286
0.0,1.045122444613343,0.0,1.034516076591186,0.0,1.2330478818319122,0.0,1.2209433921359871,0.0,1.0247642909386288,1.0,1.4285714285714286
0.0,1.0650072941211386,0.0,1.0702604057286729,0.0,1.2567489284872948,0.0,1.2717995681219776,0.0,1.0485611275197328,1.0,1.4285714285714286
0.0,1.021882554058436,0.0,1.0162392555647233,0.0,1.2069083931236502,0.0,1.201777260338485,0.0,1.015119659103342,1.0,1.4285714285714286
0.0,1.0198547974720096,0.0,1.0248265297800647,0.0,1.1971974271442631,0.0,1.2222375061477015,0.0,1.0161087474953636,1.0,1.4285714285714286
0.0,1.0207029465405963,0.0,1.0690524324352473,0.0,1.2040543559787322,0.0,1.2454724007698128,0.0,1.0395866413026027,1.0,1.4285714285714286
0.0,1.036063230270785,0.0,1.033723987250854,0.0,1.2194712914903858,0.0,1.2330454771765618,0.0,1.0200551946558614,1.0,1.4285714285714286
0.0,1.0239205664775135,0.0,1.0400191637008944,0.0,1.2055927281657015,0.0,1.218385849017931,0.0,1.0140273432122202,1.0,1.4285714285714286
0.0,0.9633740944925756,0.0,0.9572056346009352,0.0,1.1379308748314636,0.0,1.1242720283879972,0.0,0.9692497872331652,1.0,1.4285714285714286
0.0,1.0745993806435608,0.0,1.058916563976751,0.0,1.2602404800114213,0.0,1.257307322056879,0.0,1.0443638723472453,1.0,1.4285714285714286
0.0,1.0076067634255377,0.0,1.012200678458088,0.0,1.1888865342516146,0.0,1.1947748859308918,0.0,1.02252744914046,1.0,1.4285714285714286
0.0,1.050504390400718,0.0,1.0557639013664937,0.0,1.2376172234767715,0.0,1.2468494008776474,0.0,1.0365945742390703,1.0,1.4285714285714286
0.0,1.0483448369092474,0.0,1.0626171875830464,0.0,1.2344122979016277,0.0,1.2361592376631547,0.0,1.0482464100150362,1.0,1.4285714285714286
0.0,1.061252218010715,0.0,1.0956402956812636,0.0,1.2470027616039372,0.0,1.3375356382556445,0.0,1.069486410753143,1.0,1.4285714285714286
0.0,1.0370977169540625,0.0,1.004417015957165,0.0,1.218834977980063,0.0,1.169965800256938,0.0,1.0033137856010803,1.0,1.4285714285714286
0.0,1.08004558959763,0.0,1.0465324807295475,0.0,1.274462855804257,0.0,1.2277240523036987,0.0,1.0536394520958825,1.0,1.4285714285714286
0.0,1.0527083105671435,0.0,1.024080939960845,0.0,1.2375639703639598,0.0,1.22147190519103,0.0,1.0171645038666366,1.0,1.4285714285714286
0.0,1.0561067529117414,0.0,1.0422800559686871,0.0,1.24424317102672,0.0,1.2185365742322023,0.0,1.0491090549830504,1.0,1.4285714285714286
0.0,1.0838051269947897,0.0,1.1138304433281638,0.0,1.2733758696799025,0.0,1.3243130709472264,0.0,1.0816958367436744,1.0,1.4285714285714286
0.0,0.9657898002720282,0.0,0.9538627127853396,0.0,1.1389220864140956,0.0,1.1454178174681842,0.0,0.9587940923879498,1.0,1.4285714285714286
0.0,0.9850555437912564,0.0,0.999806052125611,0.0,1.1563865213279076,0.0,1.182832690233158,0.0,0.9969647125388544,1.0,1.4285714285714286
0.0,1.0604743642974062,0.0,1.04554536247014,0.0,1.2484398623933106,0.0,1.2115738298179752,0.0,1.0268863627987035,1.0,1.4285714285714286
0.0,1.099098099703755,0.0,1.0763545105459862,0.0,1.2878521720506673,0.0,1.253921272562354,0.0,1.0497232392921902,1.0,1.4285714285714286
0.0,0.999023151774839,0.0,1.0158244892617558,0.0,1.172655326154748,0.0,1.1936315395622243,0.0,1.000734879911803,1.0,1.4285714285714286
0.0,1.0414699675759418,0.0,1.0041989579754795,0.0,1.2251411410800666,0.0,1.1795445598916152,0.0,1.0222819592048,1.0,1.4285714285714286
0.0,1.0120594394581075,0.0,0.9993403104055848,0.0,1.1850743786686022,0.0,1.1679149197697285,0.0,0.9998676015052091,1.0,1.4285714285714286
0.0,1.02596113361963,0.0,1.0240638031184623,0.0,1.1995815861736912,0.0,1.2299395414296572,0.0,1.0238772606524489,1.0,1.4285714285714286
0.0,1.063120641020617,0.0,1.0241062294495813,0.0,1.2526207148612116,0.0,1.1880735185395674,0.0,1.0046651613378133,1.0,1.4285714285714286
0.0,1.0336303697454154,0.0,1.013630587478682,0.0,1.2157016658364532,0.0,1.1968944839692417,0.0,1.0325886554289585,1.0,1.4285714285714286
0.0,1.062619324765745,0.0,1.074438647301171,0.0,1.2508372074662564,0.0,1.2828654363677383,0.0,1.0528750895797576,1.0,1.4285714285714286
0.0,1.005516531820974,0.0,1.0086698816322142,0.0,1.1814112738361129,0.0,1.2126428405521688,0.0,0.9873580734055816,1.0,1.4285714285714286
0.0,1.0205078083447403,0.0,0.9980881743755576,0.0,1.2055691936609194,0.0,1.1860605974284877,0.0,1.001365373233835,1.0,1.4285714285714286
0.0,1.054258384237569,0.0,1.0301528461635574,0.0,1.2403684678117433,-0.0056996855806701,1.2263683312963418,0.0,1.026852083005616,1.0,1.4285714285714286
0.0,1.032512866006499,0.0,1.0470619428773866,0.0,1.219260681508857,0.0,1.2417815204037166,0.0,1.0193598957318897,1.0,1.4285714285714286
0.0,1.031122871523532,0.0,1.0067876910025924,0.0,1.213420722068583,0.0,1.1959227192075408,0.0,1.0071604237956806,1.0,1.4285714285714286
0.0,1.0868805966635595,0.0,1.0913683559303349,0.0,1.2804663264548872,0.0,1.265896500777982,0.0,1.0683769195015271,1.0,1.4285714285714286
0.0,1.0103801428283472,0.0,1.0103666127846158,0.0,1.1916580678102473,0.0,1.1787904336634545,0.0,0.9990650937153892,1.0,1.4285714285714286
0.0,1.055319781281976,0.0,1.0208703822811125,0.0,1.241277043424735,0.0,1.242627644115477,0.0,1.029519816962623,1.0,1.4285714285714286
0.0,1.0499883231712588,0.0,1.023602795304313,0.0,1.2347408160255022,0.0,1.1934483772885895,0.0,1.0251239693137817,1.0,1.4285714285714286
0.0,1.0277301505336254,0.0,0.981161700625789,0.0,1.208961729961277,0.0,1.1603085244292457,0.0,1.0347648825657445,1.0,1.4285714285714286
0.0,1.0722058626541249,0.0,1.0519508523192174,0.0,1.2623657173437082,0.0,1.219631079735955,0.0,1.0451791516910194,1.0,1.4285714285714286
0.0,1.0181219174869012,0.0,1.0422256852014058,0.0,1.1976268360645932,0.0,1.2232590535859638,0.0,1.0005083625097249,1.0,1.4285714285714286
0.0,1.0260121337162122,0.0,1.0279035205679363,0.0,1.2067290254155656,0.0,1.189361089224476,0.0,1.024430442271721,1.0,1.4285714285714286
0.0,1.025967868490822,0.0,1.050148094220147,0.0,1.2083865178400632,0.0,1.2283796642474485,0.0,1.0065556009908103,1.0,1.4285714285714286
0.0,1.0236173576763397,0.0,0.9863430343505606,0.0,1.2051288635242097,0.0,1.167099479205313,0.0,0.9956347302966772,1.0,1.4285714285714286
0.0,1.0181727047253346,0.0,1.0025798156848178,0.0,1.1972140141167458,0.0,1.2056885218984237,0.0,1.0115632444955176,1.0,1.4285714285714286
0.0,1.0141595247971325,0.0,1.0339953907657968,0.0,1.1944252611250523,0.0,1.2333614194922788,0.0,1.0258463202670849,1.0,1.4285714285714286
0.0,1.0344061376219382,0.0,1.0224584533740593,0.0,1.2109305682477691,0.0,1.211598086237823,0.0,1.020983656834277,1.0,1.4285714285714286
0.0,1.031425420713186,0.0,1.0621947059337336,0.0,1.2135205320037763,0.0,1.2599953630881155,0.0,1.0370769257044503,1.0,1.4285714285714286
0.0,1.0078924797792643,0.0,1.0053781757079194,0.0,1.1868685457956254,0.0,1.1838635175249237,0.0,1.0000078554043872,1.0,1.4285714285714286
0.0,1.0531639865930766,0.0,1.0867935962551938,0.0,1.2406136773209149,0.0,1.2873743243931597,0.0,1.051810039526846,1.0,1.4285714285714286
0.0,1.0179148705050127,0.0,0.9902205464999708,0.0,1.1986063217133565,0.0,1.157015455378017,0.0,1.002343081947424,1.0,1.4285714285714286
0.0,1.075134601313724,0.0,1.0888485613377274,0.0,1.2617641045074866,0.0,1.3099396276554394,0.0,1.0446977341344186,1.0,1.4285714285714286
0.0,1.0654461360645036,0.0,1.0692728756735486,0.0,1.2557439250365516,0.0,1.2845500732932966,0.0,1.050523048986244,1.0,1.4285714285714286
0.0,1.0430864978843328,0.0,1.0163135477739904,0.0,1.2286623109740988,0.0,1.2004629664227475,0.0,1.0211052004549563,1.0,1.4285714285714286
0.0,1.0644441474329571,0.0,1.0414535089032713,0.0,1.254800367614335,0.0,1.2444497760218602,0.0,1.0428267006062455,1.0,1.4285714285714286
0.0,1.0357587289583865,0.0,1.056117554504771,0.0,1.214693590136144,0.0,1.265269291455234,0.0,1.028435424996733,1.0,1.4285714285714286
0.0,1.0340404766297426,0.0,1.0252147816756143,0.0,1.2207200184490967,0.0,1.2064958518426947,0.0,1.014197257578781,1.0,1.4285714285714286
0.0,1.0345436812101656,0.0,1.0124245422828502,0.0,1.2167382046733044,0.0,1.1956519138958386,0.0,1.018659169186552,1.0,1.4285714285714286
0.0,1.0438437900523383,0.0,1.001013595223035,0.0,1.2321027477220423,0.0,1.1719497239179728,0.0,1.02690461661373,1.0,1.4285714285714286
0.0,1.0217286056858437,0.0,1.0386582382347194,0.0,1.2059924797896369,0.0,1.2403265850005805,0.0,0.9955905406026055,1.0,1.4285714285714286
0.0,1.0167739117935573,0.0,1.013088357196137,0.0,1.194403999397381,0.0,1.2145171031775168,0.0,0.9938584834416356,1.0,1.4285714285714286
0.0,0.9936528148013956,0.0,1.0329814025118644,0.0,1.171909288574054,0.0,1.198913251385728,0.0,1.0159112653201376,1.0,1.4285714285714286
0.0,1.0218176132296528,0.0,1.0266165293854992,0.0,1.202029984094999,0.0,1.188655853086087,0.0,1.0264478609082135,1.0,1.4285714285714286
0.0,1.0323073113483054,0.0,0.9723406592423902,0.0,1.2149304353347148,0.0,1.1378230227439745,0.0,1.0187985922385625,1.0,1.4285714285714286
0.0,1.0605495023206677,0.0,1.0803656185440864,0.0,1.2487507464922956,0.0,1.2586409845864388,0.0,1.0391683938963112,1.0,1.4285714285714286
0.0,1.067470398445314,0.0,1.0449499786239351,0.0,1.2476006721518578,0.0,1.2358165868660156,0.0,1.0356510890486117,1.0,1.4285714285714286
0.0,1.048865009041938,0.0,1.046681201172641,0.0,1.229828222232456,0.0,1.245319797288687,0.0,1.011090630713622,1.0,1.4285714285714286
0.0,1.005839680764591,0.0,0.9986540776068142,0.0,1.1867541847943983,0.0,1.2057952398799177,0.0,1.0253199000757849,1.0,1.4285714285714286
0.0,1.07577654906349,0.0,1.0659904055328748,0.0,1.2626579777389504,0.0,1.2936897149730435,0.0,1.043300986290678,1.0,1.4285714285714286
0.0,1.0215920720174168,0.0,1.0620096030602597,0.0,1.2067978347249713,0.0,1.268972759374787,0.0,1.018906080869694,1.0,1.4285714285714286
0.0,1.0058583903226828,0.0,1.0120367512618726,0.0,1.1866152458524128,0.0,1.1802323083887662,0.0,1.0096154806480708,1.0,1.4285714285714286
0.0,1.0299701218105064,0.0,1.0758837625345423,0.0,1.215230925947975,0.0,1.2652868557558394,0.0,1.0481386739458098,1.0,1.4285714285714286
0.0,1.0170288343883114,0.0,1.0336426785212722,0.0,1.199432656684222,0.0,1.215691711793893,0.0,1.010280062717616,1.0,1.4285714285714286
0.0,1.0775382184446676,0.0,1.1059191468018423,0.0,1.2702662719533009,0.0,1.29828208497582,0.0,1.074651021351788,1.0,1.4285714285714286
0.0,1.0435612057870205,0.0,1.0140200007984708,0.0,1.2284456211208803,0.0,1.1842429030200352,0.0,1.017220695732841,1.0,1.4285714285714286
0.0,1.0672216504561225,0.0,1.0635352744739268,0.0,1.2581398255573375,0.0,1.2532539683226882,0.0,1.0444842176815443,1.0,1.4285714285714286
0.0,1.0555319436750372,0.0,1.0363361521452712,0.0,1.243885345444381,0.0,1.2325522542476233,0.0,1.0341518956177784,1.0,1.4285714285714286
0.0,1.0300334284806654,0.0,1.0326621221805017,0.0,1.212500327036644,0.0,1.2478088245532022,0.0,1.0164760354205893,1.0,1.4285714285714286
0.0,1.0559819565993531,0.0,1.0052918866191325,0.0,1.241861190481223,0.0,1.1818834633248625,0.0,1.0292223575866997,1.0,1.4285714285714286
0.0,1.0425735251050952,0.0,1.0989236605871902,0.0,1.2246979236207656,0.0,1.276811138600419,0.0,1.0541333914672408,1.0,1.4285714285714286
0.0,1.0577840908223353,0.0,1.0263092296742764,0.0,1.245471185951582,0.0,1.2108285764435711,0.0,1.0407173255375075,1.0,1.4285714285714286
0.0,1.040633807048338,0.0,1.0875698803383242,0.0,1.2286762071555508,0.0,1.2863334613153024,0.0,1.0522409649358189,1.0,1.4285714285714286
0.0,1.074485150016611,0.0,1.0903818306962116,0.0,1.2635698146612502,0.0,1.301239433683688,0.0,1.0626241909229397,1.0,1.4285714285714286
0.0,0.998091165076303,0.0,0.986542203236876,0.0,1.1772114409900485,0.0,1.176392875749066,0.0,0.9884496420441734,1.0,1.4285714285714286
0.0,1.0330162277118626,0.0,1.0236315313050046,0.0,1.2148802123139424,0.0,1.1992300317909612,0.0,1.0167927674727697,1.0,1.4285714285714286
0.0,1.0155110893937611,0.0,1.0052144092397783,0.0,1.1900468330313163,0.0,1.2035249878250949,0.0,0.99650988593818,1.0,1.4285714285714286
0.0,1.060433660286213,0.0,1.0541489569545086,0.0,1.2516807417808955,0.0,1.248998848858088,0.0,1.029977046828033,1.0,1.4285714285714286
0.0,1.0850954544102194,0.0,1.0531395113139623,0.0,1.2796357048892355,0.0,1.2260784031780865,0.0,1.0506269371130597,1.0,1.4285714285714286
0.0,1.0436942325347662,0.0,1.0667085801537797,0.0,1.2314495019207106,0.0,1.2591282803104027,0.0,1.0320484516909596,1.0,1.4285714285714286
0.0,1.0347486669339083,0.0,1.0383040580127023,0.0,1.2142989015211103,0.0,1.21442435400696,0.0,1.049947179174852,1.0,1.4285714285714286
0.0,1.0732580298903358,0.0,1.0596092097632872,0.0,1.2655229188268522,0.0,1.2834040855985496,0.0,1.0501293835915535,1.0,1.4285714285714286
0.0,1.0363365195041288,0.0,1.018784339306938,0.0,1.2240353482496915,0.0,1.216708745911148,0.0,1.0163298812986976,1.0,1.4285714285714286
0.0,0.9839653393222924,0.0,1.02764053709207,0.0,1.1586478784037657,0.0,1.2045449141526663,0.0,1.0058897726188476,1.0,1.4285714285714286
0.0,1.134440295473874,0.0,1.1266386637756962,0.0,1.3382067535660038,0.0,1.3180796094828062,0.0,1.0883562800195752,1.0,1.4285714285714286
0.0,1.0352653513558392,0.0,1.0751791818392045,0.0,1.2204498706525289,0.0,1.2951732258389412,0.0,1.0210438104281463,1.0,1.4285714285714286
0.0,1.0226566093928304,0.0,1.0794120394651274,0.0,1.2054825071830215,0.0,1.286531037596854,0.0,1.028162859349374,1.0,1.4285714285714286
0.0,1.0136661341804256,0.0,1.0255101429330884,0.0,1.188511394005601,0.0,1.2200956133172538,0.0,1.0171856073799224,1.0,1.4285714285714286
0.0,0.997325594579816,0.0,1.0415522361609053,0.0,1.1763444719742109,0.0,1.2344436696504697,0.0,1.0351403307477005,1.0,1.4285714285714286
0.0,1.0094311769986315,0.0,1.0086663670109106,0.0,1.1884645666048026,0.0,1.2166209250870723,0.0,1.0031496871556618,1.0,1.4285714285714286
0.0,1.030177920128085,0.0,1.039210238715568,0.0,1.2152865305108915,0.0,1.234477022356968,0.0,1.0325385169989003,1.0,1.4285714285714286
0.0,1.0302129929836517,0.0,0.986876419640324,0.0,1.2138814334364547,0.0,1.1929707899906652,0.0,1.004531751206467,1.0,1.4285714285714286
0.0,1.0413203722339286,0.0,1.068814683995384,0.0,1.2249870358824464,0.0,1.246462302936004,0.0,1.0352311113613208,1.0,1.4285714285714286
0.0,1.006490270508715,0.0,1.0091580453319526,0.0,1.1851399621828818,0.0,1.1655533013632309,0.0,1.0037887368686675,1.0,1.4285714285714286
0.0,1.037369995539647,0.0,1.035488362354396,0.0,1.2228046964389403,0.0,1.2315460432920349,0.0,1.0352396475401533,1.0,1.4285714285714286
0.0,1.0337873722213091,0.0,1.046048122865279,0.0,1.2147654454636927,0.0,1.2169427569564573,0.0,1.0256385357529385,1.0,1.4285714285714286
0.0,1.0525386980054456,0.0,1.0458594325533446,0.0,1.2434815154845111,0.0,1.2676568980301282,0.0,1.0441238740640335,1.0,1.4285714285714286
0.0,1.0637008323220494,0.0,1.0639047267076718,0.0,1.2561755771337468,0.0,1.270513423675259,0.0,1.0340638995193383,1.0,1.4285714285714286
0.0,1.0710189793454177,0.0,1.0994526518088668,0.0,1.2556584008789144,0.0,1.285095796395691,0.0,1.0403709306050253,1.0,1.4285714285714286
0.0,1.0200195815339823,0.0,1.0034264085154818,0.0,1.1980224907336494,0.0,1.209442512211377,0.0,1.0017857280926012,1.0,1.4285714285714286
0.0,1.0465449446492543,0.0,1.0218828807599003,0.0,1.2288475650603994,0.0,1.2633743178233563,0.0,1.0146476932824229,1.0,1.4285714285714286
0.0,1.052837969131956,0.0,1.022872212596687,0.0,1.2399393108352597,0.0,1.2201808387293525,0.0,1.04430845617464,1.0,1.4285714285714286
0.0,1.009455000162692,0.0,0.9807141267404136,0.0,1.1822284765992588,0.0,1.1909058380713746,0.0,0.996111298080368,1.0,1.4285714285714286
0.0,1.063747404491386,0.0,1.0111736073553492,0.0,1.2526978740678167,0.0,1.1945669020708691,0.0,1.027315588631106,1.0,1.4285714285714286
0.0,1.0468370967076326,0.0,1.0571500192102967,0.0,1.2302680510909612,0.0,1.2570192199414223,0.0,1.0364106286992862,1.0,1.4285714285714286
0.0,1.057418680571019,0.0,1.0562846257976806,0.0,1.2480418386661132,0.0,1.2680054051867546,0.0,1.0482993117726942,1.0,1.4285714285714286
0.0,1.0300751471616194,0.0,1.0793637048347202,0.0,1.214363321341882,0.0,1.2752416058353735,0.0,1.0520953456887183,1.0,1.4285714285714286
0.0,1.0473106646994468,0.0,1.028838396884843,0.0,1.2368297514797453,0.0,1.1971472670988452,0.0,1.0187450833746186,1.0,1.4285714285714286
0.0,1.0451049380316284,0.0,1.0193527480903493,0.0,1.2320333383823028,0.0,1.1774915804371275,0.0,1.0213034680356208,1.0,1.4285714285714286
0.0,1.0645274527372572,0.0,1.024236304098447,0.0,1.2561074019620413,0.0,1.1816665747384458,0.0,1.034278349993093,1.0,1.4285714285714286
0.0,1.0377187846656777,0.0,1.0312512520689725,0.0,1.2195900110607745,0.0,1.2303400375464548,0.0,1.0234423573152274,1.0,1.4285714285714286
0.0,1.0245921613537825,0.0,1.0137955008429844,0.0,1.1949398476388111,0.0,1.207270800616882,0.0,1.0148438298956792,1.0,1.4285714285714286
0.0,1.0323850450357372,0.0,1.0261439277225664,0.0,1.2126736419335369,0.0,1.2285145006657043,0.0,1.0154771807778948,1.0,1.4285714285714286
0.0,1.0340066490762296,0.0,1.0220026034274152,0.0,1.2120916784466775,0.0,1.2155956722348278,0.0,1.016795468918479,1.0,1.4285714285714286
0.0,1.035159597181279,0.0,1.051312431011931,0.0,1.2213550232731143,0.0,1.2589581927546327,0.0,1.0353456629456377,1.0,1.4285714285714286
0.0,1.0325177497461908,0.0,1.0070649092761594,0.0,1.2172160158460563,0.0,1.1791638757851042,0.0,0.9986542509589966,1.0,1.4285714285714286
0.0,0.978987245672422,0.0,1.0062072354702325,0.0,1.1522663103264703,0.0,1.1702315184820808,0.0,0.992598205659537,1.0,1.4285714285714286
0.0,1.0710766562286549,0.0,1.0786220617762468,0.0,1.2648259581665655,0.0,1.2980400897992284,0.0,1.0534298831418225,1.0,1.4285714285714286
0.0,1.0677877177107835,0.0,1.0623090349898177,0.0,1.2579269780515414,0.0,1.26912205367794,0.0,1.05100685063523,1.0,1.4285714285714286
0.0,1.0289509392119185,0.0,1.0274715306494298,0.0,1.2128434332385536,0.0,1.2208202538076585,0.0,1.0026521264083117,1.0,1.4285714285714286
0.0,0.9987573277592348,0.0,0.9989426682513766,0.0,1.1798452375862616,0.0,1.1591651337663853,0.0,1.014536792618676,1.0,1.4285714285714286
0.0,0.986146312824015,0.0,1.0131953525054536,0.0,1.164719919148538,0.0,1.2042836787920816,0.0,0.9999813092651312,1.0,1.4285714285714286
0.0,1.0973685840126777,0.0,1.1497382674293293,0.0,1.29057498485701,0.0,1.352478298344587,0.0,1.09435807317429,1.0,1.4285714285714286
0.0,1.0319094214244693,0.0,1.0107289341389585,0.0,1.215820108349245,0.0,1.2158263702020706,0.0,1.003589447763889,1.0,1.4285714285714286
0.0,1.0029470247617194,0.0,0.9880805233286956,0.0,1.182915899024049,0.0,1.133011424264441,0.0,1.0098643343266935,1.0,1.4285714285714286
0.0,1.0617573391522392,0.0,1.047382499735138,0.0,1.2467442050311652,0.0,1.2530682821614774,0.0,1.0317577575614338,1.0,1.4285714285714286
0.0,1.019677755406785,0.0,1.022840830124208,0.0,1.2018957772058687,0.0,1.20221980000816,0.0,0.9971438029125084,1.0,1.4285714285714286
0.0,1.046663989092275,0.0,1.0703005532768082,0.0,1.2336571688234794,0.0,1.2814478260733737,0.0,1.0488583245231664,1.0,1.4285714285714286
0.0,0.9889709427924472,0.0,1.0422415545662285,0.0,1.165951953481913,0.0,1.232623604139761,0.0,1.0261950326105973,1.0,1.4285714285714286
0.0,1.0251113650508,0.0,1.0059911106979398,0.0,1.2007960572964522,0.0,1.1654337266512098,0.0,1.000544621707438,1.0,1.4285714285714286
0.0,0.9908168429748736,0.0,1.0087236544036229,0.0,1.1622142597484968,0.0,1.2000274630869934,0.0,0.9828543609935656,1.0,1.4285714285714286
0.0,1.047004076721212,0.0,1.0485637146126718,0.0,1.2346823431350336,0.0,1.2204125813987587,0.0,1.02199411867669,1.0,1.4285714285714286
0.0,1.0048358474952206,0.0,1.0210430969415885,0.0,1.1723882258596383,0.0,1.2068533003046518,0.0,0.99081618227957,1.0,1.4285714285714286
0.0,1.0826943662663775,0.0,1.0788501864142348,0.0,1.2703881066053002,0.0,1.2804138411190011,0.0,1.0661492777299628,1.0,1.4285714285714286
0.0,1.04995970453733,0.0,1.0420421314799289,0.0,1.2395880956054692,0.0,1.208194623743374,0.0,1.0400275631050817,1.0,1.4285714285714286
0.0,1.0468033440905211,0.0,1.0650393743696136,0.0,1.2298693596278183,0.0,1.2344770017496915,0.0,1.0379132321151183,1.0,1.4285714285714286
0.0,1.0023701936446894,0.0,1.027244165055791,0.0,1.1780216126379448,0.0,1.1804384948761637,0.0,1.0187619165797472,1.0,1.4285714285714286
0.0,1.0377761281975035,0.0,1.0098648472591552,0.0,1.2215796986915897,0.0,1.2013432043800072,0.0,1.024183684231324,1.0,1.4285714285714286
0.0,1.0563349566241698,0.0,1.0705064378402476,0.0,1.242163982488788,0.0,1.2715194029270325,0.0,1.040925252519214,1.0,1.4285714285714286
0.0,1.002773193863007,0.0,0.9907089672128906,0.0,1.1815425605573686,0.0,1.193709070703689,0.0,0.9837853931553212,1.0,1.4285714285714286
0.0,1.0144308599972378,0.0,1.0281679848380307,0.0,1.1935089179031808,0.0,1.2243557484486838,0.0,0.9959164011334156,1.0,1.4285714285714286
0.0,0.9672253957313526,0.0,0.9787401986275304,0.0,1.1365741745406033,0.0,1.1518797616798626,0.0,0.9744682624795572,1.0,1.4285714285714286
0.0,1.0220333784416813,0.0,1.0066428684940505,0.0,1.20657746074861,0.0,1.182054531855518,0.0,1.0115563010615352,1.0,1.4285714285714286
0.0,1.0519953308129628,0.0,1.0214161423403794,0.0,1.2381528283895091,0.0,1.242724469455822,0.0,1.0344322220458309,1.0,1.4285714285714286
0.0,1.0777623183988707,0.0,1.0799935816689343,0.0,1.2631877049084088,0.0,1.2656178941476768,0.0,1.049328749655646,1.0,1.4285714285714286
0.0,1.0507124614729495,0.0,1.0654826230050618,0.0,1.2404434937660571,0.0,1.2189014542987615,0.0,1.0519179143342088,1.0,1.4285714285714286
0.0,1.0134267215798127,0.0,1.0045158779101264,0.0,1.1962527494892397,0.0,1.1892649793163552,0.0,0.9971195540828968,1.0,1.4285714285714286
0.0,1.0018491538899132,0.0,0.9838896015012828,0.0,1.1823441156879315,0.0,1.167380298771444,0.0,1.000449633010953,1.0,1.4285714285714286
0.0,1.0440032289499366,0.0,1.050239965824325,0.0,1.2292727902893357,0.0,1.2353145733012356,0.0,1.026963019835426,1.0,1.4285714285714286
0.0,1.016006363058349,0.0,1.0353038692684038,0.0,1.1955583824491416,0.0,1.2117500350497437,0.0,1.0119321842877729,1.0,1.4285714285714286
0.0,1.0531868701760438,0.0,1.0454744874282016,0.0,1.2404629594576213,0.0,1.239675246248871,0.0,1.0355304774691054,1.0,1.4285714285714286
0.0,1.105821866494909,0.0,1.0988257196925717,0.0,1.3022375519634202,0.0,1.296167961622663,0.0,1.0681441114599315,1.0,1.4285714285714286
0.0,1.0823939395667328,0.0,1.0792150633868065,0.0,1.2686765907764292,0.0,1.2738988217240357,0.0,1.050354649267071,1.0,1.4285714285714286
0.0,1.0056057776460676,0.0,0.9787633537329424,0.0,1.1823450425764015,0.0,1.172520874107341,0.0,0.995594525441056,1.0,1.4285714285714286
0.0,0.9831273002260656,0.0,0.999914798960714,0.0,1.158864100835791,0.0,1.1827308959032203,0.0,1.014892000817537,1.0,1.4285714285714286
0.0,0.985204235152397,0.0,0.9796500659198722,0.0,1.1597837513065443,0.0,1.1481489374160077,0.0,0.9759575782056424,1.0,1.4285714285714286
0.0,1.055943158061753,0.0,1.020310470234825,0.0,1.2457145224593316,0.0,1.2285619310465017,0.0,1.0121529306779764,1.0,1.4285714285714286
0.0,1.0956026191014312,0.0,1.039025973699401,0.0,1.2929728636285418,0.0,1.2461854405180854,0.0,1.038721104583013,1.0,1.4285714285714286
0.0,1.0767499370933824,0.0,1.0507853956327218,0.0,1.2705312805435516,0.0,1.2418761962869889,0.0,1.0476959946359643,1.0,1.4285714285714286
0.0,0.9972339441281858,0.0,1.0482768870723846,0.0,1.169601086659278,0.0,1.233295696733224,0.0,0.9987482577776434,1.0,1.4285714285714286
0.0,0.9876354384168108,0.0,1.001707016650757,0.0,1.16338782329641,0.0,1.184612406458497,0.0,0.9970706558379112,1.0,1.4285714285714286
0.0,1.0567197060144784,0.0,1.0461376531942737,0.0,1.245930533489546,0.0,1.231242396984387,0.0,1.0480008566897532,1.0,1.4285714285714286
0.0,1.0637991438837784,0.0,1.0589410474395944,0.0,1.2546390686268167,0.0,1.2381635136247704,0.0,1.0405390556721463,1.0,1.4285714285714286
0.0,0.9867215047711694,0.0,1.0220474713133745,0.0,1.1582614985845858,0.0,1.187447512081794,0.0,0.9928252417959632,1.0,1.4285714285714286
0.0,1.0762043137001158,0.0,1.0526704982047532,0.0,1.270144217525466,0.0,1.230230477908939,0.0,1.043404860930694,1.0,1.4285714285714286
0.0,1.0359305582839813,0.0,1.067378839789226,0.0,1.218403970621018,0.0,1.2870921912935238,0.0,1.03228689908086,1.0,1.4285714285714286
0.0,1.016958813862442,0.0,1.040484727484733,0.0,1.2005556050797643,0.0,1.2138179275150682,0.0,1.004715499933662,1.0,1.4285714285714286
0.0,1.0171669950617026,0.0,1.044592678236338,0.0,1.1980268235043208,0.0,1.2382787986340056,0.0,1.013649089748904,1.0,1.4285714285714286
0.0,1.0482075542514775,0.0,1.046732506359511,0.0,1.2304488324044494,0.0,1.227207360080982,0.0,1.0305635174815293,1.0,1.4285714285714286
0.0,1.0085474462194042,0.0,1.032980020843748,0.0,1.187743826512435,0.0,1.2272281345673255,0.0,1.0277851388789612,1.0,1.4285714285714286
0.0,1.0244237555645854,0.0,1.0703582284119642,0.0,1.2102579064339276,0.0,1.27429369657262,0.0,1.0349115992135394,1.0,1.4285714285714286
0.0,1.0165260704523311,0.0,1.0222487998325185,0.0,1.1928926336182786,0.0,1.1980483008170402,0.0,1.0319015119287986,1.0,1.4285714285714286
0.0,1.080911904915431,0.0,1.073783801814799,0.0,1.2684260368508573,0.0,1.2612658744704148,0.0,1.0606005868954187,1.0,1.4285714285714286
0.0,0.9724009914771268,0.0,0.9864035676115428,0.0,1.1446581194274943,0.0,1.1812158557059358,0.0,0.9887636783580486,1.0,1.4285714285714286
0.0,1.0625687587868753,0.0,1.0550709891871877,0.0,1.2515975412073956,0.0,1.255788919685802,0.0,1.0324960157511998,1.0,1.4285714285714286
0.0,0.9629458445890724,0.0,0.9732416615713448,0.0,1.1337770308432036,0.0,1.1427034898568056,0.0,0.9509409235045868,1.0,1.4285714285714286
0.0,1.0217810178003464,0.0,1.0514866438963448,0.0,1.2057210388106752,0.0,1.241340735335881,0.0,1.0066783330637252,1.0,1.4285714285714286
0.0,1.1035688332911282,0.0,1.0812377054592943,0.0,1.3005776941533684,0.0,1.2747875706248228,0.0,1.0541727993339236,1.0,1.4285714285714286
0.0,1.066756642755924,0.0,1.050585238603462,0.0,1.258466586852499,0.0,1.2249387723905,0.0,1.0390928767375436,1.0,1.4285714285714286
0.0,1.036579376083084,0.0,1.038143873283703,0.0,1.2230341918414334,0.0,1.2500787684780803,0.0,1.03001078648972,1.0,1.4285714285714286
0.0,1.0198438165913608,0.0,1.0052950144976172,0.0,1.2010770526541463,0.0,1.198593523337489,0.0,1.0000880181999785,1.0,1.4285714285714286
0.0,1.0536644878529604,0.0,1.0580601559878564,0.0,1.2445935754693682,0.0,1.2532617181316883,0.0,1.0373362516843432,1.0,1.4285714285714286
0.0,1.0052640330471097,0.0,1.007707433632567,0.0,1.1817625844656932,0.0,1.2263675297792582,0.0,0.9942765630088994,1.0,1.4285714285714286
0.0,1.0576778450500806,0.0,1.041863877765071,0.0,1.245222088862924,0.0,1.2242083379838888,0.0,1.0309881303641837,1.0,1.4285714285714286
0.0,1.0139292332115637,0.0,1.028279518447462,0.0,1.1918606818229878,0.0,1.239596694974912,0.0,1.001773662721173,1.0,1.4285714285714286
0.0,1.072281239101491,0.0,1.0378451048774575,0.0,1.257919144584555,0.0,1.2296239856421998,0.0,1.0264819368976217,1.0,1.4285714285714286
0.0,1.0483520934252042,0.0,1.0464949617612591,0.0,1.229867977293891,0.0,1.246522029601966,0.0,1.0140037554644978,1.0,1.4285714285714286
0.0,1.076806398746518,0.0,1.046208303541382,0.0,1.2689821138997484,0.0,1.2223816730113846,0.0,1.0380357459265572,1.0,1.4285714285714286
0.0,0.989144616175836,0.0,1.0017638012269592,0.0,1.159917046936041,0.0,1.170825557078106,0.0,0.9874430878988216,1.0,1.4285714285714286
0.0,1.012565857398114,0.0,0.9944477394156456,0.0,1.1911293635828213,0.0,1.2051432264484414,0.0,0.999540976831468,1.0,1.4285714285714286
0.0,1.037518724418712,0.0,1.0570585715313874,0.0,1.214178862683876,0.0,1.258711479715173,0.0,1.0184050997945957,1.0,1.4285714285714286
0.0,0.9874662915247416,0.0,1.002898321364776,0.0,1.159289050632057,0.0,1.1785364085590555,0.0,0.9846114677171084,1.0,1.4285714285714286
0.0,1.0875131750667102,0.0,1.0764232225508694,0.0,1.2819886949393955,0.0,1.236392188349262,0.0,1.0672040242364422,1.0,1.4285714285714286
0.0,1.0803047180680556,0.0,1.0740006548447731,0.0,1.2662982841454695,0.0,1.243911433532282,0.0,1.047679299160989,1.0,1.4285714285714286
0.0,1.0369394327439858,0.0,1.0390053937614447,0.0,1.2242183562186923,0.0,1.2306565775569187,0.0,1.0179103361979005,1.0,1.4285714285714286
0.0,1.0640317193455475,0.0,1.08602277304876,0.0,1.2532028803256043,0.0,1.2980605776816587,0.0,1.044405348919894,1.0,1.4285714285714286
0.0,1.1134256853184514,0.0,1.0981505219080916,0.0,1.303096349081239,0.0,1.3234094827521043,0.0,1.0754909488384397,1.0,1.4285714285714286
0.0,1.0687391385339082,0.0,1.0436015945692847,0.0,1.2605611362099522,0.0,1.2533263471556404,0.0,1.0575284230970363,1.0,1.4285714285714286
0.0,1.0361225396050977,0.0,1.0523876750661414,0.0,1.222699093671687,0.0,1.231091969623525,0.0,1.0228689550059789,1.0,1.4285714285714286
0.0,1.0450794613463337,0.0,1.0476689148360532,0.0,1.230543571432438,0.0,1.2356210298291646,0.0,1.0337138253654723,1.0,1.4285714285714286
0.0,1.0765913514867227,0.0,1.0205889767539231,0.0,1.2696774753856876,0.0,1.2158114973524805,0.0,1.0548528375892336,1.0,1.4285714285714286
0.0,1.0379548688060352,0.0,1.04641454639297,0.0,1.2208798776223255,0.0,1.2227769256600254,0.0,1.034426323100626,1.0,1.4285714285714286
0.0,1.0240212968238087,0.0,1.0487692674324072,0.0,1.2086881079237186,0.0,1.2403013711280166,0.0,1.0100965444510317,1.0,1.4285714285714286
0.0,1.0162585671977715,0.0,1.0146215769914904,0.0,1.198807215590645,0.0,1.184517677832374,0.0,0.9946844131274571,1.0,1.4285714285714286
0.0,1.0270413240201448,0.0,1.0278367589378437,0.0,1.203252527729319,0.0,1.2392487225523547,0.0,0.9970457987709904,1.0,1.4285714285714286
0.0,1.036654626972654,0.0,1.050893661199385,0.0,1.219455782821495,0.0,1.253801303349196,0.0,1.021041243919237,1.0,1.4285714285714286
0.0,1.0393898629900498,0.0,1.0581145786680792,0.0,1.2243898943920508,0.0,1.254385981262336,0.0,1.0148100841940713,1.0,1.4285714285714286
0.0,1.1056187195498592,0.0,1.0569802011992775,0.0,1.3020881248498573,0.0,1.2996009188650184,0.0,1.0472045027880412,1.0,1.4285714285714286
0.0,1.062105241671459,0.0,1.038756360785683,0.0,1.242768761490733,0.0,1.226119957636746,0.0,1.028075929913802,1.0,1.4285714285714286
0.0,1.0551187280857364,0.0,1.0464584516407571,0.0,1.2449052387885853,0.0,1.2202959042041934,0.0,1.0431546920978405,1.0,1.4285714285714286
0.0,1.0353576201289778,0.0,1.032294028104766,0.0,1.2156802433624323,0.0,1.203779692318817,0.0,1.0295968561782975,1.0,1.4285714285714286
0.0,1.0334326538487408,0.0,1.0231796641954387,0.0,1.2159790615787407,0.0,1.2215177313272885,0.0,1.023351337787802,1.0,1.4285714285714286
0.0,1.0462618729133035,0.0,1.0760795779888146,0.0,1.233662654576812,0.0,1.27446820724375,0.0,1.0637727641424823,1.0,1.4285714285714286
0.0,1.0444623249273688,0.0,1.0603219856404238,0.0,1.232183617644672,0.0,1.2340687292755563,0.0,1.0519191033373985,1.0,1.4285714285714286
0.0,1.042796833928065,0.0,1.0351753289011971,0.0,1.2262927216873865,0.0,1.246830467117514,0.0,1.0499443416108472,1.0,1.4285714285714286
0.0,1.086938476456822,0.0,1.0618690709021406,0.0,1.2811001757745912,0.0,1.266528743599656,0.0,1.054892075965567,1.0,1.4285714285714286
0.0,1.022221317764494,0.0,1.02269035539316,0.0,1.2044758664502542,0.0,1.1899942045297311,0.0,1.0130525544677096,1.0,1.4285714285714286
0.0,1.0206822554531882,0.0,1.0318016457985295,0.0,1.2033557033347098,0.0,1.2219592670009538,0.0,1.0203754176947386,1.0,1.4285714285714286
0.0,1.044292405604888,0.0,1.0163800845343278,0.0,1.233127138315537,0.0,1.2088038069989169,0.0,1.0251554839609376,1.0,1.4285714285714286
0.0,1.02360802883764,0.0,1.0134252825230634,0.0,1.2038752401586907,0.0,1.2110302512067226,0.0,1.017778509960148,1.0,1.4285714285714286
0.0,1.017760184686905,0.0,0.9920870355615288,0.0,1.2004734696433186,0.0,1.1835529368644295,0.0,0.9913073790797128,1.0,1.4285714285714286
0.0,1.0250037557363596,0.0,1.014959677305799,0.0,1.2080707619882136,0.0,1.1995300785919878,0.0,1.011347765493208,1.0,1.4285714285714286
0.0,1.0420975876714142,0.0,1.0721533557709584,0.0,1.2290823576942171,0.0,1.2950845031135816,0.0,1.0478257879625732,1.0,1.4285714285714286
0.0,1.1019576874320849,0.0,1.0742103955357576,0.0,1.2953623543855826,0.0,1.235967813924011,0.0,1.0530694134711267,1.0,1.4285714285714286
0.0,1.097832524138174,0.0,1.1254847573115072,0.0,1.2876277611986555,0.0,1.3496679966862477,0.0,1.0896100298564029,1.0,1.4285714285714286
0.0,1.0069113532735443,0.0,1.0095125068421722,0.0,1.1821961499976787,0.0,1.1994916486966185,0.0,1.008506233653715,1.0,1.4285714285714286
0.0,1.1038624130911625,0.0,1.073954474523778,0.0,1.3028877605514002,0.0,1.2605353237576904,0.0,1.0546957912926092,1.0,1.4285714285714286
0.0,1.0588759976255522,0.0,1.0530331471006311,0.0,1.24361998775348,0.0,1.264936471617593,0.0,1.0520260234171448,1.0,1.4285714285714286
0.0,1.0340388158114258,0.0,1.0220162761314175,0.0,1.2194708359098894,0.0,1.2212347833502035,0.0,1.009035994114327,1.0,1.4285714285714286
0.0,1.0402309231111877,0.0,1.026819720615619,0.0,1.2278892176362255,0.0,1.2084818490629758,0.0,1.014066633636496,1.0,1.4285714285714286
0.0,1.0136486019842723,0.0,0.9968154319125304,0.0,1.192269330240235,0.0,1.217575654189031,0.0,0.9890368684070784,1.0,1.4285714285714286
0.0,1.0991450819596076,0.0,1.0864834588842534,0.0,1.2968956017369782,0.0,1.2764108147116768,0.0,1.0689919706545938,1.0,1.4285714285714286
0.0,1.0251014176169078,0.0,1.022377320758869,0.0,1.2087747350455988,0.0,1.1925241223176508,0.0,1.0250082263957911,1.0,1.4285714285714286
0.0,1.048198524122823,0.0,1.049494306574304,0.0,1.2339810804773232,0.0,1.2210006748575184,0.0,1.0346437965224915,1.0,1.4285714285714286
0.0,1.0181222844484377,0.0,1.032398237349751,0.0,1.201332127855181,0.0,1.1955552804392109,0.0,1.0206067547102968,1.0,1.4285714285714286
0.0,1.0496880911263635,0.0,1.0913259725704094,0.0,1.2357116719676815,0.0,1.3086091649399982,0.0,1.0514116993075302,1.0,1.4285714285714286
0.0,1.0169343359518157,0.0,1.0254985389208315,0.0,1.2005271442059842,0.0,1.218435969388511,0.0,0.9948286307200244,1.0,1.4285714285714286
0.0,1.0358307389662296,0.0,1.0534444111014287,0.0,1.2188424546874623,0.0,1.2694590965860824,0.0,1.0287807371543711,1.0,1.4285714285714286
0.0,1.0886274166562886,0.0,1.0762054716544498,0.0,1.2807870886198498,0.0,1.2802282470673514,0.0,1.0685626790746878,1.0,1.4285714285714286
0.0,1.0540083287224378,0.0,1.035574053070477,0.0,1.2405504814061887,0.0,1.214729017402236,0.0,1.0268750097541288,1.0,1.4285714285714286
0.0,1.0197174120216883,0.0,1.0047146003672611,0.0,1.200620978343682,0.0,1.1870897860711769,0.0,0.9944756347350598,1.0,1.4285714285714286
0.0,1.0347975979250934,0.0,1.0361501954057082,0.0,1.2196633390852152,0.0,1.2391637849524817,0.0,1.0363758889683,1.0,1.4285714285714286
0.0,1.007370932121787,0.0,1.0323572965059973,0.0,1.1876518170612944,0.0,1.249161093218052,0.0,1.0058389222101438,1.0,1.4285714285714286
0.0,1.0093197166758552,0.0,1.0355668242407767,0.0,1.1920916007271043,0.0,1.233003980347819,0.0,1.0040862387934526,1.0,1.4285714285714286
0.0,1.081012997036268,0.0,1.1074021981082487,0.0,1.2734402902186102,0.0,1.2812319779272003,0.0,1.078001434586117,1.0,1.4285714285714286
0.0,1.0257882220748131,0.0,1.033868509518037,0.0,1.207288697889015,0.0,1.235152274035783,0.0,1.026724476460383,1.0,1.4285714285714286
0.0,1.0281633259395708,0.0,1.022269404666837,0.0,1.2098867448881854,0.0,1.1827220993229284,0.0,1.0128199515420162,1.0,1.4285714285714286
0.0,1.0117419642108896,0.0,1.0365811503794438,0.0,1.1898559432573357,0.0,1.2643362899799508,0.0,1.016657090310808,1.0,1.4285714285714286
0.0,1.0612302658263024,0.0,1.0464571475891589,0.0,1.2480568827566985,0.0,1.22403723371825,0.0,1.0207495591161744,1.0,1.4285714285714286
0.0,1.0349459440465467,0.0,1.0039286851966327,0.0,1.2210687786109018,0.0,1.1771540912596177,0.0,1.0168986287763473,1.0,1.4285714285714286
0.0,1.0679723976032225,0.0,1.0376124481543896,0.0,1.2566519271721823,0.0,1.2628393202603798,0.0,1.031491625782866,1.0,1.4285714285714286
0.0,0.9989655358466754,0.0,0.9901163677348797,0.0,1.1731391049794635,0.0,1.1785348449789357,0.0,0.986089397776532,1.0,1.4285714285714286
0.0,1.0429177140696284,0.0,1.0569965830633834,0.0,1.231195778861327,0.0,1.2474434989621794,0.0,1.0437545804357096,1.0,1.4285714285714286
0.0,1.068023382927556,0.0,1.0713806749036543,0.0,1.2523977500699948,0.0,1.284224066639666,0.0,1.0642983279699574,1.0,1.4285714285714286
0.0,1.0386679080312713,0.0,1.0095336576491556,0.0,1.2228665824975469,0.0,1.2254402038783834,0.0,1.015645134225038,1.0,1.4285714285714286
0.0,1.0341488857695351,0.0,1.0509177453376746,0.0,1.2180288729752964,0.0,1.2564536425336024,0.0,1.0292383104848035,1.0,1.4285714285714286
0.0,1.0364697199870665,0.0,1.049224810004747,0.0,1.2198533736559545,0.0,1.2423623347407984,0.0,1.0340792013227835,1.0,1.4285714285714286
0.0,1.0378779918293306,0.0,1.033596079027825,0.0,1.2228950379905408,0.0,1.194928209178993,0.0,1.0182283549349966,1.0,1.4285714285714286
0.0,1.0229852531299215,0.0,1.027784366965238,0.0,1.207334529247828,0.0,1.2070188282261358,0.0,1.0108280078401186,1.0,1.4285714285714286
0.0,1.0928250408528135,0.0,1.0665967289118137,0.0,1.28374911497667,0.0,1.2508842507579472,0.0,1.0617558890411083,1.0,1.4285714285714286
0.0,0.9863137157050696,0.0,0.9776609922144416,0.0,1.1639079522248836,0.0,1.174278989712494,0.0,0.9849712239934444,1.0,1.4285714285714286
0.0,1.0508467443104872,0.0,1.0846964284950589,0.0,1.2344973800146737,0.0,1.2803915448294658,0.0,1.0619683544466023,1.0,1.4285714285714286
0.0,1.0050528639197274,0.0,1.0116086579271408,0.0,1.1846199405044455,0.0,1.205268974719004,0.0,1.0074668331715952,1.0,1.4285714285714286
0.0,0.9951498439782808,0.0,1.0489168446380244,0.0,1.171120498254648,0.0,1.2498559412690815,0.0,1.0084430129830149,1.0,1.4285714285714286
0.0,1.0298934669054656,0.0,1.0367196382554502,0.0,1.208880459508333,0.0,1.2203616172184577,0.0,1.012565602773326,1.0,1.4285714285714286
0.0,1.066633079647342,0.0,1.0661113004676237,0.0,1.2582985247353862,0.0,1.2617378399250667,0.0,1.0377499402257282,1.0,1.4285714285714286
0.0,0.9651783831413436,0.0,0.9626534937746168,0.0,1.137467433913747,0.0,1.167242257837686,0.0,0.9622232251707592,1.0,1.4285714285714286
0.0,1.046986692304548,0.0,1.0974673739831171,0.0,1.236285989149955,0.0,1.3277181300352154,0.0,1.0344147048242147,1.0,1.4285714285714286
0.0,0.991212664385068,0.0,1.0388075838671158,0.0,1.1721893541666608,0.0,1.2177689007835708,0.0,1.017352709589704,1.0,1.4285714285714286
0.0,1.089177565165523,0.0,1.0485445378109288,0.0,1.28037067262642,0.0,1.2841847162870303,0.0,1.0389796647956338,1.0,1.4285714285714286
0.0,1.0563425093567067,0.0,1.044614557566075,0.0,1.2401594931481132,0.0,1.218914146788895,0.0,1.051422837400293,1.0,1.4285714285714286
0.0,1.056755275412171,0.0,1.0523666090213677,0.0,1.24584727664017,0.0,1.2315176284724836,0.0,1.0439114142044892,1.0,1.4285714285714286
0.0,0.9982664687904256,0.0,1.0049644032921097,0.0,1.1780579866470346,0.0,1.152264519696543,0.0,1.009629604978588,1.0,1.4285714285714286
0.0,1.0400791760338994,0.0,1.0270762416557822,0.0,1.2260452557067762,0.0,1.1819534645505778,0.0,1.020786270944829,1.0,1.4285714285714286
0.0,1.028568967749166,0.0,1.010817509187084,0.0,1.21114121504465,0.0,1.1844860084193611,0.0,1.007752634622419,1.0,1.4285714285714286
0.0,1.0544387265990462,0.0,1.0466745870993797,0.0,1.2388660822535689,0.0,1.213607867437364,0.0,1.027256176218107,1.0,1.4285714285714286
0.0,1.0533076390272949,0.0,1.060554469669695,0.0,1.2409013548602026,0.0,1.2392757061622424,0.0,1.049073910694012,1.0,1.4285714285714286
0.0,1.0350732036771422,0.0,1.024937659254408,0.0,1.2183254826409031,0.0,1.2193591783272557,0.0,1.023727403865799,1.0,1.4285714285714286
0.0,1.053010439894585,0.0,1.058840460971842,0.0,1.2403821198950225,0.0,1.2665491336988184,0.0,1.051311314721993,1.0,1.4285714285714286
0.0,1.0332785952825212,0.0,1.0256176550437617,0.0,1.2128219056997354,0.0,1.185999962787193,0.0,1.0102808752937456,1.0,1.4285714285714286
0.0,1.0010481738698371,0.0,0.9942619896050772,0.0,1.1778309775529956,0.0,1.173462714243522,0.0,0.992016852800702,1.0,1.4285714285714286
0.0,1.0582230563249686,0.0,1.0371164821222367,0.0,1.2498371866830098,0.0,1.2466717257515123,0.0,1.0295665835803245,1.0,1.4285714285714286
0.0,1.0356952305259433,0.0,1.0491234203324322,0.0,1.213445800394758,0.0,1.2521695591811728,0.0,1.034143254715884,1.0,1.4285714285714286
0.0,1.083484920448197,0.0,1.0843970882517675,0.0,1.276486359879071,0.0,1.3088544316786046,0.0,1.0651410565894996,1.0,1.4285714285714286
0.0,1.0898377661787484,0.0,1.1165069625178117,0.0,1.283474659252539,0.0,1.2954865868715764,0.0,1.0636085723195778,1.0,1.4285714285714286
0.0,1.0329342680738511,0.0,1.0386492246024284,0.0,1.2180175220719534,0.0,1.237057686770238,0.0,1.0192355745136148,1.0,1.4285714285714286
0.0,1.0260977427235831,0.0,1.0577475021127885,0.0,1.2105364890226065,0.0,1.2343757523002363,0.0,1.0341724676594226,1.0,1.4285714285714286
0.0,1.0852606945680645,0.0,1.1016316832334812,0.0,1.272378000212102,0.0,1.2905604571832472,0.0,1.0505554611305528,1.0,1.4285714285714286
0.0,1.046621636182234,0.0,1.0570845574616474,0.0,1.232767004857955,0.0,1.24344088310445,0.0,1.0256310878527763,1.0,1.4285714285714286
0.0,1.0278968077252486,0.0,1.0451393768260842,0.0,1.2108645540528602,0.0,1.2439067872334657,0.0,1.0355971917363698,1.0,1.4285714285714286
0.0,1.0372788176288747,0.0,1.0350290922895409,0.0,1.224922221337162,-0.0034328228801139,1.2386710337077236,0.0,1.0368930296963204,1.0,1.4285714285714286
0.0,1.02145094545292,0.0,1.0638473069794228,0.0,1.2059891317720035,0.0,1.2435512543821488,0.0,1.0270151576597382,1.0,1.4285714285714286
0.0,1.045511681307042,0.0,1.0571015735621736,0.0,1.2310702513607914,0.0,1.2424999064397386,0.0,1.0456642877606923,1.0,1.4285714285714286
0.0,0.9939073272329516,0.0,1.0100627721483368,0.0,1.1728078751515192,0.0,1.1739783647058448,0.0,0.9664937407065286,1.0,1.4285714285714286
0.0,0.9727668061187013,0.0,0.959440188592304,0.0,1.1468806355245234,0.0,1.1086307390666177,0.0,0.9729649994368438,1.0,1.4285714285714286
0.0,1.0145456434069038,0.0,1.0110081440627483,0.0,1.192707530142408,0.0,1.2093980705243292,0.0,0.9899147186174164,1.0,1.4285714285714286
0.0,1.055918514060996,0.0,1.0520895336727982,0.0,1.2450145651871087,0.0,1.2409829229675118,0.0,1.041760795227776,1.0,1.4285714285714286
0.0,1.01284915705491,0.0,1.0046926058758343,0.0,1.1866522355818436,0.0,1.1806643946817477,0.0,1.0058090812832678,1.0,1.4285714285714286
0.0,1.019479410696315,0.0,0.9586476827770912,0.0,1.1994511942305324,0.0,1.134088409966735,0.0,0.9878292069699686,1.0,1.4285714285714286
0.0,1.010725862030709,0.0,1.0100472025334355,0.0,1.188700655104265,0.0,1.1905541348273023,0.0,1.0071810200727076,1.0,1.4285714285714286
0.0,1.0122563193450325,0.0,1.0354424619724143,0.0,1.1944173671413914,0.0,1.2347418182862624,0.0,1.0167014164156285,1.0,1.4285714285714286
0.0,1.0568363674547363,0.0,1.0876325174370831,0.0,1.246008988322382,0.0,1.2713831000109563,0.0,1.0552065642193638,1.0,1.4285714285714286
0.0,1.0425646723568232,0.0,1.0072113318203328,0.0,1.230449248908298,0.0,1.1836744689077032,0.0,1.0200974470294846,1.0,1.4285714285714286
0.0,1.040866829289114,0.0,1.0396090067626602,0.0,1.226085562092295,0.0,1.2518027642042402,0.0,1.0272462474277173,1.0,1.4285714285714286
0.0,1.0714263439492169,0.0,1.048313724302209,0.0,1.2587598402387206,0.0,1.249698235647139,0.0,1.0407063931749392,1.0,1.4285714285714286
0.0,0.9950319003151832,0.0,1.029433550548349,0.0,1.1720526061764496,0.0,1.192759812419247,0.0,1.000275991286684,1.0,1.4285714285714286
0.0,1.0626653024269952,0.0,1.0227371583514593,0.0,1.2449748584895597,0.0,1.21778329468599,0.0,1.0163486998385598,1.0,1.4285714285714286
0.0,1.0158001329541388,0.0,1.0039012568160264,0.0,1.192099950492427,0.0,1.209402937715485,0.0,0.9940885120727252,1.0,1.4285714285714286
0.0,1.0429896687472355,0.0,1.0394055020110382,0.0,1.2295792347524388,0.0,1.2279052180785175,0.0,1.0410859407754391,1.0,1.4285714285714286
0.0,1.092889145704298,0.0,1.133133513754634,0.0,1.2894108092820848,0.0,1.3494001036800962,0.0,1.0892482167278106,1.0,1.4285714285714286
0.0,1.078388952733114,0.0,1.0198466144056697,0.0,1.2666892684864808,0.0,1.2216262408119338,0.0,1.0387319110254594,1.0,1.4285714285714286
0.0,1.043282728944661,0.0,1.0337430458017896,0.0,1.231133035634596,0.0,1.23845444653317,0.0,1.0212728231771273,1.0,1.4285714285714286
0.0,1.029969656696779,0.0,1.0315568856510895,0.0,1.2137713412775115,0.0,1.2557784833920236,0.0,1.030730206004914,1.0,1.4285714285714286
0.0,1.0721585983981063,0.0,1.0667912341191388,0.0,1.2665767645996115,0.0,1.2876560614557906,0.0,1.0423283427531955,1.0,1.4285714285714286
0.0,1.0381780745919156,0.0,1.0300400221243162,0.0,1.2218353794871837,0.0,1.2354539587318711,0.0,1.0288938382937969,1.0,1.4285714285714286
0.0,1.0479999057045235,0.0,1.0289984958194152,0.0,1.2344424187795602,0.0,1.2281275527432691,0.0,1.012865279163734,1.0,1.4285714285714286
0.0,1.0212234250435797,0.0,1.057343859923885,0.0,1.1995348118573317,0.0,1.247075079441949,0.0,1.0304691260146028,1.0,1.4285714285714286
0.0,1.0234730855071354,0.0,1.0185279461294463,0.0,1.2076478155404595,0.0,1.220579665196203,0.0,0.9996250878409308,1.0,1.4285714285714286
0.0,1.0078912727397094,0.0,1.0259212968405462,0.0,1.189579525538495,0.0,1.2297979938169783,0.0,0.9875792972285626,1.0,1.4285714285714286
0.0,1.0473022487495052,0.0,1.0958142645196614,0.0,1.224095043401437,0.0,1.2841520393463182,0.0,1.0645082909493095,1.0,1.4285714285714286
0.0,1.0367937104949507,0.0,1.0663489015178642,0.0,1.217015933087232,0.0,1.2288577255653146,0.0,1.014644212808439,1.0,1.4285714285714286
0.0,1.042022107625411,0.0,1.073738848493255,0.0,1.230956332561268,0.0,1.295864731588166,0.0,1.04496175904073,1.0,1.4285714285714286
0.0,0.9459671407815178,0.0,0.9717336863362483,0.0,1.1156531438117625,0.0,1.136303465703305,0.0,0.9608777348951704,1.0,1.4285714285714286
0.0,1.0603618644658652,0.0,1.0634569439622612,0.0,1.2485246636084026,0.0,1.2344475692016412,0.0,1.0395503172881044,1.0,1.4285714285714286
0.0,1.0325459980717144,0.0,1.054023802914139,0.0,1.2110021042612389,0.0,1.234296748019636,0.0,1.0298879019624425,1.0,1.4285714285714286
0.0,1.0329378296008955,0.0,1.045824685305655,0.0,1.2143515106498417,0.0,1.2393922225609888,0.0,1.0280375126266663,1.0,1.4285714285714286
0.0,1.0407234999670478,0.0,1.0555219288980726,0.0,1.2251882279705415,0.0,1.2511486342462153,0.0,1.037826018116479,1.0,1.4285714285714286
0.0,1.0269618288699365,0.0,1.0508220374406017,0.0,1.206634093948714,0.0,1.231966664522045,0.0,1.0220932289756628,1.0,1.4285714285714286
0.0,1.0122288043506258,0.0,1.00694737011804,0.0,1.190599722170458,0.0,1.171206410197445,0.0,0.9971076679035228,1.0,1.4285714285714286
0.0,1.0643450751685637,0.0,1.062385113794529,0.0,1.2545453599314234,0.0,1.2375690507662789,0.0,1.052557936243627,1.0,1.4285714285714286
0.0,1.0231824009701942,0.0,1.0110912852723803,0.0,1.2083195219848524,0.0,1.202536240306639,0.0,0.9997107634532468,1.0,1.4285714285714286
0.0,1.0291409643186835,0.0,1.04358356477555,0.0,1.2131660185903914,0.0,1.2357230808023476,0.0,1.0206598783571297,1.0,1.4285714285714286
0.0,1.032736123715538,0.0,1.0088640268880091,0.0,1.214297304338808,0.0,1.2014535571284126,0.0,1.0154278226023783,1.0,1.4285714285714286
0.0,1.0149974873272671,0.0,1.0330504904925908,0.0,1.1923526001119258,0.0,1.2060893213166828,0.0,1.0157988434725664,1.0,1.4285714285714286
0.0,0.9930730811990288,0.0,1.014514817813342,0.0,1.169888363051936,0.0,1.1806518614187782,0.0,1.0084061093639791,1.0,1.4285714285714286
0.0,1.0561072072228772,0.0,1.058101587897159,0.0,1.2402628527084414,0.0,1.2769719798814247,0.0,1.0348416404463534,1.0,1.4285714285714286
0.0,1.0563410474385928,0.0,1.0089238251116697,0.0,1.2443536223689518,0.0,1.1769393931580916,0.0,1.0092039486526987,1.0,1.4285714285714286
0.0,0.9780411364342776,0.0,0.9601672673968318,0.0,1.1541188475362314,0.0,1.1117415984543564,0.0,0.9572369688442518,1.0,1.4285714285714286
0.0,1.0269615787111623,0.0,1.0265685136237426,0.0,1.2134828036662668,0.0,1.2510239499641862,0.0,1.0033440347892593,1.0,1.4285714285714286
0.0,1.027656876571016,0.0,0.9946791398860104,0.0,1.2081220070441547,0.0,1.1621032393623656,0.0,1.00350887683178,1.0,1.4285714285714286
0.0,1.033752484270017,0.0,1.0878460030573602,0.0,1.2202500835507937,0.0,1.2742390720422674,0.0,1.0615311129210068,1.0,1.4285714285714286
0.0,1.036540648657141,0.0,1.011232086507991,0.0,1.217106571727136,0.0,1.2169409284729686,0.0,1.0285004908918132,1.0,1.4285714285714286
0.0,1.0915173598842094,0.0,1.0474781609753216,0.0,1.2815630811966046,0.0,1.2343134273089822,0.0,1.057058107959985,1.0,1.4285714285714286
0.0,1.054905772319349,0.0,1.0407697816017736,0.0,1.2447264331937145,0.0,1.220979538691958,0.0,1.0228297321352018,1.0,1.4285714285714286
0.0,1.0365196085673083,0.0,1.032911455790052,0.0,1.2155787578393848,0.0,1.223653167615551,0.0,1.024025298677807,1.0,1.4285714285714286
0.0,1.0493665364608802,0.0,1.0360391334182242,0.0,1.2378606857724586,0.0,1.2201944634074344,0.0,1.0331898459397266,1.0,1.4285714285714286
0.0,1.0439626284659342,0.0,1.0532382305565986,0.0,1.2275660965343875,0.0,1.2671791942115176,0.0,1.0426375886844277,1.0,1.4285714285714286
0.0,1.079011917910868,0.0,1.0615175310455716,0.0,1.2734507939959263,0.0,1.2530098987873963,0.0,1.0469260970315628,1.0,1.4285714285714286
0.0,1.0560142154407852,0.0,1.029248888054394,0.0,1.239712558581971,0.0,1.2358825037248884,0.0,1.03416756625443,1.0,1.4285714285714286
0.0,1.021192679912969,0.0,1.0502145445193,0.0,1.204366460194653,0.0,1.221901732777826,0.0,1.0160335694806022,1.0,1.4285714285714286
0.0,1.0602177142239748,0.0,0.9964758286931904,0.0,1.2488931830299248,0.0,1.203415536015831,0.0,1.002786737201049,1.0,1.4285714285714286
0.0,1.0087416972874126,0.0,1.0234412353484714,0.0,1.1860482707584974,0.0,1.2059695074016163,0.0,0.9941279728821812,1.0,1.4285714285714286
0.0,0.969894002469528,0.0,0.9559660209775224,0.0,1.1405138898853355,0.0,1.13530953652212,0.0,0.9650611459732096,1.0,1.4285714285714286
0.0,1.034593454109779,0.0,1.0036145088174615,0.0,1.2195574319919047,0.0,1.1991612458986785,0.0,0.9984094191919096,1.0,1.4285714285714286
0.0,1.0588677184449078,0.0,1.0629527000378765,0.0,1.2467117992058692,0.0,1.226490001036175,0.0,1.057603116298572,1.0,1.4285714285714286
0.0,1.0408674663928048,0.0,1.0871615038911018,0.0,1.2221872698935865,0.0,1.238079891368185,0.0,1.0421834385487752,1.0,1.4285714285714286
0.0,1.0206421046751155,0.0,1.032793783685835,0.0,1.1984436232100726,0.0,1.2097625320121137,0.0,1.0356229385698927,1.0,1.4285714285714286
0.0,1.0320101569993756,0.0,1.0683504810319295,0.0,1.2151728443668872,0.0,1.2905879949469832,0.0,1.0316740571650265,1.0,1.4285714285714286
0.0,1.0806334469870384,0.0,1.1013455187064187,0.0,1.2662487528809876,0.0,1.3066918550711986,0.0,1.0777866819489923,1.0,1.4285714285714286
0.0,1.0675111275170652,0.0,1.064206414667331,0.0,1.2522071151308474,0.0,1.231497093976387,0.0,1.0402071643532422,1.0,1.4285714285714286
0.0,1.041438645775414,0.0,1.030177771425959,0.0,1.2204484563794975,0.0,1.209662872448618,0.0,1.0133747015372032,1.0,1.4285714285714286
0.0,1.0705007336986532,0.0,1.058160225208605,0.0,1.2612785766985604,0.0,1.2480251803674631,0.0,1.0475558218420182,1.0,1.4285714285714286
0.0,1.055277361278432,0.0,1.0760434713673055,0.0,1.2433936010386393,0.0,1.2627582939874908,0.0,1.043378455292563,1.0,1.4285714285714286
0.0,1.0545142725645646,0.0,1.0482778032375937,0.0,1.2389791277636648,0.0,1.2309089899697765,0.0,1.0501856979419195,1.0,1.4285714285714286
0.0,0.9866759368420646,0.0,1.035370174634765,0.0,1.1597695913771044,0.0,1.2271576678887646,0.0,0.9908993821466492,1.0,1.4285714285714286
0.0,0.9940441077295816,0.0,1.0084521441947352,0.0,1.1714715612871698,0.0,1.1869495221672897,0.0,1.0038587895778424,1.0,1.4285714285714286
0.0,1.014295671000767,0.0,0.9957499459075152,0.0,1.194099483340466,0.0,1.1656812605888285,0.0,0.99646404534753,1.0,1.4285714285714286
0.0,1.004488654166816,0.0,1.0385027857054094,0.0,1.1848247768082143,0.0,1.246312095367267,0.0,0.997748651653578,1.0,1.4285714285714286
0.0,1.0315164697560453,0.0,1.0189570176864102,0.0,1.2153944637357714,0.0,1.1841704362047951,0.0,1.0213047975148009,1.0,1.4285714285714286
0.0,1.0624789724604355,0.0,0.997626698792062,0.0,1.2474936026846062,0.0,1.1652032866433102,0.0,1.0164650873621663,1.0,1.4285714285714286
0.0,1.0241811423959142,0.0,1.031519744192061,0.0,1.2064156782742614,0.0,1.2117306034247932,0.0,1.042991568940676,1.0,1.4285714285714286
0.0,1.0321667988886485,0.0,1.012921272466899,0.0,1.215662239872091,0.0,1.1611817101370825,0.0,1.0028572535707714,1.0,1.4285714285714286
0.0,0.9997723985958582,0.0,1.0279624157672629,0.0,1.1799504836168606,0.0,1.20697852397734,0.0,1.0118723481686311,1.0,1.4285714285714286
0.0,0.985630138839549,0.0,0.9848671730632488,0.0,1.1525869751808535,0.0,1.1369767574079055,0.0,0.9788155325981928,1.0,1.4285714285714286
0.0,1.053232635424397,0.0,1.0435533063376996,0.0,1.233917753885909,0.0,1.212646391988638,0.0,1.018401890921858,1.0,1.4285714285714286
0.0,1.0303459330613405,0.0,1.033746250746391,0.0,1.212666919175503,0.0,1.2225226394106206,0.0,1.0235349852972162,1.0,1.4285714285714286
0.0,1.0417061051246364,0.0,1.0725633313593133,0.0,1.2233115045301706,0.0,1.2510820305665744,0.0,1.0370477963430489,1.0,1.4285714285714286
0.0,1.0282115416894164,0.0,1.0223974786222856,0.0,1.2094667577004343,0.0,1.2566588182940963,0.0,1.009162903524509,1.0,1.4285714285714286
0.0,1.0295004435656452,0.0,1.0123266188979578,0.0,1.2149935791200577,0.0,1.182792940250318,0.0,1.029497103253623,1.0,1.4285714285714286
0.0,1.0425047002786805,0.0,1.044785973397449,0.0,1.2296530632245164,0.0,1.248318274227184,0.0,1.005547909174802,1.0,1.4285714285714286
0.0,0.9865495824422096,0.0,0.9871348588314012,0.0,1.163958480238361,0.0,1.183900531722622,0.0,0.9855276388504088,1.0,1.4285714285714286
0.0,1.0519568226937512,0.0,1.0558159661546636,0.0,1.2412274268724013,0.0,1.272214765869571,0.0,1.041512518759545,1.0,1.4285714285714286
0.0,1.079754193911384,0.0,1.0884791681336987,0.0,1.2696042935621774,0.0,1.264429162372766,0.0,1.0420974331681725,1.0,1.4285714285714286
0.0,1.0392864824456518,0.0,0.9995596144671868,0.0,1.2215418092343089,0.0,1.1946062260103312,0.0,1.0106549766836006,1.0,1.4285714285714286
0.0,1.0574558140467043,0.0,1.0579808371025798,0.0,1.2443496033330226,0.0,1.289123773116213,0.0,1.0498050138082171,1.0,1.4285714285714286
0.0,1.04806002842136,0.0,1.0479365645995502,0.0,1.2351721975918066,0.0,1.2556363396639934,0.0,1.0251210332808276,1.0,1.4285714285714286
0.0,1.015579704693311,0.0,1.022620666667892,0.0,1.1955143520050937,0.0,1.1866862613030622,0.0,1.0328051355945898,1.0,1.4285714285714286
0.0,1.0650835328301995,0.0,1.0456022288628206,0.0,1.2506107273640672,0.0,1.2440462457708144,0.0,1.027698623704406,1.0,1.4285714285714286
0.0,1.0088545159255793,0.0,1.017313431483254,0.0,1.1869428126322403,0.0,1.1937209057459477,0.0,1.0103858001787676,1.0,1.4285714285714286
0.0,1.0839303688260875,0.0,1.0536377103349268,0.0,1.2776131752726485,0.0,1.2313651415926274,0.0,1.0590633595672971,1.0,1.4285714285714286
0.0,1.0739848470375963,0.0,1.0471451908226237,0.0,1.2630286853801715,0.0,1.21396519714537,0.0,1.0412135793821689,1.0,1.4285714285714286
0.0,1.0660407274605437,0.0,1.038021056306129,0.0,1.2502471581602392,0.0,1.2412514183823096,0.0,1.0374932091004991,1.0,1.4285714285714286
0.0,1.054349700710037,0.0,1.0193760340973206,0.0,1.2444889567132138,0.0,1.1873406448270358,0.0,1.0273604642587957,1.0,1.4285714285714286
0.0,1.0479278389034057,0.0,1.022299885963824,0.0,1.2383381502135264,0.0,1.1940220506217447,0.0,1.0121789917065651,1.0,1.4285714285714286
0.0,1.0212151086375405,0.0,1.03479282990434,0.0,1.2026363711160974,0.0,1.2141148412122418,0.0,1.039236926495881,1.0,1.4285714285714286
0.0,1.0280353821853392,0.0,1.0468314442004585,0.0,1.212650273766804,0.0,1.218601273811731,0.0,1.0296117614570797,1.0,1.4285714285714286
