m_obs1,sigma_hat_obs1,m_obs2,sigma_hat_obs2,m_ipw1,sigma_hat_ipw1,m_ipw2,sigma_hat_ipw2,m_full,sigma_hat_full,m_var_oracle,m_var_mcar
3.43203314010889,4.586877782614694,4.103090833829706,2.85131869259958,3.5483207446153004,5.361268096706651,4.230657482586671,3.245034669628133,3.75702437798945,4.076180414124088,1.2006031132180413,1.715147304597202
4.161953291662769,3.2362224798690056,4.32043126858537,2.6820521430439914,4.248441704067747,3.72082053242776,4.504056996166034,2.991267925864602,4.30393173567462,2.985957232281897,1.2006031132180413,1.715147304597202
4.171118373118195,2.6237181942536667,4.120361515012861,2.4044147638508377,4.270964900101301,2.968200990839962,4.161299002069399,2.68927604198715,4.296277464967993,2.428215456085636,1.2006031132180413,1.715147304597202
4.245033518218205,2.7560057758866474,4.212612737656616,3.153244544373488,4.34486067388097,3.1293504546125157,4.3440865668865225,3.577456957029405,4.343950110320531,3.086658345182629,1.2006031132180413,1.715147304597202
3.9347395694241487,3.5221797689519865,4.187054390373632,3.4042802156580145,4.046488753344397,4.029951028734625,4.325895138190139,3.925091944464017,4.051772719812373,3.2607767753814767,1.2006031132180413,1.715147304597202
4.142328810238143,3.7061862895221056,4.252470199472517,3.336597610463357,4.259843778301921,4.254288386471329,4.286541115317386,3.90596068032652,4.292095734604941,3.368529795582065,1.2006031132180413,1.715147304597202
4.232287470054528,3.632356258852814,4.109960279487593,3.371862763591547,4.344701564423459,4.1507659840329705,4.239490733601478,3.73298010128338,4.356795630444272,3.5651067666690257,1.2006031132180413,1.715147304597202
4.183765829642181,2.728091171589752,4.197280370641003,2.819035206695125,4.2810838766437405,3.0930538519641337,4.308062999685653,3.25905944632285,4.305418003058946,2.6759150752091587,1.2006031132180413,1.715147304597202
4.120193528759137,3.0940780997325983,4.213260221940087,3.265653716590501,4.216285326307763,3.5831634570494733,4.303886727278681,3.627548453241478,4.266687003797798,2.974236334879036,1.2006031132180413,1.715147304597202
3.924106248866054,2.94433280668609,3.804053706627185,3.0615028840189265,4.031729382165077,3.3575630249321318,3.980559310197834,3.526141702951493,3.82234991285814,3.4132197000100857,1.2006031132180413,1.715147304597202
4.165809459976999,3.515683464387588,4.068617458461853,3.2418081680755955,4.268282284508872,4.064974654236365,4.181715827896502,3.5635522868980747,4.290251742615521,3.1845133329341637,1.2006031132180413,1.715147304597202
3.9645621822358095,4.786365441990367,3.892413191370076,4.681887250784163,4.087840720725778,5.569432837060054,3.8884254872227246,6.643857885717623,4.13703081662055,4.152908329457271,1.2006031132180413,1.715147304597202
4.10197543177451,2.882282025648281,4.242021733009506,2.9143950647461407,4.189383947885859,3.269280294864462,4.377878410593956,3.215749178175736,4.383251057124121,4.205841453606733,1.2006031132180413,1.715147304597202
4.31418259511962,3.032628937664985,4.138234269421342,3.2679307484338453,4.399949804433393,3.433611689555354,4.220835748546456,3.893847774244149,4.287048033973428,3.134453078476248,1.2006031132180413,1.715147304597202
4.096702954418821,3.752331983954384,4.168521247924348,3.853754213554987,4.197346589677036,4.2992230057637615,4.36975275743673,4.193266621656835,4.146944213878678,4.013346350913234,1.2006031132180413,1.715147304597202
4.199471902042489,2.7509145791010794,4.166166057169077,2.8899150823013,4.30232319889619,3.097023277967913,4.265687414049841,3.178876320360002,4.222218331085687,2.567966847146319,1.2006031132180413,1.715147304597202
4.151523170190038,3.029230462081302,4.13746915016589,3.0168814472777954,4.242273994810352,3.471935557032709,4.1887637076783255,3.39803271950348,4.186302596909536,4.68894971660611,1.2006031132180413,1.715147304597202
4.019214139915366,5.032006520833408,4.142208133102821,2.918114094661457,4.147756514270442,5.816352355253921,4.340365098108649,3.1537554029462704,4.14716971957571,4.386286036118165,1.2006031132180413,1.715147304597202
4.018993837820998,3.82006196936156,3.9872134296476736,3.825547301707061,4.147933201484573,4.3678167529647824,4.203348315399388,4.262330946924901,4.189614242267405,3.3725005244450323,1.2006031132180413,1.715147304597202
4.125877903815866,2.927595616151856,4.359551452701665,2.8794946278197124,4.238534521006669,3.302177262949987,4.501222970762742,3.4073885721423283,4.310567600915531,2.7544787957288204,1.2006031132180413,1.715147304597202
4.236836774907567,3.4329442891869983,4.359161942040276,3.1544374112475317,4.345134763789234,3.9281257078859175,4.521350885183812,3.83598082318218,4.358549956671851,3.3215677002383446,1.2006031132180413,1.715147304597202
4.397729727388604,2.950269206767623,4.223148661334883,2.8925109949644288,4.485368397724112,3.32270681412485,4.351328192326528,3.1786918406972315,4.39865204017227,2.916014648825699,1.2006031132180413,1.715147304597202
4.016762302827479,4.442821702126378,4.148635280318846,4.430661711509894,4.129680521731761,5.14593029539768,4.186177510611477,5.804449335780031,4.187278300095633,3.911711814691815,1.2006031132180413,1.715147304597202
4.088166291030511,2.717996752968475,4.048808091263005,2.694332620647863,4.168760427784402,3.1120511373475037,4.18967527664739,3.0520159382052667,4.181247206533891,2.565226028733655,1.2006031132180413,1.715147304597202
4.155894516569072,3.695060433474877,4.277507248159595,3.702924081243148,4.259427297445641,4.246881255027514,4.66512649610864,5.169341424236493,4.324175991655157,3.309940216664835,1.2006031132180413,1.715147304597202
4.09171815247863,3.0370397470146195,4.26313374090587,3.012363104855447,4.197640593338794,3.419897947315776,4.390395097090234,3.276240968824708,4.27431703691068,2.900644860020969,1.2006031132180413,1.715147304597202
4.229387510292118,3.076115332617981,4.20424622039031,3.1601834393752086,4.325291360560048,3.4928304574822637,4.279887185629091,3.690967052954961,4.095335304109662,3.581403033423977,1.2006031132180413,1.715147304597202
4.156136488823535,2.8746392760451944,4.091378967158769,3.1519316232283474,4.259225826638492,3.2836000007306474,4.21210460363198,3.5467842578572317,4.206926032057741,2.970678298410755,1.2006031132180413,1.715147304597202
4.073177882084135,4.00593620690236,4.146020719487049,3.986496936890388,4.174951164058138,4.619252131355406,4.238880241114919,4.612925907349246,4.209015610253836,3.520397092735128,1.2006031132180413,1.715147304597202
4.375744259078745,3.6202530887289015,4.304158591338309,2.9615552351758536,4.467619809657621,4.159841381839742,4.398028931993035,3.229971893978219,4.384750156635874,3.256156398990804,1.2006031132180413,1.715147304597202
4.083033965545052,2.8728543734250653,3.9264321769356383,3.043466218386313,4.20401212727225,3.222554209756499,4.05758616497643,3.454734320263704,4.187819324929249,2.865355609719075,1.2006031132180413,1.715147304597202
4.301136277062885,3.048810084318099,4.124225159710835,3.016095751170071,4.387412623734416,3.474613809294095,4.209835999436019,3.4026700656522424,4.306926188819194,2.976301811192056,1.2006031132180413,1.715147304597202
4.417568112660611,2.845347330976367,4.425994077104434,2.8567081615048715,4.508937923205572,3.2211403792539004,4.493730341594421,3.13515171142536,4.44946768432068,2.772081968677515,1.2006031132180413,1.715147304597202
3.869830190620566,5.6507925623220085,4.27863964322742,2.990757018507879,4.03610083571713,6.607844022715784,4.403214115907744,3.3448268031875226,4.17906143444949,4.843548119237644,1.2006031132180413,1.715147304597202
4.137443292836095,3.389366143735594,4.1601140532422285,3.462678052958742,4.242183987224744,3.903000582832152,4.196421493527375,3.9510166667783095,4.2325793644450735,3.107977670727524,1.2006031132180413,1.715147304597202
3.9199814019805066,3.385056390887207,3.618958022597264,3.633277159075184,4.0499619381572645,3.897344651326429,3.8293055762957535,4.082380642892704,3.981247954305648,3.273997231917618,1.2006031132180413,1.715147304597202
3.980844457599334,2.970712935999326,4.175554394559062,3.274508694506725,4.087510164603704,3.3801143232267443,4.188874614585711,3.659726356807001,4.168636480304214,3.093440435691846,1.2006031132180413,1.715147304597202
4.306820514941419,2.94673481028602,4.444931737366995,2.895929926221104,4.405745149582182,3.3690538392359644,4.5433410400983,3.2255205640739613,4.51789228579757,2.892252781451554,1.2006031132180413,1.715147304597202
4.1834978091540735,3.292600223751013,4.0835621322368425,3.603038184036941,4.298207734667011,3.7669043544930623,4.261071754428919,4.204295720120326,4.265748561857037,3.202508840676371,1.2006031132180413,1.715147304597202
4.189008614272168,3.218015678874972,4.156055748060284,3.2116249728213697,4.288944872313761,3.6539391577647535,4.239631605224132,3.849059843797403,4.290558719187323,2.918178497264099,1.2006031132180413,1.715147304597202
4.133277857205705,3.227282576652781,4.215945035936338,2.936896476025704,4.2287798391575455,3.708588058780444,4.322269047768255,3.2411297521334257,4.279684813670031,2.9297075999114752,1.2006031132180413,1.715147304597202
4.285038821122761,2.6855081120879163,3.686787628420032,4.1220977540658,4.364152835455045,3.01678377156763,3.846314881261056,4.668539020833028,4.035633860635258,3.6615066636997806,1.2006031132180413,1.715147304597202
4.2010751511708655,2.960037658841186,4.245678516148993,2.582650858333637,4.285311874914582,3.3994220794658694,4.2023345128723095,2.893120251845004,4.268819502043016,2.84478701868263,1.2006031132180413,1.715147304597202
4.1981540696483854,5.073348922172711,4.292820665270035,4.450345099341247,4.330622069278574,5.848328191277291,4.292766035656248,5.081527098709064,4.3148203759823,4.614277245087551,1.2006031132180413,1.715147304597202
4.050161586042306,3.5483397353359307,4.02120416625937,3.4714768512683145,4.156841931252501,4.055444678741109,4.080200590198598,4.043823794785506,4.18368999536835,3.184291463299422,1.2006031132180413,1.715147304597202
3.844641335171669,3.84120913000612,3.762801286288253,3.973343458504927,3.958830373686511,4.40248656035743,3.980658817315403,4.284799661182791,4.026390139105854,3.533088225242901,1.2006031132180413,1.715147304597202
4.270862588380481,3.182000956527196,4.330093402296572,2.972546155650888,4.352284239840637,3.632972947465371,4.440262576085769,3.248826670254271,4.429864989249503,3.036400887199971,1.2006031132180413,1.715147304597202
4.169086187670888,2.797772437477548,4.108524328557905,2.781151524100258,4.260142864343015,3.1743472867825657,4.275008721116868,3.0192829287215748,4.268002585305866,2.6180028764419454,1.2006031132180413,1.715147304597202
4.156620156960218,3.712242382688253,4.146828535879366,3.0469154555163778,4.2647952489770695,4.253060847318001,4.150872092043159,3.5580423472796485,4.271918335472906,3.264742597965905,1.2006031132180413,1.715147304597202
4.020641347991877,5.0887021158183305,3.892909380990162,4.73644109204274,4.14634367531193,5.96079947176717,3.869581808003294,6.500972549577161,4.209430625562886,4.467350113085361,1.2006031132180413,1.715147304597202
4.041974257114519,3.5380071094975927,4.221400484901069,3.545599379588721,4.162068661671882,4.0505028089822135,4.3132801497525,3.892034908103156,4.25039247460812,3.541145788400946,1.2006031132180413,1.715147304597202
3.114820813947828,9.407452659731922,4.160431370753999,2.6459804750982805,3.417252028133583,10.96626053132349,4.348059033024602,2.859948306896534,3.544830554355217,7.79832522269582,1.2006031132180413,1.715147304597202
4.229241450656363,2.7742388857822635,4.339561054770064,2.741042309396925,4.318970711156128,3.146384056052322,4.4723991730874,3.0378202773419662,4.358694645934257,2.842975943797116,1.2006031132180413,1.715147304597202
4.156690798872848,3.2319594174574613,4.025152199250233,3.034774952402248,4.269597832049511,3.684220278190741,4.147335288587955,3.491320450180309,4.211158684222852,3.007292928808989,1.2006031132180413,1.715147304597202
4.097532943760914,2.7536828298871865,4.037773796245366,2.8691195798654694,4.211890389784209,3.1004275062046025,4.066167557011391,3.3549685776697338,4.275443754700984,2.8776026351565207,1.2006031132180413,1.715147304597202
4.05769148705889,3.093277403492655,4.191099994697906,3.001329543971693,4.158563789998703,3.499360285988851,4.428114322420346,3.303974730698736,4.245034939634863,2.842941944901895,1.2006031132180413,1.715147304597202
4.2239738051864215,2.813681171243432,4.214371971865427,2.7873288658114035,4.339848581817138,3.1551263512571848,4.301830796332989,3.1098116860124594,4.3706137853877856,2.6538162938859475,1.2006031132180413,1.715147304597202
4.088417771708721,3.11982297467384,4.119023914165205,2.8658229605225705,4.206094429860249,3.533370447743991,4.22593385914331,3.236791722860177,4.2705421700120025,2.797853329698876,1.2006031132180413,1.715147304597202
3.284407395774923,7.9619432176682,3.2454425422830995,8.057807517286582,3.4933161716824683,9.360501375196108,3.603674327370438,8.651512997659468,3.5734224941016324,6.971141126374127,1.2006031132180413,1.715147304597202
4.3048301159235285,3.019662157409882,4.0335689391091485,3.512271028675765,4.384149740629989,3.4149900277861955,4.2201346283601024,3.86899958430449,4.358525240436271,3.0160147486201114,1.2006031132180413,1.715147304597202
3.9080151478968737,4.904141502946249,4.011695299937168,4.631887315338331,4.040602671588829,5.702309865141266,4.104398619487594,6.767713552290094,4.100356168247751,4.154322318165435,1.2006031132180413,1.715147304597202
3.9542106752627553,3.8366061242354577,3.985975169297402,3.4397308942893847,4.080356393174255,4.438563966294893,4.062228104340437,3.850263565364244,4.1398375185507135,3.821678576084648,1.2006031132180413,1.715147304597202
4.116155576057978,3.326147161633944,4.093608227403113,3.118456131681598,4.2277595363123055,3.781907439579964,4.153291790338607,3.4710205402724075,4.22744852332964,3.0193107637319976,1.2006031132180413,1.715147304597202
4.385384963085164,3.050999321469352,4.2495098904620585,3.459087111676469,4.464933665395284,3.472386208824161,4.358401404044203,3.84836823037687,4.318474131950793,3.279959433144251,1.2006031132180413,1.715147304597202
3.430703969762219,5.888309169803205,3.365303873025378,5.888088065108295,3.593367293552279,6.863725619847207,3.6100943887224495,7.1128312145997175,3.8371584917234696,5.071046289968915,1.2006031132180413,1.715147304597202
4.139721966805374,3.3173947488804885,4.0294093041730665,3.221844663100464,4.219179852622791,3.783042198760172,4.14551774258519,3.415399016697229,4.233054004230522,3.087055314357228,1.2006031132180413,1.715147304597202
4.030627131655705,3.902787657070281,3.987171087730416,3.9802540637801,4.137359792628858,4.518065574620369,4.195765681727056,4.5617430693272265,4.070414726171802,3.5631957265769665,1.2006031132180413,1.715147304597202
4.176197227083152,3.3614627186246,4.2686802897267855,3.0050816964310525,4.299958479623556,3.8108757850497774,4.40340031820134,3.3501831830171294,3.926433445497292,4.572420081563105,1.2006031132180413,1.715147304597202
3.806000486800168,3.431656899543087,3.984766607272381,2.88153131460828,3.9242754621589975,3.9006295533604702,4.155578489449118,3.3600151687003703,3.982854542270877,3.0843507219299897,1.2006031132180413,1.715147304597202
4.433121087223371,2.7803444351729616,4.364197792565781,2.9525993252396603,4.520788289949792,3.1415341906742187,4.47764419935783,3.31001514508609,4.507729412578671,2.9356973653510305,1.2006031132180413,1.715147304597202
4.256077519461049,3.199153819476944,4.375079556547387,2.881460564986763,4.335909093646977,3.644033808693062,4.439938020669858,3.223458479931144,4.2201846334255455,3.725233870819439,1.2006031132180413,1.715147304597202
4.363971349863897,3.2885744651602478,4.402796670567849,3.41007541105394,4.463807369069642,3.733199228180043,4.412258907189663,3.889149264509022,4.500339848726651,3.083453109174502,1.2006031132180413,1.715147304597202
4.117892661943593,3.3302215018755628,3.955245905994981,3.9485693434642175,4.218766704818511,3.839295526790415,4.147485797911679,4.648604993332019,4.155566253050771,3.5055774886915514,1.2006031132180413,1.715147304597202
4.229058710752917,3.4709602256992134,3.995682154336336,3.588748407153605,4.320003890874228,3.946799345432335,4.0934589325122985,3.968853914715115,4.243891218834007,3.259319294724229,1.2006031132180413,1.715147304597202
4.376261050113401,3.0536500679770904,4.212076581293652,3.2391117082736525,4.472181707377684,3.456174186078699,4.355225233892405,3.6389470155090287,3.8211704598882617,6.457551015287885,1.2006031132180413,1.715147304597202
4.197510015602068,2.7015880584679586,4.214439063637029,2.586446926733064,4.299733138515828,3.021802218970099,4.311513753436103,2.813382433049424,4.285517846777806,2.4937949015949807,1.2006031132180413,1.715147304597202
4.302542649657084,2.654837833242944,3.540423636033482,6.559056906044545,4.38464759626064,2.968240335792929,3.633000003472828,8.716389418531735,3.833588777521087,5.57586550891163,1.2006031132180413,1.715147304597202
4.280331569371293,2.9518452057932976,4.27751809113163,2.910728686608428,4.373224515168814,3.363233766410043,4.313269404077321,3.140259758656504,4.357501901906602,2.6682575746351143,1.2006031132180413,1.715147304597202
4.3822157998987095,2.6172336127577984,4.297612049864855,2.741795438331438,4.445461625761361,2.970055369438726,4.411314645526373,2.9918822431636354,4.464672773568037,2.755916353558127,1.2006031132180413,1.715147304597202
4.084898727477139,3.867012220412934,4.183335565614955,4.140132647146886,4.205819963685677,4.473925993481879,4.289695203428794,4.6703012307563805,4.256722418625358,3.622769029533611,1.2006031132180413,1.715147304597202
4.008364162280631,3.105753783027414,4.032227471114594,3.70070948427672,4.103328148051454,3.551179402750991,4.148299920511982,4.134529684797593,4.102097921247349,4.249697165307801,1.2006031132180413,1.715147304597202
4.395742047293455,3.7776219334751935,4.254759136142935,3.528729307840668,4.506746128685705,4.350188710821889,4.390140652161728,4.027061836992693,4.435705743747181,3.578676851029518,1.2006031132180413,1.715147304597202
4.080559928775512,3.776094996808094,4.097689580830369,4.582330057499711,4.181005308783438,4.338561128123944,4.418934721240796,5.064616819791,4.203861871077219,4.126176000177391,1.2006031132180413,1.715147304597202
4.260282834916638,2.6951091274539367,4.286345237489537,2.670096138404505,4.358455709506372,3.055511028138945,4.368114410525947,3.0165211331749378,4.308890499977795,2.629267068167412,1.2006031132180413,1.715147304597202
3.964418065936123,2.887632379856114,4.155576364778762,2.968953618046903,4.072347600904837,3.2495413151311494,4.29584255436254,3.272807065308461,4.170754831752391,2.706739140595299,1.2006031132180413,1.715147304597202
4.259709923337731,3.3045842059018025,4.170973428718826,3.3227943399725883,4.338832635754955,3.744830756450877,4.296045152903076,3.5624111805634646,4.297920309768682,3.0155545214309982,1.2006031132180413,1.715147304597202
3.497756826407476,6.552187735935761,3.4750347796734906,6.405462461291688,3.6929198690195446,7.624032607139357,3.947874878743179,6.597180099265761,3.792306480772068,5.568441321508285,1.2006031132180413,1.715147304597202
4.236458857489435,2.4998232428389846,3.9903406606270417,3.067416564886125,4.320607370896254,2.8138138852551604,4.158761203711869,3.405114732876976,4.196089599986632,2.787602397309806,1.2006031132180413,1.715147304597202
4.061661374058966,4.516646535004135,4.107215656794513,4.591096941547899,4.186945414818857,5.196886019653667,4.103937922542002,5.351971732369255,4.173223337543687,4.10820112594259,1.2006031132180413,1.715147304597202
3.970285185302348,3.657062001446807,4.230077560263682,2.92625485823819,4.079499027202502,4.205599071889646,4.325474429481646,3.286202021953421,4.167828050982417,3.2809595474192847,1.2006031132180413,1.715147304597202
4.057511301528424,3.539886683534949,4.147698414795018,3.0582785047943024,4.196077047188263,4.058281826076945,4.331160022728722,3.36022915127594,4.225157666006537,3.301924716110181,1.2006031132180413,1.715147304597202
4.264077810832804,3.5963905324969017,4.259692048121843,3.7439723037707022,4.351779439707634,4.141456152711716,4.43567218891062,4.186081592993299,4.364347437885613,3.428018273605405,1.2006031132180413,1.715147304597202
4.158218584626655,2.6744905021166243,4.116944090160905,2.9167673142613944,4.256933377154987,3.010397873937601,4.129006765175235,3.2640643884309744,4.247340833348443,2.7149092126521013,1.2006031132180413,1.715147304597202
4.299230410799624,3.440682724233741,4.140698860480399,4.680574540849617,4.384423625338672,3.927751153259347,4.309287582461723,5.1988666962315015,4.2325040365402,4.15727079415208,1.2006031132180413,1.715147304597202
4.018497276588287,3.143236428807108,4.203838555767528,2.4836206964561245,4.1121235043252495,3.572779243632103,4.280095894620654,2.7706939899048373,4.176248429739894,2.993694244826514,1.2006031132180413,1.715147304597202
4.244067201912367,2.838301025328992,4.163512607620922,2.798552848312369,4.298826373630771,3.204505774086065,4.237506887984448,3.1005857232150777,4.29879707112444,2.586047460209423,1.2006031132180413,1.715147304597202
4.208188474860403,2.8991437727631526,4.20741364798577,2.739471674582219,4.302703680084898,3.3311013394893765,4.2556617105733485,3.096230051557592,4.268239165519677,2.931749327264784,1.2006031132180413,1.715147304597202
4.11428028477068,3.341777261104328,4.004652808059875,3.2144982023755078,4.250601999232782,3.769938154203578,4.06061149338112,3.694785905132241,4.107652065053979,4.250680510633339,1.2006031132180413,1.715147304597202
4.241555145711192,3.07936236234022,4.182890207857709,2.9164915723454645,4.327090657316616,3.442135729780001,4.268024011238949,3.2438864116999637,4.37717058865661,2.833127778035979,1.2006031132180413,1.715147304597202
3.998865647030829,2.953994183510799,4.013136344682442,3.080439386117056,4.097827825169994,3.38468671170496,4.067815862679178,3.4259718953607603,4.153082650464259,2.849211545830054,1.2006031132180413,1.715147304597202
4.186753569215068,3.1829804891236355,4.008630218832154,3.4363598121618004,4.286655418855861,3.646777451639248,4.139194492996248,3.918655844286413,4.14217990807358,3.279138548158248,1.2006031132180413,1.715147304597202
3.950691628579186,4.098254105371335,4.165861663426774,3.9745652650174255,4.081265660189839,4.6594296299780185,4.260305748787116,4.299400111668128,4.14464667380611,3.663219838915046,1.2006031132180413,1.715147304597202
4.340422718880194,3.38065428909719,4.107229882479375,3.2133621241244144,4.424486809346679,3.863732235718758,4.184963196279818,3.74242424471046,4.290088418816682,3.071945441470889,1.2006031132180413,1.715147304597202
3.8809871350032505,5.406338067807246,4.262368467175513,2.871871215142772,4.063225713122478,6.223611170623748,4.446154742673393,3.167626031048231,4.1859670823443045,4.583519792363058,1.2006031132180413,1.715147304597202
4.05355442527268,2.801668203514564,3.9058679041262745,3.139257034687651,4.154520754930054,3.182079155861826,4.071749052646877,3.497866430306742,4.105495325994837,3.214632888395164,1.2006031132180413,1.715147304597202
4.291188400907328,2.8500037454895333,4.324476068524693,2.8712587804822287,4.383860231126459,3.230983189272237,4.31354135768761,3.251379412560731,4.380401594520237,2.7190438041003064,1.2006031132180413,1.715147304597202
4.13093331225797,4.414963918524158,4.041447386329354,4.279580246923368,4.256737409862264,5.065418660864609,4.201192693825717,5.008243450353366,4.166450692443117,4.125926246364284,1.2006031132180413,1.715147304597202
4.399732320308552,2.602099256637943,4.398840699388515,2.605327823852978,4.471683454079388,2.954458513467392,4.611894155022842,2.8772678410351853,4.451881554433053,2.8396624733345037,1.2006031132180413,1.715147304597202
4.234485281183423,2.8710586087753005,4.23440794943612,3.084708272275318,4.310483215981798,3.2665710369890597,4.3371569791540034,3.5409993034325185,4.312868922817247,2.774793005714339,1.2006031132180413,1.715147304597202
4.018010581597284,3.0342592647675533,3.952921038890296,3.184113951590269,4.136855670065085,3.4417073727175804,4.072014869382244,3.577501063209142,4.141798998775167,2.9157783343592603,1.2006031132180413,1.715147304597202
4.276506076976073,2.834132251495813,4.330626058815203,3.0663652987706924,4.368708417770459,3.201861939624894,4.433960597933169,3.437081446726553,4.341354220887114,3.0281743041063125,1.2006031132180413,1.715147304597202
4.429014660121134,3.692960546053648,4.306424284463013,3.66160210537471,4.538137717680262,4.270111544714855,4.456466024631697,4.50918255501011,4.417281581921547,3.2860259331228896,1.2006031132180413,1.715147304597202
4.180706620361851,2.674956666411612,4.0306343267018585,2.819107115745711,4.2746936097571,3.014452063322732,4.106669962768038,3.1791638851742205,4.247602854136055,2.700606093609873,1.2006031132180413,1.715147304597202
4.093519542140351,3.103625139027212,3.992369750535822,3.2694165229016665,4.198612986659477,3.5048706527947693,4.0762205685867965,3.5755521368897027,4.102636129804578,3.0007165975211025,1.2006031132180413,1.715147304597202
4.24980435106322,2.965104710325947,4.024787155275467,3.754331558793219,4.343714474240114,3.3823043622155,4.127605640872183,4.021915207385439,4.273177108032277,3.5709893015199485,1.2006031132180417,1.7151473045972023
4.269106114860193,3.513705996391638,4.295749652575556,3.2964371319365395,4.380033630385175,4.010695301919814,4.360538721903111,3.6171861259525535,4.404149737372025,3.0893739505520554,1.2006031132180417,1.7151473045972023
4.185033367125612,2.7997291260878407,4.210068397326517,2.5720478073637523,4.271227805039182,3.174493296130558,4.399994745991172,2.9530064300484438,4.300418901056245,2.704317969383461,1.2006031132180417,1.7151473045972023
4.330826345648561,2.8136320644270763,4.299574503050868,3.1993762217657147,4.409773292129376,3.1687579574765383,4.421017829603727,3.4507418993453576,4.40989767413569,2.9926834604686503,1.2006031132180417,1.7151473045972023
4.17629791215153,3.109290327712841,4.242742825598633,3.144445190976195,4.263786845507447,3.4902221508221905,4.392794872793528,3.4816378534192505,4.339162477716599,2.824367848747624,1.2006031132180417,1.7151473045972023
4.102900799843855,3.6501782779100416,3.9513962334149135,3.4927816291676077,4.237578773871359,4.197470638598259,4.015570410532328,3.91464692428377,4.202331391275799,3.469590210216775,1.2006031132180417,1.7151473045972023
4.194205996012021,3.145961720805335,4.058721745717625,3.8845920415413167,4.285715793122342,3.5850714400486186,4.282405292629197,4.535418117036831,4.204098885491344,3.4496647481481237,1.2006031132180417,1.7151473045972023
4.187962906306385,2.8831628861279626,4.289575344588945,3.2698042709002,4.283931794080793,3.233636329140668,4.4043675531169,3.781919088212634,4.348022938971752,2.974714387874264,1.2006031132180417,1.7151473045972023
4.080521847269602,3.030537818927374,4.10316912368631,3.077318515912013,4.204035105089796,3.398532475597292,4.131179969039672,3.548495901393877,4.166818644478982,2.9083274956352048,1.2006031132180417,1.7151473045972023
3.5389393641964526,4.72942750628161,4.082670019074836,2.778944581657994,3.7017704448777033,5.49548293081346,4.237345591757646,3.008237513548065,3.88508952841829,4.207998223256992,1.2006031132180417,1.7151473045972023
4.245972072430038,3.2214294018961795,4.323451807587777,2.9002977439805333,4.330963601623324,3.7122147124438,4.404186622328036,3.232594530334331,4.375478441243814,3.164090930569603,1.2006031132180417,1.7151473045972023
4.442037103942479,2.756481745945337,4.418422444173292,2.499412623559798,4.514184601268424,3.0774649881856884,4.460490961640198,2.702782390211256,4.482301996488264,2.5805469096630733,1.2006031132180417,1.7151473045972023
4.19795732773306,3.2567888888976606,4.018246965318446,3.130592142595594,4.300376672464292,3.7192266322157055,4.196350010855079,3.349282855922988,4.1907575087581685,3.1035041313307024,1.2006031132180417,1.7151473045972023
4.295961865351344,2.678450430968772,4.397156156098597,2.72580054264758,4.380379431632422,3.024993991081951,4.4352099034017565,3.1709200475924235,4.418659778945246,2.604853948543764,1.2006031132180417,1.7151473045972023
4.01133471651825,4.970740030971621,3.9768073644994337,5.024603517127245,4.149551431907929,5.813486942212442,4.148381614343654,5.47597450396283,4.19373149998542,4.302837028183452,1.2006031132180417,1.7151473045972023
4.129867117880112,3.31844594968747,3.657496611931961,4.786496572084594,4.254041960556409,3.8042196344716586,3.849764471488385,5.091846407010085,3.99494197387388,4.20931544815384,1.2006031132180417,1.7151473045972023
4.155661261244575,3.4963899213329936,4.092562591040526,3.185401302713095,4.259578728458338,3.997530710700657,4.243622051305751,3.609406721308543,4.156777920044933,3.338317697493309,1.2006031132180417,1.7151473045972023
4.124438943976545,2.948519060178872,4.383330525981455,2.656389015823465,4.226939756516693,3.3059025450295034,4.4049326836913245,3.024788827386597,4.309439794077088,2.709563928701056,1.2006031132180417,1.7151473045972023
4.229983987198571,2.7934975276594862,3.965404558494487,3.478743381146548,4.321058024958868,3.153785978351106,4.051035897218951,4.00929185384435,4.039344646152957,3.369623619190416,1.2006031132180417,1.7151473045972023
3.7726719527882526,4.472326660210731,4.019161014288363,4.36005008902843,3.919353303755648,5.138653256273537,4.202828637517439,4.973554871362359,4.1062064068739055,3.890846786380242,1.2006031132180417,1.7151473045972023
3.894070488081805,3.293130164068276,4.06851322837367,2.8807245380584536,3.998082434584488,3.773604340787384,4.107694021418562,3.2953470469326622,4.13218772964481,2.9827497770065423,1.2006031132180417,1.7151473045972023
4.156493169523677,2.904994889364496,4.091545806541889,3.008192962048104,4.235538727407568,3.294945603140424,4.226904720086251,3.3952027628546757,4.23396854217244,2.847142677789448,1.2006031132180417,1.7151473045972023
4.149249957091467,2.7080907994414027,4.053840759026927,2.7103867111942987,4.267493034227225,3.057718672247156,4.144270834965566,3.051665852925153,4.243486822418712,2.603712422137095,1.2006031132180417,1.7151473045972023
4.201390601202485,2.7580303494616736,4.374226682042209,2.8741396091154727,4.277094615504391,3.112755183212893,4.456056809399353,3.153976680656988,4.280945259701114,3.179004349406228,1.2006031132180417,1.7151473045972023
4.14865013336689,3.053840441803227,4.390567849978122,2.888361316255261,4.256885906044759,3.4530050188148858,4.490086555749675,3.214623851471034,4.354225254348154,3.06670364995548,1.2006031132180417,1.7151473045972023
4.033051458473604,2.9280227543107977,4.10802118003988,2.9291601449144644,4.137396887522653,3.323476157762052,4.160546706027642,3.1939141431430595,4.196713565143419,2.745282421266115,1.2006031132180417,1.7151473045972023
4.263264112860205,2.482657423051211,4.212606648192784,2.4191156237085205,4.329962814606855,2.8228823447699782,4.293974087512881,2.722354649871645,4.338577492071215,2.361873720839009,1.2006031132180417,1.7151473045972023
4.230234479258247,3.765648056792938,4.346902905532698,3.1568700661602622,4.334142215193899,4.330880578265388,4.518777284046125,3.694321147727732,4.355355425600955,3.486669193491515,1.2006031132180417,1.7151473045972023
3.5820327623491512,7.265407127525234,3.610749112662658,7.143989698670822,3.765966076791924,8.580013243299533,3.831229171989163,8.494604512030241,4.008679735332098,6.154108515253228,1.2006031132180417,1.7151473045972023
4.17486612671842,3.026331632262406,4.149090010515627,3.058133360641559,4.281080303409945,3.4440030042610954,4.345059233471316,3.397397177632421,4.226619273595072,2.99087301351989,1.2006031132180417,1.7151473045972023
3.9611576575567033,3.286170847235093,4.075199447930294,3.0293894634141783,4.059264935860749,3.755246510974907,4.144288362585171,3.3338103209303016,4.141497795484794,3.0177968197002074,1.2006031132180417,1.7151473045972023
4.090070980006204,2.797041982009089,4.09566493180854,2.61822109970941,4.183442201283056,3.179868109768464,4.14003337080972,3.033091363637861,4.247107368580007,2.496462896620243,1.2006031132180417,1.7151473045972023
4.02562438190685,3.251859682760309,3.937822777814928,3.539545151731186,4.133842134453262,3.740803704323704,3.8702203213827904,4.3089053434526425,4.18456987974948,3.4075131002392074,1.2006031132180417,1.7151473045972023
4.205614330624283,2.692459877132473,4.160327083873647,2.5971058064883645,4.290647181504732,3.0448118097012635,4.314440490429698,2.909474710310659,4.177748982241005,2.595073943584516,1.2006031132180417,1.7151473045972023
4.221573845935154,3.6759055528266513,4.156170840319672,3.651221748196058,4.346081528518414,4.222724083411966,4.130626446882719,4.529226881380629,4.331793961725484,3.3371790340424345,1.2006031132180417,1.7151473045972023
4.279469393533779,7.310696600613771,4.344153261411472,7.395130392105583,4.472866244220325,8.561871047053465,4.52596181699162,8.086033853542176,4.423963386101798,6.382180947747127,1.2006031132180417,1.7151473045972023
4.41968015168688,3.2814221492011275,4.486863919462749,3.287572960826891,4.518641720897555,3.762725499177873,4.644076621972973,3.6013473301837062,4.497094944020684,2.937983280941444,1.2006031132180417,1.7151473045972023
4.395378447389896,3.1501156546946607,4.384691970697084,3.341633941701952,4.49173672043869,3.5715515838081733,4.521974985804954,3.694900850331111,4.469531343586714,3.1040815246751663,1.2006031132180417,1.7151473045972023
4.226061328080777,3.5518879711763454,4.156351457752065,3.2629394374222587,4.316767139615492,4.083950734064167,4.303359701978838,4.233822058947549,4.194464323688941,3.430806547236295,1.2006031132180417,1.7151473045972023
4.201215343468476,2.629080496222985,3.951007366800896,3.6731021850489936,4.289590388447124,2.9160300996011776,4.077593918562869,4.164769887168236,4.194272707238488,3.158510502121349,1.2006031132180417,1.7151473045972023
4.010143694606674,3.766707924511388,4.068121885049502,3.111853383712744,4.116611137104256,4.285503656622201,4.173697313476174,3.6009378023333447,4.14454250711047,3.2691101964180325,1.2006031132180417,1.7151473045972023
4.326895468588896,3.1560976871087845,4.237815358942445,3.3037769731403,4.402532637898118,3.6279864367496666,4.366963481679322,3.7541139424269634,4.392390004411767,3.0207612186002355,1.2006031132180417,1.7151473045972023
3.962678191589687,3.2368560146970866,4.080320985297767,3.114338768503621,4.048934441231095,3.666185637826535,4.1889325778168045,3.4278473769234585,4.035696296026759,3.086107836710878,1.2006031132180417,1.7151473045972023
4.215414358481615,2.946095469164318,4.127697339965542,3.047289568837945,4.3149615665617365,3.3632077691848794,4.173899029702248,3.7870080347285895,4.300455479872455,2.833826396433855,1.2006031132180417,1.7151473045972023
4.124275679004817,3.3447797644735555,4.094515878735107,4.144392829977052,4.220245809321936,3.790184079684226,4.236202835495111,4.501593191934419,4.289889713187132,3.6183053749245535,1.2006031132180417,1.7151473045972023
4.149166011024298,3.510270860172973,4.165393215586209,3.5783232406853926,4.260373239952368,4.012944472139978,4.332334896558315,3.8700314954156783,4.264634789356734,3.319348307325207,1.2006031132180417,1.7151473045972023
4.152485267320756,3.43751084429019,4.094288577672709,3.991953993171215,4.273962202279474,3.933575087793365,4.25785977632575,4.832878996727009,4.223592916812685,3.86879765479022,1.2006031132180417,1.7151473045972023
4.261086888148284,3.462998458814394,4.30987730165038,2.575001664704028,4.346779177940501,3.8811866450309913,4.350636815490575,2.93286163295466,4.292238819966313,3.0381684965389995,1.2006031132180417,1.7151473045972023
4.072058038382485,4.225998279701535,3.903100079935074,4.195744352793866,4.203520091125236,4.852911234589598,4.132389571400598,4.661677015923715,4.226556745133064,3.693581581296404,1.2006031132180417,1.7151473045972023
4.306096091493585,3.36262784403681,4.333532521538412,3.244844705422422,4.424821389673468,3.840701360988753,4.400651397215208,3.673263993193944,4.440155371514847,3.0142128155586105,1.2006031132180417,1.7151473045972023
4.368175434271574,2.6420559429429584,4.249791223162664,2.773654996134574,4.441887717068854,2.9937268521749734,4.419122983796315,3.0747884447398586,4.352863917149353,2.685431264721118,1.2006031132180417,1.7151473045972023
4.37808134383329,2.9125860025722607,4.225081305965777,3.168129354102487,4.458312633455613,3.29594072905915,4.284093521208793,3.4629781419207037,4.356186328363556,2.850934818535976,1.2006031132180417,1.7151473045972023
4.303448949769387,2.992698896436751,4.3934453364223645,2.8633593859974145,4.374809000877728,3.4248247290789138,4.478047831856965,3.2721991033976967,4.437539593402341,2.739729284262417,1.2006031132180417,1.7151473045972023
3.493920195395914,6.326686906263547,3.814007571425293,6.287549514991,3.671812124966477,7.363142479675499,3.986549365976863,6.76573061914003,3.996157257353575,5.437249887018536,1.2006031132180417,1.7151473045972023
3.69231736599398,5.520431920116626,3.385403503170652,5.7443400529183455,3.8075855603334334,6.434778219940232,3.637842444494922,6.005799216213936,3.922673001231137,4.94405792362556,1.2006031132180417,1.7151473045972023
4.380118174632137,3.022918506641223,4.283615676870308,3.1423734992140284,4.464906704976554,3.4697650739757444,4.49840480181299,3.6520675697454985,4.317924957156794,3.120472849787177,1.2006031132180417,1.7151473045972023
4.207245781299738,2.792760518272336,4.073048443577949,2.9432488213206778,4.300872097176668,3.1579441220721707,4.246228802476418,3.323094545458623,4.272478561038513,2.6704954290703493,1.2006031132180417,1.7151473045972023
4.055829267590258,2.751738144619757,4.15194897105164,3.011419419568534,4.140228109573129,3.1145174911975992,4.212198557114524,3.4209520373221456,4.133794906997333,2.904165853922813,1.2006031132180417,1.7151473045972023
4.229843349072849,2.965331343026868,4.113789525374371,3.0313414299887085,4.312214579990839,3.4027104271185564,4.208101141494059,3.366667848398111,4.243134664539326,2.799816017543906,1.2006031132180417,1.7151473045972023
4.215151043338904,3.605939642231263,4.149793501919228,3.725085099583539,4.327764266844297,4.1236587736220525,4.302444441246866,4.505377280006825,4.352691282018018,3.2919866188599998,1.2006031132180417,1.7151473045972023
1.7534381097564,13.168955219213045,1.8862295906422384,13.291365390696145,2.1512249920608206,15.636273251728918,2.333902625015472,15.484011009440303,2.8008945306469486,11.132013909637708,1.2006031132180417,1.7151473045972023
4.018199275300156,3.54208494787377,4.219356429038617,3.523120053219153,4.130671962696167,4.048155259469472,4.350949952701645,3.863758341796751,4.124150950601251,3.530896397167595,1.2006031132180417,1.7151473045972023
4.263303580828428,2.2809418683409746,4.324651709090366,2.406756794013212,4.357684109183536,2.5160671232684897,4.555751726342171,2.622710488756154,4.36201462978301,2.355583354238709,1.2006031132180417,1.7151473045972023
4.188689310529943,2.8452308169639724,4.256365972479785,3.6183163090206496,4.280950107367891,3.250418559546893,4.3887301530688605,3.9853409099879222,4.2343064967594986,3.276549792104748,1.2006031132180417,1.7151473045972023
4.286902973041188,2.5439322827964195,4.105080712320391,2.7555004542507664,4.366862380865973,2.892694613745804,4.19421815098194,3.0805715670635774,4.322560953787168,2.5535949716086828,1.2006031132180417,1.7151473045972023
4.1796864929377975,2.7214785201989,4.12777157941015,2.7437395796161,4.276908249516151,3.065263287699254,4.255826035183691,3.059286340783564,4.222658022893514,2.6503246548653405,1.2006031132180417,1.7151473045972023
4.0006948995416485,6.098641793405185,4.200509893851924,3.476729380496575,4.17296029114881,7.103440173472715,4.312945611491015,3.867785431246744,4.205849160701647,5.391839653612645,1.2006031132180417,1.7151473045972023
4.013052450644519,2.685551420578839,4.078066219631297,2.631898608842303,4.102409115405967,3.0660327600518658,4.185881811564877,2.9405551864634565,4.112394310095052,2.6027530431004147,1.2006031132180417,1.7151473045972023
4.35326840885475,3.408210351252473,4.270735191506809,3.5294043909620743,4.429430705383835,3.922047865670844,4.356718000086226,3.936376239851058,4.430145653024655,3.211572775347115,1.2006031132180417,1.7151473045972023
4.463454213319695,2.873160202380104,4.335945573849884,5.424003178478039,4.542390012363344,3.231658991626168,4.385383389627222,5.821314129010067,4.417824156540452,4.632774862512664,1.2006031132180417,1.7151473045972023
4.042273647697277,3.233423913950011,4.27482728549321,3.106685084101164,4.141175016519235,3.701842384748373,4.348491760229771,3.428991422449504,4.204241125729732,3.197288072773937,1.2006031132180417,1.7151473045972023
4.34883978587045,3.953123764362637,4.3549378800136616,3.906810424152348,4.4785159131168255,4.5518354645237045,4.417187054146674,4.365234380341336,4.52780850793291,3.4759457006337806,1.2006031132180417,1.7151473045972023
4.205630576417297,2.688200101352474,4.035487643346825,2.8027605510572826,4.287617695572823,3.0684813219140663,4.043214798863968,3.2911641888433847,4.24832328708078,2.677768241936988,1.2006031132180417,1.7151473045972023
4.407465238186228,2.6061543937992906,4.244732056315292,2.7407032229532837,4.487990610899648,2.879643744551541,4.321920678971704,3.000407554516708,4.231939690887074,3.753380053676582,1.2006031132180417,1.7151473045972023
4.2246155347446495,2.8147343092640247,4.042131422256452,2.7689925716075763,4.307810438868286,3.1675451943398008,4.120679114071362,3.0088281856740955,4.272307299303435,2.7531491104158192,1.2006031132180417,1.7151473045972023
4.279174589588125,2.874884122084112,4.017169359145493,3.927995665422791,4.36080911620447,3.26650640219382,4.225478781527984,4.418510701834984,4.289633470532914,3.382578174524472,1.2006031132180417,1.7151473045972023
4.008401829893664,2.955530226930372,4.107073105656246,2.8731129205630297,4.131871598610861,3.345221403517588,4.231514442309583,3.107649035936176,4.189389026511285,2.8513693812535967,1.2006031132180417,1.7151473045972023
4.218858752158693,3.3090307153488294,4.092668030106667,3.2161882196168485,4.3075577428347565,3.8243225027260728,4.12874932595737,3.6819627620585913,4.248886318869974,3.079823964623654,1.2006031132180417,1.7151473045972023
3.915400535739082,2.83759292202099,3.9811608574858894,2.8614460043637955,4.02143091928359,3.234856737207845,4.148277980970157,3.126482793473304,4.061672238263322,2.6765741110699177,1.2006031132180417,1.7151473045972023
4.159580996424466,2.930604143836164,3.9652189365823856,3.273721734962576,4.266684788221017,3.3084774174012628,4.057360079460254,3.7063838352503153,4.091787828510743,3.439642319396865,1.2006031132180417,1.7151473045972023
4.087025492813996,3.406139799028747,3.990264053147157,4.107220235992115,4.17322138006343,3.888335688267768,4.007500865340631,4.974857360005357,4.182599172155083,3.544273151409664,1.2006031132180417,1.7151473045972023
3.709054714149788,4.068017252129962,3.5986561368394825,4.269463965406555,3.835830581931133,4.677482664891581,3.850318793130914,4.652646963036671,3.897353719811261,3.7411575023863946,1.2006031132180417,1.7151473045972023
4.16662295424744,2.9205434104717782,3.835947853754321,4.4955192915187645,4.265053333885485,3.3446341187119257,3.98911988818662,4.821092584065599,4.1313624929770345,4.030132204175466,1.2006031132180417,1.7151473045972023
4.328651080874339,2.871239660672767,4.538958985758587,2.679551845328867,4.414679984691116,3.299090029139245,4.56287334951994,3.346152614037423,4.5129237147367975,2.618483914170584,1.2006031132180417,1.7151473045972023
4.012127923920497,3.6402326515591374,4.327614375351072,4.442000058409127,4.133049717721565,4.157743587974038,4.546371321518267,4.928897803683983,4.354871614429813,4.221754857799875,1.2006031132180417,1.7151473045972023
4.373284094179365,2.786580189346404,4.377902597671361,2.7576620462206742,4.473854385628659,3.15855995139804,4.497723703806813,3.295526679264641,4.416928964647378,2.6002773747152226,1.2006031132180417,1.7151473045972023
3.723373572520911,3.92636329422574,3.5880194836658936,3.988758677926934,3.851606817198494,4.567667842566627,3.822074861334575,4.352108219943435,3.855145439273256,3.57096272103848,1.2006031132180417,1.7151473045972023
3.874127035896324,3.1943899539265845,3.9682077426474502,3.325873746276166,3.9736620608631794,3.615966681573041,4.077682002836264,4.217845391929367,4.090498656288823,3.359171326754665,1.2006031132180417,1.7151473045972023
3.7756279253449234,4.529209915929202,4.280090744930323,3.079756968752283,3.929156539633628,5.163066115837755,4.356887263232569,3.375970730503281,4.069316153956474,3.983999807529636,1.2006031132180417,1.7151473045972023
4.081884389270163,3.6523502130007697,4.041418225625308,3.588106036279798,4.179845037593105,4.182243500102868,3.82546623303986,4.691575330979209,4.169727057057234,3.545080393306641,1.2006031132180417,1.7151473045972023
3.9244064869778224,3.185104763113264,4.102177810473216,2.970016581898376,4.048446243556695,3.573732134749186,4.230740018182757,3.330863878493058,4.16201982200208,2.894186879451132,1.2006031132180417,1.7151473045972023
4.135271580572123,2.630594369958553,3.9467051993728255,3.354593145838538,4.221234039470103,2.984879577691351,4.076028810528888,3.679757964767968,4.191465318026332,3.014816453509684,1.2006031132180417,1.7151473045972023
2.9767498872821347,11.36610200281342,2.8963504112961926,11.55503037464594,3.310081612723406,13.388976634279151,3.5780135420421875,12.120104417119212,3.3914626149069638,9.579306830618124,1.2006031132180417,1.7151473045972023
4.059327253186932,3.5681592422604536,3.84189747904711,4.11102365465613,4.16517683369576,4.088774020076806,4.018848670938301,4.724007049222618,4.135280847375955,3.691708267743481,1.2006031132180417,1.7151473045972023
4.137436766629375,3.0313619232831064,4.1364481456445175,2.7770911667751377,4.224856791038624,3.43275176174966,4.217937273693174,3.1697033930597525,4.266422137198789,2.906005366637796,1.2006031132180417,1.7151473045972023
4.224114960038121,2.761617469249072,4.073210988672561,2.8308320167392917,4.315605036104118,3.104209620300578,4.143317124497133,3.2828495189545857,4.291875496760428,2.674403390499584,1.2006031132180417,1.7151473045972023
4.24368440965359,3.5358218996540463,4.283281695718633,2.628857575251033,4.340790916090565,4.063038709768862,4.388101685688788,2.930574133424608,4.349680643459805,3.0602496625530407,1.2006031132180413,1.715147304597202
4.18138034693212,3.6866099811033983,4.043455083227865,3.17210934447106,4.288655161027426,4.227679570234214,4.167801786475073,3.650209769647669,4.276098331714542,3.328905478164668,1.2006031132180417,1.7151473045972023
4.265711076275061,3.1418648434318084,4.175197088466579,3.6272005720836775,4.342455712746903,3.5890107224082373,4.333895172587924,3.9212122010774864,4.288909640570116,3.208379791125411,1.2006031132180417,1.7151473045972023
4.261671322689955,2.457262078242492,4.188740717956525,2.5348890039784666,4.336780737238479,2.7727475442590426,4.276401705254517,2.742767020228237,4.306618550576098,2.380703364438483,1.2006031132180417,1.7151473045972023
4.074015026317587,2.727261854415506,4.159136821378052,2.6667886238649894,4.1710816463316895,3.0713130781779068,4.357594976252507,3.0450174574812183,4.287472434676629,2.5317668180751136,1.2006031132180417,1.7151473045972023
3.8780328571347873,5.104719905996152,3.8114767591461858,5.189185336899127,3.994935563550995,5.975043978317585,3.77454688349419,7.634379042860253,4.119656677815988,4.540778931266453,1.2006031132180417,1.7151473045972023
4.136776299380849,3.353511023109152,4.219079450601868,3.491392883287749,4.239336121079361,3.826010020185544,4.275731901018095,3.965594193807597,4.326438390513923,3.1370595401789347,1.2006031132180417,1.7151473045972023
4.08259925189153,4.0639798938263,4.15685002074916,4.062935493039162,4.198139365524663,4.696927480718192,4.390635057102404,4.576317491457295,4.205034923135409,3.904272212897706,1.2006031132180417,1.7151473045972023
4.081284725563946,3.1518989482843907,4.18404935553646,3.050349310726902,4.175019859549739,3.624795779655801,4.009331001557007,3.721152155946539,4.252582500226652,2.934245299397684,1.2006031132180417,1.7151473045972023
3.855850245022189,5.4062641833241925,3.848572854679575,3.985417078371948,4.007539705422272,6.265334144944487,4.043583560902131,4.309525474282213,4.036593536825878,4.623843848292005,1.2006031132180417,1.7151473045972023
4.200817319169655,2.470944886770004,4.280733318498731,3.0882540541777384,4.284406294353443,2.7906969904593413,4.500011788956038,3.450177584689248,4.251841383045786,2.8682022482864094,1.2006031132180417,1.7151473045972023
3.5347125828691226,4.835294801201136,3.688744561648987,4.862479865296305,3.677146925685796,5.6122583516825255,3.5681393641170427,6.506762823323438,3.846197446225132,4.209511279482563,1.2006031132180417,1.7151473045972023
4.223513993113482,2.701306483656203,4.253555006979841,2.5182782484837443,4.309999025182316,3.0496341312338595,4.301983903582418,2.9085905566859545,4.320059234218722,2.5485990105381218,1.2006031132180417,1.7151473045972023
4.099017398903036,4.007792572799331,4.226189641626781,3.227256661955037,4.199213281515434,4.648102415713287,4.33477703833314,3.5973575309258043,4.178793079759782,3.7184847710573647,1.2006031132180413,1.715147304597202
3.2622503155063733,5.165222127753646,2.223115498001953,9.498393264858905,3.459207289645697,5.956667344881655,2.7097283037588937,10.123159260787148,2.782169204779959,8.275200728399149,1.2006031132180417,1.7151473045972023
4.427811157144843,2.752247096497755,4.266261086870649,2.844246948972712,4.508439294304772,3.1508605872182542,4.450526424314067,3.225914359362007,4.450526202983872,2.709837342252602,1.2006031132180417,1.7151473045972023
3.991098053551138,3.203323985274412,4.0016719759544666,3.5939728779241897,4.13160584222141,3.6674976677431337,4.206797099067583,3.9137146855991594,4.126140154616212,3.387177205113382,1.2006031132180417,1.7151473045972023
4.050872636987662,2.8477583082485136,3.997018121268288,2.898221537011669,4.163484246403597,3.2373619407206693,4.071805652127712,3.274598666725834,4.08688647249747,2.7839455872427816,1.2006031132180417,1.7151473045972023
4.285062521083793,4.221981846411959,4.18060289744464,4.003499817918696,4.397704225927458,4.891416040353104,4.298660723737016,4.345216130135811,4.358348128840561,3.8575847607065743,1.2006031132180417,1.7151473045972023
4.052342639989694,3.100990965327235,4.019823988678264,2.808374507835226,4.144097167105495,3.513940192300045,4.265538183989705,3.189022704392337,4.106672400398857,2.917769280037917,1.2006031132180417,1.7151473045972023
4.217687722324523,3.092837742046848,4.131614629823577,2.8766093387643106,4.324349052389632,3.52347472938963,4.216224169970643,3.3026203997664174,4.328923482028744,2.802250030086719,1.2006031132180417,1.7151473045972023
4.185132527972421,2.733891440276285,4.200554488321649,2.7142031409877423,4.262367098167176,3.123104166687863,4.324779221369747,2.9813519670582567,4.273844954310927,2.550208307221234,1.2006031132180417,1.7151473045972023
4.16105850603908,3.0891190301295866,4.171443498017361,3.0057471162856912,4.250815788944246,3.499683796975377,4.277642655294319,3.296102392597231,4.2307291623769725,2.866701252057698,1.2006031132180417,1.7151473045972023
3.716065234496503,4.150216433318846,3.6804145018120455,4.5108234591816165,3.844374060093618,4.773106201291354,3.8188513003657194,5.241617198155833,3.95760444233306,3.847854071049564,1.2006031132180417,1.7151473045972023
4.264028141079323,3.264783463985184,4.198644639714703,2.940610313407529,4.367732497729513,3.725851903683868,4.338053551112262,3.2601097187269144,4.350601913929148,3.0078132238395034,1.2006031132180417,1.7151473045972023
3.678726928891827,3.885059740210458,3.815371868207505,3.710430941257561,3.8230212414926616,4.4758241196557735,3.791977595982479,4.847368849864257,4.043557929518429,3.4123834941461526,1.2006031132180417,1.7151473045972023
4.124902309209061,3.0009330106233927,4.147667254115432,2.7028155080679426,4.22290696632111,3.408228193416842,4.239452836062865,3.0432419669796715,4.236265817750404,2.8182229410920234,1.2006031132180417,1.7151473045972023
3.9495317182612566,3.474355491257352,3.950016692728055,3.4937307099708623,4.038828452023864,3.970200792070393,4.0270351874992985,3.845860005542757,4.0567747375163945,3.090386808788102,1.2006031132180417,1.7151473045972023
4.592435322018582,3.1538638510829484,4.364659924259417,3.42134178005853,4.66343665612712,3.592651675500769,4.4215255462088034,3.7698725538331344,4.44742773877967,4.063747273418989,1.2006031132180417,1.7151473045972023
4.040387612768193,2.8489654675547094,3.3114637614084703,7.0649487396684885,4.139677145987067,3.209590126437221,3.495851280704624,8.051435087621567,3.705690439742931,5.984596106293875,1.2006031132180417,1.7151473045972023
4.307426322548136,2.828718854219154,4.315334495971594,2.9826702443066795,4.400962268324195,3.207425211543205,4.44507166191778,3.319994942383454,4.329344800378969,2.877910419054142,1.2006031132180417,1.7151473045972023
4.186990182464875,3.1447450095944096,4.190384758895201,3.2107011144140887,4.304077396223434,3.5619347662518828,4.2604569393798855,3.7766864991955647,4.2612269328516295,2.9722196177037428,1.2006031132180417,1.7151473045972023
3.919252270513783,3.503909564216726,3.8343157023624017,3.578237903184548,4.025992062732268,3.995227503221357,3.952867597876167,4.048906500714569,4.019317418389886,3.219652929201469,1.2006031132180413,1.715147304597202
4.303445412217229,4.0127260100520905,4.262634362242419,2.894012208113292,4.396864185144927,4.63537366168385,4.3198331656819,3.2997049919236874,4.280909871142148,3.627213442177631,1.2006031132180417,1.7151473045972023
4.192733725289596,2.5332504982617765,4.230316337405812,2.7000847521640523,4.27027112375939,2.859122661709228,4.335912806326264,3.2780562084386093,4.256549496002642,2.6128779991629774,1.2006031132180417,1.7151473045972023
4.253524634171228,2.4931961830691534,4.2298717207085605,2.553613926059045,4.324561135590745,2.787624554893509,4.296583565551529,2.920963406488416,4.318690910922369,2.428672705152129,1.2006031132180413,1.715147304597202
3.9818417303538514,3.157960183603448,3.980148355793736,2.93680203118038,4.081551622188822,3.621224956392445,4.209274291960488,3.225882768955465,4.181499443287013,2.909674829466079,1.2006031132180413,1.715147304597202
4.31705025663709,3.662604212561866,4.299557387445499,2.642114865479879,4.414789500473795,4.198021688871933,4.363857684614447,2.873161155203219,4.382991436604049,3.287658755094601,1.2006031132180417,1.7151473045972023
4.229692199392515,3.138856454945118,4.078852575619994,3.358148648369613,4.334078338526092,3.5920452641888523,4.173106653341762,3.851093111550038,4.228334433124482,3.074210985476701,1.2006031132180413,1.715147304597202
4.221845788764674,2.783335666354474,4.207037005240135,2.8229806944029123,4.296975759677553,3.1847428892605585,4.284858373983727,3.17174022475214,4.28842046198701,2.6680202576235965,1.2006031132180413,1.715147304597202
3.955449202328311,3.78248988422221,3.938317759485828,3.851370152156712,4.060488780743201,4.32126327052043,4.0502949332811164,4.26100187972366,4.133832487123335,3.484408398387998,1.2006031132180413,1.715147304597202
4.122946814902884,2.920828798284329,4.077455001792793,2.8463387141508187,4.207684470454691,3.334143490580796,4.1413240635790896,3.231326538184736,4.273767728529719,3.0019710689735155,1.2006031132180417,1.7151473045972023
4.371325108720756,3.0512016268358386,3.7826253066836006,4.288027124262537,4.470000890990335,3.472303137038448,3.92721272640568,4.751764117731473,4.156358153796223,3.782572181263899,1.2006031132180413,1.715147304597202
3.950801084101551,3.395122541258013,4.1441859966731,4.192426399137687,4.058034741686372,3.908733104927936,4.137334078382826,4.761324635121398,4.276607253995618,3.780199112246271,1.2006031132180413,1.715147304597202
4.346327013663851,2.8554202358757057,4.369814389885567,3.1292829335793084,4.420658416624511,3.2399705574974464,4.407791811557543,3.4974217870148268,4.410626031713608,3.038183281525638,1.2006031132180413,1.715147304597202
3.9947304778963217,3.9012473201257167,3.856790527272625,4.105249528912118,4.0990804527239,4.502626306421877,4.02961592277235,4.57152627695741,4.103814624879414,3.540392254029042,1.2006031132180417,1.7151473045972023
3.883033389170688,4.837475258735312,4.340830738781297,3.265521559950332,4.021285582731466,5.5938387702919705,4.429155912804243,3.646648712681985,4.162551081502907,4.239723072954832,1.2006031132180413,1.715147304597202
4.165241621361259,2.977871545904399,4.212744880060238,3.321326148933033,4.261727184153412,3.3888875812807995,4.3161672371468045,3.693677661797244,4.2730773336945855,2.8708225314839866,1.2006031132180413,1.715147304597202
3.947691205908205,4.931911987356844,4.005387725664978,3.2902032471759664,4.110361115193924,5.706372905555716,4.148561180618647,3.5717583743067283,4.22145075078608,4.459563753570255,1.2006031132180417,1.7151473045972023
4.1653431451024,2.965360754295081,4.026984796253165,3.173970044407587,4.282457154355394,3.3850740331840026,4.19404864454569,3.653795654699681,4.185077232851348,2.9738052091128373,1.2006031132180417,1.7151473045972023
4.322138587626621,2.9427926033638983,4.202460547356897,2.646059335405324,4.428802587780125,3.339819158503612,4.413785322887436,2.998211809969117,4.027300303851999,4.568275503523634,1.2006031132180417,1.7151473045972023
4.193567896835881,3.032405644699791,4.216294973871044,2.9708886459405046,4.29668237018039,3.4385000132845165,4.354307551674029,3.331957163850109,4.331959379865017,2.736375734958383,1.2006031132180417,1.7151473045972023
4.182288893870951,2.675674608579641,4.247338517580042,2.6163937395299763,4.258139891163159,3.001431755340304,4.203891776361105,3.052541974983478,4.238682700826542,2.5341833256791118,1.2006031132180417,1.7151473045972023
3.943001699488871,5.51680488562781,4.186649715094504,2.9023943783185664,4.084460595428223,6.440436860234163,4.27437119935204,3.2059181744646588,4.067898036921156,4.813562516644308,1.2006031132180417,1.7151473045972023
3.9711399732741617,3.2939884810272204,4.003771482920568,3.2914067689949653,4.07069309124152,3.803258524324724,3.986251983076672,4.568668992433603,4.047559239402053,3.501195549096164,1.2006031132180417,1.7151473045972023
4.100810083997133,3.713989970838388,4.2583464816473,3.747742074227249,4.212538431788941,4.257402910892236,4.313679747785495,4.314831624113355,4.278623056323584,3.480248833971596,1.2006031132180417,1.7151473045972023
4.0214859380022645,4.411862340734648,4.065374120857331,4.243482262483442,4.145726441423732,5.082008453666079,4.064047645614624,5.145460517019631,4.194141522509771,3.81827296152764,1.2006031132180417,1.7151473045972023
4.45301724328278,3.0531218442414487,4.346554487742022,3.2999845474260585,4.542087664318192,3.4682850932957225,4.476395579054535,3.673045347833692,4.300601375374296,5.674346720048524,1.2006031132180417,1.7151473045972023
4.2760560167110695,2.6546924635331623,4.291868604725045,2.7086920162784938,4.367458241560896,3.0376332440391,4.367525751823607,3.0537406901091826,4.365512444710336,2.6257632363115646,1.2006031132180417,1.7151473045972023
4.069738185066623,3.0386230569201893,3.9424629209056015,3.215492582323427,4.161533874998884,3.4781184950166675,4.113234365098055,3.5211998200289445,4.1745737670691465,3.129873285291898,1.2006031132180417,1.7151473045972023
4.287387309844782,2.88913653034646,4.110706258039393,3.2473426404886587,4.355188689720124,3.306233693346125,4.199146480065219,3.853361646384766,4.25804325479344,3.743599583252222,1.2006031132180417,1.7151473045972023
4.246357966484871,2.9680990217319283,4.216585354545044,3.0720858923396057,4.347598840092924,3.416334752535268,4.299020064642766,3.798872770148799,4.257720453249843,2.891059158222789,1.2006031132180417,1.7151473045972023
3.9074569313520695,5.167228050284587,3.635970216415417,5.391088726315725,4.067805168487436,5.970092616888688,3.880776528168104,6.146090537648266,4.030182603026284,4.535107780808813,1.2006031132180417,1.7151473045972023
4.29193611576937,3.2545168649340765,4.365302469147969,3.274493419295251,4.397140001500443,3.702239303995521,4.58293006503123,3.6731500656557463,4.419527543726399,2.999370842095866,1.2006031132180417,1.7151473045972023
4.191350995832503,3.3750873748321983,4.317943522808173,3.508562615158089,4.303432973010915,3.852736522187565,4.416828000815254,3.7267988541302737,4.363723374503632,3.037262654063781,1.2006031132180417,1.7151473045972023
4.409346482837602,2.823652727048958,4.294037810540055,2.8471793296173167,4.491322136225595,3.1944981973057343,4.346750806656617,3.1697026946593634,4.423586937596145,2.7001696925084144,1.2006031132180417,1.7151473045972023
4.226255524350277,3.274345766465782,3.9093251776518425,4.491645549466691,4.34888152415321,3.7290370381908815,3.990235629234829,4.878538455931743,4.12261049699001,4.127647997388444,1.2006031132180417,1.7151473045972023
4.162562849213609,2.912132466418812,4.253286334687972,2.9730815597732816,4.270461650355635,3.2656102675441137,4.438173215905378,3.202769911160812,4.369664564999503,2.795049404785265,1.2006031132180417,1.7151473045972023
4.037813055152034,3.57998768058145,4.069651122097848,3.8463020404231703,4.170617457668294,4.087805399004793,4.14070195613936,4.647434723855332,4.190902111006758,3.47691312003769,1.2006031132180417,1.7151473045972023
4.2302568443176085,3.0121260548949507,4.246103992903903,2.592405587456319,4.320486239714985,3.42347997945635,4.413505519899524,2.9125299976939445,4.323319701022017,2.845236797204805,1.2006031132180413,1.715147304597202
4.133208478624444,3.3503843681387027,3.8642448903314186,4.739058033636804,4.22561721793389,3.853106937017588,3.9368787167372847,5.121634807133653,4.088877759066017,4.253469491430406,1.2006031132180417,1.7151473045972023
4.39943089748119,2.9361692960623373,4.430484710402997,2.8532303650207087,4.487172171044618,3.306652711609611,4.506209886019374,3.1355489737789943,4.517121401475449,2.84029266401049,1.2006031132180417,1.7151473045972023
3.454887352947744,5.297829704450765,3.3809808064280014,5.3813192383022255,3.5874189867014667,6.180547081624338,3.709969288360745,5.718038294272037,3.7794783666272336,4.69633860687467,1.2006031132180413,1.715147304597202
3.7491474453183895,3.940806474510987,3.65635159601808,5.90254107481353,3.884276998214924,4.478610391344551,3.7730360763262185,7.25762738527439,3.904769610102963,5.049104938282989,1.2006031132180413,1.715147304597202
4.0981235127849525,3.4576137699126663,4.292754279245952,2.956452871602963,4.210435087343793,3.938343329573989,4.3194979850603765,3.5139358680254458,4.204853693348767,3.2456289376833407,1.2006031132180413,1.715147304597202
4.305093384575908,2.733902649919071,4.363175641312523,2.660645787480198,4.401648362062239,3.1097775807027754,4.4498985433641405,2.993110700208142,4.373469534860773,2.805994205099523,1.2006031132180413,1.715147304597202
4.131102091555138,2.8964098417082544,4.0980607530308815,3.311785947804124,4.220542387485432,3.3450808980125277,4.285567841707499,3.595385534786861,3.9302801756505374,4.697322195320531,1.2006031132180413,1.715147304597202
4.085332062292085,3.477564004108605,4.281900975213589,3.431999794731541,4.184765980645652,3.99263354112145,4.407856008340981,3.989686092162986,4.320258028130043,3.1974100636548832,1.2006031132180417,1.7151473045972023
4.183989666261907,3.6324046256492895,4.192052601133993,3.3063544150512434,4.300679868925755,4.113932571310204,4.3458922112277385,3.6983033174194064,4.363615755636528,3.32442177789899,1.2006031132180417,1.7151473045972023
4.019718050619063,2.903204932821614,2.716955551585998,10.445850226275615,4.131362212034839,3.2796636387822486,3.2753415643535777,10.623069815677631,3.350067554729958,8.744931483483196,1.2006031132180413,1.715147304597202
4.150436790321862,3.0664650253244643,4.071369753621263,3.19957039436321,4.235187104263637,3.476949968498027,4.134375621783424,3.517859044405085,4.185493639021825,2.91958257963334,1.2006031132180413,1.715147304597202
4.09557825932509,3.990960752398894,4.06336684859591,2.849889747685528,4.2066158559768825,4.568527544708919,4.301785042955372,3.1351757798917204,3.988911245096735,5.271821397260111,1.2006031132180413,1.715147304597202
4.298291044365845,2.752062811345485,4.181969961887058,3.3905664473594195,4.384809956094702,3.112945301590954,4.287195598596755,3.6409691036166296,4.357332767074386,3.0667480898110147,1.2006031132180413,1.715147304597202
4.144849955470511,5.66216868530309,4.146016277201588,4.645318719792968,4.267637576260252,6.597692145261468,4.34271989750989,5.013842398341424,4.264477586154069,4.859036399335785,1.2006031132180413,1.715147304597202
4.193523026674084,3.026703749031729,4.087952011114957,3.468646446487308,4.295837571686058,3.4724906180740733,4.32817759353676,3.767212515703615,4.167506344937175,3.357533016971336,1.2006031132180413,1.715147304597202
3.98452872479405,3.4579355991182905,3.789642104640174,3.657349820314924,4.10006489258616,3.969665040225018,4.040952099878184,4.040979220751019,4.02034552932483,3.3003352874131626,1.2006031132180413,1.715147304597202
2.325867768885923,13.720892340692334,4.26526191998292,3.4227620275515416,2.6184542324797087,16.20906626660649,4.382439065229483,3.8111390182556257,2.908849171269856,11.696279463314225,1.2006031132180413,1.715147304597202
4.141551144188809,3.2744655361346178,4.21506150420486,3.163794153711692,4.252733947007023,3.722074062870104,4.449201670615124,3.615099676231788,4.160712161415547,3.2225431663571875,1.2006031132180417,1.7151473045972023
4.214150872731716,3.5680305984562266,4.259604129559217,3.64854827626621,4.325352811596464,4.106805279813846,4.341306491044726,4.177203828019064,4.345251982147569,3.325284312383754,1.2006031132180417,1.7151473045972023
4.382822874831364,2.7843933029343395,4.263111835654959,2.533739875861411,4.467607546749745,3.140006350044087,4.354434870331347,2.8299944474917247,4.404670088084461,2.56705700730228,1.2006031132180413,1.715147304597202
4.0569824039579405,2.944321730212762,4.129221596636607,2.8783875830933225,4.153925081335926,3.342763265143552,4.249059057646525,3.366967809468181,4.178358185985165,2.8996482572265423,1.2006031132180413,1.715147304597202
4.289842664176304,2.6599139470095974,4.223287871644756,2.787876938064383,4.364781395875752,3.0123691459800246,4.307771533716953,3.106085282116434,4.3110162842402096,2.609080815283628,1.2006031132180413,1.715147304597202
4.328478944653635,3.346119928119174,4.213628213849287,3.323904108509545,4.435038099582897,3.824906622736698,4.289972668644181,3.83565587192896,4.364679188807074,3.1362967909967674,1.2006031132180413,1.715147304597202
3.749832437613329,3.505110854136281,3.853617009683633,3.2253299627415486,3.87940397398107,4.008535505131911,3.972871531864354,3.716536263841447,3.8343751762631353,3.372209521634106,1.2006031132180413,1.715147304597202
4.083819113331459,4.158499074932786,4.212964910777975,4.105575321171903,4.227905481696237,4.81330875706302,4.318109858386644,4.510862206816529,4.293308434146017,3.67324745489671,1.2006031132180413,1.715147304597202
4.01576277583515,2.578928116891541,4.032766471668513,2.788313193752642,4.136579794491358,2.880477406505319,4.19623628372008,3.128773137219091,4.143633503732389,2.542841952284325,1.2006031132180413,1.715147304597202
4.122061330773972,3.367682340087508,4.186505507555733,3.0591547804160126,4.25074154199935,3.8143156612935942,4.214759357672414,3.5522951528936373,4.311459932008121,3.0430325972156704,1.2006031132180413,1.715147304597202
4.056216545135277,4.030611707380063,4.147139092010817,4.068059055638695,4.17358210101438,4.621184866506738,4.311746994238616,4.917745555657039,4.177280584984873,3.7107318570985246,1.2006031132180413,1.715147304597202
4.190000436504323,3.327225737556887,4.162861900799287,3.381524553384722,4.2799692315180495,3.8223529967740095,4.335556585978055,3.94906008299841,4.280151904080896,3.1127139472551626,1.2006031132180413,1.715147304597202
4.383034953331275,2.9718876525786224,4.164199268849986,3.734823776648068,4.471747201102652,3.3922917771704872,4.293181635078057,4.096904662465481,4.421301854927673,3.2813527459136025,1.2006031132180413,1.715147304597202
3.923247640370935,5.239729082294266,3.710953098254657,5.222052787628044,4.077662951517929,6.084712545424336,3.92513608064158,5.813830919740747,3.771811739520853,5.328330703024872,1.2006031132180413,1.715147304597202
4.124059719501646,3.6308994780949537,4.145290102128169,3.7601227896787215,4.230046356122632,4.152583111950125,4.2334778566505245,4.597440490254074,4.284456539314657,3.506770679294055,1.2006031132180413,1.715147304597202
4.214452501150546,4.0223627676639495,4.368324196986511,2.932793623133201,4.335874452223297,4.61499259947493,4.498599584075156,3.250288987455481,4.371440052743515,3.506418703929792,1.2006031132180413,1.715147304597202
3.9820844253629946,3.97252089307142,4.151019455326487,3.96214542841765,4.112412301363469,4.585910493840789,4.319572722570021,4.268318398401738,4.298379522155926,3.5942854277164424,1.2006031132180413,1.715147304597202
4.24952343872933,2.740037769620709,4.355940037462428,2.757039613658919,4.35104837184433,3.092854043864359,4.516542884393674,3.0349488237281097,4.4051126423765,2.5306422463333687,1.2006031132180413,1.715147304597202
4.1865522249669525,2.994977012388562,4.079687686532117,2.850519058235833,4.283782719225174,3.4329244752692376,4.218617072842799,3.5461336819193217,4.217320847042694,2.8648433626967247,1.2006031132180413,1.715147304597202
3.842266803038135,4.274684734255927,3.883032887262065,3.811747864188209,3.971591756916308,4.933960579091931,3.999316551609264,4.729758761464599,4.114892192798627,3.7359762748498415,1.2006031132180413,1.715147304597202
4.192725472793192,3.133581142780065,4.22558320181726,3.189913103538332,4.301940500821656,3.5409131240730165,4.427753042727295,3.545803153580966,4.379040738394933,2.9315988917802054,1.2006031132180413,1.715147304597202
4.4221587202907005,2.325064860635713,4.354253172555502,2.280755411619945,4.487919993479242,2.590715209576461,4.429326124360221,2.503764607295999,4.454619890968027,2.2370986893944917,1.2006031132180413,1.715147304597202
4.29255404866447,2.735558941372855,4.2951013333819965,2.8435073682803056,4.371851982777676,3.103832610390143,4.447944772171424,3.1672491386256016,4.322646935055019,2.6963239277899302,1.2006031132180413,1.715147304597202
4.083545236648074,3.094504868239396,4.087452614934269,2.995081634560377,4.18663044101139,3.551305474321784,4.242081022194414,3.3808426133013527,4.191906672042687,2.921454562957489,1.2006031132180413,1.715147304597202
3.606651627053224,4.927615612586659,4.058472673357372,2.801782582203931,3.768891861919239,5.64067339202873,4.166539569063288,3.148859624824335,3.884588038438358,4.46105185329737,1.2006031132180413,1.715147304597202
4.087754343674306,3.1841682388938213,4.215636765575812,3.422042380962966,4.179108963905361,3.6504963517466327,4.152521384603643,3.889146802885308,4.198866924238526,3.3186127842755555,1.2006031132180413,1.715147304597202
4.346933416749228,2.943230821627703,4.353918491120007,2.982665582032755,4.434603455682534,3.3257252229964043,4.476795943170307,3.282639950603804,4.355165797091842,2.8585724664856405,1.2006031132180413,1.715147304597202
4.112951608526367,3.282526876590738,4.13376032535097,3.3900164284457257,4.218303852306532,3.757914624721331,4.220853230130672,3.787377783782416,4.141349968089821,3.0597379648909877,1.2006031132180413,1.715147304597202
4.175895702608434,2.6592230833144463,4.17328145181488,3.051611898305669,4.262869154392872,3.0311886434319426,4.253498758581981,3.430513966199562,4.292736697679405,2.8252361700562325,1.2006031132180413,1.715147304597202
4.239701068816446,2.720392642050896,4.260260338048013,2.6474899891103822,4.345209451904158,3.0442383148717123,4.309020191317918,2.96483475650436,4.155989902330793,3.9980062868072506,1.2006031132180413,1.715147304597202
3.889788574866074,3.56385921506474,4.102085391638657,3.185708520570684,3.998039491011605,4.099265484939012,4.24275771478476,3.648926357002856,4.106041311624049,3.1794798398953192,1.2006031132180413,1.715147304597202
4.055681214893002,3.6754032809529904,4.1319483370848,3.99168805181274,4.133274295967807,4.1949067032469065,4.269045638424605,4.485315830392357,4.111451541094966,3.538605986040364,1.2006031132180413,1.715147304597202
4.108316741676398,3.231759037323028,3.996128284052546,3.2348963984948496,4.197172891600538,3.720523246415497,4.1655716877374855,3.569352767512137,4.194832990840268,2.9863200637896545,1.2006031132180413,1.715147304597202
4.234422343933677,2.789032970797746,4.282814270955923,2.470035588101122,4.332175159968759,3.127947882545632,4.360166249956257,2.797019938164132,4.348074230582162,2.546619370167873,1.2006031132180413,1.715147304597202
4.118064560836911,2.944622387957633,4.1418475655687725,2.853884679789189,4.222325954862595,3.305656062435553,4.141814329243193,3.133536833823413,4.301355045774141,2.668150258407487,1.2006031132180413,1.715147304597202
4.234719923506766,3.2146555818819524,4.044919234690965,2.939017738762169,4.318518209356816,3.692071132372679,4.132777413251467,3.2515799187628254,4.291608939290953,3.032538605062363,1.2006031132180413,1.715147304597202
4.050080502751682,2.783905723428772,3.9258866919069546,2.7447267228171097,4.143403158513221,3.134644015172047,4.079806719744324,3.047287824684047,4.127613160221224,2.609647889680401,1.2006031132180413,1.715147304597202
4.260593517202544,2.89288916198057,4.138747803085807,2.9811005121615057,4.350461484471877,3.3123705449007192,4.259273402789551,3.322854545250745,4.2812971904911645,2.802356744848184,1.2006031132180413,1.715147304597202
4.31441598444223,2.498946940164744,4.4781441692651685,2.68832328731614,4.389814672273826,2.8020051842533595,4.545356403642322,3.1248190921492944,4.441858429298337,2.595275801707144,1.2006031132180413,1.715147304597202
4.161742933984064,2.7935949534560183,4.163579157127862,2.8274889462523576,4.249452952066726,3.189965322135743,4.341235536542726,3.201857952797323,4.316981314139863,2.6171164052132947,1.2006031132180413,1.715147304597202
4.168977426970692,3.596227994292651,4.35359996421257,3.301653485817509,4.254764716636037,4.139512304179302,4.295379297600406,3.870955782670993,4.313475755059805,3.224751391403776,1.2006031132180413,1.715147304597202
4.289656082874763,3.0921444011874524,4.338576348575308,3.3884835685616763,4.3818081720087925,3.511285080531262,4.412575077590721,3.8036126902368,4.332749787540539,3.213268909691863,1.2006031132180413,1.715147304597202
4.3712530900743065,2.9235009229301947,4.20388619256244,3.3543009862004025,4.434717071792415,3.309539647318158,4.2299618365167655,3.7526049617416586,4.296474478401416,3.100925359343794,1.2006031132180413,1.715147304597202
4.202035208984908,3.1240396573865645,4.136715339318931,3.2937987328541096,4.29735860567013,3.5531651736114505,4.304630452200374,3.582032245154521,4.294238189070081,3.185539207987007,1.2006031132180413,1.715147304597202
4.184560219824447,3.4503200422284923,4.045512264722304,3.584601594772585,4.3032305278017615,3.895715812582965,4.148293961165663,4.381669835805125,4.088049484063628,6.144423734705365,1.2006031132180413,1.715147304597202
4.048262435857874,2.84832664514687,4.039881404229248,3.118555959136995,4.169714293020262,3.2424329381916306,4.051680905029589,3.39886836104188,4.231453885759753,2.825699724197805,1.2006031132180413,1.715147304597202
4.157864410859991,2.7236407107141978,4.144080437380452,2.778128671235013,4.270790925207207,3.0771683662742046,4.257277107096822,3.017445653460265,4.2472133731426736,2.6552746357754504,1.2006031132180413,1.715147304597202
4.018863593325843,3.2782118186454463,4.102588573579746,2.983942605080936,4.09654440495698,3.763633708943004,4.149462598612945,3.3774199885388763,4.154929299273038,2.9988053409068987,1.2006031132180413,1.715147304597202
4.3091750223780565,2.819462337487089,4.240010916553485,2.413927636996912,4.392871364719032,3.186072247304343,4.338449408572846,2.6362562596787007,4.339027570371742,2.587603317629117,1.2006031132180413,1.715147304597202
3.961006507084236,3.251129525060671,4.061317546697152,3.308871956014471,4.055029397511956,3.707222900278746,4.1639067003059775,3.7145184699366616,4.0042049924731735,3.3788845800776617,1.2006031132180413,1.715147304597202
3.4485491149276366,8.58237600377704,3.3724096895212594,8.56224232588202,3.6735456932809103,10.05407272930314,3.654039382426692,9.278685649930903,3.81856170206775,7.246713209966192,1.2006031132180413,1.715147304597202
3.584793793775992,5.433043488634032,3.5771661552174288,5.7647506963696,3.7469185822162183,6.328388619541784,3.854892178582401,6.428180848031266,3.882641568443485,4.854585835675414,1.2006031132180413,1.715147304597202
4.222151584499508,2.659517844311731,4.0476122458805,4.531598670843888,4.290601364918841,3.007134627230576,4.118028851971407,5.314616671576447,4.110980683481359,3.924021558653567,1.2006031132180413,1.715147304597202
4.188356547549274,3.8875402286718086,4.192286402182131,2.8744620329755737,4.302582277548725,4.492337304139747,4.276052747902245,3.2392953758852854,4.19426379961133,3.484227106752784,1.2006031132180413,1.715147304597202
3.546714113920752,8.715634772806405,3.41101092431286,8.90113860061393,3.764363551484574,10.302899237774794,3.830462071041034,9.320463942992124,3.857309310608919,7.586643378881305,1.2006031132180417,1.7151473045972023
4.609757807888675,2.5298422258905537,4.470472505107326,2.7663137607337878,4.678839554052343,2.842780985569489,4.506013902817896,3.0910533097307757,4.519451446751797,2.6932066938464327,1.2006031132180413,1.715147304597202
4.143252714361556,4.003784295172022,4.266488096916931,4.249757594129103,4.25218508862545,4.587038910655888,4.387034375791968,5.054587728493418,4.270753144717009,4.4061203048019895,1.2006031132180413,1.715147304597202
4.165473240289761,4.315526653489613,4.271851942771037,2.6007692760825,4.27488537669276,5.013231088709389,4.370096844333386,2.852100777866687,4.295763093197997,3.784378378258685,1.2006031132180413,1.715147304597202
4.253581192578519,3.0467599762805957,4.147026396345259,2.9096013325526684,4.359413114036224,3.441291723983164,4.3707531298005655,3.142412168537948,4.385908143968274,2.7157231996665523,1.2006031132180413,1.715147304597202
4.096628714879247,2.630274315857084,4.013760783610733,2.674368654907426,4.183298895708495,2.971798279281277,4.090552223942277,2.957392101738829,4.084685857432652,2.9670911276519853,1.2006031132180417,1.7151473045972023
4.224767504162001,3.14732132901698,4.357953633811261,2.901567378125196,4.320524681757256,3.565631295942636,4.46310365928943,3.273103901786062,4.376229744159282,2.9021982728725173,1.2006031132180413,1.715147304597202
4.362607623657503,2.849368784114973,4.178817282139862,2.955426983288122,4.452162671703874,3.214799188817316,4.24456381396786,3.2669119000843283,4.37533724509774,2.7522071541716926,1.2006031132180413,1.715147304597202
3.786811299238535,3.957747642630334,3.5950400379021867,3.912012439008045,3.920484856987015,4.555108179002697,3.639657734857351,4.579839432656775,3.94662576431204,3.510747299328678,1.2006031132180413,1.715147304597202
3.929640755484331,4.381118680085588,4.004639865296456,3.6082836411601913,4.050077496424562,5.098438401776258,4.15811342965563,3.877827246123679,4.002251868697321,4.177472040168349,1.2006031132180413,1.715147304597202
3.390994843699544,6.44593149183311,3.26769160893338,6.138507249025729,3.594491954502946,7.483578515012391,3.5485029938673884,7.47187705875101,3.803354717711548,5.6141068679957495,1.2006031132180417,1.7151473045972023
4.149347774997403,3.827628061452728,4.138328176583766,3.7830591126793034,4.246984725028336,4.3802994295790665,4.213879257644493,4.167358696109798,4.274056811328348,3.840054678979965,1.2006031132180413,1.715147304597202
3.787644332931255,3.170449325273903,3.776284942157084,3.786965998977383,3.9046448539873913,3.581631108701948,3.797530094471049,4.486239271421962,4.032064902104936,3.427345174956709,1.2006031132180413,1.715147304597202
4.17908346514,3.1876388092892243,4.120506546129029,3.270080519032749,4.289123689915338,3.6308176789416327,4.101600679663056,3.679349710530704,4.172645703763464,2.866618937621203,1.2006031132180413,1.715147304597202
3.6674838416621576,7.012060561540952,3.907817309539949,7.028571055774853,3.848599357912855,8.240123853212069,4.115979324021165,7.549329463676212,4.088911163300878,5.861584824936495,1.2006031132180413,1.715147304597202
4.314785617836748,3.068972844298852,4.096557446827156,2.7596985975787653,4.3992260374328405,3.506012815208892,4.187563743654441,3.140638016835606,4.24767091484004,3.4114494108630486,1.2006031132180417,1.7151473045972023
4.035852844058226,3.6183464027657903,3.966558280081896,3.722813571833556,4.154423152908972,4.180123863152794,4.163624220091219,4.0616807197577804,4.191310348716062,3.3276383337965103,1.2006031132180417,1.7151473045972023
4.2033220292478815,3.0545492508263896,4.302247741847317,2.7805717767700022,4.300055791882545,3.514537799352151,4.393499965492234,3.076420129787288,4.376886987229727,3.0182564441394466,1.2006031132180417,1.7151473045972023
4.2863146850195,4.227710218869184,4.11682599140706,4.099891225440012,4.397980719862664,4.935399963966817,4.195916793781931,4.584335705218749,4.295436655059832,3.803726077188464,1.2006031132180417,1.7151473045972023
4.255782985524749,2.591431308215061,4.311646616985021,2.531074918501866,4.345910009871485,2.9420274291497326,4.394085360586468,2.776567729106319,4.335329239830909,2.9915966889261427,1.2006031132180413,1.715147304597202
3.9828487002804502,3.166769761523981,3.9922469523578,3.4824537560798987,4.065183168458067,3.631944889731874,4.126474522878711,4.012699574277198,4.102061477071499,3.1962469859308333,1.2006031132180417,1.7151473045972023
4.149562818634685,3.1675008197933145,4.003608773242715,2.8480702903339656,4.265540507707139,3.6330714618881577,4.087556107737887,3.249830762338602,4.08709835531282,3.016224410799332,1.2006031132180417,1.7151473045972023
4.3545144708985175,2.7547383801662844,4.390678138746935,2.5467481622802084,4.4340051658969735,3.164074663764604,4.490093613450839,2.9236406311411103,4.360371710438536,2.742040142880222,1.2006031132180417,1.7151473045972023
3.970586682216358,2.800645734265508,3.922816403479034,2.657899153075684,4.08509183804407,3.150575634804662,4.0990091589592765,3.027926900739427,4.11639779025574,2.6380596956720823,1.2006031132180417,1.7151473045972023
4.176347380651006,4.471431636750052,4.364044985392487,3.747182261100302,4.294723142460762,5.170927438962478,4.474557268490735,4.201743259572445,4.297576510952739,3.935813814326591,1.2006031132180417,1.7151473045972023
3.814309878608293,4.963117168591492,3.887671680859102,4.647454275105209,3.948579140079594,5.801829367043317,4.1078110976837285,5.588697537144545,4.028586341243427,4.358481102774281,1.2006031132180413,1.715147304597202
4.112674490591976,3.0699509695182123,4.126182968148165,3.013984107553561,4.2019047777093,3.5035132049024043,4.176000439340956,3.4459336058661525,4.191782050448048,2.745545500879941,1.2006031132180417,1.7151473045972023
4.228976121916693,3.550651464955255,4.23162694202318,3.5885476719510017,4.333410946335641,4.019073031918309,4.436206227015857,4.287819842667216,4.360056221012536,3.3283598349614105,1.2006031132180417,1.7151473045972023
4.033848874806188,3.907486343892389,4.173678291040503,4.944525174820248,4.171224470277519,4.493096485053797,4.401564829558136,5.627930829181167,3.975623995632565,6.508902075584062,1.2006031132180417,1.7151473045972023
3.3315553802504496,5.928210631697866,4.078020897096129,3.170973435680837,3.5385901233664634,6.873471839918513,4.1885010398252405,3.4543612999228595,3.7528785405505976,5.078477172096051,1.2006031132180417,1.7151473045972023
4.13044230888548,3.014466634787838,4.227034515273994,2.945294540984593,4.260651287163184,3.3943789283709798,4.317959825064186,3.25961747823926,4.284853572163323,2.761888897814993,1.2006031132180417,1.7151473045972023
4.195726977848853,3.337304945954053,4.342819713486644,2.8962285447392007,4.318583870829757,3.771857545588176,4.505467377933176,3.14168870742725,4.333680041020867,3.091659094524457,1.2006031132180417,1.7151473045972023
3.8504883383852073,4.086658026157786,3.8319169396959736,4.417101634742036,3.966930124616909,4.73883301410093,3.9387009596048737,5.149085677546913,4.091355077063554,3.784459558195176,1.2006031132180417,1.7151473045972023
4.232724852260577,2.61815103573812,4.223242071250636,2.919701955180772,4.323944697385341,2.943907646432008,4.335593755925451,3.2335639716996893,4.311033199088911,2.809685418365892,1.2006031132180417,1.7151473045972023
4.228528287373704,3.203711449415493,4.173570445003438,3.1564799496931646,4.317181819510093,3.6643991545600993,4.430193884770013,3.549593993227197,4.278205556447774,2.924427290350984,1.2006031132180417,1.7151473045972023
4.121276292184679,3.0803169058788686,3.9523014721796574,2.9780170340015637,4.216968931508624,3.5371306358645493,4.07936081945568,3.3651805125711105,4.214435266684736,3.0425428004256023,1.2006031132180413,1.715147304597202
4.123098377576675,3.725071373429003,4.2640022945937,3.373453720719203,4.236124183851757,4.298666695876507,4.406494378289721,3.840263652133777,4.328548900558088,3.4366745599210224,1.2006031132180413,1.715147304597202
4.072594626336814,2.6185511483116306,4.173440028500851,2.5566401143017106,4.180876802386982,2.919805067984142,4.2576001643345736,2.8154265524392974,4.20771528547718,2.539952831687976,1.2006031132180413,1.715147304597202
4.183553987035136,3.137591309369431,4.182114777736406,3.226848203055417,4.279743941421183,3.5683494533476527,4.310277585579454,3.637890776656748,4.234608307761424,2.9950447459036447,1.2006031132180417,1.7151473045972023
4.112077191899496,3.9875817555285935,4.18478230490637,3.82571286205874,4.201774167226761,4.597735999804319,4.293882262401154,4.726892199372256,4.286352882374818,3.534813726009522,1.2006031132180413,1.715147304597202
4.201678262797451,2.823972406231339,4.223185952827247,2.842538710345455,4.281913505680305,3.225705808910507,4.322273261207583,3.167982874295525,4.278735256620729,2.758076466124913,1.2006031132180417,1.7151473045972023
4.282929883512186,2.956651478772476,3.917684749424633,3.937858680635894,4.36424193191821,3.3817551392829563,4.161890551680516,4.339847335587784,4.275953855485356,3.688597859823021,1.2006031132180413,1.715147304597202
3.9348382518236327,3.5083876234585034,4.110461801328282,3.659730216763153,4.06248690322255,4.029543399264136,4.301502133539707,4.167203852747888,4.2141295453588885,3.5437330579856186,1.2006031132180413,1.715147304597202
4.108539489455678,3.718240252891292,4.1087907544690205,2.698755193962374,4.219427783858949,4.281511724464655,4.229565876004298,3.033678450620815,4.212688783663612,3.421832179780092,1.2006031132180417,1.7151473045972023
4.359603837853919,3.615627339980069,4.1562278340116485,3.7029463353396728,4.474220932777579,4.117988870075585,4.314678598197504,4.262318096011941,4.382175243087439,3.627312723070408,1.2006031132180417,1.7151473045972023
4.234328752426109,4.4453592240521385,4.176004170558048,4.72642123651486,4.3701026519463815,5.134646157080796,4.340011962497592,5.368846508680854,4.268209031646444,4.061332443705935,1.2006031132180417,1.7151473045972023
3.905344526657096,4.8467110215671765,4.121140963706732,3.164600242979098,4.030055696570301,5.660668766871575,4.160610611335407,3.6488835868084935,4.07994503938846,4.170202138778929,1.2006031132180417,1.7151473045972023
4.1859125034843085,2.8215582721633385,4.1673018921929375,2.821366109469836,4.288680140832242,3.1695117903413346,4.237291886540056,3.0986120158547963,4.307899378948499,2.7569203684411203,1.2006031132180417,1.7151473045972023
4.362060502259437,2.838138268629097,4.33374096707094,2.617769194803287,4.462903868572139,3.21603429386492,4.4241269340695055,2.874713510204162,4.399144284749671,2.643330876136715,1.2006031132180417,1.7151473045972023
4.088788475141268,3.1517667235173645,4.042600474175258,2.836585413394226,4.210045039512019,3.593672078165992,4.149550333167429,3.265405985443365,4.192560971254293,3.0331935946703337,1.2006031132180413,1.715147304597202
4.269838049997532,2.6452917811630683,4.234150537400655,2.9869679353324563,4.376891257385718,2.9301360933990277,4.333763147231596,3.3090953235986404,4.303055517640872,2.8801432063797723,1.2006031132180417,1.7151473045972023
4.0753404347983935,3.961478431716544,3.990441975939511,3.4000430598469413,4.196441648057747,4.534930657732034,4.1318015988217525,3.7821355008958526,4.197926802766662,3.6658643591120734,1.2006031132180417,1.7151473045972023
3.62283833892952,4.099979251356073,4.064267800232698,2.815004526235103,3.782056894761748,4.677295245787615,4.246051984089945,3.1358341665728986,3.965294506169447,3.591837526054201,1.2006031132180417,1.7151473045972023
4.211564156360792,2.8583013698604565,4.15420457521063,2.94805629381949,4.30689107119909,3.2604717826397085,4.241225791363363,3.303486863281049,4.282333120987332,2.662319780188953,1.2006031132180413,1.715147304597202
4.169656671684398,3.132624537675927,4.203691771020705,3.07929168961846,4.267632040122635,3.5880943668496843,4.324488984600182,3.594473360099476,4.287349963455132,2.9875019017642264,1.2006031132180413,1.715147304597202
4.186366000453536,3.861313116076591,4.09953042459342,3.690189934654645,4.303277934956816,4.434655716729036,4.261896952078725,4.007380140884815,4.223854604127883,3.603840899147662,1.2006031132180413,1.715147304597202
4.07660533450782,3.708765048876268,3.971410021439336,3.8138781842308807,4.208439475627776,4.243410120548708,4.066240715977134,4.253128078266657,4.217019259191026,3.4047112828929933,1.2006031132180417,1.7151473045972023
4.172443392199437,3.247412615412434,4.225560705712111,2.975389506564852,4.27307291596898,3.728396337943247,4.360454542111584,3.377207625565465,4.234230841121624,3.182663655101801,1.2006031132180417,1.7151473045972023
4.443888633032588,2.800750433866352,4.315640441378742,3.189621217110492,4.524879940171764,3.13065540685709,4.457172041353202,3.696286024469784,4.414034399255972,2.833713578983039,1.2006031132180417,1.7151473045972023
4.064465208952624,3.1866838852263384,4.148553242197188,3.239238098845719,4.1627452378179735,3.6543578539538304,4.216012740278273,3.524326669639001,4.199056343382319,2.9580449716535453,1.2006031132180417,1.7151473045972023
4.022739375611893,2.768580534894495,4.064416690224971,3.261544391574492,4.13516291344471,3.1326851421099016,4.173224538797807,3.686071155135012,4.193852173139271,3.0305754999710617,1.2006031132180417,1.7151473045972023
4.168980670612079,2.6716560031837955,4.178610161138912,2.557230992992312,4.249336756158564,2.9971418880943936,4.269424867299191,2.875942455964447,4.281213208288401,2.504348482023576,1.2006031132180417,1.7151473045972023
4.297005895938627,3.0164610299062127,4.408085949247412,2.8169145125655235,4.389054698930369,3.4671527678769447,4.551305154522864,3.262035009943678,4.429824192231948,2.8300609184011254,1.2006031132180417,1.7151473045972023
3.991642515782365,2.9657813495908183,4.147091731604661,3.0103328140344967,4.095301414864031,3.3692431273311465,4.298760491171625,3.259900168575319,4.209818602404158,2.8736859574082407,1.2006031132180417,1.7151473045972023
4.130074893454292,2.7650365667003287,4.191029550295559,2.513467713340177,4.241095899992667,3.0814228983350733,4.316340606442743,2.84438840909982,4.273678251245241,2.5987920718308537,1.2006031132180413,1.715147304597202
4.07884690971052,3.6642545706039553,2.537860629701201,15.641051056278876,4.2016451292127845,4.218376977006064,3.240237356094413,16.603194619553413,3.453067465055368,12.95758414766359,1.2006031132180413,1.715147304597202
3.856513359007084,3.739509914099012,3.863359909641369,3.993303594460332,3.984121666571777,4.251451555419545,4.0411943874031735,4.388082227192268,4.032663320078678,3.5892363552450623,1.2006031132180413,1.715147304597202
4.305949332315075,3.5900564409979863,4.124884938327544,4.463003261508932,4.375703959074884,4.106542292260049,4.219924026232384,5.293025488457765,4.32789425201652,4.095608660084374,1.2006031132180417,1.7151473045972023
4.225333315016673,3.0167397051447704,4.204762333461525,2.7948235052566006,4.354430019446172,3.3816901427458173,4.3137825006493,3.2230856750135333,4.337820069057368,2.703192345405564,1.2006031132180417,1.7151473045972023
4.481029881459123,3.923766585413956,4.444827984998233,3.912898722356069,4.586014702941001,4.557948133466773,4.505845324631763,4.2484861342051845,4.50989997866718,3.5763939555116293,1.2006031132180417,1.7151473045972023
4.278180807567601,3.2539681035000063,4.401391756014152,2.6718048294225,4.37890221582126,3.716034435673427,4.502577137044801,3.008285102396357,4.359284118556915,2.956345494229002,1.2006031132180413,1.715147304597202
3.9351797582345664,3.56726790920094,3.912880321428199,3.782508141388798,4.040624394602806,4.088389011444842,4.041765122435234,4.193757712451896,4.153103133313052,3.284509912399903,1.2006031132180413,1.715147304597202
4.22017875209113,2.992658420630716,4.221408510648224,3.2096729065034872,4.317635879656921,3.3762642949504165,4.391461590443083,3.5295068156414424,4.395891889261835,2.8517249757241787,1.2006031132180417,1.7151473045972023
4.418948309480479,3.08118930450922,4.314751167512723,2.8345199420783413,4.5098056507495246,3.4624287400639626,4.382709843897594,3.1399507600761205,4.550905047801184,2.827394573243583,1.2006031132180417,1.7151473045972023
4.305902877142698,3.077812039845369,4.310285591053663,3.1002792164881856,4.393099871729426,3.515623761842172,4.395353974806077,3.69298193407308,4.326946021340187,2.80594258482658,1.2006031132180417,1.7151473045972023
4.279784833317414,3.890899788503501,4.192570191843211,4.084117458347484,4.377243786675523,4.48727347706032,4.345771703360803,4.385653815902087,4.359368049949261,3.4985138007491936,1.2006031132180417,1.7151473045972023
4.066577730203591,3.318920535319221,4.224664111608496,3.407998780873884,4.172673536112048,3.767526807029377,4.278085885328613,3.818435004376556,4.313438517774999,3.082771692414831,1.2006031132180417,1.7151473045972023
4.083564458989898,3.840469276935162,4.021445679098825,3.8762540496091455,4.187058918920412,4.418599570805957,4.195000150374936,4.385595854868685,4.1251074411691295,3.869695799380613,1.2006031132180413,1.715147304597202
4.250013014434483,2.8525613190515053,4.2177010228691305,3.072982528677164,4.34798863546883,3.2520624403502008,4.421959418488259,3.3544784529778027,4.289859370343662,2.789977222576061,1.2006031132180417,1.7151473045972023
4.166388796316976,3.731595349749166,3.902659627111812,3.833704833225529,4.269659044520406,4.291970891467364,4.121055421949413,4.668601802203258,4.160918167912079,3.451064402436003,1.2006031132180417,1.7151473045972023
4.281843916985028,3.021568289182782,4.105561602899108,2.9377138385013377,4.377178829206358,3.4320788801134925,4.136719872742752,3.3279419713689817,4.316949160943771,3.003421830023534,1.2006031132180417,1.7151473045972023
4.142179660094199,3.1919606876882725,4.256788047338829,3.122589540293258,4.2763820887451525,3.6000255245008823,4.355882253035708,3.5676805324438536,4.2959186410584405,2.823512871436281,1.2006031132180417,1.7151473045972023
4.065394661461627,2.8589577198380725,4.026356945631254,2.7307297673502218,4.167676779110755,3.231795654849052,4.2541672017459735,2.88074430501958,4.211463112177694,2.55278672462226,1.2006031132180417,1.7151473045972023
4.063968372138771,2.8639828265905685,4.161028033154799,2.751464856655997,4.170752540172408,3.249781925441257,4.294189765297763,3.046618346396424,4.194080978871968,2.721926468439969,1.2006031132180417,1.7151473045972023
4.1377811669814735,2.568336116266182,4.035585200625572,2.985277590821437,4.214204976921266,2.897623959038284,4.09651461236487,3.431254904491598,4.2281232946582445,2.9290113914709184,1.2006031132180417,1.7151473045972023
3.788767254686261,4.120227466000423,3.942172212374661,4.536819030602175,3.910054275220019,4.651616101942363,4.139186587910929,4.813564755024499,4.098695619755207,3.890249428702033,1.2006031132180413,1.715147304597202
4.199306379652285,3.169961533373086,3.685205655988369,4.767509109005372,4.315907438245917,3.5824649342281205,4.05416597648348,5.447607245828546,4.039465163698727,4.148389521445401,1.2006031132180417,1.7151473045972023
4.317233068613623,2.791686179002725,4.319542763891622,2.7743309867846784,4.387214003291475,3.184055967861429,4.4901598102813605,3.0321653033899416,4.367168093691684,2.6570247060775687,1.2006031132180413,1.715147304597202
4.299026246913225,2.546214716889072,4.268228003059079,2.525557631040162,4.372967965803868,2.88251436683677,4.374892739777622,2.8563804464920963,4.294254037204603,2.5254249098778185,1.2006031132180413,1.715147304597202
3.9867770859004894,6.13234486405613,3.8489483116892234,6.299685310062614,4.117503603149993,7.123356543090795,4.178259276443376,7.003912118437589,4.114958186892112,5.321126458395669,1.2006031132180417,1.7151473045972023
4.458808785780532,2.776714201250768,4.435967543287978,2.629040795442749,4.53555146317423,3.1552991594787225,4.547949908866412,2.851192719026895,4.451784179697881,2.596966963175347,1.2006031132180417,1.7151473045972023
4.195925113328051,3.010227623176412,4.218594017358803,2.9095316754330924,4.278644611802164,3.414522579787432,4.357570207739807,3.276018851542988,4.288645874212689,2.870259865103581,1.2006031132180417,1.7151473045972023
4.4236046223638095,2.483766137109244,4.173122526675709,3.113499992004169,4.502058839549404,2.8209331208631703,4.18080981491019,3.601527454415116,4.332929122702656,2.6971886303549595,1.2006031132180417,1.7151473045972023
4.089445716153604,3.273596585119782,4.0114142173107314,4.804384557895932,4.207863648143741,3.772294519814037,4.102777305644536,5.586198742981305,4.25078655804675,4.384151654346414,1.2006031132180417,1.7151473045972023
3.985828855967979,3.4728770906795754,4.04473202476316,3.392892781066084,4.084435863357308,3.988654412810439,4.254460160914912,3.946862870123899,4.162678524528805,3.226244834910832,1.2006031132180417,1.7151473045972023
3.985190244386029,3.3908503833386523,4.009425665512212,3.2556879067166347,4.101685731543659,3.9050830080495857,4.068964117188183,4.067482436068464,4.225544158832954,3.041488225136997,1.2006031132180417,1.7151473045972023
4.346073857561025,2.664597335727633,4.273744639410896,2.618871468598604,4.418617608997282,2.9973332289813173,4.419896954218027,2.9345717539175857,4.4076836282920535,2.5105750827751048,1.2006031132180417,1.7151473045972023
4.390837007914921,2.9476476683951462,4.348034625463267,2.84419917669865,4.492311841874493,3.329210063455444,4.433778509349679,3.1090242200054994,4.441437108911651,2.7884384075022,1.2006031132180413,1.715147304597202
4.123031359709912,2.8176075899468844,4.179528878076836,2.9184066051692974,4.246568271068412,3.164462716485653,4.383087587517544,3.1764467711437026,4.33917856760519,2.790954299395186,1.2006031132180417,1.7151473045972023
4.360395516890406,3.0932319165821527,4.369646118370128,2.666251196261336,4.46194035629741,3.529818640173004,4.4478774510009,2.9032416414506548,4.436320653876104,2.871444368077322,1.2006031132180413,1.715147304597202
4.202631469413004,3.336500097951694,3.823828704303811,4.206063204988696,4.309230349509668,3.821508176896613,3.940906054225912,4.887596790821927,3.857198494521406,5.249443211895769,1.2006031132180413,1.715147304597202
4.1998344248339,2.412290538529234,4.255363361155426,2.623116857985382,4.298233690786355,2.7042094380849275,4.321724116166825,2.9395299390729948,4.2777937527011565,2.4171561896741176,1.2006031132180413,1.715147304597202
4.2053466892132505,2.8025418234930326,4.120608962921524,3.3396099483925203,4.284501822571592,3.18920942717341,4.34134234854344,3.698651831944177,4.2670028483905735,3.045458689810214,1.2006031132180413,1.715147304597202
4.118951161259335,4.637745456606678,3.692283957997764,5.836914141330233,4.261509331804517,5.366940653092002,3.805141264740385,6.80805811952098,3.974038428326928,5.108410081115261,1.2006031132180413,1.715147304597202
4.270301204440706,2.759193213536253,4.351607783151171,2.8542198232982057,4.353752246397701,3.1394049969490867,4.412620353295349,3.082794470967141,4.380794855625017,2.795204563282311,1.2006031132180413,1.715147304597202
4.252370159747295,3.404188241973013,4.157386081143965,2.8057292553192634,4.344557009778324,3.926620804586846,4.278684440603305,3.0493986001132827,4.301258819031705,3.203812103334529,1.2006031132180413,1.715147304597202
4.074162546841269,3.129800541936232,3.996983969802611,3.074964965481608,4.199788557053696,3.5575160839535647,4.101715638059944,3.315136906331425,4.15753889911793,2.850367211488603,1.2006031132180413,1.715147304597202
4.198331949458556,2.731477379286018,4.091663958342426,2.821503511674724,4.293045997455587,3.095382872237681,4.163863401302634,3.18706553762174,4.345241340015703,2.6047612204638715,1.2006031132180413,1.715147304597202
3.8000745101827342,3.5811447536487235,3.9474145291275846,3.535736476045529,3.942615429288361,4.0990447492946185,4.119477863070606,4.439962524690433,4.17002898906731,3.1420658770737955,1.2006031132180413,1.715147304597202
4.205671746281643,3.328328018651182,4.266030086101208,3.5041353013749186,4.313447275718498,3.803380090333403,4.263497361038813,4.073895302488092,4.378684264664817,3.1135912949021254,1.2006031132180413,1.715147304597202
4.004752939056262,3.081003158621769,4.072454095885247,3.3451361885243944,4.097852669910573,3.5010818749175208,4.245664217423286,3.673092456649295,4.209532729522021,3.1645981806102146,1.2006031132180413,1.715147304597202
4.309853826120349,3.7794585136668415,4.492047224165578,3.69167843324523,4.445551759380968,4.309710963996071,4.600724292984495,4.23496724910903,4.487063027532695,3.518362445660978,1.2006031132180413,1.715147304597202
4.182808237905842,3.6827359630913983,4.3231804285365,2.920154573464168,4.297223941045216,4.197468456031565,4.3812112898148285,3.1343020234902745,4.279939662621325,3.3698028355125937,1.2006031132180413,1.715147304597202
3.863400736974248,5.465242052997019,4.25875887709064,2.611399126405522,4.015553111502412,6.329276243335769,4.365268798809371,2.9296492061204185,4.067566096938292,4.62754996309828,1.2006031132180413,1.715147304597202
0.0,56.54332037375045,0.0,58.16175960311276,0.0233830895368479,67.35269291819291,0.4513457276506656,61.74275552204674,0.5343492141861733,47.16204969765892,1.2006031132180413,1.715147304597202
3.531302219417121,7.145999787719922,4.117089719743329,3.1946697994075737,3.695902714363206,8.388095316395672,4.356913216401749,3.665866814986431,3.87731426687964,6.236517606729903,1.2006031132180413,1.715147304597202
4.244138608167271,2.978017250214204,4.270812432236438,2.9905542710082256,4.360954474648643,3.329617673348853,4.412184262999311,3.3485419017218723,4.436424245683356,2.7829599923700785,1.2006031132180413,1.715147304597202
4.272549353755022,2.885117019615761,4.216064230623176,3.1494025914822656,4.3584177581445696,3.2980369864166152,4.322752598389522,3.437889304664705,4.342170023531855,2.9083262117392223,1.2006031132180413,1.715147304597202
4.196962131843229,2.5259056732217604,4.260794451041459,2.781585780257221,4.301153149761691,2.8572131966312617,4.336553856466563,3.0898574947558606,4.237409490324813,2.576709956972321,1.2006031132180413,1.715147304597202
3.806679623994096,3.7029992112984096,3.3721939197038475,7.512257167939793,3.913878572281677,4.226946104044949,3.5296706815836214,8.77243239960432,3.7302562377113926,6.3153489383420585,1.2006031132180413,1.715147304597202
4.16062202777651,2.738181414095022,4.137939039057381,2.757621136846492,4.237863913735027,3.0734772722363592,4.26687432232773,3.040811819595372,4.243978266659579,2.621146753297574,1.2006031132180413,1.715147304597202
4.072516893890353,3.2185479605388205,4.318837213948128,2.920228813713469,4.182454615777752,3.670624781418869,4.486679411255499,3.1568567755923405,4.2594741784108665,3.084675875178937,1.2006031132180413,1.715147304597202
4.244423645989047,2.9722689680303804,4.292682911004843,2.7693456887624985,4.351511080609631,3.3723720049284576,4.325626025893267,3.2441010753131114,4.374270879740933,2.836238074046921,1.2006031132180413,1.715147304597202
4.206010206175697,4.06777105143257,4.1399242270675485,4.05046981990184,4.341772795500851,4.697574707373371,4.267631551850163,4.5449552551261885,4.3329861270359205,3.661977499655827,1.2006031132180413,1.715147304597202
3.4444233579420125,6.7588861178740745,3.475274985968268,6.543033743724426,3.628786634430546,7.8698134164531615,3.760665234333512,6.692815708117811,3.801340579067503,5.759543590056476,1.2006031132180417,1.7151473045972023
4.183447959749944,2.656939728998107,3.963173897418899,2.735618264478064,4.297718695278242,2.9926562013655533,4.069847309491395,3.0495434233914844,4.129470868299338,2.777025545081975,1.2006031132180413,1.715147304597202
4.193560533447903,2.68606658593024,4.129105040194596,2.7546872955832624,4.309037663915117,3.01312257299757,4.330569900659984,3.0887421195433067,4.380193076650733,2.6580364817707056,1.2006031132180413,1.715147304597202
4.094962949364636,3.4300673869005984,3.911531540143579,3.593991707706752,4.1678052213727375,3.914033864399754,4.05222842156128,3.981236097565036,4.104327128057487,3.3642523185413435,1.2006031132180413,1.715147304597202
4.452012986719145,3.3415000199889504,2.659923769352145,12.07511350695395,4.534648100351137,3.8302501039864376,3.156102772211919,12.70342442917832,3.3302857909096426,9.983485501623957,1.2006031132180413,1.715147304597202
4.263844622843475,3.056395672233269,4.202347426894455,3.253428535022586,4.364985529162031,3.478779226436114,4.190101243981728,4.403421879322417,4.334352190952963,3.0295705329769,1.2006031132180413,1.715147304597202
4.172340355492301,3.448163184446927,4.249649906459776,3.177910874582164,4.266947225021719,3.978380980689537,4.282379086914605,3.5316964007120597,4.1735318130067744,3.635379996197004,1.2006031132180413,1.715147304597202
4.308274085778066,2.700262099506342,4.140953906672324,2.824264147963456,4.395876685971496,3.070272300184824,4.329072074306639,3.037412137424209,4.299655174213005,2.5944692152634934,1.2006031132180413,1.715147304597202
3.955625703764943,3.465562838477808,4.097049388641602,3.481076239539643,4.078718448441783,3.951294469824318,4.202485051940255,4.07676416959654,4.267525826436375,3.319213946001339,1.2006031132180413,1.715147304597202
4.302427250644787,2.664528753828169,4.2707717276393495,2.4664824740814653,4.414279144473938,3.0233525598736617,4.382314018117563,2.715757578706521,4.361824210401268,2.587622777601297,1.2006031132180413,1.715147304597202
3.962182561031233,3.809286323451194,4.184601865636447,3.646774761038313,4.08370592933439,4.314393693366712,4.244821824950913,4.127597857748385,4.258452576477562,3.433866939022032,1.2006031132180413,1.715147304597202
4.1726326489878245,2.7824438503517035,4.045659106388762,2.9482288664523097,4.271304673291876,3.159082034969199,4.159392168498695,3.2839377031672403,4.266656070415705,2.656349957665037,1.2006031132180413,1.715147304597202
4.012851108668025,2.9164212718141576,3.927658505748851,2.944185755698695,4.108549925130805,3.320733615091815,4.013895511909983,3.319148645315741,4.102311538249793,2.637117914894658,1.2006031132180413,1.715147304597202
4.03873461562893,2.8076620990767958,4.134501014728565,2.7680076117992773,4.145760658906151,3.189591857310925,4.239487085395662,3.1156561738763315,4.213815046758418,2.60968519303407,1.2006031132180417,1.7151473045972023
4.17214694282781,2.558850436782475,4.197016704101455,2.6380849572735,4.254657047233536,2.903176270236472,4.272330556861509,3.0057719436386687,4.211088462650198,2.439910827245241,1.2006031132180413,1.715147304597202
4.106855886569667,4.172893971236716,3.962774437353649,4.293062302058613,4.230027580732177,4.853056459402093,4.032067995778765,5.504731962285627,4.122583045462096,3.710027610254513,1.2006031132180413,1.715147304597202
3.979171895281056,3.132185163449532,4.0134054410405575,3.3321570142216888,4.1068813056651,3.5518891472368503,4.12802696256947,3.68970041506032,4.03110030349932,3.458663705240924,1.2006031132180413,1.715147304597202
4.268395423477722,2.573934291226738,4.145016821828528,2.78299166191838,4.3548873339039424,2.9303103705586926,4.204522307270651,3.237165903539035,4.311846711101595,2.6802680991735683,1.2006031132180413,1.715147304597202
4.20991998654057,3.986287299289556,4.089204270795707,3.980401277999793,4.333539695922296,4.599880678834627,4.237318155832801,4.338590885461912,4.236826981394881,3.504085865631972,1.2006031132180413,1.715147304597202
4.09076484696203,2.5582949378266706,4.267096741623961,2.6021907420416635,4.160903250872863,2.891871779988896,4.306800288764073,2.866296298689091,4.275156950194345,2.639889262476452,1.2006031132180413,1.715147304597202
4.390259790446261,3.095904101673696,4.296320536859317,4.011778702137986,4.47781648803382,3.5142333825083782,4.462655127342966,4.797749514932503,4.4215038079799,3.5414824772787536,1.2006031132180413,1.715147304597202
4.250299417316223,2.4431803833138983,4.398976280228754,2.4019094325388,4.3312482622657535,2.737896361630633,4.557684929665853,2.6393056523173746,4.430247929034754,2.32013255830948,1.2006031132180413,1.715147304597202
4.311657762878485,3.019895960116848,4.497819829527126,2.860733779432932,4.405270846181818,3.428821617976612,4.627159118746095,3.209907830499215,4.589486567745384,3.2051625508109614,1.2006031132180417,1.7151473045972023
4.215684710528345,2.8013487409882107,3.967328622616297,3.1053305063001004,4.331786996314421,3.118669716857747,4.003702773577835,3.489283242468761,4.059299722445388,3.301741188103312,1.2006031132180413,1.715147304597202
4.386945305178587,2.932553996248511,4.371176573662067,2.849025450801696,4.469973381761196,3.351597572658963,4.571329897889861,3.247234252341941,4.443628024182397,2.969814091668976,1.2006031132180413,1.715147304597202
4.023890396430391,3.1800599516749366,3.9976487481709366,3.304917660819609,4.122202576780627,3.634091399139028,4.063564501051081,3.850436949580789,4.1570479835920295,3.051033877124556,1.2006031132180413,1.715147304597202
4.352240595053334,3.111680619090576,4.358284925818297,3.2050581125004016,4.427578680912817,3.522544889847929,4.530933001445166,3.694054911619139,4.512301650534589,2.898307543328118,1.2006031132180413,1.715147304597202
4.242232231215314,2.882885048725962,4.253001394236369,2.9195901628879173,4.334104007335471,3.2737022227664903,4.25931902780908,3.225964399099644,4.295122400680303,2.7764597248444463,1.2006031132180413,1.715147304597202
4.256893610731208,2.580822778434601,4.286452559882548,2.671890875952974,4.350384494422174,2.89906606790187,4.340875468369173,3.0177711638465627,4.34513135962328,2.4929591823577546,1.2006031132180413,1.715147304597202
3.974775820867312,3.356275062626441,4.092640521825593,3.6650482861484703,4.111998209364515,3.8593197792702094,4.268171244154281,4.100741345034508,4.180016724275933,3.35361578684497,1.2006031132180413,1.715147304597202
3.699564127524643,3.5836257351323653,3.7045467902937648,4.620380639445421,3.816702687804959,4.110071347026265,3.795556705324082,4.834207868572814,3.991910519410179,4.010847545547247,1.2006031132180413,1.715147304597202
4.093805578020121,3.376713968551746,4.039307992105699,3.959742870300118,4.189289411477204,3.864437476318897,4.100681162533121,4.533452919476127,4.284728688073372,3.494512963075632,1.2006031132180413,1.715147304597202
4.065462867818994,2.412043839285337,3.8498873202452346,3.0930248588008284,4.153860776195726,2.730242493173703,3.9976159343952262,3.6239852601325535,4.074963852550541,2.958640462176256,1.2006031132180413,1.715147304597202
4.434655897152333,2.721360872849269,3.765655281659203,10.02972066867988,4.515337771668034,3.0736989671877093,4.13915919919301,11.245752261327397,4.141707125333822,8.232285324709967,1.2006031132180413,1.715147304597202
4.320666193274594,2.613790996620512,4.165108682176996,2.659110214030702,4.398831103215346,2.9903067353293515,4.313791991947748,2.9073173738525364,4.463304044968865,2.5877632555125816,1.2006031132180413,1.715147304597202
4.061057827876693,2.9473541611649683,3.452700124447052,4.547133990174167,4.169074906357824,3.3412061164904667,3.716240722939425,4.954773050706377,3.8293447048751865,3.97365503390844,1.2006031132180413,1.715147304597202
4.144560838874488,2.921672188166786,4.093655374484841,2.87121550165912,4.245350906674899,3.325461266190725,4.150136918726025,3.285372017678845,4.222666074144744,2.9026422896985027,1.2006031132180413,1.715147304597202
4.171733571073663,3.1929472823030216,4.22847251130941,2.926074227422342,4.2812306915144855,3.619230401682284,4.434475731849918,3.2082714570744817,4.297669413970742,2.8875232197974467,1.2006031132180413,1.715147304597202
3.884806330404292,3.902730301428816,3.9938173824204943,3.8303601751887815,3.997082044698773,4.47457380217791,4.007274912415008,4.697649305253605,4.074536692353835,3.5218189412081333,1.2006031132180413,1.715147304597202
4.102340803681528,2.8966612161521006,3.9454253868104594,3.30269747743458,4.185852913539942,3.311778980873155,3.933236441394683,4.209126291338949,4.153871833801851,2.94801643160074,1.2006031132180413,1.715147304597202
4.30753456136616,3.833037617643521,4.310115500157165,3.7970753424635713,4.430275095292306,4.410299703482817,4.425429814417466,4.673053294603172,4.490319853783204,3.3670625083206507,1.2006031132180413,1.715147304597202
3.838820660893448,5.01049487345187,3.8098151145375128,5.088205386025927,3.994498824121074,5.810488091731834,4.0841750243370605,5.413453397547381,4.048602456994584,4.423945386424144,1.2006031132180413,1.715147304597202
4.176123320753554,3.9969060161474177,4.330816523966698,3.014045260609517,4.277792658133312,4.5960864720387375,4.442948746594444,3.4021349045379763,4.252621154206301,3.679015431769116,1.2006031132180413,1.715147304597202
4.106283382260128,2.807448016759172,4.108490752854267,3.0576821673976644,4.2234899081851385,3.1538448215845887,4.260869147696092,3.27536722965255,4.247138704390479,3.2031370635666327,1.2006031132180413,1.715147304597202
4.061083638766597,3.2661490944470764,4.274763363706462,3.3434359627347496,4.173068279070873,3.755214410164257,4.453605745160528,3.947367814979935,4.322117498377566,3.188134716525677,1.2006031132180413,1.715147304597202
4.196293119511871,3.4393317941649117,4.1850370553197225,3.578328666068557,4.310255510378348,3.969838365690475,4.485869680583258,4.3114704954058,4.3042665546297005,3.161673343073025,1.2006031132180413,1.715147304597202
4.301431533104293,3.0691532370656374,4.244938419454074,3.093047675408469,4.386938110007827,3.460490029440265,4.346953669168045,3.498569133315568,4.302785541927979,3.053193455013244,1.2006031132180413,1.715147304597202
3.34768990827812,6.2702568573982616,3.471697544129257,6.180729975082742,3.548051549945692,7.324663666468069,3.6837944059326175,7.257962311848606,3.739037834815488,5.394966981575991,1.2006031132180413,1.715147304597202
4.103075755036908,2.718591486056964,3.9173226373428576,3.094480058982574,4.188476245235265,3.1003938138959284,4.055092187911494,3.5314558796927797,4.022593978699959,3.1727367630149903,1.2006031132180413,1.715147304597202
4.087067261640417,3.138255954683477,4.153250892937595,3.3331157604791715,4.185386921558217,3.5723209645686502,4.281252731524255,3.791621233910753,4.274814084080584,3.016872041089548,1.2006031132180413,1.715147304597202
4.125249234832391,2.735800640212287,3.9188209239588137,3.0924683534255406,4.208149510822034,3.097674004245119,4.070094795659212,3.4299992235170382,4.187131154064617,3.006826978395628,1.2006031132180413,1.715147304597202
3.9772033869656434,3.477745422517616,3.917448812088181,3.344290780243228,4.072964368748672,4.007668376493181,4.072166992452328,3.6296318275979735,4.0679611082810645,3.2075380139592875,1.2006031132180417,1.7151473045972023
4.193045779878499,4.108397861559539,4.036776644233942,4.269112394605083,4.311707916646192,4.727474041575281,4.124662062926222,4.782669481519045,4.276969179528535,3.734462196082867,1.2006031132180413,1.715147304597202
4.443713451446098,3.1781007831490684,4.394750515298144,3.1830905112633103,4.520797066095236,3.649135625689222,4.517392270519417,3.5876303448693867,4.411844620241568,3.0161161952255533,1.2006031132180413,1.715147304597202
3.9146217096096634,3.5125826408414054,4.089097194610477,3.292684272203388,4.016891599655246,4.051756751255372,4.153606483068318,3.7451941042818624,4.065305029198855,3.248669474585036,1.2006031132180413,1.715147304597202
4.006976859441847,3.0708399056814515,3.273676988844316,5.200942391920003,4.0933629805568765,3.50135384281862,3.471427151993844,6.118369849681815,3.722663845518974,4.438832082638609,1.2006031132180413,1.715147304597202
4.156505986757086,3.2111982681240514,4.298375909873773,2.683140104362423,4.268734542217191,3.6596019651437706,4.328454305494077,3.054263051618608,4.405557709581887,2.8785028895021423,1.2006031132180413,1.715147304597202
4.188073649535609,2.5135162259569523,4.351447513536495,2.634986973978904,4.269175882757445,2.8157406746718885,4.414400112905778,2.952091474180159,4.337750992398164,2.472577814595821,1.2006031132180413,1.715147304597202
3.922640422011459,4.128678756646242,3.833458431267741,4.265755141604494,4.06652180675359,4.759286641031643,4.042402165712622,4.7178370518667165,3.903580473612145,4.341201306144915,1.2006031132180413,1.715147304597202
3.941202316629573,4.170386877876106,4.169121054904956,3.064644453484509,4.071577148767306,4.83761140848601,4.212687709579863,3.521561510413593,4.084740744986054,3.833498630432554,1.2006031132180413,1.715147304597202
4.192370305281051,3.865507933106708,4.145477505895561,3.506526106917475,4.301335478179679,4.456589213084656,4.138633258898086,4.541289301522041,4.248235323011672,3.763041930977833,1.2006031132180413,1.715147304597202
4.237722511900575,2.495005963056131,4.011260631432183,2.9362372911609174,4.313458358599599,2.834572671286244,4.192364518643165,3.183580352981134,4.157475917485818,2.870226953402799,1.2006031132180413,1.715147304597202
4.090794973070406,3.797836792374616,4.257837192924969,3.632093865390819,4.209840517816035,4.373580965516315,4.308460605118704,4.463471772764431,4.244859464601728,3.5598679300215195,1.2006031132180413,1.715147304597202
3.74471002268214,4.505839581693023,3.9079130363426495,4.045204323570727,3.912306402507903,5.223324813601888,4.122203626103573,4.375530191884693,4.088026603304696,3.89666318136405,1.2006031132180413,1.715147304597202
3.6670469525456646,6.12742080871234,3.4409119670864623,6.319494816893836,3.841107328708529,7.147453438645155,3.726081689535449,6.782541046581256,3.882629493537529,5.43539730940859,1.2006031132180413,1.715147304597202
3.699938807343884,7.691162990337442,3.677577011532738,7.875514565420018,3.926372875274252,8.970028403174013,4.223810662789393,8.389710015865191,4.040999054846197,6.527556583098005,1.2006031132180413,1.715147304597202
4.120536408776345,4.153204410902075,3.74309989082534,4.325354343257251,4.246942559328083,4.780528171192865,3.966010378922631,4.642845877496228,4.085912872984376,3.803732364521232,1.2006031132180413,1.715147304597202
4.117715076510348,3.645353805303968,4.32593081291561,3.190495972913724,4.219074757596854,4.163983155960644,4.452512588493354,3.527892371289074,4.367320185449918,3.384471387785004,1.2006031132180413,1.715147304597202
4.235828099275761,2.709221174319921,3.490757640686164,6.207335273650898,4.319066827981878,3.060768394229763,3.79125266462862,6.513064800726497,3.848946978434086,5.32013487128499,1.2006031132180413,1.715147304597202
3.928010972871576,3.37237762231336,3.9393248480586935,3.5436323099065445,4.040131079313677,3.8581819936146258,4.0880883152705625,4.131472728868523,4.071875314435462,3.160617795817704,1.2006031132180413,1.715147304597202
4.198799839990563,3.1401809459494507,4.1462059027206495,3.3095618590497624,4.316982705174857,3.562828056606056,4.319939429112415,3.591857069355148,4.312910620956016,3.0317882095282966,1.2006031132180413,1.715147304597202
4.126554087314064,2.9516185882000507,4.040937934228547,2.940541249517417,4.209506283812136,3.327738596011212,4.14115323185534,3.660695734060114,4.158880080369959,2.857469002119822,1.2006031132180413,1.715147304597202
4.347811988403135,2.8132796594587464,4.284945614094718,2.6780903819606894,4.428751231933459,3.189299198149556,4.259447447435808,2.972636905453365,4.324222585240027,2.677503711981143,1.2006031132180413,1.715147304597202
4.227728423727794,3.276473142840052,4.1829377524131175,2.9580053435152567,4.316709324608132,3.778407236898276,4.262695178459991,3.3182578875154127,4.289972295864301,3.073220397727755,1.2006031132180413,1.715147304597202
4.24014431831574,2.5251809959736646,4.242509352732681,3.370181771632755,4.33644481330618,2.81481198979313,4.339700634029509,4.112386698010382,4.356436995000879,3.053859224598124,1.2006031132180413,1.715147304597202
4.03929155041987,3.610295900151874,4.037821619456944,3.666061880350258,4.151849185097245,4.150249425261832,4.031545864306933,4.558853169302296,4.203831270392722,3.364014454673679,1.2006031132180413,1.715147304597202
3.902507639287912,4.967082108361729,3.689469835142396,5.11459756423148,4.055096319239784,5.757323631588331,3.775854907211089,5.447186867191924,4.083241239237399,4.34473917046137,1.2006031132180413,1.715147304597202
3.46877708431676,6.099243101047566,3.480356516758313,6.40594988685432,3.6482813320122216,7.090417458853758,3.7616201719187616,7.046599045151888,3.791414773266244,5.425313695681828,1.2006031132180413,1.715147304597202
4.321464755757907,2.6661764348609718,4.156898347741233,3.026014615724247,4.392730683675201,3.02571335273191,4.258000279213775,3.412204961682502,4.265356732674744,2.751583412335698,1.2006031132180417,1.7151473045972023
4.3397242102779705,3.35261894893222,4.349334413736073,3.513655269808528,4.43864849673204,3.868334212770361,4.5925405593484125,4.05804345117902,4.4644530936532645,3.1246620751359613,1.2006031132180417,1.7151473045972023
4.0749674932879865,3.987006432040775,3.970280278952482,3.5019255803335736,4.21654070794469,4.592604744123836,4.066574898794154,4.027464924654547,4.261093376645705,3.556616542352467,1.2006031132180417,1.7151473045972023
3.889168097826505,3.3540812712856702,3.733974853780695,3.862652682024891,3.9908096103691326,3.8469281010225225,3.9562964089927055,4.282503771048263,4.025587126252431,3.556227513611443,1.2006031132180417,1.7151473045972023
4.06428174746713,3.898324463928132,4.062554830535456,3.2888135525076296,4.163229115634972,4.488723082440475,4.082849632081087,3.869291393163188,4.2900202775105365,3.5084101173345688,1.2006031132180417,1.7151473045972023
4.261992956985788,3.560740314912082,4.424691842839701,2.9098640156222078,4.356405900009684,4.039064434304367,4.464828320442827,3.552232085316104,4.331884746097579,3.2074162056635123,1.2006031132180413,1.715147304597202
4.0115467749545735,3.0272508044829345,4.109086291100133,3.23021266313272,4.129928422532778,3.415737572161672,4.247788862124239,3.5971098373834067,4.297867251887117,3.025479354993794,1.2006031132180417,1.7151473045972023
4.212228898888469,3.135313455707776,4.177995943029257,3.123835030180868,4.309816502303425,3.545717854096297,4.350760336229161,3.3707425519795056,4.342639994255527,3.0514001952947307,1.2006031132180417,1.7151473045972023
4.092042632143618,2.8428516744198844,4.180941568386099,2.9164583953658942,4.218222459233131,3.228000055619697,4.207417823414405,3.2371845055692097,4.313609727218853,2.673228434275182,1.2006031132180417,1.7151473045972023
3.892774918572306,4.553659066964493,3.93954100560122,4.570910717743688,3.998636261561773,5.297196712792855,4.067753192564282,4.884162569271602,4.0825273059841045,4.22065352796373,1.2006031132180417,1.7151473045972023
4.296652306717393,2.923770375384265,4.256646367865926,3.039275091951388,4.367023879407331,3.3024694329914723,4.345436763978023,3.3842081602374696,4.448868351369793,3.0293838898011582,1.2006031132180417,1.7151473045972023
4.28401863423653,3.218969954006735,4.4078204831255166,2.7510558282110766,4.3668340821740825,3.7159224044811583,4.448418870530129,3.0168966648357003,4.336724151481127,3.2851162400824925,1.2006031132180413,1.715147304597202
4.097347311349519,3.5615706943983825,4.086281847257068,3.804514676311085,4.192581176799833,4.0900372579839335,4.2433890641876815,4.47031897431331,4.248715921752283,3.3624520510407723,1.2006031132180417,1.7151473045972023
4.24154534611929,2.857791026764539,4.04926172835736,3.071049634767731,4.347439611429926,3.250844557031835,4.224533353714643,3.534371491805385,4.200444339073236,2.8906933344823096,1.2006031132180417,1.7151473045972023
4.052192364722516,2.9237591492274806,4.218923197781996,2.7946611378850466,4.162136735541613,3.314011458994231,4.298956561743498,3.129588964552329,4.297706700587045,2.6686284360345214,1.2006031132180417,1.7151473045972023
4.017383456438348,3.34294560312002,4.126602474112672,2.851178008324001,4.132815878214236,3.8181267811310775,4.207980854135042,3.3259172679807163,4.136916524588306,3.05744866662367,1.2006031132180417,1.7151473045972023
4.228059244346485,2.6684992633457245,4.232233987274574,2.8726928290634697,4.302232180549916,3.0248491884475266,4.32187245830043,3.2520631122341324,4.27256879640035,2.791151136608906,1.2006031132180417,1.7151473045972023
4.288573174273645,2.8704484684490867,4.306966379322611,2.8402479902331943,4.376401658061357,3.236753687292633,4.409155483289837,3.0244551975043006,4.315544790111766,2.7304026664086067,1.2006031132180417,1.7151473045972023
4.147280985961471,3.754379818210353,4.030212438060104,3.896685359359634,4.257309580162602,4.252421992807843,4.343287981567689,4.698606710445923,4.199375354048447,3.4135995737660814,1.2006031132180417,1.7151473045972023
4.143440839185214,2.8820079880847698,4.157539821115812,2.897008117082361,4.223272816262314,3.29720192864358,4.154381877121102,3.394587463464154,4.156504199648065,2.7608731775384494,1.2006031132180417,1.7151473045972023
4.256594924775381,3.120501147145517,4.157475805112666,3.2578980453783046,4.349347278114438,3.564135044486048,4.241481749799704,4.125527281446826,4.3338249614374,3.063503239159502,1.2006031132180417,1.7151473045972023
4.258179767829155,3.385665965911138,4.089743262974422,3.482247370964288,4.361122233462734,3.860113264563064,4.284771810945262,4.303243335023999,4.340120958607805,3.194613029413546,1.2006031132180417,1.7151473045972023
4.364473670372088,2.6263934848188506,4.376776965052459,2.199755370768097,4.453792958757819,2.992168056930819,4.403372468880671,2.4661356687582194,4.458994867723229,2.515640610011149,1.2006031132180417,1.7151473045972023
4.073220367565498,2.6786157462179343,4.192634298805307,2.67216473953639,4.156911125941181,3.058141316475628,4.304763769907533,3.1455139469610685,4.231706883862376,2.537898450028844,1.2006031132180417,1.7151473045972023
4.047887164239148,3.336823036912209,4.002371774119758,3.151952038872705,4.168922686501111,3.809740231718923,4.172743722192235,3.4028954291742504,4.190381731982639,2.961864121461993,1.2006031132180417,1.7151473045972023
4.107179609665807,2.783041578116244,4.207524696865932,2.674036768073011,4.200454674861366,3.15075097631293,4.268120286866985,3.05019043079972,4.191457350375816,3.739394447553267,1.2006031132180417,1.7151473045972023
4.313349495177813,2.8345030298233884,4.496438809190102,2.593380498826071,4.396822824149564,3.245376297263448,4.6096287596508585,2.8141653486134723,4.43220200389989,2.7701454339771066,1.2006031132180417,1.7151473045972023
0.0,25.941420342738457,0.01194241151956,26.06574142724241,0.656768890166793,30.847345487431472,1.0094471032125758,28.67597569999729,1.3644796465094615,21.5207576061312,1.2006031132180417,1.7151473045972023
3.8384736660948384,6.400078854306406,3.5508642074485746,7.189184747904897,4.014295004430993,7.479815700019554,3.875931360028583,7.965865261288875,3.8284189553420434,7.542506570754992,1.2006031132180417,1.7151473045972023
4.235942769904277,2.9717527504175254,4.072538923168742,3.9288434962033087,4.337826705237891,3.3871328709343724,3.963551752554179,5.042889407539951,4.222065648586661,3.4731543028253604,1.2006031132180417,1.7151473045972023
3.5358076349827163,6.963445888567236,4.115505287619585,3.16339290424656,3.7058820564920794,8.146488441790481,4.168277802651321,3.626810885613048,3.8087135890320143,6.048291089309889,1.2006031132180417,1.7151473045972023
4.24097444843303,3.24627367806961,4.281317324486213,2.9525322916719823,4.327711788180954,3.696676869421157,4.42706144920673,3.283307905350685,4.322391634048129,2.945480285627726,1.2006031132180417,1.7151473045972023
3.984220052628168,4.507100845826495,4.044053260960041,4.337437652665386,4.103104842755871,5.229169170835784,4.205301702101449,5.138008294354712,4.153365684049269,4.102951243821407,1.2006031132180417,1.7151473045972023
4.28968129414883,2.977230992157771,4.317625181509047,2.6997808715800677,4.377341915807117,3.39310531861928,4.440949527328523,3.0238362746285143,4.354461003451436,2.7741409147757885,1.2006031132180417,1.7151473045972023
4.022606106879596,3.570032044766519,4.135720841463198,2.753906778921078,4.119384156749844,4.121410341899975,4.278218219473553,3.1200957643848595,4.229481997148544,3.389792312279806,1.2006031132180417,1.7151473045972023
4.123345577415215,5.731498642701956,4.392552572354097,3.1168900797669434,4.237978283600696,6.662345796564182,4.496655578097156,3.6558289116966254,4.2907872834429,5.018086753111722,1.2006031132180417,1.7151473045972023
4.095737034873201,2.730380449573276,4.091745869510819,2.916990582202389,4.203378585827532,3.111611695421661,4.18308426751409,3.2008148836314314,4.0483078430398525,2.8676661702176736,1.2006031132180417,1.7151473045972023
4.1454778059742825,2.996219666874937,4.312885638042705,2.93934780492654,4.248072863577786,3.422113522962722,4.4240413431699,3.3722106366421585,4.255134860328688,3.272029551924541,1.2006031132180413,1.715147304597202
3.690717192819928,4.175376941592447,3.473315739037924,4.3438985694218255,3.81268557938645,4.868629570134175,3.672909637463297,4.739376454637342,3.882148628781261,3.731780325501109,1.2006031132180413,1.715147304597202
3.605797300874461,5.83620620315521,4.075645887243278,3.472133914082556,3.769453602096457,6.808267943215857,4.241892706549838,4.198518745232494,3.8727569701857214,5.028877953476003,1.2006031132180417,1.7151473045972023
4.118277629791398,3.621276753992239,4.182167826043124,3.9964973992917456,4.25176560538734,4.137107601283814,4.415429870747476,4.648822759224747,4.192994003732943,3.751534779666613,1.2006031132180417,1.7151473045972023
4.101078106198103,3.029021264996136,3.9672859054476106,3.7396543560838222,4.201164508406677,3.430038702665467,4.057389055786874,4.225695735098124,4.213994923124007,3.36600038300127,1.2006031132180413,1.715147304597202
4.156279125835869,3.407524622763296,4.3276416497727,3.116847058529165,4.261846823597407,3.9509705763498775,4.439983639408404,3.5767611361114104,4.392905525623821,3.1690148095653448,1.2006031132180417,1.7151473045972023
4.0283957817577685,3.8292968282359023,4.074687466557356,3.981757593650835,4.138084210939911,4.400077240918515,4.150302434231762,4.650932449565081,4.172746332064388,3.5996386905815125,1.2006031132180417,1.7151473045972023
4.034746482160981,4.328073983096553,3.886875759229423,4.195643073616698,4.139940156339742,5.016435466350053,4.078998653960065,4.560717589749176,4.0657287772440815,3.755176541658644,1.2006031132180413,1.715147304597202
4.390672369748776,2.523995795322975,4.36399882379536,2.624927338432005,4.47839702174576,2.8019001595564634,4.485946181223028,2.8811767359609,4.206021337659055,4.230268802152639,1.2006031132180413,1.715147304597202
4.202196361880308,3.781667749720527,4.284770043941752,3.72258558806934,4.313090869430305,4.383735433354896,4.375474346096386,4.275797249605928,4.350254583834975,3.3395733038250683,1.2006031132180413,1.715147304597202
3.964161366480691,3.293536748986131,4.097055028124275,3.379676996907265,4.095665478358102,3.735395617831821,4.259165836084769,3.7666016877587096,4.231171050232577,3.0098790834343268,1.2006031132180417,1.7151473045972023
4.204286198294933,3.114296396294568,4.036289524566029,3.130247112145318,4.306834713801394,3.5286384708443954,4.155263736392302,3.5234263098135727,4.308280036051079,2.8795285866225844,1.2006031132180413,1.715147304597202
4.308679508521978,3.2134481832212893,4.301784973956957,3.276032981463343,4.403180383679145,3.633187333965364,4.491624830836852,3.685861292031337,4.464036797044967,2.9688809228731,1.2006031132180413,1.715147304597202
3.970478896916601,3.169490951370171,4.0451184436652525,3.001356889622521,4.089479326965978,3.635462384000293,4.190368716591184,3.4066549539850475,4.195225564583455,2.856012010897886,1.2006031132180413,1.715147304597202
4.263745464750363,3.029825528486726,4.076946456041711,4.119263485834865,4.36597503680312,3.477506167024442,4.146759226158493,4.542511803204248,4.1754477779850205,3.884631411606381,1.2006031132180413,1.715147304597202
3.652032218675276,5.509892196951176,3.773502067507272,5.395812454431682,3.795604486311244,6.429939782398709,4.013609313479233,5.763946117676144,3.907241062162457,4.725212535559147,1.2006031132180413,1.715147304597202
4.188526440536807,2.920344570030785,4.219168324145926,2.707067309821674,4.298251153718201,3.3212411264266453,4.371842820091747,2.977530369929201,4.315236236615064,2.69117712523665,1.2006031132180417,1.7151473045972023
4.265892756644106,2.781879021363767,4.37246106008468,2.93837048026601,4.355836834835161,3.151050557349225,4.523045485980064,3.2429834810552345,4.374838567717831,2.753622428274657,1.2006031132180413,1.715147304597202
4.39687943376219,2.543318803821541,4.426807569545784,2.5832212859553265,4.477009825278542,2.8544130823536555,4.533188427001198,2.8142201811935044,4.4848154988987785,2.426216129667967,1.2006031132180413,1.715147304597202
4.229384775138859,3.2893647841561786,3.992729177073396,4.20810845032006,4.344961837597411,3.7568250283667166,4.176612309112504,4.510179664755621,4.270902152039227,3.786215318739004,1.2006031132180413,1.715147304597202
4.110621014266493,2.8252078575302546,4.118046969281781,3.014872885565534,4.188834420224494,3.1893176173847166,4.253359256041269,3.399096028069458,4.231023228764779,2.7497661847145176,1.2006031132180413,1.715147304597202
4.33735843749229,2.7798595607781067,4.348229591744042,2.884657483896104,4.424701024083799,3.1355572490835595,4.467077014009544,3.296817025024818,4.331457946651649,2.7136594703739605,1.2006031132180417,1.7151473045972023
4.175644049797748,3.350324910875422,4.106133654418075,3.4656437294216897,4.305235983529544,3.76009112239528,4.209749165274668,3.812611837607194,4.348791199992525,3.176147799794779,1.2006031132180413,1.715147304597202
4.24739013332642,2.9328710350707543,4.314124556250361,2.8818137898422647,4.351502453829873,3.354491359832614,4.391504124391346,3.4416206604674717,4.366482035268502,2.752899704972802,1.2006031132180417,1.7151473045972023
4.074268746538658,3.047877884396152,4.123723682376124,3.003724506852764,4.185273095718768,3.445207797826763,4.354375650924677,3.3891853816871462,4.160104783092484,3.123572554019031,1.2006031132180417,1.7151473045972023
4.247567733391259,2.9075375179211504,4.217742509787151,2.865695708617556,4.3232033768844005,3.308695515705667,4.305850484061804,3.2695179489558064,4.3335415643103605,2.7805142257732625,1.2006031132180417,1.7151473045972023
4.174902750785315,3.0459030227849966,4.268483876352411,2.888884531782829,4.278425917329846,3.490303280826041,4.405618277223589,3.267372355988284,4.27944107263647,2.9022702578285102,1.2006031132180417,1.7151473045972023
3.9580193320775727,3.478508542172265,4.034147539120251,3.391085501016724,4.079155332048976,4.019031265866046,4.129978497306274,3.8141731884485695,4.231291845498867,3.1298940014034726,1.2006031132180413,1.715147304597202
4.287590469482434,3.178708749137741,4.399434876470505,3.1436641487297354,4.390336025816702,3.606321219853226,4.507115145819236,3.508676597961325,4.421635028926554,2.97406017434816,1.2006031132180417,1.7151473045972023
3.950265181302743,3.2717364861282925,4.108419760037106,2.864963608321827,4.0585987387979205,3.716967464888168,4.193547239421473,3.1655462803121908,4.10471351252734,3.009589151422106,1.2006031132180417,1.7151473045972023
4.24457974394538,3.2040023355210723,4.428985122326003,2.7497851876559416,4.3177528267554015,3.700948807956512,4.526951815695522,3.0190956663648003,4.421163011755487,2.919748890396607,1.2006031132180417,1.7151473045972023
3.6488556062093354,4.398332989110098,4.116919663871475,2.7626858924420405,3.7933499285271486,5.0838511195435805,4.269212227059801,3.097032796873993,3.994404318219532,3.865699232705312,1.2006031132180417,1.7151473045972023
4.342464466392187,2.9316964763922795,4.342675206934779,2.8205711559025826,4.44712052692921,3.317091857636643,4.425368950209816,3.17495409446253,4.360270088322636,2.704439871785548,1.2006031132180417,1.7151473045972023
4.150433011485726,3.0325429855717227,4.132267142465931,2.867926701221735,4.259273542226169,3.4592332650412905,4.179816775010694,3.244836302557593,4.286560862261198,2.744243456206604,1.2006031132180417,1.7151473045972023
2.916096439590696,7.293024155639697,3.8908141921188784,3.800504424564338,3.1288087991478277,8.564626039330786,4.129651520382499,4.154550331394009,3.3253069019609454,6.471198590469264,1.2006031132180417,1.7151473045972023
4.149902304657527,3.0761961017322705,4.007547978630297,3.484665873266434,4.254835392463987,3.4797759157014103,4.060171230648681,4.111346983074877,4.130869389986824,3.2451785374378432,1.2006031132180417,1.7151473045972023
3.9617687949078815,4.261547929135863,4.038649304664379,4.081554036543573,4.111697096036465,4.908300752431638,4.201508742631009,4.881165571146443,4.087644406875243,3.823923842680777,1.2006031132180417,1.7151473045972023
3.744534797467193,4.53684827096594,3.764264679015586,4.023978150521388,3.8710138619363033,5.2252503883483294,3.893701622442916,4.761004596090239,4.014012115257662,3.939763758168273,1.2006031132180417,1.7151473045972023
4.23455716097187,3.957042980760476,4.10030469049397,4.184408964503894,4.366620775195422,4.521314736158445,4.238624440313621,4.445806247519179,4.341042193969872,3.60864248668189,1.2006031132180417,1.7151473045972023
4.304931361195827,3.121598618163015,4.192231446214625,3.676156764759311,4.39607560634553,3.5673411110803057,4.351971137474011,4.078233916889983,4.278475335462849,3.29792818652111,1.2006031132180417,1.7151473045972023
4.286578612932123,3.019186081559986,4.34025441514078,2.7791273076409286,4.384809440123426,3.3808894957827147,4.438967050101391,3.061763285056007,4.383014695049881,2.694769955688957,1.2006031132180417,1.7151473045972023
4.0903764776907705,2.680445301820076,4.323425131922205,2.7161035833589824,4.180558983861317,2.980871087662229,4.395099591317423,3.1074107647630496,4.256729146989765,2.56820807489622,1.2006031132180417,1.7151473045972023
4.382747972141514,3.2364950168853484,4.443401483953555,3.3845346022421667,4.493991696927713,3.6535767287972623,4.443019154559503,3.8865421477459696,4.409962276189179,3.0332328992675035,1.2006031132180417,1.7151473045972023
3.805503203525986,4.583264810250689,4.276155359519591,3.314329493400722,3.931182361419233,5.312069214606217,4.427108995614495,3.76810800783184,4.051566351594342,4.110582492601901,1.2006031132180417,1.7151473045972023
4.190303709316566,3.644704726450669,4.373549317910474,2.736294321406315,4.299396024574208,4.167203766362882,4.4166304893821255,3.06631091594326,4.329700998995984,3.2937152992625616,1.2006031132180417,1.7151473045972023
4.078615095744913,4.292545792069331,4.072568574735982,4.1994274339620405,4.214233526355077,4.972638507647797,4.089411772423079,5.0301495775231375,4.300558200818844,3.892083005591473,1.2006031132180417,1.7151473045972023
3.5467991920317137,7.085999981110176,3.504900714553576,7.1237747071868815,3.7454816917728864,8.2345235675397,3.833782525095435,7.857356773726885,3.81563690681165,6.344208755201102,1.2006031132180417,1.7151473045972023
4.226935893501198,2.8416503485412576,3.9581999558537113,4.173043776342429,4.326203719215858,3.1925094082465413,4.145244222341309,4.550644032961928,4.1596182722414285,3.733002810732249,1.2006031132180417,1.7151473045972023
4.082216983209703,2.8396053833801296,4.186482915342438,2.9648890285810934,4.1919082148612805,3.2162865520453754,4.376722991413937,3.323100564762277,4.33756919559992,2.7397656541579924,1.2006031132180417,1.7151473045972023
3.15214317841769,11.140105265592606,3.855726203007734,5.044485950841542,3.459131972970161,13.146330155173612,3.841130769560806,6.510755756503261,3.759283307857044,9.381117847788952,1.2006031132180417,1.7151473045972023
3.945491729231553,3.7443990053675336,3.812521290994843,3.7225155689036136,4.096043870118575,4.257891718902048,3.969643115251837,4.236196058696873,4.128071585075492,3.2795208310718285,1.2006031132180413,1.715147304597202
4.274101844916009,3.078541645932355,4.4303462376362175,2.9204772079821693,4.3679174838546855,3.5094470351389955,4.5031981017907485,3.232665612178468,4.450568146452896,2.9127972673722837,1.2006031132180417,1.7151473045972023
4.437624385205679,2.5993445711785315,4.456037008068206,2.61718103024134,4.502277092358691,2.990490800971052,4.524283680841554,2.7555641576479517,4.465289067592178,2.5387419311563493,1.2006031132180413,1.715147304597202
4.182734102448264,3.258352848446455,3.952268288222118,3.350144118917947,4.269533785767897,3.677284465654056,3.98395292468848,4.124009600786429,4.222641149110348,3.21731589032401,1.2006031132180417,1.7151473045972023
4.182918021190044,3.525247159685022,4.087991936850585,3.542111725382481,4.285326064625599,4.030103731721463,4.247469318427496,3.862794082522353,4.280787223542544,3.248828009542404,1.2006031132180417,1.7151473045972023
4.054343899529826,3.626123570944576,4.052181409956988,3.1911740954767023,4.169085212200826,4.143909102864876,4.1527852388235855,3.579692017704209,4.2170738220046005,3.2475738171716544,1.2006031132180417,1.7151473045972023
4.2275919537338735,2.657327114081856,4.24565273674943,3.040583739421929,4.333576369617545,2.9980054184145075,4.413247947286542,3.409170894269313,4.266832257723344,2.733117180626434,1.2006031132180417,1.7151473045972023
4.358959883267142,3.0585176431884173,4.17434830715818,3.570023199716605,4.45649110154835,3.45815850503396,4.321242762837335,4.052324114630859,4.30671832901861,3.290896721335811,1.2006031132180413,1.715147304597202
4.126766349766687,2.642443652482414,4.033793031247378,2.6096615566650883,4.228138407320663,2.988751577965893,4.143116855108668,2.9275017799094023,4.116131425324859,2.5624227564320377,1.2006031132180417,1.7151473045972023
4.21969538754326,2.473528460468373,4.202887228875303,2.5904043684500846,4.321932805447762,2.7435038836954253,4.306858866300159,2.8565411961319547,4.359289247052991,2.467951905024456,1.2006031132180413,1.715147304597202
4.307428125532133,2.8139500126832795,4.116352826462627,2.9022774281545294,4.407617731682573,3.2162271256861965,4.209500387440896,3.260248587117617,4.311616736183074,2.762790962627772,1.2006031132180413,1.715147304597202
4.422886827081938,2.6244978118549938,4.290578906124506,2.9293126583289366,4.497444382865044,2.984506287915592,4.357655845679531,3.376127631157288,4.439786497146603,2.670952446260647,1.2006031132180417,1.7151473045972023
4.121402012519799,3.422056959606963,4.120254778006321,3.6394063006028814,4.229895963611661,3.93055694104576,4.334279387009601,3.9586529643919945,4.245588252144186,3.3075535103903864,1.2006031132180417,1.7151473045972023
4.12399831395531,3.172510769152713,4.180047684674723,3.212237441076747,4.232647391086312,3.6179718911821848,4.336086481482893,3.583994008081514,4.292764345034892,3.1508641095064363,1.2006031132180417,1.7151473045972023
4.435721824577171,2.743962786213139,4.4501555396468655,2.87386427098433,4.5100370680571205,3.1237955813891523,4.613738832373964,3.21928206452043,4.472274460158521,2.587834193422409,1.2006031132180413,1.715147304597202
4.027861996230312,3.256391000685782,4.050094613174523,3.3272634979421363,4.125211288452918,3.7283510218173497,4.160991793911302,3.528490741981636,4.15873175135088,3.0465623310899246,1.2006031132180413,1.715147304597202
3.9486655698059376,3.0001158567930184,4.1799701031398175,2.7042119234045816,4.0536620318511085,3.4177108907523546,4.27960198887306,3.0426635448801576,4.1149092981510345,2.7293085605656424,1.2006031132180413,1.715147304597202
4.380860010981269,2.5454754815025447,4.339525434281729,2.712129695859587,4.44719819698754,2.8580898300119366,4.493619369318696,2.957613276252678,4.450277928091388,2.634830969878325,1.2006031132180413,1.715147304597202
3.7768478954023808,4.0925751602770974,4.302414248904642,2.8420279167883185,3.909546119330472,4.731717656824669,4.3660961017884885,3.260830671067547,4.216272613135311,3.532363779797318,1.2006031132180413,1.715147304597202
4.0460366454171774,3.3300779078628864,3.994349322690559,3.4717352365005585,4.164312532705796,3.8171301939988416,4.012643997333375,4.1368832536844815,4.181979734412965,3.230120360173475,1.2006031132180413,1.715147304597202
4.157319894515162,3.05339591451516,4.127842493675076,3.3871947122575223,4.249507794266218,3.4831745300628403,4.238775465221882,3.73050780657243,4.230770633017959,3.159719569092694,1.2006031132180413,1.715147304597202
4.234512737648248,2.763519076541877,4.2695855675458745,2.740483132757188,4.333144629006141,3.0759685869143056,4.380949214637942,2.972585327962837,4.342242130234076,2.6159060812504955,1.2006031132180413,1.715147304597202
2.4756959419931723,10.349251791872934,2.0752822450384403,10.420002032457305,2.7095016950434485,12.12333367669123,2.7409671404309117,10.50274623632182,2.873424659079021,8.62728319691954,1.2006031132180413,1.715147304597202
3.8236691801169664,3.857384587149268,4.010658760863041,3.619341812705231,3.944975713189916,4.398894737080178,4.2056095227662365,3.936161451494145,4.0668035860332425,3.6459533899346175,1.2006031132180413,1.715147304597202
4.343476101811086,2.390112343297261,4.375874006833924,2.5315400384959594,4.4051474630515415,2.700102873346342,4.451583349772673,2.788251109965935,4.396015212275338,2.4749405084129945,1.2006031132180413,1.715147304597202
4.375392260926457,3.3077326362622235,4.368635498185478,3.5277959320209105,4.446094364486849,3.7627396770455137,4.314769377748779,4.067522955244352,4.5038102123209605,3.1457102385679248,1.2006031132180413,1.715147304597202
3.828452729195949,3.861199329908534,3.805806559665941,4.141255316850854,3.9601458238503295,4.459248366346032,3.8564258345880367,5.124597490908816,4.014324089210056,3.7083076724692834,1.2006031132180413,1.715147304597202
3.976609165061428,3.0002440651229256,4.02972237567178,3.0788091184471247,4.081839170376106,3.4039180791888826,4.0182370375895085,3.503300243111056,4.144141614530032,2.869288157849875,1.2006031132180413,1.715147304597202
3.640102457693647,6.678356176749898,3.445255925462531,7.090723638836526,3.826269003411836,7.775831942581474,3.745958543169792,8.000986088868277,3.722342986468585,6.190886202575976,1.2006031132180413,1.715147304597202
3.8816093872523454,4.528203079515431,3.938373385282711,4.378630086542184,4.018180920099027,5.249982454424438,4.087300427778493,4.933103323971692,4.088344463544542,3.9446125090528112,1.2006031132180413,1.715147304597202
4.204549925933192,2.791401914364008,4.125971614890347,2.6628136734329457,4.292347408167377,3.1624281005690653,4.193100229425395,2.837769220622261,4.291625529190773,2.806916568879597,1.2006031132180413,1.715147304597202
3.996360926160421,3.137716698017764,3.964286204214722,3.166899325304942,4.107141356220885,3.5609716952126838,4.049174591751392,3.631587351253844,4.14380616937437,3.09488267233076,1.2006031132180413,1.715147304597202
4.182957634712168,3.2584437850758787,4.343917762098222,3.230791138175362,4.276239733206702,3.731171450244428,4.564802022100053,3.5742442500556684,4.336932811315636,3.311110295460044,1.2006031132180417,1.7151473045972023
4.293694624137767,2.4002396400261503,4.197637217457664,2.572726958267938,4.376386501523567,2.707747338401598,4.320281120975036,2.8231209362978595,4.333966635925416,2.4302691614471463,1.2006031132180413,1.715147304597202
4.150677354068017,2.899840863602341,4.157704669547351,2.6456256762895127,4.254025431331519,3.2732590523545557,4.325803363426326,2.994363380020606,4.314113791822176,2.8464513254261523,1.2006031132180413,1.715147304597202
3.8943331425211567,3.669376227704967,3.7925555905426056,3.7895293030921113,4.017167402308018,4.220945539091514,3.974701850882576,4.133911259301521,4.029719691360295,3.353220201753184,1.2006031132180413,1.715147304597202
4.297869157087004,3.1315555864591813,4.361788638640815,2.946479552172893,4.403377264356217,3.5175854273857623,4.445786991793976,3.258268671815556,4.40633030101099,2.7677687263698822,1.2006031132180417,1.7151473045972023
3.711805086307928,4.744835853436776,3.4341810624123794,5.076845171883895,3.889675888180461,5.450058636709272,3.5645048096534278,6.276685765503349,3.912177024906824,4.288843692139529,1.2006031132180413,1.715147304597202
4.249767170402525,2.981517388033472,4.28839890837854,3.094765313700776,4.334168309755862,3.4320961827930323,4.377964653584525,3.37394375444594,4.356576627149667,2.8666319240200733,1.2006031132180413,1.715147304597202
3.798119582727639,5.056057439259686,3.94305584923777,4.75854386898614,3.977221906854284,5.843303699513306,3.956351566833033,5.02716243714799,4.135307803146061,4.298232744023524,1.2006031132180413,1.715147304597202
3.9233644168895,3.7875587726462783,4.0679751913030735,4.306992389992171,4.03363995542566,4.342581913428674,4.245817850614719,5.0349058239780815,4.212940222987089,3.664252429228219,1.2006031132180417,1.7151473045972023
4.087786947036185,3.8390628843692753,4.19741662361128,3.834369477412118,4.178626771073959,4.4183926286593245,4.237237592745909,4.387220262756811,4.259521396675462,3.4529900055655887,1.2006031132180413,1.715147304597202
4.279845393467547,2.8547563209958797,4.207399208571962,2.7141536696743827,4.358700887946304,3.2315751927372003,4.3295405668598255,3.0232661628909465,4.197404212471012,3.095916542092307,1.2006031132180413,1.715147304597202
3.990698121465987,3.3466186648844967,4.242849099777557,2.8922493606253648,4.068334996356883,3.847578021005784,4.269161446933219,3.193089049739151,4.141406440821293,3.1650326236843167,1.2006031132180413,1.715147304597202
4.069034263222238,3.991389847908409,4.0138619841006085,4.325316169691956,4.1735162259736125,4.574714614698503,4.104710170546665,4.633910413068803,4.216025136016132,3.768193497936495,1.2006031132180413,1.715147304597202
4.215129390041789,2.9406963167929474,4.203131166179462,3.128184393171353,4.300261270979688,3.352787124479527,4.346389618708184,3.529982687250759,4.344844409877267,2.8276426015121023,1.2006031132180417,1.7151473045972023
4.1000552966652295,3.441424138358184,4.044035783073434,3.5974943288691583,4.181923050051633,3.935829290870123,4.1951301497897,3.9242011298953807,4.217147375793715,3.283824640190863,1.2006031132180413,1.715147304597202
4.141976845583427,3.055460477104243,4.209221088526852,3.0012283127051456,4.234826909331881,3.4413541607466085,4.200906105643213,3.440468460874906,4.297585335246711,2.857637708676614,1.2006031132180417,1.7151473045972023
3.841030763719362,3.423504376589157,3.945131319736773,3.372073943716861,3.983611595359201,3.932737131357452,4.026464196011756,3.8234937360326287,4.069213818122986,3.0868953959321805,1.2006031132180413,1.715147304597202
4.132228274028601,3.3622319467603896,4.040436634250549,3.405390428308088,4.230516144902202,3.8566804674538826,4.072924429840059,3.741781945166387,4.160671501914907,3.1649716234168888,1.2006031132180413,1.715147304597202
4.351048021996186,2.92749809840313,4.487005223449501,2.9837763412109064,4.41556608476342,3.342982475954835,4.585809765032648,3.43190883899268,4.567106933479948,2.8433182196162683,1.2006031132180413,1.715147304597202
4.10493752279114,3.1787278390784275,4.273288372424103,2.733456277249645,4.235202225989515,3.546498174412217,4.310700965877779,3.154742370224451,4.316416576054483,2.851350593199527,1.2006031132180413,1.715147304597202
3.898943083608683,4.745469297378653,3.835635538811029,4.312625655416098,4.031337505018664,5.525418731295295,4.084621949378862,4.682818507089947,3.994371114062957,4.208456569131658,1.2006031132180413,1.715147304597202
3.882944006015481,4.324701971036758,3.8966392586942136,4.436148323217254,4.009550734068033,5.027442328184389,3.933157768311817,5.082935654287628,4.082041896054541,3.940538033770733,1.2006031132180413,1.715147304597202
4.065114626197309,3.062361383376868,4.085247854292788,3.0283507920582347,4.178194825639428,3.488122607546221,4.304043441573358,3.416411960829279,4.216810251757889,2.8139562897097368,1.2006031132180413,1.715147304597202
4.058463777079197,3.4892190510687886,4.246087849597463,3.0295668324094973,4.166840301409157,4.011916189382481,4.370304639485171,3.341928672932647,4.214595953772389,3.2150478405046083,1.2006031132180413,1.715147304597202
4.192668162569717,3.1351667743356466,4.208254953186726,3.147338139461655,4.300937660796868,3.5792406739465465,4.352724380020664,3.6548349097533697,4.306281731594747,2.956508379805316,1.2006031132180413,1.715147304597202
4.130319846855575,3.184475775068184,3.9652135385117018,3.0842922967294792,4.225802688438872,3.604903649820847,4.127407050467939,3.359432922457829,4.183818735971456,3.066649848766448,1.2006031132180413,1.715147304597202
4.431901948813028,2.9164026089763704,4.425254605951392,3.7687052668633463,4.519830923360871,3.3048077918339134,4.607861300160084,4.49304661530287,4.477144481733832,3.4446077203521943,1.2006031132180413,1.715147304597202
3.902177169130937,3.5589452877248045,3.971550478975236,3.126157049032778,4.009629165875721,4.055252734118737,4.134473258276608,3.486050484764094,4.056957156188429,3.512024219628264,1.2006031132180417,1.7151473045972023
3.77786269941165,5.884069073270321,4.293798601994778,2.791827874320438,3.9153655377453433,6.834078084901837,4.416668212882596,3.2952984570973896,4.083480167655372,4.965599810296045,1.2006031132180413,1.715147304597202
4.077718212166859,3.8705745984987288,3.737829291692499,4.262017724848322,4.193245133938232,4.448581076132604,3.9418335211321858,4.675574411053447,4.167311565826522,3.639900109556824,1.2006031132180417,1.7151473045972023
4.332146524468625,3.3606857273493245,4.357615794327631,3.278592589536378,4.431453765597768,3.8668719044141575,4.438646984560395,3.832532055162636,4.383267099126506,3.0982022088287264,1.2006031132180413,1.715147304597202
3.397410671667891,8.36633115103245,3.253660885352778,8.696229893615447,3.659471279578917,9.887404627229552,3.431207140836338,10.5287183012992,3.6943571890130342,7.278386450279425,1.2006031132180417,1.7151473045972023
4.386394324972629,2.689124460910788,4.496387273100124,2.8113175810651603,4.487319347016338,3.017913926972042,4.500331087468179,3.1522932776536385,4.37476911993727,2.642770457965451,1.2006031132180413,1.715147304597202
4.180032620679629,2.9892541454549986,4.07243141467797,3.272747413095458,4.271055289080796,3.397888994030506,4.219146478258185,3.6408016181973903,4.2028644085458735,3.054572273728473,1.2006031132180413,1.715147304597202
3.8188450657567623,3.9636680128551895,3.691436644524536,3.94056517064708,3.942177289972261,4.553209985476245,3.935428960159417,4.123367883638124,4.060916261942406,3.4216130483630787,1.2006031132180413,1.715147304597202
3.865332071451877,4.301923808976902,3.79594128218941,4.369232743952018,4.004424234110778,4.9686434772621295,4.043015949055071,4.979610588617703,4.057012169039663,3.747680973245376,1.2006031132180413,1.715147304597202
4.207006603602881,3.0796457978002194,4.020566182763904,3.019404751439416,4.294014344624487,3.505530999026333,4.219267570364415,3.381498280261758,4.162508094332322,2.9623604169969884,1.2006031132180413,1.715147304597202
4.0378562222816505,4.384320012955605,3.938684497273536,4.570237849575308,4.153960247314837,5.054022620322012,4.079105373141134,5.150415188352786,4.137424091540147,4.270397732944722,1.2006031132180417,1.7151473045972023
4.19517596130151,4.337964381746211,4.076663198143347,3.176676871625268,4.333687830859416,4.953995825415944,4.219018601528584,3.5269708125036363,4.28506159131274,3.856733230188619,1.2006031132180413,1.715147304597202
4.238176929090448,6.650896954936528,4.129900034363139,5.60596089511385,4.384901495444165,7.751489417100501,4.119003701480944,6.483799644930888,4.292399623314015,5.597332817110354,1.2006031132180413,1.715147304597202
4.279777140612129,2.670370448298892,4.174447481545048,2.8803822105859727,4.372496065092555,3.0184602886484995,4.242695123081234,3.214459720772328,4.163436422407032,3.985754846316512,1.2006031132180417,1.7151473045972023
4.133444659337257,3.797625124745674,4.180604771757704,3.205852497754472,4.223692793200925,4.335848683165664,4.147118970441469,3.894949994417145,4.242858042767622,3.726171987139627,1.2006031132180413,1.715147304597202
4.263172869320521,2.759925251086349,4.278291769476692,2.943795773708593,4.352863463224416,3.145602769801845,4.446521825365032,3.212965324032367,4.38256152429702,2.8002554714733687,1.2006031132180413,1.715147304597202
4.139108715632959,3.2413827154673505,4.145020945958243,2.859636588189264,4.227099001574707,3.722751771016015,4.30579151480214,3.225454993424327,4.326867457652026,2.9293146629049334,1.2006031132180417,1.7151473045972023
4.298502049130565,2.7618317693287966,4.138047260684575,3.4666068282535294,4.375759853039562,3.1432181718253824,4.323185546305713,3.8205751604743954,4.089183040043152,4.597982778835812,1.2006031132180417,1.7151473045972023
3.9230372917800262,4.329713550971492,4.082909098016939,3.642131708623668,4.019506827586539,5.043698173952489,4.268833609596373,4.0720227664307,4.090982224269999,3.815390013338399,1.2006031132180413,1.715147304597202
4.369994526863993,2.82740705778884,4.29467818787718,3.649292508600968,4.456622810262209,3.211370055240605,4.4562257502587865,4.249544347090511,4.459772439104984,3.387173358303571,1.2006031132180417,1.7151473045972023
4.193130255169672,2.7719305248880226,3.9427182814369033,3.562188429974546,4.314356775376961,3.1415899741866093,4.0955589958004746,3.9056149267306286,4.163305730042654,3.3353170459815784,1.2006031132180417,1.7151473045972023
3.9367642820796,4.265266978857715,3.88273484759684,4.431263710896249,4.08902667179032,4.897599937814336,3.9324248450826698,5.103172506202914,4.048560962796605,3.952114986990882,1.2006031132180417,1.7151473045972023
4.068032137975082,3.1594407057099096,4.045838769983567,3.5170647659764134,4.177106673344939,3.620839509539561,4.169371535222206,3.998206916392559,4.178497221934771,3.204360193739959,1.2006031132180417,1.7151473045972023
3.842139397678237,3.317988076849117,3.951665899126242,3.1790696604867823,3.947232548072285,3.820246939414144,4.017664202074724,3.804038426974621,3.957835035294688,3.1040011564555816,1.2006031132180417,1.7151473045972023
4.367869684033868,2.5804020781102204,4.277877273892135,3.1051386330359,4.451382147155631,2.929871923933109,4.35141276831707,3.5591489238714726,4.336217921378747,2.891563691518955,1.2006031132180413,1.715147304597202
4.139457220811618,3.554046764077531,4.148172877160093,3.4268490134654046,4.252601061583461,4.062773828185602,4.285009869213164,3.823877397908922,4.238062734704072,3.2592677545551365,1.2006031132180413,1.715147304597202
4.210851410389056,2.854086747460748,4.391035165853474,2.785176615624787,4.2929327023797175,3.262500701157045,4.4495019685701385,3.126511765934927,4.345522669153611,2.659543207840358,1.2006031132180413,1.715147304597202
4.219943654479327,2.707744266340278,4.2355956284744405,2.734662528567049,4.302286761792141,3.106737589773081,4.349165689050963,2.9893097194422857,4.292066720719624,2.665486616568989,1.2006031132180417,1.7151473045972023
4.044873294501991,4.158267679361503,4.1349757346027065,4.075981997821806,4.1600592303574535,4.8503153138849004,4.202094968443262,4.68054091740242,4.2574462552883405,3.832888960045607,1.2006031132180417,1.7151473045972023
4.369811066685948,2.4397412228699955,4.284619267324543,2.5753505892449486,4.445923114545663,2.7805652450209477,4.4098461466637335,2.8249466114116526,4.426632949668304,2.3838316689542065,1.2006031132180417,1.7151473045972023
4.174687490993296,2.824782295151917,4.176158724784474,2.9743724202839634,4.244216279744885,3.146255461317872,4.463177322275292,3.598598763917414,4.331487999563263,2.7482140837719826,1.2006031132180417,1.7151473045972023
4.026430424522309,2.908926963539275,4.032120620649798,3.2786910879204028,4.137061342954019,3.246292838350285,4.195449671705069,3.7737496202268415,4.107890858396813,2.9876889312129205,1.2006031132180417,1.7151473045972023
3.6482377732024,6.105451243841838,4.241211046662775,3.406679586341325,3.8573927946599698,7.05906993573129,4.299616331325797,3.8575933196383128,3.9218798002032087,5.221367501429011,1.2006031132180417,1.7151473045972023
3.710224253536732,4.638388205597617,3.760284577214456,5.021166396686509,3.857451994403722,5.402083823842732,4.047736815550358,5.363204804566819,4.105405736285946,4.237940217823053,1.2006031132180417,1.7151473045972023
4.119719586460292,4.274676194160393,4.102927054046639,4.2406426380675954,4.240114787291211,4.902333031733882,4.075144173824143,5.412195593171859,4.329881628164213,3.819736751128244,1.2006031132180413,1.715147304597202
4.023588562732611,3.4155383029347384,3.872103308900104,3.549312379819852,4.149238334139749,3.8909392964631495,4.002147863374479,3.9004206614464887,4.073071733708027,3.1952783082093337,1.2006031132180413,1.715147304597202
4.228638232944595,2.6856846332570603,4.0932972250132185,2.6964806159086283,4.314025317132421,3.0374664098395048,4.174932721719938,3.0326472246990925,4.22952857674994,2.6229030215568327,1.2006031132180413,1.715147304597202
4.31980472819012,3.827611235792141,4.241759103828106,3.1255427289874844,4.412684337528136,4.332673454318008,4.343095447726117,3.501106638424451,4.411622133037379,3.5712942600429214,1.2006031132180413,1.715147304597202
4.31175762592047,2.904899606518996,4.323093312656394,2.746924313974151,4.3833408234689575,3.338627114175817,4.341673889932165,3.184358218234673,4.420099292659116,2.8059416249835345,1.2006031132180413,1.715147304597202
4.252262205424601,2.899194012720119,4.118399870926689,2.896497917620514,4.343428588862497,3.293162556415516,4.279538066234419,3.191213694080608,4.304375494468535,2.8334759374858933,1.2006031132180413,1.715147304597202
4.105034911424844,3.615471789108695,4.044429047556128,3.490041376094063,4.200267009462667,4.158515437135673,4.105452559868936,4.158566518664176,4.215863242765987,3.422127203811584,1.2006031132180413,1.715147304597202
4.169937865434401,3.614852455151628,4.221992250237529,3.05164887205201,4.2813524938370735,4.161376000772244,4.312573577848829,3.417601761759004,4.2937970004089685,3.320134201622122,1.2006031132180417,1.7151473045972023
4.115565872562694,3.132040133846896,3.8422941952721215,5.011246241361277,4.211941140167434,3.571807001908812,4.074642737545784,5.62087881886541,4.054728264989875,4.299695432477556,1.2006031132180417,1.7151473045972023
4.0767417496800205,3.132101153515217,4.015179980850581,3.035575961260233,4.1821722372926,3.547067645098331,4.100551614391637,3.467759826508017,4.182358655988213,2.9076244066959704,1.2006031132180417,1.7151473045972023
4.346720379690305,2.7438133280437893,4.324302313308493,2.758780242753401,4.435441416495386,3.0661523536604385,4.300105621308267,3.069089164620133,4.414599352768467,2.585702393758469,1.2006031132180417,1.7151473045972023
4.073635362706532,3.281986292215098,3.933679627572711,2.7730680491639577,4.201185289262226,3.682932529670664,4.0018782282485805,3.042860238535545,4.107267485345084,2.95980728190528,1.2006031132180413,1.715147304597202
3.513864812736204,7.529733269583493,4.240822114419809,3.056133813762574,3.72512667245503,8.78168076436241,4.324020775149321,3.599086290168137,3.842921189279732,6.341193937005833,1.2006031132180417,1.7151473045972023
4.01857325924767,3.864643789240141,4.0838756219653645,3.4853688098160163,4.132383316482963,4.39708826266498,4.224638836940009,3.8463716181887633,4.163104784675319,3.558209557539003,1.2006031132180413,1.715147304597202
4.038939411673924,3.706472518020694,4.095613893057224,3.29327515936733,4.1529368923422085,4.247894387395483,4.1731255062547294,3.632155705301024,4.233036663343402,3.327216800538314,1.2006031132180417,1.7151473045972023
4.262977878799056,2.7527583079335654,4.292423151376491,2.6677984697922774,4.381075586098604,3.107234619940156,4.410932305933457,2.996810666159295,4.385798494718155,2.503738730195238,1.2006031132180417,1.7151473045972023
4.343218697551385,3.0270611595065806,4.370347611432343,2.703737438343544,4.416513013011518,3.435909756199373,4.393606560562547,3.349407915678373,4.394518915342643,2.85134517095068,1.2006031132180417,1.7151473045972023
4.298204806059644,2.79722813010767,3.262093029477237,7.204818304954146,4.382896198460974,3.1875329537768207,3.2153393924504066,9.237369330373866,3.772194830660672,6.112426500806865,1.2006031132180417,1.7151473045972023
4.100922969374986,3.5482829846576425,3.963120366427933,3.7608234748652714,4.189814031768937,4.088400147999948,4.035586724532045,4.271088275628466,4.188564336769328,3.245045508381649,1.2006031132180413,1.715147304597202
4.170724161342244,2.6246492767459118,4.14402675550107,2.852098472638904,4.250902927416855,2.9446131246722174,4.269120333778437,3.09446721204654,4.238923100244634,2.932961896874388,1.2006031132180417,1.7151473045972023
4.114196717843576,3.180567570186895,4.103512892909514,2.724063015113056,4.206238499577327,3.6376231878574488,4.213677917497099,3.065595078323122,4.22773398976653,2.969925363980691,1.2006031132180413,1.715147304597202
4.258904850860586,2.975210519462607,4.051273628396455,3.0376629930657773,4.348424739913352,3.3411656953032915,4.166900451334072,3.3163563006519854,4.247148944447841,3.0658682432349056,1.2006031132180413,1.715147304597202
4.287225512446415,2.8598812111640792,4.275588544993767,2.9382567811569182,4.39096429336497,3.210980389672951,4.323336315804685,3.4532972394867394,3.4411541581988865,10.129406873353794,1.2006031132180413,1.715147304597202
4.391857156558157,2.764703626453822,4.34662582477816,3.195303905701757,4.48507739035517,3.1295479074479333,4.4948916603714775,3.778649709068912,4.353980549570241,2.961601810985245,1.2006031132180413,1.715147304597202
4.104801481698567,3.0385806414816776,4.117123827685603,3.0120500079909776,4.21507657806008,3.430324568051573,4.162837672672077,3.355440896220648,4.2724019313139046,3.0134106098715194,1.2006031132180413,1.715147304597202
4.082364616339054,2.8730456654810763,4.171258597078289,2.8220856116479607,4.191460904034834,3.258289030141148,4.283580605802816,3.130516538486111,4.256277033674024,2.829942824312472,1.2006031132180413,1.715147304597202
4.236010774755808,2.8636835693001377,4.36793078221939,2.8639998444827715,4.309749155396046,3.2342547385376585,4.5527951412780086,3.397744676642661,4.26984610279886,2.935319014468493,1.2006031132180413,1.715147304597202
4.3545080943874686,2.8686321006030706,3.7066999796875137,5.4086333728829095,4.424914433365206,3.244154376146947,3.801010461035721,6.286124816557877,4.046906395340679,4.663503348038861,1.2006031132180413,1.715147304597202
4.035471703525163,3.491869456008983,4.093942197522745,3.4616390098171954,4.133443014286623,3.988644380169301,4.249181762797506,3.896180418318505,4.225676999573798,3.125333659514942,1.2006031132180413,1.715147304597202
4.285344557593652,3.201008256313697,4.201980443899155,3.7246152703559714,4.400293489118795,3.662985291967901,4.361212554774782,4.279666597992159,4.374301987701641,3.403283618026108,1.2006031132180413,1.715147304597202
3.966536721874749,3.2164971360314536,3.917557819391281,3.3745271045933607,4.086081316982996,3.675083200933115,4.047209102418335,4.0250573345948375,4.09866783103367,3.9470870485599865,1.2006031132180413,1.715147304597202
4.155231550765355,3.288771530096445,4.0625965125568015,3.186664234295859,4.24984903172348,3.763444394121484,4.143281080943134,3.603403427753249,4.174681612725143,3.1515298694157146,1.2006031132180417,1.7151473045972023
4.374824901496511,3.515993523013298,4.323232442807726,3.2216409225375555,4.494310561757004,4.050138175227912,4.457564900261536,3.632034582483149,4.44627779239172,3.144895446457434,1.2006031132180413,1.715147304597202
4.187261755980154,2.5701032039194907,4.095601592872097,3.0940321815049403,4.268462233164816,2.901185096547971,4.155272710588582,3.422791947526176,4.252146178946886,2.8280408168985987,1.2006031132180413,1.715147304597202
4.183978063057632,4.0692220109764925,4.318309170124257,2.7911817239826906,4.306834653309895,4.705754360584974,4.40715959519598,3.041741867048581,4.3512935803210375,3.7678486982555888,1.2006031132180417,1.7151473045972023
4.059049344259003,3.259654163942402,4.001837407674488,2.9079672992997443,4.145928630582696,3.6913629314912697,4.102191365732071,3.3669218356663344,4.1425077335960525,3.172504964467751,1.2006031132180417,1.7151473045972023
3.3551963239786504,6.542861620633009,3.365986920606759,6.765455673937557,3.5236060307755777,7.633393300303891,3.339740867122732,8.401402327416639,3.7077588879123073,5.696176052364948,1.2006031132180413,1.715147304597202
4.159886320437934,4.240175095169096,4.027154684971801,4.415078092838221,4.303789756451518,4.86077761494042,4.171483230311696,5.189228787063061,4.34632594022875,3.786653562050125,1.2006031132180417,1.7151473045972023
4.086433745705031,3.339620917593317,3.9805189360284143,3.399302235228317,4.197258087454181,3.802069885005328,4.075613127691121,3.689266638577396,4.153335288190119,3.130366876774537,1.2006031132180417,1.7151473045972023
3.98076104440917,3.685990398553088,3.926379605073737,3.7478424019839496,4.0981209568103765,4.228903340788628,3.961274713665867,4.334153649458,4.147484897759687,3.4844150382274126,1.2006031132180417,1.7151473045972023
4.114184816863765,2.945174392354661,4.08430265651697,2.9253495987029163,4.2234110606804105,3.340956470460871,4.174740089656874,3.242358763274781,4.3036224277355295,2.7445605961971355,1.2006031132180413,1.715147304597202
4.313466678689724,2.4172950553696437,4.327330571893405,2.548719199045707,4.39875361624944,2.7170839864500724,4.3809966597392105,2.8845952154752093,4.237636632197603,2.847888938657248,1.2006031132180417,1.7151473045972023
4.188001041239014,3.3119382512987285,4.116443105102401,3.5194593933960614,4.277151227465313,3.762338148421329,4.189243887182858,4.155612310052791,4.235836363121542,3.18319759164146,1.2006031132180417,1.7151473045972023
4.102282665509721,2.9711100953470644,4.255717727249786,2.780732303103062,4.192578193680833,3.4125603239210465,4.314436177486947,3.056037557601889,4.283493374513816,2.832368091701464,1.2006031132180417,1.7151473045972023
4.041145489327165,3.032498589096225,4.091921875854871,3.2063403873008363,4.157916802508378,3.4069817351812373,4.27112829007315,3.686600316904628,4.152343242253719,3.108502212570762,1.2006031132180413,1.715147304597202
3.866787738312381,3.9453619351439775,4.022874234066733,4.031705263013578,3.974167956245875,4.574209839572421,4.104715803848182,4.932448454377235,4.149031186088916,3.4720222932169427,1.2006031132180417,1.7151473045972023
4.048929307140739,3.1998395641774424,4.247449945900016,2.562842024113092,4.142688040328697,3.661044816895544,4.373655595655019,2.877686208781648,4.256380897743777,2.9818700707040686,1.2006031132180417,1.7151473045972023
4.426505938677386,6.179313116556794,4.397292691608302,3.3119853189258817,4.572191059036466,7.24123550625203,4.417175311557703,3.8970531442398455,4.520873223723901,5.253857576634099,1.2006031132180413,1.715147304597202
3.553661775092972,4.44537539540627,3.682043556043157,4.588011354016377,3.681225894134525,5.148256378899663,3.869780301804413,5.089620491264824,3.885622841388499,4.003321828355675,1.2006031132180417,1.7151473045972023
4.491369082641311,3.561933358351137,4.361308960523614,3.679583820014159,4.579542475920823,4.096833158519234,4.520154853203617,4.495311627900617,4.46019074476407,3.250390431583241,1.2006031132180417,1.7151473045972023
4.111112673348424,2.840926325553675,3.902125940726661,3.648433755181831,4.209902660863619,3.2062899934863456,4.114921437940902,4.003396360943578,4.080119096403425,3.3670107962410314,1.2006031132180417,1.7151473045972023
3.9760989565137583,4.378778352571125,3.8467476808442886,4.6526105353675415,4.10693683021722,5.034621392331958,3.994416434726589,5.146896863611142,4.036335251910517,4.114333579143913,1.2006031132180417,1.7151473045972023
4.364622130025474,3.155316744588507,4.340639675605622,3.0865747213069263,4.459688480806489,3.6179481104826743,4.397735777317002,3.4545790489472985,4.43436233837207,3.085917629162961,1.2006031132180413,1.715147304597202
4.077363298501388,3.808247411357167,4.111379358636206,3.798856621774533,4.185877927628841,4.400657043279639,4.143178262275193,4.86362954710685,4.25993029090639,3.5642137479883256,1.2006031132180413,1.715147304597202
4.081101221540028,3.573233599080454,4.2659457325249885,3.550512697811751,4.191407033525383,4.117238797076957,4.396851900679939,4.210051397402808,4.219337349210761,3.2261053468864653,1.2006031132180417,1.7151473045972023
3.885391643598438,2.861769751798968,4.030959892608577,2.8382214244873047,4.002820028526248,3.2375936538739136,4.122672233321331,3.1598748013789844,4.109488688780437,2.894420515454641,1.2006031132180417,1.7151473045972023
4.315497381683404,4.042852871173659,4.123218339349556,3.837565644167487,4.447374344062625,4.6441722217113295,4.292642323868998,4.145622793036266,4.406266962076081,3.818189304587625,1.2006031132180413,1.715147304597202
4.298375989857022,3.2826604780281303,4.228817551437426,3.2741751749395243,4.375673855559267,3.7797073103713528,4.315378693052253,3.732879829281913,4.289331152334047,3.2152788086723736,1.2006031132180417,1.7151473045972023
4.042451081681195,3.6919157399317366,3.9070431443871088,3.889690490738295,4.1635328524817385,4.280922103038476,4.090470081826282,4.804330483861134,4.130854924231538,3.31705710636032,1.2006031132180417,1.7151473045972023
4.036865000909917,3.127670573785403,4.009291282883893,3.023429236470201,4.163897928844898,3.5144806284533177,4.043801790824346,3.451692505207165,4.11540295183025,2.7830180315162463,1.2006031132180413,1.715147304597202
4.259662294111101,2.532214276013142,4.210097597074647,2.7613164170041804,4.349682025869833,2.8813061889693303,4.344008909394255,3.131567303356967,4.281647752637799,2.6309251038553967,1.2006031132180417,1.7151473045972023
4.148821528764219,3.2592165136461184,4.096513070533205,2.9397500527336846,4.244310717658897,3.730059571519484,4.216085881083588,3.215352554087763,4.025407849227367,4.279177368625464,1.2006031132180417,1.7151473045972023
4.02622270131006,4.465789245406,3.9552304656710295,4.285468820277199,4.142856962716685,5.157119606601705,4.195886961225132,4.841841942133059,4.136235217533568,3.8721404112898568,1.2006031132180417,1.7151473045972023
4.2864567644041385,2.8330224211510737,4.121190440875716,2.816914892521289,4.354567402271241,3.2044628310133048,4.312608911097011,3.2050545875338474,4.2379054562683605,3.124915339662363,1.2006031132180417,1.7151473045972023
3.924487660945685,4.011611388081334,3.8685085014546745,4.028840942154134,4.0472336748160735,4.619764305233409,4.026319188353053,4.414260939064049,4.198393015442748,3.551786116511931,1.2006031132180413,1.715147304597202
4.166231356914312,3.086726034597344,4.236212404657379,2.956416716189674,4.265152284700522,3.4662254032984614,4.291495455625654,3.311462925897965,4.267818733932454,3.6168879944510097,1.2006031132180417,1.7151473045972023
4.1586880203505725,4.029637302115577,4.114967912889574,3.921091724547959,4.259448722363858,4.634750274900385,4.2639854269200415,4.352380519986708,4.251158727491736,3.73312265971483,1.2006031132180413,1.715147304597202
4.068664610916054,3.5095823588461115,4.203754778507273,3.6372668180832894,4.207556203369996,4.007987996234043,4.3729687992210815,3.916127589625924,4.358104658613037,3.4216923929992498,1.2006031132180417,1.7151473045972023
4.069665351299732,3.1477838592451555,4.010668604665772,3.09820638247651,4.1871198558240135,3.5953949975268045,4.149920448854614,3.555855621665003,4.319157404418481,2.844733167381956,1.2006031132180413,1.715147304597202
4.2819624006603565,3.1637059149764,4.221537679762173,3.46356477042724,4.357070637942573,3.6229876759277255,4.332133687534149,3.890118449141674,4.248803023737834,3.3099277825513664,1.2006031132180417,1.7151473045972023
3.912855962206254,3.1673111869478374,3.906900431886599,3.148305188736322,4.01402248637128,3.5606504844247144,4.106090785174779,3.626958782741847,4.057955322200639,2.937995103365247,1.2006031132180417,1.7151473045972023
4.312324064724399,3.0743585502934905,4.300637764306274,3.117315504672735,4.398559154565401,3.5144716813503525,4.369790823357471,3.359161896087901,4.324265304080953,3.0066068484468973,1.2006031132180413,1.715147304597202
3.945910463362504,3.6578027392546457,4.121994352342839,3.736471057842842,4.071661553013332,4.208704180300607,4.27209700805144,4.134363315249594,4.224464805595838,3.3948175554477054,1.2006031132180413,1.715147304597202
4.169243856664433,2.912147105125089,4.099447297848696,2.7134164942652403,4.2657946499447785,3.290226371299389,4.2935519257799495,3.036215496430714,4.283725600055292,2.8808403945560945,1.2006031132180413,1.715147304597202
3.482297648339329,6.116537199193103,3.53431984076458,6.213317418726874,3.665579044870249,7.135550293841946,3.782493930246079,6.593632680855132,3.909678882456668,5.309576134299363,1.2006031132180413,1.715147304597202
3.953005519293728,4.48304736527701,3.810898577841127,4.685019728860503,4.09060118121825,5.190643189199741,3.989990680135394,5.009287614386702,3.909873515696825,4.921450048444016,1.2006031132180417,1.7151473045972023
4.310234750859859,3.4989893771981118,4.428797333399758,2.966983824582152,4.4339517858455455,3.993990448169659,4.531357535631496,3.323332922177304,4.436074786745864,3.277978009318144,1.2006031132180417,1.7151473045972023
4.285868915320099,2.7710769201882965,4.2308419412264815,2.9267995819589645,4.36039737953839,3.1357321197064296,4.325842043343883,3.386104589169255,4.400582837934342,2.714520576428914,1.2006031132180417,1.7151473045972023
4.289339266815621,3.263988482179324,4.335397904678322,3.410599448567541,4.385024905429376,3.7052972734290814,4.436452306864343,3.736964867682336,4.436142683714412,2.980412002925957,1.2006031132180413,1.715147304597202
3.766979727174233,4.25407436854189,3.958045390753447,4.698581589578002,3.9033079344221058,4.932849410580481,4.163746921799078,5.357971521360732,4.051447515766438,4.057871215891451,1.2006031132180413,1.715147304597202
3.8833700876214863,3.799210855034744,4.067347555908318,3.5944996841830905,3.997135309527037,4.397180991857231,4.147016890669282,4.178077429915112,4.157782562031525,3.4931238849317348,1.2006031132180417,1.7151473045972023
4.177601749773819,2.885010109860616,4.193240402435266,2.8429573717378336,4.258210931842042,3.2648028447254256,4.268249244043108,3.194510546367725,4.27403916214139,2.756729810543682,1.2006031132180413,1.715147304597202
4.3306841442582895,2.875816828256589,4.237371687202524,3.0105604579925216,4.39748812883537,3.2574173262728223,4.366442904690113,3.3401183645550976,4.381092846406619,2.728864422304933,1.2006031132180413,1.715147304597202
4.306092811956565,3.279032533533653,4.1735829063591074,3.350634943569418,4.40620546015566,3.7691582083159663,4.317672822574069,3.7788265747554113,4.397258012828158,3.079892367796668,1.2006031132180417,1.7151473045972023
4.149657877984341,3.10469164866965,4.291386190148736,2.8552237912987954,4.246728653425266,3.5226909021525463,4.302787733865259,3.1650379450822514,4.3366214167504,2.876499958901205,1.2006031132180413,1.715147304597202
4.402789327802795,2.4310980096856727,4.482564569617421,2.618711276646732,4.480658750993134,2.7114068082148424,4.624836331043187,2.904305904088739,4.5023954287624015,2.445967759437629,1.2006031132180417,1.7151473045972023
4.346563342258827,2.770316714802397,4.218300916828006,2.979474807273403,4.412702924624695,3.123493009505687,4.3126741743771,3.4030342477405155,4.441658483231695,2.650343768179185,1.2006031132180417,1.7151473045972023
3.9573893713689263,3.528025056802779,4.138875753346436,3.6016836160436827,4.06699828869388,4.040087792672383,4.261115780857121,3.9585895416614543,4.15409525669323,3.2598616280533887,1.2006031132180417,1.7151473045972023
4.255266127007217,2.66337893049531,4.196691148148391,3.2024557540507965,4.355246123668784,3.0017785079002057,4.369463468776244,3.5040096407094925,4.1741318605061135,3.388174406331925,1.2006031132180417,1.7151473045972023
3.512037667770579,10.505475765308825,4.369354538590633,4.561595371074052,3.76037777922793,12.30437307431934,4.475275585589489,5.255812690700974,3.943427118415935,8.985134923016153,1.2006031132180413,1.715147304597202
3.901505305542626,4.925151361520549,3.969456605515031,4.975498782740985,4.036958785691075,5.693115414421142,4.114631471724799,5.411814523069403,4.097562678461986,4.246531022050055,1.2006031132180413,1.715147304597202
3.9202488992283184,4.579860691833976,3.877993495737365,4.691631499885084,4.051625368756715,5.2881109039111625,3.949650491422765,5.207865372701714,4.161645322296667,4.086029998992003,1.2006031132180413,1.715147304597202
4.139552187173655,3.9268839040890815,4.171422287238453,4.410867657445296,4.261499181262005,4.540827151024077,4.2654746056056245,5.321124326579035,4.270113070382961,3.999437832810626,1.2006031132180413,1.715147304597202
4.203483562949263,3.382975460874936,4.340751599023266,2.8808376275218355,4.330350997264614,3.843567919273128,4.425427132229932,3.2601697106271104,4.390706091253026,2.9995787954896045,1.2006031132180413,1.715147304597202
4.123855657085897,2.8959666628239407,4.105882942143692,2.898979604160734,4.210046715538602,3.237793483123556,4.301511014421267,3.1245162131341706,4.263399797675072,2.872808387837885,1.2006031132180413,1.715147304597202
4.078943740427103,3.136600931115336,4.02411625849851,3.568741207411565,4.199035162232673,3.5574635873712825,4.248694738204337,4.139391088475761,4.151551610972464,3.378871408173324,1.2006031132180413,1.715147304597202
4.314051788359533,3.122192511605677,4.111559957021843,3.065383898163468,4.383910663262005,3.5837486150193296,4.228579225563857,3.372034096611062,4.368654452703389,2.851458839650538,1.2006031132180413,1.715147304597202
4.064918265045565,5.377363886547685,4.105021164631802,2.983415000824873,4.213942175425263,6.288498571552119,4.283259312123999,3.262708805256516,4.180643389688452,4.797542284645973,1.2006031132180413,1.715147304597202
3.696254596677148,4.205290187584389,3.936841165966692,3.0315055651630995,3.8291665999147777,4.852250990413105,4.008867218119451,3.3428621873199376,3.88451249343299,3.8271018878764553,1.2006031132180413,1.715147304597202
3.901435111581162,4.261568184100125,3.848238076590022,4.382799731398291,4.052751789846064,4.926935542942116,4.001616512821393,5.600151128729041,4.10746880558575,3.839052231730305,1.2006031132180413,1.715147304597202
4.153843048654761,3.3104134984431477,4.333549909457673,2.619683876927579,4.254788268281889,3.793863775942169,4.348676438062241,2.9938662634835453,4.351706434419169,2.923726471233961,1.2006031132180417,1.7151473045972023
4.163188998781335,3.2237245383719837,4.03874857074463,3.32189402263739,4.270304059746127,3.6869951122125615,4.1198099808339705,3.750965293764404,4.285941087400765,3.0305052266292463,1.2006031132180413,1.715147304597202
4.069286804938563,5.7368921332018,0.0,88.71085784786803,4.21163875007518,6.615915159475522,0.0,103.58165562504882,0.0,72.9806044814336,1.2006031132180413,1.715147304597202
4.023022081260667,2.6034635991867847,4.102614713408296,2.5693566765707416,4.12735230661851,2.931363947618058,4.22055656816988,2.805788624314575,4.164933970615024,2.5244441173047054,1.2006031132180413,1.715147304597202
4.358856816989851,3.170644498730036,4.451626041590081,3.1112881341445453,4.4488629082365865,3.6022350532144007,4.627166061466966,3.375919597481177,4.4265285465900535,3.073867982856086,1.2006031132180413,1.715147304597202
3.9998221787706982,3.11901698358916,4.110065810469566,3.1567163829032907,4.113297732452843,3.5303169256916256,4.278532890933119,3.501556854935449,4.246156455546242,2.882622378409177,1.2006031132180413,1.715147304597202
4.099150653233929,3.5341655621880133,4.08664827421582,3.7781005865515063,4.207226079420643,4.002003856520273,4.225844675027052,4.211085854679556,4.238035530006359,3.454591055963048,1.2006031132180413,1.715147304597202
4.361583479096439,2.519557937339889,4.3367544227574015,2.691441853058675,4.431002654231661,2.802089845748172,4.520172222172255,2.9390365950113337,4.381114860330294,2.753828768691029,1.2006031132180413,1.715147304597202
3.711411117006163,5.1518687714748905,3.463794846426906,5.962724482454604,3.886387211502391,6.01865796831775,3.803603699886016,7.008754837243734,3.745375452853387,5.1890131710003615,1.2006031132180417,1.7151473045972023
3.747203843892039,3.107949693275613,4.071379795597928,3.1432974554445803,3.8887943319935903,3.504949229472361,4.210022983575728,3.5820396400994907,4.1269400014765365,3.0031726483151053,1.2006031132180413,1.715147304597202
4.196282064568962,3.3403499604681923,4.149457439361946,3.147279429780639,4.283795103927744,3.8301825309494326,4.222955945551012,3.435139839695519,4.278870251486858,3.030084572231534,1.2006031132180413,1.715147304597202
4.056991557213895,3.602737907694037,4.15868211448932,3.092420843653384,4.166933646059065,4.157701348251825,4.2034471690919455,3.605383490234863,4.136049965690416,3.4095096679713834,1.2006031132180417,1.7151473045972023
4.311627281177977,3.995156622434153,4.253867817324539,4.003058215422061,4.425015819003277,4.621989318204794,4.357635746384047,4.49567471138781,4.434266290835922,3.5145293912083333,1.2006031132180413,1.715147304597202
4.304925680285822,3.124595917842367,4.349628677418767,2.978214798878275,4.394590814920971,3.535704389763737,4.4874090022872615,3.22052254903386,4.36182730894683,2.813820024879557,1.2006031132180417,1.7151473045972023
4.186649194801152,2.5428151152982577,4.325072765618252,2.7296451473381405,4.284860510543293,2.871246875618183,4.381759385149669,3.1043282984032685,4.322068055139156,2.7181788441079937,1.2006031132180413,1.715147304597202
4.161866905218333,3.358754389250942,4.046374123947639,3.346337151716255,4.262296941619693,3.8709930751617465,4.187812513372297,3.861801761400877,4.233363760551379,3.291135641168144,1.2006031132180413,1.715147304597202
4.021008699624732,3.661571137367485,4.080874787625345,3.4948925415363243,4.123171541164393,4.181289030231001,4.139558734385528,3.900324235653231,4.225302241238425,3.323441552800245,1.2006031132180413,1.715147304597202
4.172275791368102,3.146551504344648,4.155513047168157,3.507203328198538,4.28516273583272,3.5629799846823733,4.226388334123195,4.004608672024393,4.333300304737488,3.2349569403817244,1.2006031132180413,1.715147304597202
3.972590032955531,3.222547217358282,4.218124520763279,2.832378818257618,4.1093196843291775,3.673502873509724,4.360539549232159,3.135330006857995,4.045749181875517,3.27740469194283,1.2006031132180417,1.7151473045972023
4.187372311113962,2.9066682570760003,4.277035167719491,2.9226615672600333,4.293409093976514,3.3007100225599357,4.473317744075839,3.311994972858374,4.377013058191749,2.8289606549556607,1.2006031132180413,1.715147304597202
3.81140103593348,4.468477548880768,3.86533847920899,3.9184328658059417,3.961079069876602,5.148051301334643,3.8366356710739375,4.71603422918507,3.9057250778132495,4.23747843415181,1.2006031132180413,1.715147304597202
4.091573634746919,2.9424448407411243,4.052935153272842,3.856527303241768,4.199430556444596,3.3396468186715125,4.227871149476178,4.296736441329158,4.251369700970585,3.3144252754581225,1.2006031132180413,1.715147304597202
4.233250404862002,2.812820389255562,4.228358454335299,2.638366730097231,4.320403357537844,3.158627307081008,4.410409421550328,2.9034048960880248,4.083514057630317,4.03355326196751,1.2006031132180413,1.715147304597202
3.663695478144068,4.1293798661358005,3.704820563116438,4.2928592149579,3.816385606668078,4.742540592738347,3.9106312414006754,4.630209742011591,3.9653179357478914,3.688760186873724,1.2006031132180413,1.715147304597202
4.2127771313190845,2.9354930054566606,4.210268494923091,2.858444085380929,4.29112873938605,3.332108436367314,4.237604222868571,3.3647618074941072,4.270992332019594,2.712352374694873,1.2006031132180413,1.715147304597202
4.211810501274781,4.098946277992695,4.031753571322533,4.315826202740622,4.316873924404327,4.749570350154437,4.203388674198008,5.177935991963215,4.328961343015881,3.88689950893065,1.2006031132180413,1.715147304597202
3.882091083297912,4.248569346066787,3.9617086206819656,3.057386091191165,4.013084944633089,4.962474581569109,4.141663381384761,3.4332224926134085,4.144788975474572,3.833680250725741,1.2006031132180413,1.715147304597202
4.292682219824432,3.004048123537648,4.196112470736897,3.049753207588361,4.390293091137419,3.421979310002676,4.318332714594392,3.451559336497554,4.449581087562473,2.932683506587641,1.2006031132180413,1.715147304597202
4.459536999706999,2.5309133338641625,4.342583463098055,2.562990767462237,4.5330542162131096,2.865046104463001,4.431857800837018,2.8052804663582003,4.408146228381071,2.5660487873016056,1.2006031132180413,1.715147304597202
4.215955037418958,2.907148216030328,4.150292415356113,2.745685713832522,4.309816927498233,3.2670880026410827,4.253070587551062,3.077501342704434,4.35214523936572,2.560610258760537,1.2006031132180413,1.715147304597202
4.505803991014163,2.9299432929684457,4.327004203071125,3.0640911389541645,4.575284017412355,3.341543539480285,4.384243035771733,3.3494905796224392,4.457952003703369,2.9192404933854843,1.2006031132180413,1.715147304597202
4.344098890702047,2.7616392742941667,4.419361219191378,2.8555221241405797,4.431310404899432,3.1368707165545384,4.455256101747587,3.1619487330263945,4.49123600931523,2.640134556445436,1.2006031132180417,1.7151473045972023
3.5523739130237937,6.640018691178346,4.2285826102412845,3.7693954275061534,3.758300232763249,7.733273940508781,4.397310992137419,4.140116256582346,3.836029075088135,5.653171437520294,1.2006031132180417,1.7151473045972023
4.261613831693588,3.2434370853304606,4.22744733051947,3.430452920973365,4.372238921464483,3.6599883999189142,4.382205463246397,3.853741139733952,4.366856063271566,3.1030240194962726,1.2006031132180413,1.715147304597202
4.326943536229653,2.7834904666010987,4.240079683788923,2.6808334403758267,4.40488292674783,3.1558743957767046,4.312342126566055,2.964940963913544,4.340717915724615,2.753886512558819,1.2006031132180417,1.7151473045972023
4.237245122501893,2.8149351157846167,4.297861623750474,2.822682774959912,4.335410599019717,3.2551496617968367,4.324665968415999,3.136985594573376,4.328579867099921,2.919502323071208,1.2006031132180417,1.7151473045972023
4.0021026565204885,3.927190896720276,3.926062212180545,4.080050090921361,4.096624907305005,4.567754589283656,4.027125743996119,4.886962680960723,4.180290256182513,3.6390356548849367,1.2006031132180413,1.715147304597202
4.024335141274313,2.948306188075561,4.13996748579336,2.6966989430723536,4.102835076665209,3.3579878514369117,4.232712681881666,3.096877252425153,4.192090857035076,2.81076261121207,1.2006031132180413,1.715147304597202
4.151578190483658,3.2040609401744287,4.056033831691936,4.121761920514532,4.248842640927272,3.6500301869508167,4.283468087957475,4.648168971078949,4.258502926578027,3.545455337231392,1.2006031132180417,1.7151473045972023
4.189590879310714,3.8316720689970034,4.1778358970488565,3.9804776716469408,4.29133279879926,4.3963319822240905,4.38791697731145,4.296814641824252,4.237059789165449,3.437444714986114,1.2006031132180413,1.715147304597202
4.068574584218302,3.7294109782814817,4.125132556420203,3.48133016429467,4.20386445865492,4.245816933547057,4.32742773767683,3.809031404745064,4.256741186961094,3.249535392225359,1.2006031132180413,1.715147304597202
4.183292908296049,2.4933313476943377,4.232453227044443,2.4829188505423563,4.272466453023237,2.823235223265349,4.330138383069944,2.8288917288609245,4.307358123577742,2.3704174242482123,1.2006031132180413,1.715147304597202
4.173500042965531,3.800510174676756,4.310916598046226,3.983372192344272,4.2924964578404685,4.373155007013526,4.244711405966369,4.508588646778547,4.287097788685832,3.6631094210413457,1.2006031132180417,1.7151473045972023
4.07929793267844,3.951900035932721,4.071499772916191,3.739204093490198,4.197751872619639,4.516059444500692,4.12573156115659,4.204120440663279,4.193791142447263,3.637184498738052,1.2006031132180417,1.7151473045972023
4.187118491082535,3.1345916134999023,4.168691792460778,3.1614582355514464,4.274092294864968,3.608022594672668,4.287228612070752,3.648268700484704,4.364923885792498,2.861142779787611,1.2006031132180413,1.715147304597202
3.9330499495819655,4.464496307410069,4.045062503481106,4.576648153999691,4.027354412814026,5.210544452209505,4.227997929553739,4.986107988950078,4.106245793605527,4.239935341762764,1.2006031132180413,1.715147304597202
3.936779504338445,3.4620988490579205,3.773183027441658,3.7879546172054823,4.060746791687211,3.9742510328288714,4.012675826322623,4.403487971364212,4.135136339285662,3.585285841512379,1.2006031132180417,1.7151473045972023
3.9469093352319575,3.858562174750153,3.8803294914363455,3.940141566810425,4.078902817771425,4.426939923658593,4.025858585707484,4.265226602955355,4.151348476656062,3.4671764332259163,1.2006031132180417,1.7151473045972023
4.354189870287117,3.414921150938841,4.2911774583132845,3.340501924470996,4.4548021703739895,3.938339745531711,4.381247401174068,3.7046972616638434,4.385341871129105,3.727078998972512,1.2006031132180417,1.7151473045972023
3.9165980559193945,3.80361257744854,3.8304850810411577,3.665868473948616,4.04097125314391,4.38896667296005,4.017458534770056,4.03634703118606,4.078134243680768,3.437226404409889,1.2006031132180413,1.715147304597202
4.198722382213799,3.000201948257553,4.293940665944258,2.8208570078423585,4.286677664483348,3.425363336588484,4.3238703467989765,3.169293316887244,4.27593553104151,2.7656572755070834,1.2006031132180413,1.715147304597202
3.9599537037410393,3.983438539281628,4.263307567816652,3.233587957524033,4.102677075603211,4.548231482894555,4.382255457578188,3.5746793724244394,4.1487134669309045,3.460543017008599,1.2006031132180413,1.715147304597202
3.672884860552836,5.210252844795887,3.849560783530408,3.7144667662498416,3.813332393059644,6.104943436154502,3.9525441257653777,4.433812780711408,3.93231075634366,4.57529009153284,1.2006031132180413,1.715147304597202
3.8939387741958233,4.510526840599223,4.084230712190832,3.40583585156439,4.001605373805816,5.251548447140789,4.215130887646848,3.969947104642869,4.039879149777471,4.046957183615155,1.2006031132180413,1.715147304597202
4.015918723757068,3.5615249587664897,4.02151627505415,4.9659425904999885,4.115240222563064,4.087891713712028,4.120884144156406,6.448383675725482,4.109921261837961,4.342214536158086,1.2006031132180413,1.715147304597202
4.413049088087426,3.311577325287895,4.300951901586935,3.5685460135743843,4.497942434291403,3.796428995144876,4.393990092456198,4.020543838335723,4.383209147387852,3.378358006436954,1.2006031132180413,1.715147304597202
4.134122861163297,3.589086869441771,4.014247977984324,3.637905617229158,4.226501915034943,4.134913569430347,4.133054867152957,4.142093467435154,4.134859650296302,3.34396664950556,1.2006031132180413,1.715147304597202
4.001540428900442,3.363411366122149,4.131625203820714,3.254147159185577,4.118085126215444,3.8238225550015135,4.1768650589163245,3.528179702142151,4.269381112319894,2.9909809443582445,1.2006031132180413,1.715147304597202
3.900857018926177,3.5855869384447274,3.9974428720851503,3.385284380968085,4.043599977947179,4.089921737381723,4.169745185728043,3.6283305253325264,4.084540326706273,3.1656067564886365,1.2006031132180413,1.715147304597202
4.287929691829218,4.86104755897775,4.241138643405275,5.118723830465034,4.419316905258059,5.6099258064273565,4.355084487988949,5.598310841308197,4.334764462653392,4.389191620243576,1.2006031132180413,1.715147304597202
4.131894012383088,3.5360236196814325,4.090839449350017,3.657032297168259,4.250774378441537,4.057735575547645,4.251263633233807,3.9256151436259024,4.240103362170324,3.167580648584169,1.2006031132180413,1.715147304597202
4.295914258207451,3.234390391112438,4.181618546477144,3.409076723829089,4.381221922408566,3.704167881675176,4.333576430506152,3.7968891687228536,4.283156891422179,3.138360034461832,1.2006031132180413,1.715147304597202
4.362871811054116,3.4153194917742504,4.337462516370044,2.970004351378985,4.462641552682329,3.928038292786032,4.483734878193391,3.271730952883068,4.4804737317808,3.1635296467901566,1.2006031132180413,1.715147304597202
4.270493105403632,2.5720378033649456,4.260233449931729,2.915425305964664,4.340173410177686,2.9007754930872074,4.336679348648535,3.166491834511986,4.347659388873551,2.739762650407506,1.2006031132180413,1.715147304597202
4.405019999089687,3.7087424737447945,4.262126667536293,4.209647374940229,4.50599203214164,4.257551530426124,4.2503449524745935,5.545130771221119,4.334084835678363,4.058641474005548,1.2006031132180413,1.715147304597202
4.164204055351968,3.090306403517024,4.0541654124251485,3.4549616947493043,4.277576748415632,3.496147712803683,4.1616961767933685,3.87035019763379,4.308657653944,2.9842967924926773,1.2006031132180413,1.715147304597202
4.138491043186783,2.9844495395998307,4.008911362742582,3.125017087565467,4.237672329052664,3.3913499379549754,4.153604514909423,3.346184833944587,4.186420538393712,3.255752164301969,1.2006031132180413,1.715147304597202
4.1359269199438415,2.944413198968367,4.0709690103647125,3.0663474338042565,4.2339693174020105,3.358613460158633,4.241409806410866,3.402012236633282,4.200539255216565,2.919911839178728,1.2006031132180413,1.715147304597202
4.275398752093187,3.0200516636900816,4.294756612162408,2.974561899968432,4.382333438634766,3.4558538269360506,4.366203604653772,3.337200694523462,4.424029884895998,2.8224100737811373,1.2006031132180413,1.715147304597202
3.92827914581208,3.286590558310823,3.830161439697998,3.5095975218856528,4.036687876643712,3.723430785042124,4.112126094346954,3.900243521673638,4.056809035479787,3.2446712847841983,1.2006031132180413,1.715147304597202
3.5658703749183647,5.593087356712853,4.114369053636388,3.311163842763361,3.718356231130756,6.524976804678026,4.2902915589073,3.75726288692184,3.952480291231416,4.844005518554563,1.2006031132180413,1.715147304597202
4.220080433944999,2.7916512932113453,4.23863533201381,2.783103845163668,4.304184629203079,3.184905488677068,4.303329052042349,3.057070417449149,4.359286567520007,2.6487870654941834,1.2006031132180413,1.715147304597202
4.024097610798193,5.335291915062911,4.074002740506336,3.6117200410635593,4.170281590935561,6.239782860378539,4.1852079294954585,4.137028994241081,4.233508900477393,4.655666502824999,1.2006031132180413,1.715147304597202
4.416036738282815,2.94752506281527,4.313726248876868,2.8283353350597427,4.488338631885461,3.361454807845053,4.387018518173258,3.1610132350779443,4.469009956982039,2.713253997722009,1.2006031132180413,1.715147304597202
4.2425910067742345,3.0129111140074247,4.167039028084567,2.971208520114984,4.318310124788022,3.458220716133676,4.22907027752253,3.2961687430284927,4.331500689432643,2.8079377465149524,1.2006031132180413,1.715147304597202
4.09673558833599,3.1187033744860075,3.9724345712657354,3.2763726918355647,4.201325958982213,3.5487097289495884,4.145494963493385,3.508841864815094,4.166477195113648,3.1747989201779734,1.2006031132180413,1.715147304597202
4.1011874863490085,2.952309102481842,4.130378671726152,3.0667851099652164,4.2100333542748825,3.3754194400511905,4.188273217448349,3.548014574073924,4.203950632534983,3.154365097230688,1.2006031132180413,1.715147304597202
3.6552969122262287,4.276241029116561,3.6200511134972926,4.4837146081995325,3.790430071675379,4.958992373591291,3.872006942247839,4.9940884581925244,3.86824075762048,4.257969609611198,1.2006031132180413,1.715147304597202
4.368922101792133,2.9508842385549654,4.154878421598955,3.214285471462537,4.466403345011467,3.347896171614863,4.2958128540634295,3.5708113244896307,4.442596749033839,2.9044531754147265,1.2006031132180413,1.715147304597202
4.293053412827955,3.368404411452653,4.061660561112416,3.396896269199912,4.393414615482469,3.839209845037993,4.302627905563402,3.568590065242756,4.25781164654677,3.1766585943117325,1.2006031132180413,1.715147304597202
4.463870896700025,2.843881241088822,4.377453868620492,2.6347145999698287,4.545896164156349,3.2363652195071717,4.458600493219436,2.92780275389751,4.42808824786983,2.8871954636148955,1.2006031132180413,1.715147304597202
3.997077834342357,3.462574367793949,3.897209645049476,3.5260095004979406,4.11836659751194,3.906563994965344,4.028212444643746,3.927707686381815,4.104098033774531,3.273640058093961,1.2006031132180413,1.715147304597202
4.383588673922285,2.567216532280888,4.166459936391779,3.008168372936177,4.457577771651017,2.883219470747108,4.255524656591327,3.648592813177984,4.271231879504805,2.818338488909354,1.2006031132180413,1.715147304597202
3.984027725633188,3.716013994070729,3.9759634605383662,3.666249775578073,4.076985316923091,4.232698650259077,4.077643299882733,4.672427174127843,4.117398752928452,3.2808299475113976,1.2006031132180413,1.715147304597202
4.211712813042484,4.311121483682531,4.454697419961096,2.780294487317954,4.3358969565036585,4.922427864459669,4.6048965614450585,3.0762958645498117,4.343737988005208,3.734569221873435,1.2006031132180413,1.715147304597202
3.508998568696076,9.031688359704354,3.319568501317673,8.809864490345754,3.774725593220704,10.553174303020509,3.593632803074956,10.15433120150664,3.800066977889209,7.687878532884359,1.2006031132180413,1.715147304597202
3.687336939443101,4.853835163542414,3.6824210219406903,5.002397573800076,3.8599778066871,5.613798042326265,3.840009867858055,6.34227980128616,3.992461168298075,4.7902147200080405,1.2006031132180413,1.715147304597202
4.039648525754796,2.765466545118433,4.120935027425563,3.3619261301368137,4.115566402508705,3.147561418660541,4.266546523181532,3.869063294212204,4.247151864141191,3.075214159450199,1.2006031132180413,1.715147304597202
4.079921339854897,3.591800544084101,3.9771473547017817,3.624278274719461,4.168217621013253,4.104523825348744,4.112586115637293,4.084737149342051,4.228117463223396,3.221620111802738,1.2006031132180413,1.715147304597202
4.265971519182198,2.5677602693222243,4.146254464541824,2.573126561582083,4.346742967993763,2.9160944035621883,4.183065087463472,2.9102681498359733,4.349323694902996,2.3932410070110635,1.2006031132180413,1.715147304597202
4.217345404873249,2.976821417692029,4.178806916750593,2.719378855854267,4.299685329796946,3.379988576666745,4.281043017813073,3.172445354255114,4.235067713498798,2.798413362689129,1.2006031132180413,1.715147304597202
4.4011736772828565,3.180046604915034,4.372346033651842,3.451285275190429,4.500997237207679,3.611991519511317,4.495498337397272,4.267410567343817,4.4820185111498105,3.073995350628334,1.2006031132180413,1.715147304597202
4.218438536845527,3.4161349394020286,4.227354993453842,3.5679222315595887,4.325995202120007,3.923655491801661,4.309568210917528,4.371403909770936,4.37278214043784,3.195473031902913,1.2006031132180413,1.715147304597202
4.189676516253323,2.9561760464217897,4.232852582848074,2.7962429928916457,4.305222545121134,3.3551851588327715,4.38322825760764,3.265457700818388,4.313844151651448,2.74294198916436,1.2006031132180413,1.715147304597202
3.8008944209037554,4.569512702930291,4.127529828610047,3.198315447261007,3.916547511940643,5.2988633955343,4.266358085546184,3.763026609795882,3.930086800387124,4.044555269322861,1.2006031132180413,1.715147304597202
4.292605369589703,3.287800882430938,4.314496728160217,3.699097171620625,4.3963237555536026,3.753300529271858,4.521697042323281,4.302247890578516,4.412182506931974,3.2399683769923806,1.2006031132180413,1.715147304597202
3.769386553962057,5.560420884991394,3.7204978753435216,5.655068003190851,3.947942454721064,6.405098236038118,3.7916402515624297,6.77567552128949,4.059783261909865,4.828037752728044,1.2006031132180413,1.715147304597202
4.130962403084108,3.068872737631521,4.187686868114128,3.0332359036089387,4.233942902835927,3.4551292854898463,4.227720696587662,3.616250044457429,4.263710607644941,2.789661012367716,1.2006031132180413,1.715147304597202
3.940221511976136,3.10665273755878,3.7932554693852265,3.2303327393262897,4.03713517038538,3.565482607389348,3.9064420218807823,3.781545696487607,3.9820946625638594,2.940374470997257,1.2006031132180413,1.715147304597202
4.225378475610786,3.0192772535306003,4.284940845297164,3.101080987334828,4.327724598097124,3.439101061537398,4.361177928140733,3.5512311395829976,4.171281903959673,4.215509398719291,1.2006031132180413,1.715147304597202
4.123318583070823,4.460856635720679,4.117684588856603,4.653367158956069,4.261869341443489,5.150412337025023,4.349521302619605,5.235987068762727,4.238021009107171,4.142617879551406,1.2006031132180413,1.715147304597202
4.429649186202751,3.9096168701695246,4.327274904305352,3.30631686743668,4.549099416964741,4.48762760370978,4.484244129726393,3.5925595799761187,4.456409701473976,3.53967546985418,1.2006031132180413,1.715147304597202
4.090356288491866,3.908840507564912,4.010072925905403,4.002072905098691,4.219754570605671,4.461301901520871,4.1578273019583145,4.385532172221988,4.16605523007008,3.6047130342073768,1.2006031132180413,1.715147304597202
4.252005482756898,3.1749444416443398,4.153408291573784,4.380127807401773,4.3321465507911965,3.5992799671825013,4.27677138371959,4.7769855160634265,4.235935761896145,3.788454758783347,1.2006031132180417,1.7151473045972023
4.13874551869162,2.7461492204714584,3.999918322363306,2.8284391356146306,4.219493043098065,3.079867398136393,4.080531147521581,3.2341526894601875,4.22657453757991,2.65006447369954,1.2006031132180417,1.7151473045972023
3.89473785632967,4.090999902581115,4.037715757702214,4.030261731740136,4.018736728510021,4.746421613784761,4.1564962074458975,4.622091655565125,4.199791550152106,3.578341058879372,1.2006031132180413,1.715147304597202
4.27252318251413,3.2275836516121457,4.224699245687419,3.0907511010351576,4.367168648768875,3.631368851824152,4.401215276563093,3.4295228058055294,4.309147554530879,2.908796822571236,1.2006031132180413,1.715147304597202
4.419740765356887,2.6757234955670146,4.43426914718497,2.590021844988062,4.500555757592176,3.057049305312856,4.5256110190884735,2.918146814111866,4.458285002942178,2.555566372099401,1.2006031132180413,1.715147304597202
3.0637493561952827,7.008660740190511,4.184644801886558,2.5180975136420387,3.2115696097595325,8.257150813783914,4.338217943535565,2.7775774869971794,3.405023873973493,6.066432720005374,1.2006031132180413,1.715147304597202
4.295678659637463,3.6337989968747175,4.22889494402963,3.341075455321556,4.387267167965848,4.208204871468041,4.381919497294234,3.751419825133579,4.360374042731103,3.332104802300776,1.2006031132180413,1.715147304597202
4.1742589263349,3.114745344797476,4.130501619832904,3.7670895356160994,4.281322820837737,3.5434987600598813,4.236739575012785,4.1265923809466685,4.279887604372559,3.5717691041648107,1.2006031132180413,1.715147304597202
4.060934248526903,4.881940801930277,3.851633339244075,4.775491165638861,4.200267308290027,5.658573890274114,4.03485196344246,6.177106920038696,4.178502573950328,4.198178818319561,1.2006031132180413,1.715147304597202
4.0689673441908125,3.787528714386728,4.293087353385351,3.4748177567611296,4.161515962700348,4.352505301608188,4.4218281348833015,3.740368712899938,4.155842019869794,3.8124323016628416,1.2006031132180413,1.715147304597202
4.058914061523032,4.181992020120796,4.180663173404202,3.264509654441383,4.163865621032226,4.855340975158482,4.301185399572026,3.6768547980781054,4.271592975300533,3.693361806644255,1.2006031132180413,1.715147304597202
4.365205447914363,2.517400185530976,4.376597134196057,2.667658634904373,4.434108824316386,2.855283390807554,4.419131274014462,3.102927686334138,4.428654776378743,2.521531180764625,1.2006031132180417,1.7151473045972023
4.178780229678949,5.267485295143768,4.104835433115941,5.378782525074808,4.3256152574742295,6.147205796355164,4.238625778914542,5.8857442829974485,4.202806498589593,5.051093223145887,1.2006031132180417,1.7151473045972023
4.344637194358764,2.837705954990993,4.095871336383136,2.80335985492043,4.427713502487519,3.2250256696129718,4.178107844767547,3.1136148506400247,4.328181521728731,2.69074734449937,1.2006031132180417,1.7151473045972023
4.012439044705089,3.719312334580016,4.125751258455985,3.828226694933523,4.114764164022293,4.253321531551592,4.243242819528219,4.222767578168989,4.02569487475752,3.8838903315824234,1.2006031132180417,1.7151473045972023
3.699489342295413,4.871221646639761,3.024022275485355,8.74609182238229,3.828889785808744,5.6078767046202165,3.202645680875091,9.591638340755386,3.50347711442512,7.327130052362495,1.2006031132180413,1.715147304597202
3.8070275786954206,4.077581896348085,4.081858558081338,2.90839995906664,3.942023732779559,4.685112208863677,4.259330897162668,3.2996067726863583,3.944199613609775,3.645048340319236,1.2006031132180413,1.715147304597202
4.152721015280049,3.1544140596478067,4.165851022947725,3.1233563577378427,4.241752783515784,3.570879578824631,4.230130515032212,3.4608616206517198,4.208826486088635,3.002369334440555,1.2006031132180413,1.715147304597202
4.269483134536944,4.199082403454712,4.412671746857418,4.347865820511032,4.384514478960926,4.882639857313385,4.585920773503759,5.109841288570219,4.469594618313108,3.8312728478850815,1.2006031132180413,1.715147304597202
4.210654038031676,2.705074103903065,4.1162069690546055,2.754246544798896,4.289660567171471,3.0453699300946235,4.3088367455551815,2.976049471207024,4.251660152393848,2.624250668038911,1.2006031132180413,1.715147304597202
3.957797130304192,3.671494399735301,3.935266874811735,3.5054371569902054,4.05141498817423,4.236878075895979,4.009578143325117,3.874555149208711,3.998716062518572,3.3945120628801173,1.2006031132180417,1.7151473045972023
4.078035668745944,3.634857874377321,4.241321097066608,3.171640574472732,4.198942702471371,4.207754275623928,4.401695304279711,3.636497357104935,4.19388430683297,3.281706935331232,1.2006031132180413,1.715147304597202
4.121467487297738,4.417639686616532,4.21895762196122,4.633856483348888,4.259662017937013,5.130969116512974,4.401145979243599,5.735252019305373,4.206097927439177,4.0351500498562425,1.2006031132180413,1.715147304597202
4.244303752056784,2.91994409001744,4.070435527613192,2.8900496574852776,4.346782468508415,3.316083816560833,4.2333285289585065,3.1322142656044853,4.211865372371513,2.8460059207206148,1.2006031132180417,1.7151473045972023
4.064271618752215,3.1083041480865665,3.401292872074785,6.117618363734406,4.171852156388881,3.560208350269067,3.435301634423346,7.839664001318131,3.752607011583207,5.166716576007381,1.2006031132180413,1.715147304597202
4.361207770046195,2.529183383973495,4.40760620710446,2.587573423287362,4.4261998728688825,2.814660475491492,4.533455071728725,2.849683717824544,4.502064266247983,2.4562631841083755,1.2006031132180413,1.715147304597202
4.17042043148643,2.901219664910455,4.122450211005082,3.042446432877592,4.267980547376098,3.282960440364447,4.326881183647511,3.2814363813472864,4.261102340688475,3.0518969591089364,1.2006031132180417,1.7151473045972023
3.975205723824729,4.118507066715326,4.042770381183735,3.7270902119544713,4.097428212030033,4.754486281313346,4.216638632350571,4.090777247944198,4.116094159034285,3.8222320181351326,1.2006031132180417,1.7151473045972023
4.12800951112179,3.116239985542978,4.247321261077147,2.712277674642389,4.217012907821676,3.566221467426259,4.354792241394511,3.090597590020845,4.267543032418705,2.896222642657935,1.2006031132180413,1.715147304597202
4.264498354067916,2.6651418931917643,4.0749183000739855,2.756042237276536,4.3303474760868,3.017385106988367,4.154731855496733,3.16326007789001,4.216652594406466,2.5706633030755746,1.2006031132180413,1.715147304597202
3.9821148717255808,5.203543956218766,3.798441991728976,5.386643975460511,4.148166456446019,6.018605129407587,4.052008584252675,5.919089229228123,4.110649139014621,4.592902070108059,1.2006031132180417,1.7151473045972023
3.7861415684164745,6.21927934080395,3.702639061533308,6.205329425132146,3.956824034154714,7.267500627782274,3.7964599467454767,7.638935264977916,3.9270127304692783,5.291536566670788,1.2006031132180417,1.7151473045972023
4.375860870444786,3.7570319860219854,4.317210723584744,3.229076171147934,4.45297893779074,4.299014870286066,4.478770326041577,3.7861442748440304,4.413156173322662,3.3946240823613074,1.2006031132180417,1.7151473045972023
3.895304321043608,3.5443427705455064,3.865556340090647,3.5653097974873007,4.028829157176239,4.044159538445448,4.047887099814569,3.9252382149112544,4.092747231827248,3.454690644216335,1.2006031132180417,1.7151473045972023
4.422851390057626,3.8364553398550463,4.385947506779788,2.696702650031797,4.536107733267922,4.396389717462454,4.501506572238429,3.1985264676914813,4.424716535007432,3.4137918904272198,1.2006031132180417,1.7151473045972023
4.16636235344343,2.8196733600934145,4.219955621543177,2.717645262025284,4.262199253788835,3.1980679384989528,4.282757903379993,3.0374081925479075,4.308316010821094,2.624927397729865,1.2006031132180417,1.7151473045972023
4.059803638331229,2.9528349336241577,4.091230981450084,3.067508787589316,4.142317331002634,3.347953208326993,4.143870701474338,3.51877823998266,4.11376090814268,2.90979190454312,1.2006031132180413,1.715147304597202
3.98242611070896,3.56845225588032,3.938562106631958,3.404735907096472,4.097427936769221,4.057597149811211,4.081238964386756,3.7382200245456447,4.175162214718652,3.1170208411456457,1.2006031132180417,1.7151473045972023
4.305653910663669,2.906728619057101,4.245890628834432,2.8138318522609578,4.414909183136557,3.28827191474988,4.413836803875677,3.202178188790068,4.370515043434841,2.7931290543325087,1.2006031132180413,1.715147304597202
4.341864809623223,2.6396501330979025,4.170015627463414,2.7355946107131617,4.408804609868552,2.971732116386836,4.148444803669773,3.3362722152453346,4.319986632733516,2.525630344587879,1.2006031132180417,1.7151473045972023
3.8054860120392298,3.978112271272548,4.212010994990474,2.6629997579840765,3.911683352601588,4.586481959798367,4.307546874916156,2.8558216933082727,4.080495405810926,3.519315284334494,1.2006031132180417,1.7151473045972023
4.282698686830752,2.943886285287257,4.089417968075103,3.666977283127294,4.392157429540684,3.3579167096487432,4.120795013292367,4.268677638794226,4.209226043492247,3.3032427515093006,1.2006031132180417,1.7151473045972023
4.338945057865451,3.63773109948096,4.06626070625931,3.15156575038031,4.447266863402431,4.173863617978482,4.219166608021798,3.4903584704009223,4.34084650831779,3.403706045197872,1.2006031132180417,1.7151473045972023
4.151528845643895,2.987887022807857,4.075564764339009,3.163745587542891,4.224391275072497,3.383155188134769,4.114678730798438,3.5949867411468857,4.218482225156771,2.985983535226163,1.2006031132180417,1.7151473045972023
3.706548362134032,6.128540360288184,4.420950977325947,3.74775285591084,3.883346678975364,7.164034745464517,4.518975715350781,4.231624277074192,4.13559348012368,5.308210235973784,1.2006031132180417,1.7151473045972023
4.001771537756849,2.764940637625176,4.050352322907107,3.123746445599976,4.083755505159665,3.143038102830872,4.077438893740133,3.699839916953634,4.138546019715204,3.3007184003055823,1.2006031132180413,1.715147304597202
4.216508431075647,2.7366370201118646,4.16022790180724,3.0103734369492376,4.286805573415599,3.0681430530610942,4.217167028461499,3.5192865636612845,4.300833896992844,2.695988131562314,1.2006031132180413,1.715147304597202
3.900202350629149,3.1301178646839376,3.806216407032598,3.535805700842027,4.002954230809894,3.5545761278479238,3.917746604856996,3.9957286311875695,3.886484738081968,3.426546819366682,1.2006031132180413,1.715147304597202
4.139485578238904,2.947124732397522,4.2203163002864486,3.479421621052883,4.224893426057154,3.365002676845681,4.344424926122031,3.8720910512304574,4.233060159703715,3.1624995382656973,1.2006031132180417,1.7151473045972023
4.318406970507369,2.996194942691737,4.229815292578543,2.9137927934897965,4.404538460833194,3.3986813517747856,4.287046735826962,3.470152680591233,4.344554908764966,2.841140263771041,1.2006031132180413,1.715147304597202
4.13806563214986,2.994383805895331,4.323437966003536,2.603656202158324,4.247487434841674,3.3694129746101216,4.427772774175274,2.8403827303750626,4.3331487519871565,3.143356841890629,1.2006031132180417,1.7151473045972023
4.252733724349276,3.1637629457187946,4.312879376066233,2.934961924138454,4.339694424800894,3.635369323440472,4.304618093289565,3.327229231639894,4.339981843661279,2.88873893311425,1.2006031132180413,1.715147304597202
4.036320546993929,3.017301413191745,4.15376269962912,2.979037625127065,4.1617589091252665,3.4470865601974188,4.364129150929315,3.352219729563773,4.250065079702054,3.0486301103139493,1.2006031132180417,1.7151473045972023
4.347288585569548,2.7464867125456816,4.309047035615325,2.7985423901108937,4.437187987390862,3.0876724784237566,4.288627878936968,3.249491698666303,4.288026591150888,2.695718147234917,1.2006031132180413,1.715147304597202
4.174941745298937,2.449763186693529,4.145925411583075,2.5881933688166083,4.280115898805779,2.7258735150295945,4.325175650919396,2.84476295663528,4.23701941661685,2.665482042441952,1.2006031132180413,1.715147304597202
4.2474574273297145,3.920486320504759,4.376246189295857,2.9453067181084918,4.347739896946302,4.507319192705818,4.410657637771291,3.3232560172782004,4.429450054466557,3.597006554463746,1.2006031132180413,1.715147304597202
4.487147788014359,2.743338594215777,4.373031765801271,2.644115325394902,4.57067978940774,3.09937824123938,4.471366244241724,3.0117587385048887,4.511770470906546,2.6527316765923588,1.2006031132180413,1.715147304597202
4.029104220793279,3.376627172796629,3.882296159488332,3.380498879711877,4.154548625508161,3.842283658187081,4.035566621314538,3.8979770695452074,4.133440942748782,3.1507908442728687,1.2006031132180413,1.715147304597202
4.181557057519853,2.7844742325874927,4.223664399410312,3.053440707034237,4.248519159103295,3.172462140235304,4.2805988889446045,3.38185393542436,4.31585275993493,2.7834127329138774,1.2006031132180413,1.715147304597202
3.845672040565802,4.041234080734452,4.091500490124816,3.623874026897105,3.968871249229641,4.674489996759845,4.127644350625548,4.297842461799205,4.127139524613341,3.6040766732293528,1.2006031132180413,1.715147304597202
4.515242803855245,3.2927783362825163,4.308836512977237,4.054419678051054,4.618879809789086,3.741999958251001,4.349848802918127,4.578838295646356,4.53829787816468,3.601784070778188,1.2006031132180413,1.715147304597202
4.150528951880589,3.0636888255369046,4.127070682851646,3.036350179121494,4.255633750147295,3.471891971537905,4.20582116575263,3.3704314649869,4.285842297726484,2.9428173031941203,1.2006031132180413,1.715147304597202
3.9859760212496913,3.29198553485421,4.208249381332042,2.851033405763934,4.082963442496948,3.768648525650379,4.365203399905672,3.302346867548047,4.203530308200443,3.114813981931894,1.2006031132180413,1.715147304597202
3.6722106101353815,6.673744156696606,3.511735123759957,6.62336042012299,3.861352645044687,7.773938634509039,3.624478081076938,8.500095499575117,3.950705695350568,5.630154220803854,1.2006031132180413,1.715147304597202
