m_obs1,asym_var_obs1,sigma_hat_obs1,ci_len_obs1,m_obs2,asym_var_obs2,sigma_hat_obs2,ci_len_obs2,m_ipw1,asym_var_ipw1,sigma_hat_ipw1,ci_len_ipw1,m_ipw2,asym_var_ipw2,sigma_hat_ipw2,ci_len_ipw2,m_full,asym_var_full,sigma_hat_full,ci_len_full
0.154969165838226,0.001607071620307,2.66421358898735,0.418663154811463,0.149161992781815,0.0018019241995985,2.36699394945318,0.393861466287687,0.153470007761251,0.0011249501342149,2.90057948378725,0.381355042651777,0.142061819068238,0.0012134007887078,2.56551145379094,0.350311327793522,0.0990764549451112,0.0011638187689918,2.53200506761617,0.338598738419879
0.031937960305402,0.0015231053562897,2.31309901749942,0.353864734263779,-0.0221231208065484,0.0015145182739133,3.17176185305152,0.483855761892485,0.0306719742747693,0.0010661737494028,2.60342690203013,0.333224916366183,-0.0395618074154337,0.0010411795762895,3.51829273026954,0.445013184237816,-0.0657136543002547,0.0010675026931503,2.92752235242238,0.374940881483781
-0.0751932034004917,0.001687479488138,3.22025663473592,0.518546636550298,-0.138084129983636,0.0017304427883042,4.65790430252403,0.759534089956027,-0.0786408363482075,0.0011812356416966,3.62735840340202,0.488693796826148,-0.0306457555299441,0.001213400284028,4.92348651741491,0.672284170885057,-0.007393934085213,0.0011568892511701,4.1426107734034,0.552329335160994
0.225236876447801,0.0015856536434569,2.79100102744734,0.435654543735082,0.240230888103724,0.0016383042200886,3.07035647306717,0.487151632564317,0.194455287673859,0.0011099575504198,3.11522518460985,0.406837256291514,0.135711846355104,0.0010689395463154,3.24978622901368,0.416494674741629,0.256042922569027,0.0011370402576941,2.82263578373432,0.373096221150944
0.088103626390086,0.0015737367457327,3.65886561132337,0.568971597934719,0.19324153480166,0.0015954747782484,3.57418099281534,0.559628210907106,0.085524365738299,0.0011016157220129,4.18390485235393,0.544345890928958,0.176302899901541,0.0011038562620689,3.93968099314436,0.513092193117433,0.143189977975769,0.001076826733929,3.29136042590706,0.423376203561857
0.0696611670628453,0.001631916413718,2.73417676644336,0.432965837670488,0.255723816720933,0.0016443934898758,6.510259805975,1.03485447360362,0.0721923583614135,0.0011393736490694,3.07452822677523,0.406808161060746,0.246699661080729,0.0011562391411471,7.61708471908791,1.01529139685235,0.168816347529687,0.0011594498379131,5.57738418113173,0.744448448865786
-0.0211853875108016,0.0015711181148625,2.4883910757058,0.386634976854006,0.126362873157809,0.0016817422130407,2.51992311102848,0.405083999296682,-0.0356401831292614,0.0010997826804037,2.72536575014423,0.354287898690455,0.067992312389833,0.0011704587363285,2.64738429800041,0.355036602649966,0.0551763929613036,0.001123980783776,2.37812662528199,0.312530570786323
0.276315029906285,0.0015814327302425,2.91870261410858,0.45498103598145,0.355371561274898,0.0015958678737188,3.32433491516417,0.520572621725652,0.253626161310445,0.0011070029111697,3.32255782125677,0.433336245018922,0.280671432873716,0.0010752004706262,3.66165092438419,0.470651827110217,0.272500986742566,0.001129084782499,2.9664700370266,0.39073411383069
0.0491369727100452,0.0016498576881725,2.84819922662155,0.453494154379936,-0.0919038254777939,0.0016240148587485,2.78405518542446,0.43979564599382,0.0521049571818474,0.0011549003817208,3.17958615413949,0.423565858203119,-0.0536718570247999,0.0010807731000934,3.10290673508399,0.399865626040016,0.131620813100323,0.0010938777219612,3.20667261273897,0.415735487762629
0.139593892251844,0.0016357902297521,3.06258106154297,0.485544997750644,0.265865277977697,0.0015952099915177,3.35878230419935,0.52585847024747,0.130659044372779,0.0011450531608265,3.49291231203601,0.463317383047458,0.305844087932653,0.0011592366896203,3.83803069255912,0.512238938854614,0.177032242939758,0.001126171019958,3.13570845880691,0.412492387299895
0.180845037760239,0.0015625258001058,2.96242550053845,0.459027941904823,0.221701870310621,0.0015311507532782,2.95176870837401,0.45276139291146,0.161220255234677,0.001093768060074,3.34739782148063,0.433958335130425,0.175387438206861,0.0010569092127875,3.21415751159495,0.409603901106763,0.211686577350774,0.001097694447441,2.69690039671146,0.350254503080221
0.449969029145947,0.0015503146238803,8.40523708640968,1.29729270698741,-0.0660593821068518,0.0018303626497795,2.36559635880447,0.396722929504909,0.440221008077035,0.0010852202367162,9.76726485762659,1.26127559694252,-0.009720148188426,0.0012107460162915,2.5293634404503,0.344997420576519,0.495599205066706,0.0011604576292064,7.24319824846252,0.967215177517485
0.108462843778602,0.0017073742297198,4.10204304053404,0.66441994453418,0.0811848542683812,0.001668581712761,3.40369758024741,0.545007893522912,0.105320175450667,0.0011951619608038,4.63260618462089,0.627793551390859,0.0133056144458473,0.0010958849473456,3.70918084590262,0.481325173395025,0.0488789270097767,0.0011457675468701,3.85117674824521,0.510998700885106
0.131633790775803,0.0016100068849472,2.63057903430972,0.413755050250217,0.237583882503544,0.001716960512187,2.6554220605405,0.431312256097577,0.112465675120306,0.001127004819463,3.00068914196298,0.394877128678095,0.221281396459476,0.0012285015349957,2.99657425761008,0.411709589594645,0.187499426709164,0.0011734307520564,2.76403402282074,0.371150631636073
-0.046160812701437,0.0016355240600269,2.88366655198572,0.457142496191901,-0.0616670227618924,0.0016940157054088,2.65846674530816,0.428911840001837,-0.0596377770608397,0.0011473641822837,3.27736016483087,0.435163941275391,-0.0438425515877109,0.0011988509537946,2.86928579572285,0.389434561511266,-0.0375614713194917,0.0011302918508009,2.83041337891307,0.373012386316837
0.394276549079718,0.0017894031826656,9.3274574897212,1.54666218643623,0.447338846172338,0.0017704271891021,8.96812521431024,1.47917236799569,0.391104387516536,0.0012525822278659,10.7448411427692,1.49066896053824,0.465574352563723,0.0012584658160947,10.3029201726812,1.43271277452219,0.296377520381615,0.0011996383792435,7.74668382560427,1.05176591742673
0.0518639068138391,0.0017370363530684,2.94869105391461,0.481739006487868,0.0171591133065545,0.0018309973514782,2.82220426018848,0.473380525945454,0.0306493557134533,0.0012159254471479,3.27927081356625,0.448238178021623,0.0175380294936162,0.0011994205656539,3.12370360537019,0.424066192670411,0.0398453561196849,0.0011808495080582,3.29218094263145,0.443464704376086
0.12416538332941,0.0015463512334913,3.66143062451424,0.564394754727244,0.157658801307489,0.001726600745493,3.30276288309522,0.537961807395455,0.095236132669759,0.0010824458634439,4.13309688098899,0.533036274177586,0.0963021504267175,0.0012005198517454,3.5150434338418,0.477412136745974,0.0537648481533471,0.0011211952785114,3.26321616533672,0.428316258878774
0.236061944184238,0.0015052040183307,3.57907762835747,0.544310722074724,0.27517640842928,0.0015531741879353,3.38021651230263,0.522194974378413,0.223282354502858,0.0010536428128315,4.0308705844811,0.51288930858914,0.253307748420785,0.0009919841865175,3.56447971247261,0.440074909586847,0.158886137658685,0.0010585134999358,3.23455871069404,0.412516501370978
-0.127074741659239,0.0016137274486972,2.61244345728369,0.411377068745544,-0.0989010817271503,0.0016454436770281,2.6162458590464,0.41600461753774,-0.106956187246092,0.001129609214088,2.89290520978071,0.381132868407987,-0.0360297294505599,0.0011515384831194,2.92189304832286,0.38867054555801,-0.0807797832677365,0.001123004568108,2.43947903747525,0.320454178367443
0.120201721002707,0.0015943910316236,2.73752983384697,0.428483762571557,0.0754488486445932,0.0016847431827971,2.92277727334287,0.470262839964438,0.109267598958442,0.0011160737221365,3.10091391321227,0.406082465985238,0.0419008606840902,0.0011114333841114,3.26073000915713,0.426122676168978,0.0675349503808249,0.001141936198884,2.69436430738984,0.356907211704697
0.318390842737267,0.0017714857621781,2.89939670560895,0.478359673595423,0.339464161080366,0.0017442855154203,2.78534128649147,0.456000470271612,0.293039340970449,0.0012379168862856,3.26564359970757,0.450394020315797,0.254110793487317,0.0011891880156157,3.01138558835604,0.407070580264908,0.514516824178573,0.0011933536413253,3.86290195308496,0.523089922356644
-0.0295679130109613,0.0016005570024669,3.32507994971745,0.52145369801766,-0.0711384529659143,0.0016087694362401,2.89912481026186,0.455818452832745,-0.0332112407451607,0.0011203899017268,3.76333580527945,0.493782452119333,-0.0066664139281209,0.0010667059360685,3.21789876894914,0.411976857219247,-0.01171510420144,0.0010887480114335,3.02941506635366,0.391832590187974
0.110954544439362,0.0016911195590814,2.67584643371231,0.431346649191885,0.229171921623492,0.0016580831710238,3.28724842918977,0.524703267732826,0.0948729810448552,0.001183783691357,3.01949783336526,0.407238646417688,0.143774405597784,0.0011193163653401,3.53620982756599,0.46375920218317,0.0858959264428304,0.0011269140485008,3.04286241635114,0.400410815102488
0.0239310691204748,0.0015866234526131,3.56479568743191,0.556608283422889,-0.0402218825335173,0.001594394652356,3.41877035369041,0.535113528161319,0.0071378292397737,0.0011106364168292,4.03280780826111,0.526831296933672,0.047188741359556,0.0010687923597747,3.75989837818317,0.481837796450624,-0.0030726286048815,0.0011225139121971,3.29475899760059,0.432710671091664
-0.0244145844452686,0.0015963778233442,2.84272603173387,0.445226428668673,-0.0583073323074688,0.001700697990867,2.80869317612954,0.454041955158371,-0.0354635046860006,0.0011174644763409,3.22793458793287,0.422979846361832,-0.0714175119750481,0.001169420708501,3.00370707817475,0.402643835809997,-0.0148181754138732,0.0011326943049238,2.57174060341696,0.339282615059332
0.121741859428438,0.0016034317912368,8.24380951510012,1.29399107222957,0.197687460181801,0.0015482373365099,4.83239103767415,0.745347716243498,0.141459600139155,0.0011224022538657,9.60273987884552,1.26109416574739,0.129918837293582,0.0010726152152736,5.21327195325994,0.669284001867199,0.340823917609251,0.0011241523884978,7.82487086913215,1.02841371489504
0.0434182578616368,0.0014828018852775,2.87662438399751,0.434212987173822,-0.0554209195925346,0.0017229114791057,2.73326179242527,0.444724237801953,0.0298040470132309,0.0010379613196942,3.22601217832008,0.407412804269348,-0.0781875657658873,0.0012370125769111,2.83177065787975,0.39041205723331,0.0319394796874842,0.0011294118956914,2.61842881232641,0.344941173639356
0.198897775956772,0.0015726909107624,3.40513474431959,0.529339224906301,0.071593372860424,0.0015323684453324,3.38977757799717,0.520152738797868,0.168008823096978,0.0011008836375337,3.82440109343563,0.497407384827063,0.110660283037099,0.0010404607730709,3.55764237265747,0.449834987705198,0.163516748749891,0.0010775937391243,3.03171946485344,0.390116777832976
0.0032099870507549,0.0015555243895608,2.63546054346443,0.407448776244638,-0.0698129153584992,0.0015588668770473,2.65471679644956,0.410866562825751,0.0156602306968742,0.0010888670726926,2.94132445364866,0.380459517472535,-0.0963733628429167,0.0010781111365117,2.89191347029957,0.372216093642318,0.0446678677489521,0.001100303866777,2.54468650406971,0.330878610109519
-0.0142698702646064,0.0014423630443728,2.94235997302157,0.438037391290919,-0.150137022732851,0.0015488618924944,2.96215998542849,0.456975529758238,0.0009208069942283,0.0010096541310609,3.36221301099919,0.418783559971068,-0.154450366880538,0.0010928904632299,3.19431190298112,0.413946032674592,-0.012050484819959,0.0010695046484052,2.84648201400545,0.3649033655373
0.0202446592449256,0.0016068843069805,2.89817949674234,0.455402773341353,-0.0139790815341015,0.0016107639834125,2.60285405475099,0.409490526775629,0.0350255839199008,0.0011248190148864,3.24826431756444,0.427042179323737,-0.0363453318384328,0.0011083072204991,2.8204477441575,0.368066444330124,0.0429665701819144,0.0011264265375616,2.78547354229098,0.366461673988106
0.0126618516481891,0.0014690873448036,2.84048940222625,0.426771165328885,-0.0791896867726913,0.0015789333024086,3.57712833401211,0.557178693170074,0.0167570585735007,0.0010283611413625,3.17693187426661,0.399354716052403,-0.156434289770177,0.0010509960276845,4.23078114882869,0.537649423629338,-0.0837896359773506,0.001084818872588,3.39527512000632,0.438360762535681
0.325905985353392,0.001590008052194,2.69069584946479,0.420573938382192,0.204943962087378,0.0014628468834595,2.56708558007055,0.384873375896045,0.311824374289775,0.0011130056365358,3.02791461881087,0.395977394140827,0.207253082432293,0.0010505933067036,2.87530544124551,0.365324995566293,0.232825057758478,0.001050031577111,2.53153379362583,0.321560722416492
-0.0126370536941108,0.0018963218966689,3.69834318512238,0.631308047325916,0.142018526501123,0.0017625249484313,3.53358659417851,0.581515723263921,-0.0200288962023818,0.0013274253276682,4.18851232694311,0.598195214688441,0.127378052830805,0.0012117693645864,3.94100176644993,0.537767683836753,0.0787794100030944,0.0012255087103827,3.39392428071824,0.465734528513495
0.182177643547474,0.0017006442559851,4.31791359530397,0.698005383944754,-0.0227207801355065,0.0017102114691316,3.59755704845408,0.583190825850946,0.173349644465191,0.0011904509791896,4.92200175392075,0.665695481453491,-0.0597534142917817,0.0011130844594875,4.24266374271634,0.554856603368916,0.102315029409395,0.0012030074471497,3.80905646738639,0.517880615522017
0.289948923101131,0.0017235912734016,4.13855710123551,0.673510206785127,0.393725653773287,0.0016913035276505,4.10564821452187,0.661866802982496,0.296610649618725,0.0012065138913811,4.76360778368885,0.648604931208245,0.328986998428714,0.001189512273106,4.38050362399321,0.592224805963234,0.283543737526359,0.0011723556126546,3.60284362217155,0.483563132856076
0.0995144384352074,0.0017600577627592,3.94201270808121,0.648275437888695,0.0321135758996519,0.0016498594127011,3.34823090655362,0.533110157114765,0.128248945310126,0.0012320404339315,4.50941272022009,0.620455377227672,0.0846827535279003,0.0010942212071772,3.7510458727624,0.486388195064893,0.0461407734015425,0.0011677975878266,3.45780606946849,0.463193552885964
-0.383523544320498,0.0015350827997678,13.9452411711784,2.14175613147827,-0.408519140356592,0.0016564307413334,13.9338853118232,2.2229871855655,-0.333652655877895,0.0010745579598375,16.2749855396055,2.09128691843966,-0.379432013467049,0.0011599917556158,16.5108881804795,2.20432676623097,-0.142480785324852,0.0011594028885827,11.9133829342989,1.59012174761696
0.190877967923056,0.0016833148309239,2.57942374058454,0.414842701988587,0.13422760122986,0.001884941194263,3.59226848201693,0.611358250377496,0.188732182997348,0.0011783203816467,2.91871703569559,0.392736960402066,0.18672062692651,0.0012861040726341,3.96004985582799,0.556694328766105,0.0987312454794002,0.0011908055173209,3.33023374472108,0.450477623184354
0.0074280915333892,0.0017865786722043,2.43256821351721,0.403045602218884,-0.0723494450918031,0.0016276222154693,2.4653151200318,0.389876743978303,0.0117070614139067,0.001250605070543,2.76021053532481,0.382631207633824,-0.0563173244329774,0.0010278159162535,2.73423268741788,0.343614298128403,-0.0298124284200905,0.0011728944157574,2.56639433414263,0.344533085700114
0.0595622674771333,0.0015255297098291,2.80667512849288,0.42971505343689,0.0974260455188142,0.0016939713732867,2.75298090234061,0.444154757926984,0.0426661697906018,0.0010678707968803,3.12025048475764,0.399693330104132,0.0932932306964082,0.0012271401651747,2.94094406626896,0.403842421183083,0.0698678860932774,0.0011224529173707,2.60611052873879,0.342259084243538
0.167950037148653,0.0016437061969549,3.41815578556776,0.543227860064815,0.0288256509119299,0.001683806104755,2.49642806451039,0.401553284696891,0.154991424325667,0.0011505943378684,3.8690696871315,0.514453060211895,0.0362395565906155,0.0011160735915119,2.69990345112794,0.353567824803066,0.131751962357111,0.0011424032627404,3.09524929087395,0.410094020387342
0.141345721221146,0.0014753747239144,2.82805487737726,0.425811208101429,-0.0309431704019056,0.0016826729717042,2.99233854891706,0.481159066386195,0.140694167744263,0.00103276230674,3.20049649939019,0.403176891984829,-0.0033358526796542,0.0010968120142621,3.23305788261809,0.419718069054817,0.0756408810463731,0.0011137443050358,2.98653948382936,0.390696117607915
0.0904125515649338,0.0014409770680166,4.24295300751237,0.631356772113206,0.21333109482408,0.0016048104436732,4.30210624883181,0.675571141706143,0.0770248251079493,0.0010086839476116,4.89990094946636,0.610018410533922,0.186668666415265,0.0010787985361241,4.98617849558585,0.641971993799379,0.0956227867183073,0.0010608082142691,3.75703481484539,0.479669100896523
-0.0952967354242222,0.0015543624744134,3.1493071101497,0.486708859623197,-0.0879583274458896,0.0016929172827821,3.10613942837761,0.500975978793523,-0.0892755852509191,0.0010880537320894,3.54687826949909,0.458616358575539,-0.0820372016159366,0.001124558408829,3.4235513001798,0.450034631472233,-0.0080029872591259,0.0011201668201899,2.99941196025876,0.393509804822855
-0.003561162920397,0.0015920628442198,7.76511585427418,1.21452407991877,0.124944726332067,0.0019004420586289,2.5118016723448,0.429230672287577,-0.0126893240740316,0.0011144439909538,9.04614110594288,1.18377882690481,0.0797457083783983,0.0012549220075798,2.65948482551616,0.36930396560113,-0.0102938029883206,0.0012074288752529,6.68819774546719,0.910999147617954
0.120114521210764,0.0017241022772018,2.54202672663836,0.413751624357939,0.105427732225974,0.0016026882372479,2.63630890074695,0.413712751852532,0.101298746474591,0.0012068715940412,2.85846236429113,0.389261182768183,0.0596220079704296,0.0011087070906445,2.80479401046898,0.366089666645979,0.091642459560474,0.0011198885686815,2.44546936152216,0.320795094478752
0.126558672262917,0.001556817828809,2.43814939727069,0.37710066510129,0.183014070415561,0.0016223869850953,2.32845859122732,0.367640910062998,0.116041249450217,0.0010897724801663,2.75773045179348,0.356859957746753,0.208108932237436,0.0011250953617007,2.58625309541653,0.340050781513915,0.111585087810898,0.0011136580966393,2.29208970731927,0.299837285237325
-0.0729980924336305,0.0017410948138295,2.34080656401956,0.38287307320568,0.0458022712362451,0.001712340119999,2.31728679069124,0.375883176952946,-0.0578246699053876,0.0012187663696806,2.58421668102734,0.353644772768295,0.0222141955617462,0.0012237378922847,2.52631355502163,0.346425253101639,0.0177437800267234,0.0011687502051434,2.53981237435857,0.340361611751419
0.241015155356925,0.001632357701839,5.16853390436557,0.818564908132366,0.335607363030894,0.0017687580401102,5.32912003727572,0.878552669970416,0.250679708989226,0.0011426503912873,6.04230880667723,0.800640749428952,0.454735784422232,0.0012016089806908,6.84774545506253,0.930480503652123,0.212142133285391,0.0012093689741697,4.58894293156381,0.625561705310101
-0.0283943812326376,0.0015765015159884,4.12664420470898,0.642276909656456,-0.182414164572527,0.001663525078184,4.04092673225725,0.646061317939026,-0.028879191163935,0.0011035510611919,4.76400298014094,0.620363628549642,-0.204048257507863,0.0011123022365317,4.1668740380459,0.544753292897526,-0.537685140810547,0.0011367686214272,37.3746036356101,4.93958793094769
-0.0333696820287317,0.0016170362594216,2.80353773809398,0.441920727992454,-0.0206569988177458,0.0016879533179775,3.35377641486534,0.540122673613548,-0.0197305814747403,0.0011319253815951,3.12411821189173,0.412016344306867,0.114001935982317,0.0010955281270323,3.78893289962764,0.491594218923759,0.0108265549157303,0.0011289158239612,2.98094363561283,0.392611151904317
0.0310762003738164,0.0015480148021072,2.76164379334959,0.425925166879787,-0.0223798122149312,0.0016132987721286,2.76071508054032,0.434667406554226,0.0241163225263135,0.001083610361475,3.14293385365896,0.405555132671269,0.0004214942377466,0.001027444883321,3.09091599521405,0.388368998854172,0.0262647254435604,0.0010996873636369,2.62951678043976,0.341813058756044
-0.0506005905196755,0.0016162826398949,2.82897169208519,0.445825948874197,0.090102219994358,0.0017478412489914,2.4871742434148,0.407601046645705,-0.0567872871749362,0.0011345472694079,3.17136345331806,0.418731276646864,0.0693846171002699,0.0012431419318738,2.71765930205391,0.375606807862138,0.0193200955016067,0.0011402862956917,2.60858165725031,0.345294352492862
-0.0562976622828184,0.0016406580162425,2.60604104778232,0.41377892893315,-0.0724829418708078,0.0017411970117344,3.15631889368556,0.516277167009401,-0.036193632210127,0.0011484606113697,2.96437133605972,0.393793682224472,-0.0716454125428071,0.0012091841251656,3.33222667578523,0.45421224897913,0.0881753928713656,0.0011406399666451,4.83323981608093,0.639868489214701
0.044053795480153,0.001627219623877,3.39724285763356,0.537189811955037,-0.0480779241952387,0.0015157328185719,3.11071490658092,0.474733221107895,0.0557042876775766,0.0011390537367139,3.84558459459434,0.508759536019561,-0.0062614937277563,0.0010373922220878,3.57216500501469,0.451004725173624,0.0596413373967225,0.0010885684930512,3.26368900242704,0.422099399997276
-0.0748893506853418,0.0015977006857879,2.76462598572479,0.433173802312542,-0.0799410921486141,0.0018055326199581,2.56567666735551,0.427348989031503,-0.0721365851450915,0.0011183904800515,3.11314446557844,0.408107045182158,-0.0967023783082437,0.0012466711667771,2.89090924116252,0.400118379904686,-0.0550064359113596,0.0011494074210229,2.56938536089872,0.3414635337601
0.0512401072237235,0.0016326345916014,2.4786130417189,0.392582841532028,0.126058061184606,0.0015418937705633,2.70484887117551,0.416340172928559,0.0414433456142869,0.001142844214121,2.7980703742145,0.370791898737721,0.114560435868648,0.0011270766758447,3.03681870668424,0.399644355894879,0.13212506065537,0.0011545771244456,2.55886157840184,0.340828854044301
0.0550163283403107,0.00152483524761,3.11753183674072,0.477200011160346,0.0917183505672923,0.001552187654828,2.97262537365339,0.459082121254183,0.048945631905923,0.001067384673327,3.52044039996679,0.450853623189487,0.0984706258730795,0.0010806955969219,3.23148839785111,0.416420765991003,0.10855424263912,0.0011203818563438,2.85336299194016,0.374384745109923
0.141715558214193,0.0017141440148102,3.46014759034952,0.561560256498729,-0.0841077970434763,0.001688024356594,2.90026836752519,0.467095439390711,0.117178625076876,0.0011999008103671,3.8780944677645,0.526585800393615,-0.0331622642925596,0.0011199732944352,3.13340465320998,0.411053550947874,0.033364349655031,0.0011679002119959,3.2775342450779,0.43906436776527
0.185008590360038,0.0015376440407789,2.42606369631061,0.372913572785264,0.157350343344226,0.0015306059822688,2.6693956588073,0.409376340784406,0.190806154971523,0.0010763508285452,2.70906126151689,0.348396543382182,0.194614896762069,0.0010709134844096,2.90572077998274,0.372742710874127,0.237219445842103,0.0010941478142362,2.43977707106549,0.31634882866185
0.121235653728811,0.0016391680793404,3.08417726256852,0.489473474871414,-0.0466172115621469,0.0016546746899013,3.10101480634574,0.49446805405326,0.106605695691056,0.0011474176555382,3.46315862146896,0.45984475213061,0.034639706971115,0.0010732591058919,3.44118460243281,0.441914598531353,-0.0096537668711116,0.0011772185558107,2.99730794649333,0.403123393525155
0.0673166328410088,0.0016982739975853,2.87463555239726,0.464370646100617,0.0514663328325653,0.0018574134992044,2.95695885485346,0.499548508875094,0.0641336547719884,0.0011863888562223,3.24488134920742,0.438117334996272,0.143261740520942,0.0013466723178634,3.23866256607407,0.465880737887036,0.0753377955057129,0.0011849030961556,2.81723641589012,0.380139323338949
0.0194668052222103,0.0015391065917628,2.53907646849494,0.390470489028741,0.0092003639396314,0.0016046010185513,2.44477594875425,0.383884593505072,0.0224405136298826,0.0010773746142339,2.86401836936433,0.36849979868288,0.0315525616141054,0.0009202359678474,2.64834917602812,0.314921951091755,-0.0055543373747119,0.0011447897309752,2.45233863256075,0.32525305840688
-0.101861864425895,0.0015395770309938,2.91797816229966,0.44880825427746,0.0042544470133676,0.0016198142143918,2.98630148666852,0.471133884160403,-0.0855046324269378,0.0010777039216956,3.2745837461931,0.42138970402239,0.0331273163060194,0.001051056454554,3.19368386973853,0.405866338250117,0.0198704708792563,0.0011142844346656,3.1114282307193,0.407132626081178
-0.0229980253827687,0.0016207000263399,3.77106562007364,0.595104858458121,0.0975904420781763,0.0016184278610752,2.58132966165274,0.407069188682793,-0.0164960981533502,0.0011344900184379,4.2820831294672,0.565370989961757,0.0730952962606576,0.0010867255657847,2.75983845774719,0.356633134713547,-0.0218608869950208,0.0011766324620221,3.38577520186116,0.455256986635513
0.596058795242305,0.0016942016440175,4.37901677369182,0.706540798556817,0.46428779102097,0.001667517617123,3.92958804155847,0.629014020199483,0.571056971640389,0.0011859411508122,5.01498321598206,0.676985146343337,0.421102977274417,0.0011286434851859,4.22011134755854,0.55575117064923,0.468672665645762,0.0011672142684157,3.88618910499349,0.520447959925784
-0.0462873943215238,0.0016004098202367,2.48735876210117,0.390060632239936,0.151063195128078,0.0016423833547717,2.66149866140932,0.422806452216114,-0.0521451819955542,0.0011202868741657,2.82219073001688,0.37027899089217,0.114832460702828,0.0010879300467375,2.84845435755907,0.368288228019436,0.0227586507840338,0.0010951058814454,2.59520624876768,0.336649536312399
-0.12359594200136,0.0016890756048744,2.47664218631956,0.398993570797659,-0.0848585477463562,0.0016140950036608,2.6468963043226,0.41684976485383,-0.133305353525639,0.0011823529234121,2.80043870069094,0.377465898537483,-0.0246184155777838,0.0011031013976313,2.62645077446798,0.341944064553845,-0.069771158922139,0.001171675564537,2.59908937031374,0.348740982009445
0.215680094251982,0.001414473891097,3.74442431565752,0.552027370358064,0.125890811259893,0.0015859119146221,4.41117002452223,0.688606971496333,0.198238692622843,0.0009901317237679,4.28037305242438,0.527966291741688,0.112693218600554,0.0011202677581217,4.75030061019748,0.623246859532601,0.160289648129021,0.0010506711871634,3.89748752774387,0.495217783599669
-0.0618021913527535,0.001467019361511,2.64414402745926,0.396991416786543,0.146074179368454,0.0014308252488342,2.55307748072901,0.378560572097303,-0.0568639701188626,0.0010269135530577,2.99969709318659,0.376810010353694,0.14520542867877,0.0009424737965281,2.7910844006524,0.33588120174495,0.0950520668663034,0.0010165293499908,2.55011475989605,0.318711528265776
0.204370889776828,0.0015931678131786,3.72690136412399,0.583118402539693,0.0592089334669007,0.0017284332324638,3.7859617371309,0.616993531656027,0.180336795082173,0.001115217469225,4.14902711677176,0.543130437640156,0.0725408508737084,0.0011285065774933,4.33597509307965,0.57097476294691,0.0228854556620221,0.0011302869569826,3.37566610417898,0.444868778676015
-0.0633987556473644,0.0015628810893292,4.22355378296284,0.654514215823197,-0.023073317487055,0.0015745517530523,4.50704239329104,0.701048718309239,-0.0601338296112659,0.0010940167625305,4.83807185200708,0.627281369164946,-0.018285929831353,0.0010841265052198,4.99070722678507,0.64413984016512,-0.0580500919612614,0.0011245285741664,3.93289826755537,0.516982743576244
0.150436306255634,0.0016926352917261,2.43711782012958,0.393039598786157,0.140245649163367,0.0015402123079266,2.45942886218459,0.378357760984411,0.137036698351512,0.0011848447042082,2.73403143371511,0.368903101062971,0.136315568642916,0.0010906971411395,2.69891361322224,0.349396988942706,0.0795717083943242,0.0011184310189903,2.31483938152021,0.303461465388221
-0.0268889319135198,0.0016396353941316,3.63483199524193,0.576947201660858,0.100538423527782,0.0016954968659826,2.61236952925615,0.421658822710908,-0.0222572535635715,0.0011477447758921,4.13422441099015,0.5490283821984,0.109243539712997,0.0011010816250447,2.82839065540306,0.367897839979617,-0.0465356180431662,0.0011548647698771,3.31744240187777,0.441923447085611
0.0999404211896384,0.0015340635710419,2.33913893812644,0.359133388828032,0.0945592384483535,0.0015463782620869,2.63227680004154,0.405758391998928,0.0853753061568738,0.0010738444997293,2.57577780055679,0.330869839736573,0.0715085520944691,0.0011148310722719,2.83684989754061,0.371294893411885,0.104870606787163,0.001137291723553,2.83276819199292,0.374476926143742
0.0672204174966299,0.0015378434723841,3.86418258308481,0.594007313565041,0.200936376293527,0.00168777639402,3.94078062748527,0.634625911837103,0.0588441666272446,0.0010764904306688,4.39861083606489,0.565716327344941,0.137815086899295,0.0011114447469738,4.3404547716497,0.567227477432954,0.0934829352464807,0.001123234048133,3.3943204573107,0.445929350573158
-0.0067862644618958,0.0014918518911396,2.48473505145787,0.376201937377131,-0.0321067329268475,0.0016556215221632,7.25340198544755,1.15691210499386,-0.0243457326277078,0.0010442963237977,2.76803294645839,0.350639805116912,-0.0269559286907811,0.0010918831255864,7.67820472016081,0.994548235320101,0.0143861592745701,0.0010812318513008,6.01768251311678,0.775651743727854
0.0730375224097919,0.0015975101135367,2.32126641437528,0.363684575795347,-0.0099760496214013,0.0016549645145267,2.37082090621477,0.378069095259285,0.0647836699826098,0.0011182570794757,2.58454173692748,0.338791467989854,-0.0057951707802212,0.001169242293818,2.61453480188046,0.350448957081001,0.0532080951630169,0.0011381684675869,2.28597393747628,0.302310085503139
0.310350489075638,0.0015072256809464,2.99542016692189,0.455853169450756,0.122859074511332,0.0015786700157449,2.69542445060437,0.419808212726376,0.27759675449906,0.0010550579766625,3.3568288644464,0.427410758984341,0.0831892227826982,0.0010479210515898,2.91183099896553,0.369494973129632,0.215320890883163,0.0010862762152206,2.93572948613016,0.379283767947406
0.0348810800114768,0.0016173499608777,2.78747594300343,0.439431530707076,-0.150486821489944,0.0016719159539183,2.83969018600715,0.455151803776184,0.0421683638195035,0.0011321449726144,3.16617176160795,0.417602970344576,-0.107152410670611,0.0011420493762653,3.05924801661964,0.405261375654642,-0.0801600732011853,0.00115684240057,2.80416364933269,0.373868211898643
0.158312647427821,0.001524139826235,2.87229044632024,0.439560689668033,0.203054156883334,0.0016693966209217,2.93421471215057,0.46994793114906,0.147585853820259,0.0010668978783645,3.22244556101174,0.412596083968748,0.210204504325354,0.0011978411526353,3.18732965835465,0.432418917576303,0.188124863324701,0.001149074753742,2.80381306217842,0.37256433892886
0.155880537322951,0.001526334551208,2.89658168601803,0.443597137306333,0.133316405645098,0.0016031732590204,3.13398133054806,0.491886294354079,0.146341374716002,0.0010684341858456,3.27182586512042,0.419220156454442,0.1340615566742,0.0010376664065624,3.52565449084665,0.445191347508367,0.173822123305908,0.0011247011634569,2.86273310818612,0.376337520851818
0.0149733290076016,0.0015100093217245,3.91353085936849,0.596124077755975,-0.27714424249723,0.0015450925345035,8.54998414717483,1.3174090521738,0.0118017498143751,0.0010570065252071,4.46542850565739,0.569088829823282,-0.181484277553145,0.001073303249399,8.91366006894172,1.14470973599111,-0.252892483594141,0.0010659472221698,7.1545724910587,0.915650266479991
0.155336831090037,0.0016030461942816,2.85238355975125,0.447671070312932,0.150133025408972,0.0017860402562829,2.48508534654752,0.411684974795322,0.166028354479773,0.0011221323359971,3.16443234865496,0.415523835310433,0.130937585495744,0.0012051767963477,2.64405791237152,0.359810995300233,0.0952527932615146,0.0011283914774382,2.51310320495269,0.33091641396443
-0.146451755460314,0.0016317180603155,2.69482485781655,0.42670839939525,-0.0543982450911915,0.0016117403242537,2.87222946174705,0.452006578081355,-0.120216691323045,0.0011422026422208,3.02520234247136,0.400778204165982,-0.0285432795604443,0.0010328532049426,3.27766195231636,0.412915843704204,-0.0301841448456171,0.0011172260828114,2.58460900450566,0.338644068239067
-0.0128713128803023,0.0016792822024634,3.91477702207807,0.628849847369152,0.0623299461785539,0.0019123788358105,5.06463646140739,0.868187099463963,-0.0023780743552298,0.0011754975417244,4.48850263086399,0.60324041962256,0.0792228739240972,0.0013271915470089,6.03117467208523,0.861284827417722,0.0427456375018377,0.0012218175389107,4.52672316274613,0.620247753136519
-0.222847776078992,0.001694278367106,3.59536546036096,0.580114220404443,-0.0719485399496081,0.0017407249854564,3.73171712564826,0.610311964343419,-0.215989206588117,0.0011859948569742,4.14784811814323,0.559941085629988,-0.0352655450436772,0.0011649865139057,4.27552868496815,0.572042584527164,-0.116772030960791,0.0012126569798926,3.3768389070709,0.460953816516823
0.231366312968626,0.0016595702483042,3.90408347577453,0.623440486242977,0.256938268828857,0.0017589153253679,2.88383853710092,0.47410167993759,0.213405075290332,0.0011650319211288,4.46600505790409,0.597538936408268,0.239300014127406,0.0011933098805265,3.12940668319306,0.423756829580538,0.238052198043465,0.0011755548778844,3.56607437037582,0.479280695462465
0.0268176430892139,0.0017959768400247,3.20616453639993,0.532616061339381,0.084339657170819,0.0018126762536876,3.3495133160189,0.559010439106001,0.0242965901422424,0.0012571837880173,3.67189204565527,0.510349127970627,0.131540305628269,0.0011487527649519,3.59957020891667,0.478235730330969,-0.0112332897124098,0.0011457878226397,3.06660545652469,0.406900376707061
0.112996529654684,0.0017114856097237,3.1910261307281,0.517481791760819,0.16757753045536,0.0018072281521267,3.57315595322057,0.595438003807803,0.0958446390467088,0.0011980399268066,3.60359291189253,0.48893311952964,0.142815797366875,0.0011662159999121,3.91069437282476,0.523505755637926,0.129943696417779,0.0011383722427605,3.20588714260363,0.424002546849562
-0.107833902312731,0.0016163035893126,3.33054817934041,0.524874260616696,0.180958973079693,0.0017369487108338,3.10308202918051,0.506949664775453,-0.0907021639324356,0.0011314125125188,3.74042405061309,0.493184496852078,0.207548775839024,0.001127118280503,3.43090253785204,0.451513993450018,0.0247232832953202,0.0012006480033872,3.28532327192616,0.446235428982032
0.0802372718658732,0.0016127113040766,3.82577692813262,0.602248941672413,0.0388555944570726,0.0018357107156169,3.61960882537732,0.607913582211008,0.0847024248542638,0.0011313153312047,4.38546796748067,0.578210356437918,-0.0020877540231032,0.0012678839218548,3.90322075124223,0.54480482847601,0.0838246699417957,0.0012057078060976,3.46599862449133,0.471766945942311
-0.102589691103673,0.0016778830912776,2.33893275513821,0.375557700587265,-0.0452008179250512,0.0017225116668222,2.42110625181032,0.39388824659895,-0.0956465825508685,0.0011745181638943,2.60637892723237,0.350143050543226,-0.0980531411320928,0.0010775242738712,2.72829174652298,0.351060871921595,-0.0152750668007109,0.0011300089747044,2.33785337036026,0.308060702805438
0.127816171367755,0.0017594492568486,3.30348315471766,0.543173478263693,0.0819974277668148,0.0018115964401671,3.15263760215983,0.525996515513221,0.125021062352721,0.001231614479794,3.75064411830644,0.515966300867224,0.136906885930458,0.0012583571720632,3.38386728531985,0.470536559657588,0.104930700055218,0.0011916137249735,2.9572448650968,0.400159490505701
0.10900211410424,0.0015476386409067,3.09032437342195,0.476559285681073,0.138848896490626,0.0017472094867746,3.01403135297825,0.49385373414318,0.0920881378463994,0.0010833470486347,3.4489660152533,0.444990566125968,0.181756487034576,0.0012286572545378,3.45661523887295,0.474946292181219,0.0792963633173703,0.0011220549804561,2.78593735013767,0.365810781636396
-0.0309789617719938,0.0016755186067914,3.25358476139652,0.52205329300576,0.162092071529805,0.0016172849211764,2.45017379230586,0.386249780485109,-0.0270561108104974,0.001172863024754,3.71711243432466,0.499007912394856,0.15057181628992,0.0011697751524985,2.69610602058007,0.361464997723309,-0.0205408159796496,0.0011375559074792,2.88623504538957,0.38158927287635
0.204175464659289,0.0016111824178476,2.54507645822895,0.400452747268577,0.224104286974256,0.0016222039831441,3.19380908626888,0.504242875235407,0.168238829523176,0.0011278276924933,2.85138849672248,0.375366799017833,0.23148362012676,0.0011295803702424,3.37356959044508,0.444453497669938,0.204442633542281,0.0011449381836401,3.04292916853326,0.40360910004403
0.0928781576439339,0.0015450724836191,3.2584233585952,0.502065091713793,0.24069250723262,0.0016281525428294,4.04056899814709,0.639099032258803,0.087276545433993,0.0010815507385333,3.70428255122732,0.477535477041712,0.0985384510911346,0.0010937116596318,4.8000820524584,0.622269004231025,0.126630017707332,0.0011661105346942,3.58819442453909,0.480312526485087
-0.132022218253341,0.0015709556897734,4.31222612307306,0.669979602184476,-0.140283440529094,0.0017651290709255,4.66126432898766,0.767662015516111,-0.102946179199578,0.0010996689828414,4.87679913932265,0.633933851227089,-0.0979931221532787,0.0011283316144242,4.9249170546856,0.648478206922037,-0.0867740774172481,0.0011327187115886,3.90958160444237,0.515785829853519
0.200412266211475,0.0016526486214358,3.26587892920889,0.52043731821999,0.243061829429817,0.0018503585432256,2.92840821238939,0.493784721022715,0.183174079812732,0.001156854035005,3.66800528801802,0.489043310454988,0.180357977276814,0.0012852664403153,3.21406220682665,0.451678011333921,0.183246583359185,0.0011688960710196,2.91900652631222,0.391202032126668
0.226193261518311,0.0014032145294261,3.49715873396196,0.513517760001474,0.275739730594341,0.0014595413702516,3.43089795664506,0.513799991405759,0.217155197685156,0.0009822501705983,4.00874788015349,0.492490532796402,0.225821908718794,0.0009480022058284,3.63634638734816,0.438882239861579,0.208017656297446,0.001025977839168,3.40349110712719,0.427338180923636
0.0821379610825307,0.0016336326894353,3.17389127875564,0.502860288550681,0.0095062868861254,0.0017013359600828,3.07142377888743,0.496607037460459,0.0610711463587848,0.0011435428826047,3.54048284112266,0.469317564450302,0.0319752569735288,0.0010585577294774,3.36591800970853,0.429278258344384,0.0107317835022293,0.0011582412357482,3.08010732096472,0.410906912254354
0.152308154476683,0.0015702977680302,3.84339765468807,0.597013860749675,0.0254891385709869,0.0017746330007456,3.95928138416286,0.653805743302672,0.140595184311044,0.0010992084376211,4.35782971885288,0.566354518398945,0.0425791631381138,0.0012050676622953,4.12936757279012,0.561910756705488,0.0972244744036016,0.0011708365003183,3.50006582054747,0.469464140430871
-0.13425103530083,0.001704795915554,3.27959551040777,0.530804465745459,-0.0372073678874596,0.00179625162065,3.24258755900864,0.538707950690161,-0.103028906899219,0.0011933571408878,3.70818946191667,0.502140464714335,0.0180000957729628,0.0011650441444692,3.69910878936192,0.494932965448049,-0.0323948343444358,0.0012159849575537,3.14335545034782,0.429670642929747
0.125532610087524,0.0016830518473984,2.63468018389289,0.423696366017993,0.146431705520816,0.0016848054536071,3.11445960825564,0.501112999849004,0.135204196742473,0.00117984323325,2.96674222992171,0.399457015883403,0.165157727812033,0.0011181304489905,3.45288725448733,0.45259184213862,0.148219391154417,0.0011652006035722,2.76631593099798,0.370152097727989
0.139086883330101,0.0016361742076419,5.67292281014626,0.899497026635483,-0.0118193684838559,0.0016488855114011,5.26310722644833,0.837752158970531,0.117474032807031,0.0011453219453493,6.44121578379678,0.854495394400355,0.0523201775139093,0.0010794697298635,6.03086869889228,0.776717686055468,-0.0056648794590878,0.0011198246780277,4.95778555148028,0.650340560769993
0.138721419393503,0.001753524138808,2.84631079995158,0.467214466723895,0.186033723610233,0.0016235579666885,3.18722308923709,0.503413026287716,0.113877458492295,0.0012274668971656,3.19385318671508,0.438629594052886,0.120740855691261,0.0010575758664746,3.46050971205994,0.441137446559202,0.0943736135124649,0.0011566509186345,2.99470477943296,0.399239272877596
0.126997579493338,0.0015184534704088,4.10563935114874,0.627132962556208,0.229027356705572,0.0016777874176495,4.29923369433332,0.690299575066642,0.125048434507542,0.0010651299711498,4.6764788532488,0.598271568044392,0.230276264830163,0.0011833683412433,4.87374827234593,0.657205446781453,0.123797133175497,0.0010555541595719,3.63420449973418,0.462836615567442
-0.0491336366959798,0.0015955890715314,6.03360068460679,0.944746251803329,-0.0485412957564093,0.0016278955371507,2.54823538472649,0.403023986932681,-0.0573712121155242,0.001116912350072,6.9752669041545,0.913794339523798,-0.114467699641326,0.0010234980067621,2.64354532353373,0.331518942254811,-0.0051066881000809,0.0011055046621343,5.17400326984758,0.674349554207326
0.10484317190965,0.001564369982105,2.96476924236796,0.459662124625645,0.17980024881311,0.0016530225956479,2.93120970904804,0.46715862580204,0.090851620157714,0.0010950589874735,3.34174539100672,0.43348113455579,0.202545118358583,0.0011236051412877,3.29764126837685,0.433299666737305,0.135232353605886,0.0011231139338725,2.69879276658872,0.354535339816218
0.122720443049683,0.0015023927725505,2.68074738182787,0.407310607095812,0.146196302466038,0.0014669424214066,2.74754733926565,0.412505557977438,0.125072820103056,0.0010516749407853,3.01169318900768,0.382850815341306,0.21056805896264,0.0009393589215396,3.0619386783651,0.36786659942647,0.108994830797179,0.0010871775647333,2.68937253927808,0.347599620434705
0.103459085103124,0.0016720976234927,3.06224059106713,0.49084933891589,0.0673766764938015,0.0015877311187135,4.10610286490617,0.641351906515866,0.0975083817288833,0.0011704683364449,3.43981342630803,0.461309935973958,0.0095417559839284,0.0011349630947291,4.4017280020176,0.581289072891908,0.0270240524037046,0.0011074702881782,3.55880243849837,0.464245826235515
-0.078420921819358,0.001598529900784,2.74133678469144,0.429636195832077,0.0255638968814117,0.0017240530200297,2.65437514457614,0.432031783029566,-0.0715839070880244,0.0011189709305488,3.0337674023759,0.397804571240193,0.0689854352737014,0.0011056305685635,2.90228295549128,0.378288254278392,-0.0322973972767146,0.0011472059429565,2.63822616122735,0.350276340140258
0.193131771070795,0.0015632669450024,3.03337124600377,0.470132445927454,0.0755954602989821,0.0016643775719104,2.82445787251435,0.451688585371369,0.188087375636253,0.0010942868615017,3.4079704387981,0.441915768225297,0.122666135942749,0.0011071552460524,3.07060952628639,0.400504076371037,0.130016340400882,0.0011231083427342,2.87910444190188,0.378221604693535
-0.124012055997077,0.0016103370252984,4.30977714106878,0.677940047182804,-0.0527616250624009,0.001615633164698,2.5256954230731,0.397951772738866,-0.120641357151058,0.0011272359177088,4.90443292114973,0.645467373606362,-0.0962343514809848,0.0011040654996544,2.74388772903067,0.357389545081039,-0.0585569943592396,0.001098101481233,3.69872193137246,0.480453108739622
-0.0376714923900066,0.0016342330486621,2.34372608427408,0.371400030108231,-0.0082334377737843,0.0016805973358936,2.31403410771764,0.371860182424491,-0.0311701069143218,0.0011439631340634,2.62833661141093,0.348469751557364,-0.0035099461199543,0.0011154555186472,2.47558540237805,0.324102311230814,0.0035087426595349,0.0011413032375181,2.42391855896526,0.320993793444547
0.0680752144241097,0.0015899469329991,3.19491758744767,0.499377604118383,0.0058462596630755,0.0015434335231812,3.13547867807152,0.482865195461866,0.0506788596917541,0.0011129628530994,3.65692280181281,0.478227133951763,0.0623841762118957,0.0010607729051703,3.51451175823436,0.448698168092351,0.0260942145513748,0.0010923206319844,2.84004712389151,0.367941437940498
0.0580022239973165,0.001659695472955,4.20716817090968,0.671865225773931,-0.198630446162463,0.0016683666602397,3.52152435629077,0.563838249983546,0.0523839928064662,0.0011617868310685,4.79217890179008,0.640286483855899,-0.176364728787257,0.0011650942178792,4.00714323040511,0.536158846557765,-0.0043290897679648,0.0011464691044574,3.99135687964135,0.529760807827408
0.0436203668245615,0.0015713675468807,3.24699839420455,0.504544005045927,0.0545832834601107,0.0015267555919438,3.60584092752732,0.552292836381291,0.0386001950148114,0.0010999572828165,3.66973693635116,0.477090676612665,0.0414115478634277,0.0010529466734847,3.98045263593252,0.506306771335706,0.0878001427320879,0.0010933913901115,3.33958443286864,0.432870848589864
0.253564231173818,0.0015597789415837,3.73015405981897,0.577479247766611,0.0378862985467778,0.0017231724327517,2.44430765402783,0.397739133700016,0.234157731704917,0.0010918452591086,4.1955435934037,0.543434080546732,-0.009183062030791,0.0010722836595369,2.65438735595412,0.340719688922871,0.143725641009491,0.0010830208332847,3.43809789394481,0.443521554193992
0.319955644551512,0.0016004925190717,3.0963920006214,0.485580063709657,0.255930408015216,0.0016773013018188,3.84616064114086,0.617463155478411,0.284634366095224,0.0011203447633502,3.49511747030315,0.45858063131228,0.16793593192448,0.0011190538945354,4.06362988314723,0.532865660125981,0.242057556127399,0.0011900144064387,3.45108335790465,0.466669744875286
-0.141458881740707,0.0015325691491102,2.6547660331799,0.407393765443107,-0.147713340097466,0.0016228149220926,3.04709348349116,0.481169799688753,-0.127124955198444,0.0010727984043771,2.92385283654681,0.375398606397721,-0.131869666952569,0.0010775383457309,3.29335184410192,0.423772318641636,-0.122249368363709,0.001111588764614,2.79539190180289,0.365336331584985
0.0143768339879283,0.00171531895205,3.18636886192177,0.517304884439888,0.0778957205636231,0.0016319949809082,2.86001014298196,0.452902866506961,0.0227414772728819,0.001200723266435,3.6188483634321,0.491552529660973,0.0370069515225832,0.0010882360717351,3.08656890367596,0.399131148554339,0.0592214606773916,0.0010871821151992,2.89821085209878,0.374592618064141
0.0584344885426978,0.0015172631209897,3.33748559671,0.509598261524341,0.0499525757918751,0.0016863657618949,3.1629352771417,0.509148278686027,0.0760153755471409,0.0010654166806923,3.75357495803824,0.480267198206434,0.0154401606007005,0.0011828006064557,3.33531835517071,0.449646429804583,0.0497011051921961,0.0011220325146345,2.98894309181018,0.392462760388972
0.0815163992388039,0.0015835622580259,3.57573002423212,0.557776713479698,0.168198289397462,0.0016755016069534,3.12277870723717,0.501062291801074,0.0675122349651644,0.0011107114583849,4.057504588323,0.530075500869718,0.168348458859091,0.0011684191388286,3.66328386115324,0.490849090261128,0.097058181250688,0.0011469641140762,3.33830793116112,0.44317922729698
0.0218582413658074,0.0014550755885781,4.29477020863104,0.642185944494483,0.031726850795529,0.0015409129604152,4.21191495959448,0.648107033607454,0.0041226669360226,0.0010185529120046,4.84223507576475,0.605781147233622,0.0834903659083248,0.0010358312350017,4.50077089406348,0.56781844286508,0.0767831969632942,0.0010731358588793,3.902977486092,0.501188948895168
-0.109252181227581,0.0014338139435724,3.23598450138481,0.480320275147534,0.044597330537133,0.0015354428006361,3.43488717295218,0.527603155233836,-0.0691323010889451,0.0010036697605006,3.63311014771915,0.451182318193943,0.0427866309462821,0.0010426967801579,3.76525386490826,0.476597067591345,-0.042113175095422,0.0010711993315437,3.09692553501694,0.397323265466668
0.214563614241718,0.0017611705107285,3.06386299284773,0.504020417969163,0.186844324480366,0.0015818527568739,3.10237660571541,0.483677217454864,0.199552291491906,0.00123281935751,3.39699686561231,0.467544503036734,0.160185484327107,0.0011293989918305,3.31059003984111,0.436121190226965,0.215154389945409,0.0011197068313689,3.16816224211971,0.415563757421936
-0.0379342251415631,0.0017725698130422,2.59182181238329,0.427744960591118,-0.0903937503534022,0.0018740651201661,2.19950900125649,0.373246865433384,-0.0430270327774404,0.0012407988691296,2.90221031976283,0.400735358083953,-0.107013934253692,0.0012445022423869,2.42451723145645,0.335275024938542,-0.0236859370044994,0.0012557243785811,2.47940493993386,0.344407588326995
-0.0425732707724841,0.001613696056894,3.35812132485046,0.528792562569883,-0.0017043421725485,0.0016245269264726,3.33091372697974,0.526265533732975,-0.0322430472842221,0.0011295872398258,3.78469160900031,0.49861859761644,0.0042115542335084,0.0011238376491987,3.71632043248662,0.488363309735152,0.005740160511509,0.0011171209399662,3.02182570435206,0.395911023413669
0.111559887748271,0.001714714466045,2.93080864813284,0.475731005164038,0.207962909147379,0.0017010346112974,2.84723535406741,0.460318076221249,0.103642535074376,0.0012003001262315,3.30925342174024,0.449420666179331,0.153226283898125,0.001226841498539,3.04361370755921,0.417889873213947,0.126670669294322,0.0011160114856864,2.75014025675259,0.360136601681659
-0.0521656764997719,0.001635391203173,4.44957915018562,0.705355166669399,-0.164976631774333,0.0016002094177464,3.73969971872728,0.586412513790161,-0.0637879981200199,0.0011447738422211,5.09342726010937,0.675535293367845,-0.0750953519159619,0.0010031859984393,4.06350374543517,0.504509655205143,-0.0517767149835757,0.0011423457624542,3.91809976767226,0.519101596494463
-0.203126334873641,0.0014780029689182,3.98698709559541,0.600842396855337,-0.0202160712221685,0.0014897663576918,3.55773083904317,0.538282494535483,-0.189907770412533,0.0010346020782428,4.55570865400211,0.574408294165095,-0.0492885658548722,0.0010062283066098,3.93253967112339,0.488989421951716,-0.0984905330989031,0.0010756045717584,3.63667317370342,0.467529134356486
-0.0759257959984731,0.0013951782285873,2.53574237581842,0.37127701206925,0.0504426630195149,0.0014994954102793,2.76211233174575,0.419268267526031,-0.0706541635592214,0.0009766247600111,2.86024400508271,0.350384621030487,0.0846429280585544,0.0010119404086828,3.16745827973286,0.39497213648814,-0.0011649676318402,0.0010553621952753,2.59260057014959,0.330152405112138
0.0076224842776822,0.0014955508061421,2.9837798482682,0.452319643467782,0.136322113390245,0.0016154294147486,2.79082578125794,0.439698319952294,0.0015713097169171,0.0010468855642995,3.36030962326799,0.426193663033996,0.164973234547078,0.0011196611954895,3.04408639348214,0.399280751305057,0.0567390409079958,0.0010875335333537,2.72218248550052,0.35189788012342
-0.116285547735653,0.0016828525839317,4.4643343890538,0.717889895331419,-0.154590348600997,0.0017581374306586,4.19335108330836,0.689232457988115,-0.114413429798202,0.0011779968087522,5.05301296520378,0.679830361137853,-0.132361488077384,0.0012242347435675,4.47793219837866,0.614169083010547,-0.0911919758167939,0.0011993032080883,4.29909015409344,0.58360517865035
0.0649471812376124,0.0016709502346431,3.00308950042835,0.48120277158191,0.0821581928273444,0.0016957612764169,2.71135721669961,0.437670406573279,0.0315836918185394,0.0011665970135274,3.35477659071652,0.449161083428586,0.0369602366868809,0.0011662888340256,3.00036160990662,0.4016564500376,0.0438608398356341,0.0011087644087156,2.85462027061995,0.372602762450254
0.0825412504342116,0.0016027557082306,2.78048543676223,0.436347384953777,0.0794988122402365,0.0017079396771863,2.97598216311245,0.482108373340516,0.0762995886010935,0.0011219289957614,3.11806698102595,0.409398467965493,0.0868217795943475,0.0011277174415529,3.22361150291724,0.424346800663844,0.0712264011045278,0.0011506451928139,2.78112003162841,0.369801385168927
0.0775513458707022,0.0015430296034456,3.11921166189966,0.480297207575111,0.0300205935026219,0.0016068614869389,3.10517659689276,0.48792560789814,0.0806669312369282,0.0010801207224119,3.48781886387837,0.449332837272608,0.0926792606328955,0.001045710904758,3.45303524348899,0.437708435241556,0.107177720465993,0.001109597631622,2.8813360310892,0.376231156320566
0.252277213359839,0.0014399190163889,3.12247016745178,0.464456898835271,0.123852532133368,0.0015974018822134,3.03686196021408,0.475784439344901,0.249299184815774,0.0010079433114723,3.57286320663626,0.444644094989759,0.10270177882757,0.0010305852850555,3.4769730415752,0.43754364329037,0.133076628408273,0.0010751887707566,2.84433176778137,0.365595379656468
0.0451383157861213,0.0016769040437203,2.42893998219049,0.389896176603938,0.12347313981461,0.0017497457721907,3.7045620939725,0.607438678006726,0.0401876406787691,0.0011738328306042,2.73975217296245,0.367953122484929,0.116014269337285,0.0012476106586488,3.97161537317325,0.549901377963382,0.123395683404689,0.0011676236820083,3.3073114277212,0.443000917410994
0.202005525538819,0.0016389871154201,2.59395726853259,0.411650525246119,0.200317555790591,0.001568138360724,2.62567415482329,0.407578348717825,0.187110064603877,0.001147290980794,2.89701028465545,0.3846492707601,0.208225387431818,0.0010770296668326,2.97359449068398,0.382537189865431,0.197317214030534,0.0011264934752968,2.65441673329185,0.349229991551642
-0.0813080362290956,0.0015658557604099,2.84993619701112,0.442068022838168,-0.124615694065325,0.0016810139880374,2.77515552237283,0.446016655477165,-0.0665259507388908,0.0010960990322869,3.20109705368257,0.415433797472163,-0.0839257868583586,0.0011132744998255,3.09099981604621,0.404276220221542,-0.0555177217537221,0.0011106861542505,2.73189744268765,0.356893104680511
0.0352832832906796,0.0015034145170609,4.00114442489296,0.608137359844312,0.0249602873244829,0.0015728041842555,3.94544779594383,0.613354726130815,0.0370236101497213,0.0010500171705763,4.55056565937031,0.578018411718407,0.051007341303468,0.0010545218133339,4.19760308902678,0.534327149303914,0.018814062818409,0.0010822396383416,3.46645934166061,0.447018930955048
0.0035037619747851,0.0016163748491656,2.38819773608037,0.376373823605197,-0.0277262331011072,0.0016619623849654,2.38448752553575,0.381051553518508,-0.0030714949018545,0.0011314623944159,2.63595986450434,0.347565724959478,-0.0216450104171655,0.0011901641787262,2.56554491444912,0.346945410002069,-0.0278356367891569,0.0011451305569908,2.4383500197185,0.323445889486624
0.136177339616995,0.0015801307598845,3.24616535402683,0.505819116477992,0.0628746595615432,0.001643719371605,3.89156068750151,0.618465859744089,0.129465668337251,0.0011060915319191,3.67260913638037,0.478793593492349,0.0412753583940091,0.0011357711752337,4.22554814081611,0.558221503133061,0.0436737384566808,0.0011017934465365,3.62970784420488,0.47228032031816
0.043507376402605,0.0016181691770515,2.78088704772466,0.438503837359732,-0.0039026651145152,0.0015792765349854,2.89644325557197,0.451203232789006,0.0386600613381881,0.001132718423936,3.19027160346358,0.420888177815448,-0.0543541548705466,0.0010774463425249,3.25576511094154,0.418917957336977,0.050063052566542,0.0011118401078725,2.69079726604442,0.351706368762034
0.258835790830659,0.0015547547317841,3.46031948678487,0.534841660888621,0.113817071612834,0.0015870738451442,2.83910132828971,0.443361060094381,0.243336184651844,0.0010852206398023,3.85150922131069,0.497356789769051,0.087813379179989,0.001138267696809,3.04606309631146,0.402846122045394,0.200782068081324,0.00111186354728,3.06877956834534,0.401115575995489
-0.0272190651259875,0.0016682570953207,2.57496008528084,0.412268429040716,-0.0540880133434694,0.0019252365171233,2.93346377799633,0.504546109779802,-0.0199926011412822,0.0011677799667245,2.9215970654761,0.391362235998094,-0.0373244599182584,0.0012749380672375,3.16888656959512,0.443536458889329,0.0486317050196121,0.001151195622748,2.81888876500863,0.374913078089475
-0.0543936767742868,0.0015409381029424,2.62593551679211,0.404068263259447,0.0569800264067661,0.001664221544633,2.59788583910293,0.415435609016901,-0.0499232909223086,0.0010786566720597,2.97750054675486,0.383328891854776,0.061023616463147,0.0010523672488136,2.93503116823333,0.373228213588338,0.0032059532296631,0.0011295263255301,2.4769561304264,0.326320667132824
0.037075785408896,0.0015793557073381,3.08048959294061,0.479885701102874,-0.0591152942307604,0.0016292657001134,3.00938485379885,0.476158755960353,0.0380836818459378,0.0011055489951367,3.44045727541384,0.448418222461608,-0.0326202432076078,0.0010970417705708,3.21279966370515,0.417131814230794,-0.0359780239644365,0.0011452743415729,2.94105081885491,0.390153386580713
0.0430601388762962,0.0016658756814207,2.47104774751455,0.39534888484946,0.119334485498239,0.0017025683577272,2.41975730121544,0.391383195258093,0.0372031497937732,0.001162736737655,2.77474328234649,0.370886984222751,0.135930624529005,0.0010630092102155,2.62481985618355,0.335464140587466,0.0965741448164934,0.0011349614740718,2.52921978470089,0.334006729500624
-0.172723857964703,0.0016324120561249,2.9884555902054,0.473303580500681,-0.0173448984031123,0.0017575325789716,2.44922128269196,0.402492510384451,-0.159745430247199,0.0011426884392874,3.36264379853991,0.445577106421138,-0.0004717823051486,0.0011550147963117,2.62399588177634,0.34957068832459,-0.129908253817154,0.0011321924472638,2.78882253229322,0.367840116997447
0.0944817072663971,0.0014607865501338,2.70003363231363,0.40452059869538,-0.0553668297140971,0.0014812404955838,3.00411772088474,0.453218701508448,0.0953151346168659,0.0010225505850936,3.01994981628117,0.378547352925167,0.0046798040835826,0.0009843915204743,3.4451696973173,0.423713827813057,0.0330364803069197,0.0010359917416435,2.8506904250353,0.35967171888568
-0.107458971542004,0.0017057176338327,3.53974708309927,0.573065005501393,-0.142750379682523,0.0017742720481779,3.65895483304054,0.604150640917755,-0.0641272442061108,0.0011940023436828,4.02300962096201,0.544918744708642,-0.092718829842386,0.0011637658504835,3.9227058429027,0.524561766987185,0.0110041366830268,0.001133166741115,3.29674306264224,0.435020874719921
0.166379817052129,0.0016373326740074,2.71504650633108,0.430649377730416,0.179501634622859,0.001668023658955,2.72697467274557,0.436576439052474,0.148933876707606,0.0011461328718052,3.08224055026536,0.409036534955692,0.245299566371572,0.001129463745173,3.24299585668822,0.427228904943887,0.0964046339930451,0.0011207781237375,2.91656418601359,0.382744931244581
-0.221917152235447,0.0015809459899703,2.97111677899809,0.463080320639041,-0.0509286658780103,0.0016201510901856,2.5456517210154,0.401656529554793,-0.210611056901949,0.0011066621929792,3.34896318887601,0.436712876444581,-0.0789539830998181,0.0011182739916372,2.77592787251251,0.363881835263563,-0.161645467943108,0.00109138507512,2.82137803514839,0.365366203827751
0.0492500534871602,0.0016637083764728,4.88617926826832,0.781242902727643,0.0125936990777023,0.0017387636401512,2.84339055366682,0.464766565295739,0.0469440480886545,0.0011645958635309,5.60071615412998,0.749219843453798,-0.0329878657206582,0.0011819299348144,3.15129140450137,0.424680693273928,0.0782626737173054,0.001150241787039,4.12926936133524,0.548966535381058
0.0710146290283175,0.0015351592460825,2.5773951221441,0.395854699603059,0.0803416119155273,0.0016543113674099,2.34587011622959,0.37401642654083,0.071078956280194,0.0010746114722578,2.89352778235112,0.371818915351852,0.0663009019855848,0.001144065218945,2.51152803688791,0.33299791073414,0.0585080046869155,0.0011044390210622,2.44333773784936,0.31829693793823
0.0656614640230989,0.0016838303262148,2.61483341964764,0.420601945457537,0.0833215360133351,0.0016895081546726,2.90505976859717,0.46807269230293,0.0639289987239957,0.0011761670767351,2.98745135864753,0.401618249412877,0.114343087753619,0.0010990062776664,3.10245312591398,0.403165537715132,0.0666321532029359,0.001164153773918,2.70941603963894,0.362375609940015
0.0476806855008689,0.0014149036366397,3.21060619542791,0.47340033127659,0.0234182220214362,0.001503561231821,2.84681601799163,0.432711111079711,0.0533571502357975,0.0009904325456478,3.61815525732389,0.446352258782399,0.0099178441821733,0.0010116814841905,3.09083110217442,0.385367655872576,0.109916724206613,0.0010514927880043,3.12471983691967,0.397184525940198
0.0504003186644347,0.0015549168056677,4.85248857651868,0.750060313513896,0.0602437758092121,0.0016895847816195,3.34587967090019,0.539111255973198,0.0321868252828508,0.0010884417639674,5.58398017190006,0.722145239935436,0.062271812245789,0.0010735390261816,3.77233604103775,0.484504012436309,0.102272468771258,0.0011432631054475,4.43566297750895,0.587908476450325
0.019591643177583,0.0014766754768648,3.45753263086473,0.520819103312782,0.0729052163492232,0.0015297947138136,3.4859048960006,0.534453836514853,0.0291279713205028,0.0010336728338053,3.97072328759032,0.500425303148141,0.0716258275094511,0.0010666642715668,3.90731159268239,0.500230314348099,0.0475476296959655,0.0010733132212547,3.23875758358318,0.415929543226272
-0.109836151871391,0.0016616441081034,3.33696729570822,0.53321092974886,-0.0342923374951003,0.0015774792798971,3.20762321453721,0.499393938125055,-0.110994454376756,0.0011631508756723,3.80398034199292,0.508550840731848,-0.0496014181590874,0.0010856064642527,3.61455026367019,0.466840542869633,-0.0893252875368915,0.001111866449918,3.02948110789269,0.395979450026759
0.354263681178176,0.0015154146833636,2.94364386004135,0.4491889844353,0.244458807124038,0.0017202091881676,3.00519900482238,0.488587053080735,0.325207250360608,0.0010607902783545,3.26745913956552,0.417160344553022,0.226518236622221,0.00121652181302,3.33292883109319,0.455684311855943,0.195072769978043,0.0011185957418345,2.92372338342182,0.383310705395046
-0.0064568923771361,0.0016261152467958,2.58987692358082,0.409385893319295,0.0354556264360325,0.0016093895628508,2.59776211938261,0.40851504592984,0.0028871581540834,0.0011382806727571,2.86574976523327,0.379001591038006,0.0369734309034441,0.0010823344405903,2.8871076417574,0.372324660376689,-0.0027263760535122,0.0011581491464513,2.44457378902809,0.326109524585448
-0.0304888915687822,0.0014402478154943,2.50797605267216,0.373095563288687,0.0769144037803673,0.001529975014428,2.46187075211076,0.377472662775566,-0.0313708242368724,0.001008173470846,2.8281058991064,0.351998965380617,0.0991644107160254,0.0010262011686354,2.67047791283766,0.335338432124574,0.117984869192883,0.0010288800043219,4.8814482528366,0.613774922333076
-0.0096382154492737,0.0016104772033007,2.9790362582906,0.468631164853537,0.0164680239546391,0.0016368405862262,3.0217378013367,0.47922344489655,-0.0016957401578109,0.0011273340423105,3.34733248980225,0.440558160768045,0.12856340035545,0.0010526066472443,3.25578929811756,0.414063960788541,0.0246471165512057,0.0011141542250961,3.07546799209268,0.402403689466587
-0.0169577476673984,0.0017231222409584,2.25391559736506,0.366753088369354,-0.005147993001984,0.0015953795956144,2.43446607323674,0.38116571499607,-0.02995536537766,0.0012061855686709,2.49563065742676,0.339754691798087,-0.0208611135500489,0.001120511946063,2.6560158086811,0.348511399319833,-0.0387183696970873,0.0011408866548346,2.374367756275,0.314374507987536
0.0482130363883967,0.0016236516910532,3.76063798218588,0.593999458890544,0.156643679197221,0.0017381465606886,3.22139889466477,0.526460496142117,0.0427703009369461,0.0011365561837372,4.34677535249945,0.574434793326569,0.187668752691382,0.0012288026298797,3.54833526202355,0.487577661270597,0.0746543226516473,0.0012140980331732,3.35226321406294,0.457870934820295
-0.0214532263050956,0.0014952902917,3.60344471943265,0.546208818381802,0.0506287980633981,0.0014953269565329,3.33994377027281,0.506273648778299,-0.03146229090222,0.00104670320419,4.16512515288116,0.528223743893511,0.0562861253202628,0.0010159274282617,3.5719356822608,0.446285790875605,-0.0010438369548752,0.0010643298199757,3.24958915586795,0.415570450007619
0.076591804811258,0.00149802087595,3.5802287694434,0.543185036423196,0.0491259333788735,0.0015337721730071,2.54451651348161,0.390628375456498,0.0713613372090404,0.001048614613165,4.04693110285195,0.513702702266208,0.0663578319201883,0.0011361314614032,2.71538279009285,0.358776047424179,-0.0497667854761677,0.0010699822189005,5.07929565364747,0.65128317629236
0.0943461259753148,0.0015341842553846,2.36121207604228,0.362536588016082,0.0114343370458347,0.0015138313956478,2.35337099705429,0.35892791615248,0.0702417515856608,0.0010739289787692,2.6516039393858,0.340623434008258,-0.0242450488522381,0.0010047753265385,2.52709934459068,0.31400378475461,0.0753941736884055,0.0010710891686752,2.48767383658823,0.319142276839666
-0.0828764842783161,0.0015638436961963,2.9989431985509,0.464882286703222,0.130211711553466,0.0015577864323592,3.05988203725707,0.473409239013825,-0.0703760367995575,0.0010946905873374,3.39815923806813,0.440724815561149,0.117162149936131,0.0010088138715577,3.45591745395726,0.430275848762846,-0.0073777719649018,0.0010656048266426,3.53208717808463,0.451967899196899
0.0986860926820877,0.0016771360173081,3.30236005318983,0.530135212492926,0.151008672354398,0.0017632868895449,3.10982942602324,0.51188940955735,0.0890465326994183,0.0011739952121157,3.66091051621222,0.491700175258205,0.136590120841387,0.0012392998256664,3.3878942492476,0.467515621233786,0.141667560934433,0.0011931346015553,3.30111456933175,0.446975176294114
-0.0167824893772734,0.0017111618702088,2.37092171080199,0.384450869431135,-0.0538633437997678,0.001576279529489,3.35252103134986,0.521754514454902,-0.0118155434939228,0.0011978133091461,2.67340004608389,0.362690854798182,-0.0572118304416949,0.0010894008980582,3.67040811319388,0.474882655015833,-0.0192478772746279,0.0011528382446194,3.0053441596385,0.399996772610387
0.24262882049636,0.0016680491629348,2.99219577568506,0.479040812702572,0.257764277829322,0.0019115813173722,3.01996637786586,0.517578923788892,0.227363658717424,0.0011676344140543,3.35339718483134,0.449175981434171,0.231357300402767,0.0013006627702199,3.28389400200919,0.464247497943916,0.0858184854097122,0.0011912555780934,2.89981876430898,0.392329907704108
-0.252401458426837,0.0015757745707528,4.89236125145571,0.761278646746581,-0.359689979874667,0.0017256302955826,4.7431285087314,0.77235481167885,-0.225825809154972,0.0011030421995269,5.63026823516048,0.73299875399072,-0.564824762106975,0.0011739909875692,4.62703646732484,0.621460300218684,-0.122169981258338,0.0011498721344519,4.35433597727369,0.578795035391162
0.238144475004904,0.0016103128364751,5.73259129322304,0.901745936296259,-0.085793965108526,0.0016690576875555,2.7731494638926,0.444106406008742,0.239322534205473,0.0011272189855325,6.61590670155219,0.870706138466499,-0.146112928915317,0.0011604880204025,3.06873684458493,0.40978689467621,0.143481353818721,0.001162523081552,5.02908387563546,0.672152406384158
-0.0134283140063706,0.001492988008372,2.48232634979519,0.375980329161861,-0.0940004864599968,0.0016475591364465,2.73989913041259,0.435946471750533,-0.0104618877948313,0.0010450916058604,2.79029922676309,0.353594942950578,-0.0923715233227688,0.0011757552788524,2.89064671745158,0.388536275410397,-0.0106537687454946,0.0011026562268149,2.60637338052738,0.339261661981272
0.0985062385361255,0.0016244165021685,3.8067429041639,0.601423411702743,0.101074846048538,0.0017009314684007,4.35444955445893,0.703970983070781,0.0987341916321349,0.001137091551518,4.33195720448037,0.572611361225473,0.0189827473956848,0.0012052879154501,4.77468082898562,0.649782235002813,0.14104105728873,0.0011799404307654,3.84898012987424,0.518267286957784
0.0532514477230081,0.0015241195194588,2.70911717700334,0.414586722348726,0.232453640697819,0.0016929935125985,3.10850479342029,0.501368766035063,0.0617250357947273,0.0010697809071223,3.06673958053921,0.393189947926622,0.232991876341462,0.0012233384621215,3.32174075154699,0.45542528244428,0.136317331096792,0.0011019930436434,3.00787235156653,0.391405491738482
0.176419788985813,0.0017247591873273,3.78975325855424,0.616954668990978,0.143145413698383,0.0015856857908399,3.21615906881224,0.502023647100066,0.169084030834304,0.0012073314311291,4.28017311443165,0.582978683133079,0.114411203289316,0.0010927976297511,3.59720116569884,0.466136042137087,0.186808969456978,0.001160260046338,3.45166842514595,0.460876777095433
0.182267991183967,0.0017781981392017,2.64939026283356,0.437939479881744,0.161806857779706,0.0017564852700629,2.24248288448444,0.368408362575359,0.169229031960477,0.0012447386974412,2.93461318412511,0.405852332941909,0.125127109825213,0.0011851481264632,2.35024314462444,0.317159115788388,0.171865190407636,0.0012674043225999,2.44531427044093,0.341248193522189
0.140154238276784,0.0015980383200838,2.92567056837839,0.458455412259575,0.178078589683839,0.0016926362131466,2.6735117111276,0.43116350289822,0.126541577446345,0.0011186268240587,3.3152450359777,0.434646648071345,0.132168323054335,0.0011053695195215,2.83241374791346,0.369137802713858,0.139422556374704,0.0011071268572369,2.70091139135758,0.352279293220799
0.199631656189346,0.0015874247848077,4.19890758255125,0.655784248562571,0.212636038834746,0.0016133859571169,4.92878544673883,0.776045413244569,0.173574278002399,0.0011111973493654,4.80823738862498,0.628289188122296,0.269746820333232,0.0009943882026882,5.51016975492677,0.681115944429211,0.418935289599635,0.0011113586840198,5.72018234883956,0.747506690083488
0.065195280764502,0.0016114879550273,3.28322911310073,0.516645687524276,0.154990765249977,0.0016709400116585,3.69392405503916,0.59189746277075,0.0774931597686973,0.0011280415685191,3.730170070681,0.491099250964218,0.18760140605184,0.001194676919265,4.07598654536972,0.552250433072378,0.149619976459692,0.0011622629212432,3.26264131772434,0.436013172418195
0.146460446551191,0.0017409914419286,2.75803539252754,0.451103544769711,-0.0702164436546366,0.0018799123265502,2.92754410567501,0.497565581849024,0.142117671206338,0.00121869400935,3.12387934576941,0.427483815005155,-0.0286822152170587,0.0013279039366051,3.35997907941645,0.479952202708706,0.0314530914912558,0.0012308844783198,2.6854313248937,0.369318263453286
-0.0392458669925935,0.0015754249140644,3.48718263047737,0.542564824359246,0.0592983498428033,0.0016882536971329,3.66844713680985,0.590852675693734,-0.0281660106751984,0.0011044262395096,3.93008862147565,0.511975039788565,0.0373166064384034,0.0011276987001102,4.29096970591374,0.564846022662694,0.0025155063559137,0.0011817633109257,3.33119106610626,0.448893049661836
0.224478910248621,0.0017909267127122,4.76314562258735,0.790152380993327,0.259356703139332,0.0018695689912781,4.8799369709389,0.827109573207765,0.237245978568533,0.0012536486988985,5.47980859185518,0.760556360704362,0.244565965957194,0.0013086562931338,5.51848472943395,0.782547540450219,0.184632930468379,0.0012280902866906,4.32776081096688,0.594506332339072
0.220114298326924,0.0018357459605223,2.69812419485556,0.453154517364295,0.197785411264245,0.0018907160000859,2.56902223291206,0.437884022702794,0.198139457833344,0.0012880884962953,3.04922043324299,0.428982680789887,0.167796028885275,0.0012702401579291,2.93048307941733,0.40941167596189,0.130824660027826,0.0012607732678802,2.74115960033763,0.381531943772955
0.025004417770798,0.0015991797895136,3.58646666213089,0.56220348211311,-0.0889611456536092,0.0017324198569091,4.00366972956728,0.653225165608068,0.0343082128202961,0.0011194258526595,4.0924125519937,0.536729123220941,0.0075253440385091,0.0012518621288797,4.46195070305307,0.618843886804624,0.0043024257953674,0.001153701254875,3.65601183665599,0.486779591962813
0.209745636767967,0.0015956604611944,3.65446959711504,0.572232713190107,0.339379023485673,0.0015498001269911,3.70815354994786,0.572233978653368,0.207885186809025,0.0011169623228361,4.16633907650133,0.545823161485471,0.335634332489704,0.0010888423354591,3.91860979592549,0.50686535282273,0.188288347021208,0.0011324365014374,3.40358241534465,0.448974098995231
0.24330346261647,0.00160607299867,3.72398533037176,0.58501727235475,0.0348622596476965,0.0016389409647286,3.85458525654111,0.611698475054493,0.222214717335175,0.0011260281499502,4.23022964717962,0.556437838834031,0.132718078312353,0.0011092306433806,4.38932788236348,0.57304277320588,0.105445378704447,0.0011178715222873,3.41491631265787,0.447562919533241
-0.134161492376841,0.0015742815588477,3.41162867328557,0.530616861571883,-0.0975525678269968,0.0015756092301772,3.13942533466071,0.488486429798545,-0.143148381422931,0.0011019970911934,3.86314429733108,0.50270041193931,-0.15402649667829,0.0010382676521963,3.50635419464847,0.442882513001799,-0.104960859303985,0.0011037749967569,3.05490657562433,0.39784719091479
0.142086975597789,0.0017140659031734,2.92608497829148,0.474874423368159,0.0567493204418046,0.0017389058658322,2.82258388688077,0.461384479168003,0.130806728727176,0.0011998461322214,3.25664634787247,0.442192593392093,0.0594915950086872,0.0010861604968798,3.06136919901505,0.39549481744786,0.110408264917687,0.0011355963566361,2.77001394531605,0.365908111766958
0.075242997411598,0.0015674323998589,3.51370047735864,0.545302180328788,0.0161744107342542,0.0017378566205917,3.64789692901035,0.59611166024536,0.063388094113928,0.0010972026799012,3.97713600185126,0.516406807714655,-0.0383071773359807,0.0012305604782283,3.79895528416629,0.52238867089589,0.0337611246333065,0.0011146678408746,3.47571027326851,0.454877431431067
-0.0539856025599886,0.0014308578141499,3.49355170200489,0.51801639042462,-0.0719021428721831,0.0014772611262282,3.33831816875949,0.50296115839974,-0.054495748502092,0.0010016004699049,3.966843775369,0.492119352204283,-0.030681487495926,0.0010250979726577,3.57877552026505,0.449153958927378,-0.0377139663307236,0.0010273968209141,3.3536805112804,0.421375113578787
-0.103679610672979,0.0016498084552193,3.6075054774912,0.57438335809056,-0.145549662267037,0.0015799115910397,3.58109849048406,0.557969866018197,-0.113488610248479,0.0011548659186535,4.02013693487797,0.53553112320051,-0.146108330435278,0.0010628181866545,3.82236235123777,0.488471725377134,-0.0455538103317753,0.0011293070570462,3.14449866175471,0.41422425159527
0.184871510936905,0.0017098547814185,2.7834880954429,0.451177120854701,0.178556955942435,0.0016840238675192,3.06607827086603,0.493214056300258,0.166662752823944,0.0011968983469929,3.12849887713269,0.424270390465795,0.143788568914531,0.0011520255196811,3.3230312749917,0.442123465223564,0.138906878198545,0.0011565877849246,2.80257890017812,0.373615801128919
0.155390373135464,0.001564215125839,3.4115876437675,0.528911317535121,0.0159895570721208,0.0016639891033734,3.17377428617722,0.507492189709137,0.135217308377038,0.0010949505880873,3.90053899082906,0.505941111895186,0.0310531099068326,0.0011280528228921,3.45662523592473,0.455087703824343,0.152958664760111,0.001111827748421,3.21373007743639,0.420055077241859
-0.110654275747495,0.0015863482843742,4.50957668002457,0.704065614086629,0.0752566040451149,0.0015956255838138,2.93847881160045,0.460114739357575,-0.0995339363042157,0.0011104437990619,5.15817093874392,0.673786195012069,0.0457708368598266,0.0010758989823828,3.22537187269785,0.414709161237092,-0.0159927429123125,0.0010659924325815,3.9250906567681,0.502348187337827
0.103843402080477,0.0016453525392231,2.39330391437917,0.380544474780674,-0.011630823361169,0.0016604529844415,2.52127394069422,0.40272761791463,0.108864457296271,0.0011517467774562,2.68801401206843,0.357592266446816,0.041198099088195,0.0011054499149614,2.70890872428357,0.353054697161996,0.0490510156402768,0.0011138911691695,2.43523077468612,0.318595465701369
0.0764611371096273,0.0016659822625734,3.17533134052927,0.508045165706844,0.304678082582205,0.001807667945176,2.94749695084015,0.491236671033512,0.056277386503279,0.0011661875838014,3.55183581351594,0.475461301966454,0.29902641002701,0.0012722608709062,3.20543439957095,0.448180611887673,0.0926048236472267,0.0011915446057098,3.30849395167001,0.447675764739382
-0.0461621862676886,0.0015354276984356,3.13655171103047,0.48177606937237,0.109108750884487,0.0014268111207416,2.91941857968776,0.432272588921909,-0.0431218406566751,0.0010747993889049,3.54755190695533,0.455901006260716,0.0866676314745078,0.0009378825075406,3.17334078364975,0.380950912276804,0.0081154329100461,0.0009965931876814,3.10766841327633,0.384566737021133
0.0778968026152878,0.0013474102015133,4.24251292296696,0.610451515356835,0.195507885041407,0.0014849587731064,4.23629365800297,0.639913603311487,0.0705929087269885,0.0009431871410593,4.84587062891516,0.583376375370823,0.0910433714458439,0.0010065340706135,4.60687848411345,0.5729267285723,0.0340412523301641,0.0010133113900324,3.7701611040086,0.470445650293046
0.444005233239744,0.001620889144429,3.95917590689518,0.624826645343484,0.203109540367602,0.0017094320827462,2.35102957103644,0.381032573200036,0.46061630527402,0.0011346224011003,4.47467202538659,0.590833310550345,0.196087620891482,0.0011745713283589,2.56205826229094,0.34419676636652,0.296786394333355,0.0011386707425222,3.67665241301782,0.486328523138428
-0.151765405358459,0.0016728907231756,5.12002725871974,0.820888452098421,-0.111619024256361,0.001659611704027,5.0234488204802,0.8022012107509,-0.144978065359342,0.0011710235062229,5.79219658371168,0.776969885315123,-0.0424192803391448,0.0011144066091788,5.19446142496963,0.67973628199124,-0.134607582616914,0.0011063558955261,4.3109004035478,0.562074008691557
-0.0159748108204102,0.0015398135356067,3.03666583465771,0.467099235431697,0.0696927709974843,0.00158357924944,2.41109252510138,0.376107387988355,0.0107062950984958,0.0010778694749247,3.41558277441197,0.439567918010816,0.0970402161259393,0.001037515270751,2.63830167784282,0.33311929534226,0.079604622693502,0.0010673661263943,2.75053597718587,0.352250910728419
-0.0240182415676216,0.0015595814795137,2.80756906292631,0.434622864163011,-0.108330161923991,0.0015502810206893,3.03082750187002,0.46778309307176,-0.0310849457764788,0.0010917070356596,3.16467489968549,0.409883318583335,-0.0937819407643356,0.0011078963836532,3.34529000292745,0.436477068449171,-0.18337813079151,0.0010987945556477,3.16654041751275,0.411454078737709
0.267578198660479,0.0015498880212757,3.45826843875897,0.533687399021047,0.144151635419246,0.0015691820058199,3.71678521982119,0.577141377650987,0.252084618620419,0.0010817975885721,3.91308045328499,0.504510103877927,0.148642107318552,0.0010708534186449,4.23259986935821,0.542938094784396,0.216234194310634,0.0011050894384728,3.31678346608674,0.432209114048498
-0.076069770764872,0.001474747388098,2.58362690187695,0.388925754127413,-0.0566284578418346,0.0016789265637505,2.50542613196376,0.402416277916108,-0.0832815602418603,0.0010323231716686,2.88198543006088,0.362975828683278,-0.0554949709806466,0.0011324283136489,2.66607124512203,0.35168609475811,-0.0416012390722119,0.0011274011378138,2.46166902202875,0.324001470697445
0.178579481248519,0.0015663395145616,2.60922979818015,0.404793349228569,0.131194610929456,0.0015838789176854,2.59430558402549,0.404725162577743,0.180328207071677,0.0010964376601931,2.92654316794184,0.379861250257209,0.177338995253255,0.0010614668862572,2.94689798211837,0.376353893454273,0.12690909635677,0.0011175896215593,2.54863926150294,0.333985518071568
-0.028175592683517,0.001654037878936,2.86175602777383,0.456229557723973,-0.0211406498937121,0.0017430009814464,2.72943006920013,0.446682434261707,-0.0181951346488298,0.0011578265152552,3.22170392505806,0.429719892512588,0.005556591244301,0.0011707931226343,3.07190750884202,0.412027595219868,0.0173179083510482,0.0011164885544577,2.60223677887923,0.340841160278967
0.09451211177935,0.0014358281566557,3.05806111115305,0.454229649895249,0.174422421328666,0.0014319908192303,3.07002297796,0.455396647900324,0.0898656942603726,0.0010050797096589,3.47806439355626,0.432231045973403,0.147388013295779,0.0009357050772745,3.35465038585558,0.40224888168385,0.0896130562012123,0.0010337038697006,2.92004829212598,0.368015568690024
0.223663775390033,0.0015312970821257,2.43494161036084,0.373504953173454,0.132359182226363,0.0016186846955822,2.31163699824689,0.364568258586421,0.203174918487091,0.001071907957488,2.71345390456112,0.348240503827204,0.0847635614069437,0.0010901513943232,2.43318108909848,0.314916870093072,0.1747911843139,0.0011046972499511,2.46484551610878,0.321136321391901
0.0249368927484607,0.0014684134264062,3.0415331437606,0.456872284965059,-0.0342930777280811,0.0016619658013933,3.23172496214066,0.516444338628051,0.0460981076620177,0.0010278893984844,3.45182705110317,0.433810748180275,-0.0185598666402564,0.0011838924449731,3.52774179880795,0.475807191856577,0.0319681412200044,0.0010568696197489,2.93544742264733,0.374078802972339
0.0576975656927431,0.0016789832969906,3.35600566184091,0.539043681032546,0.0339371863323021,0.0015751937956514,3.2184885818353,0.500722440963051,0.0479197008155444,0.0011752883078934,3.81630557974738,0.512853633568301,0.06244347247516,0.0011275017770709,3.51859546528308,0.463133336571375,0.122074038399535,0.0011645247363727,3.28936917232963,0.440012550088979
0.310111030735545,0.0016229499418262,4.74608620044319,0.749490738849752,0.16652226623459,0.0016404354540264,4.98600384558132,0.79160817268541,0.292541263700181,0.0011360649592783,5.42625078794586,0.716934584403123,0.147507633415455,0.0010610765099923,5.67686051271471,0.724869222118559,0.242058808144997,0.0011178147877273,4.58470405346677,0.600861418671946
0.200357490380207,0.0016441142520384,3.42025939579615,0.543629641050243,0.170970404588046,0.0016363914791329,3.1405448300098,0.497996956464963,0.184664037490518,0.0011508799764269,3.85266443415777,0.512335308947154,0.14100638450162,0.0010961694626746,3.61935764035647,0.469730148866274,0.144190311637052,0.0011206577603849,3.04357788328347,0.399391674618372
0.0123642833228852,0.0016861079903184,2.66910275393886,0.429621565507494,0.0695819545694914,0.0016892598740467,3.28152678831859,0.528691433708799,0.0127580162225475,0.0011802755932229,3.00669333756262,0.404910403309768,0.0915319222043584,0.0011547243660343,3.57822205037859,0.476633473739861,0.0381725889541804,0.001130438605104,2.90942796884915,0.383450392278355
0.0155174192081831,0.0016989692416665,2.86860703915657,0.463491639459377,0.0683410953104744,0.0018146085441238,2.81550945266503,0.470139295456708,0.0434793356020695,0.0011892784691666,3.20155718479349,0.432793897325153,-0.0223384317642552,0.0012440571672333,3.14560717462246,0.434913353336632,-0.0311188208967907,0.0011652577623563,2.75328100035149,0.368416970349887
0.150477072649072,0.0015168189352394,2.58409477694654,0.394505802859503,0.192554272918073,0.001593275434607,2.86030801119041,0.44754459781656,0.150892898692491,0.0010617732546676,2.90596186866368,0.371179419958254,0.215544016008269,0.0011117529601592,3.27856102439962,0.4285144837253,0.149505111384679,0.0010998127531643,2.67018130768704,0.34711886230444
-0.0471278586406286,0.0017533269154365,3.39983172136684,0.558042092101661,0.0995538072575154,0.0016812139866292,3.42849414586214,0.551052524241261,-0.0474305449267825,0.0012273288408055,3.82517101276195,0.525302433351376,0.0867682596625276,0.001183486617172,3.82523375614986,0.515843238028702,0.0323123031920832,0.0011559495134568,3.15913081129885,0.421032023388529
0.259836033338847,0.0017004722251601,2.95692861495525,0.477973367030487,0.259599216763066,0.0016768030846667,3.13418963035417,0.503088497920658,0.244533491170512,0.0011903305576121,3.36071649982953,0.454510327965847,0.162769759870273,0.0011174451198886,3.33250682074498,0.436678927764962,0.188120068533326,0.0011450294008039,2.81947233316869,0.373985051195896
0.0623543796876507,0.0015542240379723,3.19810730573358,0.494228663079081,0.107672282640925,0.0016374515209725,2.66815413941721,0.423226864917135,0.0593663680640811,0.0010879568265806,3.62813946819025,0.469102654802156,0.136425617003759,0.0010851538649657,2.92346422405927,0.377503976748052,0.0409720059032531,0.0011089025271564,2.85726118278193,0.372970698955817
0.196757518736274,0.0016248142600718,2.42368299243538,0.382962070915217,0.142083917502264,0.0016993955225686,2.5084677918916,0.40535342853071,0.185376033114107,0.0011373699820503,2.70129934977142,0.357109728645199,0.145560699670613,0.0010580309383697,2.75679152652806,0.351504747892246,0.127909046956357,0.001133148496676,2.465573884525,0.325341542566414
-0.0183900756685172,0.0016608744986236,2.55378023817501,0.407971680188269,0.0383208281936979,0.0016347157468443,3.57063569867857,0.56590659140647,-0.0147369324451154,0.0011626121490365,2.86665908173852,0.383152410869408,0.092051032614119,0.0011720600348307,4.00665384827779,0.537693565002792,0.0568257400165031,0.0011321671567184,3.18210271828444,0.419708299608574
-0.0249058678135134,0.0015328708880334,3.13881687101985,0.481722412957641,-0.0285626598869647,0.0015771552020905,2.41842635028311,0.376485426122207,-0.019510823669936,0.0010766653505371,3.5400416273082,0.455330585727191,-0.0256405201226169,0.0010508780452304,2.59089968401804,0.329234125641097,-0.0232966418600166,0.0010913513909143,2.86675870279098,0.371237235055401
0.224948168215523,0.0016131941495511,2.5355897118491,0.399209057986777,0.206470874097623,0.0015362838839596,2.63910072330716,0.405480328585315,0.224899359967272,0.0011292359046858,2.86878484919889,0.377892614729658,0.185899246924484,0.0010485517002727,2.92283527631476,0.371002940175933,0.211096620271595,0.0010796739651729,2.50531995167094,0.322691553812696
0.0868383217111933,0.0015730741977421,2.80455033992084,0.436029557577467,0.0756195684092536,0.0016954835992401,2.94455839169916,0.475275091585457,0.0861612841070574,0.0011011519384194,3.17829156342786,0.4134237724907,0.0506681933316319,0.0011616184708585,3.37430893685333,0.450811185714515,0.0551596887964309,0.0011439430577795,2.85535521333649,0.378564977708769
0.594992033590639,0.001559813348725,4.90093419388173,0.758740513558746,0.0387182781923977,0.0016664239828992,2.66475697854141,0.426411048128314,0.563307990775777,0.0010892492440428,5.60691438298894,0.725380112996864,0.0045344933087427,0.0011590788986247,2.91268963929755,0.388712760219761,0.352838529775172,0.0010538203076364,4.33090783030792,0.551112561009607
0.260293452432835,0.0013998919112753,13.9434673171638,2.04501322919916,-0.184445936215879,0.0015227659554976,3.13379532404737,0.479363866037375,0.227415442930179,0.0009799243378927,16.0713150411622,1.97208565158052,-0.124118895757541,0.0009768585633304,3.39376152817817,0.415791161095967,0.292138939425452,0.001088133709174,11.8556043859835,1.53300269261497
0.0524422497552405,0.0016673061479819,2.52318945475842,0.40386444734183,0.0848500893162183,0.0016540647739308,2.39830778474889,0.382348385066048,0.0676467484622462,0.0011671143035874,2.82007526293459,0.37765521093435,0.0949806485926075,0.0010862656139543,2.6081050726847,0.336954442443566,0.0500292874457297,0.0011520262866095,2.49498190657996,0.331953063964294
-0.0153497541208196,0.0017341967769428,2.17065092866641,0.354337618890139,0.113202529556182,0.0017435377897347,2.40638817461153,0.393875941048188,-0.0211836679669115,0.00121393774386,2.42758356335696,0.331551107060816,0.0860234499446504,0.0010576757312133,2.68866837345932,0.342761152975416,0.085984392925551,0.001226780828924,2.39283532507965,0.328529511920154
0.107406592746667,0.0016393446011712,2.72011433885307,0.431718216121466,0.0317784500468142,0.0016736290615963,2.84752390758639,0.456641176135496,0.0944202614861061,0.0011475412208198,3.06627166170853,0.407167273052928,-0.0021669114068809,0.0011484175336363,2.96454931673524,0.393809939635687,0.0397048311267464,0.0011795356907337,2.53990763653001,0.34194129626978
0.0647726262535784,0.0015504979734241,3.82232265397971,0.58998508480801,0.181321408686256,0.0015705831925251,3.88074238335119,0.602869583822696,0.0518678893651074,0.0010853485813968,4.32566248209903,0.558618530393484,0.119191737136285,0.0010599847761749,4.2942858775836,0.548048323235566,0.126352955948632,0.0010924361977845,3.58267486081892,0.464176900283951
0.133663744409666,0.0017839663396908,2.4830944376647,0.41111625790022,0.176318178669037,0.0016460796952465,2.57023232692683,0.408767065417867,0.118018559030068,0.0012487764377836,2.76278814885891,0.382708421490036,0.164918007778771,0.001066926969392,2.75750804208487,0.353071140947447,0.207184451659717,0.0011470510752975,3.18030537984426,0.422219501600538
0.111166480765569,0.0015008753330189,2.57864964618948,0.391600048098408,0.0057887581982601,0.0015718380824528,3.51938574445295,0.546951553968457,0.0927643133865061,0.0010506127331132,2.84887246136005,0.361969871677833,-0.0010150151798963,0.0010055041233219,4.10696821380544,0.510494839487799,0.0153943852424859,0.0010582209109382,3.11233269759753,0.396873655742111
-0.0354756425818479,0.001557617450315,2.95520429290875,0.457189236846801,-0.132142466980002,0.0016279170369613,2.85263261007323,0.451169843495652,-0.0309116026224104,0.0010903322152205,3.35058138905211,0.433688274646751,-0.181554167603935,0.0011091428538565,3.22162113296704,0.420577751510029,0.0315511163873832,0.0011367955827428,2.9523631752771,0.390201608320644
0.0708184577978838,0.0017279598989978,3.23079297995448,0.526446262785438,0.0768357206998032,0.0017060094558361,3.14069942152045,0.508504942185666,0.085971059830173,0.0012095719292985,3.66405461643896,0.499523443345447,0.0707668170591649,0.0012006981448983,3.34393188525433,0.454205541959495,0.0343735543712731,0.00121980668174,3.07002527040757,0.42030595281279
-0.0246516867961419,0.0016297456279333,2.35080427063124,0.372009876404468,0.0336994168859715,0.0015741884922149,2.44855696161436,0.380817295937375,-0.0364387546270601,0.0011408219395533,2.61033637385112,0.345607767091401,0.0316979335717631,0.0010823367810424,2.67741172268482,0.345282411274193,0.0271334628223465,0.001107332220778,2.52667526739166,0.329584276384922
0.0308663583964064,0.0016248903194908,2.93506778328079,0.46377597568919,-0.186546156912247,0.0016178351598015,4.86197495824682,0.766580802698227,0.0119797755009876,0.0011374232236435,3.27155123086351,0.432506718249392,-0.133826244740848,0.001170624917617,5.22220461030433,0.700391477074758,-0.197443849877582,0.0011246252010585,4.29645525575075,0.564796875579423
0.140171749509831,0.0015627792653253,4.19350517269026,0.649836483285917,-0.0904794738534337,0.0016374461186254,3.17056853164993,0.502919807463041,0.135074300807281,0.0010939454857277,4.82685253501603,0.625806338824705,-0.08039552526566,0.0011014914450871,3.42002362738857,0.444936216349753,0.0011875978292906,0.001128662495243,3.73967642102548,0.492486306766555
0.0514479136917236,0.001691993496935,5.44250247752791,0.877558479227661,0.0183560606878621,0.0016541019137281,5.64420572177824,0.899833284275018,0.041278010140244,0.0011843954478545,6.19253013653558,0.835400210290634,0.0867593347206448,0.0011263815689678,5.94100239543999,0.78159285737717,0.0466836209527901,0.0011322419138143,4.66966889139345,0.615933446760094
0.158245324182391,0.0018052681051836,2.42129633088613,0.403270900703738,-0.0731247182430725,0.0018498748227358,3.60706555580771,0.608139612215488,0.145990129237389,0.0012636876736285,2.70322670002075,0.376686824214935,-0.0218787753135553,0.0011715729110624,3.88968358058343,0.521887651471579,0.0178047789036468,0.0012230386753588,3.26470663385437,0.447550806144355
0.0921470401493904,0.0018149892873407,3.83894471174496,0.641101771863115,0.133882927064337,0.0016872627920612,2.59207722198218,0.417366307509902,0.095324846146755,0.0012704925011384,4.37189032190141,0.610848339890434,0.0752564214735421,0.0012045960357777,2.89997659979682,0.394542048400909,0.109105548372281,0.0011709494911743,3.46701868233942,0.465053963087156
0.373420795279746,0.0015761511245694,3.67146795794036,0.571369109669133,0.198895783616953,0.0016563930524335,3.75646696452564,0.599293214853289,0.378387659562881,0.0011033057871986,4.19308620277691,0.545958743570853,0.0943415604505567,0.0011345050950663,4.31225933890041,0.569358991295686,0.217926009382523,0.0010939196343827,3.71137898362021,0.481178373204283
0.209725395459513,0.0015529315443828,3.61039281571837,0.557710343164375,0.209146029334583,0.0015799158143975,3.67136267184182,0.572034665215544,0.210127871585112,0.0010870520810679,4.08982662318226,0.52857687652065,0.163615694054558,0.0010703827403271,4.22563497600752,0.541925533786693,0.157139416129413,0.0011109593490502,3.31174328792463,0.432696951522708
0.16875064448823,0.0014708145633885,3.14348587322164,0.472572624984357,0.21319724729625,0.0015912704207594,3.29177449153645,0.514730801453762,0.170822355616283,0.001029570194372,3.52434030048851,0.443285885623128,0.19914108433506,0.0010986075486525,3.48042125073643,0.452200655734998,0.0931105420223789,0.0010478713029324,2.90841371746548,0.369052578879399
0.189328798169994,0.0015143191982808,2.53444231533448,0.386606553679806,0.169000822134043,0.0016479739651591,3.08817898219694,0.491423276008477,0.16375581058262,0.0010600234387966,2.83796225638662,0.362194987800779,0.140111648068114,0.00113718541322,3.36689443683817,0.445064778920759,0.137656874403386,0.0011023840187641,2.70105027505926,0.351541991635647
0.141715181465081,0.0014826953280509,3.23403989033359,0.488145644502003,0.138861968166272,0.0014828568413692,3.39015047938191,0.511736830609386,0.136809492693522,0.0010361688887808,3.66794409574547,0.462824210201364,0.111370531879143,0.000985694830731,3.82656799988189,0.47093260682649,0.116239228894212,0.0011170303252204,3.23901084478417,0.424348792348717
-0.0882777005695767,0.0016097343948903,2.88208915332274,0.453275879736937,-0.0882116217130061,0.0016441171579693,2.96358273658558,0.471044051534289,-0.0915322020991852,0.0011268140764232,3.23905466375392,0.426208881962151,-0.0575767058105478,0.001088028956025,3.19587134246936,0.413225963401666,-0.0171748770669558,0.0011342313018009,2.75236816130705,0.363358585578587
-0.0436348146785293,0.0015052575718856,3.98662859005364,0.606302381226612,0.0706675004747602,0.0014958883736172,3.97303395346607,0.602351445115619,-0.0322786036167695,0.0010536803003199,4.54230038596882,0.577974087542856,0.0645025981617469,0.0009814963807253,4.23955081282304,0.520645696216114,0.059208390401987,0.0010805819575964,3.48871063682759,0.449543675412918
0.0099524744521063,0.0016767477571819,3.09455149459803,0.496717736340753,0.131206147017433,0.0017944654930551,3.40943308489713,0.566145179202672,0.0130846940618396,0.0011737234300273,3.49193002525505,0.468949963119276,0.152712387071549,0.0012444950238667,3.84505144009659,0.531712442374967,0.0257322597081816,0.0011169479508768,3.02380663291448,0.396139883839701
0.0500662836404397,0.0017891234276542,2.95568289222116,0.490067695964106,-0.0367519799565297,0.0020290744465767,3.6743330065448,0.648792157470708,0.0555390655500218,0.0012523863993579,3.33109656896478,0.462098417385163,-0.045095812865302,0.0013373968034562,4.02060056651953,0.57636706553272,0.0292486437675801,0.0012798381489331,3.76962466676383,0.528632333458634
0.365628338315392,0.0015619219096585,4.66336940858362,0.722449616048068,0.265856027561586,0.0015745662108409,4.73681590021097,0.736792262348703,0.333178222391542,0.0010933453367609,5.33596046293242,0.691622905740778,0.137642721301365,0.0010440723073829,5.32494220742898,0.674463223362315,0.269749594739776,0.001094038706922,4.05670767486454,0.525978684024015
-0.0672844483103881,0.0015961575783167,2.7188378028766,0.425793736439653,0.0880756289028349,0.0015704735901969,2.90287421038863,0.450942971691903,-0.0552872894027677,0.0011149634252719,3.05152103439802,0.399415362810842,0.126135349458443,0.0011045657470188,3.30447499288832,0.430503158431553,-0.0124587201035168,0.0010720966128739,2.86309074517656,0.367476999613135
0.0679792596202494,0.0015996756341387,2.65508028035212,0.416266737028001,0.100579459999152,0.0016056004789192,2.76929838954636,0.434977291128611,0.0602283889598404,0.0011197729438971,2.96861500233421,0.389400898684261,0.12406598450395,0.001109631663775,2.96290927286233,0.386888535235277,0.052606749716748,0.0011441304798353,3.18961176828012,0.422915584657648
-0.155059508973133,0.0015959347167238,3.88514947538102,0.608405848289619,-0.111019790331484,0.0017136156265065,4.06054887761961,0.658900043400406,-0.133246674988248,0.0011171543017066,4.45737419905911,0.584001231121126,-0.0801126896656507,0.0011523066738535,4.62302171091388,0.615159957547796,0.0056041297131243,0.0011565624014245,3.60110018256018,0.480062547216651
-0.129503558684448,0.0015883258256383,2.69627153638182,0.42122245252822,-0.0748009247291451,0.0016378339451572,3.02703623854864,0.480209382093042,-0.119419884243953,0.0011118280779468,3.01526367934631,0.394114307956454,-0.0920792884339892,0.0011126989275113,3.37407988653502,0.441186568582446,-0.0624144956139324,0.0011362739892521,3.16378249411224,0.418048084644246
-0.0909601262493579,0.0015802271580659,4.98402924122307,0.776637629430429,0.185958359947938,0.0016483104973203,4.95567782054147,0.788679700962809,-0.0698827018989064,0.0011061590106461,5.71006505704093,0.744436954495826,0.211541361304958,0.0011737361349498,5.18061231735893,0.695735907158973,0.0973529042750824,0.0010923999605035,4.38394815946783,0.567981688563936
0.14231149920091,0.0015628934220072,3.12373194619059,0.484079317304886,0.129036755739831,0.0016871731480909,3.05114540067804,0.491270649403525,0.126920278299404,0.001094025395405,3.49004535545186,0.452504454998282,0.180730173984297,0.0011319966444915,3.4486498394641,0.454830685186979,0.0736660268218057,0.0011803752921065,2.8548380462517,0.384476338644873
0.146705201732671,0.0014965784924325,2.92798561417685,0.444014113722446,0.0883459724769363,0.0015831204671866,2.85568458530964,0.445394967636234,0.142946244116507,0.0010476049447027,3.2787797740653,0.415995951316708,0.0595473600156081,0.0010951269526957,3.17958219712296,0.412458613172984,0.0975378947956422,0.0010946122229213,2.83364630951011,0.367497064884629
0.239119732284978,0.0016258634642191,2.63657171672426,0.416734745559439,0.0885372078437285,0.0017322374173264,2.49408769325186,0.406905456595277,0.220116673795123,0.0011381044249534,2.96058764142135,0.39151379093078,0.0776488509166012,0.0012405703300346,2.6743902244616,0.36924409429766,0.140118020413926,0.0011599617173235,2.52774596730777,0.337468577624356
0.225109712639095,0.0016342722408475,2.73747868507019,0.43380148561424,0.336718004094597,0.0016521048493709,2.43671862193503,0.388241782237015,0.217389485049548,0.0011439905685932,3.08877359105879,0.409520252310337,0.330072609443698,0.0011397327886073,2.6255380850277,0.347454491663054,0.193468330832213,0.0010979852843285,3.05954614791437,0.3974050253275
0.0703151109867295,0.0015418989477049,2.76053417591857,0.424912170854865,0.0249803172566949,0.0015156656566754,2.13601473072619,0.325974805707683,0.0564491602474179,0.0010793292633934,3.08228739219107,0.396943041037714,0.0360401545968579,0.0010405007168704,2.25320802043838,0.28490532537328,-0.032097274352924,0.0010564565532391,2.89753839285279,0.369175699579313
0.0472209253831924,0.0015610349756286,2.51879629657188,0.390101346741184,0.0591830568241781,0.001771275756294,2.32718385657188,0.383929843175348,0.0368370824225894,0.00109272448294,2.83970709785956,0.367965388889699,0.0556078046685511,0.0011776613977198,2.5617998342654,0.344614462592689,0.0206268168222726,0.0010998252688561,2.52993091198698,0.328888429466246
0.199572723378007,0.0015950503267225,3.05963441863075,0.47899923481821,0.0273778280585789,0.001750031972371,3.19877846890582,0.52454800829885,0.183782472365272,0.0011165352287058,3.46102059372945,0.453334201463363,0.0677012097589594,0.0010482212721216,3.56681064852905,0.452673035612599,0.0768549807720234,0.0011532196495035,2.89034144233587,0.384754097350712
-0.0652758343799152,0.001397460582683,3.29268965100321,0.482501501073039,-0.12331011283588,0.0016610597107741,3.2579379000697,0.52049134333385,-0.0684605868960819,0.0009806305336062,3.72535230383677,0.457296779023421,-0.0794549086932937,0.0011095958749478,3.61095035603418,0.471500351851744,-0.0919238911320111,0.0010706611383233,3.04441778731407,0.390488597804699
0.113288510858747,0.001647271032093,2.56400699609076,0.407924531261295,-0.0620097429857808,0.0017343673570919,3.07429225889163,0.501872944252521,0.110223431917113,0.0011530897224651,2.90149058264785,0.386216481147819,-0.074202518521024,0.0012265992216641,3.65261896612401,0.501457116352458,0.0105599868071829,0.0011779600828649,2.97987329046637,0.400904721606672
0.0136385496036372,0.0018395754421178,2.85411142745961,0.479852556256611,0.275834427368772,0.001946577995098,2.63984050888103,0.456553504123197,0.0181550230630537,0.0012877028094824,3.23995233767918,0.455747746309825,0.244831353812422,0.0013129549924733,3.06370641694822,0.435161186627718,0.099081117991295,0.0011972741906998,2.70489159461775,0.366880611581095
0.0360279673515469,0.0015378639684091,5.02063309027527,0.771783574874497,0.240322977265941,0.00154879072055,2.69397016852714,0.415592056447829,0.0263470419965065,0.0010765047778864,5.78869392221538,0.744503346714082,0.262831060731887,0.0010575097217727,2.85934315539701,0.364490782451553,-0.0107941473578489,0.0010727592454315,4.48283974608924,0.575549172178374
0.133735124989199,0.001675617588449,2.92949887990731,0.470066041641717,0.0779437599035857,0.0017397996027827,3.08783209110044,0.504872106032755,0.146546874554538,0.0011729323119143,3.30046387081453,0.443087547577738,0.0469352196018399,0.0012151376949129,3.29117142854633,0.449719104824265,0.112266631354529,0.001181567170037,2.8122526234861,0.378932299264942
-0.0397296036730062,0.0016239687443884,2.9571238819473,0.467128579261367,-0.109292473351679,0.0017507301602843,3.04402252065233,0.499270096027467,-0.0447017815620054,0.0011367781210718,3.33227835017478,0.440410040397401,-0.0268401549129197,0.0011944642622811,3.34460118227037,0.453115591011751,-0.0059916472007596,0.0011965229918659,2.72986538965983,0.370151780878607
0.398519946622792,0.0013977478198949,4.11423460375029,0.602950349258647,0.721852543759665,0.0015172176406603,9.37182056840896,1.43095505620121,0.375968035326826,0.0009784234739264,4.6522053976097,0.570427427567808,0.72007831796633,0.0009791809636545,11.3324642900901,1.39006121753788,0.523188197968396,0.0010416419414355,7.66595672543855,0.969848010332964
0.0157078388851659,0.0016373409948661,2.75972385817539,0.437737025624681,-0.0159171346356131,0.001723630679287,3.19295348599264,0.51962828898751,0.0226811674344632,0.0011461386964062,3.14649836621286,0.417565092110958,0.10044175674008,0.0012123627947234,3.5366141570407,0.482705300596788,0.0922403042649133,0.0011461180284094,3.98111744800538,0.528320848053589
0.131266682165306,0.0016823451336371,3.41461791115927,0.54900683187642,0.0967064455406292,0.0016737931621263,3.42786411336482,0.549733975505241,0.139861671674613,0.0011776415935459,3.8351523227677,0.515902072509781,0.213090000285717,0.0010739054909162,3.91856478142931,0.503370950746148,0.0896534074212502,0.0011462137547439,3.16991243326753,0.420686097318121
0.0666674942551413,0.0017307183753977,2.98300101728561,0.486457261359289,-0.054665005035284,0.0017665672994466,2.71267461170773,0.446931415528961,0.0626999469544354,0.0012115028627784,3.39174805641905,0.462768611219041,-0.0578486891681498,0.0012501362164184,2.9924077619863,0.414741532130739,0.0195854713907678,0.0011593937531064,2.83743815612337,0.378721507471439
0.0342896361688862,0.0017233016890284,2.36785433551513,0.38531305664272,0.0159471821119895,0.0016804154245238,2.3308891026888,0.374548470377886,0.0260601416074629,0.0012063111823199,2.65013522982666,0.360807701452143,0.0055405932242405,0.001179819147979,2.52943283107092,0.340572014381711,0.0065026988570168,0.0011363760026703,2.30867503825,0.305071699177427
0.0905931047722564,0.0017927902397412,5.23441092177289,0.868781650697114,-0.164369213075189,0.0016391232641533,3.49292771869742,0.554336521712064,0.0985046072930836,0.0012549531678188,6.04347676011645,0.839225560228889,-0.203721216391674,0.0011407149936044,4.00801813559943,0.530635546826565,-0.0042227115532075,0.0011953431518996,4.55361834017564,0.61713618741685
0.206807757841387,0.0015347871935119,2.51297468620837,0.385913777786904,0.344262725714348,0.0016897131206704,2.83264787428138,0.456433136052088,0.199874959603873,0.0010743510354583,2.80745197599478,0.360714438216602,0.331557596655431,0.001191402561145,3.2735028552166,0.442914680621174,0.260310717067168,0.0011753841345994,2.96993860934037,0.399131009996103
0.0450932934752721,0.0015258565606918,3.92995652836661,0.601759129412189,0.181075251472293,0.0017986404525194,3.8490112504663,0.639881339943608,0.0404095258134042,0.0010680995924842,4.47229331189487,0.57294672332952,0.199628477309613,0.0012399569467868,4.10783806503651,0.567015204521714,0.101050011226773,0.0011313759281974,3.46495316985767,0.456855568849683
0.128696477370683,0.0015837335006252,2.52311981374813,0.393601742545334,0.119639184925445,0.001540839200074,2.97213367662503,0.457325149129241,0.125173773372172,0.0011086134504377,2.84077789552372,0.370770726907996,0.0975406176622584,0.0009812812937858,3.16909041535412,0.389143227549781,0.0923493937960502,0.0011421395500165,2.87156593184456,0.380413976109237
-0.175740786580002,0.0016318339726082,3.61315828423256,0.572140984944466,-0.189680807917533,0.0018480281632606,3.93946841902348,0.663850065858858,-0.161579343627317,0.0011422837808257,4.10591561531771,0.543970203403197,-0.16129353576949,0.0012419690423291,4.52545814462338,0.625166970037159,-0.121344333285769,0.0011892090856534,3.36356780820464,0.454681603882385
0.326887706935407,0.001530736470801,2.59329963604368,0.397723269244068,0.392283772431607,0.0017229745114583,2.73723569215676,0.445378970889592,0.314437915530553,0.0010715155295607,2.82437954773951,0.362410172579299,0.329223723244202,0.0011506694021627,3.05774611258845,0.406588220026018,0.284903847669441,0.0011518360259573,2.6032233123767,0.346325795456567
0.101631805977618,0.0016699830545685,2.61256860439301,0.41850612883819,0.0824019110266787,0.0016906317604611,2.61235016469372,0.42105030726228,0.109155991022434,0.0011689881381979,2.93936293180662,0.393945688612439,0.0698941038192791,0.0011724025473034,2.90051054206504,0.389305833722896,0.0083926458851389,0.0011527938999976,3.4679141956188,0.461553729998938
0.219552380877898,0.0016033316652246,2.54255770953792,0.399080576272707,0.237769566267747,0.0017839053318428,2.87449066478138,0.47591006637234,0.18491422581902,0.0011223321656572,2.83441736460283,0.372222474175543,0.169768025043228,0.0012106144234266,3.09029296101973,0.421483581038937,0.138822527367009,0.0011678845430527,2.53874251643392,0.340092220895071
-0.241338116633224,0.0016297528350438,8.40768593759714,1.33050171864959,-0.22256156068162,0.0015748620658671,8.52619175486138,1.32633870556396,-0.184531727172155,0.0011439463742984,9.58741043469194,1.27110737809388,-0.13327720955222,0.0010231891286346,9.17622153413238,1.15058825122972,-0.216473112907584,0.0011285701985599,7.12323804959698,0.938036707884058
-0.0884226997508469,0.00160066094685,3.71947654890591,0.583323651963882,-0.089905016369341,0.0017039495829914,3.86687816661362,0.625701139624507,-0.0833335610968853,0.001120462662795,4.22292246362347,0.55410221817651,-0.0306453880540113,0.0010613280976682,4.26885488270504,0.545147856888621,-0.0712340537526243,0.0011915890071171,3.45851416495897,0.467983875322597
0.133103355655764,0.0016183429655213,3.5699864544086,0.562963109923854,0.299340086962204,0.0016992141970951,3.27992476664183,0.529987995675567,0.147051366758321,0.0011328400758649,4.07767757748716,0.537991323954212,0.289088786479061,0.0011158429695185,3.710629185906,0.485877942330535,0.088335056017945,0.0011483557153745,3.34771863336128,0.444698080013739
0.0684194203928919,0.0015547873618667,3.67582862523395,0.568157629612117,0.163858884940024,0.001614593313775,3.4317237777571,0.540532716533267,0.0609182223431622,0.0010883511533066,4.21499058372842,0.545078706117701,0.165176854798886,0.0011164238903994,3.83753850292843,0.502626512826304,0.0705125980949028,0.0011528009191509,3.45445003576026,0.459763149606486
0.0509927921729808,0.0015720306035346,2.6899446534721,0.418072815549131,-0.0232262533191026,0.0015353679825006,2.755983305559,0.423312320820168,0.004032105214498,0.0011004214224742,2.98677080221533,0.388382365053659,-0.0441550800454741,0.0010430328307632,2.99231461448656,0.378821247277756,0.0034860000017695,0.0010953504498083,2.49473305968095,0.32365231250246
0.107503134311732,0.0015822601194869,2.51645306170602,0.392379095520586,0.182047420182803,0.0018808296100769,2.38203884448594,0.404950232536365,0.100144473055914,0.0011075820836408,2.83416550205917,0.369735588455785,0.178444403602348,0.0013352967688992,2.51904544958164,0.3608302913665,0.0930008879379298,0.0011527212236888,2.30628174491212,0.306939366749881
0.0490638572249567,0.0015923457570999,8.40756456329187,1.31512485348004,0.415689212240716,0.0018330208960973,8.41621089627711,1.41246730649419,0.0325812494375372,0.0011146420299699,9.72156172029868,1.27227745647543,0.459988459016852,0.001327983240858,8.64341346830261,1.23469495135778,0.142401089711912,0.0011484595432693,7.22905482144808,0.960323276213745
0.215447236087752,0.0017051968609661,4.03287494052393,0.652799936763197,0.0700463571196113,0.0018160154386785,3.45138747308553,0.576542827064819,0.202777635121372,0.0011936378026763,4.55663889638355,0.617104881735224,0.0101054852603132,0.0011428329091535,3.87240976760061,0.513157596716979,0.0941749474265277,0.0011448909348224,3.51845273071932,0.466672130576957
0.0022837678648519,0.001648771011839,3.28102737431112,0.522237570188303,-0.096372199147348,0.0016506318015107,3.04220855562031,0.484498206906637,-0.0175486445333809,0.0011541397082873,3.74282225578179,0.498432648101724,-0.0223962436476086,0.0011179703406345,3.29282756143078,0.431580899556941,-0.149501398888942,0.0011409999148266,3.72555148040088,0.493300393194499
0.0643246816890009,0.0015814613485694,2.516122615123,0.392228528801646,0.108537984532168,0.001529028786732,2.64706947514077,0.405743207034832,0.066220151609818,0.001109772406612,2.83006735420509,0.369565838406028,0.147233875801299,0.0010489145767109,2.86672903535913,0.363944191300922,0.118529740078955,0.0011263936881323,2.85185585549691,0.375189574048585
-0.0410913921057117,0.0015575776594255,2.95271579817616,0.456798415803426,0.0716502832053153,0.0016990316298402,2.61211540229779,0.422057069021293,-0.0556361465484333,0.0010903043615978,3.32241127675786,0.430036534667921,0.060479229223454,0.0010201317509168,2.93296407866164,0.367208700914997,0.0405877494059676,0.0010796702154096,2.74662726059717,0.35377193191149
0.0374151346308653,0.0014887178609301,2.49027637368604,0.376644677269832,0.0437860699903199,0.0015605616429598,2.54176720865176,0.393599305398903,0.0369160938092436,0.0010421025026511,2.77295508737779,0.35089416113614,0.0316783268357353,0.0010168131907128,2.73432218864079,0.341781348656161,0.0046509870616149,0.001077491236906,2.43442083460688,0.31324245301311
0.0655155850746465,0.0017877647256815,2.67544959393769,0.443435074719672,-0.177906862331056,0.0018528715205869,2.64428538469186,0.446178936858731,0.070655074057223,0.001251435307977,3.00605686813357,0.41684968814457,-0.188507710003044,0.0012825755170575,2.78625982817802,0.391148053004386,-0.100424610211737,0.0012446402553995,2.66752018175633,0.368899207450451
-0.0276790383483908,0.0015930426949815,2.89621947198959,0.453130466784193,0.03888834654462,0.001610514307749,2.89222192495325,0.454979673202873,-0.024283455116547,0.001115129886487,3.27789615545111,0.429077760579733,0.0366774912284182,0.0011758216058811,3.18043865989129,0.427499714130429,-0.0089050351011288,0.0010952612554009,2.69386218778478,0.349471950173582
0.0429217322454878,0.001639030636583,2.97464874870359,0.472070990637182,-0.070603564139356,0.0018436946106994,2.97115796119857,0.500090173991443,0.0513387053540634,0.0011473214456081,3.33958849113233,0.443418285218724,-0.0565532351981005,0.0012071427240907,3.26898696930852,0.445215818739787,0.0024077822930928,0.0012295687245888,2.8192091242622,0.387508990516955
0.129671167506668,0.0016872140175878,2.63991772002139,0.425063256671387,0.119387846984484,0.0016936499768858,2.67678554459119,0.431820737960796,0.113546855915378,0.0011810498123115,2.93936405402955,0.39597299912094,0.108220914179072,0.0011029435548421,2.92454886586802,0.380726943767321,0.169464121036795,0.0011552800273795,2.61522116281593,0.348441713924249
0.169416832826857,0.0018957856161999,3.0912017244217,0.527594240137273,0.286097700251298,0.0017439308236134,3.07071593987817,0.50266929423466,0.177901563478621,0.0013270499313399,3.45988258844415,0.494063851728488,0.301863743916519,0.001139964835243,3.25157591174806,0.430345941543589,0.184850143786479,0.0012712505847186,2.79688616758914,0.390902511389401
-0.122681069454598,0.0016107867044242,3.44446910952947,0.541900309556533,0.200321734243971,0.0016731701474384,2.76768951131455,0.443777734003887,-0.133457578041394,0.0011275506930969,3.95472660356856,0.520550167105078,0.145234649354545,0.001118652479261,2.97884019040879,0.390546622327434,0.0019393155140947,0.0011285386001952,3.21020466550826,0.422735789381768
0.21463228817415,0.0016650429267686,2.90264439601445,0.464284983634141,0.240923483455651,0.0018087774286838,2.59423131293373,0.432493264892973,0.185389997645433,0.001165530048738,3.29461761962683,0.440904814026817,0.205211108334497,0.0011959783711624,2.89951317878155,0.393065418353531,0.157138724934638,0.001163778528203,2.68526399169264,0.359087464893709
0.151009426697605,0.0017906093044487,3.80093286580189,0.630476210315121,0.193397632868392,0.0017811663536244,3.45292046643099,0.571237754202896,0.115350748778577,0.0012534265131141,4.29522847188386,0.596092688464769,0.168208029609532,0.0012423509281985,3.74897402523851,0.517979607856397,0.153264379434112,0.0012415011724626,3.48398077122327,0.481201977147349
0.236261040670739,0.0014489489551157,2.59573406451665,0.387315454357606,0.239121001397124,0.0014764234976617,2.55576669520019,0.384950393028911,0.219893857471877,0.001014264268581,2.91060451590974,0.363359775489248,0.130303698644726,0.0009070877173387,2.80330048753236,0.330957618179827,0.25455397667245,0.0010496729156322,2.51772310554326,0.319751836757521
0.220182893279173,0.0016084831279533,3.58582776921542,0.563735997530664,0.17399981710243,0.0016678969029747,3.59256379661806,0.575131529509399,0.209469478761781,0.0011259381895673,4.05887913308575,0.533877330812937,0.315169495292954,0.0011231123280997,4.12383414983479,0.541739964097082,0.147830612724812,0.0010813994616359,3.17363468641844,0.409098696139543
-0.0029805227562562,0.0014920470137469,2.44650362689897,0.370437721704047,0.151452345239903,0.001556525725164,2.46911895784494,0.381854798167074,-0.0007970988287201,0.0010444329096228,2.71699576183699,0.344197190870388,0.125004744651195,0.0010368033459706,2.71116361825948,0.342201579430497,0.0470951837982198,0.0010419922054814,2.3414855578445,0.296279637928083
0.0607760912197723,0.001583288832766,2.42827290354207,0.378752627822761,0.132748679303768,0.0017550031723206,2.43262812664255,0.399477904845652,0.0594206127114444,0.0011083021829362,2.69372344187923,0.351528213228384,0.111114193925532,0.0011791089780162,2.63367562388741,0.354500901481838,0.0452729241118411,0.001162329419867,2.29789799672511,0.30709549705448
0.0850905483618467,0.0015497792508408,2.39685575889008,0.369874939383879,0.0232073941612472,0.0015932919711623,2.54506323991672,0.398221174303316,0.0626829372185897,0.0010848454755886,2.65844739969403,0.343233840279791,0.0004412029239333,0.0010874030911357,2.82029315884158,0.36455883039225,0.075160740841152,0.0011157394270776,2.40009904624943,0.314259663461761
0.0063169132949561,0.0015462908180673,3.16157936361115,0.487335179765001,0.0299117717766356,0.0015407571519468,2.41113686826562,0.370994137311967,0.0186770120345921,0.0010824035726471,3.53009566789489,0.45525966074297,0.0902969887365354,0.0009935291306706,2.54412949431728,0.314345756623306,0.050210725214608,0.0010694239527529,2.81501650142558,0.36085604526423
0.159069259792876,0.0017505313443432,2.73483331295524,0.448532476208401,0.254329779384975,0.0016807408785333,2.81285771341915,0.452039340247984,0.152454781939826,0.0012253719410403,3.06502464753173,0.420577488917661,0.205970537157865,0.0011722529733083,3.17423072260244,0.426017313082085,0.175539758481356,0.0011386483826745,2.74983616215038,0.363730502354071
-0.0218277496039884,0.0016605992123733,3.05549592300619,0.488081345324464,-0.138028634531604,0.0016044579858994,2.97466054184809,0.467067527083876,-0.0305070859277745,0.0011624194486613,3.41266040632076,0.45609214666239,-0.154068610786623,0.0011140288226802,3.18743065379695,0.417029757274188,-0.0616501781601636,0.0011007919631646,3.0402015318173,0.395396740876829
-0.0509501540005029,0.0015405713088842,2.39611565616901,0.368660634517373,0.0811117887205952,0.0016722118300479,2.59439155139418,0.41587159096362,-0.0596643727840401,0.0010783999162189,2.65069102055452,0.341214215539152,0.0560895436422699,0.0011274689314476,2.85265428047753,0.375473698052374,-0.0147034483942912,0.001045242979585,2.45659926841404,0.311330045053308
-0.0392747841704173,0.0016101176378198,2.48576992721245,0.390991953685176,-0.0184812981410355,0.0016821653704781,2.45676150119742,0.394980293920758,-0.0368796354911964,0.0011270823464739,2.7993562844455,0.368395304965533,0.0393631230607936,0.0011037482159908,2.60735811877211,0.33955785330797,-0.0293045765751366,0.0011425590693613,2.4310202894311,0.322111330107461
0.0941801692854099,0.001504853630603,3.2730284248056,0.497708426714297,-0.089406734502997,0.0016322143722687,3.46896691179438,0.549372407436311,0.0853927932154143,0.0010559465151531,3.69989044713347,0.471289660745944,-0.136300078340147,0.0010262884803197,3.84570818523133,0.48293551038575,0.0470108170433638,0.0011197780064931,3.54197560639192,0.464611140553118
0.0179018112331585,0.0015218355853247,2.96963380565605,0.454113959855571,-0.0390240315083647,0.0015186546936062,3.06595528801422,0.468353124790467,0.0320549015948734,0.0010652849097273,3.36245106051401,0.430196572830417,0.0117278085303441,0.0010794024700872,3.25752518225567,0.419524735418589,0.0655747105590064,0.0010906295113989,2.91698899950279,0.377616967758752
0.152617107068435,0.0017449446031675,3.08137959591343,0.504561502350794,0.127173488930331,0.0017718637582452,2.87265635421106,0.473998454070402,0.153501235619651,0.0012214612222172,3.50237416550782,0.47982234557693,0.0863275854265771,0.0011286705520995,3.17077003341927,0.417567249430063,0.176632573752607,0.0012063770856382,2.86681852449246,0.39031912227917
0.0972127774655142,0.0015361261052129,2.57879053114006,0.396193720999355,0.136219584638918,0.0016278213558961,2.38350733815231,0.376962328077816,0.0984339905594627,0.001075288273649,2.93134633329252,0.376797206294129,0.133301930114371,0.0011112514512101,2.6333564161319,0.34410731163773,0.0970137571734471,0.0011431939155482,2.50160061896948,0.331555330480403
0.186508797638096,0.0016125804284533,2.69708997139374,0.424555247524716,0.124865530674668,0.0015544018481025,2.54559189278859,0.393412828885663,0.174593165022408,0.0011288062999173,3.02907074292761,0.398930476034212,0.134073462719048,0.001037353624467,2.80856536642088,0.35458963541477,0.106283624661153,0.0011631062849487,2.57646434625355,0.344438686887572
0.247772233774945,0.0016461827490456,2.37130734680636,0.377142049345466,0.167927567033678,0.0017055897038615,2.20363827571713,0.356743177856889,0.235351725644344,0.0011523279243319,2.65669105193781,0.353514460105493,0.0900674028681997,0.0011930459717517,2.33812516028727,0.316573407854325,0.236448077111566,0.001165053317207,2.42788023933991,0.324846541545778
0.0454932236976739,0.0017402710785495,2.57032847513242,0.42031526752154,0.116614203891918,0.0018251507769514,2.72534779969719,0.456403949407841,0.0452434475262824,0.0012181897549846,2.89365193739292,0.395896670115606,0.0984521866266395,0.0012802718167093,2.8642909476221,0.401741141977589,0.0410952458657381,0.001200987115657,2.86629133816676,0.389374576880102
0.36435440140878,0.0016760645079129,3.34310787172856,0.536505083866858,0.170903770212578,0.0016265166901551,2.99782048877606,0.473928659470099,0.370546695570216,0.001173245155539,3.75772011340403,0.504541507965819,0.0817248096025249,0.0010718067531249,3.24529009154708,0.41647588047937,0.245906730921879,0.0011731473054265,3.17094452996071,0.425738578031662
-0.0373620044482477,0.0015289518372736,2.69268819833657,0.412725266045405,-0.0088979592867254,0.0017418166804185,2.9455874543286,0.481893680161171,-0.011648359748148,0.0010702662860915,3.01835711948819,0.387074562563536,-0.0393590808350577,0.0011702806053736,3.33532170025481,0.447260782842444,0.0229194784991597,0.0010916562659461,2.8868625635485,0.37389284237734
0.177680858093383,0.0015941440592096,5.35457084327259,0.838043453843239,0.187958840307447,0.0017604172766091,2.80556451091166,0.461430350738607,0.182099803331387,0.0011159008414467,6.13374256724443,0.803186562355047,0.161091293679378,0.0010934470671424,3.08111285529991,0.39937840177567,0.275106597226944,0.0011745937210065,4.67655874650956,0.628272887295189
0.146488313505932,0.0018134073519832,3.23337304699224,0.539736249003965,0.0137127826065864,0.0016948996529268,3.26474653170896,0.526865245284192,0.155246061122523,0.0012693851463882,3.65417779239154,0.510345707975725,0.029420943970007,0.0011825862951728,3.58459401820247,0.483208408787283,0.0803198248202709,0.0011838622015313,2.95532622905938,0.398597061054956
-0.0339773159729157,0.0016150739177179,2.20408834917877,0.347218844437683,-0.0227408990304962,0.001609990812426,2.2709217250506,0.357183962240937,-0.0203734130810229,0.0011305517424025,2.45349617522816,0.323376676901835,-0.0155186198818319,0.0010894306260138,2.51678128058665,0.325629207117448,-0.0159597773798667,0.0010889934227006,2.22101138792424,0.287303886125321
-0.0123291793169532,0.0016490828924516,2.47248542801322,0.393580044552622,-0.0790900441769211,0.0017393573590631,2.5352472076214,0.41446972145386,-0.0189760723574167,0.0011543580247161,2.75433267813288,0.366829914502148,-0.0892837132115367,0.0011934229201999,2.6746600172055,0.362196174898201,0.0142056456850862,0.001135725069455,2.393329232025,0.316167436620922
-0.0147904813135807,0.0015439718626107,2.58354627391751,0.397936725572768,0.0254415421051094,0.0014581280370621,3.18547225802418,0.476814818778,-0.010634282304972,0.0010807803038275,2.86524865138694,0.369240316211208,-0.033575962210931,0.0008650840838294,3.49979464119829,0.403505825772214,0.0546241131836535,0.001030597013776,2.97299583227227,0.374125083634645
0.290471871584322,0.0016554151117854,2.48238258498886,0.395913453946721,0.151884364703719,0.0017278516482632,2.5630241916808,0.41762262408094,0.260218619896835,0.0011587905782498,2.73671458712051,0.365182595883459,0.145778618780568,0.0012135645765468,2.81028899586268,0.383760715406088,0.247920290000954,0.0011270579288359,2.37590764154466,0.312666073920299
-0.0620063873654777,0.0015516772345507,2.28932615785424,0.353497585234953,-0.0653730365013001,0.001591426198459,2.3286713937753,0.364149356211956,-0.0441037853532267,0.0010861740641854,2.53648734999149,0.327687972775297,-0.0484081382399445,0.0010751751901078,2.51081053455356,0.322724284057214,-0.0580314526480355,0.0010920833249998,2.24197501606916,0.290426835830338
0.111646879624523,0.0015539792806614,2.787550167398,0.430748120147975,-0.0546552562190645,0.0015986700716527,2.7329373735993,0.428338576256588,0.11324544740937,0.0010877854964629,3.13121389187354,0.404820459784605,-0.075168275659483,0.0010298029440454,2.94327778064969,0.37024261365244,0.0844470028374455,0.0010826066146695,2.78128033679446,0.358722147004461
0.28945548814532,0.0016745428495278,3.21253889095212,0.515317170093544,0.248922961578943,0.0016648802601578,3.03998660621508,0.48622944909167,0.279514272185163,0.0011721799946695,3.65044639972966,0.489915539812522,0.374639478001068,0.0011120326893968,3.26952655652111,0.427387418239242,0.286485780607415,0.0011300531176225,3.21003624529121,0.422997160187346
0.0879256437885426,0.0015792045479639,3.71179288597514,0.578203897471736,0.163556507436723,0.0014891592473481,3.83418894023217,0.579992220241012,0.0749743241393858,0.0011031408779787,4.21409064898603,0.548652609564793,0.156411459867018,0.0010016308168432,4.4118366023669,0.547332636404497,0.170187568997094,0.001080309192962,3.70779501719361,0.47771385704047
0.0913072727859474,0.0016358442519741,3.1100416242518,0.493077589773628,0.134824993929945,0.0015978691486501,2.96588780587209,0.464732891619083,0.0941169659813633,0.0011450909763819,3.52933056417291,0.468155812675986,0.167423443302027,0.0010996695578461,3.27923192476796,0.426266616122843,0.0714315655747074,0.0011315735370857,2.91466016400861,0.384332758704661
0.0689920356345218,0.0016579142633514,2.69030405736344,0.429398464637361,0.0395180585440925,0.0016242490558791,2.86622256921387,0.452808227736718,0.0448644682107341,0.001160539984346,3.02213345394992,0.403572698741891,0.0829775709885765,0.0010674392131158,3.05731307964553,0.391552117905324,0.0400607034512316,0.0011778713157759,2.62267326898603,0.352834626500669
0.126392843906333,0.0014898438258244,2.66203885119744,0.402775317753211,0.179449047411719,0.0015804199900687,2.82371264021201,0.440032589032327,0.112731646107867,0.0010428906780771,2.94364181203231,0.372633969217348,0.178578243205621,0.0010730638959238,3.19538846609892,0.410312305032379,0.0554390530926589,0.001049215769923,3.88526345640064,0.493322546583467
0.111160301539904,0.0015982715656101,3.04543126728974,0.477256855568979,0.0780051212539637,0.0016729699488387,2.88803725755566,0.463046865041089,0.121500348233845,0.001118790095927,3.45449758309459,0.452936465164439,0.0829074283134811,0.0011474302402119,3.23522668355682,0.42958187406364,0.0567696083738718,0.0011195399863441,2.91278124372731,0.382037294613098
-0.0607878088997339,0.0016636802828624,3.02187435574229,0.48315827789136,-0.0419139990649617,0.0017312680173777,2.27256336798161,0.370660444023653,-0.0592642791181502,0.0011645761980037,3.41179350605083,0.456399100406179,-0.0111568558267592,0.0011479799535947,2.46256785443616,0.327064527925493,-0.0296762829273106,0.0011753330082994,2.76266193497903,0.371266955848605
-0.0353558907611233,0.0016144434669567,2.79927112188695,0.440894287118876,-0.0397017397816942,0.0019341384180686,2.79772045993395,0.482309905404891,-0.0359306125262825,0.0011301104268697,3.10025067354545,0.408540708917426,0.0065075698956808,0.0013542170883623,3.05785398567836,0.441101947561402,0.0086418809562589,0.0011977543742769,2.58073250860937,0.350110359982625
0.15133387524539,0.0015561801534652,3.04696694165839,0.471167976207962,0.105341810178871,0.0015407954619866,3.08462127976427,0.474626991409834,0.134705694419922,0.0010893261074256,3.47883257353269,0.450080887003276,0.0809283077345546,0.0010316541440426,3.39506372542423,0.427457636976176,0.0385148419354777,0.0010523671607983,2.86343891311862,0.364124291809316
0.123393600186195,0.0016735892148316,2.4274384512444,0.389269832222076,0.0437276902234065,0.0016544499941658,2.41104694360639,0.384424072762817,0.114360861345451,0.0011715124503821,2.72679324978043,0.365850582752626,0.102357220734165,0.001161461032863,2.64001223403357,0.352684479334745,0.0876809770750591,0.0010925282088361,2.29308079260658,0.297107607991063
0.152977354353104,0.0017165381251849,3.05196152627136,0.495659994892093,0.160434252581268,0.0017821230239986,2.90865952504621,0.481326546435074,0.139573921308433,0.0012015766876294,3.4036524010261,0.462486472971661,0.157340274646621,0.0012655204252972,3.13859228669668,0.437670796421133,0.176002111411938,0.0011275887369095,2.72169279837918,0.358255243414834
0.0601331103602576,0.0016397878794678,2.52683131916238,0.401095854939191,0.0521095201006169,0.0017078497303167,2.51433338182058,0.407310659391114,0.0531237100459076,0.0011478515156274,2.84297465098319,0.37756691380717,0.0357181143801334,0.0011760812929075,2.73868134512233,0.36816140715074,0.0149730080026295,0.0011374188600817,2.60458446257328,0.344331492306409
0.0919166681496214,0.0017299013481516,4.05225203419374,0.660670939486847,0.0379253126047154,0.0016858269354646,3.76831852508915,0.606501928709329,0.0961805343208902,0.0012109309437061,4.60544985943888,0.628217215708304,0.0460286734049752,0.0011407426924486,4.13704893724056,0.547725036001741,0.0849735890184721,0.0012178542944899,3.59841211198586,0.492251051527155
0.0010341805953632,0.0015805667872699,2.81474986393039,0.438656247776422,-0.0185127794521639,0.001736549179032,2.7872691547193,0.455303028322126,0.0030875995850188,0.0011063967510889,3.19726283774487,0.416880779693413,-0.0383679553005015,0.0011889988004031,3.04671142492316,0.411813060558576,-0.0010153814527719,0.0011456322744234,9.40997827416671,1.24850224434181
0.0932422347121205,0.0017921994411232,3.50086320589509,0.58096022098651,0.19080585657972,0.0020575398037289,3.505701747119,0.623343125879175,0.100465095885808,0.0012569519379354,4.02827158267093,0.559829996995916,0.162250023447663,0.0014190518322031,3.87963871039633,0.572886383641145,0.161139159073806,0.0012970905639741,3.2727494594625,0.462036192666849
0.153629678130174,0.001547377771336,2.92196905004231,0.45055921355588,0.183171770074972,0.0018017082036974,5.26638276171406,0.87625949152005,0.159145261096089,0.0010853043408101,3.29598685406582,0.425636954963636,0.16551686962914,0.001234579138309,5.67474402226203,0.78159870250948,0.206737734313686,0.0011349429939547,4.51254851171044,0.595918673591676
0.138203233072632,0.0016080142635896,2.51501404378781,0.395333347210349,0.163725732570024,0.0016639879416498,2.46809913467796,0.394653331995821,0.116341685099801,0.0011256099845127,2.83150970235246,0.372383225327451,0.155838977850922,0.0010815933971422,2.73801422837549,0.352976506947189,0.14516046745676,0.0011601485788785,2.42734832472547,0.324091018004536
-0.0506905718210538,0.0016106233834958,3.83061873184859,0.602620657187462,0.113967770821748,0.0015387453770509,4.30082461828178,0.661322349867987,-0.0601115879778926,0.0011274363684471,4.33375520241625,0.570411775839001,0.157586618124682,0.0010386141105904,4.8313915979923,0.610347873372079,0.0336512798968568,0.0010926559656573,3.91637358746182,0.5074624597996
-0.0763665625423277,0.00167827232924,2.84964018198276,0.457614028679584,-0.12561286118548,0.0017975069415144,2.34067951711167,0.389005130786925,-0.0678540080246186,0.001174790630468,3.25275865710108,0.437028908115122,-0.110448944924382,0.0012339514045099,2.52973077060705,0.348338452679367,-0.080559460157016,0.0012158519374128,2.70801237690725,0.370142605071005
0.313695344987232,0.0015601941936721,3.07549904556291,0.47619300538122,0.148516103166222,0.0016072270661589,2.87933112655755,0.452489303783386,0.279083644961746,0.0010921359355705,3.46144538236473,0.448408584901677,0.143663269065246,0.0010295958190064,3.17288313101619,0.399085131278273,0.188517102536839,0.0011335762374524,2.8841069785494,0.380640345414618
0.0358367956925842,0.0015574829766793,3.0375982842099,0.469915834827927,-0.0535419408498118,0.0017474036510997,3.30163929459307,0.541008801748925,0.0316287637607241,0.0010902380836755,3.38460298844801,0.438073007697057,-0.0642310281220618,0.0011599930063938,3.65251161013965,0.487637815659703,-0.0471273196008092,0.0011465025914317,3.02583656426262,0.401616062207741
0.0703706825605348,0.0016299999382695,2.66212133773988,0.421308020673116,0.0716542950586958,0.0017066087412747,2.66318505727261,0.431267185898359,0.0766392941716128,0.0011409999567887,2.96290728901369,0.392318658119423,0.0888942415268723,0.0010852884176885,2.94985748953667,0.380935727112877,0.101789456312459,0.0012042081666971,2.41421345022873,0.328401049178706
0.190279782637479,0.0015833908125955,3.20814727574637,0.500410534957987,0.211006199639743,0.0015582823284069,3.02867610156557,0.468655793539585,0.185992071948158,0.0011083735688169,3.64921026878122,0.47623362425961,0.206077014037201,0.0010603805339448,3.26268990283504,0.416470993450132,0.142603215986933,0.0010726353933272,3.25901012527241,0.418398248670418
-0.0465845127931176,0.0015771085409647,2.68636005257722,0.418189475894212,0.115023315185412,0.001576705550985,2.63819258070512,0.410638703100409,-0.0635765403202502,0.0011039759786752,2.99506965652204,0.390090007663265,0.154229690167412,0.0010305272950291,2.8578410825808,0.359621717950839,-0.0469481508011659,0.0010796782856174,2.53953453575485,0.327099133342975
0.244853038080467,0.0015853648536822,2.57361006507787,0.401684844374914,0.285085244229183,0.0016990607896901,2.60828001030103,0.421440975389463,0.201466891083588,0.0011097553975775,2.86829185485332,0.374554534631709,0.2427913415513,0.0011502755694852,2.77104442428011,0.368402461205411,0.188846426690896,0.0011377735650146,2.43068240461503,0.321391379293959
0.07123697128014,0.0017103142816629,3.58005033519022,0.58037030130841,0.130411810629746,0.001662443797392,2.71872611864256,0.434527265079293,0.0731643720178248,0.001197219997164,4.09728994818665,0.555727343660831,0.0598330055653665,0.0011870937397912,3.0305129066159,0.409295275872062,0.0877515252941405,0.0012061345169305,3.35063173097682,0.456144724875743
0.0905801289394509,0.001658744633685,7.17782944612349,1.14593764573876,0.189971074462527,0.0016713086174326,7.39420852709509,1.18494476613105,0.0821234046564105,0.0011611212435795,8.23106599223766,1.09944360057032,0.0466160158987194,0.001123459080537,8.18239391826516,1.07507088294923,0.100285449323832,0.0011123355643196,6.16130409785375,0.805505745651569
0.354200329996167,0.0016861684020271,2.839725206874,0.457093322039978,0.249036740378499,0.0017357989366193,2.89219428025689,0.472340580033186,0.348624792597594,0.001180317881419,3.19461279494365,0.430225161936291,0.212623834404491,0.0011803913112654,3.18428842878023,0.428848097141683,0.2615225884818,0.0011454875274415,2.70036008084486,0.358257217322424
-0.103226366429974,0.0014697398176939,6.51904051189759,0.979674934770992,0.21172712823117,0.0015200695857426,6.68519496966256,1.02170118989113,-0.0690327615619223,0.0010288178723857,7.55073556760926,0.949372391537726,0.200244780887998,0.0009601657469924,7.4280834336438,0.902252230326435,0.150802644938264,0.0010522347728644,5.65172022095621,0.718646088662453
0.0120553468024303,0.0016219348950356,2.52821085716026,0.399124224279006,0.0132987540249861,0.0017219426994122,3.08558776243646,0.501909409726333,-0.005891593507143,0.0011353544265249,2.79191154209987,0.368761412300185,0.0105229333064701,0.0011537458750221,3.42358320385757,0.455841702994057,0.0342998061363476,0.0011780585171663,2.71423572147854,0.365181762445089
-0.132728738997685,0.001615963929405,2.55745905673007,0.40299773717287,-0.0310461227757,0.0016074661148146,3.03551703698348,0.477069524902497,-0.139746859499259,0.0011311747505835,2.86028120345345,0.377095778015426,0.0176621537002586,0.0010415028451829,3.3425931689905,0.42285535842073,-0.103843024136336,0.0010738278239262,2.93827870931314,0.37743172443973
0.0599781142084661,0.0016814838353073,2.90306473638185,0.466639131820411,0.0413968311143129,0.0017484996479434,3.20988299840565,0.526138477532048,0.0638188016115541,0.0011770386847151,3.29234932341963,0.442771198808549,0.0700509992648419,0.001224168501106,3.57574664889429,0.490416899427873,0.0519905229328888,0.0012030248927662,2.87273539189861,0.390580914985297
0.535023337013228,0.0016597145562829,9.58086026082452,1.53002770213035,0.146027069959764,0.0017045674228722,2.25728574994469,0.365318544490509,0.549682837317829,0.001161800189398,10.9372754915209,1.46134567830934,0.153126777074089,0.0011819704209765,2.47408059022907,0.333422752973028,0.415784243330719,0.0011530507605467,7.98440330776825,1.06278340852059
0.0392045864287874,0.0016725387815671,2.50100053942056,0.400940539488494,-0.157694650148965,0.0018312569702692,3.18351985822224,0.534023409618933,0.031223896430009,0.001170777147097,2.82359128316535,0.37871895087944,-0.188361867364172,0.0011595252731142,3.77673360570377,0.504120721156539,0.0143532456061669,0.0012184698961157,3.08395399874485,0.421981469283947
-0.098482666576452,0.0015138271498329,3.13485949190496,0.478117138508872,-0.269238434036068,0.0017313283640315,3.52109408559579,0.574308757155465,-0.0933078956540783,0.001059679004883,3.50662817416597,0.447460773935486,-0.238733976655311,0.0011471423153512,3.74730202210683,0.497514146548631,-0.130025619874699,0.0011252140759336,3.13544043926174,0.412281853848836
0.124701568708428,0.001530003224788,3.20882804528025,0.492006346103559,-0.0236408684610372,0.0017121416553399,3.16483630540109,0.513333001518579,0.0950500661336613,0.0010688439714916,3.57398728670544,0.458024011425059,-0.0500426441831244,0.0012103234847232,3.37081515613755,0.45968862238158,0.082318047150421,0.0010570626808964,3.01656033352875,0.384450537931245
-0.055655626015173,0.0015134480173801,2.65388441359776,0.404709915538484,0.013079926236852,0.0015716250677061,2.67066001434828,0.415022043482358,-0.044785890469394,0.0010594136121661,2.99227188380413,0.381778891751079,0.0253042822369647,0.0010280833980128,2.93138360234261,0.368438422223567,0.0119098436336258,0.0010855151616078,2.53904771591102,0.327919237995985
0.100981418654724,0.0014009936433406,2.98916825805164,0.43857768508372,0.28692761463843,0.0014973804153041,2.75653775323566,0.418126897386689,0.107881729058561,0.0009806955503384,3.36845772112458,0.413500738762615,0.260339236214692,0.0010524939882104,3.03347797959835,0.38577026138285,0.171646130187121,0.0010244650735875,2.8183791499647,0.353611257312995
0.258087716695607,0.0015732050362819,2.77711519103961,0.431782110506484,0.306477818405328,0.001709502437033,2.5390663154435,0.411516253220777,0.2420796978611,0.0011012435253973,3.13299923734535,0.407549213982709,0.184979426931271,0.0011005811996367,2.79668006478845,0.363690467631996,0.221171508791182,0.0011358385135112,2.77784990965513,0.366982334074092
0.0361688623640909,0.0016177248542063,2.71951202342179,0.428767045743064,0.046147772221579,0.0015076607918966,2.63735712889943,0.401419854672827,0.026496621146162,0.0011324073979444,3.06416601115742,0.404195734954375,-0.0063937102190232,0.0010563448402013,3.17802388643174,0.404890979625266,0.0095508913183389,0.0010786391506814,2.91988846491642,0.375908753458521
0.0282306637778754,0.0015766951631468,2.11782190466019,0.329641126991888,0.0645367790198801,0.0016495201889911,3.10296733542573,0.49400814359635,0.041408483718856,0.0011036866142028,2.35026778018413,0.30606827879365,-0.00311427291144,0.0010872556456431,3.28858024572021,0.425062082960102,0.128237017831608,0.0010996541585976,2.89442925703517,0.376243569992922
0.140682648749532,0.0016071134334032,2.25498349255521,0.354360021460317,0.0230787819748745,0.0017497171220191,2.41928076383391,0.396687284576885,0.14237202937706,0.0011249794033822,2.54256246307832,0.334288936316377,0.0375152155776102,0.0012172717443434,2.63207574202698,0.359973258956422,0.0476206417169334,0.0011768207265555,2.24390475583294,0.301743316958035
0.0763153182573618,0.0017170208977276,4.56866630200453,0.742087840083968,0.111570092525974,0.0018420685362803,3.13434544370706,0.527324365034606,0.0796093747163332,0.0012019146284093,5.2101173508896,0.708047514311264,0.134677019192731,0.0013087796978591,3.46915003717864,0.491965269299537,0.0358747554135592,0.0012338261623038,4.07473430683279,0.561053621410462
0.0640229665347862,0.0016720035864536,3.60084230857956,0.57716606944346,0.0105255056347153,0.0017853000319076,2.6145993607522,0.43305079848927,0.0661214049630886,0.0011704025105175,4.07310949277062,0.546225277413048,-0.0290006106240469,0.0011697819366894,2.81460345306167,0.37735295762368,0.0785025772498702,0.0011371402817296,5.47912751427142,0.72426336238689
0.027772596626794,0.0016071383318559,2.76403030151759,0.434357691485914,-0.0935562699320566,0.0017565092655419,2.70478964320371,0.444361888708876,0.0128715056005916,0.0011249968322991,3.10574964031946,0.408338359881811,-0.0104189365661566,0.0012009175987034,2.99266184452541,0.406529754596018,-0.0207207840563214,0.0011643376823884,2.85267803474412,0.381566572882702
0.147903331132484,0.0017006932342273,3.21849474475371,0.520288088215548,0.168004236438098,0.0016339166866215,3.31116415519647,0.524654923463417,0.158328752785074,0.0011904852639591,3.66032841358017,0.495062638102784,0.241126132849957,0.0011159495409066,3.66963871159329,0.480533505155159,0.114634699867079,0.0011885304142479,3.46401635885245,0.46812643986555
0.276282426084178,0.0015632310625144,3.19787916191561,0.495623310065038,0.0956963511095775,0.0016220034244301,2.6561118554266,0.419324589373516,0.282020969069847,0.00109426174376,3.63965114710357,0.471952677429785,0.0690747524341266,0.0010871389947442,2.95688983709281,0.382169274766949,0.215202470306461,0.0010897648566283,3.05279281186167,0.39504067651027
0.0584018163114464,0.0015104365064332,2.89335601609212,0.440789457410188,0.112738231405899,0.0016327688845653,2.48880543179748,0.394213407044271,0.0562321930976586,0.0010592389654275,3.26481331488159,0.416517654252092,0.147131643130897,0.0011525992821563,2.71509868218973,0.361329049001671,0.0702762941362392,0.0010911330427857,2.69578592253429,0.349061814269489
-0.0474568300373648,0.0015848483906494,2.69748353998936,0.420950230415966,-0.109604373857458,0.0015629158664782,2.64388301911291,0.409720903969194,-0.0545208560038243,0.0011093938734546,3.04830486802915,0.397996605417351,-0.125566997248102,0.0010622841817076,2.91619243763431,0.37257578343979,-0.0187625096830356,0.0010998486250381,2.52368932591451,0.328080513211413
0.0503877007110871,0.0015040188719819,2.86440321152601,0.435450588181067,0.0721768499628319,0.0015452622661725,2.61924090680407,0.403603228301106,0.0468805386658397,0.0010528132103873,3.22486107484374,0.410170818872224,0.0206299699846573,0.0010214283536674,2.90025572340763,0.363344285147652,-0.0007219649867929,0.0010958441023346,2.74606963944936,0.356339544593745
-0.0252956111877322,0.0016398765659208,2.98212269510033,0.473379203381744,0.088362325807413,0.0017411585966023,2.93673585276132,0.480354803193228,-0.0178145473814382,0.0011479135961446,3.36685242586912,0.447153637109046,0.124552644263947,0.0012078801802314,3.18846042229514,0.434381224050996,0.139959878402441,0.0011376278666286,2.81241558994907,0.371841359508378
0.0396501806214906,0.0015379897299365,2.421958036764,0.372324331675691,0.0292539955169773,0.0015668280870942,2.37915842265892,0.369157862291582,0.052425872765749,0.0010765928109556,2.70324270883334,0.34768732980624,0.0673570844715612,0.0010473466760562,2.6484628985578,0.335982927183308,0.0252942248034906,0.0011050334932552,2.32605606715157,0.303100034778546
0.0126888957714786,0.0015009931477971,2.66601820402231,0.404883941407467,0.0343838380622266,0.0016429073115681,2.4897656697398,0.395587984747581,0.0138931997767679,0.001050695203458,3.02123890712913,0.383885342632628,0.0386917112479283,0.0011308207388136,2.80691972464797,0.370002758085863,0.0405996872958514,0.0011122441933119,2.68550343878744,0.351078208106814
-0.285653740644649,0.0016660552693804,2.7351622760442,0.437628791984954,-0.237701526666905,0.0017688694244616,2.54242764454657,0.41915492780078,-0.261891701037534,0.0011662386885662,3.0539996418696,0.408828149141568,-0.145623857129428,0.0012069932837284,2.81374719687548,0.383191254571781,-0.268646465536487,0.0011801485659739,2.65598509513981,0.357661391378416
-0.0271315162413447,0.0016994570873333,2.42727461014848,0.392240199533686,-0.0122555471843765,0.0015819498486908,2.88893761298329,0.450414751498365,-0.0415708821819333,0.0011896199611333,2.66739589608112,0.360636505977739,-0.0267903720757251,0.0010268410194912,3.05336150781714,0.383537574696422,-0.0651288380384145,0.001111021192631,2.84244327309664,0.37139073427835
-0.0268422882591949,0.001670417126784,2.79840562570346,0.448333528810923,0.189205934749444,0.0017680680790475,2.5125541913099,0.414136029937387,-0.0130621413454682,0.0011692919887488,3.13253849187067,0.419890443071047,0.20537862732559,0.0011838786649614,2.80716834254539,0.378617027255043,0.0473360935724811,0.0011771703117222,2.55088383455704,0.34307448383331
-0.148849460563131,0.0014418734495844,3.02145910582358,0.449736752685406,-0.0517361024741519,0.0016262761689252,2.7116392602029,0.428654264656634,-0.158739584271171,0.0010093114147091,3.39183136193685,0.422400993125292,-0.0370947956271524,0.0011279619319941,2.86045549307776,0.376582819624452,-0.0931765962005266,0.0010656267438237,2.75189936310483,0.352138240647975
0.275410946759277,0.0016957986068712,2.44219931240257,0.394226966656174,0.135355277250673,0.0016792781164062,2.71412773247306,0.435983128591464,0.259021797747725,0.0011870590248099,2.71641500879426,0.366868450245517,0.0912366624327762,0.0010617573421643,2.98908840497984,0.381794337531059,0.136033262400258,0.0011173231345793,2.530129683547,0.331520404811729
-0.0458048097759319,0.0014297442755181,3.07137591764114,0.455239821682353,-0.0887960540018312,0.0016067050609525,2.97317718067549,0.467161407694366,-0.0624307673389324,0.0010008209928627,3.49769648357274,0.433748923830996,-0.087403253945107,0.0011228241409444,3.28491447681366,0.431477371644836,-0.0408542230365145,0.0010783808572776,2.82955319920027,0.364235301662749
0.175383254035775,0.0017805119269634,3.31625099185036,0.548526890827113,0.102146623215871,0.0017268060349556,3.34690146471065,0.545183611406604,0.159477051392906,0.0012463583488744,3.74821867410213,0.518709820450578,0.112927296991757,0.0011889068535037,3.83684216749009,0.518592147455812,0.117852737140166,0.00116944121099,3.10754181588493,0.416566426914865
0.0395415789049501,0.0016934022814732,2.53010238780902,0.408127870769076,0.143328990891093,0.0017587968686178,2.6250169619753,0.431537004459779,0.0398111516680117,0.0011853815970312,2.83724825425693,0.382916882468242,0.168700811653733,0.0012143507716072,2.93845043135674,0.401391833430899,0.0277950580172543,0.0011909109117553,2.42873129638165,0.328546763300191
0.185892321285077,0.0016762821180018,2.75163397049587,0.441613463385439,0.232504578762643,0.0018425950170704,2.80537023193525,0.472044799297606,0.176285010630161,0.0011733974826012,3.08862440604538,0.414730295957334,0.187185963935185,0.0012462974431519,3.00584018892891,0.415963118519963,0.181338161769124,0.0011723219285048,2.60344830583742,0.349422196760245
0.097853653498807,0.0015361194593762,4.51476762253501,0.693626990205532,0.0269564611740088,0.001607635776705,3.38317110938957,0.53173577617235,0.0867666047171401,0.0010752836215633,5.18871914586546,0.666959965451408,-0.0272586472213987,0.0011150426526142,3.72102971703238,0.487065047706179,0.0942390630525991,0.0011162932781799,4.0494242978083,0.530347499943922
-0.0603273567338989,0.0015026711367712,3.22749572127412,0.490428538402835,-0.0181478432547559,0.0013957497355482,2.85501923011684,0.418110333918596,-0.0550896942434984,0.0010518697957398,3.66027646738302,0.465342767832564,-0.068668283290848,0.0009532093144315,3.21406903334814,0.388980137886655,-0.0282274571979489,0.0010486906710925,3.08242428687448,0.39128590768098
0.224284008788204,0.0016007716326761,4.19621422635909,0.658112937231364,0.261820700787587,0.001668667288462,4.06220038885351,0.650465558838351,0.23265158087856,0.0011205401428732,4.84806625760188,0.63615118878049,0.220056861638605,0.0011327917827463,4.5372340760451,0.598610481287056,0.131457000704555,0.001175607956592,3.76040693348468,0.505410418068096
-0.0590252127299708,0.0014332351694978,2.6859952375435,0.398604367798582,-0.0180784526682233,0.0016201999684588,2.60644188916342,0.411254291694131,-0.0533778464766591,0.0010032646186484,2.99050236291017,0.371304305257058,-0.0290739140979284,0.0011092929515451,2.8614400211265,0.373581929192041,-0.0124159578397325,0.001073056640131,2.53563488087876,0.32559380064575
0.230270808057865,0.0016537989820279,4.59012586411429,0.731718509651993,0.211585306210189,0.001560149368853,4.56107422617618,0.706200980958684,0.218383596402708,0.0011576592874195,5.28499853477442,0.704876997095825,0.178517797045096,0.0010825661785512,5.05935284333355,0.652529698698982,0.167110012568421,0.0010995791609305,4.05691675178832,0.527336015046872
-0.0782628401007632,0.0015170517514935,3.15797081774431,0.482154691853438,0.111178772577546,0.0015948062633856,3.28027342765162,0.513501952063978,-0.0603984751147668,0.0010591906129725,3.58331323579937,0.457140734782695,0.0617034508471878,0.0010826154050514,3.70056683190495,0.477291213983767,0.0683665939750615,0.0011095249315257,2.94258396396706,0.384216032714605
0.282430344794906,0.0017681177879252,2.83954388585775,0.46803924332312,0.189357767504198,0.0017852232469885,2.30213820578942,0.381290290192296,0.283287225991344,0.0012376824515476,3.23663669486281,0.44635114884695,0.173234572467155,0.0012543498859368,2.46814887220174,0.342656350962575,0.195363869245012,0.0012067418719118,2.70443750430148,0.3682665114393
-0.007900827102234,0.0015204866232871,2.3550000593706,0.359965029275232,0.0314480770384548,0.0016830201224433,2.886185401277,0.464137829058032,-0.01826623818379,0.0010643406363009,2.5967772647168,0.332087943468929,0.0227648280578878,0.0011050411920384,3.24007359308659,0.422203855550743,0.000560788692501,0.0011217911033522,2.72371550204615,0.357598612465717
0.282635515486734,0.0017354665565641,2.88630234099206,0.471333200978514,0.0938334957742798,0.0016714372642742,2.76953369833671,0.443843414755059,0.251592493199272,0.0012148265895949,3.2639427602029,0.445941371405777,0.108571869753288,0.0011352303898445,2.98247119686687,0.393909404068275,0.149583997748438,0.0011841837853412,2.63525450959496,0.355475936421521
-0.189063409352156,0.0016736690263173,2.84985206930742,0.457019986669029,0.0154100321278438,0.0018166428196025,2.94603791779683,0.49221086070059,-0.181761454396035,0.0011715683184221,3.19822173831576,0.429111809688121,-0.0028652351963885,0.0012516087029031,3.28437763710234,0.455475960392813,-0.0984242293151039,0.001149387453349,2.8013558971114,0.372288481794289
0.086322044544722,0.0014803872141899,2.28922090967352,0.345265713909826,0.122171712330783,0.001622216644443,2.37939854279146,0.375664109008627,0.0658666805141302,0.0010362710499329,2.56643838462981,0.323851275277621,0.106012861651192,0.0011224626819953,2.66391267155203,0.349851730086527,0.117822654966077,0.0011136381940401,2.25859809429585,0.295453475268847
0.027402139495328,0.0016388271426902,2.41576720602604,0.383353773232988,0.108324060573602,0.0017039074244555,2.67058673164695,0.432123386828293,0.011647730358484,0.0011471789998831,2.69478788098325,0.35778181788924,0.0793336979092858,0.001131644076448,2.86510990767612,0.377810740842302,0.0642452462624119,0.0011267110825199,2.46844751736576,0.324794201837139
0.180293349687671,0.0016247290394629,2.41789542839857,0.382037568437752,0.258050740277407,0.0016155517064464,2.49273783434623,0.392749031940255,0.18330262199928,0.001137310327624,2.72294245186794,0.359961490092587,0.235843626717835,0.0011101511257379,2.71064920031176,0.354031948509385,0.166478089906477,0.0011202171610496,2.35084363547688,0.308427391425301
0.117440571287284,0.0016281622298837,3.54587173176403,0.560854160598041,0.0909802090854921,0.001706333433078,3.73542015749827,0.604852520621458,0.119947943380143,0.0011397135609186,4.00370792984733,0.529832180760239,0.0010480238044548,0.0011084690541433,3.95244597240199,0.515829072149944,0.0495567366381468,0.0011463700726004,3.37241178274447,0.44759075187808
-0.147182910808947,0.0016634602926343,3.38573280057746,0.541298703529918,-0.110870498843415,0.0017492888048648,2.99318695515707,0.490730090600438,-0.123889090601807,0.001164422204844,3.86641728924328,0.517180390959136,-0.073493074566578,0.0011659400853505,3.26723451702191,0.437317153004577,-0.0794021318009268,0.001146004232372,3.30791471383774,0.43896056007186
-0.209577789690166,0.0016434900390041,2.49111609340761,0.395872735600296,-0.125423340614161,0.0017214548139432,2.4788719751644,0.403162377873241,-0.191622878643553,0.0011504430273028,2.75953783109925,0.366899396228631,-0.0686570218757857,0.0011961484982614,2.69243675915365,0.365019568694293,-0.19058595183406,0.0011780117259653,2.33302609799153,0.31388639371094
0.0469002979690683,0.0015411209324301,2.57291878295501,0.39593375048383,0.0679130863009098,0.0016569276222468,2.51304716642346,0.400987186926083,0.0392089104999489,0.0010787846527011,2.89245023328023,0.372401448618977,-0.0183461859066574,0.0011574308584716,2.68250280858481,0.357738597910899,0.0407021193609014,0.0011115076863886,2.62964706272466,0.343662215492788
0.101632048909386,0.0017001196748231,5.12732798705907,0.828722123328523,-0.234910106713735,0.0016769031784783,4.53146403407762,0.727395513452963,0.106638498799517,0.0011900837723761,5.91345529653629,0.799665153409364,-0.306919926904628,0.0011252241964434,5.42927324705202,0.713903181725619,0.0425430111700272,0.0011593638592357,4.50831116718875,0.601730256494623
0.193482104516699,0.0015857110346788,2.55165070028557,0.398300942146802,0.159497636996048,0.0017566616742523,2.59250513539375,0.42593347658523,0.18585200159926,0.0011099977242751,2.84038540828147,0.370950878381446,0.115704375257654,0.0012143933023771,2.81483764269152,0.384513080656334,0.194242888996293,0.0011376799296745,2.58806713913886,0.342187131758936
0.306588219169814,0.0018254337276205,3.01194609693223,0.50443860641532,0.191522171545701,0.0016885134532863,3.20778891930434,0.516697228644857,0.275195417865391,0.0012778036093343,3.41016135217211,0.477842825910702,0.237522893886334,0.0011416262259316,3.46084179147336,0.458375927407786,0.119945732789516,0.0011655341455477,2.97626284175973,0.398301433581404
0.0903755409019521,0.0015451735887967,2.9964704348307,0.461717910752438,-0.0276518105751578,0.0016067562336675,2.94292187321745,0.462414896572415,0.102671908561876,0.0010816215121577,3.4069643362808,0.439221238554222,-0.0192891393035691,0.0010767746976118,3.2528704359274,0.418415026549401,0.0132483728119857,0.0010952819354391,2.82039694288607,0.365890627044496
-0.0147431503522525,0.0014669923112286,2.38865776451355,0.358629438357494,0.0817682616442778,0.0014805413999295,2.48913556980627,0.375436865730781,-0.0165130314121435,0.00102689461786,2.63218078528853,0.330641026056219,0.0778495896907834,0.0009839549480039,2.79141383310162,0.34323369847418,0.109179997628515,0.0010524253276318,2.40069027036738,0.30528809201281
0.0011235157919648,0.0016226755062059,2.89234547624991,0.45671375652975,0.169545717927579,0.0018116302394473,3.53124315762589,0.589169818348917,0.0178362043083148,0.0011358728543441,3.22084841054235,0.425513391241909,0.128812434805142,0.001173947182299,3.8268633686668,0.513978937602693,0.113915139254726,0.0012199860135697,3.23440045906885,0.442842508860664
0.0369467055486029,0.0015277121906141,3.15600494854789,0.483544596227342,0.146245249443261,0.0017372231178897,2.61512918351657,0.427266687739872,0.0382974958793978,0.0010693985334299,3.52302506179571,0.451610063919616,0.134631368576104,0.0011471162240369,2.84161843311933,0.377265905867501,-0.0023636030018318,0.0011073556022246,3.9484798253705,0.51505257598285
0.0834817337699032,0.0015730475644499,3.68008871132857,0.572146574084434,0.0733124021344656,0.0016481420815914,3.84702518935498,0.612210030418152,0.087245011171474,0.0011011332951149,4.23817849398673,0.551286398286292,0.0227041870716145,0.0011485994291686,4.11792033882667,0.54706675748826,0.0451355373361758,0.0011208674149146,3.38084280290896,0.443690557928726
0.197745628815386,0.0015891117149871,2.5482629545164,0.398198428767202,0.159795827447064,0.0015634069516449,2.599567919041,0.402916706018089,0.175420040553832,0.001112378200491,2.8509071398331,0.372724029823905,0.179683600879464,0.0010793054447058,2.8417493673843,0.365962042354782,0.0793601708198841,0.0011013509964076,2.39709909682242,0.311836501527142
0.0126674690132259,0.0015275422198863,2.95379521082981,0.452538027965051,0.0943690942463435,0.0015177466315419,2.35374451407236,0.359448806826915,0.0321493667208143,0.0010692795539204,3.39032118596523,0.434574822567707,0.0908931601505898,0.0010642853568752,2.64846448984531,0.338689150287874,0.0657858876645382,0.0010694114112311,2.64841429911436,0.339497372680032
0.0838010764187121,0.0015280409811518,3.05568711011472,0.468224861479399,0.0115283189641919,0.0015993212440764,2.87887992982337,0.451304321080793,0.0663073086146198,0.0010696286868062,3.37247293076876,0.432357582784362,0.0631421805870341,0.0010940593434388,3.02780283855892,0.392578144658893,0.0952169019408891,0.0011320098735294,2.77998322533892,0.366644664531441
0.121372643348843,0.0013954096065483,2.90620287445289,0.425554188035584,0.161344741754024,0.0015495996495071,3.13143021394437,0.483204064832556,0.105628050822133,0.0009767867245838,3.31350612712153,0.405943637500237,0.198399065695868,0.0010490809403741,3.41134725181934,0.433120275810588,0.127942947361579,0.0010102587036403,2.81618463262554,0.350877492994567
0.197214667452787,0.0015870307159862,3.3678525816042,0.52592501264181,0.231570233190444,0.0015920135167332,3.48885842176497,0.545675943629922,0.17522706438096,0.0011109215011903,3.7872374283662,0.494814372191061,0.167024867567601,0.0011194422553206,3.84553886218899,0.504354777838635,0.11395604711556,0.0011383472886224,3.14487141386634,0.415928201640663
0.218913269352678,0.0017505167994429,5.37939584054856,0.882256224348418,0.317019993032309,0.0017421969059253,5.52478145794992,0.903944588503772,0.190654797253213,0.00122536175961,6.16415950976592,0.845832009735174,0.341442583148773,0.0012149289672401,6.00172523572871,0.820029808172863,0.222445921969929,0.0012102005400995,4.74204045730475,0.646654066199549
0.133430474587463,0.00153000283795,2.84087588115751,0.435588559312381,0.028880093954476,0.0016835083597722,3.17631926566572,0.510869381146808,0.139677188001438,0.001071001986565,3.18931613782682,0.40913892079398,0.0268299940084654,0.0011139174467424,3.57588187587621,0.467829661697807,0.0765021999486267,0.001104003234177,2.8764414623804,0.374644015605831
0.0564183572105573,0.0014183858579117,3.06835859609884,0.452982471237778,0.0736022662682256,0.0014385101983376,2.70837039255811,0.402663826949562,0.0575924796271867,0.0009928701005382,3.42946968461652,0.423595434953945,0.0346742774808414,0.0009950575342892,2.90809576551976,0.359592716779889,0.0064063978861508,0.0010400684238198,2.89196734562759,0.36559683495152
0.171052033137286,0.0017270064891767,2.92721143289955,0.476847120143449,0.228629720839183,0.001804804420853,3.64215127078466,0.606528397566815,0.180074451068664,0.0012089045424237,3.29804177650054,0.449500567094089,0.168286539652356,0.0012893452628412,4.01014924145682,0.564447087897282,0.211487864213274,0.0011958135313405,3.44616776969617,0.467139116221877
0.38863757924612,0.001484089192529,3.51121986202494,0.53023221753957,0.375860357196444,0.0015398605721189,3.61198885902913,0.555603775591447,0.40700286550578,0.0010388624347703,3.95465980470243,0.499650397963067,0.303663846716755,0.0010357571030377,3.85186379365636,0.485934762430738,0.268033438237957,0.0011018187710661,3.17267976515952,0.412818744686109
-0.0486021717164135,0.0017688290128322,2.65350937109688,0.437463314301607,-0.0331631830611855,0.0016050467193977,3.3032462320441,0.518755690917834,-0.0345061197728621,0.0012381803089825,2.97052892193717,0.40973571224143,-0.0175847614683904,0.0010505386298694,3.69859513528763,0.469916716002113,0.000262833818228,0.0011560214411679,2.89470172369788,0.385802334289174
0.243441328405447,0.0017893373426408,2.40158525846527,0.398219211924683,0.102136260679867,0.0016762340461863,2.5479836588978,0.408923485398758,0.236258629002354,0.0012525361398486,2.68962181873298,0.373133669103155,0.0591256614353099,0.0010227533946629,2.75088677161029,0.344854792966244,0.15419909375546,0.0011646604805076,2.41840100852278,0.323523678220929
0.0525955413010371,0.0017088298953985,4.09828862820183,0.664094745965454,0.0687790238082356,0.0018143152993934,4.12518502279331,0.688775832554821,0.0572776407447739,0.0011961809267789,4.68111578212966,0.634637757010767,0.147731626204069,0.0012353870025882,4.54907900061436,0.62676260882245,0.107800166708353,0.0011831835550265,3.75459180902952,0.506252146295861
0.0280545018161425,0.001612314340033,2.59945126736043,0.409151949686972,0.0604132018402267,0.0016495763604648,3.03944717422022,0.483903650672935,0.0233420400394033,0.0011286200380231,2.92986954590721,0.385833780758414,0.0405780830595587,0.0011607359611507,3.41858204196136,0.456552592717889,0.0711874881041311,0.0010852328528509,2.79679301814023,0.361160195747668
0.13131099559202,0.0016110790842525,4.53901062443915,0.71416360777925,-0.051229182394592,0.0016005502056729,4.00263342089826,0.627709287913056,0.11315013935805,0.0011277553589767,5.17178243917509,0.680809776452173,0.0411565125896363,0.0011465185825025,4.52842850688028,0.601057680915247,0.0320160964001279,0.0011052814447799,4.45293364324468,0.580310929000833
0.0535416596458658,0.0014634935620405,2.59846392021746,0.389663911603801,-0.0994180442743633,0.0015792455706379,2.77840780149879,0.432811618129165,0.0722083255915518,0.0010244454934284,2.89266320749443,0.362927925731924,-0.0815684017365928,0.0011121720166606,2.94409364030621,0.384871442512352,-0.0556085910859394,0.0010548000916163,2.66131492837956,0.338812509037578
0.142724388056803,0.0014796948743648,5.50726385219779,0.830424312005159,0.0533578619416391,0.0015464327311571,5.42052821345315,0.835574566919775,0.134396931338602,0.0010357864120553,6.30485577825004,0.795405057480043,0.0020719763790413,0.0011044133120937,5.83454890710452,0.760065793450032,0.166414660263514,0.0010952415609948,4.90446344954653,0.636245240792204
0.270074707141038,0.0015917616036882,5.34102394328989,0.835298350525839,0.329937381592496,0.0016035077977514,5.55773500443062,0.872391570100735,0.262040124459372,0.0011142331225817,6.12611094767847,0.801587575037704,0.390591728061235,0.0011254984281476,6.38763388862092,0.840021785506459,0.271734463164189,0.0011080715000658,4.68452333544217,0.611261982700311
0.139615138004853,0.0016642050818853,2.85341142269311,0.456295204037959,0.288837311873893,0.0017411834934503,6.10515497082836,0.998612619032528,0.132214708481185,0.0011678786830567,3.19591913378168,0.428127114950865,0.295509083689274,0.0011767861218778,6.73046478887385,0.905048623579326,0.36130880328429,0.0011516423976323,5.1634910204509,0.686879152513807
-0.179147930142158,0.00166573214166,3.64754835424547,0.583554909968507,-0.246931541357177,0.0016403301021827,3.40297623096111,0.54025977049162,-0.16076847388947,0.001166012499162,4.10753583704701,0.549807995038132,-0.227238580650778,0.0011504607833069,3.7372554716402,0.496897466730858,-0.102485093292401,0.0011754068884532,3.21539650657535,0.432122358763487
0.0971259767963227,0.0016586161372293,3.82014972740679,0.609861777119231,0.157889784018435,0.0015821765666129,3.75767931288678,0.585902396689113,0.105299384781844,0.0011610312960605,4.38468940125018,0.585650993749293,0.115880119910298,0.0010298730171102,4.42721773759416,0.556930251062649,0.0490919884960109,0.0011098808893358,3.47873170716908,0.454294217638345
0.0148873453796657,0.0015432987181722,3.05076867555983,0.469799297404983,-0.0945516388434533,0.0015311040593238,2.9027696966827,0.445238818146689,0.0061880729443209,0.0010803091027205,3.4611910245556,0.445941277111531,-0.105590943804601,0.0010789837984581,3.37907759804346,0.435094620388713,0.0119765740963658,0.0011284815867357,2.73719275176972,0.360438112326519
0.121340282971557,0.0017929362962466,2.541775746465,0.421888558535348,0.056905886913696,0.0018524001007412,2.41619179322179,0.40764009068655,0.107108063660507,0.0012550554073726,2.87052540931808,0.398630873973974,0.123895528576687,0.0012427775781616,2.63086975812471,0.363558363678824,0.0466470300262456,0.0012236376801749,2.40511840815433,0.329792648160672
-0.313933160251149,0.0016301392375381,4.75241713682832,0.752150918946951,-0.114470600691735,0.0017183708969182,4.62031395436475,0.750771932596116,-0.323010689657185,0.0011410974662766,5.44071000346669,0.720435384611607,-0.10382300006325,0.0011963098430798,5.24846426650893,0.711593822835532,-0.191595849716276,0.0011316980346539,4.19535266946186,0.553237795176445
0.24377844227035,0.001667384963775,2.46646328667831,0.394794126098742,0.0559070105440258,0.001725794432473,2.35754099766131,0.383912163713064,0.223416968548062,0.0011671694746425,2.75918298837904,0.369509450944011,0.0420062468971513,0.0011850273390931,2.67888926136446,0.361490620220414,0.119440438339442,0.0011157240278187,2.38693376877675,0.312533696281229
0.179273801529062,0.0015687994041184,3.51903945178068,0.546368848996163,0.131202995873895,0.0017234178351299,3.45408759675905,0.562091121438155,0.187529708553691,0.0010981595828828,4.03049487815538,0.523563290061297,0.105179370378766,0.0011249308291686,3.7304022229771,0.490452166612425,0.158241656507841,0.0011526134018546,3.22620917705925,0.429350963074305
0.0653990220295041,0.0016136120423974,3.41443669981589,0.537646367115199,0.0975765876582825,0.0016526747107716,3.43268606334351,0.547023349282742,0.0693890096668768,0.0011295284296781,3.8696097808898,0.509792969636866,0.0510030921064778,0.0011408918919383,3.81605577044883,0.50526015002792,0.116200682909872,0.0010883217277463,3.23469906369272,0.418302653335195
0.180744116891763,0.0017329030327795,2.94214197890909,0.480096836427303,0.159065106104413,0.0016555136023597,2.97276503712683,0.474138310650938,0.179224511178876,0.0012130321229457,3.2467001165083,0.44325782813707,0.0886600896022155,0.0010934483054664,3.32492360280747,0.430981755229447,0.150281362678953,0.0011596888221227,2.8453418982219,0.379824768006769
-0.107646362692716,0.001728353082409,2.71789628784328,0.442921948116215,-0.289166761950789,0.0017445031636361,2.65632036261749,0.434905018187594,-0.0986960638553494,0.0012098471576863,3.06118633657739,0.417381415096188,-0.301988778354879,0.001188482540534,2.99049794293962,0.404127121729712,-0.176964096375422,0.0011800002025255,2.58176628381092,0.347645052011164
0.139959457670449,0.0017194701182152,3.36400033746146,0.546803686398453,0.120049299123536,0.0017196747293434,2.5894629443095,0.42093102987546,0.1331732966127,0.0012036290827506,3.82591307091722,0.520306823282391,0.0763440192796036,0.0011901824504993,2.87624007538498,0.388964522348729,0.115821440092347,0.0011091705123445,3.0508547887241,0.398289430273891
-0.011530895045808,0.0015515162671281,2.87058097965137,0.443226844767368,0.117171650234522,0.0016212080899887,2.72355142726911,0.42986595231364,-0.0111121812697139,0.0010860613869897,3.21730532496494,0.415621065263408,0.116121900655013,0.0010851985054328,2.96113269053938,0.382375932448163,-0.0411566219607717,0.0011277065150163,2.72353736764677,0.358516765572105
-0.0478033116944777,0.0015252596462056,2.6792893653108,0.410175387549717,-0.066062214402133,0.001585668608629,2.56241512060628,0.39997586783661,-0.0542834497235893,0.0010676817523439,3.00895740515387,0.385402951928772,-0.0221187115284668,0.0009878142201675,2.8702678602029,0.353621084393701,-0.040190782163789,0.0010918723052693,2.60347014962783,0.33722255498277
-0.188946409956561,0.0015728729656054,2.71563319936141,0.422178410098086,-0.221057185103023,0.0017097606212595,2.83659779888175,0.45977304181614,-0.177413793039603,0.0011010110759238,3.00165663716308,0.390422593405004,-0.180753492566671,0.0012083030873406,3.05638096350247,0.416460211460345,-0.100113455031629,0.0011436644626751,2.61160520813639,0.346206267574165
0.158290799910456,0.0014484913313432,2.79600156806798,0.417131942199269,0.120306364732296,0.0015156083489143,2.4475882055187,0.373516621686546,0.149390703128186,0.0010139439319402,3.11288618162826,0.388551239319304,0.157803584153343,0.0009797380352144,2.66398316228289,0.326862084847294,0.104605590913077,0.001068565593812,2.92471585302973,0.374767877462499
-0.0350995920811858,0.0016858122993747,2.85756476675829,0.459916275007353,-0.0600506434359898,0.0016892992508205,2.49374215642761,0.401775017294153,-0.0348539029599627,0.0011800686095623,3.19109513759359,0.429706049597069,-0.0751839962880419,0.0011191959564097,2.69796897596069,0.353808371253927,-0.0238703612958406,0.0012127577687405,2.61533753154971,0.357020262990181
0.0968875208596097,0.0014206910501039,3.67815305922962,0.543447639320617,0.170433984953203,0.0015538871494907,3.67951879326353,0.568563334766799,0.0858268398559238,0.0009944837350727,4.2190854074419,0.521549154767455,0.197027238539861,0.0010852609528241,3.91397153191835,0.505432120342854,0.134968737315261,0.0010185951268586,3.30532510807155,0.413516712393665
0.0677507290272037,0.0014778981271277,2.75517710495661,0.415192841386891,0.0770643401453907,0.0014721906708836,2.75537300738318,0.414419819215477,0.0524912383992132,0.0010345286889894,3.10610180404472,0.391620161270431,0.107667344064283,0.0009792287343631,3.11231733158365,0.381771964141453,0.0709170687746031,0.0010410230331728,2.53445253005357,0.320547517156751
0.340808721474013,0.001558863404964,2.8416450580278,0.439796681547633,0.240398470615152,0.0015160578331068,2.91138968511094,0.444361383240456,0.343217577264374,0.0010912043834748,3.16290044358613,0.409559175272051,0.210137247253869,0.0010188633050548,3.23847824320437,0.405207085591815,0.269146117676736,0.0010720025407425,2.78845193947253,0.357881424729721
0.299869043169005,0.0016923602820976,2.98802119556147,0.481845905255575,0.327648918441101,0.0017531437528745,4.21251289896766,0.691397961337476,0.256338653619007,0.0011846521974683,3.31658535329722,0.447470796840312,0.179458589374902,0.001220640014723,4.82914751435156,0.661366754292058,0.301922318203057,0.0011700256837309,3.71012922014405,0.497467622643854
0.0003789239779784,0.0017462825324669,2.9234620963394,0.47888673684922,0.0224113230012859,0.0016909815063859,2.86260791759117,0.461433779162652,-0.0126102437110712,0.0012223977727268,3.29582946480886,0.451698963160758,-0.0116211404451436,0.0011599467499524,3.17296312550665,0.423606034135015,0.0713692416091109,0.001174965151491,2.75825775703354,0.370617078168101
0.0747832529310638,0.0016178914651136,2.82334934097275,0.445161294480334,0.209205598340287,0.0016856075632389,2.82894304749188,0.455282048432975,0.051230236558742,0.0011325240255795,3.13675514370668,0.413792312019213,0.167977167144395,0.001202715358042,3.09163132081773,0.420288215988861,0.130376111841849,0.0011779661239216,2.75638990715184,0.370838775416854
0.120687840990272,0.0015369756469975,3.78317254848111,0.581390230170272,0.167648538881835,0.0016310965849963,3.96855967913833,0.628276537331325,0.118972844030661,0.0010780245137784,4.29823111718483,0.553199996796138,0.18338932935402,0.0010048905730543,4.54954560498954,0.565334507911618,0.197299065767125,0.0011168747817111,3.74726756112968,0.490902261380672
0.124361102008058,0.001679165555086,2.97340760913121,0.477616469070233,0.114113127620883,0.0017687500409433,3.07043678600997,0.506187572745076,0.131310912106268,0.0011754158885602,3.37359583963903,0.453384759848083,0.148567073544102,0.0012125779107612,3.48953551111831,0.476321884154557,0.103573255680017,0.001168445884341,2.80372039094176,0.375679146415301
0.0886489687128152,0.0016143440245586,2.53884013711803,0.399863246302506,0.135474447679195,0.0018620623561437,2.57778760348095,0.436035980689164,0.095551488089038,0.001130040817191,2.82071321914632,0.371692746304434,0.0949830267577506,0.0011664588035487,2.88248050692694,0.385903900584999,0.0344363390953976,0.0012128675418143,2.47681654286547,0.338126036148901
-0.0781881711110633,0.001493493124772,4.7551320694547,0.720347882871488,0.104559774448227,0.0015712578063055,3.62515937180038,0.563285945009961,-0.0646102809542193,0.0010454451873404,5.42353755567261,0.687402919540585,0.0592087860196219,0.0010912156716694,3.91144371457368,0.50648952642113,-0.0044318018718029,0.0011138539067252,4.31961294246344,0.565115262318943
0.195806959143176,0.0016326422000324,2.7448198006073,0.434747840638519,0.038246487444176,0.0015947590193948,3.30147957083391,0.51681395798122,0.199370944617496,0.0011428495400227,3.12843810599049,0.414572206265789,0.014365197379132,0.0010746902296924,3.73112278274361,0.479467614168199,0.0825102019363886,0.0010840844176846,2.99012042899447,0.385920916822513
0.0112290869369692,0.0015932107508345,2.86801108513932,0.448740767537232,-0.0393673873010284,0.0017619855613218,2.81325845706398,0.462901824361729,-0.0032500525585174,0.0011125869321224,3.2007072765675,0.418495720395169,-0.0342410467094965,0.0012129607776048,3.03265192781043,0.414022585021394,0.0306905965389151,0.0011855811344216,2.76352633768091,0.37299871413297
0.169212201726515,0.0015873745969251,3.7187822866371,0.580789228626752,0.107468735716039,0.0016565757221516,3.72403339834017,0.594151639771609,0.158987839130305,0.0011111622178476,4.28312257696996,0.559663936873576,0.0418516547258097,0.0010954122010874,4.31473711203791,0.559784944476656,0.106201823242788,0.0011826100291772,3.47360395055086,0.468251487401769
0.265558343247866,0.0016973006697532,3.16935150748552,0.511832532703697,0.118923567340316,0.0016749079336044,3.11609603114722,0.499901442266645,0.254536862666725,0.0011881104688272,3.56658579962124,0.48190249417911,0.127290462344274,0.0011337892367542,3.39181228451501,0.447688625558839,0.139793775502274,0.0011404953005698,2.89181570654627,0.382820731644092
0.180603007929742,0.0014950914369611,3.01248914484455,0.456601626705721,0.0858551850735808,0.0015862846474226,2.68482519467439,0.41916466183864,0.173798382277228,0.0010465640058728,3.37837658488138,0.428419314652091,0.0482834037987001,0.0011023977156315,3.04662959518268,0.396521641641728,0.147708534283694,0.0010831122423524,2.96461932431556,0.382458003991675
-0.0583160712657762,0.0015436963314578,4.37649199968863,0.67403921110512,-0.0076521492012476,0.0016073811683942,2.49831202028972,0.392630652881068,-0.0905079681412722,0.0010805874320205,5.01641387971299,0.646400083008142,-0.0106348747703171,0.0011584878088772,2.78727940197707,0.371881287626355,-0.0978979350123049,0.0011355063014246,3.99830935089394,0.5281402341357
0.147045674701645,0.0017123990654284,3.21031085012497,0.520748064380091,0.191406638684863,0.0017589957606113,3.21375054802082,0.528351137509421,0.136250711240604,0.0011986793457998,3.63932907751689,0.493913532270429,0.175655080954558,0.0011460263396293,3.36767282107722,0.446894776317142,0.146797995592024,0.0011637802293728,3.11202051191913,0.416155870160533
0.1813454029029,0.001570450379276,2.58578559529627,0.401682311792573,0.210196887117053,0.0016233735753549,3.4133634835119,0.539100656801798,0.16569099665545,0.0010993152654932,2.86034310776611,0.37175545285725,0.251284247558075,0.0011181202086794,3.60583096125596,0.472636979942904,0.218904441302566,0.0011185161797079,3.05128887003699,0.400020775008174
-0.13373185805888,0.0015166053435535,2.786222885147,0.425334129552192,0.0264573093710686,0.0016600114135162,3.56168177934331,0.568838180059254,-0.119971661418265,0.0010616237404875,3.13830232652686,0.400828115040555,-0.0468372690493614,0.0011435919571329,3.97635260942895,0.527106682408968,-0.0827735401355573,0.0011112298249343,3.41689574810309,0.446490023811534
0.0828966125432285,0.0015601297939499,2.46929077900139,0.382323230062024,0.311477877976851,0.0015909561568592,2.45989233957651,0.38461240944403,0.0807232756952609,0.0010920908557649,2.75545321080696,0.35694435074085,0.34162011780334,0.0010577260226563,2.69112676826463,0.343082714354721,0.156098558255877,0.0010527811894599,2.52241305002172,0.320821414731687
-0.137611483953015,0.0016663029527482,2.54582669697974,0.407365180591355,-0.043011375309931,0.0015391032506808,2.25621682820528,0.346970697013551,-0.116348473093015,0.0011664120669237,2.88254414867999,0.385904689611937,-0.05634790281155,0.0010585609673977,2.49901079607337,0.318716213444471,-0.124943405988853,0.001114664686084,2.38469973771498,0.312092916580391
-0.0745391600963803,0.0017117494255482,3.82543368688923,0.620410101028609,-0.0281296259056621,0.0017331474398582,3.80032140953041,0.620177734165767,-0.0505129599780372,0.0011996808124927,4.3245366707173,0.58715197663075,0.016081598433806,0.0011513903976874,4.34113289234779,0.57742085986588,0.0347523015268626,0.0012254416089369,4.47760306489082,0.614426571658969
0.0079882381298948,0.0015891503835316,2.67413623437902,0.417872810355564,0.0661620718929143,0.0016316241714834,2.6212495013715,0.415046267666245,0.0063049451870998,0.0011124052684721,3.01351867737851,0.393988452094165,-0.0014481605300952,0.0010691611601911,2.89634617022833,0.37123604807821,0.0127519343178018,0.001108657578898,2.51132625234591,0.327778103719911
0.201043619390788,0.0016678697424579,5.53409103407544,0.88594232583913,0.273432847244441,0.0017137265956524,5.40157805879095,0.876535503364843,0.18732593589187,0.0011675088197205,6.35443515051598,0.851108883707573,0.321056802457315,0.0011708489250885,5.90306704608173,0.791783110081933,0.233734059991174,0.0011321763667192,4.79714623690093,0.632729505503208
0.0283309433621563,0.0015535487698712,3.07793899621405,0.475554768049628,0.107455479310336,0.0016132796628972,3.19494493578832,0.503032788283638,0.0174781305768314,0.0010874841389098,3.50457221171352,0.453027499773961,0.125802187404489,0.001087807505424,3.62584238851587,0.468773479695933,0.046073158540593,0.001121066088204,2.87718465729691,0.37762560162799
0.12033882290608,0.0016075282153881,5.58114454715019,0.877163717425961,0.211984138356554,0.0016081612588402,2.37072607802009,0.372669852474591,0.148143737402007,0.0011252697507717,6.38879560759005,0.840089203118846,0.128514392771241,0.0010471581519125,2.57382369289912,0.326484840006391,0.124181349408409,0.0011149965029813,4.78614468436266,0.626470553698076
-0.112618678270031,0.001645434941975,3.1020835089481,0.493255491986547,-0.067653862627312,0.0018313455932522,3.09182064752771,0.518653763589396,-0.116236638918141,0.0011518044593825,3.50903043374629,0.466825530442179,-0.0522692851210468,0.0013020824612081,3.26680855208199,0.462084089436536,-0.0556426740237136,0.0011383809347033,2.88966628647574,0.382181433111871
-0.0309612448101159,0.0015533021777407,2.40837152979496,0.372074191620221,0.0601005093070134,0.001665103904173,2.3759962534856,0.380053299896593,-0.0489956334277384,0.0010873115244185,2.63845328234814,0.341039349309884,0.030963905023796,0.0011379110915811,2.56778339062727,0.339539760015402,-0.0085870011846075,0.0011340475122459,2.49106393471789,0.328835416337252
-0.0093103647871877,0.0017540800629018,3.19626034099109,0.524740927969825,0.120245681383104,0.0018571412216701,3.28287701032062,0.554568457367829,-0.0086658758542849,0.0012278560440312,3.60825577090549,0.495620347372882,0.129105351163364,0.001251070972181,3.84594580444958,0.533239386999515,0.0402676402503696,0.0011949157394423,2.91178493642378,0.394553611042749
-0.0789700507032678,0.0016337073577541,2.7580653809276,0.436988266791799,-0.226492803383301,0.0015307748369152,2.59831982212676,0.398498187554752,-0.0892705709910909,0.0011435951504279,3.10805405507852,0.412005299817679,-0.217889862502499,0.0010813236659219,2.93831804452451,0.378751832642199,-0.0599235133885846,0.0011331844292338,3.08038987772899,0.406475218779947
0.0309158111945888,0.0016064014619651,2.4379601266668,0.383029065057901,0.0178377207981652,0.001621609721751,2.6432195079364,0.417238607452159,0.0414966805633173,0.0011244810233755,2.74395759531753,0.360687878683657,0.039124104886071,0.0011006305121938,2.86271777610068,0.372286592315851,0.0206578738473364,0.0010996208739271,2.68004473889069,0.348370697683023
0.189769347982293,0.0015632884371179,2.78201143067541,0.431177961130864,0.16599534293295,0.0016386254250589,2.79160208008375,0.442967072411636,0.163384049831036,0.0010943019059825,3.11814182588943,0.404336110699452,0.18982396436736,0.0010890093387753,2.95512663689305,0.382269796428886,0.118671038353137,0.0011133163026475,2.65364582537145,0.347080591837669
0.0708333405227989,0.0016138502440548,3.37953368319369,0.532189721053733,0.102507495615369,0.001596569882637,3.64342741594942,0.570666232147373,0.0680205757439757,0.0011296951708384,3.79613890589173,0.500150627810583,0.0952877069236055,0.0011155640666391,3.97743568208269,0.520749079100117,0.16083121729257,0.0011066544819917,3.46784011047153,0.45221313824243
0.0046254336775841,0.0017773792715199,3.08637118572934,0.510054164578671,0.0443399917246812,0.0019112848302305,3.78426045473744,0.648517668255596,0.0069302815797558,0.0012441654900639,3.48127067513628,0.481343325345496,-0.0116883703023074,0.0012091974755181,4.3533100796084,0.593398309823807,0.0624952951127434,0.0012938089418931,3.4923838295852,0.492419371556246
0.0256487196944314,0.0016967753304732,3.31952865602865,0.536002332273743,0.108264434656417,0.0016447171668809,3.14492629704579,0.499958747495859,0.0025811718321372,0.0011877427313312,3.73758830086879,0.504929493483341,0.11907714348517,0.0011950890521501,3.43242677373564,0.465135515691298,-0.0296589594426495,0.0011334138930277,2.97553124548718,0.392678268791065
0.143853208226592,0.0016056069414781,4.60033366467823,0.722581831702917,0.118277972882658,0.0016042322407576,4.41139414245341,0.692608104319055,0.099434683460994,0.001126362907318,5.15622755042762,0.678342975034826,0.192422695457873,0.00107470746722,5.04819352617876,0.648722879980593,0.134035788072088,0.0010921841440405,4.10229090760162,0.5314378406243
-0.0558032059793576,0.0016820382399256,2.50982020265188,0.403495439019985,0.0210945000141572,0.0016958107778443,2.96444286427044,0.478530767775864,-0.0524265795194687,0.0011774267679479,2.81444202155161,0.378562286120712,-0.0035809850533683,0.001153280515104,3.30416229213826,0.439852368220518,-0.0010499885508598,0.0011790551971092,2.74641018912169,0.369666892543047
0.271925083548367,0.0017335776918143,2.47709526544548,0.404289489361955,0.055798124859217,0.0018056492288824,3.57330717199575,0.595203026838822,0.256384810771103,0.00121350438427,2.76993458700374,0.37824071403387,0.0406336875429118,0.0012196388486759,4.20170762157234,0.575200877370568,0.267059003915245,0.0011993481694193,4.94286236411904,0.671010386342635
0.0756583378009031,0.001649259031895,4.40526028086037,0.701284266736157,0.040295530333833,0.001718357023798,3.41252722037075,0.554511952952885,0.0636827884373342,0.0011544813223265,5.05629167476628,0.673447369260329,0.0103067148305001,0.001218556745625,3.68513262089236,0.504259498631031,0.152763154526927,0.0011441170190505,4.12982853019071,0.547577166118013
0.0733755276370007,0.0017444996484582,2.36311434984454,0.386899587987124,-0.0164406033580346,0.0018463663068241,2.46625761381948,0.415408576672427,0.0628132942491567,0.0012211497539207,2.63197686013214,0.360532663119241,0.0041512612174981,0.0012449306337038,2.68498585064361,0.371357898020645,-0.0121110052037998,0.0012337100851405,2.40583850936772,0.331246361342106
0.291929861849304,0.0015706472962288,5.44679586135239,0.846171747996783,0.415412463317103,0.0016645893266843,5.61859412292847,0.898585280142511,0.278258277056855,0.0010994531073602,6.25258734492142,0.812692420734022,0.379945775838569,0.0011442303618775,6.20848759690365,0.823228956951497,0.251366760179898,0.0011379704382152,4.80407419969918,0.635262593568026
-0.0015409702615754,0.0016724994362935,4.09135876734645,0.655886422627647,0.0721714999430019,0.0017758629094391,3.16269531589679,0.522444498632309,-0.000951974300656,0.0011707496054055,4.64793526919863,0.623404837250917,0.041542125237943,0.0012624128132615,3.48887629675998,0.485919530331838,-0.0096717341729325,0.0011695675496746,3.70471378617814,0.496644240239121
0.0641895450617582,0.0015890349818402,2.6899767449843,0.420332858499871,0.0541788517101649,0.0017346755070347,2.60839705601553,0.425854176891206,0.0649037300339175,0.0011123244872882,2.99154320425368,0.391101169937669,0.0278505154495578,0.0011859006526304,2.84269972817438,0.383736604783204,0.078705776203201,0.0011449096873982,2.5017405390879,0.331822604488194
0.0422967653468726,0.0016671475741383,3.17220744542391,0.507722826613978,0.088957849366399,0.0017936905407698,3.01364397559521,0.500315306938368,0.0391312392742394,0.0011670033018968,3.60357230564874,0.482555610861949,0.0917445169300427,0.0012202344495691,3.20322986364547,0.43861939580237,0.0444794315912916,0.0011764786015765,2.87821103152885,0.38698375671309
0.0219656623293686,0.0017293188605984,3.19541277619602,0.520885889761571,0.0374264723705567,0.0016031282811854,2.98417308414829,0.46836694100567,0.0322602468350474,0.0012105232024188,3.58789655642969,0.489333060853188,0.0698835929881514,0.0011561302708399,3.34973117406185,0.446469121623952,0.0401258852525688,0.0011848035106707,3.11929830787527,0.420879877608921
-0.118035591188153,0.0016195350519752,2.66412077694701,0.420268821524467,-0.16893153043594,0.0017182079205617,2.68969102809549,0.437037133849462,-0.096158514771196,0.0011336745363826,2.98212901564495,0.39359421904301,-0.150960639423133,0.001197089971298,3.01633579163449,0.409092172978577,-0.116942881073118,0.0011424500471642,2.63707439623204,0.349396925234706
0.228652641314186,0.001549274120654,2.45648244501896,0.37901455200792,0.0005969253371345,0.001617473930151,3.02476761060577,0.476857640343669,0.204096541531336,0.0010844918844578,2.74626463674917,0.354514191048515,-0.0209833160104317,0.0010865436324445,3.21715421929801,0.4156938048302,0.0797443123827776,0.0011178068133441,2.83573748571248,0.371644309226543
0.0675836080395841,0.0015194655334752,2.63542878630868,0.402693666059824,0.0852657685026822,0.0016612376423015,3.33323734582027,0.532549777271342,0.0691183054920451,0.0010636258734326,2.94765946301859,0.376833793485157,0.0601567105007591,0.0011823294122977,3.83248886936393,0.516568875836346,0.0475360327781273,0.0010896471803157,3.07623346519283,0.398052475124598
-0.0280864101477986,0.0015532325384588,3.04305906107766,0.470117814024333,0.0479493366131587,0.0016264396812223,3.51540207175321,0.555740531096905,-0.0107233062577035,0.0010872627769211,3.43577190436368,0.444088646932524,-0.0170545561946239,0.0010950789317502,3.91413528093587,0.507734448557529,-0.0576552917027951,0.0010763603651919,3.13751531815319,0.403499304239341
-0.0356095238558791,0.0017424853345937,2.70514957194205,0.442643341212283,-0.285720156861766,0.0017611608297595,5.96887892613145,0.98190702052838,-0.0354361149190801,0.0012197397342156,3.08466660147544,0.422298854859505,-0.150950360567455,0.0011836854072961,6.26205791885602,0.844526562215745,-0.250874350466781,0.0011717986177649,5.07320447268431,0.680748893407176
0.0567538280665136,0.0015564638782348,2.40034036781769,0.371210659529681,0.124032948342611,0.001605640543865,2.4984707785059,0.392442943142956,0.041990611456443,0.0010895247147643,2.6977133889154,0.34905385370655,0.0868591659204981,0.0010594154847486,2.70545867344572,0.345185186033445,0.0655013234732767,0.0011154555621453,2.39158549561078,0.313105094658481
-0.0944067757918354,0.0016936505182106,2.46750973030781,0.398060294781983,-0.191646007236523,0.0017110567724409,2.81197944117834,0.455955477786874,-0.102333550643105,0.0011855553627474,2.77574632127723,0.37464399792899,-0.171796156459049,0.0011709871084207,3.14888163204753,0.422386937739557,-0.0467540512591734,0.0011344974725334,2.48242647632868,0.327760223882916
-0.0121316514792231,0.0015675249395204,2.76234354450701,0.428709399754635,0.0116314166587762,0.0016969405517707,3.64699065995625,0.588906098607861,-0.0126182994397428,0.0010972674576643,3.10877538284954,0.40366740295395,0.0381645007218269,0.0011863306908922,3.85792060927516,0.520875890404976,0.0271221296626403,0.0011459500621812,3.21572886072914,0.426717404072342
0.190238060682162,0.0017620176313706,5.55441624899662,0.913948310442937,0.0841154611166326,0.0017526231307911,2.73611158725528,0.449010153199741,0.193281566536239,0.0012334123419594,6.33073179899686,0.871537636931889,0.0911647918692192,0.001121805988667,2.99465870577664,0.393173553583724,0.0980559745689583,0.0011874023945484,4.89984902478483,0.661850262652384
0.129960874432835,0.0015773084499821,2.88497716336679,0.449136945811239,0.250046809451699,0.0017399729629966,3.05377302968897,0.499328197609904,0.126218540529519,0.0011041159149874,3.23777791497061,0.42172804054211,0.304004723769873,0.0011272514491292,3.32226251187498,0.437242565164492,-0.0208806143177987,0.0011535631783929,3.24539555221367,0.432082240048265
0.132387390699722,0.0015795695493127,3.19056119708326,0.497066554424003,-0.0597797904192684,0.0016209444077827,6.13253828364763,0.96783743230985,0.123618197398159,0.0011056986845189,3.60923333741355,0.47044780146975,-0.0464467944428386,0.0011557513176188,7.41900260374291,0.988680136347109,0.0646586641788243,0.0011198613541457,5.27074781930722,0.691404900271295
0.365116290287104,0.0016161570118731,3.42325276349892,0.539459480103451,0.268810496258563,0.0017213283029423,3.53100195725459,0.574259118323187,0.357241637121014,0.0011313099083112,3.89698809466411,0.513804568058023,0.170886796828029,0.001145879560238,4.28946176209013,0.569180973018672,0.303352651951186,0.0011017110071144,3.20844094361392,0.417451456581743
0.132380954232996,0.0016099066564145,2.94392619174464,0.463025972057737,0.0885758224716732,0.0014090893114295,2.78259762438762,0.409447059959608,0.131369330328344,0.0011269346594901,3.28478860350438,0.432249878596676,0.0225871791548806,0.0009523847739719,3.03658707834525,0.367341544884468,0.0763321783294399,0.0010581570791347,2.77546200460184,0.353906422362136
-0.0052580933501751,0.0015772593484437,2.96781526476108,0.462026096112591,0.070315909071121,0.0017562224745431,3.40051555844296,0.558615032073116,0.0020113736064188,0.0011040815439106,3.34488399069475,0.435672072534339,0.0361491287918937,0.0011559119625087,3.70707206369904,0.494050672057267,0.0123495991014679,0.0011313977398566,3.12512142718648,0.41205257900851
0.0314027555262351,0.0015807030575035,3.25821825795828,0.507789137529728,0.102385453981393,0.001674177100245,3.29169540324337,0.527956846699896,0.0275465624658162,0.0011064921402524,3.67609911469572,0.479335357884247,0.0819332479403948,0.001046191110196,3.58180932663935,0.454136137977357,0.0259145806907572,0.0011421215030169,2.9929930988367,0.396497046153488
-0.037707993322241,0.0016164928435805,2.11504563735448,0.333337921138142,-0.0085754154460877,0.0015463858421429,2.28002160124491,0.351460061515091,-0.0335507900620631,0.0011315449905063,2.32113452370537,0.306065452592142,-0.0260745889112329,0.0010520987475608,2.41912132877729,0.307584176054019,0.0117253739596565,0.0010987960492557,2.2867064192281,0.297130368946453
-0.0636893613179599,0.0016648228528992,5.2430564858656,0.838584126979658,-0.176053010871092,0.0017163022504952,5.32885379116091,0.865383832481568,-0.0686067382779894,0.0011653759970294,6.05178749263714,0.809831733132345,-0.154613318758712,0.001195572927667,5.62132920439067,0.761912577185358,-0.0347289655087883,0.0011814992107111,4.53316436744733,0.610796121945753
0.108779497241218,0.0015626751559214,2.82133722776948,0.437187201793561,0.131894098737656,0.001699467081056,2.65068544049785,0.428343970123574,0.100580184083256,0.001093872609145,3.18688295568231,0.413168852487382,0.0977994661055216,0.0011426994067469,2.8252165582772,0.374365509893409,0.0825801004744416,0.0011273483002148,2.58277462857018,0.339933257008662
0.0758295166908917,0.0016075441502216,3.36560295881835,0.528959500998213,0.0126120682792034,0.0015139199880965,3.33209531821883,0.508214397818282,0.0536504688516812,0.0011252809051551,3.84136771157106,0.505119858633441,-0.0187062916739033,0.0010371590758253,3.77526062501238,0.47659305695853,-0.0236575886960982,0.0011003193644551,3.11243801934697,0.404704633288075
-0.0666144136083324,0.0016373177831106,3.04834103161874,0.483512969577477,-0.146510011917169,0.0015426512963454,3.40983476097554,0.52498307784111,-0.0425272280485175,0.0011461224481774,3.40048057375202,0.451267330837863,-0.173491628809955,0.0010513377431813,3.67621329679105,0.467250652148309,-0.0980430053068695,0.0011156731736139,3.1536293820285,0.412911743989779
0.0647124822200263,0.0015748751009869,2.94897614550452,0.45874612054937,0.231050242148282,0.0016263363156031,3.08769307506804,0.488109646113903,0.0545463543216614,0.0011024125706908,3.32315566187893,0.432514677434784,0.169857777695544,0.0011322241775288,3.56169052639446,0.46978644327588,0.0970103862686231,0.0010602943939627,2.8295530836606,0.36116791762621
0.179631030327309,0.0016461166582746,2.51425500034769,0.399868979341506,0.063553493433251,0.0017814291598548,2.37233546405777,0.392498920212672,0.167619151480784,0.0011522816607922,2.81763419174574,0.374922945593189,0.048131522283552,0.0012240992743685,2.59823976194753,0.356340866407485,0.0780785634968691,0.0011894774975007,2.40950291085525,0.325749424576798
-0.062453023249073,0.0016607212651063,4.69904641701425,0.750647763586298,0.205846797095755,0.0016846656783011,3.53635956907781,0.568972619391037,-0.0547477741514066,0.0011625048855744,5.29352858213583,0.707490711431223,0.114207629504142,0.0011350171633846,3.78565604420946,0.499942955809171,-0.0391858289614479,0.0011330848809811,4.2851385798772,0.565423924265489
-0.0759237916227206,0.0015542504213176,5.09082275996279,0.786731538730452,0.155393670244556,0.0015853354006929,5.0992087355528,0.795868755956164,-0.0761750996824128,0.0010879752949223,5.75724924145974,0.744393607243416,0.092988341644118,0.0010702903505058,5.44320952603937,0.698045840606166,-0.040612259568668,0.0010678898231963,4.48724460152084,0.574805684384737
-0.0817211908139342,0.001650691931676,2.34394794944849,0.373300923485913,-0.161875109738483,0.0015949743973206,2.63703834753343,0.412830133530593,-0.0717326949331522,0.0011529941152566,2.60120038107193,0.346230594134994,-0.125332160670169,0.0010731364604421,2.83484261627567,0.364027769676013,-0.0545128883696107,0.0011306660073683,2.4489647392909,0.322795734043932
0.256604681159819,0.001628889746435,2.82633510249576,0.447144181498283,0.137837733145997,0.0016760927099377,3.168686802581,0.508518105445566,0.238982352501613,0.0011402228225045,3.19094308561686,0.422368974824082,0.095747230040002,0.0011434352265141,3.44346448398077,0.456435566762229,0.0862467065054356,0.0011346725707688,2.87333804107333,0.379402412052532
0.04293040409171,0.0015889124826914,3.01782524394011,0.471543933788591,0.0457179821706324,0.0017872048145397,2.81855145637994,0.467079941766596,0.0465987119452003,0.001112238737884,3.38522964368537,0.442552940162864,0.0248392223251935,0.0011766922747057,3.13703610890134,0.421821833885616,0.0313821530537468,0.001152446713007,2.97913147536481,0.396440653562531
0.063857070041183,0.0016955652779278,2.67648167097929,0.432015787128817,0.137774195958336,0.0017806504171424,2.79024805067031,0.461540942913284,0.0658102026248967,0.0011868956945494,2.96233678384971,0.400054164053045,0.12813779950422,0.0012020022757639,3.15299964762203,0.428503776544946,0.091673304133407,0.0012055645829618,2.82685510608391,0.3847484472943
0.230545167560815,0.0016116754158248,3.55886726468367,0.560052406550354,0.265367227895882,0.0017682386868115,3.16248328911433,0.521286850664755,0.23225212748626,0.0011281727910774,4.02105814664257,0.529427200800208,0.293362409415514,0.0011127008580196,3.39883041184619,0.444423273258997,0.31062970761415,0.0011435292091351,3.25736765919053,0.431785941423183
0.283501475549398,0.0016073912146717,3.41072325371934,0.536025393121594,0.456523607275111,0.0016656236633841,3.41235330475447,0.545909331706329,0.281712653729227,0.0011251738502702,3.85824873525782,0.507315491636054,0.538462224156858,0.0011286770762663,3.67822962177271,0.484397369983586,0.242523490110639,0.001116790781321,3.09319714962188,0.40520201668203
-0.0351204535757198,0.001540153840656,2.46034409614843,0.378491376218385,0.106492769730173,0.0018382210566353,2.44289304233186,0.41056451205962,-0.0369674993231451,0.0010781076884592,2.75386793274764,0.3544477854232,0.0899329421078238,0.0012973306522504,2.66719730102388,0.376581143088976,0.0180024016218864,0.0010845244859439,2.55714878187577,0.330106263481322
0.121432004719638,0.001606406946216,2.67533466382315,0.420323808008806,0.112292023467259,0.001626108755516,2.67176427446223,0.422329111914979,0.106867636541132,0.0011244848623512,2.9834179705024,0.392165147782853,0.0785941435704154,0.0011578482945164,2.8667773554115,0.382382388959991,0.0931939367962728,0.0010785716960582,2.61145308773205,0.336190026111477
-0.034818032016651,0.0016434005015825,2.92283405684096,0.464466027012937,0.0454150106782532,0.001612527828581,2.24432048091133,0.353277980055512,-0.0455033444219082,0.0011503803511077,3.24664683328862,0.431652105259716,0.0048245165357167,0.0010291997621129,2.46814863100807,0.310383934799427,-0.033883657148427,0.0011042292840747,2.671234820846,0.347952358200468
0.24655712574859,0.001676193366908,3.09599044435542,0.496866546480672,0.0788419751984009,0.0016242255193958,2.89242820663798,0.456944905395698,0.248791421341882,0.0011733353568356,3.50893960628617,0.471156361208017,0.117166367079938,0.0011003642875078,3.06912422449906,0.399080766064562,0.214807867865208,0.0011319894359889,2.77699123150946,0.366246752154729
0.29143240875386,0.0016235422750983,2.54665917467598,0.402235792979584,0.200528143461488,0.0017012367023593,2.4667603277083,0.398829628189965,0.259903235830378,0.0011364795925688,2.853797345628,0.377122146565564,0.137813480437805,0.0011266400563537,2.71618882363755,0.357380324278543,0.160402899417882,0.0011741493062383,2.35950177459607,0.316927597116987
-0.0648373782837134,0.00147886298824,2.91926047894839,0.44006305001076,-0.155347141069478,0.001626941796398,2.4893052612714,0.39358836525061,-0.0504477012628001,0.001035204091768,3.27124545885494,0.41257623600181,-0.153219940374579,0.0011275283947127,2.62688691630743,0.34576673413331,-0.0099694942104267,0.0010579493473832,2.66311858447302,0.339547884885994
0.0010968405467928,0.0015082797086055,3.15266093983176,0.479950332557624,0.0429167239981656,0.0016030300605239,3.31340991128552,0.520024837438778,0.0201009283402662,0.0010557957960239,3.58096488984098,0.456108445397244,0.0006729455241672,0.0011032318405252,3.52072552951666,0.458398987728105,0.0281899471026888,0.0010797743419386,2.89402216964857,0.372774710904273
0.102975177053728,0.0017662396255681,2.85863961800809,0.470936451387075,0.148439405415971,0.0017144671163261,2.99402486101375,0.485957253349121,0.0988420791971551,0.0012363677378976,3.18949920382499,0.439616937724916,0.117862410625731,0.0011987176508241,3.22226621795013,0.437318605946164,0.115717354659027,0.0011709188210962,2.74790598318708,0.368589831390673
0.209530653710412,0.0016463718098769,2.88514136164683,0.458890581597119,0.0786066013331537,0.0018260096491321,2.29317240570579,0.384119476150571,0.180654200619892,0.0011524602669138,3.26130084635911,0.433992206327099,0.0268776395013451,0.0012352339640533,2.49651391488933,0.343943170244925,0.168539377533945,0.001181480540184,2.70667165119224,0.36469259691712
-0.0741587792949694,0.0014611017087182,2.70773972856233,0.40571888948313,-0.0128569470103945,0.0017133384516393,2.90667098870424,0.471623615718039,-0.0745796810493182,0.0010227711961027,3.03742610571176,0.380779055479672,0.0009555080535074,0.0011219723634547,3.18607041653501,0.418335322825217,0.0290491181477164,0.0011184848453912,2.70703625098613,0.354884646207202
0.0690902556861647,0.0017284418532955,3.21898005067169,0.524594531232751,0.168862903041078,0.0018291572519356,2.52527086175038,0.423361709224181,0.0679322765024997,0.0012099092973068,3.65260929818815,0.49803253401878,0.192699896579937,0.0012379693103136,2.85569345617946,0.393862481028224,0.0605965403550418,0.0012526032369002,2.93799928008294,0.40760221607916
0.0483992826177005,0.0015062057469216,2.41701312763382,0.36770475503837,0.110034638390171,0.0016654907297511,2.43503297203977,0.389541778528821,0.0337433773894474,0.0010543440228451,2.67369848190887,0.340315465840763,0.092299183395366,0.0010686697118885,2.5597122035528,0.328012939436796,0.0716028178821924,0.0011104328756585,2.26827230340681,0.296291663386729
0.221608579892612,0.0016517137048297,3.05485730730297,0.486672046517753,0.126808024422157,0.0017598888771368,3.15386249276498,0.518636961514205,0.214988558701038,0.0011561995933807,3.4168013448425,0.455422226518163,0.0874444817711618,0.0012321049144288,3.33100076831028,0.45832828984919,0.14454770391576,0.0011741286510415,2.7805498372218,0.373479366223631
0.191334309035675,0.0017824295301168,3.58586455707008,0.593441826500431,0.276146614690362,0.0017447163465694,3.69014399508914,0.604204304610381,0.203264500471817,0.0012477006710818,4.10116972118814,0.56785967997644,0.26714738797146,0.0011561811236017,4.16669271184178,0.555370103137578,0.183059638471801,0.0011559121005288,3.5454661380514,0.47251307844521
-0.0428811032025824,0.001663646401168,2.74296334324459,0.438559580612072,0.0311048237644734,0.0018045126547433,2.73910534549395,0.45610705318019,-0.0304068655668714,0.0011645524808176,3.07645703791031,0.411536608077768,0.0359260484886135,0.0012298583264298,2.91053599444742,0.400109261331501,0.0276436967012945,0.0011695858250699,2.56910086539116,0.344409633154382
0.192982137492226,0.001530399718674,2.70456764652265,0.414742340084225,0.175241464455907,0.0016738506560512,2.4405286821422,0.391399580772283,0.177422330997908,0.0010712798030718,3.04287244314166,0.390403131391815,0.11213734373305,0.0012105763766316,2.59646657768447,0.354125271667924,0.126920924709801,0.0010755987063803,2.52552789993425,0.324679892047568
0.107350545286687,0.0016410274734804,2.75895099677266,0.438106805437158,0.212637268713651,0.0017626345628328,2.95744973135511,0.486717093700054,0.0935770654736233,0.0011487192314363,3.11692993683699,0.414106524232998,0.167482483213104,0.0011652895736335,3.14985210417815,0.421487966230421,0.0895983225963619,0.0011617873320101,2.65703040959296,0.355007828400871
-0.191532872941781,0.0016764224705295,4.49975687901463,0.722202309589381,-0.248458419775305,0.0017634949385691,4.60073153712613,0.757342078819572,-0.195192123011089,0.0011734957293707,5.12467480543039,0.688153233910662,-0.103100885899211,0.0011586141431377,4.8446200135724,0.646408737918595,-0.147009293048025,0.0011693496432321,3.98322555574199,0.533931053316977
-0.0567016371935431,0.0016225836858475,3.41816875941954,0.539728237180525,-0.0012844487220659,0.001758246031361,3.58274086556844,0.588888816812021,-0.0549188586397406,0.0011358085800932,3.89208246038756,0.514177054665144,-0.0690159665033324,0.0012548624218759,3.94993835815124,0.548487155772469,0.067583823061787,0.0011786626468105,3.46797565374952,0.466711913307102
0.0432501705405263,0.0015689043166772,2.87072910175123,0.445726574315821,0.124789941480694,0.0016210005750106,2.95215968134903,0.465918028666148,0.0300766769169162,0.001098233021674,3.21780862229981,0.418008917422451,0.051642728365025,0.0010644446137103,3.15466137388771,0.403452461323868,0.0891343031990166,0.0010740607243441,2.75350628156235,0.353735442558206
0.131394826124551,0.0014120005596754,2.89701252334231,0.426722844875255,0.1417394723653,0.00151977641393,3.14798658033798,0.481061730394238,0.134576310257106,0.0009884003917728,3.25348253724672,0.400952588121474,0.0843678812961562,0.00106999330679,3.31660327584015,0.425267449505437,0.111605649630654,0.0010403646894604,2.9281211886472,0.37022005052775
0.189112415296801,0.0015024972025583,2.45272240457088,0.372677626512072,0.173880716848323,0.0015240871173008,2.32308111275384,0.355506345260441,0.165544090617238,0.0010517480417908,2.74180944933073,0.348554915350345,0.159688552419879,0.0010311887143699,2.50652127293464,0.31551394380128,0.168747123840007,0.0011056978125364,2.3498217386809,0.306288879538027
-0.0589557119211937,0.0016604162064459,2.62707334990976,0.419622500431728,-0.0122413917422346,0.0017643542998888,2.75224570734656,0.453166909387738,-0.0661857033376487,0.0011622913445121,2.93880788243037,0.392741491005145,-0.0283123247199044,0.0012246667214099,2.98241299989209,0.409123879346922,-0.0189508322946163,0.0011536528132692,2.5724561126138,0.342502405195322
0.029020463898939,0.0014282385174788,3.54392768753856,0.525004842174921,0.106460930201774,0.0014114565746996,3.37188846893027,0.496575225346298,0.0179154191677295,0.0009997669622352,4.05282304750105,0.502325377706678,0.144977112220807,0.0009665610455628,3.77218324045025,0.459711652330669,0.0261512143275007,0.0010235015402802,3.52646570398948,0.442244052997643
0.106247133538693,0.0016128334177283,2.98191753584173,0.469427440027543,0.0807116074172235,0.0017061816539832,3.09983949432544,0.501914714314265,0.121966700701766,0.0011289833924098,3.32642593027512,0.438126700374609,0.0897137453503926,0.0011783755951861,3.59598364472407,0.48387999135013,0.0853670332863065,0.001156939952331,2.81307777607039,0.375072510840285
0.0402729043212596,0.0016444663970135,2.85788181167561,0.454291753035075,0.1811248870011,0.0018064904199946,2.73602212497143,0.455843244561454,0.0563586148390557,0.0011511264779094,3.19745467987483,0.425249690351256,0.0557654867481815,0.0011788403875083,2.9445045220109,0.396294290651064,0.0716233026511427,0.0011466622493519,2.71123569509895,0.359884479655287
-0.012220192736406,0.0014396940820696,2.87966780582122,0.428307409469278,0.115477477708594,0.0015846708516478,3.05092337182788,0.476078886359975,-0.0057669646287633,0.0010077858574487,3.20582605365823,0.398935027841688,0.104907893107724,0.0010761866796963,3.25384665412478,0.418426300570378,0.0546029165209856,0.0010621845891699,3.12935245799171,0.399790587534918
0.0122853844218038,0.0017794458441861,3.811851479961,0.63031326252719,-0.0366683189364245,0.0017684044242939,3.73279673469352,0.61532310746071,-0.0081033860297572,0.0012456120909302,4.34114889217139,0.600584577583074,0.0227311311424887,0.0011827132187659,3.92578529102143,0.529229879215213,0.100039156403503,0.0012113362908787,3.40890627023523,0.465077694837736
0.0308415158059238,0.0015509905907093,2.73731264489063,0.422578183447584,0.189753428354819,0.0016453595965568,2.863047999187,0.45523655695435,0.0089523208063907,0.0010856934134965,3.05522992982529,0.394616815984227,0.190536505623843,0.0010498058557961,3.16792834653285,0.40235363767192,0.123465139237439,0.0011026755124816,7.81201957469289,1.01686962479332
0.107017943708701,0.001409291497081,3.709162537396,0.545826186188339,0.244861856871585,0.00163549189915,3.77210296250888,0.597978850484987,0.100726441025145,0.0009865040479567,4.2485179620468,0.523076225506179,0.194551671334705,0.0010902318715224,4.21377442370551,0.545392054186842,0.135263244209147,0.0010550872210233,3.30348821581344,0.420624950165775
-0.0129115466065955,0.0015855698769897,3.10400881482478,0.484499937973892,-0.0492253129216445,0.0017478632170063,2.55361629206057,0.418492277810975,-0.0013324389509587,0.0011098989138928,3.47865556090768,0.454287962344665,-0.0033370283374503,0.0011979295970919,2.92134449126307,0.396347850439259,0.0663426667897744,0.001123303506282,2.95211413989787,0.387846421618194
0.0106030500921342,0.0017112305210405,2.82553252858806,0.458176338125153,-6.93544945262414e-05,0.0016533390731943,2.82076402111324,0.449599486968443,0.0189319790315937,0.0011978613647284,3.1659742671187,0.42952529630804,0.0487262880776718,0.0011006731334887,3.04110152713694,0.395492442467787,0.0637095281811852,0.0011495303156803,2.67470756518207,0.355479538183737
0.057212872257132,0.0015225153610625,2.33042981287217,0.356446993319462,0.164299043591557,0.0014574142975103,2.32577835744348,0.348047023812807,0.049797667839444,0.0010657607527437,2.58647194368008,0.330990645638972,0.153306220922313,0.0009513890137437,2.50260742532252,0.302586732420635,0.0764820192214837,0.0010519393246976,3.56843675258602,0.453681881823756
-0.0618846447093253,0.0017077347914793,2.78267003639877,0.450764817218722,0.0412119850244185,0.0017055809497977,2.71661786395922,0.439787424919008,-0.0795186445545852,0.0011954143540355,3.14058609052401,0.425645476908182,0.003172889095855,0.0012206753754648,2.93878101860553,0.402481019711244,-0.0625470458059215,0.0011742618391871,2.62247281495403,0.352266671109059
-0.0031336726285041,0.0015867579286999,2.4849260611631,0.388013553588165,0.190149717637492,0.0019117574555678,2.29872299885071,0.393986303161255,-0.0067762493178889,0.0011107305500899,2.7638181507325,0.361070418931198,0.196043011873975,0.0012933272738475,2.48489577385115,0.350300278186176,0.0545959103449145,0.0011463478214146,2.34408446157185,0.311106831461153
0.0561326910461866,0.0016832705436724,2.51311662039493,0.404173365639547,0.22221410192856,0.0017935421403159,2.77446195900625,0.460588037074703,0.0551083005060014,0.0011782893805706,2.80027582842509,0.376794782210313,0.198273798396295,0.0011714715791231,3.16017025242194,0.423988859702157,0.120658994305991,0.0011627396566843,2.68567477535063,0.358982063202761
0.0798075798897741,0.0016152842071456,2.67506975153093,0.421441860706417,0.282446740432966,0.0016843006219557,4.23875994940943,0.681909456868547,0.0708427303559188,0.0011306989450019,3.02259559858115,0.398411279906506,0.206368811900917,0.0011010077531902,4.83152820899146,0.628431281487866,0.236755322725033,0.0011455611899645,3.66537777906704,0.486301909996795
0.114101820630971,0.0015695450753208,3.98847490228178,0.619400920673228,0.15097153808322,0.0017044265767755,4.1239905343314,0.667397991290054,0.0977848770781956,0.0010986815527245,4.53425552427003,0.589142012260135,0.151664380523212,0.0011928413040515,4.49590110438532,0.608675989829268,0.0895635869004432,0.0010912363974772,3.56090942462396,0.46110351764292
-0.0308226123963213,0.0016027076902182,3.40986000870654,0.535108434584368,-0.0147852293428664,0.0015719692775357,3.87688833783177,0.602536563672944,-0.0237980172910211,0.0011253950884238,3.8276208088278,0.50333774760373,-0.0626705151998854,0.0010736860646259,4.3101320433901,0.553614326257322,0.101989591314641,0.0011118515780222,3.49971680291065,0.457440273568772
-0.0078323644880647,0.0017732933389008,3.6633763310512,0.604713846699947,0.0001016479472544,0.0017866166881491,3.66722661099071,0.607619254063837,-0.0098080283563424,0.0012413053372306,4.20890116870368,0.581280997829348,0.0067973671878651,0.0012686076244115,3.98340326388204,0.556155223019825,-0.0516705705992768,0.0012268180340685,3.4612156816249,0.475222314438541
0.140605549239354,0.0016623029109016,2.71474917196385,0.433873253722762,0.0486559545858917,0.0015301635347076,2.5644567408176,0.393226147260302,0.11954455607598,0.0011636120376311,3.01912983170206,0.403704861011205,0.0200557833721142,0.0010450685230627,2.84857220578408,0.360975480148284,0.0416608568375142,0.0011657799130856,2.561176422134,0.342788201767782
0.313564761157457,0.0016592969955262,10.3823895845952,1.65782036857971,0.423256929257956,0.0017367800436288,10.6402248582914,1.73820623228831,0.378506225805675,0.0011597517459814,12.0302726674958,1.60596499569221,0.3576905671098,0.0012138952831584,11.4899233129776,1.56922720508518,0.381144200271615,0.0012000117623041,8.85742616784014,1.20275834568661
0.226721677796826,0.001545580240055,4.33719913301958,0.668395053701899,0.0626799710250702,0.0017601740967681,4.45045557701643,0.731914531628273,0.212723562390517,0.0010819061680385,4.98678277567607,0.642973887694418,0.0409261661964848,0.0012073381036141,5.52289511201965,0.752245044893636,0.113241457069738,0.0011010246515607,3.90703427429556,0.508187325343193
0.155698845002648,0.0016394282965224,2.81095974245695,0.446147974762121,0.241230162232416,0.0018240874213846,3.19989892769419,0.535719150900262,0.144172562318432,0.0011475998075657,3.13629700323739,0.416476502012839,0.246663293950998,0.0012797903487072,3.49337246014169,0.489883028713613,0.113656509646898,0.0012189679458105,2.91594065952182,0.399073519457449
0.188181076948981,0.0016794226197668,3.83343400022855,0.615809063104402,0.0081008426257472,0.0016119144336769,2.41138781888997,0.379503811030073,0.200444254437813,0.0011755958338367,4.3505607162133,0.584725911922124,-0.023895619534517,0.0010748305732158,2.63503397565859,0.338636924823911,0.100342084319128,0.0011185214655355,3.53163492448518,0.462994733637065
0.0348850611233937,0.0016595871251138,2.70670002414695,0.432233319257993,0.0474171756235431,0.0016479506772118,3.23575781865538,0.51490392282781,0.0398743025124151,0.0011617109875796,3.00419545303893,0.401379622007297,-0.0132681029944743,0.0011167277266278,3.45752889572892,0.452915886820886,0.0339045052299465,0.0011569219771017,3.19019892092699,0.425351419049136
0.119888625095627,0.0018394244507862,3.17613860577186,0.533972032525094,0.196023711486903,0.0018305421023562,3.03174961606499,0.508465251928927,0.120937980626792,0.0012875971155503,3.57082865555012,0.502269834035472,0.0873286209674381,0.0012599402641218,3.25889411235496,0.453443638907869,0.113861472224537,0.0011714321894196,3.00200878498414,0.402762123878371
-0.0017181980749134,0.0015578643887519,3.17614602421391,0.491409301512917,-0.0889990492179018,0.0015441370028565,2.91208986206015,0.448565403027382,0.0062927316063084,0.0010905050721263,3.57802574609604,0.463164636622754,-0.0049760732090485,0.0010211191849641,3.16793365831359,0.396818930981131,-0.0405770229164966,0.0010824715874513,3.0823250605676,0.397525302668345
0.0213594815684489,0.0015186994429631,2.69716309428682,0.412022764797762,0.0431906511795817,0.0015968943708601,2.71773604361786,0.425719414185529,0.0172346772499809,0.0010630896100741,3.00143665193213,0.383612018534619,0.0484890880279273,0.0011144133758162,3.02115385992166,0.395343031491584,-0.0436813399274884,0.0010683103970294,2.5894974163261,0.331773959825713
0.106579337336799,0.0016253955391376,2.70560429339309,0.427584445129522,-0.0870267456613106,0.0016974851522014,2.84355488528382,0.459243157301643,0.0858978786719116,0.0011377768773963,3.07476594543918,0.406554432945897,-0.0725817142685899,0.0011843271150931,3.15088948777691,0.425056923205659,-0.0004606435137069,0.0011394767089638,2.65601625987588,0.351448377254694
-0.048414382252662,0.0017927231826138,3.26392967263514,0.541720781720674,-0.10012630803116,0.0017631787458807,2.66161674517446,0.438098511765789,-0.0341634955189345,0.0012549062278296,3.74413178439025,0.519917996537677,-0.137961031268445,0.0011705438330416,3.04752845641666,0.40871417190474,-0.0588295131263132,0.0012000391036189,3.17281269613529,0.430844169708804
-0.160123989797398,0.0015808680776168,2.28065204993749,0.355455250247893,-0.0798575208862009,0.0017685089657328,2.22834391459025,0.367336377398071,-0.168893710917249,0.0011066076543317,2.5377684354286,0.330922969663445,-0.0920000893437998,0.0012314099005727,2.37527779678366,0.326733613858403,-0.0984633690553822,0.0011462589649149,2.31069556851179,0.306663572554613
0.214101479199574,0.0017504281490436,3.23075670407246,0.529851886839811,0.10408346405897,0.0017484841377427,2.95450516301912,0.484276827076284,0.199703533378532,0.0012252997043305,3.60163584931952,0.494195801547375,0.065219478708405,0.0011806945167151,3.38050491931338,0.455332271765676,0.135571632567379,0.0012032075574348,2.91760653113618,0.396711769098496
0.132348335066595,0.0017061637252218,2.86852182635543,0.464458160186975,0.232818527484379,0.0015691411243493,2.9016180756636,0.450556580459153,0.129968128026555,0.0011943146076552,3.21868448682972,0.436029492708071,0.212567900969697,0.0010891826974856,3.19252095053926,0.413011561823862,0.178826141863279,0.0011082660769247,2.73113019174483,0.356403951083873
-0.0209402616587039,0.0017088760809217,2.3518302200067,0.381100342217168,-0.190354627899762,0.001769488176761,2.39075490882825,0.394218476675383,-0.0160491532284065,0.0011962132566452,2.61802855966235,0.354941493273444,-0.153955166427867,0.0011955197974433,2.55117916388797,0.345778058999483,-0.062947697006409,0.0011634833774105,2.39009965974318,0.319576023287266
0.0536368828562285,0.0016899122900148,3.99084009777936,0.643094056757334,0.312717099802069,0.0016191367468175,3.68085213314692,0.580588223830803,0.0577313354669077,0.0011851270499738,4.49457698867862,0.606525921105812,0.279069222709837,0.001099461817231,3.95922073199369,0.514609592543243,0.185461819254652,0.001198224128531,3.65650469170591,0.496150292858428
0.142323714632277,0.0015851589010156,2.4146172909418,0.376845032449863,0.262361234229134,0.0015396926327604,2.75650985781249,0.423989061619338,0.126104799398491,0.0011096112307109,2.71654742845753,0.354716017922915,0.217702297255167,0.0010337970920023,2.88265151397343,0.363318810075789,0.177327594706049,0.0011060495156787,2.80194008370468,0.365278588366167
0.315119008393257,0.001581148455417,3.26836852633704,0.509442802043693,0.216816835526013,0.0016710124077331,3.26811107092792,0.523678485754846,0.307388321175582,0.0011068039187919,3.67664485933083,0.479474055750278,0.229395531310973,0.0011467950601735,3.65620467173932,0.485346042445592,0.246890101575749,0.0011043119286754,2.97910937072692,0.388070308573937
-0.0711540068360583,0.0017102820893093,2.8787175293299,0.466671214037657,-0.0448001121148429,0.0018464990832856,2.8059169251691,0.472636702436782,-0.0734875279427477,0.0011971974625165,3.2706825706976,0.443608007716007,-0.0760535508408094,0.001173778843654,2.99622403787101,0.40238845271221,-0.008918079513643,0.0011861345091653,2.6515987280079,0.357975133219636
0.103636527188766,0.0015302717620189,2.49128965406668,0.382020433715762,0.114090437376257,0.0014687999822745,2.46417875470521,0.370195917364715,0.113054273697187,0.0010711902334132,2.76085349532733,0.354205051235214,0.112855577970572,0.0010790188351872,2.56158427442623,0.329838424986371,0.105374753308364,0.0010434366944034,2.53037476511178,0.320402567220274
0.165809161520336,0.0015666670217383,3.08046350516715,0.477950043531061,0.169543239935707,0.0015653669116724,3.26560740697728,0.50646581133415,0.156419393087605,0.0010966669152168,3.44603532941524,0.44733737310791,0.200584213679293,0.0010908956353409,3.53396101060096,0.45754250174697,0.0774832611861591,0.0010984811314694,3.13077200632349,0.40674837761962
-0.0776024898174504,0.0016707056573702,2.83318665271782,0.453945008930217,-0.0603605372041906,0.0016804455467601,3.05753720522038,0.491317302937729,-0.0699864081331774,0.0011694939601591,3.16519389635294,0.424304265659704,-0.126353151574099,0.0010853681578672,3.34300820314798,0.431721887448685,-0.0344314860761457,0.0011056516503193,2.71521901931975,0.353909412358268
-0.161105036412084,0.0015463266868935,5.94829344772438,0.916898152625408,-0.0845076513306404,0.0016186111516982,2.33497167241304,0.36824000426658,-0.16860674286149,0.0010824286808254,6.86184322200423,0.884949571714612,0.0167284137007555,0.0011041344934528,2.5669094911301,0.334348694080844,-0.17963214716327,0.0010525426027751,5.05571181690498,0.642954498017109
-0.0687272164092767,0.0015243932527227,2.87796677585482,0.440465980901833,-0.0439653039048792,0.0015366475589752,2.9904275011487,0.459513737935567,-0.0565650796009607,0.0010670752769059,3.22082210783042,0.412422503487683,-0.0955494696050518,0.0010351704372999,3.17117781191325,0.399948996293249,-0.0484046359393041,0.001093184551143,2.79837387076584,0.362685811900738
0.29812457793271,0.0015602809684176,4.51972078657903,0.69982765210321,0.228283061499417,0.0015342991042023,4.78065043110201,0.734040615938006,0.275266960843551,0.0010921966778923,5.20404149043471,0.674169751372749,0.152655653490227,0.0010024972216237,5.74206254783061,0.71266855097785,0.220956220872658,0.0010792604574993,4.20164487321895,0.541078854682018
0.12205649748905,0.0015215703439886,3.66663208403974,0.56064949919617,0.221283104189627,0.0016427158268167,3.5569356118838,0.565113016849885,0.116086673833466,0.001065099240792,4.19643513601736,0.536850842359277,0.185082368985183,0.0010736803270353,3.82235708904338,0.490960826533829,0.0753337103504279,0.001099476843909,3.38536047077751,0.44002368029924
0.0123022360988956,0.0014962849054199,2.75067373248096,0.417084753229308,0.0686916169972868,0.0015886415972326,2.78694287078528,0.435430772447957,0.0072206179204051,0.0010473994337939,2.9738724294359,0.37727374984972,0.0766094428334307,0.0011232272093051,3.06922116492986,0.403218155595008,0.0374382364407462,0.0010916897377604,2.55819748542353,0.331330768872182
0.0639924662875653,0.0015224183018706,3.16806575418312,0.484550751785192,0.105116600536927,0.0017272747828007,2.66849073556158,0.434734896120824,0.0744179147508965,0.0010656928113094,3.55910069235689,0.455443365280407,0.201434501855872,0.0011241538475217,2.85765730143154,0.375578832873343,0.0506245056686356,0.0011058924473106,2.9954435689676,0.390477195147752
0.229987376449333,0.0014753027778822,2.77800181992616,0.418264680167305,0.270703101195445,0.0015847289716308,2.78281739707389,0.434250468080849,0.195623227398238,0.0010327119445175,3.0947196053578,0.38984232904521,0.307232874869701,0.001086574033812,3.09914528139939,0.400451277428135,0.193311643682753,0.0011179236771188,2.67729814132319,0.350898006052585
-0.0080702202620095,0.0016143132411816,3.2028768199603,0.504443148356055,-0.0094864229855386,0.0015871602851746,3.42561432617039,0.534966943144649,-0.0085333711459016,0.0011300192688271,3.64283775501099,0.480021666368119,-0.0301131655611667,0.0011112549864841,3.73860672817637,0.488533929168172,-0.0740750913509212,0.0010916685725481,3.23908777423127,0.419513757355719
0.0341187398690855,0.0016410780113348,3.05235349994546,0.48470503235735,0.180395560275278,0.0017154277136535,3.09032993414296,0.501728933388164,0.0204765856131997,0.0011487546079344,3.4392694239752,0.456938675649068,0.222469932690692,0.0012318671487629,3.34680975431415,0.460459088648631,0.103004831909533,0.0011825118549656,2.81690650704129,0.379711081134449
0.0054269576585091,0.0015166827533937,4.14088142847167,0.632147254055053,-0.0001953137253853,0.0016953939387913,3.75881195635052,0.606686036600188,0.0090460884748608,0.0010616779273756,4.69387917376099,0.599523742717853,0.0284604529373181,0.0011369857711673,4.18242191773962,0.552819613969855,0.0169468597149982,0.0011174782350641,4.24853882141282,0.556720500981316
0.194813278743913,0.0015230891223151,2.62172872614989,0.401077683154968,0.195828261769527,0.0017540356160702,2.5359151332352,0.416324535187369,0.183914843970467,0.0010661623856206,2.98242179904619,0.381732230499906,0.139853117646785,0.0012602871269802,2.81923055242392,0.392322693415439,0.074298549743571,0.0011138700036443,2.56143331007079,0.335103060279769
0.145404119191043,0.0016052057971452,2.48906479081883,0.390912581100955,0.0892561489895306,0.0017787127957553,2.74912484218089,0.454491184249945,0.120734896595101,0.0011236440580016,2.80218033646777,0.368204038556347,0.0527175294158212,0.0012016154218503,3.04245484049272,0.413413804361021,0.133633453172199,0.0011978863784496,2.51815431007082,0.34163962747531
-0.0572535093500009,0.0016759589293012,4.37768746654417,0.702513259287178,0.077030259334114,0.0017382588630976,4.28279401760645,0.699942719054139,-0.0829274091274248,0.0011731712505108,5.02336910130962,0.67445640366433,0.176054116316676,0.001188759164339,4.79803432858504,0.6484677413842,-0.0622335137124224,0.0011152193108921,3.94111424713407,0.515913927055946
0.0933408149281516,0.0014781911239367,3.05372903625433,0.460228893316841,-0.0101331165163288,0.0016422271881768,3.08891957946184,0.49068333363475,0.0838477632282531,0.0010347337867557,3.38277735842381,0.426545944243966,-0.0276363161837412,0.0011468454418288,3.34696675982531,0.444305748551521,0.0055134880954457,0.001097699311224,2.81875919899752,0.366081480439318
0.209261710602459,0.001531430720437,3.80604095553469,0.58384857067522,0.0115341563177894,0.0016513275397069,2.82971980435748,0.450752488358105,0.183363194836658,0.0010720015043059,4.30383547866,0.552371732329608,0.0135745291654534,0.0011308614028624,3.06942323716773,0.40461274078935,0.104576631768742,0.0011345953335326,3.34299710810115,0.441402292177444
0.0421056229261115,0.0016637932500805,2.76202334950588,0.441626485614353,-0.0153662666823658,0.001597858648287,2.6686952679901,0.418163624128659,0.0389486696295781,0.0011646552750563,3.13063551630887,0.418802527124526,-0.0282390808546825,0.0011267200240242,2.92147624463655,0.384404490473663,-0.0558768349930699,0.0011138296046537,2.63211773130401,0.344344202896983
-0.0195753609330708,0.001643530101181,3.23898270803568,0.514725337943377,0.0925828223972019,0.001702448405008,3.02979114908282,0.490035743281682,-0.0110229889348067,0.0011504710708267,3.65475155552734,0.485930095711652,0.112998378793375,0.0011637636693319,3.33542652729303,0.446027732713191,0.105566773513475,0.0011513733327366,2.98788008133111,0.397419646727696
0.0817342793933494,0.0017508809916003,2.57706001133957,0.422698719863263,0.0659371259906411,0.0017629140713053,2.72085273459905,0.447815060376581,0.0625103845652473,0.0012256166941202,2.87102267293382,0.393996208742051,0.0651916067150541,0.0012473351420537,2.99347613911653,0.414424542333605,0.0245574290511755,0.00119230844186,2.70584764156506,0.366248399253715
0.216464277455352,0.0016392435193938,2.38402993563778,0.378365499102498,0.0994437637260648,0.0017469748016254,2.39658451507682,0.392657733999117,0.202338821468526,0.0011474704635757,2.67056163724898,0.354610385315146,0.0875547802737944,0.0012160259148709,2.56032548555434,0.349981171925646,0.101785228105385,0.0011828725263709,3.56133063102883,0.480130565321867
0.002863845900062,0.0016356575532639,2.48958071732463,0.394684880626098,0.0380304244830026,0.00185749013977,2.47814748180463,0.418666772197288,0.0048757177831835,0.0011449602872847,2.77884974597838,0.368585599337396,0.0848013428921964,0.0013064381629571,2.68365464358926,0.380232418625128,-0.0249980701853938,0.0012023949158279,2.42542877858851,0.329678160746352
0.039835983404974,0.0015732964166194,3.45436353067548,0.537095363594211,-0.0711642730976192,0.0017218660799401,2.78056491827226,0.452283569565664,0.0458764628980196,0.0011013074916336,3.89697095272062,0.506943492029217,-0.0782027205040706,0.0012284982250626,2.99915835541521,0.41206407252309,0.056034134291858,0.0011713216110206,3.54394943252797,0.475448718550756
0.0321318124699811,0.0016981647263885,2.75293890034039,0.44469737629397,-0.132752520134635,0.0018933820192955,2.73637962737325,0.466738428185054,0.0408976842736989,0.0011887153084719,3.11525415270226,0.421027533751972,-0.102251504444487,0.0013227807551817,3.08007954874577,0.439120744112026,0.0262106224108384,0.001203196867862,2.56162987402251,0.348307489045961
-0.161068431782158,0.0016056193307288,2.81852940036902,0.442712668858779,-0.199817538695893,0.0016302419180197,2.80850638196198,0.444507946923018,-0.162766383571097,0.0011239335315102,3.13443305555651,0.411914802997993,-0.221016148013618,0.0011545994776397,2.96418078302138,0.394819371116371,-0.169990716803199,0.0011406406806362,2.65609702030551,0.35163852492047
0.252779507161151,0.0016502931703846,2.48237477677438,0.395299247523647,0.0793175893059284,0.0017224860565659,2.50168166490675,0.406993984031498,0.256046679339659,0.0011552052192692,2.79109355823079,0.371862215376477,0.0543406378707711,0.0011229553597657,2.65275443540175,0.348462768076758,0.188770309567311,0.0012121011080043,2.39234868367988,0.326491582518703
0.20011928561885,0.0015990019326808,4.34734614666253,0.681438712542561,0.120549961257686,0.0015648343013446,4.42505998407525,0.686169527826489,0.179956047926802,0.0011193013528765,4.96033432393351,0.650522840573652,0.0597471720717263,0.001051864238722,4.84963226586429,0.616547782796842,0.113533341488453,0.0010955149099671,3.84038115441106,0.498266355080169
0.0132579283640753,0.0017625476269145,3.51831616627144,0.579006422576766,0.138213292240301,0.0017136481869367,3.31579894109418,0.53805554087844,0.0077151132603721,0.0012337833388402,3.99045300971412,0.549439322974253,0.124693452703605,0.001138454160535,3.5581491888244,0.470608768220465,0.0234504882393957,0.0012406537943308,3.11350846379673,0.429886138189661
0.266826545752824,0.0016832978369961,3.60948786454884,0.580502581482777,0.195630808618425,0.0016824694319737,2.79149044222087,0.448836144501709,0.245966728623832,0.0011783084858973,4.12691249588586,0.555306618722443,0.0925938651286351,0.0011865844167089,3.0294727285196,0.409067007971243,-0.0469360444449477,0.0011786164927116,6.74141983154936,0.90722648024412
0.104403677251699,0.0018218794753982,3.55822322344485,0.595348273038681,-0.028769331114453,0.0019285994187696,3.56841194177615,0.614290906687038,0.10203539469652,0.0012753156327787,3.98223672647266,0.557460373816124,-0.0411745749349549,0.0013772937912566,3.85046754778652,0.560150656107419,-0.0345398903952899,0.001249377697471,3.29729079298809,0.456859027708935
0.0988908238670855,0.0015280604862975,3.58864863510353,0.54989440142269,0.0912840277530827,0.001651567636035,3.52549293179295,0.561624593075586,0.106521460822578,0.0010696423404083,3.99591544541677,0.512287394167946,0.0899327514345027,0.0011705024702435,3.71828374815555,0.498662583106846,0.0859735928667245,0.0011053231773467,3.23556803253509,0.421670540868734
0.0955123064351783,0.0016880661282054,3.07843217541837,0.495795298429862,0.0578181573709801,0.0016484109497951,2.4936971058153,0.396875722529098,0.106291145686618,0.0011816462897437,3.46718762082539,0.467196066788453,0.0823580138569613,0.0011203658121563,2.70695602582321,0.355172401195241,0.0962706661215118,0.0011228765057359,2.95178920775364,0.387730017508485
0.136181654768693,0.0016446006954392,6.65698967555233,1.05824495046499,0.0203810555903384,0.0017056047664745,3.28926195518015,0.532495263422724,0.122400828012541,0.0011512204868075,7.65177935662383,1.01770001257927,-0.0507860420372609,0.0011870904979518,3.49397628662061,0.471889109038299,0.179812107695738,0.0011371228511752,5.69598401629313,0.752922962099051
-0.238350796447754,0.0015135195234217,3.00622061297546,0.458451025721686,-0.159171710835612,0.0016093039566934,2.77862350717544,0.436945058050527,-0.225757709725684,0.0010594636663952,3.41881803835843,0.4362114962599,-0.134819557185167,0.00111201107879,3.03677261305878,0.396958328144456,-0.135252829520268,0.0011184778600163,2.74261393227198,0.359547654865138
0.163449472563148,0.0015712857332218,3.66735180024185,0.569846969637063,0.0747485065567309,0.0016733786831374,3.42439245472066,0.549109217914645,0.164124175953472,0.0010999000132552,4.17982163297311,0.543390998274543,0.0272124337211542,0.0011692514378422,3.76345423664987,0.50445064586665,0.0954060255476024,0.0011088821946502,3.27440294844892,0.427418104917291
-0.0171547745182111,0.0014374524901423,3.0845694190463,0.458426152042872,-0.0945122154693115,0.0014706097739662,2.91224855109577,0.437779326293391,0.0079416067157049,0.0010062167430996,3.47994884839399,0.432709785636055,-0.0402638243267735,0.0010441913173619,3.17096914604261,0.401661440827245,0.0687173213500628,0.0010495270237256,2.95762144673275,0.375592997045439
-0.122240290808481,0.0017043046023642,3.94378252484015,0.638211540897849,0.201920073512482,0.0016331149992385,4.67777382401915,0.741012765697029,-0.124929499152081,0.001193013221655,4.52967524175269,0.613292679998692,0.145464478563569,0.0010736598133349,5.28761843861543,0.679159131067925,0.12190934865755,0.0011297836857825,4.02593834496558,0.530448048378863
0.0386274751680643,0.0016073120188339,3.03636440532204,0.477179825942223,0.15081077231712,0.0017202880803061,3.67910007086158,0.598164007797141,0.0503049497621318,0.0011251184131837,3.44455785285708,0.452908723888228,0.0768761172242201,0.0011212947905669,4.1093752470785,0.539403536545323,0.0893588141770606,0.0011385950382816,3.23352939567089,0.427700288864783
0.0669415854467297,0.0016051642094988,2.93846621354759,0.461485991092158,0.156963937627706,0.0016005740689332,3.26172856762486,0.51152138207198,0.0564968016886812,0.0011236149466491,3.27032874493602,0.42971276223508,0.234750697244116,0.0011051188118447,3.64013925472761,0.47435181931209,0.0772077194025463,0.0011926154158711,2.93116858379629,0.396797651745552
0.0069293141104311,0.0016860527274039,3.86922079136711,0.622783611344649,0.0934917806886458,0.0017270413555623,3.5760194360548,0.582544794551777,-0.0109150784891994,0.0011802369091827,4.41631331953936,0.594733716299368,0.105417027636218,0.0011683266428615,3.82707310639408,0.512775167740927,0.0160165221314474,0.0011884042458621,3.51664132588355,0.475212941695622
-0.0842807006805176,0.0015795227946846,3.35138694829663,0.522114325793632,-0.0163947777506183,0.0015569204327166,6.36485580246842,0.984464057651113,-0.0733938418028762,0.0011056659562792,3.83820832629205,0.500286286873568,0.0674421505006947,0.001059740600231,7.13577255546383,0.910581603909931,0.008864729161451,0.0010938990974441,5.47691511102093,0.710072557111028
0.0772963247839651,0.0015118107318036,3.31919681459334,0.505894320398194,0.112613741497042,0.0017524238733864,3.59550434966997,0.590007436620456,0.0708493380901025,0.0010546629654162,3.7714385103531,0.480111342343548,0.109674809153654,0.0011720290235161,3.8398835096816,0.515306142487358,0.0677805200018714,0.0011233150246907,3.12586041760256,0.410675175736396
-0.213324473259191,0.0017507120372836,3.79468883605884,0.622388579807713,-0.240674659070902,0.0016456446275686,3.97340738222197,0.631843044699926,-0.185423948025087,0.0012254984260985,4.28566927340789,0.58810262643116,-0.277238281000582,0.0011034541608869,4.51327880106177,0.587688777142973,-0.194087538020661,0.0012058387922347,3.48866517769487,0.474877947949073
0.234893515491453,0.0016409032211421,12.3953123444893,1.96823543036506,0.22237540471884,0.0017411046013252,12.8964323159893,2.10940563335012,0.210627593195219,0.0011486322547995,14.3704475328447,1.90914486570123,0.0755864013592904,0.0012170629871615,13.4539968120642,1.83986490170422,0.153472366625931,0.0011785895303733,10.4894506584358,1.41160153038154
-0.211973198347468,0.0016017320968787,2.75737092321377,0.432581774164677,-0.218618939130344,0.0017090533833319,2.75449195902897,0.44637247834852,-0.197446136474402,0.0011212124678151,3.08476433292431,0.404896513086566,-0.16855682587674,0.0012527873835193,2.90990502455915,0.40373424363425,-0.110667038585001,0.0011877552654199,2.75185981020877,0.371764464090674
-0.0970426460121637,0.0015871373989178,2.62338935392726,0.409683149135566,-0.0817343890810143,0.0016839229035431,2.89797118257691,0.466158117424999,-0.0922218300490676,0.0011109961792425,2.91615652285508,0.381017743023069,-0.0876028341494298,0.0011762510320205,3.14412222065611,0.422695393876967,-0.0490724314265916,0.0011429615065711,2.84755553694202,0.377368887751656
-0.0880218182956013,0.001625223474775,2.47566600893383,0.391225076215734,-0.047054825043407,0.0019255550703116,2.58405364974668,0.44448548647686,-0.0829219556295623,0.0011376564323425,2.75125944449724,0.363760213778584,-0.0434293912407223,0.0013367482145133,2.8027506074617,0.401686603886194,-0.0873664214362039,0.0012266185076575,2.46297229228652,0.338136746370767
-0.0743167092989116,0.0013865688306022,3.36880330844124,0.491727456090395,-0.0330220775661753,0.0014805628950155,3.92190487961296,0.591546070114544,-0.0753724669088882,0.0009705981814215,3.80130829841183,0.464227557004318,0.0106246536581537,0.0010169508501357,4.32094787750746,0.540140940254575,-0.031975769673684,0.0010256782777384,3.42669414414598,0.430188709619085
0.0891600733643558,0.0016279737300004,2.51962094138184,0.398507952276596,0.107562046443821,0.0016505456532864,2.68463740191599,0.427540729273272,0.0902124547893977,0.0011395816110003,2.80394279807207,0.371039334653177,0.156839713009407,0.0010829747754046,3.14422520323339,0.405602760243695,0.247684840288469,0.0011292054238233,6.08131744502981,0.801054821258251
0.245496170784738,0.0017593608228593,2.7126643354956,0.446017195658547,0.227380319228054,0.0018104641800095,2.95750619373879,0.493285918206711,0.231805593891957,0.0012315525760015,3.08119522843832,0.423861315626109,0.216694820500821,0.0012675005535609,3.1933178660551,0.445650416063325,-0.0256841521091753,0.0011780240594455,3.5130536615495,0.472650313754556
0.10600544060476,0.0016236573528205,3.15254589338064,0.497951099950077,0.0829415699887242,0.0016526813790777,3.09939753535064,0.493912408443781,0.116382888390409,0.0011365601469744,3.55464802152987,0.46975444925034,0.108724085294677,0.0011746525964121,3.66566571547899,0.492476674806045,0.0697103363366442,0.0011780848130304,2.83642509545833,0.381625762085363
-0.185811950202558,0.0016469191469659,3.28413817264636,0.522439068923791,-0.0584578986983717,0.0015049396391812,3.02525761018997,0.460044655253839,-0.166273333974794,0.0011528434028761,3.75440266614396,0.49969395499292,-0.0421889259287374,0.0010672343101079,3.25650730478574,0.417023023576679,-0.153202949742818,0.0011280190583672,3.09177759290523,0.407046992922271
0.318472243619383,0.0015703235950346,6.42715800834035,0.998370274331713,0.181256862952341,0.0016896286864534,6.86068971284283,1.10545610348467,0.310491604214496,0.0010992265165242,7.50031412393236,0.97476771694277,0.233870795632304,0.0011513250975192,8.10456106973589,1.07796974476292,0.264773629339907,0.0011718871370893,5.73468597383156,0.769538977052791
0.218640165410932,0.0016314581203312,2.61173220218457,0.413518263569068,0.124971029554771,0.0016985464549489,2.56924982998907,0.415071713389663,0.218744732131911,0.0011420206842318,2.96852052802595,0.393237682667174,0.149107315484161,0.0011597200643031,2.85505850796111,0.381126972210723,0.123487466981713,0.0011576577775929,3.11339817655521,0.415243507057233
0.157287220496942,0.0017510079708055,2.95173681678688,0.48417212282475,0.185753143705438,0.0017103368476393,2.48010151247291,0.40205768715013,0.15219255921546,0.0012257055795638,3.33327615455807,0.457448769488756,0.163846228281055,0.0011711357375866,2.68002619440325,0.359518085520422,0.118646318876237,0.0011310267992803,2.65114031099229,0.349500054425761
0.0386521484767689,0.0017535130341298,3.70513328957277,0.608186004402486,0.040067386761843,0.0017938931503968,3.14190882722102,0.521638876544962,0.0366074583520338,0.0012286961494617,4.22787931904944,0.580928813498971,0.0359366122687263,0.0012199470858245,3.53311428371013,0.483733616469185,0.0724220675087336,0.0012155794966633,3.31889125929869,0.453589291593178
-0.135863138347761,0.0015723647816096,4.42290549755814,0.687483692071211,-0.0614063165568305,0.0015920879140533,2.57963433435264,0.403477905890736,-0.139495196797237,0.0011006553471267,5.05637725936692,0.657571875470724,-0.0360886264656463,0.0010144567144056,2.72819802201038,0.340620464525705,-0.115323174108838,0.0010810387967393,3.87190051329178,0.499025704743728
0.117780312160651,0.0015685688075575,3.54482837981522,0.550332407444873,0.0868043772002198,0.0014768857784709,2.66508567865456,0.401478891587843,0.103072131316926,0.0010979981652903,4.04044237550171,0.52481689945665,0.0427316104928978,0.001064028470049,2.90494634515544,0.371443554158747,0.0346385775243548,0.0010940585884999,3.17771120260474,0.412014785733184
0.141027934203358,0.0016387245739443,2.38832991642072,0.378987938508908,0.217594064088327,0.0016448835939565,2.49829142876876,0.397181278235522,0.130593362010334,0.001147107201761,2.66744350795081,0.354140275181128,0.193270790130556,0.0011200102569421,2.74090770212216,0.359570039593107,0.24585043431916,0.001143483178752,2.50108555283235,0.331529000574172
-0.0527321704089487,0.0015901753100428,4.00543652425655,0.626109716246751,-0.0198313733070876,0.0017415654075399,3.87123859142236,0.633283131524285,-0.0443080549835652,0.00111312271703,4.60738759511162,0.602565633159927,-0.0861705449685116,0.0011008454731743,4.28357703427372,0.557118844423448,-0.0091080392139201,0.0011408232002756,3.7030528037178,0.490283371480475
0.114221240291299,0.001614459706192,3.66844957599701,0.577795620600472,0.125564213449913,0.001752456429056,2.43236864078513,0.39914537084944,0.0954409190939264,0.0011301217943344,4.15613294046192,0.547684112100411,0.0646944555391768,0.0011284345205401,2.62734181073649,0.345965542061528,0.0944221481651651,0.0011515657183841,4.5648479093902,0.607223768667173
0.245956828145528,0.0015955900431144,2.99659359682036,0.469209279614112,0.388879595028411,0.0016648975816501,3.80467918893112,0.608541065827517,0.238223935070809,0.0011169130301801,3.39685400873846,0.445004750796529,0.365007831325139,0.0011982801010694,4.35832331482924,0.591393715137856,0.326437171037166,0.0011654754452589,3.52747506626464,0.472056088391767
-0.038231836448589,0.0016214700005275,2.8691658464321,0.45288527273629,0.0659495474444604,0.001771016478164,3.08094944827902,0.5082459893597,-0.013169093469948,0.0011350290003693,3.23866322228672,0.427707981985957,0.155000637371755,0.0011644224164646,3.2369857230649,0.432986294202196,0.0002651770885438,0.0011861940717751,3.01764302053406,0.40740262585099
0.0149474514474966,0.0016765774526112,3.14461239485071,0.504727559716857,0.0715579264456645,0.0018143236322571,2.92632567943457,0.488605244046692,0.0135576810666635,0.0011736042168278,3.56141939064301,0.478257771943206,0.0898473057017363,0.001093080956166,3.20187359384569,0.414962100344287,0.0750996908131836,0.0012008091011757,2.85844557700147,0.38827998131012
0.257592603962999,0.0015588982228256,3.252840743661,0.503442376425302,0.220469450364953,0.0016171361814648,3.53010459874153,0.55646641449832,0.254512596094148,0.0010912287559779,3.71865750822513,0.481528691083286,0.248106347045069,0.0011308155331577,3.98020117925509,0.524661254620855,0.240491502444538,0.0011175172407108,3.13321572990316,0.410577835530253
0.134852328622222,0.001475452582041,2.70619982635577,0.407474632649666,0.0863486957768827,0.0016291132673156,2.91052026378427,0.460494401141008,0.112457704614423,0.0010328168074287,2.99047103227739,0.376729244770955,0.0040504872602477,0.0011024538460448,3.17505167275818,0.413246413219571,0.0282777911314491,0.0010996370912726,2.67537636450067,0.347766434608044
0.0321747804953089,0.0016611616374568,3.83424619215437,0.612581713270973,0.197522127240489,0.0018282456059158,3.46619969427267,0.580963617021153,0.0211809605085203,0.0011628131462197,4.4050216067687,0.588818024948472,0.174155186722161,0.0012662987698685,3.87739623374712,0.540861867417453,0.0569894535256668,0.0011810209062346,3.47213575283728,0.467738992892148
0.0057664921493471,0.0016171298935079,2.50407918466773,0.394728602925122,0.0893462261395624,0.0017600844985561,3.02164485787571,0.496922046224742,0.0012631045728505,0.0011319909254555,2.80732423930247,0.37024750012034,0.129051563304779,0.0012152151447714,3.30562225914664,0.451708120021996,0.0276878900668378,0.0012167784400885,2.6786639922128,0.366270616445441
-0.106890655480547,0.0015159413424052,2.67858441961835,0.408812930304866,-0.200487694807142,0.0016674731722079,2.50747527800868,0.401369321422948,-0.10553213334339,0.0010611589396837,2.9944632968541,0.382373071422875,-0.204849046493453,0.0012104970373159,2.67648910837157,0.365027372649402,-0.155219599611723,0.0010982424690322,2.45154643872091,0.318469120085189
0.245218236971983,0.001642626778952,3.11060566008134,0.494188339518294,0.472488088039015,0.0016435055547449,5.15073544024706,0.818526827973685,0.232993141761496,0.0011498387452664,3.55032967563978,0.471916582965148,0.374433204363865,0.0011036847411769,5.61621982456835,0.731382734743776,0.397351119252553,0.0011287556484261,4.50167009305989,0.59285941254104
0.21426274812571,0.0016435970160666,2.86894059427436,0.455929102234503,0.327840565851612,0.0017769093409636,2.85826676052405,0.472295144423492,0.199436465346158,0.0011505179112466,3.23742543221892,0.430451824391861,0.300656692575298,0.0011615429813702,3.1274875563108,0.417822015347675,0.156993926321084,0.0011651780682092,2.86057799882316,0.382761309299896
0.0535904909189776,0.0017627087380097,2.41846206767262,0.39802252040399,0.104864348843379,0.0017312683765416,2.32102523310404,0.378564727766202,0.0589758881661695,0.0012338961166067,2.71161025895973,0.373374499720618,0.123135319400025,0.001237252797249,2.52644823941042,0.348351523245415,0.112524693843166,0.0011949211557478,2.36630999449691,0.320641218203849
-0.69705008254976,0.0015540487978136,24.4810485730167,3.78303559928403,-0.415388337991661,0.0016749086183286,25.3275924929974,4.06319397023903,-0.68849591748335,0.0010878341584695,28.3607863888106,3.66671961125021,-0.319128350124329,0.0010638378084657,27.2901522548641,3.48916699582786,-0.466663700241019,0.0011547065160915,20.7140420742652,2.75917184019817
-0.145625950727982,0.001569279823362,2.64659263928508,0.410974979489691,-0.163392850627342,0.001652031125883,3.03748155009675,0.483950394433088,-0.143109906982565,0.0010984958763534,2.97792026798517,0.386892550653362,-0.123883216643971,0.001173650017142,3.36226891410453,0.451522957515897,-0.11469658130127,0.0011434983782795,2.6645041898752,0.3531931488802
0.149942962982893,0.0017374512847744,2.69576271910084,0.440469729769731,0.135878397804289,0.0017497453497198,2.56606370550278,0.420758545068749,0.143589354898129,0.0012189106811882,2.99610730043538,0.410035436017874,0.105501492320799,0.0011984860130432,2.75389016369708,0.373715565178101,0.10378996405814,0.0011989966960401,2.62544882590194,0.356361384455629
-0.111227052761373,0.0017604029050046,2.66592313618104,0.438461786106631,0.0233545070626919,0.0017353036361141,2.97110521069181,0.485158736208893,-0.0981398597401456,0.0012322820335032,2.98020847788131,0.410090577522711,0.0616932878822165,0.0011385366763077,3.21230591021632,0.424882159846323,-0.0189759141356494,0.001153168534602,2.70175329986256,0.359641805365939
-0.0447031101417044,0.0016812510668079,2.75066187187832,0.442111264811951,0.0131310084706866,0.0017805180467532,2.86716259636849,0.47424591538208,-0.0549981754023368,0.0011768757467655,3.11215388725283,0.418508667294299,0.0606043216404065,0.0012078735161816,3.1669421322414,0.431448480720989,-0.0423798093195956,0.0011732757512885,2.68088187669907,0.35996130113341
0.257604677705663,0.0016740990472054,3.35583147131007,0.538231119064551,0.0952843730956351,0.0017442991642203,3.10730965576566,0.508713318124256,0.273400674815937,0.0011718693330437,3.8240662069576,0.513148523953651,0.0565793490116607,0.0011780004681499,3.79086110949462,0.510021743013014,0.171788816218835,0.0012058540063903,3.31047028390246,0.450624858654361
-0.144784438598583,0.0016691037438214,4.22963585350841,0.677364966608879,0.0133964712210016,0.0016403896162353,2.8041026459308,0.445190101624119,-0.145837802040812,0.001168372620675,4.78288341741302,0.640853215017877,0.0155485417104097,0.0011698489176173,3.06308301473344,0.410678287666913,-0.126709512752218,0.0010916236055863,3.86150344393679,0.500116257287619
0.1597439200622,0.0015817647760912,4.49935439075485,0.701454068276711,-0.206415514742857,0.0016459996071052,5.63558622518838,0.896255944576949,0.153950806233569,0.0011072353432638,5.08911573786058,0.66380479400708,-0.176972605926798,0.0011041267936871,6.42166959338023,0.836441395136726,-0.204804736375511,0.0011045358407625,5.33882329989365,0.695526273668384
0.0874251811052941,0.0014764315329442,2.4553435412441,0.369825631984205,0.116882529185301,0.0014898996728979,2.37509147092441,0.359365961541008,0.082488033139183,0.001033502073061,2.74220678201404,0.345568353163725,0.0901179185000995,0.0009679238505964,2.57182288855084,0.31364599007619,0.0703477864819865,0.0010442766576404,2.42299552868376,0.306929395915479
0.0339270263311632,0.0015029276119283,3.89259091211309,0.591542405118949,-0.137117702775057,0.0015770756639359,4.10898010234247,0.639644087619447,0.0336965086416132,0.0010520493283498,4.46782541053831,0.56805754456655,-0.128976245288508,0.0010802710004194,4.38783427551566,0.565320405571101,0.0180144465647444,0.0010134759512588,3.59070647733635,0.448089446783205
0.0842188672297363,0.0015839269848142,3.26739216248594,0.509737903666119,0.178566315154652,0.001610011253872,3.17228754287982,0.498959261616538,0.0815507712235927,0.0011087488893699,3.74716101725371,0.489099299618026,0.188840068010613,0.0011140403442654,3.50675323273231,0.458810926624436,0.106082156494838,0.0011153065755823,3.09949050223506,0.405756539428063
0.048298079647071,0.0014927672092234,2.92633192840265,0.443197922323645,-0.0413660913646479,0.0016266099977844,2.86347211056427,0.452702364549632,0.0493822368197325,0.0010449370464564,3.30682583443333,0.419019729221792,-0.011484085422259,0.0010945532156777,3.25956983282948,0.422723913984522,0.0060621679528629,0.0010935824143804,2.68656728033578,0.348258373030659
0.28394842842569,0.0017943351224291,2.87229372902524,0.476934474379921,0.212560585356013,0.0018120691512254,2.84376284139086,0.47452472404482,0.284456105163371,0.0012560345857003,3.2772874446348,0.455295565050202,0.157910502531462,0.0012340295488588,3.1657034275834,0.435924313847108,0.192583432055025,0.001289668937668,2.63494325404437,0.370927022411925
0.0827578619858263,0.0016213732960569,3.02703513727682,0.477790001089028,0.0842902368262163,0.0015260179868313,3.07018359394219,0.470134648639435,0.072534924599692,0.0011349613072398,3.41931542977261,0.45155201093987,0.105684252634977,0.0010900865894325,3.34230293285003,0.432568006555419,0.0557688227550338,0.0010887265069968,2.77877512915195,0.359410605555105
0.0402515019754485,0.0017001145939523,2.75117992559922,0.444668308420142,-0.0159198281793881,0.0017010178249287,2.64939262276749,0.428330343673279,0.037670918918045,0.0011900802157666,3.10881729687942,0.420398738333789,0.0402316330919785,0.0010982531595662,2.89941643555725,0.376651684244307,0.105362529467367,0.0011209006116222,2.60843031131647,0.34232678236932
0.0557554856383879,0.0014971152000406,2.69802831277268,0.40921561689804,-0.0192086083682869,0.0015932754819523,2.66055806187668,0.416290273915688,0.041441846263143,0.0010501739811285,3.00864002116493,0.382189667710531,-0.0170238659672276,0.001105339427483,2.84395512349274,0.370636901548734,-0.0256663616510187,0.0010499459196574,2.5279242563245,0.321089134034846
0.158371751625531,0.001670243750153,3.94316330242265,0.631702764818193,0.244126143366221,0.001711099643593,2.80704063258285,0.455160364244912,0.185352093412122,0.0011691706251071,4.40952283201506,0.591028781064265,0.190140070085184,0.0011669850844352,3.03043266276832,0.405803116097712,0.156999884491537,0.0011861834306073,3.65387708387982,0.493296400987845
-0.137911782117906,0.0015401270147391,3.86704860129968,0.594889065555537,-0.113286204776536,0.0015380078333404,3.70712872057619,0.569895235884506,-0.143797469553435,0.0010780889103174,4.38811064922175,0.56478472983462,-0.061796026827365,0.0011069099631146,3.99601823726424,0.521148745334567,-0.0956200348538725,0.0011063700737148,3.45616945241607,0.450633344431703
-0.0405803229338258,0.0015581527346887,3.62815254048464,0.561395126091096,0.0451946098827987,0.0017476598981042,2.46267695153411,0.403565463562879,-0.0448006997430707,0.0010907069142821,4.13195972415362,0.534919216029466,-0.01400466124318,0.0011635347237413,2.70989806283196,0.362343700633112,-0.0237924476755615,0.0011341626051131,3.36707060528482,0.444496117564976
0.0833103198454439,0.0015012348679123,2.27400805293241,0.345377790167013,0.24169398693604,0.00156417579638,3.02216475228111,0.46853172555121,0.0823499907019787,0.0010508644075386,2.54863985846315,0.323861929452363,0.268540312402561,0.0010751130485578,3.34632035270735,0.43010319428904,0.164693782639037,0.0010970784435157,2.87787763555366,0.373653669603251
-0.173137007073229,0.0016260933884573,3.17852170845013,0.502430517637893,-0.169702831372988,0.0017282810176702,3.26309575420211,0.531759288691712,-0.159963931262872,0.0011382653719201,3.57482110975069,0.472774629035638,-0.0992492854449981,0.0011905740375419,3.61182379613422,0.488520559206484,-0.0616554078401834,0.0011664845636942,3.10533612870986,0.415744201594814
0.252401165060899,0.0014866891565589,2.7263492706033,0.412068736305345,0.14656727910416,0.0016906503698137,2.77745413771283,0.44766370532245,0.228692082120329,0.0010406824095912,3.03268314946064,0.383498996439599,0.132975708499252,0.0011606363782015,3.07995625471241,0.411311378696749,0.185783433735447,0.0010906979746995,2.52197212812878,0.326490555371379
0.127806360495404,0.0015387144545569,3.8382260801943,0.590184304420407,0.118554318249908,0.0017905895339334,3.69233006899645,0.612458441049367,0.147023164918811,0.0010792430863992,4.4378584447434,0.571493334763333,0.157858580359118,0.0012028854068448,4.0832824036298,0.555136306952196,0.209769875690779,0.0011331931406309,3.71728242379554,0.490518750649645
-0.0417909843636351,0.001903027655372,2.79110242328287,0.477283488483663,0.203536199027579,0.0018044421980081,2.93476819084858,0.488678663348956,-0.0478931123054584,0.0013321193587604,3.11162536262938,0.445181347040543,0.217947079917078,0.0011954993428962,3.25433601262295,0.441077749177968,0.14878839545915,0.0012117163557992,2.99157622313484,0.408205305057535
-0.141121502844145,0.0015435121203773,4.36193061959099,0.671756476463229,-0.035035748118886,0.0015715635328008,3.1633497713655,0.491576680449256,-0.142367077918629,0.0010804584842641,5.03136513140776,0.648287972624667,-0.0121211741338078,0.0011069989466754,3.61723968109229,0.471768540462411,-0.0575047345008002,0.0010986141558602,3.85538441428751,0.500919997096555
-0.264302806256972,0.0016936751078749,5.213569327749,0.841062543097293,-0.0160576589724345,0.0016279022062773,5.12738361370347,0.810938750721628,-0.255211220439477,0.0011855725755124,6.03128026060814,0.814051102302826,0.0408798066748122,0.0010972226391747,5.59155548378647,0.726035916189445,-0.0561336352032728,0.0011493131319158,4.55703076194184,0.605590747820724
0.147749276779373,0.0015059900691837,2.88758395258124,0.439262127126014,0.104836766202429,0.0016359771325204,2.94863680424667,0.467506854843463,0.132012643682876,0.0010511871426444,3.23022751351332,0.410535973751634,0.0176181190243198,0.0011148938234772,3.47893790217623,0.455345992005857,0.125318756676658,0.0011048804912648,2.76401492915388,0.360143950229801
0.12646634511826,0.0015643521765696,3.9051379628063,0.605454809681087,0.0229837160382436,0.0016338785907716,2.69145207634703,0.426456392679067,0.14652268562822,0.0010950465235987,4.46228408874848,0.578830741132912,0.0537897848598129,0.0011117213021868,2.95559026581219,0.386296059418257,0.102819747513517,0.0011075073770157,3.5767520360887,0.466595164351579
0.219235858137949,0.0014911431330747,2.95362615910906,0.447088273270809,0.246849890662192,0.0016618933241112,2.97426009944951,0.475289919387632,0.196465352246147,0.0010438001931523,3.34458261514614,0.423573421570636,0.187522536196191,0.0011085371182007,3.15109852407668,0.4112587856059,0.16599221070333,0.0010933508953186,2.86668388234732,0.371567460111337
-0.0119031946056012,0.001574914686373,2.59695650185142,0.403990617128125,-0.0461693218722552,0.0017275466943592,2.76674441229675,0.450777287217586,-0.0111436282212545,0.0011024402804611,2.8998705981065,0.377428109555183,-0.0502873114024836,0.0011886810692232,3.05550148715611,0.41294599578057,-0.0050221490722309,0.00112962247969,2.56482173934691,0.337910693729002
0.342500372406492,0.0016480705278445,4.0392115279187,0.642780333122861,-0.0297197214213133,0.0017753126580493,2.76427371574393,0.456558629369018,0.318563748311836,0.0011553322359115,4.63829526041408,0.618002060887897,-0.0434133178271337,0.0012509474258423,2.97746842975974,0.412804840284356,0.259720877676732,0.0011944155717554,3.65508151693692,0.49516835503669
0.041708187486822,0.0017450156404245,3.23899819158563,0.530381606145893,-0.0208834687705898,0.0018032117088979,3.26977202411509,0.544275668359943,0.0375137104233451,0.0012215109482972,3.68489448557998,0.504837753251475,-0.0200778362513875,0.0012674161151012,3.47951450753009,0.485575035617943,0.010811083235256,0.0012359748673112,2.99628176685849,0.412919657143363
0.177187593806896,0.0019168603521162,2.91372556914478,0.500059830219051,0.306662241205689,0.0018750083320747,3.04937150230413,0.517594943519302,0.15703776477528,0.0013403260796737,3.31818723140986,0.476194317401038,0.313953701904153,0.0012332694415933,3.38481685899765,0.46595314500012,0.259284508451613,0.0012308433897297,2.82839329648474,0.388972846220272
-0.178108156745356,0.0015450453971047,4.44073341399854,0.68423204735185,-0.336000547178132,0.0016745154358953,4.52493264774758,0.725829781191685,-0.180128144901343,0.0010815317779733,5.07576190881675,0.654333222336504,-0.226760747579741,0.0011786125713204,4.80640502973481,0.646820814126546,-0.26618778043558,0.0010877764196335,3.96620932939156,0.512771098023247
0.0962675697219624,0.0016710264659729,2.99026483483749,0.4791587292584,0.176469350567592,0.002026734529325,3.26844768231086,0.57679044540604,0.0851103829175034,0.001169718526181,3.32478787182667,0.445741132894423,0.125422524589151,0.0013757259269847,3.52191740364039,0.51206278551977,0.145173617362,0.0012028515753212,2.89095599412165,0.393029897651786
0.3732520740294,0.0016540052357782,2.77204044574199,0.44192247509787,0.258166877138697,0.0016544265888134,2.66671682598398,0.425185786817709,0.337674009692525,0.0011578036650448,3.13290485505968,0.417871500358652,0.227287241027938,0.0011743712525485,3.05448247659839,0.410315979322031,0.224908561150185,0.0011315693962756,2.60100755254434,0.342973287723349
0.185271776519947,0.0015931792541152,2.52591611000426,0.395211279226514,0.204608054388067,0.0015989780464697,2.56491075587949,0.402042158490809,0.170836578380471,0.0011152254778806,2.81072905091679,0.367941191503135,0.229202748828178,0.0011001384684081,2.72421920104798,0.35419613003173,0.108238414761705,0.0011415423463339,2.44677404778578,0.324054431883784
-0.0698727159543236,0.001682466566486,3.69554128932974,0.594195511675585,-0.155691871975765,0.0016572669940877,3.51987849458665,0.56169686404934,-0.0665911605008577,0.0011777265965402,4.19321093859689,0.564088230132958,-0.131469649525958,0.0011352522694925,4.11807028418395,0.543898712333177,-0.0466729361018478,0.0011496671605647,3.39112561236456,0.450721242425309
0.142656452472113,0.0015517060618905,3.72922737661764,0.575839800459394,0.0458825839105538,0.0016378709938067,3.82942164508017,0.607506767553343,0.139614742097608,0.0010861942433233,4.25839658411869,0.550145974944276,0.031312150171795,0.0011242692042538,4.09616911011613,0.538382732320742,0.0880092132846519,0.001077163995576,3.40467466280558,0.438020684734496
-0.0488028937677645,0.0015090963523194,2.45444821081837,0.373757954437561,0.0272537102539624,0.0015125049553547,2.71548785705843,0.413975228813112,-0.0475285988131391,0.0010563674466236,2.78543102327487,0.354877119773076,0.0050935150569564,0.0010540521525004,3.06574461642794,0.390162127482716,-0.0428712272466397,0.0010616728856768,2.65683951751868,0.339342903883333
-0.070347015093488,0.0015491867254293,2.3300887736063,0.359502932748578,-0.0551828763559437,0.0017746651783281,2.57920058185794,0.425913512526606,-0.0652642288896894,0.0010844307078005,2.6243616963613,0.338768234349857,-0.111924758659899,0.00123218877775,2.80639809154099,0.386158845664516,-0.018359859946742,0.0011571018061017,2.41552313998848,0.322088393079346
-0.0261605034697611,0.0014717435022135,2.98501283852516,0.448890437142784,0.0594153236248309,0.0016805753295682,3.46642716915106,0.557043561145584,-0.0273697398487605,0.0010302204515494,3.38388186129321,0.425753633153879,0.0220008496571316,0.001101459242084,3.77417867432984,0.491003693120415,0.0892506801486879,0.0010802014546509,3.21480183915827,0.414175756046227
0.272746482627656,0.0015548115793313,2.31456475184337,0.357755488239449,0.26324550091628,0.0015939600956572,2.29644750960901,0.359396076937961,0.257541445548977,0.0010862118212323,2.57643559826701,0.332854659043829,0.237782814941316,0.0010529432589717,2.54305890976897,0.323472221883351,0.159942598052152,0.0011359844573741,2.17908108354471,0.287897353075743
-0.0410128910214455,0.0015944731842558,2.64547370761706,0.41408561729721,-0.0336928669445889,0.0017073161128571,3.3437092728653,0.541581182023289,-0.0270547160459617,0.0011161312289791,2.92995733374741,0.383704606180225,0.0207855706714947,0.0011813817939474,3.91716839313691,0.527770929847331,0.0507667500652613,0.0011110950375937,2.96716849303939,0.387700087864007
0.0131236374269608,0.0016206845971324,2.44372540226979,0.385637929360752,0.0557900524052546,0.0015066128091718,2.74359616543364,0.41744484429793,0.0067921137105204,0.0011344792179926,2.76581261221939,0.365173380337038,0.0574070189302733,0.0010111262082734,3.03112597672772,0.377819837462327,0.0539271824636148,0.0010778250569974,2.56793419900933,0.330473101013253
-0.0167555122473552,0.0015846816530111,3.74232208819134,0.583969633769723,0.0660087873045801,0.0016495621210761,3.55383465706232,0.565795700151903,-0.021253149905689,0.0011092771571078,4.2254020825982,0.551653227787859,0.0416572609058591,0.0010989575870396,4.00561888702012,0.52052090796245,0.0310736288442477,0.0011479849980074,3.35939927509056,0.446177655597027
0.0140728741108523,0.0019031679211973,2.36364142461068,0.404201791280388,0.0548782647456095,0.0018465982462529,2.55035220972334,0.429600183055796,0.0174671073689829,0.0013322175448381,2.688079095923,0.384598605018493,0.0314601083190281,0.0012507184927789,2.77233578641507,0.384329484467193,0.0746138694738163,0.0012396507200594,2.44596615741771,0.3375811583044
0.358775532624754,0.0015790740773268,4.03986239955403,0.629282872800608,0.368644111075525,0.0016020017954455,4.82883477377767,0.757620873388502,0.323645407256041,0.0011053518541287,4.638737436753,0.604544326619999,0.322860716382127,0.0011396558586164,5.31446367264115,0.703273726777502,0.193130473555648,0.0010901517958627,4.3797241050231,0.56685023043147
-0.345109023955444,0.0018102811240958,12.4289790966048,2.07293915956669,-0.217063569538205,0.0018227754628439,12.1163877830534,2.02776600507991,-0.334105394274537,0.001267196786867,14.3856447135046,2.00737933230897,-0.329739006391453,0.0011577669821395,12.8651816592429,1.71594984402313,-0.189787675992253,0.0012265655666544,10.1888855580408,1.39878238716403
0.0237044881557556,0.0017252720483144,2.52373633412542,0.410913926183804,0.0724166732169863,0.0016927433666939,3.30514175361344,0.533044832580552,0.0063654183187162,0.00120769043382,2.80524022702622,0.382143043244596,-0.0479950089830505,0.0011808972675163,3.79738454830003,0.511527191222743,0.0253725910411712,0.0011879368084748,3.00312252389197,0.405739983845702
0.204597151686933,0.0016240947239746,2.73564565675992,0.432159045621078,0.245869030914045,0.00153674049203,2.70828578025564,0.416171986573088,0.193758572241234,0.0011368663067822,3.09100655780506,0.408538237452079,0.200873385480709,0.0010428668192103,3.10586312096953,0.393164976490238,0.242018211017948,0.0011018000377242,2.62728921548681,0.341851398774059
0.404735610447545,0.0014356060545162,9.26309898443139,1.37578963181951,0.460647898423907,0.0015118442277368,9.41265894488836,1.43464329399682,0.376331729109667,0.0010049242381613,10.718955116641,1.33197845387123,0.458868472681275,0.0010441292084243,10.7932600902043,1.36712382449634,0.358299532919746,0.0010613429141192,7.9184914165573,1.01122640042148
-0.0950267097498049,0.0015542515498572,3.49263079599838,0.539748470431318,-0.143085424613825,0.0016076450686386,3.32306984603338,0.52229112073268,-0.100447182305107,0.0010879760849,3.9619075254708,0.512261946890175,-0.142413472212483,0.0011146682376676,3.74559581402914,0.49019831124024,-0.0912505581960473,0.0011165173129168,3.33626388303884,0.436989710996005
0.123356851985932,0.0016605805192426,4.78533762762691,0.764399933755393,0.098968305332637,0.0017008787578689,2.82634700497125,0.456920082634564,0.113384636566076,0.0011624063634698,5.47591629229248,0.731836181209658,0.0657895095971814,0.0011481028331577,3.08533839360236,0.409799368218003,0.289028229554576,0.0011553036567516,4.3523658658093,0.579897927039409
0.0453627007772177,0.0015531370148428,3.00010737344697,0.463468017357638,0.0004175888933284,0.0016859606429689,2.81144885866527,0.452513969441592,0.037040284964183,0.00108719591039,3.38441934292851,0.43743765045074,-0.0413997954049006,0.0011164450024767,3.03184515547715,0.397103550981423,0.0823180868488846,0.0011516240586899,2.90767442578728,0.386793554081983
0.122332388040377,0.0014431147132795,3.02235787049911,0.450064129664653,-0.156782508694886,0.0016355051194133,2.88775947511176,0.457788689174216,0.107341759831559,0.0010101802992957,3.39794526540154,0.423344491224836,-0.216261192190111,0.0011032790690593,3.18476630336133,0.414665921986198,0.0798578055721595,0.0011177484632732,2.88718943007681,0.378377589824473
0.0034204513510351,0.0015224841261427,2.43790460438924,0.372881795298076,0.014317450752373,0.0016850744081533,3.19895653224459,0.51474953977392,0.0039649368685065,0.0010657388882999,2.75384315087353,0.352405513172868,-0.0040365883878126,0.001126300793574,3.43507509464541,0.451899142678979,-0.09671118573887,0.0011188200968388,3.21006155594055,0.420892877546327
0.108124474802816,0.0018089057553874,3.26465336587626,0.544280947983718,-0.0733628459176578,0.0017387997740149,2.91858610020316,0.477062614574606,0.0989198784866627,0.0012662340287712,3.65884019878439,0.510362221191833,-0.0708483650799576,0.0011880196798553,3.2158012781968,0.434489321926822,0.0579379244033786,0.0011811593310073,3.1424701074826,0.42335382156914
0.0317498019790955,0.0015561500143473,3.94593905732357,0.610174692237086,0.0070358973432422,0.0015525185997007,2.7552255568816,0.425552994463551,0.0119965318868171,0.0010893050100431,4.4502844978794,0.575758837335804,0.0007591133615269,0.0010549170858819,3.08012699918324,0.39215329956279,0.0938249010227239,0.0010840721930433,3.49271820659047,0.450786329390143
0.0572183239391472,0.0012981305519588,3.06089444486011,0.43230038819831,-0.038163781742821,0.0014341833533794,3.29053863826787,0.488480712138985,0.0725747573079263,0.0009086913863712,3.48560582645044,0.411874178035737,0.0091869828631357,0.0009713756798095,3.72072706679735,0.454568684101853,-0.0183253931025317,0.0009678222179789,2.9048353896776,0.354239843688979
0.130707600381311,0.0018156303907628,2.66639183367533,0.445364687179319,0.0972615002004773,0.0018450049744008,2.70462134222638,0.455389830663148,0.119966595909429,0.0012709412735339,3.0036826937501,0.419754036103425,0.114690659100407,0.0012787052899004,3.04846379811039,0.427311282195386,0.14170801474993,0.0012470231643994,3.72656696549532,0.515851000189455
0.177350888037814,0.0016130484460036,3.1929335428918,0.502680075396773,0.201359332823228,0.0016899051153363,2.78013657933219,0.447997281777471,0.173219750574513,0.0011291339122025,3.59191967843668,0.473126668898352,0.125557335851348,0.0011388370755975,3.00536893037332,0.39756365785517,0.209485640843236,0.0011493984929176,3.08953871072033,0.410588744156503
-0.0675890658240927,0.0015159298366181,3.50579057603695,0.535061381293103,-0.0321400493039404,0.001616518130499,3.45498028447738,0.544520143254577,-0.0398695657462092,0.0010611508856327,3.98641407374853,0.509036664543124,-0.0147095972826455,0.0011207957581179,3.75709595761065,0.493053008633775,-0.0144735855106124,0.00110607501265,3.34177632736302,0.43566006862112
0.0251364941254354,0.0014440243552146,2.85261744916038,0.424921670537561,0.0766672879658323,0.0015718867953267,2.98596764519568,0.464059659550895,0.0271870198537142,0.0010108170486502,3.17938808522722,0.396239628841174,0.0188965567977549,0.001098656057814,3.20835146339897,0.416860650262115,0.3179981986923,0.0011022285424862,7.07347425259026,0.920548532959944
0.148491435543601,0.001600425514843,3.46402199774881,0.543220888096954,0.0877920981493495,0.0017135450582797,3.4068279114276,0.55281020011827,0.157458196419372,0.0011202978603901,3.93498428078115,0.516283019951845,-0.0170812519366551,0.0010997189570085,3.82649620802257,0.497416548562283,0.113591883402148,0.0011547206261282,3.12499734558857,0.41626145812967
0.0707123840071845,0.0016755756319911,2.49825980522905,0.400864599446031,0.068289764834993,0.0015963935554354,2.70185168154283,0.423164838576978,0.0384654094123734,0.0011729029423938,2.75243310807233,0.369509746124097,0.0349283399533788,0.0010699748034179,2.88695473229394,0.370173083166554,0.0853946877676523,0.0011139744282016,2.55550121640496,0.334342657006994
0.189608262088365,0.0014265602083416,2.83074038698652,0.419105326857986,0.313387280581577,0.0015907730938619,2.79382674839095,0.436799040889144,0.184161890325495,0.0009985921458391,3.19308962471033,0.39553349634693,0.288540507315246,0.0010758069058945,3.05459355439994,0.392734163402445,0.241884299850416,0.0010023566876355,2.80440470166236,0.348040608573954
-0.0755137234924275,0.0015154910930351,3.92712460538889,0.599279555871967,0.0574608688401525,0.0017779003585187,2.57146742732863,0.425023382195271,-0.0602981238453357,0.0010608437651245,4.49167527201989,0.573471912637281,0.0737500977464799,0.0011714631808231,2.87161204612451,0.385272645279213,0.0120299080466983,0.0011358401644716,3.63596159510078,0.48034799787917
0.1328134284822,0.0015644598234301,3.10705348575815,0.481735912529646,0.259908949086019,0.0016222756593681,3.14483883485834,0.496522354987237,0.12272146797041,0.001095121876401,3.50229891889261,0.454320699211067,0.238680338928247,0.0010694780108492,3.4797815495398,0.446083333572652,0.11965625029212,0.0011075556075233,2.971090362092,0.387593707137348
-0.0491106192728901,0.0015748404491938,2.9259879941832,0.45516504973883,0.0116137630108468,0.0016197035306852,3.19389733586594,0.503868029588901,-0.0397093071687872,0.0011023883144357,3.2605923076257,0.424367275792597,0.0428568521483106,0.0009964693842685,3.48849862315171,0.431666774845536,0.0832002282325191,0.0010867547884806,2.85749412753792,0.369257405979923
0.0450868582803436,0.0015832915782252,2.38246952580048,0.371608716075598,0.100665615079882,0.0015333276908099,2.24812356298122,0.345076793323883,0.0429920968692074,0.0011083041047576,2.65400019984729,0.346344670183511,0.0721118741618337,0.0010328625883809,2.49248712292429,0.314001905417238,0.0933139497806621,0.0011013739762076,2.47268719205123,0.321673045803655
0.269215028845646,0.0018689116866105,2.42918749492282,0.411655112393422,0.322196185667868,0.0017821340940181,2.35124456548686,0.389086426830914,0.265524880569447,0.0013082381806273,2.7241643586833,0.386237825309746,0.339938999030593,0.0012593032921414,2.61321105259394,0.363511154917907,0.209150233936319,0.0011940041268782,2.34262393334368,0.317309866638412
0.102927686927056,0.0016895493017904,3.30111684281019,0.531893175017267,0.073509302710512,0.0016657249167497,3.41811556086425,0.54684779990989,0.0968318472624963,0.0011826845112532,3.71559329937602,0.500888098120799,0.0972212555321624,0.001118229374904,3.94283444827729,0.516835191526097,0.051963551007097,0.0011256768623438,3.07777643676168,0.404782778207028
-0.0350007451170533,0.0016458813928101,3.03775217348369,0.483091832075599,0.055263380504291,0.0015475475795016,2.88545556587009,0.444953351866175,-0.0349129188154455,0.001152116974967,3.44603094483166,0.458506553447482,0.0481937730021816,0.0010326967205489,3.28005402501139,0.413185890281398,0.0305454257776199,0.0010986027790049,2.77982332508693,0.361173292291318
-0.0024662013347665,0.0015419846172273,3.51284059374742,0.540725125436194,0.158427111764491,0.0016865021438535,3.48547004042928,0.561090466377617,-0.008963304352463,0.0010793892320591,3.97403427987326,0.511798178988989,0.128008386257826,0.0011518723876373,3.81010090759845,0.506893530421933,0.120468839424804,0.0010928684503286,3.64277158656506,0.472056488476392
-0.0944255278776799,0.0018029845414375,2.6097559213746,0.434384159766433,-0.148664325869256,0.0017673501140383,2.65060880055972,0.436802402482532,-0.104259791493182,0.0012620891790062,2.91668643248073,0.406174682544173,-0.15032873585533,0.0011873598041155,2.86291143114126,0.386702669926849,-0.131220549601678,0.0011736478791095,2.37427251281346,0.318843494633333
0.0351289660293095,0.0015232920998946,2.65785063867652,0.406630783333924,0.0950124352158303,0.0015805832537866,2.70488000101188,0.421536104407051,0.0324354098222078,0.0010663044699262,2.99618375730252,0.383519231889268,0.0834936545072503,0.0010768648168645,3.04337464567009,0.39148407372729,0.0402277123397442,0.0011044562420755,2.56777098583478,0.334509634681774
-0.138180409908019,0.00158014030018,2.56587266994738,0.399816775610152,0.0005335344818157,0.0016109393218625,2.53674158175318,0.399111191235448,-0.139881439675614,0.001106098210126,2.85641867070527,0.372388957749564,0.0016192651184883,0.0010195505589015,2.74418134824216,0.34347511561399,-0.0325781686258563,0.0011342765332143,2.54529966087348,0.336028783648691
0.0183943912141146,0.0017283557548832,2.69591658565865,0.439340365780608,0.110501742684555,0.0017164243424256,2.77381322901334,0.450471826381447,0.016092790302808,0.0012098490284182,3.05601332887476,0.416676416805842,0.147818795628801,0.001174364404336,3.12829891970519,0.420230694437393,0.0624904411443897,0.001124725771983,2.98069847435882,0.391849642893667
0.164686244548073,0.0015685515388057,3.07689124861371,0.477682828558572,0.116451650798966,0.0016505475786787,2.26058367249604,0.360008452146093,0.153943365059073,0.001097986077164,3.467651304518,0.450414043591138,0.131024114427853,0.0010669927163699,2.48113151381373,0.317693697314409,0.123340068050435,0.0011308020896422,2.79521628559103,0.368456994983597
-0.0657786258723024,0.0015156400989913,3.07187713056152,0.468791761478824,-0.0872365320198199,0.001626796408959,3.02718932077908,0.478612758851922,-0.069513163276499,0.0010609480692939,3.44381232550437,0.439708262171129,-0.169222263846505,0.0010775518946175,3.44934594076848,0.443847662251291,-0.0168192978828669,0.0010867713784341,2.82458750770303,0.365007860201739
0.0113730464323647,0.0017660583972102,2.54806633965249,0.419750621164418,-0.0183418824661677,0.0016435609556758,2.60874839357275,0.414575076117076,0.0224445200272467,0.0012362408780471,2.87922442953052,0.39683060146677,-0.0406658322421425,0.0010895290570076,2.87611427453197,0.372137668842599,-0.0319809217828961,0.0011871573688966,2.71640023011169,0.366881650842225
-0.150119272699023,0.0016281419663384,3.68368095857545,0.582647961282845,0.0493607953977953,0.0016539228499277,2.37172614176861,0.378094405062286,-0.119520233826591,0.0011396993764369,4.20637727455204,0.556649040047231,0.0610511607454499,0.0011229693304177,2.52031111799623,0.3310672257856,-0.0533584427564894,0.0011440691003283,3.39803926307862,0.450539224735541
0.415111337589813,0.0017315713855785,3.9028726817916,0.636623507467553,0.294357450080845,0.0018127337139357,3.70122386557568,0.61771827007648,0.403808353799646,0.0012120999699049,4.43701458309523,0.605533483757348,0.310564649143726,0.0012297239232651,4.11692178036208,0.565919310504572,0.277827365491501,0.0012216064935949,3.50117568934755,0.479686677952616
-0.222299775565918,0.0015850888884566,3.14485429330275,0.490800985478239,-0.297260551451644,0.0017258019643892,3.41839243931804,0.556667011467214,-0.205709295606883,0.0011095622219196,3.48120199988968,0.454551548731578,-0.259490069015284,0.0011805839558611,3.64364079883667,0.490752003693958,-0.211430120782448,0.0011435005706569,3.04024038494541,0.402999217774845
0.409048918536678,0.0015442230789095,4.42768917965207,0.682040607007748,0.445720515328842,0.001632529986131,4.51972022648957,0.715847022307312,0.419013577716814,0.0010809561552367,5.01469779111379,0.646289189700611,0.36333129828791,0.0011185708271039,4.74588702751845,0.622196017341357,0.307011502237354,0.0011248361010866,3.91662465179449,0.514913956070088
0.152620446867057,0.0013438658421182,2.47089460513209,0.355066963015887,0.052232027007536,0.0015174129933891,2.50458455061,0.382442090347273,0.135679924634063,0.0009407060894827,2.7537512868335,0.331077584109105,0.0478215318353581,0.0010606463763604,2.71344563908691,0.346405292224292,0.142144540897,0.0010139895276741,2.45725953542632,0.306722651994266
-0.0706236466180917,0.0016387046620987,3.00601101367551,0.477000680681963,-0.0359664803584112,0.0017635409824349,3.07773035008376,0.506642283199579,-0.0546849166920935,0.0011450397817643,3.37771386869126,0.448034267069592,-0.0346542319361765,0.0012566292404069,3.32732036815292,0.462355774213986,0.0977847092608751,0.0011769693226969,2.96370277727497,0.398561463988926
-0.0458574148480167,0.001553653585277,2.63308647938077,0.406836871019933,-0.118837758073864,0.001763852617891,2.46362886853736,0.405587459235505,-0.0535581108008776,0.0010875575096939,2.97620858847115,0.384740201476256,-0.0573118339699749,0.0012501796431674,2.61948763995197,0.363061879627375,0.0395678730435209,0.0011498016855568,2.84391128719773,0.378012013347532
0.141184240460547,0.0016910227560793,2.76212235328383,0.445241590208495,0.0005651408301021,0.0017892797663528,2.73332409378119,0.453219243673267,0.136482718514176,0.0011837159292555,3.09323986939104,0.417172269358278,0.0074546509845344,0.0012362551359176,3.03603977439176,0.418446170768058,0.118853397798493,0.0011808872277529,2.5401088780253,0.342164250127889
0.137256447301569,0.0015733492462674,3.11711868660355,0.484667606063651,0.106715964445364,0.0016868039334013,2.41359928980511,0.388575628915443,0.128965144259406,0.0011013444723872,3.55086106363626,0.461927007256964,0.137388303044292,0.0011437484584026,2.68050050135255,0.355352389672976,0.0796583078824745,0.0011242375473626,2.86854849271134,0.377024285506918
0.0830624802645929,0.0015710067149015,6.54131694974443,1.01632427784782,0.0921576585902499,0.0015818045852485,8.0527449725467,1.25544718461586,0.0689334709481111,0.0010997047004311,7.46702679222838,0.970652633042764,0.0161845873609167,0.0010046264509826,8.96972635976314,1.11444742519039,0.111833785454218,0.0011115131406901,6.70660572390787,0.876472234301238
-0.0468379036692678,0.0016658775034721,4.13684762011942,0.661864583338823,-0.0369611004262489,0.0017641863296177,3.58699047064322,0.590582448225553,-0.0502171127202288,0.0011661142524305,4.70585558136295,0.629922662818026,-0.0087412283468023,0.0012287954824086,3.88488764697584,0.533821858550377,-0.0208225847529108,0.0011834537080034,3.82510896294991,0.515819237491438
0.189684508686288,0.0014777156346073,3.82150962937068,0.575848817136081,0.150365866373051,0.0015868926131669,3.49249334024811,0.545365225913686,0.193386751403793,0.0010344009442251,4.32084079444226,0.544741930338228,0.122557471194296,0.0011097815309929,3.82011788171092,0.498854159564935,0.189758272081968,0.0010396537266226,3.56262559012952,0.450290336753905
-0.0572302933238406,0.0015465440436774,5.64038866104117,0.869497352310787,-0.110698732885385,0.0016279673543196,5.80096281183955,0.917489312245251,-0.0485995814901964,0.0010825808305742,6.45941720567506,0.833108545138643,-0.0884350791574202,0.0011063865792116,6.1281817571733,0.79903016266911,-0.0666414869214594,0.0011116295915728,4.96951027941733,0.649488894503311
0.266421865680771,0.0016477026253373,3.75272847667553,0.597124164074263,0.197292859817998,0.0017076959555445,3.6394806232394,0.589552890679276,0.264887842020692,0.0011533918377361,4.30809456744608,0.573524204906679,0.219108202420095,0.0011957739291046,4.01214596965234,0.543850274447488,0.179286109997779,0.0011405693498483,3.36962973618943,0.446088592132744
0.0801373511755588,0.0017149225582988,2.78952661352482,0.452825476109607,0.134655962128524,0.0017954449689816,2.76702443596934,0.459596941968097,0.066747916803615,0.0012004457908091,3.15755472701021,0.428844900148972,0.133696344278725,0.0013435236748876,3.00098037796692,0.43118525821075,0.0471441437118314,0.0012266546801165,2.57781493285374,0.353908490618738
0.189182142707527,0.0017119795173371,2.89362054439645,0.469319876872233,0.13712314376841,0.0018838566327067,2.78983488841222,0.474657679827107,0.199457395073885,0.0011983856621359,3.22385721166828,0.437473939487274,0.16886599977423,0.0012567324973168,2.94730723693728,0.409566965002408,0.137694893999105,0.0012113324405535,2.66269229300271,0.363271010527284
0.0436394507426918,0.0016062552987332,2.98059735761384,0.468261751728153,0.116260713785586,0.0017072250252488,2.95671425246115,0.478886755018823,0.0225870938422553,0.0011243787091132,3.29755615046793,0.433437609793344,0.0905660652884496,0.0012187469748925,3.3748883480128,0.461842900104735,0.117574206767304,0.0011160184949491,2.90231339070285,0.380065184429779
0.0172102177721108,0.0016459342642414,3.23463227391229,0.514409813676715,0.212570487155765,0.0016803115081902,8.53617242778755,1.37162744605877,0.0062106341991235,0.001152153984969,3.63536767229038,0.483706240818004,0.136647316565755,0.0011949200817602,8.92289071905934,1.20907458066233,-0.0033103641301979,0.0011640725734039,7.22037293028211,0.965667787399376
-0.0233481635819746,0.0016377490556528,4.40238543385216,0.698376839657474,0.022968584289038,0.0016562417943527,4.32111246217555,0.689343247824446,-0.0311408533966768,0.0011441317933492,5.02162684041382,0.665825694315461,0.0057789264673262,0.0011690667974074,5.40351704374923,0.724226272474314,-0.0331947981536936,0.0011539138571264,3.8974728804042,0.518976727261459
0.25132040465507,0.0016042884413919,3.35851487200912,0.527310706950711,0.158364650732442,0.0015347554644464,2.61865494185558,0.40213878033884,0.225561083888434,0.0011230019089743,3.77560673070768,0.495969631910718,0.169857787658863,0.0010768153380234,2.80982073459385,0.361432595220317,0.152100167045952,0.0011207684155107,3.14826690832466,0.41314982482681
0.0467305627143987,0.0016366720031358,2.60298537452482,0.412791400587128,0.0203451410519873,0.001692571864809,2.52891776353989,0.407836745393596,0.0567051637509628,0.001145670402195,2.90928486954528,0.386006112355725,-0.0288555631692132,0.0011840090164564,2.7313221684983,0.368407549371359,-0.0001139867449442,0.0011241422528281,2.38354049063458,0.313264553613952
-0.0903738461508862,0.0016377120799685,3.32064256800533,0.526767525948529,-0.140160100374442,0.0016951438763802,2.99202867870913,0.482888787304187,-0.0880879725394594,0.001148395372952,3.71181537978573,0.493071806513386,-0.183942410580268,0.0011265735457679,3.30144431062402,0.434372014569439,-0.107541623401297,0.0011438123819053,3.11972281462644,0.413591393049989
0.0570364569509793,0.0015786061847381,2.53955315541849,0.395523501801213,-0.160292329234547,0.0015960458393751,3.34121316784691,0.523244836344867,0.0559786999356595,0.0011077811040252,2.84441258347033,0.371105725159013,-0.0920855133261767,0.0010226754242231,3.56227472673147,0.446554434209775,-0.139460340170053,0.0011675505555545,3.17569462985617,0.425358062140514
0.123003901125284,0.001617328639907,2.88141636851669,0.454237771174066,0.115277539018582,0.0016595388404722,3.14929186808903,0.502903558990837,0.13396745053557,0.0011321300479349,3.22575271119943,0.425458609360976,0.104641421041222,0.0011201855840504,3.38300496538257,0.443839256177588,0.0887525511304582,0.0011849858638018,2.94104778324509,0.396859473592658
0.139673643012498,0.0014548821228657,3.28110135537107,0.490582030750761,0.206185005751939,0.0015237753883141,3.23038698079534,0.494302850949812,0.128779348084994,0.001018417486006,3.70009733618462,0.462864804888809,0.174872384336704,0.001080806165738,3.58777846976381,0.462357187005811,0.169157237751926,0.0010692801309692,2.95751574057815,0.379097482069393
0.002536461109322,0.0015672393378982,2.78298180719286,0.431873062100082,-0.0327045994778313,0.0015309108956277,2.95135891679646,0.452663076998385,0.0230162883881209,0.0010970675365287,3.08022940766004,0.399924335186706,0.033883154841143,0.0009435363331087,3.43110199508471,0.413134086866938,0.0136398085502135,0.0011358132772113,2.91359277297494,0.384911076123246
0.134002707955296,0.0015254796486399,3.5579633328244,0.544731843703607,0.138921350248692,0.0016213480127613,3.97047312074982,0.626698230947042,0.141690902960492,0.0010678357540479,4.03661332385993,0.517067766496784,0.150016483240775,0.0011069256275927,4.27482165261197,0.557513397582011,0.13589908673285,0.0011062583426162,3.72308491399325,0.485410657805256
0.082158377960188,0.0017114105323646,3.26329307257923,0.529189557795556,0.002755174580041,0.0017333617103242,2.75255192423734,0.449219092716027,0.0695225271052301,0.0011979873726552,3.7030439864441,0.502415555969278,-0.008018465357949,0.0011887696255356,3.12474690235638,0.422320130117604,0.0244422789032264,0.0011351401938024,2.99621131593965,0.395708407287207
0.232210189553239,0.0015563616419182,3.20042912302793,0.494927470638044,0.276342909444712,0.001556378279156,3.98535818175719,0.616315409989611,0.252362010933297,0.0010894531493428,3.64690305813047,0.471852852757527,0.275324893962797,0.0010372075271751,4.22776054925557,0.533729611760845,0.213409480031949,0.0011106077888409,3.61948548237951,0.472830282432254
-0.0552292278867157,0.001552755929833,2.68454357251745,0.414667637337176,-0.100665752858771,0.0018062061623061,2.48433838423797,0.413878146970474,-0.0395946918462381,0.0010869291508831,3.01796665083555,0.390025624887187,-0.0679164882260418,0.0012874293786518,2.73428552586835,0.384577310444256,0.0534201529985238,0.0011553011512136,2.58870175846668,0.344911526722128
-0.0850791255652437,0.0015542460934828,2.96949459400737,0.458902599591585,-0.0936073964051676,0.0016774205328799,2.99554238453401,0.480921876467901,-0.07520625628067,0.0010879722654379,3.35685486591024,0.434029815076738,-0.0434767289486708,0.0011742975695282,3.39706455588662,0.45632153813367,0.0214571126075109,0.0010816455934181,2.82733716922385,0.364500544960504
0.0220755446377456,0.0016729380887442,3.54813159745818,0.568876168191804,-0.0784087775974737,0.0016316895142897,3.51519912737164,0.556604585359119,0.0402210401223183,0.0011683870616695,3.95467301180868,0.529885501068912,-0.0453947286879971,0.0011308689932434,3.78469892193966,0.498902375049405,-0.0364586063898294,0.0011293602390021,3.33380963804469,0.439172493473728
0.0937311938222615,0.0015304375902789,2.80794930496564,0.430601126359936,0.325179233011004,0.0016502604403606,4.14383122238132,0.659866969194478,0.0773049871215052,0.0010713063131952,3.12615292083996,0.401093050432062,0.271522222268127,0.0010892759813602,4.52584408099822,0.585526612148932,0.272364757581078,0.0011457123696098,3.61176470899595,0.479220444667117
0.0111298946032695,0.0014229603702269,2.65257595594981,0.392231363709175,0.022588812233805,0.0014527329796899,2.60652690064203,0.389433399769384,0.0144160863205708,0.0009960722591588,2.99402862837587,0.370407232371009,0.0683830352994772,0.000987369538454,2.81476550414926,0.346705051150181,0.0592113202324484,0.0010107089219464,2.45887685583238,0.306427625294144
0.213939237726738,0.0016285738538451,4.84807015732306,0.766921144453069,0.303238341108815,0.0016070966494229,4.75129619102545,0.746639890714582,0.20078233037117,0.0011400016976915,5.57498345395893,0.737860766215194,0.20765893475924,0.0011001578814703,5.47267644310038,0.711549907132207,0.19293606170494,0.0011318741965755,4.24033048087942,0.559212502006063
0.151669248158288,0.0015892092415864,5.2589714517051,0.821806252,0.118642733025664,0.0017091781038612,5.22724166118254,0.847118810350675,0.124361897363535,0.0011124464691105,6.08974281033723,0.796189780683787,-0.0129402136520266,0.001165008415379,5.61974269718732,0.751898207616375,0.181250272669005,0.0011633992749191,5.23755353133781,0.700278762905642
-0.0822510477831607,0.0017241874401699,2.72553090619085,0.443630540549705,0.0480174056973972,0.0017927941917909,2.79982874666154,0.464702247797391,-0.095656042399329,0.0012069312081189,3.02736250924025,0.412271936859653,0.0878694061213516,0.0013034993450965,3.13962393970493,0.444335617518257,-0.0861865538063835,0.0012319452090074,2.59536397166926,0.357085367899162
0.0542902661638685,0.0015253799291248,3.1641676461233,0.484425042506824,0.130090012895679,0.0016574081253675,3.22897130114311,0.515296275628745,0.0604743025181946,0.0010696315500637,3.60659594614738,0.462373227136238,0.1360299369399,0.0011409895770489,3.5693119294555,0.472610568144735,0.144628930606328,0.0011045804472253,2.93857279171302,0.382836392746007
0.133132145936779,0.0016576120672768,4.25759529864246,0.679491321362573,0.126620499308102,0.0017773795513752,2.49821376031341,0.412855212834775,0.122733774174946,0.0011603284470937,4.87693038162294,0.651201080689902,0.111780158364297,0.0012498521028929,2.81713183448588,0.390404280395973,0.0661697799517382,0.0011616159331887,3.71354045556183,0.496132327737198
0.199517447782631,0.0015076978493616,4.24174040805302,0.645623501389041,-0.0728260307547612,0.0016757349920986,3.57324288208556,0.573380994047708,0.189419744981946,0.0010553884945531,4.91687207550021,0.626142486499299,-0.0477260912599746,0.0011520627417244,4.0183955343712,0.534649093711107,0.0216984094942382,0.0010755666060045,4.17747777521829,0.53704526229602
0.233688768313528,0.0017919795864487,3.21044141193839,0.532732711267198,0.290096177181153,0.0017095758017601,2.92361522414262,0.473851742922473,0.230124730572381,0.0012543857105141,3.65178628253534,0.506989527609644,0.26820819665983,0.0011620101450656,3.2961859654071,0.440448111740105,0.218346159727587,0.0011970055866824,3.10187778775983,0.420679024541777
0.16953035463153,0.0017343039140957,2.82401534367245,0.461007234596144,0.192198958272556,0.001718987696855,2.53624923301542,0.412198492914596,0.160523608397741,0.001214012739867,3.16972464588596,0.432923584348356,0.110267504264205,0.0012448805832225,2.73238068608092,0.377905436892643,0.124775298981339,0.0011921792751036,2.67951950870794,0.362665124521001
-0.0436143722558442,0.0015582565066971,2.53629775252675,0.392462167501754,-0.0137750902563445,0.0016899409000612,2.44278810819131,0.393640379894741,-0.0485503181469103,0.0010907795546879,2.83012048951235,0.366396660586941,-0.0527086810502938,0.0011193558229672,2.62657610549784,0.344470596570647,-0.0395080674306098,0.0011104026217707,2.32101718548995,0.303177300772099
0.0712924834586709,0.0015807176064728,2.89182952349282,0.450689997165525,0.660946328394892,0.0017163842091379,8.29798044235983,1.3475899043671,0.0636056901144805,0.001106502324531,3.28994517905754,0.428985796624892,0.636066429043815,0.001174722762025,9.10526839338734,1.22331564664075,0.485755570764054,0.0011437320111536,7.01994481907195,0.930623303186305
0.0438246443839692,0.001723642099176,2.81838897389153,0.458672354038698,0.153872265835744,0.0016382685057409,2.78022780386316,0.441114171190589,0.0331382213889291,0.0012065494694232,3.18704672988062,0.433949392303256,0.133856693605911,0.0011459582765443,2.9913743391329,0.396947666566362,0.100782563213845,0.0011505013657683,2.74235087159065,0.364623517211147
0.210183375954333,0.0016454542828541,3.14426794606821,0.499966085110629,0.169892665932421,0.0017791018548036,3.43979870074733,0.568737050038751,0.195888858144759,0.0011518179979979,3.55939418707661,0.473528479253015,0.343001254204462,0.0012142708627244,3.90323640406331,0.533163891648716,0.177938068128151,0.0012218573322749,3.09495007091774,0.424074328954141
0.246984467007197,0.0016604586508763,2.85791431939759,0.456500569554114,0.385036677617366,0.0016700397666453,2.85196507699854,0.45686269379222,0.23136573612526,0.0011623210556134,3.23366129717003,0.432151144979026,0.366262813487484,0.0011286693300161,3.08836684793586,0.406715131707703,0.253798033154529,0.0011375400553185,2.61480472754545,0.345701048875145
0.0338006278610937,0.0016224397648393,2.68004928359757,0.423160535520919,0.0083870538275357,0.0016910777528093,2.80261397469697,0.451776002171826,0.0416029979501966,0.0011357078353875,2.93695932689953,0.387979992092748,-0.0088226531945547,0.0011579888560475,3.11852272732671,0.415986455392778,0.0296622856879225,0.0011114314272165,2.6438071434838,0.345500909398988
0.0504388293192056,0.0016440183294259,2.33421812142761,0.370999095362087,0.106912347009904,0.0017241248875827,2.57454258040164,0.419046797677248,0.0497496889945257,0.0011508128305981,2.56822844808871,0.341518383865231,0.0410436401470036,0.0011608841569352,2.76888445053565,0.369808901970993,0.0512974619726955,0.0011649704364024,2.61356303514504,0.349678167813224
0.0086269710247986,0.0015678881305257,2.65178080552813,0.411597990305959,0.0058084367934344,0.0018036260934563,2.54033103720551,0.42290386659374,0.0050449955165731,0.001097521691368,2.96022286620921,0.384422724090109,-0.0148164838616243,0.001284753451397,2.69269462645502,0.378333751544064,-0.060720818488074,0.0011620180420421,2.4542699900836,0.327949414054849
0.0276730788190668,0.0017729465403623,2.53733583337648,0.418797287123345,0.0058613031461301,0.0018077607389981,2.77625414180994,0.462708823480945,0.0300230042499802,0.0012410625782536,2.83613274942225,0.391653021843065,0.0094682743093937,0.0012940220858555,3.02347384430444,0.426339083238605,0.0140893705535638,0.0011889117325199,2.45137692164274,0.331331698052357
-0.17517037699604,0.0014435661843973,3.58325499099964,0.53367167288857,-0.265787285880553,0.0014996320043676,2.70293271479132,0.410303925125558,-0.171394771183294,0.0010104963290781,4.1286404813027,0.514461077825147,-0.281877304614439,0.001044795041026,3.02540066843465,0.383333289971807,-0.262004658351761,0.0010480000757276,4.17136682423842,0.529342941630817
-0.146972498064582,0.0015473611927848,4.15608548468599,0.640852981010213,0.0569916606559715,0.0015764761323484,4.01461627517231,0.62483568928801,-0.114679313371392,0.0010831528349493,4.74941086512927,0.612720905722563,0.0653182741513347,0.0010593633621551,4.46549971937868,0.569732018995896,0.0458701637396527,0.0011454535325153,4.08766960685947,0.542303753738582
0.0034556938318081,0.0014967307887446,2.68973291983332,0.407905058667424,-0.0102086252549208,0.001550269490675,2.76333727376341,0.426496608396427,0.0084982092214583,0.0010495348769015,3.00075854923354,0.381072471201336,-0.0309870204560317,0.0010282421229207,3.06715024595846,0.385532356549454,-0.0122904203103929,0.0010584531703348,2.66670802877917,0.340086489489705
0.395841580457423,0.0018146134010305,3.62433163805937,0.605198821674399,0.24174640402308,0.0019218919315538,3.80690954932737,0.654206909569906,0.387350331431658,0.0012702293807213,4.12337366745631,0.576065487005536,0.268329833863133,0.0013110910748772,4.04335132525213,0.573899697497436,0.252651298620804,0.0012810517347284,3.3408926020358,0.46873127951158
0.345703806226347,0.001819588743165,2.72452285562409,0.455570047734548,0.222356859860006,0.0018142490017559,2.54739269538608,0.425326490124032,0.319697671164584,0.0012737121202155,3.01803221189459,0.422218830195429,0.173504203825577,0.0011965705649897,2.79313490252525,0.378738239421833,0.215273901573117,0.0012400960021332,2.65788155683919,0.36689463730623
-0.0877522257637731,0.0015696910749549,2.79635493537593,0.434287646457472,-0.0782387072838195,0.0014515680384816,3.10970739682713,0.464425772222286,-0.0898465973697883,0.0010987837524684,3.1577890189316,0.410314922002879,-0.0572200207952481,0.001021900053433,3.37568437341358,0.42300366568369,-0.15282718635397,0.0010624970445408,3.21590359338896,0.410908356061036
0.177478134943531,0.0016458047930025,2.80759438695033,0.446479592931843,0.333714736646038,0.0018275643975208,2.51594713019632,0.421614891544292,0.161057930020709,0.0011520633551017,3.12044480310964,0.415176509085445,0.285147566404535,0.001232791844259,2.75808540889862,0.379603907025903,0.180544174686116,0.0011941473440754,2.69675611933546,0.365299197460166
0.130355819022819,0.001624126019706,2.4987198534885,0.39473489139552,0.0244077266138438,0.0016659920888454,2.60449494636206,0.416713982555068,0.123436554238116,0.0011368882137942,2.78560460157305,0.368176817974694,0.103910230601269,0.0011133120128129,2.81927322158542,0.368742928590428,0.0566197526575348,0.0011578044472197,2.49358640887637,0.332598369286139
0.129145994898667,0.0016107314835182,2.67057104386346,0.420139772778078,0.0389308958833299,0.0017126585987328,2.75412544004996,0.446783579467026,0.100711888371524,0.0011275120384627,2.97958142166268,0.392187672164556,-0.0467902754348036,0.0011114438605797,3.02271132417375,0.395019491257476,0.111931495993663,0.0011394120872992,2.75298453418279,0.36426904691082
0.185794983162355,0.0017369754409865,4.68491568942249,0.76537928761912,0.201389921369196,0.0017589456605919,4.87060302971879,0.800731719698573,0.172629480189171,0.0012158828086905,5.34977400988709,0.731239060911469,0.184143215823227,0.0012523339228081,5.11616488836003,0.709712888131398,0.122678255485785,0.0012074015106795,4.24873236275674,0.57871310738568
0.237135499085018,0.001509487198799,6.22017616522656,0.94731734389012,0.374978082805632,0.0016026682878435,6.3485729656678,0.996267639435331,0.218081254265396,0.0010566410391593,7.17076863012024,0.913708223782552,0.367157008111678,0.0010774766631828,7.36758418086377,0.947997363999151,0.172313809652614,0.0011108698822174,5.37805340888522,0.702643112781948
0.122542271172684,0.0016276179809505,2.59109078116791,0.409766976561601,-0.0048687149313055,0.0016577974843526,2.91321056397893,0.464960115991344,0.114843265939217,0.0011393325866653,2.8346583700085,0.375062869432051,0.0430406693503833,0.0010518427129989,3.18647993783836,0.405102269715419,0.0560180237330011,0.0011574038418207,2.79073989855737,0.37216875353067
0.0326141452926437,0.0015698722448395,2.54415986708035,0.395143315795437,-0.0159303027631688,0.0016017903678542,2.67382135291343,0.419481983398586,0.0188771611808366,0.0010989105713876,2.88868123930969,0.375369414719159,-0.0273224907590432,0.0010880023493022,2.95358228251262,0.381893333694882,-0.0134317724993213,0.0011207308384694,2.68524075197985,0.352380589191756
0.288307178620433,0.0015319385193829,5.64117065437074,0.865501834739189,0.157089152351794,0.0015184807960054,5.74188926584409,0.877076654424621,0.296283164487899,0.001072356963568,6.52415676819864,0.837475600574048,0.320513446545083,0.001015492499621,7.64564362570142,0.955059651552018,0.160156872144157,0.0010217360026798,4.86554003071748,0.609647061857821
0.246819188317717,0.0016287706715155,5.72110558041049,0.905082191038925,0.174420870693203,0.0016749475744216,5.87068202053221,0.941818579658294,0.268190242019022,0.0011401394700608,6.67309011123226,0.883250854878736,0.0849866725917629,0.0010438182264395,6.41222580192179,0.812080967114647,0.255331595810259,0.0011371919192918,4.96746125774023,0.656643210020563
0.08728455108256,0.0015596924695757,3.21097287864126,0.497089067370652,0.0058057373889802,0.0017337232969956,3.24703098075101,0.529973813925021,0.0803044156800653,0.001091784728703,3.60974536241141,0.467544724961485,0.0310358587165938,0.0012195343707096,3.62647544879374,0.496432094132856,0.0348441191755716,0.0011703701845976,2.99141795538848,0.401159247087783
-0.258223367737783,0.0016789484809008,6.67945637063717,1.07284724193088,0.0284530805856575,0.0017216116208509,2.52765196448116,0.411114651458535,-0.239138617728093,0.0011752639366305,7.66258182936709,1.02972419440131,0.031460012477306,0.0012117561843715,2.70674893656589,0.369346241491964,-0.200375460883046,0.0011856645676979,5.83717272915866,0.787882677846285
-0.182900385084397,0.0015062541587291,4.90204585776972,0.745769445002345,0.0458729672464132,0.0016926093392468,2.3655824910684,0.381500006937167,-0.174906531654881,0.0010543779111103,5.60745086655999,0.713742755365828,0.0622624436199669,0.0011217920386321,2.56114756877212,0.336255089057421,-0.206756010094199,0.0011135572245454,4.28480387335105,0.560486691009095
0.216098898841948,0.0015399691654168,3.74620806392638,0.576269976572449,0.0576903426043689,0.0015213373148191,2.69296855611993,0.411739116214483,0.190667543077822,0.0010779784157917,4.26078900538849,0.548369318306467,-0.0201359338792343,0.0010609734276056,2.99258266050288,0.38209952290538,0.193753470892138,0.0010431221087664,3.42609613047117,0.433755711266673
0.012138039120098,0.0016930029863942,3.04591192219337,0.491274576097074,-0.171770315101684,0.0018295647782981,6.06049920561779,1.01615598814641,0.0099572844582684,0.001185102090476,3.42822793612771,0.46262133590867,-0.274373691950129,0.001203790826518,7.27010301309021,0.988767461181974,-0.022579592510183,0.0011651367738289,5.06752044388932,0.678050516188729
0.0759269890599464,0.0016004377699259,2.61722154692456,0.410428934154832,0.0231190434576235,0.0016046898311979,2.55384666347292,0.401022236770333,0.0513720234827662,0.0011203064389481,2.91080695795561,0.381909012405177,0.0261668051854817,0.0011195738041225,2.82789045631107,0.370908710953163,0.0019289414737481,0.0010747631392827,2.48081951574165,0.318808313563015
-0.121580797398752,0.0015664135781119,2.87713113846438,0.446365852857528,-0.111290993975083,0.0018162835590887,2.80883172900746,0.469240657770617,-0.115936483023556,0.0010964895046783,3.26379070819926,0.423645529505946,-0.11212860182102,0.0012482676478583,3.08128287937242,0.426740159235791,-0.0879077825021422,0.0011928433206167,2.61815805745552,0.354458707430145
0.0519661493203794,0.0017550082792483,3.02663751415594,0.497024826276378,0.178956241200413,0.0019946680656984,2.97998180324784,0.521707423198279,0.0359052603458672,0.0012285057954738,3.44120832147104,0.472800204719187,0.160714611524208,0.001301348743277,3.18051476439499,0.449751221109768,0.0127345781783922,0.001299653439811,2.93601945954869,0.414907033144214
0.174043283353439,0.0015346619105005,2.55859733616229,0.392903943011701,0.0085211863120839,0.0015367225164332,2.88267367584351,0.442966921191948,0.171732404176786,0.0010742633373503,2.85245247235123,0.36648135184535,0.023719587797134,0.0010228344289825,3.20055783925352,0.401242045502097,0.073976127052753,0.0010820998729192,2.57259945931933,0.331729377484967
-0.108709062611053,0.0015730756291721,3.3033811744611,0.513584108955165,-0.115635141997025,0.0015374595446057,4.94867319798085,0.760621697326157,-0.113940882809443,0.0011011529404205,3.7353399848682,0.485883381015993,-0.164713630889989,0.0010756214966718,5.329573590963,0.6851730723082,-0.108549700235393,0.001089703669752,4.25325524234473,0.550368715456303
0.151088102253143,0.0016590961555185,2.46718856731538,0.393927417633667,0.034030777252903,0.0017539140822129,2.87522245484156,0.472012712818601,0.151524306326509,0.0011613673088629,2.71725086301779,0.362988294691675,0.0450299922742192,0.0011997991087307,3.10151623307874,0.421120528610802,0.11894005042781,0.0011330130684904,2.8206512138273,0.372173060043936
-0.146315762263213,0.001623811738275,5.18593711368653,0.819168362807553,-0.169916408141046,0.0017144320756023,5.23230402771913,0.849241481938578,-0.12908150383874,0.0011366682167925,5.93058547654374,0.783776999519689,-0.279954468033898,0.0010949790677303,6.54626547098001,0.849130828202431,-0.0781723421646474,0.0011107796104124,4.53928726577135,0.593034151236562
0.238131507200679,0.0015814137868588,3.16686734908436,0.4936631606543,0.175576022470295,0.0016078878660456,2.81571332623214,0.442582667354134,0.239513823983249,0.0011069896508012,3.49279971625662,0.455536887507002,0.106409000135269,0.0010871343480498,3.02386924992442,0.390825330728826,0.209597145636991,0.0010743315332458,2.93952733323315,0.377680664105796
0.229820189209195,0.0015974811370572,2.85035922093047,0.446576177633271,0.167740128456209,0.0015500481308592,2.75916627412147,0.42582244716682,0.22735160092228,0.00111823679594,3.22552241814209,0.422809795916076,0.136968253210657,0.0010919630843839,3.01485727717123,0.390524983310644,0.129846682605973,0.0010920495108746,2.60473670344229,0.33741398629669
-0.0267492937347634,0.0016478513129674,3.50034247210189,0.556990304493781,-0.0278716292682286,0.0016465210030553,3.54041656312203,0.563139625906901,-0.0114066131851781,0.0011534959190772,3.99112335178254,0.531350713885069,0.02396007790269,0.0010600759680964,3.81150613587372,0.486455596897696,-0.0004762125765193,0.0011638514815776,3.29001617593089,0.43997186133791
0.177025721378513,0.0015907267827333,2.42653969109437,0.379370260526679,0.197902472213081,0.0016859773074602,2.3266527228331,0.374485937795126,0.156956506691631,0.0011135087479133,2.690113019011,0.351880685708035,0.189266038166404,0.00117502721949,2.50554022328111,0.336669232894818,0.124446427858706,0.0011715307744823,2.31579737849487,0.310710189150121
0.057984211507064,0.0015142409501081,2.49258998106778,0.380212530060701,-0.107465045371414,0.0016508737784908,2.53181812475941,0.403243639650633,0.0654922815725305,0.0010599686650757,2.80227363459096,0.357630986610325,-0.109694187488537,0.0010601988240435,2.87550298619826,0.367016482595997,0.0235709374635145,0.0010552273334882,2.43575889282646,0.310159722608971
0.144269321163526,0.001609961395534,2.77119992275769,0.435866685675079,-0.0014257560260148,0.0015691388075745,3.51102106234502,0.545182872005502,0.146289807834585,0.0011269729768738,3.10484836525523,0.408578239545868,0.0048468930213976,0.0011225497508314,4.09953070865534,0.538412370403101,0.004632119044066,0.0010815227362793,3.22914353901689,0.416277812681688
0.137416890931162,0.0013939966633186,2.72241229158764,0.398439925952423,0.16959526819952,0.0015725225929393,2.47036743968275,0.384006068934705,0.11722572001736,0.000975797664323,3.08119567920155,0.377291702321895,0.191208164393445,0.0010408232617986,2.83697604692271,0.35877506402959,0.0664483878060546,0.0010282761254456,2.58338025746255,0.324729167563638
0.0867526929449733,0.0016367361375757,3.30734739186874,0.524502106072213,0.12190322501638,0.0017692424783011,3.32416418404323,0.548092969804283,0.0936267059254462,0.001145715296303,3.75935547930084,0.498803895221432,0.0603916752065876,0.0012057544985003,3.82014436343452,0.519980799411942,0.0777388486511389,0.0011467349482157,3.09452029244046,0.410773998825161
0.0666033242977437,0.0015152538605576,3.39142579223049,0.517491362077711,0.0849262186120247,0.0016323477814339,2.20134078549671,0.348635585191588,0.0533997642031862,0.0010606777023903,3.85765102200395,0.492484700650946,0.0603482128293188,0.0011548942161862,2.40285226785525,0.320093061458591,0.0350516496961925,0.0010881226284101,3.10993454990718,0.402131650906396
0.0144629009224027,0.0018171885216607,4.45367966183193,0.744212663386857,-0.0524645763569354,0.0018516074937819,2.90949119513076,0.490760498371183,0.0211660465828308,0.0012720319651625,5.04376389404924,0.705150547699842,-0.110653913502592,0.0013095812228806,3.26907630562145,0.463734454473041,0.0386020200854809,0.0011946430889304,3.91254606026164,0.530098575885489
0.189005996536082,0.0015397754191935,2.58561226947084,0.397713357920551,0.135467664115005,0.0016031339087983,2.47468701509199,0.38840361765273,0.178967237712214,0.0010778427934355,2.85814273138906,0.367823701819271,0.0854622833329,0.0011157978318966,2.6525758725931,0.347327090486408,0.147823209704997,0.0010890298646013,2.50000401288129,0.323399010881934
-0.0754145488729224,0.0017491855177235,2.82863118229381,0.463737640308605,-0.0938104253958714,0.0017174603081644,2.78491883316942,0.452411861912863,-0.0736104789133349,0.0012244298624064,3.20793209453027,0.440017763960937,-0.0187007983741867,0.0012201481480091,3.05054228597099,0.417697060222895,-0.111216832605265,0.0011866558566965,3.06621354246531,0.414040550784005
0.0954619618081621,0.0015934004524074,2.83658436030936,0.443850035352529,-0.0214792767254277,0.0016358729828988,2.49677708789287,0.39585182083175,0.0825890607967595,0.0011153803166852,3.23257938064343,0.423193290101834,0.0518902828081333,0.001038306817797,2.75535957287995,0.348032035564279,-0.0216362742549424,0.0010616975178046,3.24771912342639,0.414817385819621
0.0060053085098435,0.0015437482760282,2.48175097826253,0.382229789476969,0.126357212907909,0.0016522830025427,2.78115948569808,0.443145351990836,0.0072700753790081,0.0010806237932197,2.7852778161778,0.358908603998072,0.158652188732163,0.0010874665754157,3.02056421968607,0.390457814371834,0.0317775862074282,0.0011613262725372,2.72562621023177,0.364100695993361
0.195867725442039,0.0017153782682493,2.6370620563928,0.428132688918365,0.107843326991916,0.0017724491987963,2.47649933029944,0.408698646824532,0.168185183803643,0.0012007647877745,2.96484468353193,0.402725385511395,0.0364843194701582,0.0012266190381465,2.81112547257504,0.385934112803297,0.173141819050963,0.0012077950533231,2.5239090560246,0.343833677176324
-0.131079716618037,0.0018208267050886,2.25116761545711,0.376547896943886,-0.0357331875525526,0.0016781492373187,2.35877511090085,0.378773784509872,-0.119383582836242,0.001274578693562,2.4439735547354,0.342025050838955,-0.098765699418251,0.001143970300019,2.61438062801076,0.346620526983283,-0.0994134340742146,0.0011145072443375,2.26485839247519,0.296387980785229
0.0322814603796643,0.0015994671002768,2.34000335146583,0.366844677070604,0.10292150382245,0.0016795303495589,2.38089687257828,0.382483407046537,0.0264601786685821,0.0011219242002849,2.62171320772391,0.34422707509214,0.0814152550095415,0.0011622044660424,2.55108964406702,0.34091418846591,0.0934800582400677,0.0011409262569712,2.23304146204197,0.295667548969079
-0.0581657256681705,0.0015573069599852,2.72326895605765,0.421265345527313,-0.0327373830820241,0.0015503366276885,3.15718023491107,0.487293328812882,-0.0500505152822166,0.0010901148719897,3.05261855452723,0.395081558798276,-0.0431364760080899,0.0010084555929319,3.53505143911457,0.440050190988595,-0.0480346208039756,0.0010865557682082,3.06090672610145,0.395507017152348
-0.153470230502726,0.0016383435589941,2.76999497542499,0.439500685727382,-0.114319855635508,0.0016054931289924,2.84929606326811,0.447527668007145,-0.1516687280507,0.0011468404912959,3.12097982760002,0.414305365166116,-0.075204167311147,0.0010842095814466,3.20804261250945,0.414071019409611,-0.0801888252102464,0.0010844943606297,2.63288569792039,0.339878537712842
0.155336503247125,0.0014787525770564,2.80180295083562,0.422341183200509,0.232573196860064,0.0015180512254501,2.81431846497085,0.429827838824767,0.152849365404375,0.0010351268039395,3.17076063467272,0.399887953808987,0.206403003930933,0.0010082665110762,3.08307805998098,0.383751670223978,0.195754010939905,0.0010460259115357,2.76518454340355,0.350568934524796
-0.113382372827583,0.0015853002363949,2.55102262423734,0.398151319300382,-0.0938670278572121,0.0016654327978169,2.72564221168217,0.436024095352389,-0.0971266939703873,0.0011118933287664,2.87260958107315,0.375479519645749,-0.0587210918561852,0.0011478416049366,2.95056364983695,0.391853793528043,-0.0783661647182257,0.0011736880989129,2.5287309330824,0.339591693146815
-0.0228247754373629,0.0016657028741265,4.50768349416318,0.721157739602345,0.023061014699314,0.0017521077127392,3.80862446575815,0.624923188935317,-0.0476960708883506,0.0011659920118885,5.05438096994219,0.676540574174687,0.0641712365350735,0.0012248655487769,4.25482351841149,0.583719023967197,-0.0772983115150331,0.0011811529227284,3.92282724695463,0.528482163531579
-0.273274481200047,0.0015699836846391,2.94747555892964,0.457800084834457,-0.0893984474516647,0.0015248755338056,2.96950680141143,0.454547851343719,-0.240934864880937,0.0010989885792474,3.33340229035532,0.433174024239993,-0.10281213298984,0.0010512547870133,3.31371517382781,0.421160135124453,-0.155784445604348,0.0010678391084241,2.98566157232571,0.382447279835208
-0.0903250368927192,0.0015858853219823,2.80093788968256,0.43723755287846,-0.0086420659530974,0.0016938008378633,3.44762344046966,0.556197564968369,-0.0816936762827685,0.0011101197253876,3.14945481985902,0.411337570910915,-0.0175272490475632,0.0012243474419538,3.77442564032931,0.517703736595041,-0.0484835475510794,0.0011311086407533,3.0947470973719,0.407995535640294
-0.0291182251436711,0.0015518037145972,2.5324569407773,0.391055636552658,-0.0759671204397149,0.0016862559799735,2.4592453760899,0.395860074072967,-0.0360429981053106,0.001086262600218,2.8660378375168,0.370277582764192,-0.070553445180648,0.0011014161752989,2.68708733365529,0.349571158293609,-0.0251303985983641,0.0011548777250173,2.40378232373525,0.320214671471484
-0.033108196197481,0.0016399184966413,3.82553959844711,0.607270131000042,0.0283268375331068,0.0017483674261808,3.75440212479588,0.615368451123064,-0.0526983702053226,0.0011479429476489,4.32926150785549,0.574979100193125,0.0670385083583658,0.0011784031188205,4.21985892633088,0.567836049614087,-0.001380191002271,0.0011053216416349,3.39385450348608,0.442298680034765
0.0828159137950539,0.0015778650472605,2.81672062799083,0.438588044358042,-0.0334463831174305,0.0015600723650412,2.70165732780168,0.418293120387942,0.0699001478950542,0.0011045055330824,3.17406619685877,0.413502380943745,-0.0321203904681302,0.0010479935343728,3.00800122202908,0.381711633889475,0.136493298843646,0.0011241912830527,3.20521234540013,0.42126463348436
0.222156041589809,0.0017830646109547,2.77536533677741,0.459390263938118,0.032148355456797,0.0018231822233926,2.73157101761106,0.45719936829435,0.194837998290885,0.0012481452276683,3.10052222924534,0.429383642982301,0.0296423593703403,0.0012376694395613,2.87112423289392,0.395942759152131,0.174230788103074,0.0011944608078805,2.66144724820033,0.360563616794531
0.0656103456252636,0.001734139013807,2.95213736225416,0.48189964056064,0.0598728724658233,0.0019464233143553,3.05445032164949,0.528238196747897,0.0800613314746349,0.0012138973096649,3.31358232595956,0.452550267817422,0.032948168829597,0.0013437831924582,3.31333899554632,0.476111378727113,0.042145222964639,0.0012051116839802,2.82983659136617,0.385081888677968
0.159669773088118,0.0015406831762382,3.55928445531057,0.547642891317432,0.318542057731087,0.0015839064041117,3.84242269145223,0.599443123326052,0.158472258231791,0.0010784782233667,4.00301700317747,0.515313133974487,0.294283889939981,0.0011310001152797,4.32860777022607,0.570634001827541,0.192319716191735,0.0010795849168253,3.4776155779014,0.44790722036316
0.0880224432517645,0.0015695904599245,2.62705019101898,0.407980712553095,0.0596694910583264,0.001648961999995,2.25512560124675,0.358966686103758,0.0689304668518625,0.0010987133219471,2.97717998707571,0.386834654055442,0.0749998522739572,0.0011072168414938,2.45234907066303,0.31987236145342,0.0864945159325803,0.0011713640635678,2.49875036702293,0.335233109675453
0.0874032840913704,0.0015999726487433,2.865001853189,0.449220196176767,0.0252473128725716,0.0016439008777088,3.19306943931012,0.507486230977362,0.07900543767368,0.0011199808541203,3.20427176276765,0.420351623004148,-0.0124450482511785,0.0011468202298443,3.59863899360321,0.477709679114607,-0.0252778013668162,0.0011107253530927,2.90367112148156,0.379340187501847
0.0377205990697371,0.0016035091526609,2.88583284396317,0.452986208845723,0.112763825963124,0.0015714605458968,3.00348030890803,0.466718070803326,0.0317499598379354,0.0011224564068626,3.25453606774074,0.427417123464449,0.176610961860702,0.0010555758895441,3.54628878891419,0.451644698480238,0.103012421056376,0.0010976382220721,2.76645584007055,0.35927867436955
0.139975464146354,0.0017627532519328,2.49458381806572,0.410555571139458,0.0617270532883381,0.001778431670178,2.54886759856375,0.421350928273341,0.130671744455265,0.0012339272763529,2.79308902535625,0.384598554248298,0.0298037958230609,0.0012425494506576,2.81362524967872,0.388777551473737,0.0306670544182306,0.0012018752462788,2.29667709808459,0.312110027334404
-0.0019274896097668,0.0014640567060217,2.5316702587868,0.379720614894687,0.0935965875109332,0.0016748632294611,2.43673560763741,0.390909450855648,0.010862375912377,0.0010248396942152,2.81093209985042,0.352741380965009,0.121858217931414,0.0011716269564722,2.62869720166795,0.352706389396364,-0.0078408664078288,0.0010805983329354,2.37087862719842,0.305505866985508
0.142871449312564,0.0015082172455646,3.16440650318127,0.481728461676652,0.124606308348261,0.0016293014819971,2.90675517542676,0.459925265095146,0.139793304872045,0.0010557520718952,3.63260737890703,0.46267658208165,0.123443358207936,0.0011445505707259,3.1709147877097,0.420513701774911,0.0981932956421827,0.0011042953214049,3.22008517750867,0.419457595102018
-0.0612369222069836,0.0018076289899112,3.82327623056679,0.63718920910225,-0.0693633667291872,0.0016536687853839,3.81559903019319,0.60822613960105,-0.0220239109284271,0.0012653402929378,4.31506974945224,0.601685541697652,-0.0152921744243529,0.0011466469973995,4.33639191456765,0.575600923090597,-0.0293693676025935,0.0011631259577409,3.39130401237649,0.453375642908845
0.130845521506618,0.0015615891409575,2.77325475534501,0.429587111540185,-0.200325595735116,0.0015273512255193,4.81442881098764,0.737551439368179,0.121338964300368,0.0010931123986702,3.16176476251443,0.409769898184765,-0.243024228606376,0.0010302575653415,5.67145281277337,0.713584348608043,-0.0602754035857058,0.0011013719872001,4.32638072001062,0.562820405000995
0.235826465275444,0.0015069130184576,2.78267419503382,0.423432842295085,0.0829451761249644,0.0014988057743348,2.5490133505986,0.386832429726917,0.239303637501962,0.0010548391129203,3.18813272805252,0.405889290712345,0.140138742908154,0.0010070434610032,2.79615453216919,0.347827057693755,0.13061088306506,0.0010543766830185,2.6785410777831,0.340937124787863
0.0939337553455962,0.001592273563576,3.93638515609984,0.615721777456507,0.0508409791092514,0.0014924704687862,2.70178379870188,0.409149055604897,0.109742730830973,0.0011145914945032,4.45369310640226,0.58284924266639,0.13393197726328,0.001027391534238,2.93044875412625,0.368196969105178,0.114413800052079,0.0010414013261788,3.49679433915649,0.44234104571637
0.106795997915871,0.0016088707353652,3.63867878373925,0.572113744306324,0.0550356086084719,0.0015815314843006,2.49296461492298,0.388627135848986,0.0936948804095783,0.0011262095147556,4.1284758411349,0.543097033136255,0.0175782728494661,0.0010571077619331,2.74053759725555,0.349279809934817,0.0177354283114214,0.0010992666338516,3.43743606738426,0.446749668767808
-0.168079888746452,0.0014893248478906,2.68688841784523,0.406464326527308,-0.0698844200447357,0.0016116173508421,2.75497092732334,0.433536906194086,-0.156020775254766,0.0010440775681708,3.05544776666154,0.387007456813468,-0.0567607511298129,0.0011302642953254,3.1018380288992,0.408777710729986,-0.123149663811709,0.0010687811437878,2.44226197787139,0.312978659744338
0.183723227176407,0.0015945410269188,3.81079612669086,0.596501652011021,0.10218547397616,0.0015668584431914,3.82327879223185,0.593237963773818,0.173801637672438,0.0011161787188432,4.35679481472077,0.570574111680512,0.0470687189325517,0.0010688683530476,4.16901447128826,0.534285759171241,0.0242030423597819,0.0011157001195989,3.39518016942694,0.444543896762788
0.0799204661715011,0.0016980742988243,2.41700734060838,0.390422106613034,0.0718363963331623,0.0017795631127847,2.32572397085443,0.384585541842112,0.0880033120297521,0.001188652009177,2.70427904384547,0.365474393263826,0.116623491660929,0.0011821536190566,2.48948175007488,0.335524309782201,0.063874366291705,0.001123395419726,2.28101463793157,0.299690159858828
0.0074796654651682,0.0015393198932151,4.50957825951571,0.693551085454196,0.0328813402350732,0.001588514634937,4.26279021573233,0.665989921707048,-0.0047325935790697,0.0010775239252506,5.15842945207594,0.663756891303162,-0.016769792330854,0.0010786154188095,4.9447006650718,0.636577676707418,-0.0080804212638574,0.001097853919995,4.07556657587882,0.529344441495772
0.116978137673021,0.001791579554623,3.06339924827629,0.508276156226955,0.101041947590656,0.001861904562274,2.83689957633679,0.479844760649285,0.111829097509042,0.0012541056882361,3.46752007557951,0.481353506296873,0.116209494533727,0.0013406769895952,3.05826391794926,0.438950072713979,0.0478621570023481,0.0012763682785169,2.86860065210641,0.401731772164163
-0.0053426944020671,0.001629992870662,2.66871611422079,0.422350796077377,-0.0865868189957596,0.0017809129229818,2.61099413865748,0.431922000780193,0.0011284077059715,0.0011409950094634,3.03275006205722,0.401565671560885,-0.0714255097372755,0.0011946123734812,2.8369789327049,0.384368422929521,0.0313932297309107,0.0011684825126665,2.81194753824574,0.376787432877118
0.12266307220112,0.001673963710885,2.6074635103541,0.418185861504305,0.251325560515164,0.0017029013064195,2.28165950920669,0.369082676546489,0.127298338767013,0.0011717745976195,2.95282619412849,0.3962214754816,0.230893579738082,0.0011863424497977,2.46608042855568,0.332958693348458,0.195845224856738,0.0011525191698061,2.40219284960734,0.319676002252603
0.14577923389447,0.0014982135731941,2.55055430576608,0.38698980608885,0.141159389633773,0.0018002250001737,2.37696631851302,0.395334311438678,0.136738695383404,0.0010487495012358,2.8518423449324,0.36202576804906,0.0864091420821027,0.0012089752661283,2.61384788310773,0.35626003332272,0.0879576378095615,0.0010920199438812,2.38309731649083,0.308698947909586
-0.044921538305303,0.0014396555408004,2.90294841766632,0.431764272041,0.020903498379426,0.0014324571418997,2.8854631725224,0.4280893670972,-0.0356476039447677,0.0010110537433218,3.28381144213789,0.409301578183066,0.0274515028533836,0.0009771148489753,3.25967802725166,0.399416128969177,0.0662555262109871,0.0010541527898792,2.71823156706395,0.345952377519865
0.049799168433629,0.0016574383844984,3.69644411565995,0.589903438490017,-0.112617377262306,0.0017063015858069,2.66118223774932,0.430904073778762,0.0403535313075458,0.0011602068691489,4.18751869526086,0.55911682574387,-0.0450760864050637,0.0011726803360016,2.97236656829439,0.39899759322417,-0.043199680721947,0.0011993886221263,3.29742440096192,0.447644132551101
0.136420579764281,0.0015759670226726,3.01082783246008,0.468530180717401,0.0756526787776087,0.0016538289086731,2.54542548160377,0.405773577201549,0.129398226234822,0.0011031769158708,3.40918991104185,0.443865984210984,0.077272372358911,0.0011029613126463,2.81277363943125,0.3661786419946,0.123096051339404,0.0011132525289979,2.80559365558461,0.366943925512744
-0.150704303126353,0.0015088887225647,3.05396749868011,0.465019434667902,-0.150697977774934,0.0016573480014395,3.77558908286169,0.602517496357377,-0.143999689443948,0.0010562221057953,3.441427547551,0.438424023937163,-0.127992901250605,0.0011489602784803,4.12411090544319,0.547975232768364,-0.0505846367417109,0.0010950498681379,3.3796684165141,0.438398569621817
0.0500498592036016,0.0015088370680216,2.7939867453429,0.425425581013221,-0.0294463711459251,0.0015925093702558,2.71757523832392,0.425109354415622,0.0341567544770821,0.0010561859476151,3.13565262552248,0.399462691391856,-0.0884529993713466,0.0011079822764284,2.99118481258436,0.390290284423125,0.0093354489609871,0.0010810358778066,2.60499800289386,0.335741893357555
0.0744277868921492,0.0014552321779681,2.49323556556929,0.372827161761352,0.0405417132801813,0.0013973405778517,2.45502417972262,0.359736906751692,0.0754375058148297,0.0010186625245777,2.79867585032114,0.350143325060701,0.0455361507343308,0.0008821557891924,2.64232920698043,0.307636354437409,0.0564350630640886,0.0010127345001817,2.40683106976734,0.300242037331783
0.11584571260395,0.0015378252939236,4.16888192480458,0.640842316143761,0.0789070825330932,0.0015578133487917,3.88647855356833,0.601301202941243,0.0939519986297202,0.0010764777057465,4.76896002918661,0.613344237077638,0.126514640007332,0.0010265762063288,4.59884599089723,0.577593835681884,0.0629423266371201,0.0010754386559766,3.81395684767015,0.490282828702625
-0.0752917196272741,0.0017195675108925,2.76647951803788,0.449691999864507,0.0627105500290992,0.0017629851444991,2.54386813162928,0.418694260711894,-0.0895593218753396,0.0012036972576247,3.08880806945758,0.420075782867796,0.0756784867675555,0.001202236552791,2.82943847175473,0.3845681429272,-0.0314764777989072,0.0011751329210474,2.47789478654853,0.332969493250153
0.211467126311479,0.001650810476819,2.76025595803878,0.439618591913535,0.280157139379695,0.0017267164656112,2.62458029435767,0.427512153590359,0.182664976393226,0.0011555673337733,3.09202073371371,0.412019824090295,0.235314670907293,0.0011550306538343,2.79408367564929,0.372232466290143,0.171955980227467,0.001115905446962,2.64783910691358,0.34672357949139
0.0384906522564297,0.0015951486938329,3.651326016455,0.5716487847499,0.008345405228319,0.0017101867326057,3.82724942503299,0.620421186054681,0.0388516557941793,0.001116604085683,4.17956349248179,0.547467849614426,0.0452401928042115,0.0012104069459182,4.26882898412534,0.582173652912414,0.0552536056042919,0.0011448047148422,4.81106066143335,0.638093946007281
0.183419427947033,0.0017522412135423,4.40434151831761,0.722696613259862,0.298729210910456,0.0017595984331884,3.81006562068861,0.626494590728309,0.163696460863689,0.0012265688494796,5.03630548016922,0.691410732728619,0.236234707963931,0.0012007884724124,4.30195798157417,0.584355997687317,0.164397392908037,0.0012080409699862,3.9344142677351,0.536042229321286
-0.10370487757522,0.0015723421605775,3.50252787832355,0.544418929509854,-0.0789876333514844,0.001777872537527,3.5211194630214,0.581981470227674,-0.0979666099533807,0.0011006395124042,3.99580571011174,0.519642902283618,-0.0943887234067724,0.0012778041850234,3.76845456387135,0.528048147226429,0.0056742155086053,0.0011203408963349,3.07993969732227,0.404106089497222
-0.060061455442736,0.0016118235813765,3.16499375508681,0.498092149467688,0.097863716615455,0.001623442523337,2.61300885727223,0.412702811263777,-0.0583929495670059,0.0011282765069635,3.62330898463069,0.477080021616676,0.0442248663707803,0.0010560273840337,2.94026552575024,0.374543469046769,-0.0473105787077992,0.0011268736353647,2.89847071839887,0.381403446396701
-0.0185168955696417,0.001717706369245,3.1629447430835,0.513859221398429,0.0662695785708846,0.0017642143418586,3.11958733078695,0.513630622983109,-0.0020294422384364,0.0012023944584715,3.58119322082625,0.486776185803075,0.001634953385189,0.001187948737225,3.37134671582539,0.455491582178069,-0.0211427428167595,0.0011864929024255,3.10029742809297,0.41861426059687
0.183949286791908,0.0016725847745228,2.24135127188401,0.359320571827563,0.0092143535722147,0.0015946420884094,2.46315192145263,0.385567923807673,0.167918873110157,0.0011730821555222,2.51042079756471,0.337045726613447,0.0489998162969771,0.0010968268311402,2.70446760812298,0.351098443219845,0.0055464022132802,0.0011430009029595,2.36174269768324,0.31299251704334
-0.187761592927157,0.0018048511647185,7.49450829990741,1.24807857680025,0.0393482764761075,0.001649657959606,5.04510264125184,0.803239480099758,-0.182171206964881,0.001263395815303,8.61299886364321,1.2000578817149,0.0448661684714005,0.0011622491883644,5.43321882449524,0.726080727244426,-0.207448459053182,0.0011518846658786,7.0726263248963,0.940942962239821
0.13572092610389,0.0019006774469538,2.53144044843365,0.432613445039059,0.0093455385581704,0.0019397141399702,2.56222567679697,0.442348268460084,0.116339330646764,0.0013304742128676,2.84602158477387,0.406929811248028,0.0406172484836754,0.0013743326327224,2.76266226978275,0.401468811668308,0.0082319303589673,0.0012395597963241,2.59028786956352,0.357486675741639
0.0238902523378412,0.0016238440346228,2.88227318315283,0.455287141479044,-0.0582056089856119,0.0015673352030836,2.90337314985649,0.450569600515087,0.001292943816923,0.0011366908242359,3.25173311300138,0.429748290058016,-0.0574384639189301,0.0011103741749467,3.14260545263729,0.410490038671506,-0.0189688347048904,0.0010980650706715,2.76141700665339,0.358694006768027
0.215880798122095,0.0018349539886174,3.440519394168,0.577716386809637,0.175621240329284,0.0017131122675138,3.60789894117512,0.585363128954152,0.194803444758083,0.0012844677920322,3.90145889106529,0.548108745072345,0.171007030359881,0.0012011915289801,3.8665103516939,0.525295154001975,0.0945330441046965,0.001213307825608,3.35400107860337,0.457959195720809
0.187186834219546,0.0014894460384236,3.54269364723076,0.535949749235241,0.324174425094521,0.0016656736967181,3.70224912575534,0.592295850081095,0.197269649583548,0.0010426122268965,4.0494469168547,0.512548779625938,0.255284288433568,0.0010651590202283,4.53214667816037,0.579814762146281,0.249488823961161,0.0011001740373061,3.30870721986393,0.430196746688462
0.102225657579155,0.0016040050676048,2.66695479670363,0.41869387664126,0.0602352930191707,0.0015680313668042,2.77242473598909,0.430343477268753,0.0819388076084054,0.0011228035473234,2.9967769126353,0.393626554651992,0.0966010475209065,0.0010598429006853,3.00576095986603,0.383577631849316,0.051247810341274,0.0011021520233951,2.55327140725448,0.332273586863855
0.0312096452503592,0.0016002177259883,3.01690485798857,0.473074173700038,0.0497806158576165,0.0016535253100892,3.36155797339322,0.535826410230266,0.0363902138335381,0.0011201524081918,3.40022814282487,0.446092275110862,0.118169119299716,0.0011417379540978,3.55417727034694,0.470760907059987,0.0964252688397912,0.001107784090943,2.97899317014347,0.388664751901966
-0.131972194405837,0.0016010936950537,3.48544100447554,0.546693860249598,-0.184781159780022,0.0016845559876593,2.50491138026733,0.403007545379854,-0.136822964474427,0.0011207655865376,3.92181271350515,0.51466226906545,-0.144080998669416,0.0010921576382566,2.77519086804606,0.359512179699918,-0.109503520486167,0.0011132517255492,3.08703433540183,0.40375343956288
0.113520384097901,0.0015870491620976,3.46024704854538,0.540356504508236,0.143793337437097,0.0016983398987719,3.88815201204994,0.628106993253389,0.0975445136129802,0.0011109344134683,3.94063417960695,0.514859127857644,0.135109252238858,0.0011556629395155,4.62556135358595,0.616393606887501,0.0903563834686059,0.0011144349386826,3.42615159093138,0.448344679966156
0.0177732035486194,0.00167937527359,2.5535796365369,0.410205397335994,-0.155764798948173,0.0015795839220016,2.45738034765427,0.382843977612461,0.0232406230448965,0.001175562691513,2.82288356167397,0.379397049107549,-0.176075551657827,0.0010434348202954,2.59182752912619,0.32818357968591,-0.043067462826439,0.0011665488459272,2.51467097759486,0.336674884954982
0.201924462702029,0.0015596877020207,3.29049352503123,0.509398839376331,0.192435230035534,0.0016774846860689,3.1947954992363,0.512920943764552,0.193135030935179,0.0010917813914145,3.71643314169869,0.481362500934835,0.15142498288607,0.0011766738785772,3.55207041769691,0.477625724814986,0.119635223927067,0.001124539348465,3.12740672438826,0.411102180664853
0.157453518563227,0.001582013715518,2.1811677611212,0.340073098819781,0.152216929143818,0.0017311219360611,2.38197537333135,0.388489409029733,0.150920255593744,0.0011074096008626,2.41684463137376,0.315268776424104,0.206651490203225,0.0012312661575241,2.81302460741043,0.386925710954855,0.145042643883617,0.0011683028277017,2.29047116541704,0.306888510586271
0.172120536845074,0.0016006888556843,2.55485547599119,0.400680203036577,0.197388177424595,0.0016093932759422,3.16279615866363,0.4973709096971,0.16347065800102,0.001120482198979,2.84148189806232,0.372842542629403,0.1629250415217,0.0011102156698559,3.39936771542638,0.443996870052656,0.189704049326261,0.0011472057607385,2.90573108877393,0.385792842680886
0.0217226305270199,0.0015392571890144,2.83475611702516,0.435962749712788,0.0378673427700045,0.0015956118791292,3.04283506544729,0.476453069881135,0.0224799762015712,0.0010774800323101,3.20183879730287,0.41198572161808,-0.0735597071691973,0.0010537287694679,3.28988912449321,0.418623656839322,-0.0119698973894311,0.0011011241956819,2.81591177499882,0.366281752490134
0.132311650028227,0.001778026943474,2.74534978567692,0.453779572315687,-0.0485288993851272,0.0016866286924671,2.46462553419326,0.396769949625997,0.120108981873214,0.0012446188604318,3.03212905177277,0.419318435877909,-0.0089849669900401,0.0011581211618159,2.58953816375088,0.345443799079728,0.033809387705669,0.0011763670938193,2.59158812594158,0.348429968717643
0.022171592030078,0.0016449869785349,2.3475462218262,0.373227358366372,0.18300840781316,0.0017072671933834,3.27361641028239,0.530220632350247,0.0355801852787158,0.0011514908849744,2.61773470515017,0.348204171533818,0.215842131034206,0.0011243785775424,3.5617008091379,0.468157303392434,0.11944116634991,0.0011877063120686,2.8475622060834,0.384685519875535
0.145831743014126,0.0014939339608934,3.60693060239945,0.546489186912861,0.188847378315611,0.0015651531438751,4.1113817167688,0.637594123849022,0.147441842974054,0.0010457537726253,4.12891659739335,0.523394213700215,0.176357812059429,0.0010322019233602,4.59976689950008,0.579290281178245,0.0855713406723092,0.0011042200411763,4.16517691194244,0.542549480087733
0.0201345270116869,0.001497485225088,2.71751123011858,0.412221564495177,0.0161007576881339,0.0014280839896089,2.8579651379906,0.423362014170912,0.0177296177701185,0.0010482396575616,3.01785390279925,0.383006893903248,0.0059895589687257,0.0010179165899081,3.24967773445168,0.406419444338934,-0.0046835546566876,0.0009763952552538,2.79938520787657,0.342889021521102
0.129178536880576,0.0015511298117948,2.26391005237104,0.349511384927639,0.0527074877559476,0.0016119189226261,2.34601814906812,0.369216457449126,0.117169497853671,0.0010857908682563,2.45630255693041,0.317272944691104,0.0177930438474842,0.0010785273414758,2.53208305778467,0.325965482488934,0.0513537299791976,0.0010728459383888,2.221817777457,0.285269410553905
0.184895042290553,0.0016193490019473,3.84804946432702,0.607000378174211,0.217796117320493,0.0016203539424768,4.86083531378613,0.76699748357396,0.167171384494627,0.0011335443013631,4.39884045729172,0.580544541998038,0.175241989213072,0.0011610580564766,5.08865868268758,0.679686081785307,0.222967328297116,0.0011606831629122,4.25876252339696,0.568745996523636
-0.142767736562248,0.0015799470669705,4.82224979181669,0.751361708114661,0.0379315453499101,0.0016312457546139,4.70756866562741,0.745305708015045,-0.146373775420467,0.0011059629468793,5.56043747639751,0.724865344712327,0.0333027638411454,0.0011014480026871,5.78127608723344,0.75211421394358,-0.0363120231329563,0.0011237415451293,4.3820564032779,0.575823345635398
0.103994970122233,0.001621329085497,3.30373980913118,0.521458210624068,0.0321353714565161,0.0016674613368144,3.22939679537126,0.516924817447391,0.0875249803209312,0.0011349303598479,3.69176573692651,0.487524929723662,0.0570292775236671,0.0011148069422591,3.24175202985848,0.424285031499746,0.0598892522794664,0.0011896101640063,3.05524960252893,0.413073292221341
0.116238733964468,0.001596278378487,2.32152383462441,0.363584657906457,0.103836959823516,0.0015228708504017,2.47745457080709,0.378979155033464,0.0977934286817826,0.0011173948649409,2.58586727129693,0.338834521927456,0.04333602431947,0.0010217791812722,2.6298724104171,0.329527216961783,0.0664281613117049,0.0010890223971747,2.43350611055739,0.314795803079184
0.0032524160523469,0.0016986477912275,3.6259821234466,0.585808157044413,0.147881020798944,0.001623862722989,4.16521000452274,0.6579450830851,0.0098915521395342,0.0011890534538592,4.13227548010797,0.558557698922537,0.221553264004315,0.0010187992653041,4.79894949203434,0.600438563584367,0.0690809658835502,0.0011472285998043,3.68125544747142,0.488763790333947
0.0640324441676786,0.0015913850363945,2.42768904958004,0.379628475687654,0.0245469251906129,0.0015935924282572,2.58741582720063,0.404886173148021,0.0413827201724347,0.0011139695254762,2.72925069609119,0.357073953043519,0.0720193327875364,0.001058487454839,2.91687800533632,0.371996805096352,0.0141318515210645,0.0011105421354294,2.44472901772287,0.319356922517526
-0.313590273746271,0.0016155362171402,7.35213101734936,1.15837632726728,-0.232315306639164,0.0016362556053896,7.40996920645818,1.17495183413273,-0.300910520945545,0.0011308753519982,8.48746708103406,1.11882859826847,-0.290800082939971,0.001114269292536,8.82954342799162,1.15534426998337,-0.250283635370425,0.0011327881702362,6.32185416268047,0.834059267241814
0.002284317569489,0.0015573181629555,2.29037975085465,0.354302532433017,-0.0362743755481743,0.0016496355176223,2.43134655055418,0.387096238475729,-0.0116699094848453,0.0010901227140688,2.53242229096247,0.327756949360758,-0.135046944524219,0.0011168637712883,2.61839509644299,0.343015201683127,-0.106149714985863,0.0011872723927493,2.39051212100913,0.322882287591288
0.0518994581687303,0.0014679470656314,3.33514988206414,0.500897241744785,0.107347282230674,0.001587175792505,3.43214470605915,0.535989389552614,0.0620107226614441,0.001027562945942,3.80169443944502,0.477704697410567,0.158312029963325,0.0010875629465134,3.66556747247413,0.473856133082666,0.0989453775481803,0.00101373704139,3.44380983590077,0.429813355995753
-0.0820928662006279,0.0015282190426761,2.62095407131634,0.401633842996906,-0.0842516543571999,0.0017207263732781,2.88752711767751,0.469526453459957,-0.0637428247035435,0.0010697533298733,2.94070588815817,0.377026174329902,-0.0649512837149477,0.0011733634397396,3.14329756542824,0.422065504772938,-0.022712479494283,0.0010749358645591,2.76627970185797,0.355521159158791
0.0750078177858431,0.0015877219914854,2.67084047454353,0.417170188661039,0.0682766114996812,0.0016609711306348,2.59815571171705,0.415072828191211,0.0761581454390277,0.0011090861272563,3.00509387664805,0.392300414286065,0.170354495804639,0.0011777780756871,2.84785065014887,0.383113123875822,0.119191149120232,0.0011522273014008,2.53469566535685,0.337266332081414
0.317037396158205,0.0015034098307128,2.48480382442871,0.377666867749258,0.198744100568784,0.0015337416961814,2.56093013512272,0.393144251194062,0.309469986744146,0.001052386881499,2.81401432119341,0.35784265128367,0.11765656312451,0.0010821089005228,2.8725490471974,0.370408568136986,0.266260889267983,0.0010660047002025,2.35441205241136,0.30132843690402
0.156482015946797,0.0016194493539268,2.52066092236396,0.397627305824674,0.178636224418927,0.0016233875348429,2.60176655784377,0.410920225028083,0.153729396508999,0.0011336145477488,2.85234950168351,0.376455399867913,0.158945136970795,0.0011292932047821,2.85322520667747,0.375852545808055,0.130093443544759,0.001118918703022,2.4982754978005,0.327580228790408
0.013102550630155,0.0015465612707949,2.62987636831878,0.405412359373248,0.015247778149959,0.0015796551683107,2.69085789856003,0.419227725424562,0.0224455685373879,0.0010825928895564,2.92930496083985,0.377811574720546,0.0477931997719557,0.0011046352992121,2.90312317215311,0.378227417595724,0.0380924610445872,0.0011071657844067,2.56083909210738,0.334015565213626
-0.0198759850805483,0.0016188145898975,3.32157278373796,0.523866243933369,-0.0131721005298286,0.0015877572321161,3.47713862226264,0.543115430098282,-0.0089801075496136,0.0011331702129283,3.73142186975796,0.492379558112004,-0.0247551394108811,0.001089401126311,3.84159093589253,0.497030585694015,0.0329053776833347,0.0011183514540549,3.16789457429043,0.415277078070312
-0.0057804820136894,0.001817162034363,2.89563161442595,0.483858331573498,-0.0094358805803946,0.0016690975372847,2.99963135438262,0.480382114412712,0.0042176118267277,0.0012720134240541,3.2527301820071,0.454749231185727,0.0363007350863384,0.0011075834031791,3.40123737611541,0.443714120057438,0.0151309259289046,0.0011522493216146,2.99661213264917,0.398732697476307
0.273321483585928,0.0015095275309526,3.26261531289178,0.496894827537355,0.425542652497599,0.0016332446987063,3.44895568440929,0.546375641550898,0.256586333146745,0.0010566692716668,3.70930732410244,0.472650849528449,0.495439395443469,0.0011112751926393,3.91619291475291,0.511744252611263,0.339967125241637,0.0010583681506874,3.1478588660632,0.40143175155401
0.0732859564618974,0.0016061570820294,2.47920137278116,0.3894788678231,0.0935117102298956,0.0017005778315979,2.53418743293654,0.409651996970985,0.0734170916904127,0.0011243099574205,2.74217120547632,0.360425642530546,0.0764911333362484,0.0011818967810665,2.68998016929432,0.362507453049877,0.109111470372556,0.0010992992934107,2.30723970819387,0.29986707160949
0.0564779005577917,0.0016440293844798,2.3886583018703,0.379653058356367,0.292061336925568,0.0016647995724243,2.36739049589826,0.378642155936854,0.056690820323721,0.0011508205691358,2.65829072506588,0.353495891432174,0.225285071372427,0.001139761286618,2.60816571277825,0.345159808042588,0.169491227511323,0.0011486584826589,2.46325206267549,0.327252071175506
-0.0017347065836855,0.0016690617928184,2.92195434360062,0.467937359609572,-0.0098488937097527,0.0016445975687017,3.56031641069959,0.565974031164028,0.0095812302716814,0.0011683432549728,3.31224972352849,0.443799069194724,-0.0139399192112729,0.0010902758589352,3.91587174823084,0.506844506988642,0.0737081008832723,0.0011659038571911,3.13173247387483,0.419173782786836
-0.010331429034563,0.0016920788124874,2.39078174069506,0.385503486977773,0.129368341224406,0.0018387107326565,2.9336177576447,0.493103764455071,0.0009744134023085,0.0011844551687412,2.68280519029361,0.361931629646977,0.107131418949534,0.0013078410939811,3.33741032990001,0.473113327466274,0.0492832328425548,0.0011942588649218,2.6729223193941,0.362087607259158
0.2275082371189,0.0015705133650813,3.80532552751813,0.591140506693538,0.33042263460241,0.0016347877285538,3.80643384129087,0.603291292479739,0.225424585751904,0.0010993593555569,4.35101961947706,0.56550827801992,0.219195574467059,0.001165599243367,4.06356940494769,0.543826538211868,0.183396388486021,0.0011147154552003,3.41277690194347,0.446650677119627
0.165907792902751,0.0015531514018798,3.26084020563632,0.50374935180975,0.044956314279745,0.0017145294327418,2.63420146947475,0.427562439995745,0.170376864129943,0.0010872059813158,3.67901134921515,0.475515995896694,0.0728646581527767,0.0012144200662212,2.88085751184334,0.393535878044085,0.157770532045212,0.0011688376990912,2.94576856956631,0.394778794086033
0.293630946093854,0.0015110251268167,3.03212178440001,0.462019781576407,0.154485363841089,0.00154011092173,2.55359586548471,0.392831453169038,0.296909180876495,0.0010577175887717,3.40190279839208,0.43369543444302,0.144066812157893,0.001037642633501,2.72558133043948,0.344160588816417,0.158645323825799,0.0010710358783341,2.79876579786024,0.35904315737511
0.279533145437871,0.0015601783371917,2.86613950146467,0.443774693893831,0.188471094504072,0.001493024309906,2.70064640130575,0.409052688565637,0.269909226901411,0.0010921248360342,3.18335930736787,0.412382178796077,0.199367809590239,0.0010261930092626,3.0053826458417,0.377391736859262,0.186183954903053,0.001070703954529,2.64062172054708,0.3387029516127
-0.0238267126527057,0.0016747433615652,2.63564116475122,0.422803429281505,0.0958018294299869,0.0017683392045118,2.86658946500907,0.472526723540534,-0.0266758280517935,0.0011723203530956,2.95091576382695,0.396057326551594,0.0826183462788426,0.0011579115378738,3.17587023801313,0.423622020019769,-0.0575115845156076,0.0011611221543458,3.73739522947878,0.499213210447865
0.0038940265745295,0.0015904561394594,2.71583485238239,0.424563145741797,-0.0227061476199053,0.0015522513440149,2.76880922568495,0.427614223343203,0.0133694965928695,0.0011133192976215,3.03892407581745,0.397473157650674,-0.0740828640715575,0.0010767396393733,3.00175105603196,0.386107386064242,-0.0209899371118972,0.0010729783460841,2.64903230409725,0.340142437700063
-0.0633728190418372,0.0017683108821746,3.62249562089919,0.597125015570741,-0.0595490692965927,0.0017538615867447,3.28134046100254,0.538675270579101,-0.0618060649130548,0.0012378176175222,4.13484823561224,0.570250914517987,-0.0805890731248258,0.00122998552367,3.6894643352438,0.507214199593272,0.0090923761178706,0.0012596703371226,3.28240334486751,0.45666579611256
0.0765746699688235,0.001566235651357,9.58864839247862,1.48752417681881,0.159089412681847,0.0016212037656945,9.77412854269383,1.54267675230701,0.0769211258645148,0.0010963649559499,11.1549007856587,1.44784266840725,-0.0138861533269184,0.0011089423839134,9.88555183613288,1.2904271614844,0.137661718240016,0.001120150135262,9.08459220996893,1.19185011287146
0.258687720539254,0.0016473490043462,7.04718715575099,1.12120932473794,0.137478009111019,0.0015985706267878,6.97324037247472,1.09289549790928,0.213939272733387,0.0011531443030423,8.13393252464589,1.08273077454973,0.113966131421276,0.001154596320001,8.14393578201063,1.08474463686858,0.0814845927536614,0.0011235398896693,6.01353539646556,0.790136649241694
0.149954466692506,0.0016456127188896,3.54222962368135,0.563272586121596,-0.0473626843042051,0.0016163578740004,3.88895486840809,0.612886071210133,0.158029116397342,0.0011519289032227,4.05810623018726,0.539901253595988,-0.0939365181021745,0.0010888634298133,4.32613213072379,0.559583077503643,0.0075218244502877,0.0011363141528763,3.63511217186096,0.480335971546518
-0.0149362851950577,0.0016016613450941,3.22731585899403,0.506296477622332,0.11527393569716,0.0018439510850458,3.73382801886446,0.628502623920646,-0.0141260518684624,0.0011211629415659,3.57462791111151,0.469184110658965,0.0623339179344713,0.0012352807449782,4.13625033626837,0.569859428358606,0.0615949528551611,0.0011474661176961,3.33903210867828,0.443372361791153
0.181826041069024,0.0017588050852691,3.50943785369889,0.576931828717425,0.121210977294582,0.0016712936451514,2.77001504924759,0.443901483231846,0.145711741760736,0.0012311635596883,3.9677599493842,0.545734427944896,0.071662431878978,0.0012108028947143,3.00712626400057,0.410172439527974,0.217176220529712,0.0011816805721327,3.1779870857193,0.428233129252765
0.0875038307402873,0.001816907414528,2.90510885545805,0.485407961814683,0.0994001266617673,0.0016958048104085,2.85903972029149,0.461515410450344,0.0697931901291215,0.0012718351901696,3.24527233159039,0.453674795771602,0.0454494053681273,0.0011428626533798,3.12321567438919,0.413882518149875,0.113355979417161,0.001169865564119,2.6975427060261,0.361671589051054
0.0488244636965747,0.0017217844413528,5.41383082210047,0.880586770415509,-0.157695915415494,0.0018200063258486,5.58216029464168,0.933505409057761,0.0988652486699383,0.001205249108947,6.22208648248866,0.846744802271166,-0.0533712197864638,0.001242056427125,5.79357019656886,0.80037777998058,0.113748421462056,0.0012774981628346,5.15310028355184,0.721982752963008
0.15083479447879,0.0015493058856585,2.60268590751149,0.401576631629802,0.0429789673058654,0.0015770901935326,3.24648169716453,0.505381466260725,0.118115081594787,0.0010845141199609,2.91868428045281,0.3767756355925,0.0028620768724563,0.0010702165994298,3.42515989595306,0.439232814714075,0.104317956046006,0.0010686396874433,3.04560054069405,0.390271355794305
0.183662311651794,0.0015294895020744,2.79218968571813,0.428051728803742,0.178869114386102,0.0017305135145526,2.55023416409588,0.415858558459746,0.170510639165757,0.001070642651452,3.08583237748055,0.395797173448293,0.148948647617439,0.0011637848025683,2.77125020753332,0.370586987804401,0.0986766375482859,0.0011368855473209,2.79104296147422,0.36889518014682
0.130780133106822,0.0015745630497929,3.89504864052834,0.605858213527648,0.0626297360045303,0.0016522956031405,3.84780910450137,0.613105875663145,0.113964574149047,0.0010996732113249,4.46035570887233,0.579801592790092,0.0618240383925645,0.0011451838675102,4.21363300304363,0.558949284198668,0.0700822453168565,0.0011345809904052,4.02793011435379,0.531836041034347
0.102456564633374,0.0015665716576332,2.9319814490299,0.45489842937886,0.0480773132604698,0.0017132381086784,2.45836848610257,0.398872348092239,0.101210579305305,0.0010966001603432,3.25131554593832,0.42204752694955,0.071346794258116,0.001117161549021,2.70879887026073,0.354905586944585,0.128903958579549,0.0011472547190702,2.71094747969162,0.359939175060545
-0.0809825473457427,0.0016699924770999,3.12713697255104,0.500936005519682,0.0204542275055723,0.0016650169769131,3.17904049908312,0.508491245575653,-0.0897213710643489,0.0011689947339699,3.52679644340693,0.472677313188804,0.0483886575229113,0.0011695701617429,3.48766529720874,0.46754780961426,-0.0221047243584776,0.0011677757926378,2.86670944198378,0.384009083710118
-0.0044450957297418,0.0017647992682088,2.47212371924473,0.407095166282461,0.0314204154507852,0.0016426232103958,2.60665652105526,0.414124450135362,0.0217505541819124,0.0012353594877461,2.77945295595497,0.382942961788092,0.0054364383992144,0.0011468865681057,2.84668343436635,0.377900523906925,0.01877742937849,0.0011844604786552,2.51883535938691,0.33981156484522
-0.150049621608501,0.0017610182388458,2.82982646488853,0.465500141697574,-0.173364977473446,0.0017596081775719,2.70178083737569,0.444258953854071,-0.147598100411154,0.001232712767192,3.16733877120687,0.435916743637805,-0.218927899227017,0.0011947995082849,3.05206735596438,0.413542089810607,-0.130611265588917,0.0012106857632816,2.62928993198202,0.358618164054535
0.162887667945124,0.0016285172871608,3.35553455561913,0.530806202291488,0.27569084326967,0.0017345057911181,2.92150624643545,0.476949922973985,0.142541276854759,0.0011399621010125,3.80536174180092,0.503638869950814,0.234043912167015,0.0012213519595094,3.17286318681304,0.434660173739788,0.376670293103594,0.0011605267362724,5.3097848837648,0.709059350592871
0.29598098165688,0.0015837921351734,2.57919499643331,0.402356809087381,0.158321783603082,0.0015440839079251,3.62093795796372,0.557743629740295,0.280151660875388,0.0011086544946214,2.90768771290109,0.379510642286215,0.133316215538864,0.0010343995909266,4.17966113398345,0.52694262372044,0.192386515303826,0.0011202747030038,3.38513241491794,0.444136036722517
-0.0590270458566629,0.001533041439958,3.94031540271136,0.604764124515753,-0.0686482580434516,0.0015084949209018,3.99441557743813,0.608139565545566,-0.0714498515338136,0.0010731290079706,4.47993951814299,0.575275932081682,-0.0700792167513224,0.0009974953144434,4.35721232109348,0.539438876172971,-0.0678294346036013,0.0010628953802562,3.49388615638889,0.446510932127109
0.0003346290617048,0.0018617154477168,3.68105287795936,0.62259667064547,0.0803169625338246,0.0019063169501973,3.65414455616725,0.625405023358184,0.0213998808895373,0.0013032008134018,4.15852866897442,0.588468821383916,0.08798971691002,0.0012960185311076,4.02545376368244,0.568065657928916,0.0065681914994382,0.0012673718634107,3.30384657176187,0.461052082602416
0.0206963646609878,0.0016697593342734,2.68329962772341,0.429807705387312,0.0899725590118865,0.0016251405697673,2.46412677836163,0.389391620129334,0.0114763157070239,0.0011688315339914,3.0027861286523,0.402418972313562,0.0026042177871984,0.0011009815675526,2.71104042716052,0.35261769695329,0.0934704385727073,0.001158485321847,2.75086471372395,0.367022413691813
0.0156970758376749,0.0016274018718583,2.26849096294754,0.358725744643398,0.111775421004898,0.0017473704444473,2.53636705998819,0.41560683745347,0.0199345215495004,0.0011391813103008,2.49942813742025,0.330685511145289,0.125350369475825,0.001222091022321,2.77437291302591,0.380184755948072,0.0283461246771142,0.0011917683927059,2.36073641053591,0.319463699504308
0.0730738395739241,0.0017371215876797,2.75385067485289,0.4499182219622,0.0861040049193947,0.0017051832771464,2.65389123741463,0.429582656788506,0.0601750554412999,0.0012159851113758,3.09133753778713,0.422560252051398,0.0253845894474458,0.0011102711269146,2.88407637395644,0.376703249506649,0.104802718726407,0.0011787772756625,2.51712382881403,0.33876500855445
0.20767182593415,0.0015504734342324,2.94106835185049,0.453957681472987,0.324100697028339,0.0016559555841542,2.98926139038149,0.476833019360797,0.180794806479104,0.0010853314039627,3.27078769900709,0.422388054208013,0.306493967496457,0.0011512432048712,3.29704381320144,0.438516909752711,0.181433436758829,0.0011159167344825,2.91333196956064,0.381490701164862
0.0126295564989079,0.0017344394399682,2.5596294546025,0.417863806443773,-0.0088564735311075,0.0017424465327873,2.66037329313111,0.435311756538874,0.0142919024018991,0.0012157767685579,2.84045359449156,0.388233230195645,-0.0369355814522909,0.0011278203918637,2.92901187000993,0.38558416459513,0.0107749897908218,0.0011882832081548,2.89654545101736,0.391397830741402
0.107586009672825,0.0017267871609002,2.54886473811558,0.41518751100304,0.250640394131195,0.0017693876231993,2.7770577341641,0.457904053357962,0.100688939723789,0.0012087510126301,2.87868738490411,0.392320513340315,0.223624576133226,0.0011859117885875,3.0983351545404,0.418246845826594,0.174694730447157,0.001216375505273,2.61758689250885,0.357859892344992
0.0313029286532088,0.001759012901474,2.12882819607975,0.34998804742328,-0.010301325158091,0.0016623944976894,2.46085243884508,0.393306121359759,0.0240433390778141,0.0012313090310318,2.36603410782593,0.325448759163095,-0.0058627839153288,0.0010830493600155,2.74221111229423,0.353755416392776,0.007711939972129,0.0011673863922725,2.53853951397861,0.339992492910388
0.0941392251133746,0.0018261655114886,5.47356732582192,0.916892920144737,0.0618356003105775,0.0017778003139262,3.33164562434095,0.550653465466668,0.085994298407292,0.001278315858042,6.21430899736085,0.870943573757205,0.0968454626198065,0.0012375075252668,3.642646749535,0.502306812127527,0.191003765766023,0.0012040160478214,5.04981485061136,0.686862299715215
0.329579919066604,0.0015859083582534,3.95116481314059,0.616797033455816,0.129843958860561,0.0016442905870561,2.55531049095289,0.406172999345286,0.302872516647356,0.0011101358507773,4.46535735988201,0.583206521431752,0.0817488835329957,0.0011270914263119,2.81575930984643,0.370555435811956,0.352165493726976,0.0011479288890878,3.67465499488379,0.488036326944405
-0.129234615638583,0.0016848925322809,2.66542536862546,0.428874985392219,-0.0475981577775655,0.0016254108252727,2.5643859830665,0.405268692227064,-0.140122195181632,0.0011794247725966,2.99790125150039,0.403580833413652,-0.0623045862109275,0.0011236206157881,2.74313797203706,0.360442163701805,-0.101460501226188,0.0011417357958481,2.60888928910161,0.345554493748064
0.342211842205715,0.0015421274136493,4.26228244203638,0.656115715837711,0.215541227173056,0.0016899919485222,2.93163049792764,0.472421479627302,0.329410984148264,0.0010794891895545,4.85973971471823,0.62589321659668,0.200992518499521,0.0011332000648026,3.10966433994854,0.41034098388206,0.29058090463888,0.0011788041174844,3.83885592371547,0.516655101073596
-0.167575951513151,0.0017748390956507,2.68229294515792,0.442959262424755,-0.109694856600966,0.0019534312360916,2.793938818771,0.484054255409931,-0.13547300725341,0.0012423873669555,3.02127342093909,0.4174424686837,-0.133996018832643,0.0013341805340928,3.22116620035116,0.461209792820863,-0.0598964510364054,0.0012730244597107,2.53956966450423,0.355186615191565
0.164562225504934,0.0016642633712156,2.41500628438004,0.386195651469354,0.120042579224224,0.0017210616722963,2.4619527496993,0.400364919313845,0.158792052440138,0.0011649843598509,2.68903752943122,0.359778326720344,0.15356963531913,0.0011531995965647,2.63932869193563,0.351336933602484,0.0976397528814836,0.0011762558325697,2.50827569768869,0.337212955829988
0.0985980710109207,0.0014877905244243,6.79383875622578,1.02722177286709,-0.0038721329632021,0.0015134110620436,6.88617849088926,1.05011004837227,0.0919886269772743,0.001041453367097,7.88365617066442,0.99729967166657,-0.0680136738874544,0.0010117524694767,7.60995409219107,0.948849340517125,0.106523369469663,0.0010087002901632,5.93717722572093,0.739161218025495
0.044535672902011,0.0015690781899199,2.8167234055805,0.437365560266558,0.103236764504153,0.0016224145059378,2.89591165276198,0.457240094124344,0.0415742802930669,0.0010983547329439,3.15119437952858,0.409378087509961,0.0745210265085877,0.0010614938864845,3.17438099898237,0.40541133419887,0.0137899044301418,0.0010864352635731,3.2213759006087,0.416218537439486
0.223893766620529,0.0017591016720725,2.74050556532161,0.450561673025091,0.223862057710683,0.0016964990021327,2.82001750372052,0.455309482175712,0.201170098030844,0.0012313711704507,3.08537030685514,0.424404395341004,0.173877683950295,0.0011110227670533,3.11349466301179,0.406806320225106,0.197310510155549,0.001194502939631,2.60881948521571,0.353440023713527
0.107621304981668,0.0015855619048334,2.70450090596351,0.422140304754684,0.202077693323161,0.001705258980397,2.90302715643977,0.469920463802626,0.100232281044676,0.0011098933333834,3.02356872472666,0.394855828003781,0.17844710908227,0.00110069963312,3.22983515968062,0.420042133260825,0.117873097179711,0.0010993972418371,2.63643276291145,0.342666862544595
0.029653543739849,0.0014635881995386,3.19396573574763,0.478980451581456,-0.0222252797997691,0.001603344220058,3.17723035523465,0.498700926532842,0.0204894268756678,0.001024511739677,3.60683419930674,0.452546004858612,-0.0399554078492192,0.0010303086891273,3.50366997037539,0.44084402485657,0.0586355229776686,0.0010259261292088,2.86119588543804,0.359239202829719
0.134714407670139,0.0016409249996849,2.33213294959249,0.37031879739545,0.0652457383349695,0.001639742597649,3.19473774045021,0.507108789952644,0.119943960413344,0.0011486474997794,2.57484132797615,0.342075478968468,0.0114474426676878,0.0010857521571654,3.48792847086172,0.450516817066739,0.062941268266911,0.0011530315241703,2.85670707453662,0.380245766570843
0.271963437726055,0.0014174333953611,3.29901948777236,0.486871438389815,0.231387522189249,0.0014795722866693,3.64032295119902,0.54889098063796,0.26424195919817,0.0009922033767527,3.70460182151154,0.457425080288877,0.248723107025692,0.0010416247169047,3.99437891766138,0.505339197023503,0.107406082060872,0.0010235888989151,3.17670231953469,0.398398220958871
-0.0140057823380854,0.0018316400150815,2.86456026111804,0.480569396734597,-9.22247357155737e-05,0.0017685398437014,2.63206040329101,0.43389172013808,-0.0133836545430247,0.001282148010557,3.21032293568101,0.450604878822637,-0.0983570508529293,0.0011386315481511,2.82902421514628,0.374202218430181,0.0209305039772677,0.0012042717821046,2.63686063071682,0.358696812929325
0.255724887065609,0.0016471323571417,2.43898524762738,0.388017675437574,0.266627077345289,0.0017846871623658,2.59082051921848,0.42903869653081,0.234707044469339,0.0011529926499992,2.72702001831208,0.36297748073721,0.176860899175604,0.0012685369299879,2.78411945640021,0.388702657219796,0.197928093283298,0.0011885668528241,2.49496315285538,0.337173962574241
0.17213354902186,0.001579704557658,3.31721578691984,0.516820516581867,-0.0108866540276075,0.001647857580375,3.60163656120101,0.573109767350465,0.165752938103751,0.0011057931903606,3.75254385088761,0.489148603781523,-0.0045466618570027,0.001118589422816,3.96385646767685,0.519674445180979,0.149416236852689,0.0011135811672633,3.67446753255956,0.480654972774396
-0.0423239003388758,0.0017774909459186,2.45869527544131,0.406337114269588,0.0849954114505393,0.0018319331463891,2.53763237229543,0.425756809711341,-0.0470298296722184,0.001244243662143,2.78168690418449,0.384626365614021,0.127982875062057,0.0013102711476349,2.7525017452956,0.390558665965525,-0.0003400866718064,0.0011479508834431,3.02629961511795,0.401931147150755
0.317103174713683,0.0017494302881596,3.89654782813009,0.638861061382529,0.195736066852125,0.0016892751106079,3.51421100951906,0.566182071876504,0.306268804184895,0.0012246012017117,4.38592530407161,0.601639938695049,0.224005380363374,0.0011587366426166,3.79164005197761,0.505938302476012,0.282609175940749,0.0011777520384642,5.64820816315109,0.759828734230146
0.2067233783977,0.0014439361210664,3.57998699896825,0.533253269031507,0.141289576331398,0.0015865151664397,3.64502786908372,0.569116338749213,0.201244361595534,0.0010107552847465,4.05790281715878,0.50571139430569,0.207022947527093,0.0011002918907216,4.04238772093959,0.525617733016258,0.172981809209774,0.0010824633818581,3.35299800644769,0.432432163765777
0.0578145529159712,0.0015873381568521,2.99804602261825,0.468221239240063,0.0315429151771328,0.0018324539397351,2.84785430439974,0.477872883295573,0.0514848457110704,0.0011111367097964,3.33919328166053,0.436318264006286,-0.0016639326293829,0.0011909747295761,3.01913547253106,0.408424664345006,0.0604128752689121,0.0011316492905888,2.84501487585278,0.375161752560371
-0.0854904072254182,0.0015073166031447,3.12036022305524,0.474881292425739,-0.140300179386757,0.0015965659161732,3.27609256283975,0.513130320227145,-0.0891939693948316,0.0010551216222013,3.4976205099238,0.445350593202013,-0.11907247284893,0.0010957224934597,3.50739472373547,0.455106480364937,-0.159707740424854,0.0011036415082946,2.87585337155273,0.374506050925202
-0.0641129910172835,0.0016602627096134,2.36289965913958,0.377408583399707,0.0033088891695837,0.0018065084475893,2.43046974502829,0.40493778627799,-0.0488953237999548,0.0011621838967293,2.62357845355358,0.350598108732713,-0.0211903483617873,0.0012526925797542,2.66685083916109,0.369997734418563,-0.0550515846026407,0.0011657052695124,2.37764037883819,0.318213524776851
-0.080986791688204,0.0014710138881637,2.50561095624223,0.376703896657707,0.0370123140103053,0.0016734742817585,2.51161421515151,0.402754628703953,-0.0648788832801497,0.0010297097217146,2.79023803383487,0.350975456437853,0.0359059335276068,0.0010916224820498,2.82768995634655,0.36622341803167,-0.0873644588057483,0.0011072341482899,2.4156806105505,0.315091970269068
-0.0864651269248146,0.0019816619530836,3.74366662829241,0.653265977377229,-0.0710897660271984,0.0018743801427798,4.38292406716848,0.743825170924806,-0.0636536178886897,0.0013871633671585,4.28056086173532,0.624946109256213,-0.0756128273427611,0.0012753409481204,4.72868291020929,0.661959518452578,-0.0759522095637706,0.0012341258734401,3.80995948740596,0.524660263558743
0.237979623015362,0.0015197462087744,2.72338354859891,0.416171590893424,0.160831420305002,0.0015669640195209,2.82443742692278,0.438267792789558,0.219727312057276,0.0010638223461421,3.05850532166942,0.39104062783084,0.14805289965863,0.0010265171440146,2.99679239115538,0.376372468579832,0.204036606839457,0.0010384475762821,2.65804006919677,0.33576227491595
0.0012484054857139,0.0014011027744464,2.95843355632994,0.434085124165461,-0.0100955989346276,0.0015414944943292,3.10154548640456,0.47733934235395,0.0066208279350476,0.0009773258368422,3.30973464649686,0.405593468697743,-0.0547603994117972,0.0010607487184982,3.48695831816741,0.445175341550029,0.0004587553510806,0.0010069489265911,2.76994038389704,0.344549981060272
-0.224816501606972,0.0015849766773531,3.06660917624979,0.478572738313569,0.0327046900320576,0.0016335635859763,3.54613087929196,0.561824752298164,-0.197714306483038,0.0011094836741471,3.46628360558436,0.452587586263994,0.0355473947842965,0.0011316604374881,3.74629173495471,0.494012283314379,0.0037337310346777,0.0011129637191687,3.47714795094921,0.454717596192332
0.0585977443695888,0.0015610798832212,2.31729416002542,0.358898643977153,0.104412914831974,0.0017277368402125,2.56689608007712,0.418239619033661,0.0478307787401323,0.0010927559182548,2.56575340015311,0.332471622961816,0.156597602271926,0.0011437716767696,2.77636145802946,0.368064356686638,0.0632390211103284,0.0011065487972858,2.48288410802788,0.32375748719231
0.0357117832978839,0.0014693753542715,2.96314271646794,0.44524292951525,0.0166636226930843,0.0016198300410712,4.3207263007711,0.681662758543125,0.0260839501561955,0.0010285627479901,3.33081849082614,0.4187400005035,0.0039461067442862,0.0010501056438054,4.57202020686396,0.580768060438171,-0.0219753262980089,0.0010169421569518,3.91577611183753,0.489490271741502
0.0874432068128717,0.0016028621715838,2.631121926248,0.412921170893927,0.167572668294049,0.0016625030850178,2.60914203708887,0.41702014849273,0.07485585290998,0.0011220035201086,2.98863308058595,0.392416984071392,0.163778464412912,0.0011236543024074,2.88944746654877,0.379672593661071,0.119036737799595,0.0011586947609679,2.5057503582052,0.334349293196332
-0.0180024599994121,0.0020340904363911,2.42147560229601,0.428098112761953,-0.0262887011679351,0.0019561904602318,2.44358068419609,0.423653051115698,-0.0352255805458839,0.0014238633054738,2.72674066534329,0.403325862032499,-0.0511768357187409,0.0013314089960863,2.60663071490906,0.372832135682522,-0.0347826813260385,0.0012537291818968,2.45679848704002,0.340996161271767
0.0421561333721867,0.001664905017639,2.59472693950286,0.415015654421637,-0.0341342899917928,0.0017816164104369,2.40338355336478,0.397656672177973,0.0395686359583598,0.0011654335123473,2.82821875872698,0.378472942126281,-0.0297929418633469,0.0012103122821119,2.61909437846162,0.357172452077355,0.0263412030733623,0.0011709050163856,2.36993361014401,0.317888707174668
-0.193515702764875,0.0015024129342556,3.32260379920285,0.504837143704406,-0.246431967177307,0.0017304440095579,3.44594567516175,0.561908095574887,-0.186433482198061,0.0010516890539789,3.74737836127626,0.476375380057361,-0.235006065709669,0.0011763509742819,3.84256390612111,0.516615751966214,-0.135743359290872,0.0011252358067695,3.1235763259431,0.410725797068617
0.0400675164827635,0.0016444666513209,2.36142203389521,0.375374038912466,0.0560128979131355,0.0017008304922348,2.40613654913893,0.388981434294831,0.0367438819031946,0.0011511266559246,2.61506160999631,0.347793584968135,0.0825235126222845,0.001130856758693,2.63319750930939,0.347108557939565,0.108064050139772,0.0011189690455432,2.67846983179386,0.351215668251577
0.0446943226732167,0.0016236369037188,2.59465552175358,0.409828588898985,0.0577594818607979,0.0016718119793952,2.56395073523459,0.410942898045831,0.0577452997176038,0.0011365458326032,2.89740999786767,0.38289660707488,0.0330100013589555,0.0011685597053696,2.79864210390854,0.375016955368166,0.0435677394099326,0.0011702090475603,2.45208680751785,0.32881048161532
0.375226236855162,0.0016762749747713,3.99171877286605,0.6406349881901,0.181739517509315,0.001557365583263,3.9724839860596,0.614519301528148,0.345734618334851,0.0011733924823399,4.56700288151491,0.613240773891706,0.210935423489024,0.001064826444535,4.59837537120043,0.588195802743459,0.231849756479768,0.00113736481577,3.63769884522448,0.480899940711942
0.141447163849169,0.0014602404186066,4.41290057144387,0.661019713602433,0.214148034226739,0.0016271808751764,6.19395841959845,0.979409445040099,0.125675374764572,0.0010221682930246,5.04112395105084,0.631781151890069,0.179164220196535,0.0010588385298142,6.83655357633172,0.872027491033421,0.206288144136153,0.0010727731753602,5.82548531429742,0.747935507101132
0.152664343533654,0.0016086653960514,2.44643675236926,0.384631580108631,0.0378868257356378,0.0017168161386351,2.60393420265957,0.422931454896881,0.148179739508273,0.0011260657772359,2.73882176734448,0.360266381437211,0.0225607514320829,0.0011653647863132,2.78067510891123,0.372099667097952,0.093003649968286,0.0011731315565768,2.35084371273969,0.3156277670785
