m_obs1,asym_se_obs1,sigma_hat_obs1,ci_len_obs1,m_obs2,asym_se_obs2,sigma_hat_obs2,ci_len_obs2,m_ipw1,asym_se_ipw1,sigma_hat_ipw1,ci_len_ipw1,m_ipw2,asym_se_ipw2,sigma_hat_ipw2,ci_len_ipw2,m_full,asym_se_full,sigma_hat_full,ci_len_full
4.752172901622018,0.0411265238601674,1.3396963908238997,0.2159764891921922,4.649136727791428,0.0426936002337055,1.3200992994715093,0.2209263240532455,4.746603810963133,0.03458537528387,1.4401024600527397,0.1952378297834807,4.587281239208451,0.0367010636135878,1.3559001341047614,0.1950672856627531,4.706204569902785,0.0353025789711196,1.2796737684142554,0.1770858202722233
4.680326621971418,0.039305575641418,1.2958022600042909,0.1996507659908335,4.702403224070024,0.0399127453571003,1.2752288219959034,0.1995160360965307,4.671565865764946,0.0331692009380566,1.343760599090278,0.1747169335459174,4.677678411968643,0.0337743115660401,1.2948500870808168,0.171428917363267,4.674705944980349,0.0329600550891729,1.157612393294055,0.149564727221673
4.648917724416346,0.0411674563988003,1.2265616826009555,0.1979345072286905,4.569249841010949,0.0433575276454032,1.2869898779334643,0.2187347215347741,4.626380395895081,0.0349125342638232,1.2709556044404775,0.173936145688055,4.56340048644636,0.0369099437059671,1.3496897240447887,0.1952789408389604,4.651373335778546,0.0348780345720152,1.1596736174386797,0.1585498617189679
4.715818953792579,0.0420252761437054,1.3251392031799012,0.2182982051400857,4.701540522844372,0.0413315431237801,1.3676155745835124,0.2215765238273568,4.695688835959558,0.0353179292548551,1.455458984662082,0.2014991833554472,4.685318664991051,0.0349810540389687,1.4553480959833136,0.1995620056670544,4.65619593747584,0.0356613864644909,1.2432449243199273,0.173793290296289
4.665650142635251,0.0408428207822619,1.3006444430448794,0.2082343660981554,4.633818995828883,0.0429257332335092,1.2846523219052517,0.2161630279228662,4.63645084984831,0.0347899875463036,1.4245646497013376,0.1942739288796644,4.597914811918864,0.0370197264887156,1.4275728179416225,0.2071617459150172,4.676499734341907,0.0346738834675312,1.2279187063014172,0.1668976368695997
4.625422592892531,0.0427404502743749,1.3212315641026455,0.2213584577201891,4.615143851632852,0.0428599129846614,1.352597118742222,0.2272468278748534,4.618259705606912,0.0358597394100249,1.4748133885080394,0.2073109718002763,4.638436962980591,0.0365552198080076,1.438999599141007,0.2061997618302826,4.6819958648256925,0.0361383695668827,1.2985504899200186,0.1839524099926526
4.712912485945073,0.0414830253364059,1.4204174238315088,0.2309747466726517,4.733279145075769,0.0394341817616079,1.3622746110084134,0.2105792541950249,4.699239437724414,0.0349782547514776,1.5064150450364078,0.2065479398538225,4.675552609975739,0.032911649072269,1.5092878193421098,0.1947151741494474,4.693099773877154,0.0338725178104311,1.2635542743309265,0.1677719945675252
4.659846425625222,0.0392790368043128,1.3845223261197055,0.2131762801077188,4.624392802561068,0.0413324638015724,1.3782448980143698,0.2233036255070524,4.679316446254076,0.0331011714415532,1.5054613873870917,0.1953399496081802,4.566688245945414,0.034742176175039,1.4527079372594875,0.1978396861241545,4.65858427393482,0.0332903864283163,1.2750707080263273,0.1663915211075736
4.678750159993582,0.0398964871079445,1.2359718749190811,0.1932953171040063,4.675848490006193,0.0413076480416557,1.2934968453565427,0.2094468960228566,4.645428692885775,0.0338612601010288,1.3802233843886704,0.1832021573794311,4.689854235208246,0.0348596840851358,1.358446115232633,0.1856281984764775,4.698159770505071,0.0339066871041968,1.2347111762642362,0.164107649257196
4.613235477342834,0.0400523532088265,1.3712181386741862,0.2152844558337024,4.605017245187012,0.0409823692804185,1.3975999820741989,0.2245215518889366,4.598402455704504,0.0336697804661123,1.5405487455146951,0.2033264209512389,4.5841124541818665,0.0348014312606613,1.4812674541522564,0.2020731785282851,4.61540500763601,0.0344388920313419,1.3035954153516442,0.1759827427228264
4.632784570382113,0.0426238133944944,1.3735495635584336,0.2294957904015052,4.6193825721993855,0.041677426970568,1.33382800346125,0.2179108310495393,4.652267278390925,0.035966631855041,1.520790627772316,0.2144111092928745,4.57750800114811,0.0353442226304217,1.4719455574436282,0.2039333568178723,4.615581067648502,0.0344193005407835,1.2712619308477624,0.1715201583574368
4.668461545335248,0.0425584937092338,1.2708446398282696,0.2120102199402867,4.628165591750444,0.0430981491944422,1.3415110021544256,0.2266370693761426,4.626110494291576,0.0358535680407808,1.390267273364262,0.1953928952830326,4.571189821771947,0.0369179889221836,1.4870944596580251,0.2152061496723835,4.645917678529703,0.0347357395543636,1.2622398901466172,0.1718685992468295
4.658598331080649,0.0411953924606733,1.3946117436037615,0.2252060478934214,4.716954839905698,0.0411311682407044,1.4308194655233717,0.2306927634298263,4.6845786485526615,0.0352531763607171,1.479724745175286,0.2044830323426184,4.662795384984254,0.0357276574852518,1.4692592884360431,0.2057695339149775,4.65674191504841,0.0343154884091762,1.303550908673301,0.1753461634155042
4.642339669917069,0.0425880350740998,1.2768411731594027,0.2131584572242977,4.6458911935176,0.0437874629029168,1.2813915042449182,0.2199427796139964,4.638862401405339,0.0358652645803204,1.3441950429349463,0.1889793779764473,4.637567716142015,0.0357400436958413,1.382163916224891,0.1936389489154059,4.655436919355263,0.0352253171625665,1.2407024128269055,0.171317065055943
4.62461989430669,0.0404356018767021,1.3729740230644756,0.2176227625132502,4.717537455875288,0.0402622425528081,1.301777457329114,0.2054531452489802,4.6173650446989845,0.0340868446878025,1.4590253088748908,0.1949520085140992,4.679160302111889,0.0338168438776238,1.3817956731032413,0.183170270850026,4.684463796210574,0.0328597920263148,1.2529788871899668,0.1613937268318891
4.677648460414167,0.0414393702994268,1.3135463686783495,0.2133716139328246,4.719356163888606,0.0413656485258589,1.332170895619767,0.216011993790763,4.637076820221095,0.0352279793606567,1.4173708745906777,0.1957263621286648,4.709960831151312,0.0352057973578184,1.4138825436727185,0.1951217148223881,4.6877573122922245,0.0343619136808889,1.2360490578980583,0.1664911438786662
4.672818442674704,0.0413427681492137,1.2728478328561728,0.2062785766576636,4.635479694036376,0.0413150922740975,1.3359895104419923,0.2163664213556346,4.661737007837971,0.0348486580105067,1.407973094552078,0.1923350793441974,4.619957677345073,0.0344937481258821,1.4565751326749758,0.1969479051209484,4.675473345066647,0.0344748004566889,1.2114181068307424,0.1637095099542904
4.693934348397559,0.0406087248604844,1.3180040693683597,0.2098042060301148,4.6712612415525285,0.041825572537385,1.3516446339363728,0.2216065057250011,4.679166607019575,0.0342998284271344,1.498933974413596,0.2015359549937608,4.629449564938246,0.0366346223347769,1.4330987456288986,0.2058002610554834,4.688346859384262,0.03507003621881,1.2921631980365742,0.1776362796422601
4.7875762779763,0.0443112711448755,1.2531329523711623,0.2176654232830129,4.782556261036139,0.045334359964082,1.27731914006239,0.226989096029082,4.790046621215314,0.0373702647519584,1.4060569112879762,0.2059715137576712,4.792360470516822,0.0376209502906375,1.3969654632013333,0.2060124739383182,4.764414824765392,0.0364247938268648,1.2292636234139611,0.1755174170105458
4.6947361030153045,0.0396986604795404,1.3807222767935667,0.2148623253230277,4.613276040967287,0.0417312416519071,1.3375936920991869,0.2188082060144524,4.686467147270771,0.0340855277277621,1.4385715121285232,0.1922115871289797,4.673974363711284,0.0353046577575768,1.4622030313093828,0.2023567857407281,4.717760414865479,0.0344138164447717,1.2766589405556468,0.1722208845986864
4.7229924591568135,0.0401694386334741,1.3696535906070149,0.2156674431467647,4.741118791604238,0.0418292731675724,1.3270121404802706,0.2175871787287314,4.731687127406454,0.033868049702707,1.5768949887284354,0.2093490758793966,4.666834147492584,0.034710069043735,1.4458814074841706,0.1967280274625907,4.709903308250512,0.0335818942927794,1.324080489802038,0.1743001108268694
4.661858261597707,0.0398431859057862,1.3687768635310789,0.2137788813565593,4.686272583068043,0.0406919471108966,1.370038468874491,0.2185341533379724,4.680541795554927,0.0338891666115438,1.41713307211533,0.1882563391452748,4.68909908234182,0.0332788592944732,1.4222134469885486,0.1855287842634428,4.670518924230304,0.034531404280421,1.2801454390487756,0.1732812770560007
4.647390647300021,0.0409685100252461,1.3003577394512458,0.2088291414586579,4.659576788935796,0.0412906072599521,1.270290958618075,0.2056044754065073,4.642547462391106,0.0344677419217987,1.4344687065087531,0.1938125954923283,4.639424671971819,0.0354649094414912,1.3825002923036265,0.1921950391701402,4.682332976416483,0.0340965672390517,1.2433190942899852,0.16617716574385
4.609564158377639,0.0407383352398257,1.3304024914637955,0.2124537562291513,4.647527445659313,0.0420075059155302,1.282471891063684,0.2111800260035663,4.599065995865134,0.034366135342684,1.4226476673920414,0.191648815290925,4.668630459106708,0.0361624958110739,1.3660625767486996,0.1936453519164429,4.660077718112511,0.0335498858928491,1.2362352070565072,0.1625811690011677
4.625313857071925,0.040181480758975,1.3666983620814066,0.2152666229946439,4.713891262448115,0.0411118813626136,1.3690604779941928,0.2206317814069424,4.67155416301163,0.0341939090533211,1.49120795628412,0.1998780257350137,4.677832468133622,0.0342312863305611,1.4380380069063274,0.1929619460268738,4.663496016313601,0.03381910466296,1.2957691017328608,0.1717781068914644
4.66563859153524,0.043300233252641,1.325013957025354,0.2248996478768901,4.620844135433919,0.0432902938659474,1.2888013886605747,0.2187029373401912,4.669050701543562,0.0366654770505666,1.3652554965546146,0.1962227510768124,4.584779790817557,0.0377099444766412,1.3101735769599143,0.1936702067394392,4.63002651757964,0.0361770596883239,1.2317817771758024,0.1746807822140977
4.660682418885576,0.0422493861127993,1.3398449724419357,0.221897822582723,4.690208321489178,0.0397960880839984,1.365164643479224,0.2129626793010382,4.671515164146459,0.0357591593314183,1.4908145716435623,0.2089724411517236,4.705220665255924,0.0338549920207489,1.4770001179346932,0.1960114008310394,4.704566115212359,0.0334253338495438,1.277509313435029,0.1673855313611351
4.663741384791484,0.0440648456162659,1.2538741946463314,0.2165829695764755,4.668468298355614,0.0459605567224991,1.3152128709886182,0.2369514756572172,4.649282165312783,0.0372643476854643,1.337543399352051,0.195379724314928,4.597540523592207,0.0377698344819133,1.4623349648388482,0.2165060479274436,4.678495290513659,0.0363000103659931,1.2506396361207766,0.1779577984044049
4.6752806636341,0.0458408581691853,1.4242292097373637,0.2559238229328902,4.717532610888214,0.0466264690884266,1.4127817572625974,0.2582175128455122,4.695237072342138,0.0385229303038669,1.5514056392181192,0.2342732850398005,4.673818228464873,0.0397392117810438,1.435414998212886,0.2236015527755562,4.712431867562387,0.037523100114687,1.2994098517344244,0.1911274008746568
4.620094249540636,0.0421927560621406,1.3906094013405597,0.2299964552175516,4.585728389156999,0.0425203519035736,1.3912470397948438,0.2318884886864828,4.615113745667935,0.0355943194798962,1.5256346811012786,0.2128674871731102,4.582917819906135,0.0367049986555991,1.4456727931347433,0.2080047760727061,4.612156238312553,0.035575777924305,1.3151847120537872,0.1834084092077411
4.747311579749386,0.0438431160748632,1.3059373278376574,0.2244408142270479,4.715824623926998,0.0421806169449304,1.3879943716099958,0.229497901774263,4.716121126881429,0.0378695710108518,1.326639511472775,0.1969343164264643,4.6930877430151865,0.0356299044521836,1.3872629951243318,0.1937543876802504,4.707265034674088,0.0360532175355573,1.2059081513060257,0.1704261944363351
4.687517471024665,0.0416285801792433,1.32085461270721,0.2155384237869114,4.6976275772058464,0.0421047946357484,1.2830265312299198,0.2117606577265569,4.640367831321655,0.0357424516425327,1.351525890087999,0.1893593675920432,4.67144150715224,0.0347929326865013,1.3816270736699292,0.188434299878314,4.6902005951351535,0.034998371317916,1.2367192367446378,0.1696668658035431
4.6556606560622695,0.0425751021356007,1.3328582371547837,0.2224424887621958,4.654558632059261,0.043388772344977,1.3290217485563478,0.2260411649555939,4.643658314183233,0.0358126119427644,1.4843356412061557,0.2083752813253636,4.629629285348711,0.0354941361081001,1.3711686034241355,0.1907767989125263,4.618280226483135,0.0349409061179176,1.2424368600936462,0.1701714021721043
4.791104985206751,0.0416877918541883,1.3287731298270862,0.2171389911648301,4.6953587366956056,0.041507152752283,1.3067377051007356,0.21261282232622,4.789741392453481,0.0353560585614918,1.4235419147159438,0.1972932333255483,4.709265608146176,0.0359203354438569,1.3294540077461314,0.1871939411526466,4.72248136937158,0.0347119387391888,1.2008806411186923,0.1634017867692018
4.675354364142588,0.0426817882495663,1.308152944761558,0.2188664615900352,4.627460994943142,0.0411905748893794,1.3464056055822498,0.2173961512599062,4.6617453195708425,0.0362728840277049,1.4319894630458376,0.2036104184121031,4.545108182562963,0.0353238158097931,1.4134155310321617,0.1957111448287577,4.657154492863215,0.0348543531785516,1.206672645848444,0.1648635252500208
4.685260451314557,0.0418907260851197,1.314863827266119,0.2159119861684527,4.669482349705447,0.0439048484696302,1.3176555505835716,0.2267735846570668,4.685491360323606,0.035340370754126,1.4817452319955682,0.2052686974487815,4.644845420998309,0.0373999390880338,1.4744788513282654,0.2161660711917085,4.672419564295941,0.0353564135957278,1.2628664680666486,0.1750264661001845
4.6458842208727535,0.0403211411716411,1.384055476118533,0.2187582294608104,4.631852240351743,0.0403204338706797,1.3547445116998504,0.2141217004541953,4.641675736074606,0.0342177654328497,1.4517927886481252,0.1947306737007544,4.611074341155322,0.0336113712885575,1.4570463754152632,0.1919719131044461,4.67822157044468,0.0340865665249107,1.2381904661303202,0.1654431537288684
4.617291247739049,0.0428117016336468,1.357985805168876,0.2278955300945856,4.638502773234049,0.0425231647893111,1.4105486149533586,0.2351211650062535,4.625248326211619,0.0362505682442221,1.4343290532193569,0.2038176081901239,4.650512198181329,0.0369673976715103,1.5013898709918962,0.2175657096756326,4.6678484638443445,0.0347953199291607,1.2717487217262229,0.1734603548432081
4.673988161449462,0.0425780482533979,1.3222677169591222,0.2206902930234157,4.538181652937001,0.0428135747277258,1.372499177051963,0.2303412239835692,4.678645252924119,0.0359744611854206,1.4328650234450486,0.2020587519606831,4.547063310012542,0.0373177581896894,1.449673143485033,0.2120624263763804,4.614786710222375,0.0354963758893507,1.2441781748033585,0.1731189782109891
4.653643466578886,0.0427451010365483,1.36980235966034,0.2295209562551006,4.660956778233468,0.0437434901323484,1.347803449102696,0.2311096505824839,4.651991316020834,0.0359947556086295,1.538773052883567,0.2171160294733983,4.751187246541609,0.0377844014404761,1.470132200002414,0.2177444144663734,4.686977779652373,0.0348044119480822,1.2487673643264303,0.1703703153472737
4.512852058346185,0.041683577345909,1.31244547656805,0.214449155710496,4.5154151115448204,0.0440330931835321,1.352684604317043,0.2334822275713422,4.462129392601438,0.035304387968282,1.4645529787840394,0.2026804501580618,4.554053233844607,0.03682350307686,1.4811207222660647,0.2137930810461543,4.513560697482013,0.036027475610593,1.3141545050668062,0.1855916136168752
4.581770951110972,0.0418467929566598,1.2545060988626329,0.2057846819580227,4.696600527541486,0.0430594750566814,1.2784805237983283,0.215794779529215,4.599009787622933,0.0351014112317038,1.4150775913924525,0.194707606340421,4.670984574031044,0.0352832014220939,1.3746228487726393,0.1901207982439397,4.673055716149292,0.034597144927703,1.2149553197895324,0.1647701945487873
4.643356718516811,0.0409705667226917,1.393511169060499,0.2238002214796172,4.709232375983364,0.0430067178886233,1.360668508246952,0.2293859006653066,4.665711073523257,0.0343751787442875,1.5293866122847246,0.2060821307352212,4.651681501314164,0.0359705899827253,1.4902063913294517,0.210122263004382,4.635698020541783,0.0340650801017689,1.333772838665005,0.1781022353293079
4.6222867028545735,0.0406603665064581,1.3059430758526689,0.2081486616241187,4.640884180872616,0.0417630569037466,1.410940457765413,0.2309824871363874,4.6173291094668665,0.0345503152761918,1.433725977460709,0.1941763152995355,4.642511066182657,0.0364181923821657,1.4782224967520166,0.2110261520534935,4.6517200724756815,0.0342715466753091,1.2755778322220457,0.1713636699372407
4.754219201148447,0.0400188151359142,1.3310126192839518,0.2087971112159808,4.668050832169792,0.0416039182760321,1.3571538919994457,0.2213305777980767,4.74724027588596,0.0338188726016139,1.4450944064527893,0.1915726171697152,4.670804042609783,0.035800970699147,1.456270847972076,0.2043690116388661,4.745621128385937,0.0344479218722922,1.23749015357985,0.167102468779238
4.700055479186955,0.0423957074401411,1.3121508803795432,0.2180638871314988,4.709563105297959,0.0409570005666581,1.3881837844048073,0.222870813275666,4.666344321270601,0.0357816998490501,1.4353390107555917,0.201323069658171,4.725984483520207,0.0346614076721673,1.3728819044716358,0.1865337682916514,4.691655146241364,0.0345680871334352,1.2190111957587688,0.1651813948052924
4.706194148171691,0.0421612986568797,1.335057418870409,0.2206439434206875,4.575480175541331,0.0453383989341106,1.342358368143412,0.2385683026640177,4.678422225137431,0.0357046064910017,1.3893696143993044,0.1944554565522082,4.538322533675036,0.0381807018590056,1.38010422265318,0.2065541280588267,4.663270785151807,0.0356503350898178,1.202762803573208,0.1680821875589445
4.724443603474564,0.040823072863795,1.3149191207435675,0.2104179666277952,4.729634638480572,0.0411213529886615,1.306633671719524,0.2106198639507236,4.705344521549593,0.0343802805015608,1.4348462327787324,0.1933716772461592,4.654449172888787,0.0338832727292437,1.475955445226461,0.1960363851955628,4.723127856756445,0.0336768522676244,1.251056173629545,0.1651529702559122
4.665824130810745,0.0411757338492038,1.3447519820504763,0.2170509184130622,4.787713619865663,0.0447629099181674,1.4315858085268558,0.2511966147403197,4.655944227841819,0.0348162804424788,1.5399138611260672,0.2101633036862182,4.7407897715449145,0.0381331011674995,1.4935247957644568,0.2232506076038903,4.662614688426715,0.0360367478928069,1.30675832040033,0.1845945829533413
4.616656563426133,0.0408110982663489,1.3209639080392974,0.2113232692145683,4.528086821193564,0.0419793813199345,1.2951015038614098,0.2131169185788355,4.6335802008752704,0.0344460238014704,1.4559136379935966,0.1965860960606487,4.524424309321934,0.0354274423268275,1.2990737938100438,0.1804063036122341,4.59604526286178,0.0348027796761174,1.2263763346332222,0.1673076426933502
4.7120712991546005,0.0415214383563721,1.3053311563529075,0.2124570663809958,4.7135167102462745,0.0418095399816546,1.2871313833314044,0.2109484581508552,4.69221069918864,0.0351052162703584,1.3529327456744256,0.1861769657054121,4.634824418165317,0.0360867606792044,1.3238491906933458,0.1872684002020125,4.712376978229202,0.0350145453079763,1.220136346623388,0.1674691986693812
4.545188966485721,0.0412241561384003,1.3470828054421966,0.2176828194129902,4.596129066257043,0.0419655369865427,1.3202291721240644,0.217180183711489,4.495817306700169,0.0349468961209193,1.393118725178059,0.1908423806238209,4.578843510824334,0.0356119115984523,1.423676874283976,0.198739779610513,4.6226422931451285,0.0339631674899474,1.23307071062422,0.1641626127398025
4.55058147255831,0.0429547359591631,1.2442628725577918,0.2095083241303164,4.635976490895168,0.0421759356802298,1.2384299504739844,0.2047454500729657,4.606114833784395,0.036313153937665,1.372034779736055,0.1953022190543411,4.608688147471347,0.0362277217078358,1.3018348353273583,0.1848736425263302,4.678840861981777,0.035183993845338,1.176721563738819,0.1622919336773872
4.60882178099771,0.0424964694315989,1.322180229504475,0.2202528802155799,4.617358127836913,0.0425035406640249,1.313673815143686,0.2188722687079972,4.593167673674418,0.0358045429865542,1.4366616442830342,0.2016372281120053,4.647564902852529,0.0350290660134803,1.4192478432064108,0.1948789304336546,4.63267019597139,0.034828289346338,1.2427953953878226,0.1696718776872864
4.678185770199987,0.040762497340173,1.314998498424034,0.210118420307589,4.708869926290192,0.0399631533139489,1.3653198463398906,0.2138810162740017,4.706091833960085,0.0343956914298295,1.4599483677569265,0.1968428424586463,4.600620560660165,0.0331002154962383,1.3822474311960569,0.1793472407313158,4.696469269282725,0.0339257311778731,1.2668920303687987,0.1684794388323193
4.691353243654948,0.0423221685722027,1.2709536394482963,0.2108510210624598,4.613510411321856,0.0424746002978454,1.2579566312288983,0.209446475306754,4.660042919510712,0.0356659176794032,1.4124956511669329,0.1974779494084355,4.616313050360062,0.0357895248415269,1.308267829684558,0.1835399805880876,4.63638814427296,0.0344698269460077,1.222112467254343,0.1651309062239677
4.670600791355575,0.0423994264888039,1.341662541325109,0.2229879338603821,4.684711820345621,0.0429918598177513,1.375785294723488,0.2318542081841271,4.595951737416243,0.0360978293831251,1.4254895671744836,0.201708043897746,4.644693650758684,0.0372751252347513,1.448634955588584,0.2116684640757215,4.614334677934999,0.0355676244961253,1.2177488200101023,0.1697816165876439
4.715368566406378,0.0432798901937962,1.3527154815573943,0.2294936627431915,4.69019020627432,0.0445492947109523,1.3462477620522773,0.235095282147698,4.679006726961362,0.0365444408928504,1.4839269491867813,0.2125748740957749,4.6938486209718535,0.0364261514447565,1.4251345418825423,0.2034919539938102,4.712682356331876,0.0356422412958905,1.2903601287273043,0.1802826893038488
4.62039855115682,0.0409790083703839,1.3238201918706587,0.2126515402025634,4.70940999424906,0.0417026377492664,1.328580913177508,0.2171848969911167,4.640283316064685,0.0345179086718846,1.4326900084748846,0.193854012262796,4.697229943895782,0.0358392207300795,1.441685680016185,0.2025383321754491,4.681393290354355,0.0335252209970506,1.257852355295479,0.1653024929884164
4.798396665301207,0.0410803679045397,1.3147439767051938,0.2117159613502823,4.658408948239581,0.0424403866407908,1.360746556240219,0.2263782312409209,4.757294567923909,0.0347352173105466,1.4321894624208538,0.195006272499825,4.61127486016216,0.035936533747875,1.4427221966176735,0.2032342902912332,4.710365684190881,0.0349547619700768,1.2714502332911384,0.1742143005375634
4.701680067437411,0.0407242244091986,1.4022039050036903,0.2238422594300869,4.673828316715524,0.042736948212305,1.375454197308854,0.2304240078382205,4.699534510463418,0.034498889776072,1.5204709267725174,0.205618092578822,4.63461693175239,0.0360008991224161,1.4418908054686477,0.2034809734188641,4.659739916788146,0.0355208577477579,1.2982674560575769,0.1807697268634565
4.677961273525829,0.0394866275717125,1.2676958099464,0.1962199610464849,4.65190224723901,0.0416450714884765,1.316145019254727,0.214854989307582,4.689200218527862,0.0332015191915347,1.4581048423692793,0.1897687928460207,4.639020512265372,0.0347537260474327,1.4208642056020715,0.1935673184699629,4.658170643737339,0.0337707375280175,1.285045932328105,0.1701129137348792
4.665925204222401,0.0434166191665192,1.323005544371173,0.2251623397837554,4.64173688890144,0.0436556226010022,1.360299300797772,0.2327837970326387,4.684932825708737,0.0371579622538733,1.4230316603261086,0.2072738615683861,4.6341216063948325,0.0364244938075507,1.385832392604211,0.1978710781443372,4.711860941737187,0.0362862341056585,1.2018105452036247,0.1709448396628543
4.752676963739689,0.0406412784344516,1.3292056331191893,0.2117569244756946,4.701747798464792,0.0413334618453757,1.3344115726140535,0.2162069583782695,4.735385178917344,0.0342731493647096,1.44082348676665,0.19357215259584,4.692019034674532,0.0343863005101044,1.3740017444734565,0.1852041973634154,4.727658985721669,0.0347769810282738,1.254454563628416,0.1710113364045568
4.7116678354399175,0.0414083220362782,1.3372346461940698,0.2170567714988739,4.6852603333921685,0.04272686808137,1.3933448642417363,0.2333660996130989,4.674552517368654,0.0352441631630497,1.4366818986363834,0.1984841856353398,4.688821569736912,0.0365116077744527,1.4433167315257744,0.2065716365593873,4.702945166888999,0.03434709515398,1.2234547853324516,0.1647236753875412
4.672305920474654,0.0415396086099142,1.2994870716602818,0.2115984344112789,4.663437062804468,0.0417223886751796,1.3203217007873882,0.2159369747264846,4.727363641868176,0.0351356184636613,1.4035425619938882,0.193308644789467,4.720723348153139,0.0355554112568002,1.3602147475200068,0.1895794557719026,4.650188409052039,0.0342316358043674,1.2099248464510857,0.1623544268864124
4.5772921732827125,0.0409984737240592,1.4304677248546196,0.2298919898509366,4.605883905392359,0.0413675486095216,1.3597460259612146,0.2204934388230416,4.571490185767261,0.034770377132742,1.476729127822902,0.2012743019629536,4.548301907028515,0.0351237060761832,1.50086295619423,0.2066424106167099,4.589109807839353,0.0337790543352814,1.3017904412419696,0.1723719727539694
4.626645871608681,0.0416615020562239,1.3415886262653216,0.2190949554668971,4.675056011582138,0.042166415428941,1.3860824173643194,0.2291046080266982,4.654652145051301,0.035227435667009,1.447948854606059,0.1999458243700808,4.749474042221238,0.0347072408686272,1.5120981479800604,0.205720777947647,4.702412665607794,0.0338417774888,1.267758367657739,0.1681774402676069
4.591002514576316,0.0443818998873327,1.3583575353321693,0.236318691034522,4.614610733878105,0.0438218205010046,1.4097466515411452,0.2421639957836374,4.61955863535238,0.0372891914102465,1.4989648658522172,0.2191051099941971,4.666076508975256,0.0356889184157648,1.5389821117169915,0.2153005032813168,4.637662455111299,0.0363831396055817,1.291205374963961,0.1841507893576738
4.6976986177138444,0.0406075563338278,1.369421943146507,0.2179827989496321,4.679945143181849,0.0402634081717651,1.3865476607081784,0.2188383456179355,4.716720254276118,0.0343665454871596,1.4262492493542895,0.1921362874252836,4.72753247428084,0.0344711717892509,1.4084516045732338,0.1903163335233624,4.690203786720106,0.0332917342000859,1.3004905488323169,0.1697155772504179
4.676330243721525,0.0423071422842277,1.2673310643043187,0.2101753880892345,4.739305407770143,0.0427417573157161,1.255868572209776,0.2104140100787349,4.712729152447,0.0358865914580274,1.3615395680427578,0.191531656286773,4.701951865207787,0.0367391101816075,1.3188536352602074,0.1899342652045878,4.729039682934353,0.0359748596385877,1.1755866841492613,0.1657798922442294
4.800610024534176,0.0427403340771948,1.2477889424453634,0.2090533502561857,4.774737887615724,0.0427545493633093,1.2738260183214354,0.2134865579942331,4.785250423238949,0.0361880111032551,1.3478934778370306,0.1912046163422733,4.716193722901899,0.036494804141999,1.2958013785052451,0.1853734623172231,4.744727942329845,0.0352780913944429,1.202413447341533,0.1662788423688558
4.635052272924614,0.0441963087906688,1.341562831497084,0.2324208597723645,4.530737285386601,0.0443365486732094,1.3312855590111583,0.2313722077846156,4.654794997776727,0.0374577269949924,1.4404815118187109,0.2115081932031729,4.6117993216931135,0.0367737573480988,1.424567451870183,0.2053520819181755,4.643433941460305,0.0364041802883996,1.2457746711163231,0.1777742437426056
4.551384277255729,0.0414021502630035,1.3649869162351187,0.2215284314672473,4.614067259312976,0.0410819282544384,1.3936399453559278,0.2244292676744771,4.571605515472967,0.035141336157046,1.442629865729144,0.1987244372869163,4.618446485259198,0.0357457457916672,1.4152060585692907,0.1982997324977092,4.584231346132984,0.0334062389173311,1.2584169729629926,0.1647897658749306
4.686041833947307,0.0410804940197009,1.3077173914171334,0.2105851021703014,4.652995488034152,0.0406979523113797,1.3566014996543536,0.2164227634106973,4.668291002836926,0.0347859014286563,1.4043937235929624,0.1915006394789888,4.611310155665781,0.0335259326423572,1.3804302172946863,0.1814150914852511,4.669910989432477,0.0341392293176657,1.235300108560692,0.1653119615326753
4.704192122196697,0.0437737354924079,1.284030332834328,0.2203266236547688,4.677713997634546,0.0442587110166211,1.3067977454845654,0.2267175943307766,4.667238183154424,0.037152898447051,1.3977133496150191,0.2035583398734345,4.6843175003410655,0.0374502020681944,1.3706011657964208,0.2012071219107769,4.646764787505274,0.0359005235393996,1.2438979712402605,0.1750506098615785
4.645738267908936,0.0431096505646706,1.4067596621238954,0.2377237081443385,4.662467524342942,0.043085794388395,1.4549788052742456,0.2457360416221889,4.66444933453568,0.0361928881917254,1.598343126690573,0.2267625570874257,4.674844591562897,0.0357800229431026,1.5635563884690684,0.2192967774290579,4.660369973078658,0.0354812495178007,1.3449439458763843,0.1870601062493836
4.652875048878951,0.0455861052142122,1.3656428336894453,0.2440325203370534,4.601746452259592,0.0452309667973598,1.3711887779813026,0.2431146934603241,4.621863151153087,0.0385493113161147,1.4462212737597957,0.2185392539436193,4.54393374113826,0.0390683562774022,1.332351194384588,0.2040431134944618,4.666381088931229,0.0371096697545591,1.2574279492911855,0.1829145637185313
4.661185192333184,0.0425688547357082,1.3265304943261722,0.2213539574429421,4.541433082120738,0.0413425170678236,1.3995210752230272,0.2268059501524728,4.649819572953153,0.0360289562050054,1.4378650353399771,0.2030709918912348,4.513961503082037,0.0357089800746375,1.4833935293787464,0.2076404268233732,4.579311662401718,0.0346658598194272,1.259728726565552,0.1711816058668793
4.724495554922251,0.0426719982904488,1.4230795078389735,0.23804015947249,4.723920602136361,0.0430323174613605,1.3064186632336472,0.2203713833522763,4.703531467755727,0.0359891549591553,1.5257056515730028,0.2152387647612696,4.704600603982344,0.0365549277915564,1.4767431312814796,0.2116064866499326,4.731595606551316,0.0349920693324647,1.307347622030718,0.1793241554524011
4.583782213845382,0.0403899593609984,1.355435782926225,0.2146003616557609,4.626520208733819,0.0404624956203543,1.374854560754455,0.2180657757577199,4.608116769914493,0.0339604082964658,1.504555320722028,0.2002899465032562,4.564757801435615,0.03367676658755,1.4073144156422197,0.1857802786172936,4.60890441902234,0.0340819829873716,1.2695487626531563,0.1696103414880071
4.615039095446393,0.0422767728100091,1.2919193803943068,0.2140993397665071,4.619628888160845,0.0422329172983855,1.3185580154957948,0.2182872712029656,4.594719106403355,0.0357228114161236,1.4106306679414615,0.1975318080883744,4.577664683857298,0.0339212959409496,1.3732960569793675,0.1826058538092053,4.635213740260496,0.0349175324665799,1.20607563934801,0.165080652901338
4.588985798826224,0.0409941886707041,1.439872045834942,0.2313791826049272,4.576791557390656,0.0418420358454211,1.4129048090422696,0.2317414911886379,4.594525749963997,0.0347030443957308,1.5247740400845429,0.2074202492637345,4.594263729187754,0.0352932877214276,1.4926628419541648,0.2065056436171262,4.617477444857281,0.0348092073081853,1.3256992990915202,0.180891119605289
4.623010800175352,0.0414679696530789,1.2756630893714338,0.2073608900731894,4.655911521354912,0.0421165186043023,1.2787351974085146,0.2111111496597989,4.608592846435442,0.0351510292093549,1.395791727112732,0.1923254477278952,4.662996395841198,0.035287726082032,1.367779297985954,0.1891985425038688,4.633394529528521,0.0353265243358605,1.2262296914815856,0.1698051372403378
4.720850049542889,0.0396941000294186,1.3750991083054172,0.2139626888104607,4.710190839128545,0.041772566189007,1.3547429709025027,0.2218329981424775,4.721742100631162,0.0336553394312935,1.487510768977887,0.1962420989027276,4.687590627891137,0.0352126349236897,1.4202277743464031,0.1960354492724778,4.731556634346108,0.0343188619229968,1.2733487606455085,0.1713003830193593
4.741866423397778,0.041761216811058,1.296199201828607,0.2121890560243639,4.673399593200504,0.0422340516650813,1.2684861583597502,0.2100035160637393,4.688999820707593,0.0355037596835886,1.4182648484235345,0.1973830116109477,4.638299022028876,0.0351804609314564,1.367896283629512,0.1886395629569571,4.689286069847547,0.0348487133557432,1.2390119185398802,0.1692545369297151
4.537474862312088,0.0430905774786165,1.3313586880152242,0.2248824052722755,4.539655564296916,0.0422984342827647,1.3320390861105709,0.2208611591138117,4.524829832832401,0.0364985138891285,1.4550840495606068,0.2081811236922357,4.535211890196184,0.0350682131341882,1.3595003967733608,0.1868835446145523,4.568950883187761,0.0358193397490864,1.2289490714265237,0.1725557949376142
4.690395928738802,0.0411748865102561,1.38623302358532,0.2237415993178081,4.621031579299187,0.0432255188127013,1.353006459038003,0.2292546594179321,4.671495498293512,0.0347178790034378,1.4885340401084437,0.2025769567446555,4.659061244127756,0.0358111933397026,1.4906851461943855,0.2092583535556311,4.668244395399696,0.0351622737670852,1.2541932550283867,0.1728699468491379
4.593861118706233,0.0423654355277041,1.387363569218744,0.2303987127250624,4.616088332907242,0.0411596248781154,1.2800029409454448,0.206519213388679,4.59934179482226,0.0358962982570991,1.4193959033196095,0.1997244800149976,4.590610025789109,0.0345403365558029,1.3489730941009093,0.182645063718298,4.646073341450727,0.0349798360404275,1.2141524785496811,0.1664826909260393
4.609892167309811,0.0423410985707592,1.3561335593029982,0.2250829880327611,4.615289707485349,0.0424429665714196,1.3321002014988668,0.2216260020376024,4.590545203192737,0.0358729891833367,1.495888535708824,0.2103511482602255,4.5995032717624165,0.03688653231749,1.4191384761084989,0.2051968506573519,4.621585532174281,0.0348751388022798,1.2649171328364783,0.1729243318941648
4.645137155989413,0.0441981342211023,1.3200025115386569,0.2286950584519507,4.639672666788776,0.0461714548533507,1.3378322005100851,0.2421326141397019,4.62646242749886,0.0372308863210357,1.4343402320106726,0.2093310452670536,4.666524493233382,0.0395886818550404,1.3683409979317789,0.2123456984566733,4.645055790063252,0.0369372475976854,1.2507106768169458,0.1810920873044655
4.674142071854749,0.0422340250024953,1.3402165297802435,0.2218786574884681,4.646447699400637,0.042476039063209,1.3489838510855714,0.2246098764220192,4.658703291432785,0.0356454023921892,1.5106274640800512,0.2110760627381009,4.636777850040894,0.0355833310281393,1.4935676429500837,0.2083289302965565,4.641638170020193,0.0356133129208894,1.2843443524678606,0.1792965540278552
4.643946302174164,0.0421732410720994,1.3263627455933729,0.2192690728156218,4.642341185494472,0.0426932218703848,1.274249336869556,0.2132511752436842,4.623722818024461,0.0357565894034333,1.4466795681601083,0.2027713170437847,4.623422403566226,0.0358131772547495,1.4112387051166524,0.198116851718278,4.662898445571303,0.0352425875390998,1.2559698468497846,0.1735102305645774
4.640566274399781,0.0426114743206398,1.3520692401828995,0.225841411769305,4.648718406496244,0.0425683792788256,1.4169609525319518,0.2364411617609434,4.647801454947399,0.0362580916542957,1.4704705255075992,0.2089966635147706,4.679547123852428,0.0363421476315493,1.3984450820333034,0.1992205299021489,4.630026239484361,0.0355147811066911,1.2552121047715732,0.1747448348859003
4.604752527724234,0.0397951496133422,1.3079382741306378,0.2040306800913401,4.551610496241531,0.0402095576463232,1.3953960884673815,0.2199403355484955,4.610132751625672,0.033495605933524,1.4569387639994733,0.1912965879118655,4.558278087966902,0.0337075118955685,1.5083012456881533,0.1992933800201285,4.606332951942258,0.0333852842511305,1.2733905634066078,0.1666459609994761
4.629437076079173,0.0392254731821999,1.3443251905579725,0.2067048251852549,4.652550438919688,0.0403913711824623,1.401242510760482,0.2218605001519207,4.63644206469307,0.0331134891174673,1.477117912780198,0.1917335862714667,4.662009340680384,0.034044045053319,1.472878607434959,0.1965559511966789,4.660939207558843,0.0337288976699134,1.2867464473349184,0.170126987676428
4.6785815303067775,0.0419622372818713,1.309543415651091,0.215405418232935,4.680313736757991,0.0429715734969998,1.2665369546184189,0.2133424161726451,4.679209151833742,0.0354608840639127,1.4196080117368886,0.1973313499954884,4.692604320723206,0.0368613558276554,1.3756087214914756,0.1987670135874588,4.709325683248327,0.035892103377955,1.2118381193200556,0.1704989096844041
4.612529815876846,0.0411191874758764,1.3802655333348528,0.2224770690047394,4.550934724119333,0.0411200458006685,1.2555943422572615,0.2023862607304901,4.636167185017047,0.0350039680422905,1.4570567750637906,0.1999271798809793,4.552342843748995,0.0346375487113052,1.3425293993330254,0.1822842060891555,4.650981159143982,0.0339208026846769,1.2572077156620571,0.1671672680437503
4.6519950390532205,0.0424359006571567,1.3489086086385054,0.2243851115052827,4.654667276066549,0.0430657529525801,1.3551949651425448,0.2287767630559696,4.677503738296688,0.0356467773136177,1.4833662753402908,0.2072749221876937,4.5697761569678095,0.0371479516516562,1.3524071562825026,0.1969338713947538,4.69164459680761,0.0348831245614754,1.2612761246451407,0.1724660593141068
4.712628380566121,0.041068308744034,1.3253576896431831,0.2133624586173308,4.728961026777716,0.0407797537161171,1.3402712073211074,0.2142473076927453,4.687725805037246,0.034802060390672,1.3757422900754572,0.1876809229995592,4.743001684824184,0.0342700433369058,1.3884723576170142,0.1865219633932854,4.739298286213475,0.0340257463210271,1.2435230243840176,0.1658592042126223
4.6116400290056365,0.0410147403137497,1.3299524565674647,0.2138228770543914,4.652116075526674,0.042465975619735,1.337236214035603,0.2226011081924436,4.591828363812484,0.0348392691818005,1.397833508250865,0.1908985237623173,4.589937106199381,0.0357817103652007,1.399374252054231,0.1962786496512119,4.585923917830418,0.0344493914060032,1.2259913540484135,0.1655568093815557
4.706260285187737,0.0393754125044479,1.265613632200109,0.195345921056297,4.69031406653901,0.0404483573823378,1.2338362633368225,0.1956304736905678,4.671118562275745,0.0331666693125802,1.4244124371581994,0.1851892208124535,4.672343831012047,0.0340727197129003,1.3481159406160617,0.1800578795470202,4.6496670369947575,0.033798849080335,1.1923349678159831,0.1579713317376094
4.649566015956358,0.041364517036403,1.4059716035183758,0.2279725693515888,4.590877986559345,0.0419573826708856,1.3498460547983042,0.2220090697306773,4.623111129671994,0.0349059553426085,1.535201239936729,0.2100597904498715,4.585562987606997,0.0355648809078717,1.4430909765149451,0.2011838693096549,4.639823801534938,0.0345022260772871,1.3233000560468404,0.1789713582899761
4.751711486815792,0.0437960675514449,1.2259058674607557,0.2104603689077244,4.765467569961522,0.0438332969480859,1.3206808981839642,0.2269238382409482,4.769500546261169,0.0369306488751942,1.3821418566155332,0.2000864340585796,4.775859265853531,0.0356908050520369,1.375232318468819,0.1924024069282037,4.722495683489059,0.035935155710232,1.2177740930670298,0.1715395823466597
4.720176472094993,0.0433674980300712,1.346303726316273,0.2288682252750564,4.675997059551915,0.0425101443475313,1.3485518991830578,0.2247182433797514,4.709985607210044,0.0364512300919763,1.4880314967791826,0.2126191606162043,4.708488238772725,0.0356031088276999,1.4652332914640398,0.2044903348821982,4.653787605545097,0.0348238622843126,1.2328076342311596,0.1682869108795578
4.661109128557078,0.0407888758271902,1.3672793803290346,0.2186135552028549,4.610045392087642,0.0421291017880074,1.3566978861542331,0.2240492192655231,4.621790145337456,0.0343371877005162,1.5533205743420118,0.2090758657827084,4.638574348542723,0.0347880202094812,1.5260578385493149,0.2081032172231816,4.661244525385989,0.033678195778824,1.295610284468409,0.1710414189245057
4.645063440332236,0.0427702272328857,1.3725839574705347,0.2301222241807616,4.7225424111593295,0.0427469149564283,1.3165025986847507,0.2205995308908704,4.641752171959765,0.0359710059098713,1.570472957560828,0.2214425796536999,4.661710751069898,0.0367611771053314,1.4042478573427055,0.202353754033503,4.651986898650325,0.0349908172327052,1.2526440021652427,0.1718145091727018
4.722239843200475,0.0429899889740621,1.279834388521044,0.2156746965585048,4.706750536531356,0.0404071040431853,1.2429282698569866,0.1968710595014524,4.739612211287746,0.0361858172145937,1.4414782158639736,0.2044676263635884,4.692906910416718,0.033776877410574,1.355859905463812,0.1795198193666099,4.706017500624817,0.0345481904852411,1.2159376864953912,0.1646700855929398
4.623354052838256,0.0410156233716329,1.3418765891200104,0.2157446223480756,4.660328228865943,0.0427078549067278,1.2924008697730578,0.2163630460093791,4.623085883176002,0.0347214315623041,1.417097295648242,0.19287475114653,4.611344469844264,0.0349333813185225,1.4530478319843,0.1989750497555224,4.676097064812337,0.034621619389203,1.2588860523289844,0.170848781687649
4.746208639277496,0.0440414476836947,1.2567299689051794,0.2169609853557522,4.76540828757555,0.0448405966309186,1.2732616620615131,0.223803632849083,4.697119888534039,0.0374825658953861,1.3780504397416855,0.2024755157424685,4.828402601251977,0.0375990199907787,1.4100756237814496,0.2078246304463815,4.711047857202345,0.0355470908489368,1.1711060782824505,0.1631843048961214
4.582362293122201,0.0419487340966499,1.3138483685024234,0.2160439914142233,4.56960751503054,0.0457538468012063,1.3422375479682311,0.2407326984699049,4.586159026148047,0.0353894412710992,1.4487714046810565,0.2009794522090771,4.547943350750472,0.0379451005479289,1.4438718367815322,0.2147644727178917,4.624162619686982,0.0361490887629081,1.2794274966099484,0.1812972100713857
4.755940317139915,0.0397429905903556,1.2771505259738831,0.1989668467084101,4.723463102629045,0.0409765898555983,1.2049425711354536,0.1935442386587582,4.713084992227848,0.0336824326495545,1.4281596386567812,0.1885637871326195,4.710987089380343,0.0348760325582271,1.3141733625270329,0.1796626582721283,4.727049520476744,0.0341480447183941,1.1884625691632495,0.159085074715767
4.683622695159599,0.0412750874878051,1.3316573475187743,0.2154559930814717,4.6425713376652284,0.0416126864724345,1.288875337538351,0.2102397127912563,4.674461880595443,0.0349162344737021,1.4443133982069676,0.1976819097217629,4.609935555527618,0.0343350351874229,1.446961133011361,0.1947477501524044,4.647082036121654,0.034066969693802,1.256248912952936,0.1677595644121141
4.743527918956733,0.0411058109412069,1.403563141812914,0.2261586807183256,4.624360529529965,0.0420998667378461,1.406771464314295,0.2321573073952952,4.71709962302782,0.0346848670908436,1.5449073907945008,0.2100489776979071,4.623920263576869,0.0360220339290428,1.4696110709881494,0.2075146358573989,4.686449510555648,0.034724046275166,1.3002225315377856,0.1769807783011847
4.745405565703573,0.0437556237444399,1.3740356693651734,0.2356730773922363,4.714302410112672,0.0434592129486746,1.3418857469227723,0.2285996091903164,4.718948041353533,0.0368801627630713,1.490927315655763,0.2155397562452516,4.704041875654174,0.0356712345408435,1.4822933776788474,0.2072671115036062,4.741236621346443,0.0350868746951116,1.2585104778283538,0.1730930411134548
4.795820716244255,0.0406076286409543,1.3482871235059255,0.2146189680794505,4.768851689800748,0.0409564009441303,1.3813040109264672,0.2217630292945966,4.75260079469906,0.0347939127218876,1.424574375940138,0.1942971743672316,4.712057883749467,0.0350961976624755,1.3954267463219985,0.1919752301619681,4.719032588316009,0.0344418568983557,1.267222609176093,0.1710872152478305
4.654593454759323,0.044229276601176,1.3400460008790265,0.2323312504865229,4.726760137360107,0.0442309134497249,1.2458131502126364,0.2160015690441569,4.674959396298495,0.0373573234409151,1.466873301343941,0.2148060174478737,4.713124715575601,0.0378618220456492,1.3643946789251145,0.2024974756442855,4.699608144547911,0.0354562303089592,1.2617987212002186,0.1753721916003166
4.593661686641297,0.041673226926815,1.341592053926486,0.2191571756789105,4.587263609429201,0.0421855385638392,1.3438990206173582,0.2222328838673948,4.570737986060177,0.0351005386309596,1.4976505146621657,0.2060641052567889,4.588990024823682,0.0362685668680315,1.3939422245719806,0.1981770025698379,4.568181695553831,0.0347564423707786,1.2484001939346872,0.1700854762149773
4.799555337348751,0.0418299744196907,1.335183410698383,0.2189306736507991,4.704971661290233,0.0414407591734339,1.2527714955728866,0.2035062036987601,4.778429382200974,0.0356782981247011,1.4727335752587718,0.2059711551829922,4.679063574942238,0.0342099840735833,1.377632952228046,0.184741506580548,4.716057200529897,0.0342086250352337,1.250291170659502,0.1676582272045819
4.618837345537533,0.0433022882656133,1.374931293790853,0.2333833826650184,4.588375329613125,0.0428684830444236,1.398298505257677,0.2349719904488278,4.622615496782332,0.0363361109732788,1.456402890978194,0.2074426550305703,4.617146251031289,0.0365656939492899,1.4409075348528095,0.2065323178507792,4.647020772936977,0.0365808599437363,1.2404824043429938,0.177878150723263
4.74836672411425,0.0428071303649514,1.283027609915866,0.2152931460904656,4.70990964578721,0.0435198369364576,1.3297738595476143,0.2268522742567422,4.7278499666535145,0.0365029534027995,1.3671729304195577,0.1956273363446149,4.69603543239763,0.0365970152124214,1.42297946679633,0.2041373095378747,4.735630951164183,0.0359765601018032,1.212965319732672,0.171059070020608
4.710529267540054,0.0417315808337717,1.2900122221585388,0.2110263796257048,4.733069717383579,0.0410892051842232,1.27924794644897,0.2060442767227926,4.720814401858609,0.0352909131319905,1.434222362816278,0.1984072200807596,4.716452537797405,0.0344493041888437,1.4703403198585188,0.1985529791598891,4.724641234986451,0.0351475094553008,1.2647152263340573,0.1742470323843445
4.6488071859141495,0.0422812637743646,1.2952151467070614,0.2146683217356253,4.693606745134829,0.0402938547645986,1.3643998783647031,0.2155056076766012,4.665961406462159,0.0358007977453987,1.450581888825062,0.2035696554457347,4.680286880683113,0.0341366373525128,1.429341904162402,0.1912647562423962,4.6498044772064375,0.0347026984325529,1.249380936064745,0.1699558851817518
4.547702231904839,0.0453757473550152,1.237265380991518,0.2200719741003169,4.5570903757821215,0.0442199546924004,1.289654305419967,0.2235474356096877,4.580374952302604,0.0387758993534265,1.3598868277754537,0.2067010740316816,4.567361496433797,0.037845865994391,1.3512386839321515,0.2004604052067779,4.596885162260017,0.0367663437708565,1.2055403334842518,0.1737441838468029
4.651600867806708,0.041867210450376,1.2973921616371238,0.2129233948290441,4.685118493043097,0.0414643114067875,1.318611558695302,0.2143233172401634,4.645762735063177,0.0352078893599354,1.475918339234059,0.2036950177883145,4.673479886254559,0.0344384312077269,1.4465694254414443,0.195281331643211,4.64905247230313,0.0350092974079796,1.2868660541250057,0.1766016783824215
4.661655389300034,0.0423451836053382,1.3455485292097735,0.2233476939738769,4.739051815459779,0.042683162490933,1.273758465923307,0.2131187989549048,4.666051933012607,0.0356345610369119,1.485868838253661,0.2075534586200249,4.704513018971071,0.0361096987661879,1.370800290412852,0.1940332419053416,4.662551046211067,0.034832875983382,1.2207789483301588,0.1666880445161899
4.682520003406731,0.0400053918020187,1.2975193749247125,0.2034747232166364,4.761812568866572,0.0426429028952352,1.392866217816558,0.2328274884414758,4.694417496671601,0.0335432444974372,1.4221099424829298,0.1869891154595153,4.748526744468429,0.0355592270723418,1.5081584489111473,0.210221616141426,4.717919487671659,0.033754382276759,1.240840093844972,0.164181443290148
4.734098824762252,0.0415752956484493,1.2645234866263726,0.2060821293416538,4.627253740095651,0.0427177498888229,1.309860914644039,0.219336868447874,4.713686592818549,0.0353415821999389,1.3908819080339705,0.1926878510005648,4.6290093523301765,0.0377311866445409,1.3589828258166825,0.2009983623587066,4.711954469173762,0.0343703229596242,1.2563103520895582,0.1692616764720651
4.633295113887109,0.0421532438336994,1.439120858564079,0.2377969911764715,4.599212802900391,0.0435688686463285,1.3458031498541043,0.2298454494447708,4.623135495435662,0.0355845475722496,1.5641855414465944,0.2181864631596774,4.550480460382657,0.0369288732873193,1.42613744457885,0.2064455504509797,4.6011151658385865,0.0354415630014735,1.295185352190836,0.1799379951087255
4.681054421021689,0.0422080548147186,1.3698554908621765,0.22664606298337,4.706751900722739,0.0419043755071526,1.4239328408182006,0.2338982465036165,4.688670051411781,0.0355742604282354,1.4824165660875706,0.2067208234882659,4.755392107808491,0.035126691695683,1.4494319053182103,0.1995782235101571,4.7072390152884775,0.0353521735607195,1.2945959810407046,0.1794024880826284
4.582580120510326,0.0420003743959639,1.2221338798605352,0.2012102182703297,4.615352748031911,0.0412144182881188,1.2693711400624783,0.2050764926693305,4.600393145024217,0.0354608523463927,1.3059197816247352,0.1815280562435927,4.626135745899569,0.0356369637415618,1.2943571983112288,0.1808143627683999,4.606634278664513,0.0340197218449855,1.1973796748066865,0.1596763978954722
4.654418375992552,0.0423442116809307,1.3040483621990309,0.2164541101050624,4.686031410528048,0.0427234765891629,1.2837705454517383,0.2149968414202918,4.656491648199051,0.0357611629320769,1.423237216049836,0.1995110763284708,4.663612409222545,0.0371957114123781,1.3619766237670163,0.1985823335722965,4.660219490974851,0.0352843892376353,1.2239448730044484,0.1692865866957119
4.624990037901113,0.0421095710255204,1.2912459783392043,0.2131414352104088,4.613074751990971,0.0432328954680211,1.3699696208536367,0.2321685271483396,4.605402393101183,0.0356007211016347,1.4013701151934057,0.1955643699869472,4.633397135083965,0.0367502182804446,1.465336985153298,0.2110938209406927,4.615620068626154,0.0353791272766587,1.2614218324405195,0.1749385593569701
4.665643346012449,0.0431173548936044,1.2649411142439193,0.2137964579418017,4.714289246833376,0.0425054938522901,1.294986595454046,0.2157686906325513,4.693665778731092,0.0364523365087364,1.3815001451846014,0.1974032926637376,4.677025840318168,0.036903945376673,1.4154892199873328,0.2047658137852533,4.731377960213016,0.0353426801052939,1.2052718691608162,0.1669792810578535
4.648442877206802,0.0415470886745226,1.3564389004937347,0.2209118027583017,4.678197681627283,0.0407526775452494,1.3216724768919157,0.2111339539958916,4.666904150044591,0.0353781066302978,1.4621728330678472,0.2027735870080671,4.695076407653025,0.0354197049349345,1.3860897038228956,0.1924484258752428,4.671642004380387,0.0346635623883108,1.2499699391321608,0.1698442500116939
4.676971151433166,0.0419681425246861,1.3865045325243484,0.2280967663332263,4.685007993131833,0.04267709716383,1.3752055721342875,0.2300597172641117,4.659097478425555,0.0357387531584425,1.514534450007147,0.2121761867474861,4.606466539632531,0.0368850058893845,1.3494586923284289,0.1951135985868979,4.705073060239828,0.0352938161028387,1.2858910020677938,0.1779020131253724
4.681728994318019,0.0431709213272445,1.2883267175347155,0.2180195391227865,4.682651657049632,0.043184591329744,1.367979500166092,0.2315722365232096,4.680390802583653,0.0363731393897599,1.4243781017005397,0.2030879528311865,4.668483119159959,0.0369589302262718,1.3827955939978,0.2003343705742673,4.732189125544717,0.0342070832110939,1.2146714331076578,0.1628744448917517
4.745529123243006,0.0409206688098023,1.325131219022011,0.2125590966180145,4.761121015855976,0.0402707133068393,1.3033940754201798,0.2057515670145497,4.741561744280656,0.034450395410505,1.4889922780565354,0.2010780862246507,4.719759754172901,0.0342260128040091,1.4860422245886085,0.1993726332215456,4.704278177119009,0.0335905284375818,1.241023301500781,0.1634085809967955
4.6728702130319375,0.040545643503136,1.2810337380821288,0.2036023807480174,4.649693798500122,0.041150163829759,1.27359035057888,0.2054373551580417,4.667800383513027,0.0344166613508784,1.3713762107657348,0.1850135075427662,4.6810769663979,0.0330866114703887,1.3959947060112063,0.1810565120368171,4.641158580811983,0.0344277970747372,1.243751535850686,0.1678498475746146
4.588621816442983,0.0420513211210385,1.3816886131775494,0.2277549945947104,4.645354733900678,0.0412720564336789,1.3395977488549509,0.2167247968033719,4.612388637826276,0.0357797675084574,1.472146826502294,0.2064746449772455,4.661757376395002,0.034478895126743,1.441999194557348,0.1948930916157036,4.641030135913979,0.0352189453819957,1.266835283984325,0.1748938687096127
4.619873025337178,0.0397585083477773,1.3957984394162168,0.2175358691628531,4.578144774670839,0.0404806665561412,1.3067250118066709,0.2073528197486454,4.608748468018472,0.0336895225189663,1.4451734220293608,0.1908503269934712,4.61512724637323,0.0340010235311482,1.3818622914978744,0.1841767662234128,4.607993225527645,0.0336171297088594,1.2534257104243314,0.1651723376397601
4.694772447475008,0.0419567458109359,1.328061118193219,0.2184227875653578,4.607288821657479,0.0422862726154108,1.3332408130948294,0.2209968542356403,4.688884499069534,0.0354182658829244,1.4693331058122845,0.2039978754222781,4.560283226091705,0.0367898927925626,1.38914456314013,0.2003337185943483,4.680518181512372,0.034410133402347,1.258183878320894,0.1697104398565396
4.797926702278869,0.0396154084844042,1.3353833643925237,0.2073710786954024,4.807132489351692,0.0421593429617581,1.3553403061653728,0.2239856907810194,4.791016569912274,0.0334009401796539,1.4761389378313758,0.193269807725376,4.805292521769247,0.0355913340924309,1.4175134672372427,0.1977650518943929,4.795503040141838,0.0347487368495841,1.3229361426690138,0.1802004994830946
4.671046287926432,0.0428462876254157,1.3226646994626454,0.2221473047251653,4.674476419693815,0.0445145359848384,1.3411770379720098,0.2340270438130001,4.708999469822959,0.0362882326007196,1.4592159583933604,0.2075694687946268,4.6642455353543,0.0382368140840483,1.4267926391227073,0.2138556094049876,4.719566424256587,0.0357393217616072,1.2383160575175374,0.1734825901650802
4.621470768985359,0.0415692259114435,1.2637607767366614,0.2059277602862034,4.647941566905188,0.0407808028411135,1.306033777257975,0.2087796989723762,4.630594722320035,0.0350692738143574,1.415391648431328,0.1945725131304136,4.615296879670733,0.0350757432894635,1.3741793805856428,0.188941951776917,4.635497006976273,0.0343798607718889,1.2455536411210644,0.1678590016961677
4.688373595673926,0.0430523271827536,1.297429594801518,0.2189568411177018,4.646633548250701,0.0425025594124297,1.313520233165436,0.218841627918046,4.670813039571256,0.0361715671775227,1.4132807301372168,0.2003889869114367,4.626345073860498,0.0355464522766935,1.3861431822183503,0.1931445429620062,4.664523704545202,0.0349207636482137,1.241946130083078,0.1700061285480735
4.618929433926042,0.0421586608542606,1.370874812152432,0.2265492824416718,4.623203228206133,0.0409269728295711,1.3532663747901594,0.2171055874772356,4.607033096876231,0.0354677709263552,1.514089875008891,0.2105055918062921,4.632127898723724,0.035411378036904,1.425848211370711,0.1979220632102927,4.661245563085003,0.0341946391185773,1.3121477574727596,0.1758809707116662
4.7305595594594365,0.0423539200174147,1.3880565524423016,0.2304511392394402,4.654093103910744,0.0451014077586744,1.373682010922692,0.2428591079459881,4.719241500920255,0.0357659052371654,1.4662516503507188,0.2055681474823412,4.637934961852842,0.0377139898008962,1.4188890058345045,0.2097630502229138,4.633312342163956,0.0360404931497145,1.2776204116980243,0.1804972764665359
4.743532649644108,0.0422955551624586,1.3572806583082513,0.2250310656266849,4.698833763704997,0.0420490942125226,1.3594351431135605,0.2240749068170417,4.748863105144208,0.0357856437626814,1.5125267098676822,0.212172929922774,4.720349673254409,0.0344529755447949,1.4320020262747593,0.1933964309319537,4.71412944957648,0.0340985729081573,1.2311610055015103,0.1645618426484312
4.673962371616114,0.0394904831257695,1.3036203689077115,0.2018002366737333,4.706260525825233,0.040472130175657,1.2907559134006723,0.204775631231011,4.655115363924658,0.0333430771143634,1.4303883226998158,0.1869552733271326,4.656700247820176,0.034335230920711,1.3370104525355655,0.1799504188224194,4.679812690166364,0.0337164846993631,1.2535717251347749,0.1656798005478816
4.706527579877681,0.041094557675761,1.4019324618029734,0.2258340842530614,4.734418915960501,0.0440977795500329,1.4861327020111854,0.2568930763622019,4.686823980508284,0.0346197735666971,1.5215231063485022,0.2064813646264199,4.734621255887308,0.0384387529153853,1.5285664024358618,0.2303200178691817,4.729169642466817,0.0354931063342641,1.3738111893615372,0.1911389280914701
4.745786577100931,0.0396015172155533,1.3774210090523231,0.2138240811280907,4.801550279876866,0.0408856715520554,1.2924940376451308,0.2071465814511144,4.706972038449862,0.0334725774862179,1.4617879802962377,0.1918013363811122,4.757072038771149,0.0347697551653876,1.3895222572638708,0.1893848467781837,4.709806784415816,0.0338131279400499,1.226122811209413,0.1625164798103708
4.6290007863447205,0.0427853011942332,1.2967838945362526,0.2174904983729503,4.617848162775078,0.04357901501939,1.3321577598089114,0.2275679805579208,4.61765573495838,0.0363391258195396,1.399144249460108,0.1993035590526362,4.585867571467395,0.0355637045251631,1.4630642953899644,0.2039616383942164,4.63761925011972,0.0350740791682644,1.234123122462201,0.1696769519233484
4.6618789866498345,0.0425425764640092,1.298228708057122,0.2164975985274656,4.628588013562779,0.0429984350159962,1.2657960071192067,0.2133508891893471,4.666287764205455,0.0359248226020943,1.4167321057346811,0.1995080642521196,4.652470012250978,0.0367214345090619,1.3652755336988205,0.1965251030411357,4.689851493138811,0.0353053588459655,1.1767257653772334,0.1628523311021637
4.633848532736446,0.0392817380811485,1.2993038186007195,0.2000688597974271,4.5721170750999605,0.0407872686604067,1.3313976504816103,0.2128680571906089,4.652301601642451,0.0331348743062612,1.4573861337697818,0.1892945225287582,4.567219319726259,0.0343396241517526,1.4048897571214811,0.1891105990225697,4.633017482741326,0.0334454607895395,1.242424276329984,0.1628865403450263
4.613598732788075,0.0412759981230279,1.3360430229493965,0.2161703442317778,4.677740484032698,0.0418324639381105,1.3566384717488638,0.2224619095253244,4.595250579723159,0.0349077023799255,1.4322166264258926,0.1959783344022586,4.641230221582123,0.0354541504557271,1.420261784308595,0.1973847388930492,4.685980839093377,0.0344247737104175,1.231488122500613,0.1661802501238657
4.718264483461736,0.0421299847326016,1.3314338612653245,0.2198816494793492,4.628336679042032,0.0417198595130341,1.321348178254217,0.216091753819462,4.674360297772839,0.0358656078995464,1.3805145743112748,0.1940873716671465,4.579229962003569,0.0345163059732663,1.3500052428172349,0.1826576441454961,4.635589716873898,0.0340459830738834,1.1759724420210926,0.1569426964852323
4.658767350375938,0.0423743705757383,1.347215241835653,0.2237784877212962,4.617880498922609,0.0432236625077819,1.3224184020704708,0.2240621682137066,4.678144574348963,0.035805252931594,1.459668714679378,0.2048703608895521,4.607785974700173,0.0375807388369503,1.49391444030482,0.2200741970399859,4.665867070604218,0.0349217919644235,1.3032446393979713,0.1784023434039965
4.720352768052072,0.040937891729027,1.3238058633722127,0.2124358751007458,4.623685388718678,0.0443241076259096,1.2640225628324375,0.2196205190441964,4.759322366042494,0.0345716993441847,1.4412383762085308,0.195314565499359,4.655143316336313,0.0378799125628526,1.369464634050014,0.2033470497168569,4.715890877100639,0.0340055603740587,1.2744405178665443,0.1698820890953389
4.604814721420697,0.0407533268085157,1.40468898996882,0.2243992144682964,4.592037486573483,0.041087885483412,1.4089115403468528,0.2269214786099925,4.560920773179484,0.0348041388591991,1.446672576664122,0.1973691307379571,4.63812934428255,0.0340443486700472,1.5248264941054792,0.2034902220711861,4.643591733650446,0.0343836935568424,1.3161731698246195,0.1773959284091196
4.856694882963433,0.0415066869473735,1.34603898701301,0.2190048815633627,4.7788428978571735,0.0427042395524022,1.424461946442218,0.2384514299595705,4.910461496695141,0.0350586196264667,1.4594147402244162,0.2005633742519749,4.726145277895556,0.0361102412201639,1.5030996468328184,0.2127630703911116,4.79243170845421,0.0345599057366504,1.311773476119373,0.1777090238104741
4.7517681268745005,0.0416778081503909,1.3158095225213793,0.2149690726413048,4.716013020856642,0.0406892018207077,1.3543547981524355,0.2160178841657106,4.734222588394788,0.0351348532672463,1.426109375754147,0.1964124739562318,4.6708896164940095,0.0349232183456392,1.4617081276242756,0.2001027272244471,4.703966819538325,0.0345603637649102,1.2291628616504462,0.1665197773536216
4.7267218374458295,0.0413626068350434,1.2755256911233217,0.2068117449819528,4.660802471834716,0.0422394270433797,1.394000155729182,0.2308122887675152,4.714056630282335,0.0352744087782012,1.3387300479788264,0.1851104094380626,4.688251504435732,0.0362269735874431,1.479172712929564,0.2100530673007289,4.6955127276922495,0.0347145440706479,1.2837908094555552,0.1746963433734718
4.686506937730111,0.0427050438892322,1.3209022040482716,0.2211199482556782,4.760692911245592,0.042749396893613,1.2908468801510915,0.216313093508274,4.681400894928462,0.0359969934355769,1.4393560659588749,0.2031012320611172,4.76995132221585,0.0364232639858351,1.412524816531681,0.2016754500721624,4.705309936667096,0.0344500173704888,1.2101369331205494,0.1634188114831691
4.722136997305037,0.0416813575080307,1.3331102246143138,0.2178141055106122,4.778781425856759,0.0427754153927285,1.3490069167684768,0.2261968219350871,4.709956762644795,0.0350910082696403,1.439200293455565,0.1979680806685428,4.745157599097079,0.0354274990785483,1.4332835010657718,0.1990447300993268,4.734514955042738,0.0343707589239613,1.2334749701312675,0.1661871918967555
4.639446342936394,0.0402172641558214,1.3146012051858846,0.2072452743492787,4.64316947985239,0.0416231112273627,1.2840823422204248,0.2095103585761601,4.637347437927066,0.0338234334058523,1.389905751226996,0.1842812414255076,4.636124660525371,0.0346156008485818,1.3796403542795042,0.187204312901484,4.629766147452497,0.0338669338970216,1.2426129605575738,0.1649642533869912
4.584385262400023,0.0394324102290143,1.3498300617103394,0.2086462127190743,4.601832297407028,0.0411326430112296,1.3576913026533834,0.2189100695544374,4.6062566558772575,0.0337853237346695,1.4091374370860743,0.1866205755746113,4.61738589485424,0.0354765976288451,1.3849799888791512,0.1926032217402845,4.627955944827484,0.0339482139438843,1.287054423776481,0.1712741925669719
4.614417005516113,0.0419286357081578,1.375535135420168,0.2260791471257524,4.597465644997341,0.0410307586086896,1.289364769373732,0.2073783585780055,4.616959080989649,0.0354694557090593,1.5034751791003762,0.2090397481720909,4.593814496130658,0.0345558968089332,1.3789023431881795,0.1867814595405454,4.593826583626594,0.033994210073912,1.235675894586597,0.1646598119815926
4.750016856952068,0.0420356405121569,1.3505484892939617,0.2225389002179193,4.7366352148273165,0.0409124902442766,1.2811890726743436,0.2054694352940343,4.753600793959396,0.0353572086153735,1.440184325427352,0.199606250864707,4.7307423733411245,0.0349773399005823,1.3265478181436765,0.1818811844331233,4.756450561563348,0.0344696263002912,1.206631993140269,0.1630382473101364
4.697052420868703,0.0431252611795597,1.3523343744653151,0.2286093097286756,4.563686107435732,0.0425040554282145,1.3563595803110036,0.2259869158670283,4.703013017816777,0.0362475348779158,1.5142177619176718,0.2151517581237605,4.527122995702797,0.0368840717542034,1.4018231551194489,0.202679663338496,4.621019215631907,0.0347137969747289,1.2288110439967177,0.1672111800371667
4.637599997105364,0.0414993410016879,1.4302783389996334,0.232669709949414,4.6753299563456245,0.0432573625197815,1.3768808502466108,0.2334718274373475,4.646610408965195,0.0349654049858307,1.4997582486954038,0.2055596685456265,4.634454847840595,0.0366919177261904,1.4058452384116888,0.2022022630860397,4.677217644294358,0.0360529732161244,1.2935976653661985,0.1828177651879374
4.752098276037327,0.0403445973331232,1.379272398730739,0.218129054748551,4.709751451804231,0.0421041939956369,1.3226727914828167,0.2183010700698443,4.746015984805732,0.0340163674793165,1.5270844379999888,0.2036240507181459,4.708920160024266,0.0342780049703152,1.4593133585685978,0.1960840110324604,4.700603869978735,0.0340816385657998,1.3026315100770014,0.1740284020671081
4.782991718917634,0.0413648579111616,1.3819731571236027,0.2240831656068967,4.788065040705026,0.04242282939239,1.3647276213793138,0.2269466093576857,4.744222943035484,0.0355265425159756,1.385963394448733,0.1930113241436521,4.771620642004684,0.0364793986300674,1.4043328483413366,0.2008148436253691,4.731593634723439,0.0350968369136008,1.2285283454858382,0.1690173334319549
4.6699454330872845,0.044125043324719,1.3819723225394016,0.239035594918144,4.648177808593381,0.0433580338910257,1.3629223960493455,0.231642794350962,4.690568078183079,0.0373012995758556,1.4943417549771705,0.2185002716592201,4.621824999539194,0.036394251359733,1.4605956529346602,0.2083727295169614,4.692956222534411,0.0359063380863332,1.2561802303538985,0.1768076926873998
4.634594555154773,0.0412449347179522,1.2998761195730837,0.2101602965016828,4.627470492972645,0.041706349291038,1.2790592643876049,0.2091081359007174,4.6102447746842685,0.0349149432323076,1.4213465899889293,0.1945312685479645,4.644549769583556,0.0350998917027994,1.3338950296453278,0.1835293461903635,4.6535679517969015,0.0348942548125468,1.2345459625748103,0.1688648576834697
4.615335026873581,0.0411086298011366,1.2180787022396204,0.1962846951973363,4.637512475203346,0.0428035526957604,1.225436004395566,0.2056120389516647,4.63693510925156,0.0346723402382913,1.3617978817827443,0.1850861393486475,4.629104569054824,0.0357236548326628,1.3243419787284036,0.185453108248714,4.635548413161744,0.0353645936964998,1.2305290033393954,0.1705841256996992
4.575100245125294,0.0414362932699767,1.3109113217191335,0.2129277667629552,4.652766001755919,0.0416082353790804,1.3874213689094956,0.2262902089471049,4.595449400467277,0.0349429822077733,1.4886987203964008,0.2039129787485334,4.616369498567016,0.034917026883488,1.4750772966313557,0.2018971194219442,4.637919666674521,0.0342251470309808,1.302416284477098,0.1747323134142858
4.740151373874904,0.043697717093911,1.3488799051039762,0.2310522064320995,4.715518495538164,0.0421515797969982,1.3806932835151409,0.2281335481273376,4.707898539183993,0.0371140092913757,1.4289909590964716,0.2078956680322542,4.724710169010842,0.0359238137391514,1.3681543107856673,0.1926617965873824,4.723601083913839,0.0348275728972284,1.2107553540371732,0.1652942304093967
4.619996565511096,0.0436988323664962,1.328803360600425,0.2276190661568144,4.654796814300696,0.04404292991799,1.2375329054536837,0.213654008087647,4.621202301498992,0.0367741407477085,1.4437218351977592,0.2081153652360165,4.630556958635388,0.0366825532140757,1.3609544130063873,0.1956956720740139,4.70307440684848,0.0351675642515742,1.2541093754066597,0.1728843935397351
4.682118832478919,0.0402200959816987,1.3248849144263486,0.2088811955063805,4.5964854824828665,0.0407355366898605,1.3914139957038605,0.2221815011090556,4.681434828076408,0.0337899993193453,1.485556748460079,0.1967684734224008,4.607055938308101,0.0345144937920201,1.478708998118415,0.2000609425058708,4.651794770760141,0.0345263593597521,1.315366001385586,0.1780227418037137
4.689138448558756,0.0407536465307699,1.2520770846407725,0.2000210156913298,4.662933800871393,0.0419325162868578,1.3643606777984447,0.2242632982978351,4.700824562909235,0.0343621198584013,1.393153872539372,0.1876536955255704,4.6703763494471096,0.036050686527029,1.422815983207692,0.2010667978278822,4.697793635525634,0.0343709593952625,1.2304108400856584,0.1657753257978858
4.615662786406971,0.043160809194528,1.4119317043897166,0.2388808607918341,4.643035101663847,0.0430725561923182,1.3641317189338296,0.2303217969657669,4.600097190258261,0.037166266596203,1.5432389479942354,0.2248330748017406,4.639262438913524,0.0361638937127763,1.4199793024487513,0.201296064896549,4.678693270370582,0.0355883785640747,1.3180193085331322,0.1838688081242203
4.785825646524456,0.0416114880955676,1.297739222957188,0.2116794823591208,4.702662964303404,0.0414728550452362,1.3082246647196452,0.212678874499121,4.757824398695911,0.0349706118923894,1.435588879061877,0.1967937961860426,4.677591422811103,0.0346467949887245,1.4222557586532127,0.1931607370319426,4.706067205543524,0.0334755150357334,1.230020357075179,0.1614052487196901
4.702151020000729,0.0403482266985467,1.281272541830661,0.202648810135328,4.736028297416126,0.0423634705517387,1.3075212403290406,0.2171292693623802,4.706550575682972,0.0341094396706471,1.400224866888756,0.1872192313796032,4.706306140875319,0.0352061271257604,1.372651424981443,0.1894334220760841,4.735498557799661,0.035132905863639,1.2051406886457388,0.1659701201212512
4.692723512341031,0.0429100816592664,1.4429664102756292,0.2427133414697429,4.7100759277188,0.0426084121602554,1.4254503571137804,0.238081436330506,4.680206328116695,0.0361590402714231,1.4597059094366007,0.2068999319692459,4.683960983635736,0.0356560713871526,1.5224404786752623,0.2127903357059139,4.680777506576432,0.0348784420060611,1.2903877139030535,0.176423073260288
4.688897099824074,0.0398402386865712,1.204364391199936,0.1880866298596993,4.638838394340289,0.040931312898693,1.245103155338114,0.199774059859109,4.680625206399164,0.0336136096670076,1.3138826505374188,0.1731210259706664,4.636816503238253,0.0328210753695327,1.367991629250758,0.1760006748515045,4.655365721395868,0.0339926305190433,1.169069649782156,0.1557769679208631
4.695520910023843,0.0410548101316397,1.195135621342838,0.1923354445080242,4.723336864431365,0.0403446867967948,1.2923613053818026,0.204384699722358,4.737447229057881,0.0348574456780024,1.3183440035008018,0.1801367794724229,4.700135015355794,0.03348221237901,1.3980360099615607,0.1834892355885051,4.720947084926019,0.034517803034308,1.1713308457259313,0.1584896159520463
4.737229735767741,0.0409222978978062,1.2539426979145585,0.201148032982659,4.794554398320744,0.0422144089699974,1.2666973723441342,0.2096098414952353,4.722380839836152,0.0346233236219198,1.4010819891981414,0.1901561570925568,4.738016152351033,0.0358767391634705,1.27665695622293,0.1795416722080074,4.729893639323933,0.0347246170939872,1.2072112314046286,0.1643231756949803
4.702836890218359,0.041183427049794,1.2021212388466482,0.1940657255238174,4.672506952821028,0.0419949725159355,1.244775720131714,0.2049115774817942,4.713120058623433,0.0348742540544905,1.3687373049366196,0.1871126363225951,4.647712132197279,0.0351990899825195,1.3515469437218162,0.1864836054086628,4.682054412711803,0.0349331378878903,1.1739722886680857,0.160758346452868
4.674223570874091,0.0414291660023221,1.3210488279593289,0.2145374664188146,4.697325694945792,0.0439122120245528,1.2752373419079803,0.2195100571318722,4.685141642765724,0.0349485481388392,1.43971491431972,0.197234883974211,4.687811924075168,0.0363923166476827,1.371198695760396,0.1956087063002381,4.703396536790474,0.0347468284530177,1.2672326637064393,0.1726035069371792
4.618345268659303,0.0409906605330942,1.4044224645930945,0.2256632149147273,4.619020331818159,0.0419401230009737,1.382089685638796,0.2272186694700537,4.626820440155798,0.0345840157789472,1.5053036938800544,0.2040692811790863,4.637744792803327,0.0356427971668587,1.4954398071081223,0.2089386588949673,4.676160326987288,0.0344813061041804,1.2987895932984683,0.1755499033733328
4.683869527548698,0.0445890531981879,1.2684270672794082,0.2217031370432682,4.7716202028136445,0.0444014276619485,1.287135531598704,0.2240264517595557,4.69183974257313,0.0375427642036297,1.405429979597674,0.2068300065889461,4.78795394012847,0.0368459325969896,1.3938966636677996,0.2013252367989069,4.710789014986053,0.0360927909473969,1.2168672088525394,0.1721637608094018
4.609863984288896,0.0422287447966486,1.3765986106513295,0.2278733758494371,4.617033174827698,0.0427779818078281,1.389521346103387,0.2330041203675174,4.610339108927274,0.0355556143510828,1.4807825134257568,0.2063847249445189,4.611077262815992,0.0371770406027919,1.4303441611073355,0.2084459444640111,4.676538586063638,0.0353637480687089,1.3001196173361764,0.1802269304451237
4.762314119163523,0.0412631665438695,1.340906430228444,0.2168897922989623,4.758939665075428,0.0403271358172905,1.3427620055132516,0.2122631029491912,4.738746248071448,0.034858137793941,1.44674016672367,0.1976845863206244,4.748368281851476,0.0329673751747339,1.414485454715546,0.1827935819093769,4.76959942314798,0.0340716745991307,1.2844011016868433,0.1715426976591942
4.745064846116451,0.0407837961619402,1.2857142411270317,0.2055465484924367,4.749477093623262,0.0417882169953919,1.3211235024264774,0.2164090141011808,4.741205626953106,0.0341833805056789,1.444977469243242,0.1936217635301182,4.728914644032626,0.0359584652519019,1.4460930357603257,0.2038334562590106,4.743432910950824,0.0340029764477218,1.2516709616676382,0.1668342441864179
4.631102913746233,0.0412338882084143,1.2997551211141347,0.2100844524383007,4.673401953691041,0.0450442156697154,1.3569742778469722,0.2396010579494451,4.621847665051003,0.0345990369085547,1.4944886139601734,0.2026911129529807,4.684219710215569,0.0378340551482834,1.3733730392933945,0.2036805207804044,4.6577593304108165,0.0358568321674351,1.2348851578247455,0.1735707643505664
4.715335122979854,0.0413880913302697,1.317400039190661,0.2137327912484912,4.711663783457892,0.0438314794555793,1.3479143681544956,0.2315935816031166,4.697633510333268,0.0348950714021267,1.4647484300234834,0.2003573224426754,4.7037572060898,0.0365727346484778,1.5004630009637223,0.2151101051503971,4.657369990264844,0.0348521663516993,1.3031501361737163,0.1780337414106
4.655744282507645,0.0415410528757506,1.3915301710413177,0.2265938995880552,4.686621596013326,0.0389050208468421,1.3638377855214965,0.2079919169409932,4.640524118780479,0.0352811998746983,1.4303702478858182,0.1978198650998492,4.673890658620036,0.033118795982266,1.4252986927291236,0.1850369721834178,4.681371221477179,0.0340965048757675,1.2291004547502495,0.1642764575470177
4.662684776756746,0.0424787761008152,1.2561527126364478,0.2091666893701527,4.618966456677134,0.0424354023329004,1.2814770736943182,0.2131656641531386,4.648906044956588,0.0355907002206281,1.4255584582028842,0.1988839104272085,4.590612810056839,0.0354532354579926,1.4128910779889792,0.1963553073114561,4.646656739135735,0.035628286049146,1.2222072618882411,0.1706938511593523
4.6734433618248366,0.0408344739493419,1.329765098316946,0.212853101105039,4.690580874739935,0.041075867311052,1.3251807418811448,0.2133732365460123,4.630393165602508,0.0344595548028591,1.5107021715077098,0.2040640973433047,4.667361129640067,0.0347094940470351,1.4093953069233829,0.1917605165118197,4.681052312158015,0.034075597903812,1.327779125743712,0.1773566219387247
4.625385824834846,0.0415447963843721,1.3864331622034496,0.2257842581082276,4.625640892618762,0.0425480497321186,1.3530965510948627,0.2256766009088008,4.668173667734268,0.035124605577009,1.4938759791858436,0.2056856942431439,4.61188874279637,0.0352392032769565,1.4802430880237265,0.2044735840273266,4.642843392127169,0.0350136669215901,1.2567372090066815,0.1724885043579983
4.661618720141341,0.0390653524811362,1.334227905234174,0.2043148125582985,4.59063957817282,0.0412215578672401,1.347830773413512,0.2177899601331643,4.639776070967479,0.032929050619315,1.4773766613850423,0.1906990503926552,4.622049011170667,0.0347326768598353,1.492098792157289,0.2031486409759788,4.651164589200486,0.0334717228758816,1.2770370932798012,0.1675558772837122
4.62608624855069,0.0423421728796558,1.4484108989386957,0.2404047319853294,4.638369084147926,0.0429697407912307,1.4083517221134352,0.2372203540332515,4.657312013764611,0.0356321134832429,1.541826120942634,0.2153550541140247,4.617144576948039,0.0369437722922554,1.383322978072641,0.2003285817532142,4.649025099930024,0.0350328428368189,1.2677257942654765,0.1740919919218927
4.610420401268857,0.0399994823002463,1.2766429618965174,0.200171347364736,4.589533573730314,0.0423523110371851,1.3010870816120748,0.2160038862912061,4.6266451644645565,0.0337850783021053,1.392561241465076,0.1844239501911941,4.609410104621743,0.036021066864871,1.4223498070768492,0.200835774951023,4.662193416239464,0.0346988415994624,1.2418216371260908,0.1689088035472439
4.625370617042523,0.0426174988938485,1.3059231965286884,0.2181642982095295,4.658156560996894,0.041071742122162,1.3513726627534164,0.2175686617522684,4.649532595774795,0.0358093728790841,1.4558599697812065,0.2043593002499978,4.6709845177858025,0.0349959944880209,1.4238849512246072,0.1953310687059788,4.6669645773654365,0.0344240433160012,1.2591654519735502,0.1699114967371426
4.678879492369995,0.0419504099041847,1.3076890892709647,0.2150397743438907,4.643336343764303,0.0407895025039495,1.31215154479958,0.209802418951359,4.664088238537965,0.0357284506467517,1.4318234668069127,0.2005311046753763,4.619265030203691,0.034476407536279,1.365019490386656,0.1844756056776608,4.695456652967853,0.03436131181155,1.281193909397057,0.1725689623210087
4.686561558486641,0.0426908425480469,1.3903776496847555,0.232672786338448,4.704678752741992,0.0423039904584943,1.393686159681643,0.2311130182911444,4.727456046218849,0.0360133134121541,1.5030067572990844,0.2121788544640084,4.688331420651339,0.034676403672287,1.573003548492401,0.2138168066136193,4.668467353039532,0.0347947046449505,1.334511079445452,0.1820176172326076
4.666332697489304,0.0422658483967361,1.3218284852393165,0.2189993290273515,4.687839561651402,0.0427835077077823,1.3960385005419598,0.2341271996560376,4.67121735834722,0.0356511379155339,1.4908578309511595,0.208347221823836,4.7067865334345385,0.0361386483123967,1.4609618257757953,0.2069611645987823,4.661783993400686,0.0344397238133313,1.2657529164687298,0.1708782089827915
4.658277069103621,0.0400655011257113,1.3260269361945431,0.2082576732689811,4.671880478626664,0.040990799909777,1.326919144284026,0.2132106725198798,4.676205388378013,0.034315210080936,1.432963420761507,0.1927524260850273,4.680434822973921,0.0348202881422186,1.342386323930974,0.1832263652126792,4.706786099413787,0.033772450363419,1.2477149307443378,0.1651794557527039
4.739702468922935,0.0416842466662506,1.4256281187905375,0.2329465573730776,4.678732503259572,0.0414651846746876,1.394887742254991,0.2267258028892122,4.77342112049365,0.0352949947823304,1.5321898506758984,0.2119843451841042,4.666237595673386,0.0352184713752048,1.486604821702166,0.2052315502414939,4.721811725650761,0.0348908394893729,1.309207314542407,0.1790597313734035
4.754427030385137,0.0385280121493204,1.3278846112404186,0.2005464722280804,4.765267912467712,0.0393694665788821,1.2713974145699518,0.1962090075910353,4.734343002283961,0.0324791352114447,1.4329630543208491,0.1824389386937114,4.7378640250059485,0.0328976110116132,1.451258179002776,0.1871488350700477,4.756945627264142,0.0325773049123759,1.1975198716523994,0.1529241123219163
4.704961639103987,0.0400716532315154,1.399766697571408,0.2198725452997539,4.7634168980483285,0.0426377137359038,1.3385907841108664,0.2237277354715741,4.684543935955952,0.0341686324528242,1.4649011561431449,0.1962067777893366,4.748084961363371,0.0362181185339789,1.4771107358015918,0.2097089796084125,4.74140241226226,0.0342146795084669,1.3035517628516766,0.174831162068913
4.626195299896553,0.0398513853275903,1.3682433007826245,0.2137395251393169,4.650968821241441,0.0413672954062206,1.3966925837159692,0.2264832254739541,4.645620172928032,0.0336365685468183,1.5041301623523964,0.198323962736149,4.667728694546365,0.0341733258907745,1.5091160116009446,0.2021566172804448,4.666239213928002,0.0339198618923654,1.2836134525259175,0.1706736286232109
4.630547414778499,0.0427225338639105,1.4313427554087637,0.2397059054749486,4.627047794499783,0.0451181720765163,1.3187867167481515,0.2332405984629056,4.632788773124965,0.0360195648177362,1.5686486735135772,0.2214839369876605,4.65179288726041,0.0376717122425918,1.3920557076087592,0.2055654210251024,4.621855143386381,0.036083718942654,1.3120647827840193,0.1855857630329985
4.681508453353838,0.0419119001017364,1.370913057147442,0.2252295399876714,4.674950354914031,0.0414444582256934,1.3844583307864546,0.2249181187863722,4.6537134408363,0.0355164670955082,1.5221783366369848,0.2119207013179453,4.657574162458241,0.0349245566133358,1.4703461160508542,0.2012929509179913,4.657470642262074,0.0351126144997042,1.2975876452714308,0.1785985616397533
4.573441946322642,0.0427262765112112,1.3234881716704316,0.2216629954174609,4.604457539849758,0.0421835067892774,1.2982725509567097,0.2146775559300955,4.590454000316371,0.0365699759657648,1.4769990531096349,0.2117302832396807,4.574210826015266,0.0346811552771494,1.4228174638273194,0.1934286629422332,4.614598002655624,0.0345038521829715,1.299968740492222,0.1758241718467693
4.700086405117516,0.0415135952568524,1.3541904936958429,0.2203678295543989,4.747032334323193,0.0408214895533835,1.287116706653067,0.2059609384328047,4.704008169461357,0.0349943249099651,1.4315841795358462,0.19637789334922,4.702648945240634,0.0330447134989545,1.3868404894127295,0.1796414658195154,4.696648241922033,0.0333759902025995,1.2470203624273084,0.1631495164776191
4.58538300636562,0.0445970639050979,1.4171070645172692,0.247734799852507,4.601186326232254,0.0442328521202966,1.2819461308609803,0.2222761193887289,4.565639023590192,0.0383039037514373,1.5031972704662049,0.2257028809644421,4.57491406259214,0.0374884882573208,1.4063963632943672,0.2066730025832527,4.5814972460434,0.0363302575792907,1.307143438628727,0.1861529019822556
4.770242652562489,0.0442667485349154,1.3995579174014086,0.2428547406926088,4.826831486922308,0.0454944372118027,1.3495729446959417,0.2406759788943951,4.77400119463482,0.0372783302625802,1.5034791210295095,0.2197009524384565,4.817741061107228,0.0389744730902464,1.4696744598389966,0.2245326418149582,4.812432162630565,0.0361432838722395,1.2809781009301449,0.1814877851913568
4.729715073846265,0.0397580760152832,1.34214387945279,0.2091715052141847,4.721552789698943,0.0392737308771704,1.4248119436509843,0.2193500781528407,4.720645970629451,0.0334312079717545,1.471185316595346,0.1927957862207222,4.718255659645572,0.0340525687173577,1.4834143814659724,0.1980115164569111,4.748146438024087,0.0334634177230156,1.2923470028309167,0.169522567513168
4.681474824604096,0.0411305270091552,1.2562346641171078,0.2025410858182682,4.623196021671225,0.0434887021214095,1.3138778237540574,0.2239801421372703,4.647501657161832,0.0348813276041061,1.3945786059534897,0.1906839287115273,4.629172871146571,0.036099072992682,1.4301657586010676,0.2023767010088819,4.698439578602195,0.0353587770818988,1.2169900849131527,0.1686795224206718
4.651954521764344,0.0423247466100657,1.3051321459983911,0.2165344195544838,4.611051717158916,0.0395224586609879,1.3015282347920385,0.2016395105128452,4.6701295592636365,0.0356761039234101,1.4407984570086187,0.2014924333621382,4.594118070730354,0.0338804263505089,1.435617328217455,0.190662658916771,4.633400598332911,0.034236847951238,1.240549613740331,0.166489173992394
4.670366371649704,0.0401107444343109,1.337572105951745,0.2103081060530178,4.720724886783992,0.0419141497551142,1.3742168413043154,0.2257844425727684,4.662353686149973,0.0337136213257695,1.4694730699872671,0.194198165327038,4.668389790264156,0.0356050985054454,1.432329955479532,0.1999094632452245,4.673351959795703,0.0342373567828724,1.2066766563814109,0.1619456274442988
4.631097265258863,0.0405308103739781,1.2770633007744474,0.2028970807287018,4.700703954927462,0.040406100808931,1.2749075772243317,0.2019313422186107,4.664308455140551,0.0342167064469766,1.38887361779586,0.1862854859161007,4.699901472712549,0.0338670977372236,1.3810280983382093,0.1833405722624022,4.67419433305396,0.0346684710138721,1.2028080777232395,0.1634591028984068
4.71961213439583,0.0429593114548718,1.3366515817205826,0.2250886597617175,4.705631052367311,0.0417761323893495,1.380025199083874,0.2259921397019527,4.678393573596914,0.0365711199449904,1.447588488592903,0.2075207210974696,4.649858601807384,0.0357224697615193,1.5084161941352383,0.2112227780410724,4.697422763616818,0.0351682476106224,1.2975904396159412,0.1788819219024593
4.65713795003353,0.0414860009650147,1.3030948912004372,0.2119120739766395,4.589560016348086,0.0445374314419626,1.3900771885126049,0.2426845730631481,4.636403777212362,0.0350062314238814,1.4456257882321215,0.1983715255188101,4.614406512981709,0.0382959585156983,1.4294373389835848,0.2145834152021966,4.645422745853256,0.0349707706389147,1.234139464855477,0.1691794192259704
4.731406027514475,0.044608553825036,1.33978151213037,0.234277300555331,4.739591835964291,0.0432067031783963,1.3462761623981776,0.2280149759102826,4.706536715031189,0.0377160529394164,1.4878653878640555,0.2199722840461776,4.73294232949366,0.0366711247990043,1.38083351457947,0.1984922876985947,4.730659429845824,0.03609582086579,1.2701704019826816,0.1797202432697339
4.627245104671,0.0412602956282372,1.3242667685860154,0.2141834466376231,4.607630672472706,0.0428595428057605,1.2856707775820972,0.2160008168268784,4.597109744784119,0.0351150404599321,1.454894399375877,0.2002639287758227,4.597076008769871,0.037056312219903,1.4335461254073767,0.2082341501728476,4.661059059423774,0.0354436055611474,1.2310103944504902,0.1710321288880431
4.7000936081920415,0.042605247465635,1.3125216573473435,0.2192035872685621,4.633730908460725,0.0408797357362436,1.39103023425072,0.2229065016044532,4.702621729793463,0.0358041237200185,1.4759484231190731,0.2071487501103898,4.594407665976876,0.0339861745201455,1.4473409176148768,0.1928196144127607,4.654472947268875,0.0342244010179818,1.2733047888925446,0.1708229883854695
4.678693375730966,0.0413290722737268,1.3210993874553418,0.2140273304197901,4.58227488869625,0.0432775273100873,1.3361867273541723,0.2266771164092836,4.661537774311741,0.0347686988601992,1.428200182129582,0.1946505383995709,4.62225929043104,0.0352460628722129,1.3959736243253775,0.1928705464865433,4.635564664766714,0.0355785456186687,1.29228654889915,0.1802291778407175
4.647154166900797,0.0396608859098463,1.3165718291076702,0.2046845468212265,4.636731939778202,0.0392144004036659,1.3217412391371337,0.2031749240562088,4.652180636096334,0.0336188910232921,1.4456983186176344,0.1905193740640218,4.625960092008964,0.0326664252011865,1.395728207133213,0.1787230440934304,4.619915128259339,0.0329783076375725,1.2174730228336932,0.1573858915029916
4.652833141434805,0.0382143920080627,1.283107038528811,0.1922064371026003,4.683037082377361,0.0411242810975234,1.29785695800529,0.209220018174739,4.623860907847941,0.0323458189169352,1.4548415303724085,0.184464129887551,4.708560229845275,0.0339807099416955,1.434101783471654,0.191025132989446,4.635397980499543,0.0334230942099454,1.2413166601407155,0.1626324947457621
4.6277127093029975,0.0414760309079668,1.3788468864987766,0.2241771372573678,4.591094851047672,0.0426905838388952,1.3380243186362764,0.2239103597836227,4.63168833217394,0.0348967143076512,1.519626708478577,0.2078736982740324,4.60609984303446,0.0360532841751692,1.3255842658451529,0.1873398891621395,4.671410162485631,0.0346079780020667,1.266108511849587,0.1717612694515453
4.686168347996485,0.0402610051774547,1.3651807175213662,0.2154531488353352,4.61490358242227,0.0416783046010453,1.398598615406959,0.2284973801313894,4.675479109123592,0.0344424004208533,1.4394926173871996,0.1943483867703389,4.637219789895744,0.0351649655541047,1.4665142344562885,0.2021503817249385,4.664550034281881,0.0336706792352537,1.2917827354269398,0.1704980593352806
4.700694392491618,0.0400071026845014,1.4216740921947135,0.2229539837430383,4.701896064319564,0.0409414626733986,1.4278377680920835,0.2291502346424531,4.719070517112025,0.0338079727096861,1.5181043328782513,0.2011865001200211,4.589187033381277,0.0342591726632477,1.4747223195523946,0.1980456057761394,4.742345671665183,0.0339322497526733,1.2760821658573267,0.1697342089634358
4.721133815799316,0.0424733540054519,1.2681944356829915,0.2111448472534605,4.73509046893193,0.0438647882323788,1.3212606848204735,0.2271865602634497,4.701954628722856,0.0359301017187892,1.352091193228273,0.1904331351767745,4.673130859757529,0.0361678658919875,1.380259201146593,0.195686840500657,4.718226167472066,0.0357310151957391,1.2318514233921307,0.1725368130955317
4.647728742558529,0.0422511355476291,1.240936804793828,0.2055257007975335,4.695327931108031,0.0430363548988276,1.2644907726414645,0.2133188488822128,4.637343207075037,0.0356053909399632,1.383826669620951,0.1931414740096813,4.6620435138711045,0.0354141105918784,1.3804028159663604,0.1916285716203378,4.711556952983401,0.0353905837283217,1.2486034870386384,0.1732169375455773
4.752528031402084,0.0427049332604677,1.30829074573753,0.219008214008199,4.769825360021542,0.0433392184030064,1.2999530749115662,0.2208446267444177,4.755522301929028,0.0359151493189488,1.4437587451605032,0.2032592837732033,4.706447498452946,0.0375528964210075,1.3500228240988317,0.1987296359643693,4.754594419598658,0.0349272754963107,1.1854182904887638,0.1622984680170088
4.686870650963366,0.040989311202133,1.2953603584744782,0.2081322165528767,4.717280883888874,0.0425342205230472,1.3560351065850782,0.2260931987491704,4.648182558639068,0.0345390663118934,1.446193960093028,0.195801143264982,4.647653121371507,0.0353301240579709,1.3554451174760132,0.1877176836645861,4.673771515285769,0.0346388887397891,1.240096423422422,0.1683827090585079
4.624933703399284,0.0405277936090766,1.2413007194554326,0.1972005194379547,4.654287845543357,0.040487737272361,1.289444157732434,0.2046464105448369,4.647574207297355,0.0343868820087512,1.3362777232977037,0.1801223538043478,4.660742134075695,0.0330309087865657,1.4211466737890683,0.1840083420660941,4.659237277541799,0.0343155915723192,1.1975682290826524,0.1610904678088672
4.648391626158687,0.0397028374411453,1.340615685678662,0.2086430528915261,4.708934313854061,0.0415405064671047,1.3534286160334352,0.2203866221639238,4.669597322537842,0.033637136793409,1.486392099694214,0.1959884581932549,4.732219956284227,0.0353669682131674,1.4029105323586115,0.19449385950309,4.681175807515051,0.0337247005844195,1.2641375196264577,0.1671169537703073
4.631756100222139,0.0412441353955909,1.3425563929332778,0.2170565158360121,4.642597794006742,0.0421455689062626,1.3528488653560051,0.2235009065354413,4.662198650450316,0.0349244147377113,1.41442613460342,0.1936366211839946,4.593365343384902,0.0350701822427116,1.4315264614224934,0.1967956478057571,4.655861739152629,0.0347648797553564,1.255748288042081,0.1711281333107784
4.636685898800619,0.0412605563139413,1.322560992079065,0.2139089102871661,4.700604490055643,0.0417442218568212,1.325704677745479,0.2169308136951213,4.607105643268453,0.0352208478818584,1.4365879173949434,0.1983399058600492,4.646459826967726,0.0342687231092409,1.4831268651103022,0.1992298054335605,4.67099900825502,0.0343984765845988,1.2855769103328525,0.1733466126681014
4.661615455846962,0.0423169368244698,1.3124660405120914,0.217711006116462,4.690662530249816,0.0442950228533697,1.3262656573346336,0.2302838813988887,4.700031377792215,0.0357838425580318,1.4298663022856213,0.2005674681668767,4.636998737700961,0.0376156461553581,1.474146445143072,0.2173638123773346,4.668237605407408,0.0352998234559768,1.2361134134055012,0.1710444311986184
4.663385387268193,0.0421152964083503,1.354860299969052,0.2236724349413995,4.679119617834409,0.0427639541563523,1.3452931018375058,0.225513661990032,4.682624455453697,0.0356074814315853,1.486971134096715,0.2075495905803643,4.695140214152639,0.0365935265321196,1.3663749632859323,0.1959982740291052,4.688806634822877,0.034328643348349,1.25561180035551,0.1689624179581295
4.716877226336916,0.0429715811247495,1.3660089728915088,0.2300980681676211,4.631936262573064,0.0433702467892673,1.3707283400622612,0.2330351172933576,4.747428387119076,0.0362382790063616,1.4709805193001704,0.2089549060215958,4.638801081395179,0.0368032600874053,1.42303187843583,0.2052952999335607,4.699665275731892,0.0354610570335249,1.261933509707867,0.1754148016008736
4.638743627832169,0.0411903453466354,1.3123290779080616,0.2118928350235473,4.634376189046573,0.0409534439379468,1.3738024341579578,0.2205427559995202,4.618197285364224,0.0347756156276892,1.4002300127477108,0.1908764265340014,4.654402968610934,0.0349228450256894,1.3943949827059614,0.1908857527167513,4.665901890631552,0.0340196344970628,1.2695583970520303,0.1693013465411795
4.699120661212223,0.0402225475834233,1.3402311404601723,0.2113135594065908,4.669754182986222,0.0421417196365302,1.2766344812932109,0.2108904485321348,4.692427594978752,0.0341503204318897,1.4366552975869076,0.192320441951848,4.643260347188358,0.0354735808606911,1.3914289855263278,0.1934836016575969,4.709508110694054,0.0337127781629486,1.2591752957289937,0.1664021081256805
4.641273328516519,0.0420878048377128,1.350933753877995,0.2228786223107885,4.683969838749232,0.0430865704899183,1.4242069659634962,0.2405432196990478,4.611094040213413,0.0354069056600173,1.4506593236814878,0.2013406628982746,4.724700143621211,0.0376734222224307,1.43735236058941,0.2122640303894963,4.64515538966934,0.0350182633906476,1.2644495627786865,0.1735698156629068
4.6056652188632095,0.0424295858696405,1.3414909726644375,0.2231180132374237,4.690955745542963,0.0424231987282722,1.294559636789038,0.2152799381973635,4.655493168801436,0.0360537991747547,1.4078233068476789,0.1989652687115268,4.672997960064574,0.0354897169787604,1.472315816181813,0.2048243569842245,4.639212267464751,0.0347970449516492,1.2439978291173706,0.1696836796131144
4.71282151025208,0.0392865705034911,1.2963355576825557,0.199636358437324,4.716908656359461,0.0411387879484835,1.347283518475004,0.2172644026565338,4.657463182617462,0.0333725156505704,1.3742873345054698,0.1797813246855912,4.700844663415826,0.0347042631995748,1.4928671186743243,0.203086973521812,4.74215939840041,0.0338712861164801,1.256257805350458,0.1667971198469215
4.618160398560016,0.0416702691391163,1.3397760037860873,0.2188449791207314,4.644534107083542,0.0436331725663976,1.342445303863011,0.2296103593875023,4.596599033980125,0.0352423844444782,1.4498280327404598,0.2002902754317846,4.631647967160608,0.0366037968150632,1.308598209705642,0.1877632286272468,4.646766968791193,0.0342768357868394,1.237199806869257,0.1662335402565813
4.780003760168356,0.0416055210597648,1.2762686248603567,0.2081474740772519,4.688911363939844,0.0444492941470097,1.273141776341542,0.2218297167172078,4.737016627554784,0.0350994754372333,1.4563023644508608,0.2003688784624758,4.669246799568617,0.0378442126078541,1.380620826886402,0.204810388257698,4.724763794552656,0.0358608776493803,1.2343721276595343,0.1735182294509366
4.595347684511397,0.0387824949245823,1.3271688718038708,0.2017622990386877,4.626329305184464,0.0401610924983582,1.3733399769642909,0.2162029758250813,4.595549599982943,0.0327621143842244,1.456400366099077,0.1870384041650652,4.598383014606709,0.0346181440349827,1.3728452583348456,0.1862959678768221,4.615592930430226,0.0334354549542956,1.304948690746597,0.1710325455942189
4.757827947534787,0.0394783812440925,1.2976015796585096,0.2008069727265559,4.7688316504629285,0.041136734726398,1.4387515924783674,0.2320030637910267,4.771266274555119,0.033262777451204,1.4422813851013283,0.1880557405279274,4.813320175553871,0.0339588128257842,1.5017184582721792,0.199902904752358,4.783552311603882,0.0334279918520793,1.25930784717698,0.1650138069992469
4.695227036445059,0.0413468654141587,1.3140155998823635,0.2129713570783547,4.617922039796629,0.0432993290510877,1.279553147173225,0.217178876824451,4.670944116293981,0.0349922288700549,1.4110944237529293,0.1935556123150733,4.586930697360804,0.0366121507001704,1.3901711806209938,0.199513188345583,4.663799351803455,0.0353723188029062,1.249899616370129,0.1733072583712875
4.623968779321429,0.0419642149493664,1.3646592987344917,0.2244819511030761,4.728490362419759,0.0430121784877282,1.3511241237674927,0.2278057984626813,4.633673562021906,0.0353203294445126,1.5272864806760618,0.2114576200274348,4.649582797824189,0.0355428321684546,1.4547726429710444,0.2026866958940869,4.685030607451167,0.0353959325500379,1.2640967992206331,0.1753928064211756
4.612738118250473,0.0403858105702675,1.375377342141696,0.2177352558953589,4.6334825684397964,0.0410783121958215,1.3528997814510748,0.217849368094237,4.632983497695919,0.0344846083829698,1.4584210565078928,0.1971452469885714,4.589942941528924,0.0352941883300658,1.3804567758174893,0.1909871280969095,4.633942721044122,0.0344005731734754,1.258296554955928,0.169678483094521
4.674860687688097,0.0398131702313634,1.267086200513308,0.1977475031839375,4.637736862066555,0.042251833820218,1.3186775809632287,0.2184048470580947,4.66759783153508,0.0334671694308755,1.4332164940423282,0.1880220859965415,4.647727073382237,0.0355458630314985,1.3835950120774796,0.1927862862999065,4.671046967362875,0.0336629782697836,1.2252892331180874,0.1616848174772672
4.704792164680471,0.0429795106086635,1.3671713533202807,0.2303363617183751,4.663347690221437,0.0454116569289594,1.336932840432026,0.2379879819427189,4.677102265041583,0.0363326117775198,1.4969785548142844,0.2132015137318184,4.665680484253998,0.0380911502001873,1.3927582668548857,0.2079590948270755,4.700498033367845,0.035835587932158,1.2233914853189125,0.1718533784344051
4.713661807000262,0.0424981361171309,1.3327146237812402,0.2220164392689084,4.648458326639852,0.045309035095015,1.3000548386548485,0.2309003398895271,4.691293448938324,0.0358367817962041,1.4973168874714746,0.2103394877097918,4.631862787398071,0.0372754018574136,1.378477941590549,0.2014189101717719,4.718653495095905,0.0362199799777004,1.249580040118639,0.177415014909397
4.785628562890553,0.04277418539747,1.3365413753484665,0.2241001988663241,4.706655193355122,0.0423675620789806,1.330776928184226,0.2210124933119769,4.772107449167628,0.0360097947840758,1.5213199736345555,0.214743140573754,4.666246317718302,0.0367638878339598,1.384168497542308,0.1994750028494878,4.739478317945574,0.0354395941957501,1.2363068563029058,0.171748560114003
4.651417139777406,0.0424815724263226,1.3264953532564778,0.2208942459581865,4.662847706387477,0.043839825523454,1.3048973741045986,0.2242452543356062,4.611726564734315,0.0363161163071762,1.4360547572448104,0.2044318152716926,4.644677875895725,0.0365990632673539,1.4140159878729837,0.202862781837037,4.668471740150632,0.0356873235841805,1.2418688164505385,0.1737271869264653
4.651134955382836,0.0419365157285704,1.3193998079231213,0.2168936551801368,4.661021591802253,0.042944523952126,1.3196539350561889,0.2221498051585375,4.660692829062675,0.0357578523343606,1.4423047517084169,0.2021652688018083,4.606551804437502,0.035341999927738,1.394056613986224,0.1931299462296999,4.670604073294959,0.0352999734834502,1.245388164654784,0.1723285365850661
4.5466495580718025,0.0403059646594215,1.3701683596900682,0.2164817753573325,4.566324202265792,0.0399025881137414,1.3016844896108046,0.2036033324407438,4.535950452172633,0.0339722879660897,1.453836749894955,0.1936058724159017,4.586645831164425,0.0331938254696628,1.436196685849461,0.1868741856302519,4.563620920464496,0.033273999281776,1.2423095314809312,0.1620365198025126
4.705247173178044,0.0398011103511522,1.309407674432446,0.2042904930766169,4.595065363533112,0.0400989683993354,1.3763957905482778,0.2163488656016545,4.688570038787471,0.0338747527253258,1.4472150145473597,0.1921707477245558,4.56606670386965,0.0349590322278921,1.3037872048895676,0.1786669414357636,4.638485476091742,0.0333522639995988,1.2341482356135909,0.1613506551431557
4.698888464907121,0.0409118593098501,1.3820351371516204,0.2216391054568612,4.708102171575145,0.0403921379367618,1.4674385154593828,0.2323458079190002,4.671267651700234,0.0344947915802801,1.4571045785538237,0.197025453036252,4.699377267933181,0.0340877780118316,1.5359878170672765,0.2052412025847418,4.681477272078832,0.0341629305057814,1.2545831604973443,0.168009043054793
4.6439333450072535,0.0408576028218131,1.345407865554432,0.2154789900505667,4.57460185137467,0.0419140620936513,1.441065331660646,0.2367671842930332,4.647642001645137,0.0343502321688322,1.490190078751622,0.2006547435630179,4.580117840416505,0.0359205680413689,1.5438700281084266,0.2173862238991807,4.629177748494001,0.0341872394868663,1.3178587176627532,0.1766082449575391
4.659463648785052,0.0446022264611218,1.3913593959677757,0.2432618192464836,4.660626453577065,0.0426614695107149,1.3729141288767888,0.2295922753701745,4.660412675596329,0.0379031148195035,1.4925856587943618,0.2217646157129157,4.6458188637244495,0.0364415722192893,1.5016112037874392,0.2145026650529717,4.700017889766057,0.0362515769066757,1.3172601664484154,0.1871873725869096
4.568893629962873,0.0426239431638404,1.3012792111532898,0.2174213572131471,4.477367440150894,0.0424490835775962,1.4072248568623065,0.2341584870045498,4.57094081023567,0.0357483471743576,1.508644488977576,0.2114077793232967,4.53846459822342,0.0363004488641066,1.4759725695577477,0.2100237304950869,4.563702874036079,0.0348186263412969,1.30814000427133,0.1785434601641732
4.658228347134024,0.0390816807463275,1.3176068385248874,0.2018539068835732,4.64421478064315,0.0419541167221296,1.3163745024560851,0.2164871536668764,4.6439207408193015,0.0331874240487024,1.417960318210391,0.184465735766082,4.640652826832764,0.0363415936372303,1.3330779731132645,0.1899055280808844,4.667876058151284,0.0330205313454304,1.2922669707703989,0.167268587042736
4.651721431589111,0.0416386437252418,1.329739512512859,0.217040727003311,4.685258971428,0.042646070416109,1.373200190613158,0.2295572224899244,4.653373635449512,0.0350289349800403,1.484305104342985,0.203811272654263,4.652588077121663,0.0354681573764522,1.5060142731768822,0.2093851133374128,4.665422490673217,0.0355366233034519,1.2503752069040754,0.1741785212156321
4.678304749493964,0.0421180222565635,1.3515771540166872,0.2231448656703862,4.651254687327083,0.041179607366195,1.3237194248623356,0.213676238597863,4.678975105032665,0.035552550232045,1.5072334913427723,0.2100532382480767,4.6216444913617165,0.0344452381526133,1.4867776465590106,0.2007489587765616,4.707274931005964,0.0337179273404062,1.2731566136787538,0.1682754604385801
4.673521162438926,0.041053054751358,1.3302314550286944,0.2140675202274652,4.655990474453922,0.0434372576690749,1.298240063231349,0.2210525315533726,4.70671671339096,0.0345697482554309,1.4390939840398995,0.1950129541624818,4.680829799252172,0.0369286888959409,1.3597445711865024,0.1968336333187162,4.694182409032731,0.0353240130131927,1.20913839593898,0.1674264755396564
4.709979593366867,0.0405467131820491,1.378304987592194,0.2190680635753652,4.699188406800511,0.0438069218362382,1.3771123452317842,0.2364777018266544,4.658532594284205,0.034426697607086,1.424217040892944,0.1921983386687546,4.69967728163752,0.0373235522328212,1.458825584373469,0.2134344053766494,4.639411709525168,0.0351875126449559,1.247270603489952,0.1720391711991468
4.637303279540823,0.0433466813757374,1.3199453820314293,0.2242796662132794,4.597852023592318,0.0434086247782168,1.3096142812613982,0.2228422405090161,4.6196241579378885,0.0368734958936848,1.4386285230616345,0.2079414496724448,4.569289279053675,0.0373603217886022,1.3618944492648988,0.1994491292853596,4.623624736681323,0.0346815212415747,1.2232785441774008,0.1663035744685046
4.63476101374392,0.0407649118592013,1.3366783204327473,0.2135952048187274,4.646721538356011,0.0421214100242278,1.3340410081199587,0.2202673705662498,4.613974052645013,0.0343735952970833,1.4286767640331908,0.1925027896881821,4.579415913443237,0.0358677056344605,1.4227484713188423,0.2000367597857341,4.6439866180962674,0.0354737757638701,1.2237108358648332,0.1701626768252712
4.707932904733459,0.0417868551053212,1.3060505564313654,0.2139329906771989,4.61321970151006,0.0428777078219665,1.2816986967261086,0.2154247462043443,4.68698171971044,0.0352699370063128,1.49379844478076,0.2065260189925798,4.538570177141092,0.0364784152257263,1.3582390799191348,0.1942183549283195,4.682197361598357,0.034745883107924,1.2801328384354185,0.1743558323020104
4.708972943350123,0.0415068740606765,1.2903421427764026,0.209943771919418,4.707323099378178,0.0416787508604724,1.2916248047639205,0.2110226914336822,4.692625855046216,0.0349912686544345,1.3683719523753606,0.1876903478530958,4.731941392695505,0.0352161001534719,1.3559614758943963,0.1871831269491524,4.719908486040526,0.0340401471827259,1.1845304202631524,0.1580577278036335
4.595299683738219,0.0436226127381774,1.2930688145795628,0.2211115343065062,4.594945055103506,0.044296200291619,1.3825969458229392,0.240071250193614,4.582970051326228,0.0370274155743316,1.361653217656901,0.1976368865776641,4.542459489815135,0.03704984859638,1.4834863334595128,0.2154507816425178,4.593844256665876,0.0368482297973959,1.274998431707048,0.1841638418792186
4.652279166771296,0.0443272282096805,1.3648586173731734,0.237157207773076,4.594690339819581,0.0437702770021873,1.3823841173486688,0.2371843977008663,4.638034558838374,0.0374239490269982,1.432094661297216,0.2100871189453474,4.580960136877122,0.0364217576769416,1.3889885034932048,0.1983068145447135,4.655006907341388,0.0361433321588288,1.2749996497562044,0.1806410051247793
4.736291142400406,0.0420281728744162,1.3224711247662078,0.21787369305434,4.739871602755684,0.0417679126552054,1.3146649349619242,0.2152464206072872,4.681500685659613,0.0355591196705195,1.4140760173917817,0.1971069074842986,4.71602390183839,0.0358253245411546,1.365789790170959,0.1918015364894456,4.687117436194742,0.0346931707715918,1.2087235003450278,0.1643800266103096
4.750845303544117,0.0404612837448898,1.428240070157966,0.2265264702456358,4.731594645316628,0.0399236211607696,1.4089310424291313,0.220494494671455,4.73472018733795,0.0342388279023599,1.4912262430957932,0.2001430499642019,4.65676171658723,0.0339181032181892,1.442128892921145,0.1917404411042646,4.739593838288117,0.0327935903760378,1.34159202544593,0.1724596587452603
4.67623850056502,0.0415520778742122,1.3103524842013636,0.2134317224574624,4.780869708680432,0.0398975407175005,1.3234879660981953,0.2069875433502043,4.676218117569268,0.0350553699313642,1.3893130826514115,0.1909117974127504,4.771045212828903,0.0342722881877076,1.4339210940239406,0.1926399874634389,4.770038237213873,0.0346295842769759,1.2851721697982157,0.1744563078861467
4.687983280788466,0.0440905571401774,1.3403454304329985,0.2316543242284921,4.6591876190866754,0.0433538573819578,1.3259165979331855,0.2253315678251699,4.692241731978148,0.0374415959399707,1.380436797403397,0.2026044436404507,4.648753234074903,0.0361110349251631,1.3890567343617348,0.1966246697996331,4.661938450141146,0.0352756272405365,1.2828566118463445,0.1773907411823996
4.567453050346083,0.0412887604911026,1.3079835244535134,0.2116957823613209,4.650517196128344,0.0420993649875008,1.3170515155575704,0.2173483733455796,4.571677928369785,0.0348667751442503,1.4578206339531,0.1992479953432412,4.622837950863213,0.035906392615824,1.4608643775298793,0.2056173516638764,4.602969129929186,0.0346312837443261,1.2721663403854575,0.1726993002866872
4.554190636217291,0.0436101024592199,1.3075204164084135,0.2235186020799662,4.65677482188756,0.0423167980225308,1.3038585960244762,0.2162824994482905,4.588751029102074,0.0369402373766983,1.41243146599524,0.2045244119850303,4.640869052297687,0.0349926327866276,1.356376368915338,0.1860522475592913,4.652173920550892,0.0348349212337119,1.2057485031167126,0.1646454187504484
4.617854843231931,0.0411921475674359,1.368558663800154,0.2209815114393343,4.63208592817781,0.0413071403191901,1.273467964309494,0.2062012249178832,4.618025720849746,0.0347491278165178,1.510781233203108,0.2057896727844398,4.609793958401212,0.0342705891989376,1.4252135843173208,0.191460686134342,4.644529968444117,0.0348693838681008,1.3042740679751277,0.1782753180191024
4.736040584818166,0.0443243826648243,1.3323438414183926,0.231492593802252,4.679622181034574,0.0422406431347286,1.3884562298730536,0.2299009691660072,4.7177266573403,0.0376964438541133,1.4169103193415062,0.2093730754234441,4.713439638440928,0.0354184039369976,1.537468625498881,0.2134584420670094,4.650818176405009,0.0357560699283313,1.286271922869802,0.1802854401301051
4.742912137063868,0.0423270905490223,1.3568192849652636,0.2251222971638142,4.664683330700005,0.0436036534356301,1.311749688573726,0.2242084289960667,4.697831393550663,0.0362188976101998,1.4412213958723818,0.2046180846948523,4.629007557671721,0.0371747416923105,1.3761085606943153,0.2005297178664691,4.705370841495255,0.0348106708884399,1.2914425267413496,0.1762242063966861
4.691565885831437,0.0416279644501098,1.317109651307171,0.2149241381126814,4.660069174051447,0.0440651743532611,1.3160930502943031,0.2273317919754439,4.683087465847109,0.0353711231718837,1.4064222283471366,0.1950036134695215,4.658327527345394,0.0373263799791969,1.4027666519436948,0.2052482166511281,4.68652586924338,0.0360091997958612,1.2462620919973184,0.1759142180970215
4.630826230424173,0.0415101760080157,1.2546172898343275,0.2041474360070179,4.6870090267905375,0.0413953893376284,1.3127499880331368,0.2130159293921709,4.638036847227744,0.0351169666453136,1.359763652362997,0.1871795977838851,4.6955275652613215,0.0339256975836781,1.3879020559080362,0.1845719464488938,4.658698359161243,0.0341226175287753,1.2283203248592005,0.1642979191518313
4.728746582848756,0.042917709113883,1.315648754218315,0.2213372844766916,4.815468611881719,0.0426198198392034,1.3047377745657749,0.2179781349734508,4.726621752953585,0.0361842687734426,1.463267252268856,0.2075494278908922,4.78004827205376,0.0357713557175257,1.3994232448131585,0.1962287196081469,4.74856850762722,0.0350698111775007,1.2817338749259346,0.1762014088942267
4.755578071684667,0.0407078671287106,1.319335488053238,0.2105288796951313,4.763383482878529,0.0423010871263799,1.314358805580614,0.2179433160595796,4.748748211825089,0.0349255623424065,1.4187526331534244,0.1942353062826833,4.736275212535677,0.0351439517098497,1.4305898641652128,0.1970805764546794,4.75134717080716,0.0347185625210753,1.2291364403125054,0.1672784195349969
4.601730743424836,0.0402590397028553,1.3645351990559162,0.2153407598688571,4.603979334621199,0.0392409687899048,1.3803169723723412,0.2123228013605207,4.622492940258264,0.0340412153967366,1.4747694459261484,0.196791925763384,4.621753613419311,0.0328132886735035,1.431101181407692,0.1840764313413917,4.605267295290972,0.0335338664716947,1.2501716221237524,0.1643354861539487
4.660160630986987,0.0404921335274456,1.305139054162192,0.2071598235435169,4.652105068275176,0.040023073891955,1.2634318003622569,0.1982167409230519,4.6732449728522205,0.0340022707086038,1.4375261750741644,0.1916027634794191,4.611492177967367,0.03330689379176,1.371133158992833,0.1790160015621806,4.638077266032082,0.033805100380746,1.2653430365042653,0.1676751084651281
4.633092130164682,0.0430868300252046,1.3418557822699413,0.226635778513153,4.674147155952135,0.0432064263221431,1.348068937938455,0.2283171502189879,4.632941491819354,0.036349386563955,1.435514311330439,0.2045420947348536,4.626900021184776,0.0366720174044374,1.437185973895758,0.2065978791143559,4.653183830118134,0.0352159745805608,1.2984948181205511,0.1792495273784053
4.684346435957683,0.0430082800424703,1.4089645489801996,0.2375364313505436,4.682306043979928,0.0446410318890112,1.3923741731240842,0.2436510406390439,4.666502264345959,0.0362521264534298,1.5908999184953292,0.2260759854029522,4.6655469145843815,0.0375013661104644,1.4977252419678708,0.2201695853749917,4.709587166433917,0.0366169038087329,1.2847106241820412,0.1844017428755433
4.64153121175054,0.0419423505316471,1.3390331441967476,0.2201517688142331,4.703050025791311,0.0432938112733516,1.3266064724733806,0.2251365559797488,4.671849383456308,0.0353995872850222,1.4310635485900698,0.1985798622563926,4.688401510613749,0.0359881808528658,1.4020687369881588,0.1977913463083369,4.680371984351068,0.035154304807802,1.2623429433233189,0.1739538148172336
4.753795223806698,0.0431085520565687,1.343008155792287,0.226944766785788,4.684942882205772,0.0431238808139076,1.3200344051933282,0.2231419245698999,4.725385718348536,0.0364300121814676,1.4201465606840578,0.2028012229118045,4.663185460277386,0.0358294081490578,1.4122711473917102,0.1983516454545742,4.716397052040132,0.0348926061413526,1.2171089510362143,0.1664719057611722
4.797304406063512,0.0415649630580014,1.3826771232630504,0.2252818806308335,4.731268016138799,0.0428065928894484,1.3911155106721995,0.2334274587208151,4.856392621584021,0.0353599199576001,1.496079814938993,0.2073691384985806,4.708170183788433,0.0354675043526093,1.4424674851051238,0.2005463443274828,4.778393712183957,0.0348915639663069,1.2977433764168047,0.1774954988566084
4.679003776755038,0.0392321679570272,1.3357696932819467,0.2054243777677668,4.655983821712861,0.0413487955667723,1.338035872957303,0.2168746081508765,4.650971757899045,0.0334626918748454,1.4712566021958304,0.1929867026434839,4.6768419062315525,0.034797023351071,1.4244357995171069,0.1942956427557262,4.702764044021472,0.034144806533425,1.269244551073928,0.1698822681049871
4.687251780860565,0.0427221990757563,1.4140953457465817,0.2368156388395987,4.70474291074476,0.041115363217286,1.3961282698195263,0.2250129632313003,4.668146853287016,0.0361098406770213,1.4980124571018736,0.2120406289720035,4.647315634244846,0.03430801716402,1.4463360376531789,0.1945104384499754,4.682768283560388,0.0351419576601393,1.2888618099979494,0.1775457959487226
4.670603204678367,0.0414968250766451,1.3763505882119111,0.2238834700575201,4.684510487041185,0.0418790078596093,1.297867270552549,0.2130613878819217,4.634006073112758,0.0352140232392304,1.4399031352487632,0.1987590949580878,4.677843789261996,0.0359387821753688,1.3599626934943951,0.1915880592516033,4.726002597119607,0.0343167826260032,1.2772040238708309,0.171808611714859
4.708130904969282,0.0412771920026142,1.3149260978194652,0.2127598018919275,4.726649055033866,0.0406143727213822,1.3656992145389932,0.2174267110041229,4.715054824479711,0.0348485859937862,1.429872151039809,0.1953261794229369,4.751163250201215,0.0342194645648709,1.499501039253371,0.2011398248372558,4.712139760616313,0.0341186725035371,1.2735890852440643,0.1703332921300764
4.721988794455213,0.0416241455614993,1.3243572309289746,0.2160869628483847,4.654807258426845,0.0432148891619252,1.2541599617940953,0.2124537603023669,4.749904585449552,0.035192735620229,1.38351867712595,0.1908605363850014,4.6574991111711,0.035378543603273,1.4039146912479266,0.1946967742441381,4.698967633496982,0.0349213369654146,1.2265442817467782,0.1679005741011141
4.613180420690716,0.0419295418547845,1.304907057507727,0.2144755468198244,4.587258145504572,0.0436976859925845,1.2844796212066203,0.2200208026251634,4.635895092601243,0.0356214630807938,1.426235758532256,0.199150389812503,4.574435555541276,0.0370287368587854,1.3822604062994015,0.2006350720880217,4.638765179335954,0.0353521759791231,1.2417560479343424,0.1720800489830987
4.666988023765311,0.0402651904278213,1.2583311680991454,0.1986107713041256,4.678589634966468,0.0406987862531732,1.2552349441859691,0.2002555518581032,4.650540723696319,0.0339830896545106,1.378415215314433,0.1836204326146949,4.69800507423353,0.0337305906578997,1.330029926592853,0.1758585329641162,4.656585584027391,0.033877228281495,1.233482869853372,0.1638019546376146
4.70637297215894,0.0393071087877759,1.4116007312677792,0.2175009018511271,4.613323818799802,0.039972128315115,1.3497479556989174,0.2114891238010945,4.714819769756725,0.0331675558554456,1.4902854511982584,0.1937586132718395,4.588798822616629,0.0343491237519242,1.4524700189910718,0.1955694102190322,4.682116673516022,0.0338001701701748,1.2882654003040297,0.1706877353533028
4.699777737944703,0.0435608710784378,1.3053564799148871,0.2228967682495803,4.679927281482511,0.0440690591531246,1.3074404929490986,0.2258571256440733,4.660466598818895,0.0366693830389668,1.4488147001956315,0.2082545666834697,4.664748956628469,0.0363306204277531,1.4325659908520925,0.204016615183246,4.741260904968884,0.0358708954840945,1.271165517671324,0.1787402696205508
4.709835367024929,0.041448159124885,1.4482557698400222,0.2353036157206913,4.66724295706236,0.0429039833424589,1.4657361679285266,0.2465082771916453,4.662545665821035,0.0354799627752289,1.526089214947463,0.2122468069124659,4.695512968641916,0.0359798076361808,1.5502409321956732,0.2186432747828165,4.698293192372027,0.0345967868281833,1.3471118421838164,0.1826911485975857
4.556739393433121,0.0403294753276336,1.3692261946819348,0.2164591046626569,4.532446529356874,0.041414639639271,1.3201972410702894,0.2143239942013529,4.55238293800558,0.0339889963282662,1.4654175399861735,0.1952440521117905,4.511442315902491,0.0353362314950643,1.4834353081590523,0.2054787569619177,4.60124127738093,0.0340728919694509,1.2913334633819131,0.1724747358078661
4.730093253963895,0.0419319440104564,1.355835243301256,0.2228589102772632,4.704351874853652,0.0417078779023721,1.300895325053957,0.2126858186303372,4.701873028933544,0.0355140787917519,1.4764398347765382,0.2055390735461472,4.679937060005912,0.0353439184360569,1.4259049765223806,0.1975528810688234,4.738780780135446,0.0338376775346223,1.307563554589121,0.1734368755496981
4.656286865500087,0.0415888435324614,1.4135081164933407,0.2304375437019771,4.688972199503313,0.0428471843054548,1.421319408189854,0.2387217891378512,4.697436415267115,0.0352739529183809,1.5209860711990693,0.210308804430112,4.6717555333392085,0.035845134318222,1.5606493046082237,0.2192873715425458,4.684283359551299,0.0344597525976672,1.3066548999414385,0.1765026146268854
4.7510934974505705,0.0402713071223748,1.3547478490406972,0.2138613396476974,4.753092386845558,0.0428457621475685,1.3266222176247613,0.2228092545368686,4.770308157357013,0.0339348951561303,1.416746632264028,0.1884589587992009,4.709474058276763,0.0367636338259799,1.429820414252789,0.2060525587205869,4.761237455816121,0.0339347638556181,1.244607344816708,0.1655599465913735
4.618932990726174,0.0417464248354638,1.3194804884006457,0.2159237169591672,4.611729476161758,0.0432195691690568,1.366530019118967,0.2315142334304466,4.613198985708951,0.0354332401170491,1.455516644342857,0.2021650744542327,4.667005688966324,0.0356701461750797,1.416806648425125,0.1981041447074656,4.625210077374753,0.0352064026534229,1.25379839017471,0.1730324058356733
4.686873093411726,0.0417584015562386,1.2840912948200336,0.2101928092887759,4.801088586533162,0.0440975452809244,1.290883830716237,0.2231411477091981,4.667933479301175,0.0352736479570356,1.4324416142863972,0.1980639300496061,4.753542745933626,0.0367309304497762,1.392313776714338,0.2004689598154283,4.754454661032324,0.035057174565985,1.2397069393182387,0.1703625100141591
4.642866184575169,0.039476432806819,1.258159618173487,0.1946936246113694,4.629213704474988,0.0404503913376142,1.3651455745265502,0.2164610594759984,4.654240477059908,0.0332264277034023,1.3865224550917192,0.1805878989979371,4.6583034885087855,0.0333728877376295,1.3601531854319062,0.1779343094437493,4.631155524749064,0.0329080221865566,1.2337748196726863,0.1591533448910953
4.574436853571058,0.0418560308306822,1.2743703189456463,0.2090892846339503,4.604154411755198,0.0430493101996731,1.3847344736134313,0.2336742125857682,4.58129334262434,0.0352259888788941,1.4738395684676158,0.2035126888304764,4.606117366779825,0.0373663573554772,1.4741448837621378,0.2159230564102467,4.645163288166342,0.0347480978471548,1.2864056562584287,0.1752213666971253
4.628448085170486,0.0426797126005686,1.289722897797006,0.2157724452982337,4.735677684817994,0.0441379477592406,1.367584684095254,0.2366161869064461,4.656352326361399,0.0359119616691824,1.4665545457530933,0.2064502608390748,4.775163838127599,0.0380123133294521,1.4852499149545038,0.2213104510417889,4.668045308244566,0.0355130846694809,1.29740017120351,0.1806094351484476
4.754084440813347,0.0397590164497413,1.3162886200447637,0.205146846625394,4.740755293503358,0.0401546153208136,1.3668952037300564,0.2151536786994277,4.719552732431666,0.0337191521697418,1.4275732476896652,0.1886918462027511,4.717089291642607,0.0340073279878003,1.4538610116450656,0.1938087974774459,4.728300685429639,0.0343595492702381,1.2896044446612402,0.173692899918943
4.623742843667202,0.0401898099976411,1.3986469850164005,0.2203444688440817,4.578233750958785,0.0413326615021982,1.3231433181979664,0.2143770774671988,4.5845402925499705,0.0341752535288371,1.4431037862127625,0.1933247235755647,4.5514849385006455,0.0352452825355125,1.4122683146783577,0.1951175340094628,4.612616196917592,0.0338650142911729,1.2692321322372937,0.1684885559707192
4.787623439060486,0.0432427060567923,1.3289542768418368,0.2252687708504528,4.818976825938437,0.0441740223859109,1.3527510375872789,0.2342409977860275,4.741333832660796,0.0365755121994081,1.4829081889122735,0.2126095492701702,4.795197463762508,0.0366815495468052,1.4532345420137656,0.2089591880908734,4.744542857580791,0.036145647381512,1.2904062842364048,0.1828355167660119
4.634247778738656,0.0429924064093423,1.332972281596919,0.2246420014408442,4.611466761132031,0.0433893396616701,1.4041460342645484,0.2388214908423661,4.605677593957463,0.0363657803013871,1.4500974690119477,0.2067131913436517,4.616621789446924,0.0379548578718726,1.4512721341834451,0.2159207164717193,4.68393334907972,0.0346085569672524,1.255008876593282,0.1702583325096432
4.714598271062977,0.0434483185933866,1.391947440567066,0.2370685251131593,4.73222960902168,0.0442613430751812,1.3297892345015632,0.2307201298873158,4.680900756078888,0.036839543115269,1.445017972540887,0.2086726689751736,4.70713840596701,0.0364680573045081,1.4790868929532386,0.2114386629301748,4.717545121997794,0.0364221377427175,1.2508673360577716,0.1785890269785273
4.771043478947646,0.039765285693599,1.34492273476944,0.2096425958902968,4.6585154331946015,0.0407677196216302,1.3780447848283284,0.2202205475040121,4.7150244344354855,0.0343158627754478,1.4563639019866446,0.1959038246969238,4.670986724208268,0.0339828272027553,1.5103688150027543,0.2011965845120729,4.7436175619886445,0.0337047057545304,1.302951764516592,0.1721460115931956
4.658407940051397,0.0426528467252089,1.3356509103021086,0.2233156055855052,4.60724342842407,0.0440879177242003,1.3537705328031902,0.233960602401312,4.645908562291592,0.0360009374343118,1.4581274789592713,0.2057725268858038,4.538992818808516,0.0381109736707188,1.4427973665364635,0.2155427760752841,4.669920372735361,0.0356412656426316,1.2730008630547125,0.1778524705989186
4.69139946717618,0.0403573448551254,1.3753053134675126,0.2175703916209774,4.626506466296049,0.0407177390215185,1.3990142915560162,0.2232975161192772,4.704816606251606,0.034048272187631,1.4802692356635248,0.1975667601973545,4.638755845075067,0.0350559303239067,1.4244102593750516,0.1957377882829293,4.684870563023371,0.0335732349436984,1.2779860109506689,0.1681889178659708
4.65912942463406,0.0411244964339939,1.3926871983333098,0.2245082286411942,4.686658360160077,0.0427118464906754,1.337477654132914,0.2239303549238604,4.670067193095524,0.034814763981692,1.4677266422817872,0.2003026613554323,4.676848140573316,0.0364397720282603,1.407512984852465,0.2010509585693433,4.713639767057584,0.0347268827394545,1.2675422590949814,0.1725465716416612
4.707419486519787,0.040957782174467,1.41452377780631,0.2271039933803658,4.658355036137234,0.0431593555020833,1.309662638810718,0.221570774541823,4.7058829349968345,0.0346537970917456,1.478037714798658,0.2007772173290361,4.633835675818938,0.0358055265837621,1.4131644806273214,0.1983448209434516,4.717240282492166,0.0355419439695651,1.2297345719997272,0.1713289081746267
4.644519797645716,0.0424131653807137,1.3514266574495786,0.224683538014869,4.608230039088706,0.0438684138080894,1.4210170854807105,0.2443595506475979,4.626126219266822,0.0363024381999796,1.4841916839868,0.2112048443787374,4.615382229431047,0.0366605274625149,1.51170653910034,0.217242247689816,4.62971754117178,0.0352346107384579,1.2822808207889949,0.177104954660428
4.653996517557843,0.0421935001303641,1.3076396008061653,0.2162776811087994,4.6938282256653086,0.0418051520114785,1.3147845309190902,0.2154579281727177,4.64811708716173,0.0353532538286611,1.4760250388085538,0.2045508096512799,4.704030112585306,0.0356225871230085,1.4452410545097816,0.201810535097769,4.7081119665022895,0.0349715381367956,1.2512779762549229,0.1715325806186787
4.721752726477968,0.0397514789157725,1.3194459896085635,0.2055999453741222,4.7357547696733375,0.0411004432059981,1.357430122770697,0.2186966216192414,4.682722112482001,0.0335520656914194,1.3586778865445002,0.1786955992011475,4.710141928459854,0.0341539171047482,1.3894546101098837,0.1860214266418743,4.713664689311404,0.0341817338612452,1.2098694797656748,0.1621103324615003
4.787529985523439,0.0421097448796638,1.357465895261971,0.2240730492561965,4.751741667646738,0.0440620287023266,1.3409471918774494,0.2316083703983285,4.789594784972849,0.0356635278736209,1.4201139163161478,0.1985297390763925,4.6854676480615725,0.0373422228908515,1.4110453160110312,0.2065471538801739,4.730283639200429,0.0350961910834225,1.1808780534147982,0.1624587562181295
4.698589440166876,0.0407233093654821,1.2820202586728506,0.2046520212204432,4.7331744387081205,0.0424728927435759,1.3782232823636518,0.2294613317389433,4.669322291434368,0.0346407676180889,1.4128809425065512,0.1918541337439623,4.695442868790919,0.035996513649072,1.4091090117802,0.1988305525350614,4.652275386303483,0.0344583176931663,1.2242352515191386,0.1653625033031993
4.625268054061392,0.0439119317563103,1.3727246715749146,0.2362893070744818,4.608032211208945,0.0458931840212003,1.3929594804823833,0.2505905906801439,4.636711188413314,0.0370205563495691,1.484280716924526,0.2153957218247103,4.6017051061379854,0.0388410003286053,1.5232471120861562,0.2319203493287031,4.6814215715566405,0.0363515611712205,1.2673868318241468,0.1805969220112454
4.638297743644264,0.0446870095340164,1.3193930829876095,0.2311178996883634,4.7167719013207785,0.0424878763233622,1.3757110265157777,0.2291238663268728,4.63746420391621,0.037541020369909,1.4079627933587786,0.2071931235375531,4.731569526542472,0.0354279745142551,1.5115944982640026,0.2099228494802078,4.667970006718721,0.0354328414734307,1.3219382489995803,0.1836095374543751
4.853453968061898,0.0435054615252068,1.1857203995122276,0.2022107120873135,4.7894599191559175,0.0428445751025924,1.25005745064482,0.2099442090356954,4.841932346810168,0.0368102000325021,1.323048894175302,0.1909071342058534,4.762814128602596,0.0354144828945408,1.336211824276295,0.1854958945204941,4.776356146599523,0.0352602015473696,1.170900534073772,0.1618388863054269
4.601506163870891,0.0424113031090236,1.3631066678103814,0.2266154656401962,4.590526245170904,0.0424094974857515,1.3359276588020277,0.222087520108186,4.594773675753608,0.0359656204431905,1.447799897068901,0.2041146538530443,4.579757861269399,0.0357784360302954,1.417996403131998,0.1988724245199176,4.624756514275166,0.0349233390031393,1.2280054595104255,0.168110230642238
4.619340386988406,0.0407851353916542,1.3349568270023042,0.2134259463067928,4.699390805026187,0.0428517997101622,1.3088776310951458,0.2198599873506808,4.674521079048923,0.0347051158826803,1.4215293392434425,0.1933870609624439,4.657456953728378,0.0357214894396217,1.3710924883793287,0.1919881382180779,4.684192485931111,0.0355631029232807,1.2463879824230335,0.1737524696758295
4.697374085430493,0.0419782873347025,1.3404451665734702,0.220572748896131,4.724481396746064,0.0411736535854489,1.356099440419717,0.2188714069747014,4.672570271761104,0.035465690394503,1.4731444566146334,0.2048008906687403,4.750050700915693,0.0343734554283086,1.4046464914627754,0.1892641321452093,4.7073997152723015,0.0346440097601886,1.3167480016731987,0.178817042171476
4.656599862270285,0.0415138463277019,1.3617114989067785,0.221593065181065,4.76329174834135,0.0418554281469618,1.4412794379014764,0.2364710970831466,4.621336827915915,0.0356480322495578,1.4155533226323356,0.1978061919429859,4.748111188668251,0.0352341945826761,1.494959463583862,0.2064770809873234,4.678989258320868,0.034603229395736,1.297801812289914,0.1760366498036201
4.622229258078796,0.0444206230465322,1.347879568628738,0.2347003961482009,4.564182588579294,0.046202798076952,1.3151151302833084,0.2381826586020341,4.607732926609715,0.0374682944365748,1.4536283443780027,0.2134987780871054,4.570839551366392,0.0396199872463571,1.428320368729271,0.221828860155379,4.613630086282734,0.0375512975473118,1.2414108177101957,0.1827336631819628
4.80558746832833,0.0401837730992463,1.306901646161463,0.2058598749195245,4.760355565336163,0.0437268387641844,1.3166551209157702,0.2256826643787396,4.775341435188248,0.0338860596867614,1.440298287150646,0.1913161366589925,4.71698119987409,0.0375781582774113,1.5014495237712366,0.221169030663774,4.794201268604233,0.0343288015065002,1.2528351873308343,0.1685895574980513
4.632660619467326,0.0426650223141429,1.3767489113900162,0.2302527392338119,4.626849715963888,0.0415016938892665,1.3424878781864311,0.2184008289643056,4.6635985430216405,0.0362486027807314,1.4526494653090227,0.2064097398176023,4.609100261722626,0.0355520515053142,1.4194811898418904,0.1978210009444583,4.640022769003839,0.0345903708049035,1.2545872746891311,0.1701116991315224
4.7062939157930135,0.0410603127719329,1.2880766390040783,0.2073204026821191,4.688171298471626,0.0413897189997681,1.306988684354155,0.2120520093976423,4.704976546435073,0.0346769098669027,1.4247092187777364,0.1936621329585857,4.669921573463956,0.0352571331030204,1.4350735469780442,0.1983349453909071,4.719357618814229,0.0340943093317819,1.244356722198978,0.1663048374359105
4.618662737358325,0.0450755141990734,1.4237002910489036,0.2515575464089601,4.691608887586394,0.0439565915142741,1.4297737328496083,0.2463595543384118,4.6538429555765,0.0383587444305191,1.4753601907220208,0.2218403443922702,4.6251975927211015,0.0372268522366958,1.4746236099731704,0.215186779133977,4.6585357391336135,0.0372091521045101,1.3074037727726309,0.1906942483890279
4.632529941523652,0.0417475353923661,1.2757066975802036,0.2087659969947557,4.57900993458648,0.0424727994705275,1.368338041390397,0.2278150309487085,4.600101673216087,0.0352383414857879,1.4179392172014886,0.1958624401755662,4.573813875737148,0.0345285738834629,1.439141412808455,0.19478710303106,4.64541200837337,0.0349987608495244,1.281294469100494,0.1757841471770073
4.742095519599828,0.0409122359794446,1.4720458970868835,0.2360764432878751,4.779549659034501,0.042533262542456,1.3570168687613144,0.2262517931277934,4.734519674104966,0.0345616694459059,1.5452366534632582,0.2093475101758511,4.669311421359393,0.0367693871611565,1.3884440593245946,0.2001210923625361,4.793210029381549,0.034133908730387,1.2689937917851728,0.1697944955404012
4.708353274735353,0.0408642620316039,1.3410983345699192,0.2148237880056774,4.727191884897736,0.0419014427920442,1.332628232277537,0.2188850367625106,4.706966919195093,0.0344816128588644,1.448223767245164,0.1957498007839824,4.710932703032125,0.0353802444453361,1.400995121765079,0.1943012251128917,4.744378697940544,0.0348876437306586,1.2326526963638134,0.1685739469656015
4.684148574032403,0.0429962393313859,1.2769809706970114,0.215225132510852,4.723183691957152,0.0427845627289977,1.3017478764357782,0.2183192658712289,4.694169783707719,0.036239255568709,1.4271675817498906,0.2027366782763963,4.686138471552897,0.0355838074472954,1.381448949328692,0.1926927357325271,4.695761093917081,0.0355341674695891,1.241001789257279,0.1728608479883359
4.608187592249046,0.0430097175916916,1.3660018704008372,0.2303010784144752,4.671490511488619,0.0427128121836166,1.362052666744948,0.2280500404263639,4.613814483836999,0.0367552311450939,1.454535427834239,0.2095663496647857,4.630864415978094,0.0358994736561955,1.4233156796428317,0.2002937517711675,4.644161632427469,0.0348312171392609,1.2816786501942332,0.1749950996461576
4.738197616859091,0.0411396231979228,1.3839537085606115,0.2231824085422326,4.722832023385607,0.0413633349577671,1.3792534675745909,0.2236339414284583,4.727338078812485,0.0347045921446936,1.466890027581781,0.1995549879659955,4.77422662896145,0.0345196242086578,1.367613927586949,0.1850579133188159,4.727789525646759,0.0344331205692777,1.2162993786594043,0.1641704372368277
4.606701744612745,0.0421864057278735,1.398444197904074,0.2312574610484416,4.676765954081421,0.0428146738161908,1.3325806325432628,0.2236475904026911,4.586811744905217,0.0356312787482632,1.4970617167899878,0.2090976731810309,4.621623263639111,0.0366669682438883,1.384937314360595,0.1990596360649699,4.61682511190797,0.0348255450516324,1.2381782606188776,0.1690282065747332
4.765598451945381,0.0409824597913728,1.245692689089803,0.2001184008385301,4.703200077217592,0.0425851875511543,1.2856473170031837,0.2146142222481762,4.79555378602483,0.0346198505021096,1.3879415299447524,0.1883538257182917,4.652130439593119,0.0362085542285158,1.3831433548365537,0.1963163475588472,4.7536353326425305,0.0354500623923947,1.214969854642083,0.168834265609349
4.650825120297625,0.0410932316142601,1.3329389418363642,0.2147131476880563,4.730249661058914,0.0426315957061864,1.330846503612051,0.2224014647946036,4.617939383408678,0.0348557740815488,1.4371499248612345,0.1963608463179972,4.736427123574473,0.0357963080138218,1.4017019427488675,0.1966853433801952,4.670328156424593,0.0349045216991296,1.2503087132109445,0.1710712527024821
4.710046813408852,0.0426326342097811,1.3820765945893392,0.2309682941809535,4.6757374184322416,0.0422451820780811,1.3326046043585809,0.2206767516033237,4.646735984188617,0.0367398968630717,1.4325977637073752,0.2063195055737186,4.725781884733716,0.0358118782205539,1.367332592113316,0.1919461261210428,4.667956422448345,0.0344178587534308,1.203980051874623,0.162435603392909
4.741713399334313,0.0402205091428244,1.2976743092451877,0.2045932764455177,4.687227279603993,0.0399025006371916,1.3176794405474674,0.2061047351944866,4.717290789543962,0.033832405754463,1.468992468627922,0.1948186531513207,4.67498908804495,0.0336864003742143,1.4585932006451934,0.1926046985753913,4.680052018073694,0.0336915938317202,1.292623140041455,0.1707149555570849
4.668392733298187,0.0435155862232339,1.369963198283243,0.2336855324706007,4.678958263283757,0.0431770906446041,1.3601972529269064,0.2302148612001017,4.668532952484184,0.0367473302456615,1.476020407379169,0.2126161457450858,4.628761118343281,0.0369850298677341,1.4556026918094516,0.2110313175846984,4.640107990653631,0.0356943762708954,1.259093387298747,0.1761715710021923
4.669281305259694,0.0428859614333617,1.3721791021961298,0.2306768638018832,4.651421027130203,0.0438498236163461,1.3205579927532562,0.2269882703855757,4.652593199594921,0.0362839781741622,1.4545075214763672,0.206875449665754,4.59925492046118,0.0362350642447047,1.4766163173644578,0.2097368714929126,4.647924985379187,0.0353625944840859,1.2498977159298723,0.1732593504743272
4.7352451531825,0.0426968812820546,1.2826834933084106,0.2146810676705772,4.687146948433792,0.0423580493055797,1.280494711115848,0.2126139848835427,4.725089657421537,0.0361329387532052,1.4464367829289246,0.2048711611919408,4.682563394054374,0.0358515936163269,1.4242672582129832,0.2001603456336619,4.693247085188033,0.0358090386392447,1.249270485569424,0.1753586640315909
4.615022666057325,0.040644003850869,1.2939892149109482,0.2061603900094321,4.578592620367745,0.0424721471419708,1.2775744604481658,0.2127005069448474,4.649967944065492,0.0348602753275667,1.306671384692124,0.1785563419184652,4.569688784958095,0.036473432413725,1.3755927627875773,0.1966729374985941,4.642062939387838,0.0350235423394486,1.1831254293659388,0.162431010024871
4.645508312199098,0.0413483337305231,1.268267317516783,0.2055639246376975,4.674732897129923,0.0449481185725798,1.2597269771387287,0.2219555629865361,4.642993569508087,0.034810327276498,1.4173739068572868,0.1934063043662801,4.685605153566521,0.0371908442541771,1.350131557943794,0.1968295105221123,4.682496728630097,0.0343821887705122,1.180353530705974,0.1590829773612443
4.82927113917532,0.0435294804658744,1.2894472805841684,0.2200215202095398,4.85952790681121,0.0426720871330375,1.246872349296403,0.2085662179655469,4.816757720132994,0.0367894331534774,1.4101599815136052,0.2033618897012552,4.783459835499,0.0373072619352697,1.3736208403205832,0.2008807560603132,4.81003858221093,0.0359872882486511,1.210713524123873,0.1707924241818666
4.774161203363635,0.0432148047920606,1.2952067748553031,0.2194066314052238,4.684481977922034,0.0421280181499943,1.2972079557801452,0.2142193607939011,4.762561775965389,0.0365865979805832,1.4290561063015392,0.204950694825257,4.699575923717207,0.0358314842623886,1.3664649403650566,0.1919293438511829,4.712640286896972,0.0355228250535191,1.226961156458303,0.1708505564359047
4.55984168649779,0.0422047910936741,1.300406329025797,0.2151388863172631,4.52051192893691,0.0430923134738218,1.2820974323575007,0.2165703146763156,4.567429938220872,0.0356182279428908,1.386750077467902,0.193619277142537,4.490169264995755,0.0363992751959441,1.3281658869940642,0.1895060781734789,4.578893945361914,0.0351332066779706,1.213866954813948,0.167173319418485
4.608515385823937,0.0402309478262227,1.264364944091233,0.1993934084202375,4.672511451964788,0.040896688490906,1.3592097030945338,0.2178977252239858,4.580123531405945,0.03378445657452,1.4189253269724007,0.1879120216880716,4.67587584057897,0.0336646417857543,1.4814044594532916,0.1954905335814333,4.605804064530352,0.0341603229626947,1.2609131956604498,0.168843849205041
4.679512710190167,0.0426740641179376,1.3697411682274734,0.2291292855748805,4.577632139398121,0.0432555077932761,1.347872333223138,0.228543177067494,4.708664089025197,0.035891045153129,1.4659228856068802,0.2062411477558951,4.590773653016082,0.0362188910124526,1.4013133185524624,0.1989520804287412,4.693273365513305,0.0355599814276922,1.2604186475484769,0.175692989236698
4.664586211667735,0.0412181268442026,1.2981267968579662,0.209741057381212,4.684409047510175,0.0437501445026618,1.3473568497171222,0.2310682169266281,4.666705810472582,0.0346203063030416,1.4700542749260783,0.1994997528556065,4.642600348099703,0.0370678169770824,1.3708039489979853,0.1991821626940075,4.685011209675311,0.0347287948936936,1.2819269377695826,0.1745143217462222
4.651424114095661,0.0405828951463934,1.3346659204220428,0.2123213583210185,4.592454372194626,0.0407122859705759,1.3745498791494124,0.2193633546949569,4.670293439150608,0.0344861192059169,1.4712159641045386,0.1988835395349034,4.592847449271322,0.0341023414373493,1.474002946588317,0.1970428301409425,4.653900859739935,0.0331635991486612,1.2453452958533693,0.1618935433114265
4.698948883487934,0.0408507497445375,1.2879427279844389,0.206240840385984,4.641465732048885,0.0429564169081485,1.3362857383444915,0.2250118906339075,4.691915958353401,0.0347219848709704,1.4255870321189648,0.1940333430632979,4.63377970402114,0.036098114416202,1.343593569579045,0.1901211884762189,4.6426777453666,0.0347391583108985,1.2605201613822137,0.1716513308146741
4.628668930542611,0.0407636307401379,1.361430043780601,0.2175435823183227,4.644045731729606,0.0419656233094623,1.377585070528075,0.2266158030992804,4.663846743528291,0.0343226861538293,1.505312613435964,0.2025284582095727,4.6519974809286,0.0360796248857512,1.5532123182394757,0.2196700892516208,4.6589935929014,0.0344335546296382,1.3018155912765703,0.1757152331893761
4.590129262094363,0.0427796346846071,1.3049847271809474,0.2188369167457566,4.603475666595169,0.0434600849154421,1.4369568227754423,0.2448005425574931,4.60228175244713,0.0359767730176671,1.494473979564059,0.2107602236431243,4.621940742518301,0.0361233263961705,1.5433828055905652,0.2185442978185448,4.646018614660807,0.0356862479204298,1.2810307387481732,0.179200214797195
4.685118950034425,0.0381199273402118,1.3881705500457413,0.2074306735166342,4.705051276919633,0.0389756385600928,1.3486840254449202,0.2060542323769989,4.671321396218186,0.0324840211556557,1.5264487205054758,0.1943703830502693,4.68934756502898,0.0322559140307096,1.4645962262687788,0.1851848057829801,4.681423445210893,0.0320730944711888,1.289798013304165,0.1621588492738059
4.620631532298644,0.0421854769656467,1.2935672547556114,0.2139094956763024,4.662336575088582,0.0422286590652337,1.2757861830438606,0.2111850992274047,4.644183707759503,0.0356934687893134,1.396986900713987,0.1954605769917117,4.659205841638765,0.035281681118133,1.351832671556596,0.1869606871226726,4.67864340409356,0.0355513622531337,1.176809681428709,0.1639987605957843
4.58313517302121,0.0419605587767921,1.3591881135686268,0.2235624794056968,4.672395030642239,0.0435772128183433,1.3202871205241613,0.2255308324448819,4.58559826560166,0.035403182655498,1.5334510344622097,0.2128091540100055,4.68882712328734,0.0368514576125446,1.4626197241780805,0.2112828191310522,4.613421636362814,0.0355017139076693,1.2637012535152663,0.1758619250753606
4.701390810863786,0.0400496810031453,1.384861034578002,0.2174119161922671,4.614567484258309,0.0414199321892907,1.2661700773926503,0.2055793630447399,4.629932909755799,0.0340844070999428,1.5336443173649612,0.2049077951595495,4.6285263584501495,0.0342980396035019,1.3267139326623127,0.178371175387048,4.628364817176116,0.0342753768271744,1.2949762762545565,0.173989138265441
4.693658380079252,0.0418338683475406,1.3969820930917252,0.2290851570969101,4.665540449264536,0.0400069134783646,1.396837904263331,0.2190580135459496,4.717288265021671,0.035341022584075,1.4625205003507251,0.2026091994676674,4.644589847354359,0.0332600090633487,1.47636619360169,0.192483958678751,4.69430800684326,0.0338876373154463,1.2789870233914336,0.169896923695808
4.691653298123779,0.0413920405022785,1.4040071524446005,0.2278055199475373,4.635862427600983,0.0422878039981982,1.319993052705498,0.2188088406301548,4.705433338303569,0.0352646013639939,1.5241805631832208,0.2106946386376541,4.6142561629336,0.0354374949990399,1.4337077331100363,0.1991598219632015,4.654847404135082,0.0339507086330436,1.292748685526096,0.1720445956976321
4.680508358058123,0.0447100359834685,1.3410400164556704,0.2350308349466313,4.650880570651569,0.046544501073453,1.3313364961802132,0.2429037969680132,4.630211565760827,0.0383458862243752,1.4260764827918164,0.2143579939502368,4.63431465107655,0.0394515819420561,1.4301858435571382,0.2211744642705312,4.604332552898368,0.0365047926899909,1.2486403692656998,0.1786756394045067
4.683227179876575,0.0413368949756679,1.2460468395931292,0.2019065026371131,4.74190003043312,0.0421500817031247,1.3427061868369563,0.2218490112730466,4.665432747373951,0.0347822731139799,1.3440883293011554,0.1832583861698091,4.718252263818263,0.0356685966239613,1.3531012889537546,0.1891883618984238,4.7118259138712215,0.0349877646181408,1.246280171704104,0.1709267237233167
4.661386353543144,0.0412913361074797,1.2855717223083554,0.2080814347628818,4.6138544087699,0.0419119649467609,1.2983794930928434,0.2133132125918685,4.650513263743191,0.0349557253549994,1.3045015644771316,0.1787479251836497,4.665302406139845,0.0352137038084851,1.3505465636733065,0.1864229413289754,4.623510514390562,0.0348048517281528,1.1728064654811168,0.1600089318809059
4.644699941102269,0.0423639588140355,1.2660545437702868,0.210245660206205,4.621199853728721,0.0439657669576496,1.377433847458528,0.237390585116941,4.642054835313953,0.0362775975005174,1.3245465920712054,0.1883579019160889,4.626855910248416,0.0374071045017946,1.4570151307424828,0.2136467257641492,4.646358901400082,0.0362668583736969,1.195040523874295,0.1698911106399062
4.667476181993662,0.0414410384023515,1.3287139055480297,0.2158441069643755,4.682075699546412,0.0414216309743023,1.302714128083795,0.2115214451760947,4.656613826603344,0.0351535510475934,1.4458485049755834,0.1992370390742229,4.66337714951001,0.0346381864617513,1.4825883254891388,0.2013046506999218,4.682284480197704,0.0348884777824406,1.2665630384546431,0.1732155662594014
4.616192394125093,0.0414511834296039,1.4217340842795811,0.2310113914705932,4.637718954464613,0.041137626372446,1.4096638909933397,0.2273175106276206,4.629531788157008,0.0355211856034025,1.5351339834937097,0.2137528064526275,4.654128170921786,0.0355207485064125,1.4659953113243838,0.2041233921151686,4.667872479047622,0.0347896378261463,1.298478095973248,0.1770771902269304
4.632366917728786,0.0408512444082572,1.3804662700120764,0.2210594966802164,4.684896627817294,0.0412370503023333,1.2974186796134335,0.209722886091211,4.650995514370745,0.0344654216372545,1.449184824864404,0.1957877250840071,4.647010853937084,0.0351741903840951,1.4175369555350326,0.1954504103087313,4.662069411454389,0.0347746603714293,1.2430792537879538,0.1694493090237312
4.638967972951436,0.0425752087790622,1.4330719914474643,0.2391678949397542,4.664248568435324,0.0417582098021752,1.3723272880025308,0.2246351209749552,4.672783581343783,0.0362535038694436,1.5958030112675543,0.2267813592866547,4.691346653113915,0.0351874816304038,1.4757308692644486,0.2035510908185673,4.645203558523805,0.0347214693027428,1.3196130612365746,0.1796068048592868
4.702250833678202,0.0434017303546533,1.3148100588631246,0.223690813591341,4.675281102660212,0.0437515953487115,1.3872748588700057,0.2379219420380149,4.665344439977223,0.0367479353311786,1.4034126423698852,0.2021605519212446,4.629479876535688,0.0381745172980033,1.4348386418758956,0.2147112029709708,4.673798301986508,0.034878916428816,1.2536394503820394,0.1714011460430735
4.583264512787458,0.0420549630445635,1.3054236064537086,0.2152022483210155,4.568929782252009,0.0424055535438388,1.3296083499921434,0.2210164287621031,4.563555155886468,0.0354534929536032,1.4761251930440435,0.2051447033391422,4.590985378672106,0.0354746208808585,1.453709374377601,0.202149857974487,4.607581021765599,0.0350646024990329,1.2548303399256342,0.1724773287573892
4.666741838388587,0.0410135429864928,1.3138501558094478,0.2112278659520294,4.645255362438941,0.0405782551789969,1.3581406735107435,0.2160310672747791,4.669175042277808,0.0346796447158151,1.3964258463064012,0.1898325164286644,4.6631159928946335,0.0349567973323688,1.4842359477042686,0.2033820727898854,4.657993292010638,0.0338479439755446,1.30506076895728,0.1731574233992443
4.638019319504596,0.0397867033793625,1.356659407215787,0.2115859732397746,4.60672100484256,0.0405056197367449,1.3962762636637795,0.2216995048476745,4.647830368656961,0.0335755662404381,1.5030160240066643,0.1978176521593712,4.61683823382511,0.0340130702325292,1.408602385047261,0.1878072449954839,4.646221447280316,0.0333287034116083,1.259373927218442,0.1645323130345201
4.6957021548818885,0.039130903917192,1.366602797889074,0.2096236469319952,4.63619105795796,0.0416778908870285,1.3602431791915757,0.2222288182827893,4.667732748475394,0.0329649458173071,1.523815901716818,0.1969078155579267,4.640507044103354,0.0358492031444258,1.4334866547445049,0.2014425671973139,4.625991041902044,0.0342006876456397,1.3060477464185054,0.1750942881624048
4.728633691706962,0.0414576666571921,1.3067306695107856,0.2123581954652671,4.689982198000296,0.0445775739383062,1.3011897740424905,0.2273710446987008,4.704459465796791,0.0348696679923025,1.4430715656449178,0.1972485268674573,4.682123573782598,0.0373491796696157,1.436520589636722,0.2103153684923971,4.707060282710151,0.0349196873606752,1.268248439467307,0.1736012188655489
4.671946441416734,0.0423836217001652,1.2755311287435458,0.2119176908947533,4.745527036018172,0.0439414367602837,1.3395990044151518,0.2307422673304372,4.687815695157559,0.0359178274540437,1.3757911787075614,0.1937049268259934,4.764493149839011,0.0362429898277023,1.393792044284864,0.1980159096054915,4.756797977687397,0.0343721218232153,1.155999570372149,0.1557550375088748
4.623776497538946,0.0414326074063896,1.4259791363054208,0.2315973164658025,4.657735129216268,0.0423577070035994,1.3979147767706983,0.2321085958310957,4.648016607071028,0.0348777324435614,1.556460571188439,0.2127964859573665,4.645613921131114,0.0358513998054707,1.4642990710447708,0.2057851305892075,4.692041706267824,0.0353619419297621,1.3072077059594924,0.1812002500557466
4.661345777346554,0.040521440555144,1.4137066937062888,0.2245547661432547,4.639688292067607,0.0432070546027097,1.3638485450276558,0.2309930393056583,4.677928006143627,0.0343337978170858,1.5344987666799648,0.2065220730292803,4.659391536124335,0.0353752793920265,1.4010774318994526,0.1942853718600586,4.702026886620016,0.0348352422747764,1.284824740457896,0.1754449260678247
4.725960309193789,0.0415104828151898,1.3008371346222518,0.2116697503338179,4.670318260362781,0.0411173981686461,1.322820386289336,0.213208537683447,4.690426014971757,0.0353685269490984,1.434024132974681,0.1988160857163065,4.682175335062901,0.0338563495562357,1.460795892036086,0.1938687256474718,4.724663692579976,0.0344979336367186,1.2705993701532858,0.1718224094464744
4.605095233096818,0.0417828005059709,1.2307571907167814,0.2015802659575974,4.681840414490839,0.0431132358960209,1.3562191139482591,0.2292020870589408,4.589306893377351,0.0355693413246676,1.4025011474548623,0.1955496913889788,4.617438888287165,0.0364934384416073,1.410813427438011,0.2018191886867669,4.643188750308667,0.0346435311113028,1.271135092370063,0.1726203318298372
4.6452518089228,0.0436700735980459,1.3513992906530854,0.23133731845839,4.68587730670615,0.0440990513848976,1.2445400252609613,0.2151375420607529,4.669741622410305,0.0370666670316076,1.464372974046774,0.2127714379242353,4.665777722498688,0.0378605610174817,1.3732584376081136,0.2038062076340396,4.633462607368162,0.0358654951055896,1.2430407543704751,0.1747592952982676
4.629443514857403,0.043051298893132,1.412515502043866,0.2383732778677111,4.642340612470177,0.0426417635693738,1.4045556712684315,0.2347751908201679,4.657770011942407,0.0362862588978522,1.4609453007237951,0.2078041599968728,4.665768445616791,0.035181401240677,1.461037413797631,0.2014895639651711,4.649517379558758,0.0360224998060653,1.3252442846124837,0.1871319203267984
4.5777687091141175,0.0414671626774297,1.308623853357486,0.2127145706341236,4.636467221023897,0.0415496338435593,1.3283592606320225,0.2163519607053893,4.593176214309708,0.0350537594177661,1.4472527834375897,0.1988644172307884,4.659911972866314,0.0346012479071783,1.478925674991973,0.2005931957386426,4.593547561998506,0.0337717471544454,1.2674097440951932,0.1677832712475248
4.69031330691452,0.042561960882516,1.349296312028987,0.2251163550160214,4.710835906844435,0.0428177811572626,1.3521748895063674,0.2269525733570739,4.685531516599501,0.0358268201814941,1.501313802264963,0.2108423401999183,4.616767005909278,0.0357900374090284,1.495598324985478,0.2098240227639282,4.6657098416733085,0.0344083915204318,1.2593025751546731,0.1698527369692992
4.612171758914779,0.0403469445572644,1.390964266369901,0.2199908974358944,4.600265554865589,0.0408395697144962,1.3743010340378576,0.2200093397245765,4.609732389558314,0.033982255964035,1.5193288356648085,0.2023867488650948,4.654466943709642,0.0345813471522487,1.4140039767734771,0.1916772744105999,4.646849391911877,0.0341076561361933,1.3078385308853535,0.1748574299156103
4.683501646288584,0.0427362280214395,1.35490406166992,0.2269775057510927,4.620889594347124,0.0433151574892846,1.3999453528346493,0.2376999375905519,4.644756048603811,0.035949885931033,1.4571329860169766,0.2053405841131769,4.595192671949311,0.0369114559311499,1.3718227487920636,0.1984893743987035,4.630914468339212,0.035498884176407,1.2369594177832417,0.1721266991563794
4.702278963587474,0.0407078556757975,1.2232156429320822,0.1951907978005782,4.68683860796303,0.0418172401254997,1.2424247309505392,0.2036589690329964,4.684173320110864,0.0342326213022049,1.3506499360195874,0.1812429176223544,4.685118432190199,0.0354477991278095,1.340875672917386,0.1863184550068076,4.703980229330024,0.0340077902504968,1.217484827955913,0.1623005747902147
4.603211554478909,0.0408006176290713,1.2574468075456138,0.2011103615055825,4.649710213724853,0.0413170593373202,1.339292422414683,0.2169116621128341,4.604317928901732,0.034292201382857,1.4416399417924894,0.1937895072525263,4.623300501905639,0.034779188406816,1.4107348574998475,0.192328182391691,4.599972883405793,0.0339576356081089,1.2042000483574793,0.1602928573772573
4.568092428665239,0.0406414369992865,1.3445993490901051,0.2142101467284393,4.64119009112351,0.0433772422627227,1.3405918902890264,0.227948433783063,4.569916481502403,0.0345721501475202,1.4632050193607622,0.1982940392472473,4.572025150655212,0.0366085226308784,1.4150618770870318,0.2030653015844859,4.576897883461999,0.0350583242765914,1.2295183032128496,0.1689679125198225
4.679506312253131,0.0417516816790516,1.3809877685147394,0.2260174087184297,4.710050210946138,0.0427119420206117,1.3740324422342431,0.2300511411866395,4.690552637288399,0.0352291760850532,1.5360479192912289,0.2121218164254795,4.71244779931346,0.0359370468935973,1.4041871944802713,0.1978087420884255,4.718120749003391,0.0351625045888266,1.254061128140515,0.1728528700073934
4.624772827062543,0.0431515452405282,1.390657599286511,0.2352310527887864,4.6240403014938165,0.0444783183927063,1.3927636077913508,0.2428308479612143,4.590929480802361,0.0362945756057496,1.4904131340285398,0.2120442392988054,4.597405249080235,0.0369415443870452,1.541845576458461,0.223271871910352,4.603829719975289,0.036596697414504,1.293672107950782,0.1855855663769759
4.739774080098931,0.0406903884498979,1.321308817325082,0.2107532379224272,4.7033468408765335,0.0399671192006791,1.3695927347000278,0.2145716673726375,4.710751802269288,0.0344571505629882,1.4725399501586405,0.1988953058136386,4.7327555484592185,0.0342872603155026,1.511690022410732,0.2031765670280979,4.759203869901378,0.0330740447764218,1.2866692437962344,0.166813930931053
4.608275829875999,0.0407857939167491,1.3134117951460884,0.2099848292028354,4.70113322750514,0.0410104357001374,1.3541147651588248,0.2176847190267407,4.611356141068695,0.0342028936145549,1.515799411035571,0.2032275914835812,4.693144802128447,0.0346397495318228,1.4007203040747156,0.190197258965877,4.664616778939446,0.0340119597130153,1.3058766633944248,0.1741052646210278
4.732269083508872,0.0436323090663751,1.3824520292959763,0.2364483860353657,4.6273712079064095,0.0442945987407397,1.431061249805343,0.2484775067111179,4.740972085411854,0.0368647014335279,1.4748844723357497,0.2131310924228843,4.640865971420834,0.0376279199135601,1.4454354509631493,0.2131999015349135,4.7145855899142735,0.0363360288555833,1.2639523132194082,0.1800305621182547
4.597267807376852,0.042570177392273,1.3088119054933451,0.218404098260382,4.619373428131238,0.0444327014276595,1.3368063969799726,0.2328355659673165,4.580174345041816,0.0359063858503312,1.4760059097588336,0.2077484903382168,4.5985949240292445,0.037701678673038,1.45075412597692,0.2144038544998361,4.606355414517277,0.0354975809070826,1.2845749434331286,0.1787459831443155
4.672652190669845,0.0396113603024413,1.332104610752281,0.2068407839146598,4.689863850713145,0.0410180563383363,1.3529289885719764,0.217534511180911,4.6533527322182255,0.0333053731957468,1.5324462354923745,0.2000680032358616,4.673237543141843,0.0338070189896632,1.521368245434597,0.2016133618807059,4.716767537911846,0.0340397515827674,1.291568127555268,0.1723382933848955
4.726737445103272,0.040906613566179,1.2958994184513413,0.207798739965628,4.768850733218756,0.0412879040041194,1.2785540610406558,0.2069283615313161,4.736966450891672,0.0343420029592238,1.4555148800032736,0.1959387610728911,4.776698253779758,0.0345120709790061,1.4469720437964408,0.1957533702899371,4.721488919376792,0.0338814618419667,1.276215191244622,0.1694978276932371
4.526661969238471,0.0431632679770825,1.3374779845735156,0.2262971306541616,4.615726711669142,0.043530787751155,1.3926339286344236,0.2376356450017927,4.524686649127525,0.0364733656216834,1.5063999719867744,0.2153744720178208,4.663478495073908,0.0368398631839433,1.525551404983864,0.2203042835382433,4.60336382359456,0.0359766371751214,1.2909593671731427,0.1820586114704194
4.6701206329712734,0.0390635179337529,1.3665307097909856,0.2092516226863356,4.649878347366152,0.0411377461373824,1.336088436044438,0.2154536151609393,4.663002204099159,0.0331031706301591,1.4186969129975708,0.1840930118406264,4.625318125591458,0.0344631836669881,1.4652537660488996,0.1979458164920432,4.651084019671419,0.0330311246864736,1.265274718027855,0.1638273017169466
4.6778408238395865,0.0410464507767323,1.4109423019767262,0.2270193894766269,4.693263117698329,0.0434315683148815,1.5040630203988492,0.2560646526811875,4.664989885571351,0.0346673689273505,1.54909547136157,0.2105121434196516,4.696732197212757,0.0354335248649212,1.5246223139061752,0.2117652599562304,4.666307158552683,0.0347169440839763,1.2988604503553631,0.1767592172094927
4.6605413725055005,0.040876973693117,1.3736019626369107,0.2200988254208857,4.598683467350748,0.0405667911032174,1.3309047036230317,0.2116390007256828,4.636443595546596,0.034521263087039,1.4423361508100043,0.1951781751198003,4.6079033030363625,0.0344283902707773,1.4267040800840296,0.192543431394821,4.610236124526665,0.0344503237451995,1.210695240595591,0.1634956602152094
4.71263969761054,0.0426948815510738,1.3849989744199576,0.2317946199131757,4.746442942180513,0.0440705966326098,1.387786752356743,0.2397451080331876,4.687395017310525,0.0367582610101169,1.4728944731962714,0.2122289749566625,4.738302816400507,0.0374282619759114,1.5812357627283942,0.2319927299832799,4.753255402802179,0.0360454797390534,1.2964104374336771,0.1831771997456893
4.653407214358328,0.0432574283219934,1.3700691488251369,0.2323171496052096,4.649235075794329,0.0453720403272242,1.402268576634086,0.2494006598420109,4.635474820244445,0.0366369650272706,1.464064037157755,0.2102604790173322,4.65013981128986,0.0383197186521371,1.4455120761300142,0.2171311450679702,4.664124568934049,0.0362055285563205,1.274412823550945,0.180868572748871
4.69675885078038,0.0433112879024248,1.3177694146248802,0.2237271076691986,4.677846130195306,0.0442992141525841,1.3137923217878382,0.2281396800692181,4.731443771563241,0.0366594253931512,1.4525041846965057,0.2087282021649419,4.64678636015753,0.0375174355148711,1.3841096151030692,0.2035549730230304,4.682235455662728,0.0363289835286952,1.227341273736039,0.1747819870781221
4.6526145159463095,0.0411354594515124,1.2791005210923745,0.2062524494628292,4.542217381546026,0.0417744165479525,1.2852339775948105,0.2104605388703272,4.648788085555934,0.0347874105255335,1.4113601768170398,0.1924589216688359,4.503499398860531,0.0342200301990964,1.36523167861823,0.1831322503827184,4.62830298932222,0.0337277531470423,1.2257485486723163,0.1620566604383798
4.588927779335795,0.0413197004325444,1.3307238872920832,0.2155376799066271,4.698708648831695,0.0431795941451488,1.312332239279138,0.2221265343224207,4.634282061866962,0.0351513046710436,1.4513310092766571,0.1999797449213531,4.601727661081508,0.0357943319411915,1.4222319045269878,0.1995550693423201,4.712991646769782,0.0345636826084326,1.208592226078164,0.1637487115960315
4.730563256729009,0.0430351570998147,1.2900973458450762,0.2176326053301092,4.776057291926712,0.0439570307823886,1.3662840641000018,0.2354222133815645,4.6895971653980455,0.0366289607388809,1.394932448868698,0.2002884291252555,4.781170839031876,0.0374076011096505,1.4250704223830333,0.2089653465237319,4.749876449750259,0.0358312928029532,1.2210362611633856,0.1715019751163857
4.634106058572188,0.0425779576419209,1.2996071527614663,0.2169077179380893,4.712507887138455,0.0426628182257292,1.378087791870099,0.2304647522157888,4.671908664151286,0.0361047796488649,1.3685320203610567,0.1936857853000482,4.713561146180378,0.0356394215677139,1.4039263935214978,0.1961340843118605,4.689016291149122,0.035126455504145,1.2330365008387107,0.169780711166518
4.492967772856241,0.0421096206950576,1.2988007463741462,0.2143887270944706,4.613446497096287,0.0421169160584008,1.2703085823479885,0.2097219475687692,4.526333265504917,0.0357714270442884,1.423665438982222,0.1996283857073883,4.596904775594297,0.0355398386010228,1.4053642710334442,0.1957863662367049,4.56105136411753,0.0352512470924308,1.2259108075387493,0.1693992355682287
4.681147135577105,0.0455923190189053,1.341435180599699,0.2397394261834063,4.656307960189965,0.0439284980999873,1.3630210710642596,0.2347075237544397,4.673350493815884,0.0387045821155482,1.483983727189634,0.2251487852686355,4.654509082020733,0.0371839041646419,1.4820445215137574,0.2160201802119001,4.656104011892146,0.0369667293603038,1.2821401016457794,0.185790968451588
4.618608021509264,0.0428178558052999,1.355308088548581,0.2274788542702029,4.652499772758134,0.0402528905453084,1.405931538706365,0.2218397322675937,4.603118981730449,0.0361395591330524,1.5393706305410075,0.2180741224092666,4.625218855470799,0.0340636421614787,1.4367701574133735,0.1918476427706144,4.649730554820571,0.0349808221739037,1.3191202727291769,0.1808808100220101
4.600107866701144,0.0415042311714468,1.401829599533194,0.2280686993741698,4.5970825061163385,0.0421260668732255,1.3282649529677115,0.2193379162178499,4.624481228525525,0.035210010688913,1.4526085821768782,0.2004900616049717,4.605964696370061,0.036422210117952,1.4435457070943176,0.206098543051252,4.634446297270993,0.0347955408948029,1.2615426097139206,0.1720693833966025
4.574209517183099,0.0446694838089296,1.4227025857659503,0.2491168716045037,4.619927728681188,0.0424457107537459,1.288727280111997,0.2144237656992005,4.629358007076095,0.0378422991867828,1.5420744420578951,0.2287499148156093,4.5827847213644,0.0341700436173821,1.37322766446033,0.1839357569047212,4.612018836531719,0.0353761475603093,1.2870665147181062,0.1784800237102513
4.72620545175649,0.0410381828672763,1.275222682214694,0.2051408912052805,4.569457475132497,0.0436744268527562,1.3133037118877149,0.2248383931149962,4.723185608835518,0.0347449337274473,1.4726247461344413,0.2005680113505752,4.599399912097081,0.0364679264733187,1.4627566454190002,0.2091034686346034,4.675633385740597,0.035360822473789,1.2808890965131692,0.1775464419281395
4.597732667669917,0.04242451460163,1.3595319889090518,0.2260915855199515,4.666055917252837,0.0417997576062134,1.2986048343302703,0.2127790498841283,4.5981885188545615,0.0357860650973265,1.5291134309655916,0.214502193303819,4.6301896665112094,0.0352862767406704,1.459418291505158,0.2018662464328232,4.679929071892722,0.034137938610113,1.302014680249411,0.1742333394800452
4.631467570830427,0.043608626023427,1.3363784544614137,0.2284441049346111,4.68317357626391,0.0439183253278785,1.3529128878050969,0.2329129800105545,4.607619705866128,0.0370481562074261,1.4947377916558544,0.2170749455657231,4.661794419481625,0.0365386668079725,1.4316562203635133,0.2050546057124038,4.667281526542523,0.0352637526547201,1.2419682588278262,0.1716789743191174
4.741438306838168,0.0436074457569939,1.3691602722711262,0.2340415819903049,4.760312593233508,0.0436578966764651,1.3027038868741507,0.2229392852003117,4.743974144347707,0.0366292077135366,1.4463651854088673,0.2076746902181103,4.724068082891227,0.0373760141387019,1.3747472094469613,0.2014159777248628,4.701969289239723,0.0355452204669637,1.256583411010725,0.1750856774681328
4.6150167176589,0.0423961272501298,1.2921872848589664,0.2147483011917921,4.590767948653163,0.0425201405292833,1.366859832799902,0.2278225765537475,4.62596391237987,0.0357298209183801,1.3336588005254202,0.1867900168537963,4.596373023361591,0.0363887124401186,1.3943571984700882,0.1988926887180492,4.675208731750824,0.0346899660385222,1.2020831992808303,0.163461879699846
4.662438451125812,0.0418247143559491,1.4318998651789223,0.2347597933163672,4.7095588708804845,0.0445167735901019,1.3506601009481538,0.2356936262462103,4.624415433461855,0.0353933788669518,1.5009688985719754,0.2082436681105197,4.723028216962458,0.0382745491290693,1.4702869241067866,0.22059225740439,4.681984367956438,0.0353592112862405,1.2363827247295065,0.1713695215248874
4.628955515634356,0.0412824291205646,1.2682368428175894,0.2052313472376228,4.635148423675862,0.0429094556581544,1.2861281492501542,0.2163292952859279,4.641337811402404,0.035020326853936,1.3680843191926706,0.1878067282296208,4.615057865938097,0.035526651668102,1.4001049144298388,0.1949812923146485,4.681610656645389,0.0356409822860551,1.225646973532495,0.1712352407791539
4.644071009334117,0.0433161896639732,1.3269511310941344,0.2253114499008029,4.7157660682872,0.0435336213776429,1.340719213298105,0.2287919372305789,4.682541262246336,0.0369419971533657,1.3816435770633622,0.2000757620094612,4.659494803672012,0.0374496923062704,1.4269617166207835,0.2094781174231847,4.692761656188809,0.0360856240697051,1.1898861397366618,0.1683130201351417
4.670782723504358,0.0418101857015438,1.209504778955735,0.1982292655307674,4.616762526641188,0.0433681060781642,1.2770272941851153,0.2170944509882252,4.677923539256488,0.0351230120748453,1.3954048913874424,0.1921188952753833,4.589879930946837,0.0374546319056828,1.3722973554016542,0.2014799555524122,4.664121268853087,0.0356332321834709,1.208052331506476,0.1687403914346799
4.671697314451925,0.043010783858795,1.3829440994130209,0.2331632337068419,4.727673014571235,0.0433607783104311,1.3506736558341348,0.2295755243829734,4.671306519967464,0.0363666479266475,1.5354748416173265,0.2188890638122404,4.736088317784887,0.0365896436412578,1.4348415349097174,0.2057975528927494,4.740905352450929,0.0350488277160555,1.22305447160294,0.1680340840907814
4.690289706574481,0.0407186900816609,1.3607209047837516,0.2171905584125317,4.670568657007405,0.0424721184816076,1.3836314706156918,0.2303575452873598,4.684222518197616,0.0346241956543344,1.4757964980866,0.2003015247921144,4.642701361039247,0.0363120518129093,1.4127027354030135,0.2010849938509889,4.6940625402837375,0.0352839233410129,1.2649803828530877,0.1749599907674126
4.706245048485553,0.0421344391434862,1.3721363429927118,0.2266274809326713,4.70420319353709,0.0444292174245128,1.3814473200615016,0.2405919424919709,4.675006302503266,0.0356377618099644,1.5266253516508657,0.2132656828893526,4.731128050732305,0.0372579733337443,1.472590584233631,0.215069751588312,4.700949783772688,0.0350767098954744,1.3034195112463516,0.179217805597162
4.766154892047498,0.0423154187898424,1.333296226676087,0.2211583698430242,4.819096187867001,0.0426824303586849,1.3190211813397412,0.2206881412086231,4.760610983337887,0.0355952276780498,1.456737956494535,0.2032597083629546,4.797943644738126,0.0361775893810777,1.4234047694833365,0.2018580755742015,4.752877515958748,0.0356163535756481,1.2510901952952356,0.1746691316973323
4.703482176011281,0.0406536815026699,1.3051791213225417,0.2079926963197167,4.724860132673172,0.0415428895419822,1.2959128239489552,0.2110330982873312,4.706925994161599,0.0343685713500081,1.3895481145319744,0.187203151427713,4.725110789741678,0.0351665549888489,1.397070855172079,0.1925867237914991,4.700005984227512,0.0344707001916022,1.2336336189870396,0.1666918582771264
4.680182751002257,0.0413449834625332,1.3652763018337095,0.2212694524418988,4.642890151601427,0.0432304942321683,1.2766778217607295,0.2163463642947971,4.685692005123452,0.0350043955642955,1.4606576276385543,0.2004237116365043,4.563858605032976,0.0356605435697173,1.371952750533948,0.1917808327945938,4.692082286386347,0.0345073336404945,1.2686870801629728,0.1716105593311847
4.611852916891852,0.0403279232411526,1.3330910151699238,0.210738432723001,4.656172608394513,0.0410236555153561,1.3764765162532742,0.2213508783877128,4.556519151352141,0.0342084762731026,1.4486097692272988,0.1942509835718223,4.6036326314864455,0.0343098943083269,1.5086480680926295,0.2029015701652249,4.5846501385035925,0.0344031077921325,1.2528496083892326,0.168956422218048
4.729759349822631,0.0387049965431689,1.2400460552480772,0.188140777669982,4.657573035440381,0.040486671820227,1.2415875563894214,0.1970459510598108,4.700555183181771,0.0328388532531265,1.340856379359891,0.1726029969523934,4.6914305442190525,0.0344761844441496,1.359205153378457,0.1836886382721754,4.6806575675279545,0.033355187413326,1.2126122282639935,0.1585489664550712
4.668815203934498,0.0422942239238824,1.3041468038108008,0.216214904571343,4.657314671599423,0.0402091270457409,1.3577636023952342,0.2140064651209511,4.654111740989925,0.0357038680033912,1.4448840549647022,0.2022210464209012,4.660572894169702,0.0338759370297771,1.434268427957359,0.1904582730614104,4.656154924125038,0.0338607178142631,1.2684280989903185,0.1683604591163733
4.616053060784434,0.04337541778523,1.2968221012327752,0.2204967339479573,4.588851826253863,0.0416583553054573,1.3390937125911802,0.2186709931277464,4.619212858277802,0.0366913583352466,1.377938553497614,0.1981854321721609,4.576478573661995,0.0358572239521694,1.4306875410541775,0.2010942003543983,4.661580434810109,0.0355497903857288,1.2238582664302724,0.1705478530326678
4.747173623362518,0.0411039930315953,1.312090583820172,0.2114101910962755,4.697949710211288,0.0461774620020968,1.364110306240094,0.2469207778750251,4.730906065580727,0.0348053880474688,1.4444876867263374,0.1970781200846501,4.672841862709871,0.0391900491983477,1.4818852981427373,0.2276504351358114,4.707008448699648,0.0356927065341856,1.2710673302434683,0.1778386382712389
4.689117105609476,0.0424439010072706,1.3143454727161623,0.2186769022893777,4.554614100049462,0.0421208623841403,1.32699648617995,0.2191013804909411,4.645007190159117,0.0362620876017348,1.4428796641737185,0.2050978000321766,4.525176063093255,0.0357992316329377,1.425727540998123,0.2000729294491657,4.645781472705628,0.035307102511628,1.2718679816975431,0.176028180368767
4.675875526786188,0.0407573906150889,1.371048182741069,0.2190469325247049,4.644032153570745,0.0424364894480504,1.3736488665117923,0.2285037167793189,4.669818793908413,0.0349544893953805,1.422745003738787,0.1949432123773334,4.677521299772538,0.0373167486308023,1.3104612068279466,0.191692911199863,4.674960654050973,0.0346675690912182,1.2318892643335733,0.1674068200452068
4.689700036876881,0.0402201678627414,1.338746236805592,0.2110669471341907,4.711648452210641,0.0409794053623087,1.3297561769590676,0.2136071350885078,4.683820668617079,0.0341825845772748,1.475208244006878,0.1976679755716634,4.669988218987367,0.0350553970277034,1.4398811822735909,0.1978607417435238,4.659483687303007,0.0337303953657048,1.3133094591567416,0.1736467225380089
4.728797082828892,0.0436941499242897,1.3119353252096144,0.2247055541663065,4.665845552294176,0.0450286392126557,1.2817902068149325,0.226247536146458,4.750495124251029,0.037120693263924,1.428567296599392,0.2078714612647717,4.689421847666352,0.0377145712735469,1.3914332874966386,0.2057072747943115,4.679290759371553,0.0362662607947481,1.2137093129296357,0.1725422874458638
4.652501024159668,0.0426262794072524,1.287720732054227,0.2151677615636123,4.689930089631281,0.0440633644907762,1.2765769420913151,0.2204970266325096,4.648859044264735,0.0359953203916939,1.411871133617559,0.1992136942552384,4.659347761876418,0.0378134104253863,1.3509754885020158,0.2002494835368778,4.650487991058829,0.0362863820403809,1.202594522399671,0.1710570495043143
4.750918841561576,0.0418512081681735,1.303886616641015,0.2139074517934446,4.654888837130527,0.0396924729795988,1.3388234424858916,0.2083097283855938,4.739874083540315,0.0353748842730134,1.4120277997200958,0.1958016564535757,4.635341389883687,0.0340210380758541,1.4118401726387937,0.1882830318113625,4.704639387549765,0.0341133962201482,1.2665312534063722,0.1693631631477449
4.698148743425121,0.0409864149568222,1.292569194375437,0.207669071217385,4.694258274849087,0.0420579924072979,1.3566786019996506,0.2236678690757117,4.702499609198428,0.0344859851692593,1.4377944285209283,0.1943647572029396,4.705667756341683,0.035634548636048,1.4452347009886737,0.2018774124591176,4.699965033659915,0.035010193676785,1.2496706548671812,0.1715015982636295
4.763979659450505,0.0398478227243023,1.3560353036021204,0.2118135209977907,4.726209476329056,0.0415483790029428,1.3064072705739285,0.2127701795134005,4.767967105270454,0.0336571281451658,1.482097534672113,0.1955383417315869,4.745756819486982,0.0348640141724107,1.4024237903667918,0.1916614398913992,4.7713706421736,0.0344640058162554,1.2739228543570218,0.1721024173947052
4.6196499987400514,0.0424817138866985,1.341310859839873,0.2233621375817761,4.613206999264437,0.0415601234268983,1.2825403662356358,0.208942101378576,4.612078140594524,0.0359794842309512,1.438740810596783,0.2029156683530491,4.625048843079466,0.0345407106973551,1.3823066262888135,0.1871603056550889,4.637840939381592,0.0351748521925993,1.2475728500889132,0.1720189462108125
4.556276603158393,0.0428975479464493,1.3101231032430607,0.2203041408428381,4.6983074683370845,0.0421439655583311,1.3730075378319624,0.2268226429561398,4.5806237467745206,0.0367004284292015,1.4657368468704428,0.2108653525873433,4.6723684937624,0.0365688108990774,1.4226979993523758,0.2039396389832809,4.708758736426802,0.036701135816851,1.2238365665111708,0.1760682374623769
4.6681296995443065,0.0417005208701763,1.2887277930594496,0.2106593603170607,4.682013017778477,0.0403121049399596,1.224142404186464,0.1934396531070199,4.64405840390336,0.0351630974134204,1.4123512561464855,0.1946739903772456,4.719364871489798,0.0339205235885542,1.3200186844358486,0.17551761646048,4.65482691689967,0.0350001113737172,1.2071394441700067,0.1656170154516199
4.672966605498532,0.0404290092707653,1.4252370327082573,0.225869860648969,4.630739270158007,0.0419779903703064,1.4052950733401908,0.2312422859706158,4.692206223333701,0.0343965421527235,1.5298139117782463,0.2062678198237881,4.659796992356422,0.0358178255508284,1.5116432179571655,0.212239690431679,4.696712859844186,0.0344435014438481,1.307781293273725,0.1765714575018082
4.642200610963799,0.0406833522955069,1.247582200919752,0.1989591827058283,4.647892002066476,0.0409678407416889,1.304464087387132,0.2094851723725532,4.632213280813302,0.0343066867750118,1.4005547295826466,0.1883462373127836,4.63802626284537,0.0338356575535556,1.342290931598542,0.1780325300417096,4.634850752153882,0.0340196692360302,1.2175228121348969,0.1623623320553353
4.665723954972467,0.0425221763210889,1.3121791376586582,0.2187190945244541,4.656223076147112,0.0409911864100977,1.3984536859186132,0.2247070317231699,4.630438565247733,0.0360863196029337,1.4793945124915318,0.2092688950949389,4.658893793887372,0.0349579261628748,1.4372355199146245,0.1969480518474686,4.644543046603011,0.0354020642223171,1.2842401744971383,0.178218557418965
4.674836524222068,0.0405689106979955,1.3364970311019293,0.2125393909824585,4.588236518110128,0.0414263398325012,1.3027284531654642,0.2115478174001625,4.66274402088442,0.0341727577746263,1.4446696931950929,0.1935203661129234,4.611108672406518,0.0350029951897715,1.383849795928684,0.1898769508833683,4.644992915776519,0.0340328089529249,1.2365848692926416,0.1649680385318765
4.80886852011485,0.0420177687835219,1.249567706513328,0.2058120822139992,4.779940604048719,0.0427705122125552,1.2826014593900814,0.2150375323823956,4.755565382188939,0.0356076722719195,1.394067214699029,0.1945832193656204,4.752227924696886,0.0361256619753963,1.410323789954949,0.1997159417114167,4.791886464338394,0.0358578854910362,1.1835475100111126,0.1663598265047202
4.71398610770406,0.0405069955409507,1.3961561478642002,0.2216879625123559,4.740029574746368,0.0404782395111338,1.3778831227491746,0.2186311721261663,4.725487808975998,0.0342445713837546,1.5116945501621668,0.2029242123306285,4.690345926435557,0.0343456507279983,1.5097547428892877,0.2032620205541618,4.692454401543388,0.0331692904353561,1.278011056174005,0.1661685685726311
4.607487534573928,0.0423539758232614,1.2998407968089465,0.2158054631250741,4.5558526435685724,0.0411727093898336,1.3308089034668686,0.2147846454937238,4.605330131183993,0.035628388914227,1.3983808282183678,0.1952988707834901,4.595085657845163,0.0348404633211717,1.364343977627868,0.1863313311903685,4.600972855666211,0.0345558434382051,1.2275108640555468,0.1662742237050145
4.700530716746593,0.0429208334299184,1.3011521156148316,0.2189143875502968,4.71075991064636,0.0421018052577909,1.3139038372689886,0.2168414914714109,4.686145250436824,0.0361253173970758,1.4396044487574602,0.2038604310873191,4.730422209398401,0.0349638196288271,1.4185370569262945,0.194418524725437,4.734634994936669,0.0352309518104102,1.2381813845228118,0.1709963079124042
4.656173830070012,0.0415334708030893,1.3128643994737987,0.2137451079108359,4.711817076188766,0.0416353381779659,1.2625757383714922,0.2060618634375026,4.65648177030628,0.0353515781397595,1.456638812548368,0.2018546555537621,4.694858184688622,0.0351842049837258,1.353950822648974,0.1867362870791576,4.699438465279921,0.0354104993830938,1.2199449245779688,0.1693364156232203
4.666795415507819,0.0433759051726688,1.2395716675893338,0.2107648960580906,4.627648702422554,0.0447920666855165,1.266354673251565,0.2223486746653026,4.682764087578147,0.0366192473615755,1.3761696532422372,0.1975420140712327,4.612716389105457,0.0377159714236165,1.3895851648610742,0.2054416780164283,4.619443928444242,0.0355675993805588,1.2192954497447424,0.1699971315710068
4.642799451657322,0.0407766976424759,1.2551049852158789,0.200618136574434,4.584988658459039,0.0423493906815184,1.229448750198746,0.2040965589535999,4.595446289754659,0.0345981272881608,1.3573417623622468,0.1840856309467379,4.580236965419997,0.035864881243034,1.3005137160931586,0.1828362986102346,4.629262234920154,0.0348538376737937,1.1590834527120428,0.158359235582341
4.751742498583411,0.039631957827295,1.2791540563833008,0.1987222364645819,4.648742813098488,0.0429174712562768,1.3680174923524906,0.2301462284433329,4.720515264729525,0.0336017452160894,1.428489735553476,0.1881555552344254,4.635392413163224,0.0363756727387541,1.4642012117639092,0.2087804756222905,4.759796659490627,0.0340281133589422,1.2633319712142643,0.1685130133006402
4.666519864319392,0.0397964198040595,1.3594861460600185,0.2120786139688085,4.743511008231603,0.0403347620244274,1.343385556597979,0.2124018329858923,4.6905543192845,0.0335102878900111,1.51891881395466,0.1995220080786366,4.733987769056316,0.0328544760327904,1.4247897787872794,0.1834946570052709,4.7082524438393945,0.0330742863851387,1.2842724557206484,0.1665044087746312
4.738804798002774,0.0425638219471321,1.2808375554252456,0.2137040523428256,4.760561688316273,0.0433616774640349,1.393285345759074,0.2368231921687365,4.727094698656892,0.0357419231940604,1.4410220234301534,0.2018954921057524,4.728226585418335,0.0372266265433565,1.4470484429004264,0.2111615491237616,4.742167157225127,0.0357706650238915,1.2684259500120685,0.1778566956621587
4.647622733107461,0.0418405392129508,1.272926504097991,0.2087750943730266,4.704308550533328,0.0420762110588782,1.3879903917272582,0.2289291898415596,4.693688062900698,0.0352992524538189,1.389772109340594,0.1923034991534327,4.669726045173554,0.0355679317049148,1.4357221564947138,0.2001737387219803,4.703168689106082,0.0345728011305224,1.2532881860117155,0.1698492371227873
4.694970417450209,0.0425639832643742,1.3088423949662282,0.2183774067067501,4.780228540871748,0.0427685000096635,1.3757974423109127,0.2306516699086542,4.696685177818776,0.0358794009284338,1.4547736411579508,0.2046061546312049,4.76609623300931,0.0356308233859521,1.481339337782296,0.2068990521627064,4.708120911104696,0.0349158667269235,1.262677211444986,0.1728197037360669
4.676637515851239,0.039382167090584,1.36051871480423,0.2100304279673255,4.680673206609613,0.0404060697186014,1.31588733132114,0.2084219243125068,4.681452204694365,0.0332712691455911,1.4576903695295698,0.1901134043303629,4.686249506609719,0.0346469698940643,1.3774975019734186,0.1870829310057568,4.6823075074321965,0.0335220554110506,1.2401739286273403,0.1629638677324241
4.6420197902699964,0.0435484881973527,1.3165629050171377,0.2247464207463197,4.632132499765894,0.0459077344209791,1.370331803395359,0.2465980763348844,4.650276271541802,0.036680718158178,1.4733589800264275,0.2118480598999606,4.603274627827965,0.0390701409933249,1.433477392026378,0.2195401279879808,4.611411388065821,0.0361183024813564,1.2798480947510928,0.1812023575192929
4.706915956687803,0.0418470374531627,1.330727667604806,0.2182890701545799,4.656208693248011,0.0410291410763082,1.3880666604527487,0.2232445344672519,4.715843449744101,0.0354379383870151,1.4550736564444706,0.2021303432349997,4.684200812287599,0.0350825068449868,1.4917074575124605,0.2051409518060871,4.62114199136367,0.0347568412146353,1.3031984435782071,0.1775533779435245
4.693788650408426,0.0428899913243504,1.2864710779221955,0.2162888203838929,4.586849471878684,0.0447589639245681,1.24366086610076,0.2182026800144607,4.6607740864023794,0.0368831453015215,1.3791353280139929,0.1993943828930154,4.643052412224362,0.0376855894901529,1.2839699076062616,0.1896741930227243,4.661761821982127,0.0366830649505664,1.2280253733399633,0.1765838745324429
4.668325141457105,0.0395149019221226,1.2814211916306428,0.1984864649138096,4.722248335811435,0.0402873235394669,1.2760223657321486,0.201513798564661,4.6491513286453845,0.0331458948792405,1.4698418468910637,0.1909758462264729,4.690690833523399,0.0341006758067253,1.3362116774447963,0.1786143450482712,4.721506149196115,0.0338497945236912,1.2619779242228035,0.1674502812444816
4.821806377147797,0.0417631833719502,1.3924414800681069,0.2279547435589567,4.7865268192766095,0.0422881418204475,1.3890469423392309,0.2302574081325136,4.789158776253182,0.0351909698669692,1.5384618954338511,0.2122247677669081,4.738375506072108,0.0361435707965496,1.457883676151936,0.2065532421655157,4.803443420027066,0.0345604544052905,1.3467341453372028,0.1824481239931219
4.787360395138316,0.0416463062531776,1.3125958041890828,0.2142819484903047,4.797346149014454,0.0413909346355491,1.2982088872300417,0.2106337199277864,4.758769548735642,0.0353090349662213,1.4068154528664192,0.1947157423706149,4.795960133580982,0.034661552099533,1.357775537197636,0.1844820315235133,4.770358638198474,0.0350831788777777,1.22859607365318,0.168960874063638
4.618130900187513,0.0419298418031208,1.2434794809220555,0.204380724235536,4.666710161688389,0.0418093249304626,1.281548501701546,0.2100323972039021,4.6345898554314005,0.0353888713604351,1.3682781938660382,0.1898100504047054,4.664329538806299,0.0355882587185517,1.3736024709420966,0.1916222296721908,4.644332087178862,0.035015301708252,1.2284557884037708,0.1686147218675139
4.701069928456742,0.04139881262626,1.2677458100163776,0.2057302508755459,4.756582148940756,0.0413385842015849,1.3047520531444543,0.2114275971324215,4.7030764452011145,0.034849968915703,1.406258566101129,0.192108093782806,4.74131076245552,0.0346966046464129,1.4195040193907305,0.1930641737741055,4.735118925183755,0.034273910765891,1.2389178307006308,0.166450173351564
4.689801955634205,0.0415479794373508,1.282899909477027,0.2089396049269715,4.740558130677903,0.0413925323220611,1.3087140844164675,0.2123463789687737,4.6828842842032445,0.0350684879254596,1.4048858041878154,0.1931239570111365,4.679883614274581,0.0357176853202024,1.4247235362351904,0.1994766160903099,4.652408111693419,0.0346410659521072,1.1654125978607257,0.1582519399125604
4.568596859962673,0.0418330873463644,1.4361088287961703,0.2354969876178205,4.606550737168876,0.0423022183484316,1.3976765450538715,0.2317650292711967,4.566499478564774,0.0352309846320131,1.5636996258778384,0.2159514875222995,4.606882072058376,0.0362882584181726,1.5564495276606327,0.2214008349173458,4.634167113819021,0.0347683230921449,1.3293125683836942,0.1811711088397988
4.688456696407352,0.0412645111628591,1.3277126884268398,0.2147627206185189,4.640326170975919,0.0421406971825737,1.3480171537615857,0.2226769282644412,4.682349258877618,0.034721060588454,1.4281418791306428,0.1943759030312144,4.632397412505776,0.0352076467457607,1.4412352834059714,0.1989069556947309,4.661702556870723,0.0346453099561395,1.2716627731766177,0.1727008581935305
4.783033999434786,0.041434934595541,1.23925292616531,0.2012818879866408,4.816676162084026,0.0415328849063552,1.3176704347541544,0.2145245436724461,4.786927874381108,0.0349383941751684,1.364651554839708,0.1868972026811405,4.800237023139855,0.0355497938797474,1.366556646214456,0.1904332645036333,4.779408744653853,0.0347313844337947,1.2276011241459703,0.1671311722394207
4.697694753082217,0.0423605230920019,1.2267055212112894,0.2036946962221377,4.722904884192479,0.0427517538212375,1.2911196241141296,0.2163707270937286,4.7069725218277325,0.0357466791353549,1.3791766695215009,0.1932563134399378,4.6451326618003606,0.0363369369869067,1.3610766845631626,0.1938692798086006,4.694161788473221,0.0355313571493268,1.1736365526907857,0.1634645223531189
4.730486397372171,0.0432773109599659,1.31229939186224,0.2226236414716254,4.554802647552435,0.0434105125292062,1.3964087387022384,0.2376214042362218,4.71395145350008,0.0368273508710946,1.443209374682819,0.2083425174328405,4.589605604375361,0.0366509242678584,1.4890791877106464,0.2139344926987553,4.6855651351265335,0.0356914768731477,1.2611688748989922,0.1764476382215001
4.733966127020609,0.0408251045020852,1.2988469351022989,0.2078563830024382,4.709649046130399,0.0397852481484354,1.383775109702363,0.2158070720163976,4.731155724621086,0.0344160542092656,1.4500246349976595,0.1956205810158384,4.72160492721875,0.0335640196813497,1.4289705435997946,0.188007567415202,4.755350151774827,0.0343100761719646,1.226414151112619,0.1649441517935632
4.700315053440945,0.040233927492006,1.3523875233327085,0.2132905779586173,4.669457423255827,0.0421195497584745,1.3190122287233912,0.2177763069387469,4.724970379866026,0.0340949388387586,1.4143962246716864,0.1890336372726198,4.692267274599192,0.037741728213248,1.3747623266903093,0.2033890144901471,4.711544907791658,0.0336373497315089,1.2566818883535105,0.1657010320135189
4.618072162150656,0.0431691775796307,1.4046489225935035,0.2376947842260875,4.671288025854679,0.0423209365905803,1.388569880961946,0.2303568323657853,4.56865448756137,0.0370537141454896,1.5214293822082194,0.2209844082149223,4.68309090785927,0.0351358064092587,1.5747514137581298,0.2168902449183463,4.655253792194728,0.0351148158479212,1.343651375009484,0.1849503181733281
4.651406019175865,0.0412098884856732,1.2951013856840454,0.2092104116711371,4.638775407630874,0.0417704350685208,1.3214621144483951,0.2163723700264076,4.647974700776266,0.0346248287723906,1.467267852477744,0.1991476213171606,4.659456051813604,0.0345847255354461,1.5443269696749586,0.2093638404017363,4.685900269538179,0.0340391557099436,1.26656457678013,0.1689990268213736
4.601270880690621,0.0434678207076972,1.3637775579238904,0.2323750483977187,4.67961934120332,0.0449150450027085,1.439318910292212,0.2534118720375928,4.61918548205211,0.0366325512781219,1.5259447572393197,0.2191210318288634,4.601266360301385,0.0373667607622845,1.6171053375122375,0.2368655214954734,4.679694004019192,0.036204773865188,1.3314744860837366,0.1889629997863735
4.633064417574259,0.0403314643940278,1.39569996475393,0.2206551891928317,4.659116127564417,0.0403028750736254,1.3112090446618452,0.2071505312342951,4.619581964881789,0.0339310622707235,1.5107585341121206,0.2009419438129615,4.6363949827887305,0.0334548505308643,1.4578192718824874,0.1911793002709625,4.660639332402128,0.0343274603732924,1.295607891563055,0.1743385163732503
4.785195285827136,0.0425809439358818,1.302871642719705,0.2174678210515747,4.837651018640457,0.0436070736104404,1.3754961867063762,0.2351226242683866,4.835229696064193,0.0362380639583053,1.3653444649360218,0.1939480010727209,4.734687496157548,0.0360295896149971,1.4198179075411606,0.2005257048493976,4.767051976351382,0.0350547796729747,1.274323059510536,0.1751075495052248
4.677668354738862,0.0403038529045572,1.288596534272789,0.2035830473139493,4.641959511394302,0.0406668218488373,1.3037764314130484,0.2078363208472458,4.67974770733896,0.0340181543371344,1.4464693508840232,0.1928848287103254,4.594757216849414,0.0345845512706272,1.4217971578598942,0.1927515475535532,4.6654084165947065,0.0337852115332685,1.2340185002096289,0.1634279750943768
4.673786241370377,0.0431833397745763,1.317105405922247,0.2229537833270869,4.618986872060237,0.0429548712744662,1.2917903300325717,0.217511657472193,4.691389918983338,0.0365486341778812,1.418500600134975,0.2032257629108136,4.673155995422107,0.0352635320809693,1.435858776673002,0.1984794848028757,4.690076809888019,0.0356681568028213,1.2642094151294332,0.1767574690100685
4.511571958215763,0.043656305240317,1.3484175174495432,0.2307541125551337,4.613556612148584,0.0444968777120715,1.290247872245196,0.225050911575754,4.506580320830503,0.036962069002162,1.4433171847712756,0.2091202756472979,4.575639320083905,0.0372785625455638,1.402068938413071,0.2048833244378442,4.593525399944921,0.0356983513470825,1.2021282612147153,0.1682197772350709
4.710329322509248,0.0414267287184391,1.3264303094584409,0.2153987428127159,4.771200842611193,0.0440051114066098,1.34900659297113,0.2326994108299742,4.683713202247028,0.035149869019977,1.4371372339312458,0.1980158886474654,4.7107028004175575,0.0379895581011551,1.38518125225876,0.2062761103186113,4.720479331431698,0.0353788788269656,1.28699665300831,0.1784841149112041
4.585575327363105,0.0436595975528498,1.350387832570218,0.2311087193413147,4.5742270937834455,0.0434187749173608,1.3028707070280516,0.221746601180798,4.59037989418439,0.0368999232930408,1.449667912665655,0.209687275205071,4.5421815587812056,0.0364165624799654,1.3877771656736353,0.1981056092351814,4.637274629459274,0.0359567649539402,1.2300820781332915,0.173377520946198
4.696127850325484,0.040669665543508,1.348230562693256,0.2149378277506613,4.571548225102726,0.0422063406792335,1.3564931938988545,0.2244261224149229,4.691430611135921,0.0345194151960517,1.4318749693032136,0.1937521870635832,4.606496456333347,0.036520878753614,1.387282075610444,0.1986022116539865,4.5929852369285245,0.0341664933528529,1.2812685605297751,0.1716005454674816
4.611089795797271,0.0408026491153525,1.2702257739227694,0.2031642868184939,4.552006464309663,0.043302483684305,1.3778177745834532,0.2338743947032204,4.593642167900796,0.0342745192901899,1.4110472257418425,0.1895793405747029,4.577902830973788,0.0375184877910313,1.4233265663839647,0.2093283102543232,4.60428695957907,0.0357045421269283,1.2463105516854682,0.1744326692757558
4.616735399375908,0.0412633330166768,1.3402290305031364,0.2167810983959821,4.774328807475518,0.044025393106333,1.3526125436185328,0.2334289625064001,4.607190330296196,0.0346338998372617,1.4970059175819603,0.2032371051827365,4.735301910056798,0.0373419273673789,1.4420806491759284,0.2110883988988263,4.655626791482362,0.0347868022046174,1.275672155173327,0.17395289888054
4.700146894535591,0.0428422285439967,1.354303567188207,0.2274396418046481,4.750499415263402,0.0445585070632739,1.3768786979416283,0.2404940847985656,4.691218885091938,0.035958427251638,1.5070695902067026,0.21242815722364,4.670513015418909,0.0375677618036301,1.456611077075684,0.2145048008492235,4.667139172701331,0.0358139297352244,1.2793885781469871,0.1796108355039778
4.672050463302461,0.0414741653082603,1.3553132901951657,0.2203410618796653,4.667742535316455,0.0426904867673639,1.355878781609437,0.2268976813482797,4.674215634772828,0.0347998488649905,1.4699166265565435,0.2005155910886075,4.707995479478816,0.0357234488565757,1.4422875208517356,0.2019683479075039,4.659943497255033,0.0350924593109329,1.2803234068777571,0.1761211761505056
4.590070668294588,0.0430264386953355,1.380582032497823,0.2328497117390675,4.623151812400238,0.042761125654773,1.303840985443932,0.2185505202017613,4.609801086208767,0.0365551163000269,1.5084724484148904,0.2161541803290222,4.618792880093257,0.0352920962545861,1.3898543265166006,0.1922758876919255,4.613814572687262,0.0348913862339183,1.289572335637874,0.1763770274133004
4.686905037454932,0.0394285504247155,1.2910910422882196,0.1995472583988594,4.731746723401369,0.0390017697088392,1.2708922334401886,0.1942992507965402,4.71117057444094,0.0332169376538529,1.3552953228659153,0.1764702974066943,4.707755934795349,0.0329016771383749,1.3865726171547037,0.1788293270566271,4.680197000773521,0.0327644445233526,1.180907391159652,0.1516689698389565
4.713334019618051,0.0404058095684183,1.252248645392033,0.1983409869390899,4.721531100736835,0.0420348687164945,1.317206816154835,0.2170409848586839,4.704470310695304,0.0339896866915502,1.3953535906064962,0.1859128987091703,4.647479900217495,0.0358602058813703,1.4087555756866394,0.1980279598470551,4.71640586591778,0.0344999334317031,1.21680691479403,0.1645576257931962
4.6981860096300005,0.0403626866641981,1.3988879262593024,0.2213304031072325,4.719606770047374,0.0416180477585147,1.3591618245217971,0.2217333194833846,4.730166637119038,0.0346422907030556,1.4600716753102625,0.1982708481594011,4.71582338177367,0.0360924068283607,1.4310516878241162,0.2024646704564976,4.761215073687204,0.033796726398207,1.2610403616529624,0.1670635515447609
4.501644270648495,0.0415160461873921,1.3412132188326027,0.218268919349252,4.597789812305344,0.0430400272897384,1.2712084576968763,0.2144704180873835,4.505522233311409,0.0355268716381039,1.4104019536654455,0.1964164938652449,4.560463458203177,0.0356934566800971,1.3327178475327228,0.1864682560292655,4.602525725404626,0.0347139372916569,1.1733064302492386,0.1596590026812437
4.62148701371421,0.0416037752620371,1.2547341967775618,0.2046268236474025,4.587895442698946,0.0419878264526498,1.2937039040137766,0.2129297621049135,4.633506527343302,0.0349859180536762,1.3773971515429364,0.188899384041,4.61711905605053,0.0348696333394267,1.3967401074893948,0.1909154482603896,4.617903927431703,0.0344720803229909,1.2874113369168354,0.1739654115845088
4.686494398850535,0.040480168190224,1.4283862666455842,0.2266553950299208,4.7370069759453095,0.0413547076523904,1.409533885234996,0.2284959793157298,4.66825013873466,0.0342123114570014,1.5426154981088107,0.2068798506327515,4.699713174572527,0.0353312260306741,1.430026045915873,0.1980526886238761,4.705747785024988,0.0335332725561353,1.284617734160703,0.1688604486040335
4.748288366812771,0.0424059851327577,1.3209114692501571,0.2195730095569914,4.7810715864788,0.0445462597786985,1.3385817474336117,0.2337406410862564,4.746002758666605,0.0356820583575134,1.4873500607107994,0.2080372869199774,4.732727391071566,0.0375365996936648,1.4566558298334022,0.2143334560616036,4.723010458337228,0.0354903063573084,1.2730685104825274,0.1771085840158054
4.584634787529242,0.0420625770543774,1.3477575022969122,0.2222213194167117,4.568917474623081,0.0427259192169221,1.3399692825391534,0.2244214398577871,4.564276996773852,0.0358509088058277,1.408491501104697,0.197939508159013,4.585334555860625,0.0361467957134636,1.4216708922176446,0.2014405798801093,4.583176788024863,0.0348224221994793,1.254424612427745,0.1712306991457027
4.734001117429222,0.0389730098455406,1.2922371013160914,0.197416859899884,4.705993452323033,0.0402815041765084,1.310771986034667,0.2069716763182235,4.719632727429891,0.0329008442115802,1.380386363600935,0.1780269653190703,4.673413991458128,0.0338138053264731,1.3739132628187407,0.1821090172118804,4.729914734785385,0.0329508860892398,1.2456227864783005,0.1608909917617845
4.657872069040166,0.042108022683664,1.3662351114651765,0.225511335634135,4.647148242846383,0.0406257484563686,1.3136406088355983,0.2091972769918809,4.627488145166431,0.035431974213838,1.5630445856338726,0.2170924921779828,4.595554342218465,0.0342160836360933,1.459563811384998,0.1957633879105592,4.60052432052167,0.0346260717219215,1.2810444362979827,0.1738783480843118
4.667654737194009,0.0415551828773582,1.422024346122108,0.2316382720100875,4.597259359508685,0.040864946994679,1.3603381395702097,0.2179093679866862,4.661983444484156,0.035040811723371,1.586133409079599,0.2178672530149067,4.609315442485049,0.0347824372066231,1.4889325652003709,0.2030079871516446,4.634820076903583,0.0348549829635683,1.3291617045822337,0.1816020645487707
4.636368435482766,0.0428066944977126,1.2928015728171978,0.2169310167055067,4.638351424987404,0.0427305870570434,1.32181533553389,0.2214051570055199,4.615638018572342,0.0362392195803813,1.4146115662921876,0.2009528305302235,4.675137697114058,0.0359731125652431,1.3601819229665446,0.1918019870311267,4.620557682821127,0.0352636163198932,1.1938382014508269,0.1650252525197914
4.636555923672853,0.0420293565908814,1.2627849898017045,0.2080464163132652,4.604191177995913,0.045197748010413,1.2561179816493602,0.2225488302411455,4.649007063366097,0.035313041214932,1.438173552256092,0.1990785669635701,4.590703045874466,0.0382856724380749,1.2809710561795855,0.1922443933766683,4.643744431532038,0.0354736069457602,1.1995677064302122,0.1668046686938581
4.564871886366876,0.04152392519377,1.4002284707786103,0.2279163024247096,4.574485804384106,0.0430059791700669,1.3280827799192862,0.2238886473657551,4.5795491587663,0.0353850274307929,1.49307787503509,0.2070999925516614,4.634298061533238,0.0344108204318313,1.4270953068248131,0.1924979424817872,4.644527597745838,0.0347532960669218,1.3153723623596156,0.1791937257902663
4.695784508682228,0.0419340111413173,1.4018988748074843,0.2304417581987015,4.684416961768452,0.0409978360874815,1.3781549398375863,0.2214813018346483,4.701486722485511,0.0353752402199174,1.5107268972609724,0.2094900719374381,4.665213985294232,0.0344864178676445,1.455115270589198,0.1967087013721802,4.727465233983895,0.0334473130669297,1.3120137928279476,0.1720195164641717
4.716349306860225,0.0397568078136361,1.3655808790324635,0.212817344681238,4.747019374713883,0.041569982861566,1.4258504060233177,0.2323442321526199,4.70003768508788,0.0334803947726881,1.4943452672912994,0.1961189725460312,4.713639874216799,0.0361571041067811,1.4221526718476798,0.2015663111736665,4.72341106929071,0.0339959971442216,1.3144727173176167,0.1751690792847357
4.683496431137131,0.0410584917742778,1.2855400265015196,0.2069029496860651,4.64809366430602,0.0431683961136643,1.356641204951626,0.2295667592637377,4.699312884569102,0.0347681540493935,1.3996669186750323,0.1907587280808235,4.594284170063389,0.0367568021616198,1.4844275138128022,0.2138822789087664,4.647165479729119,0.0348140687919703,1.2184239200486413,0.1662766577190443
4.70117504422512,0.0383481132021177,1.3031889343524852,0.1958977604374571,4.716430862358148,0.0400521344239052,1.33196226839501,0.2091200500389974,4.702506024830133,0.0325423289964433,1.4013906876858844,0.1787664209647088,4.750117895454937,0.0331806080502192,1.4744412868963253,0.1917740811010892,4.704738965898044,0.0323748516642854,1.206678186299117,0.1531360130069327
4.608693843075372,0.0407393872662474,1.3036441797506972,0.2081860616392802,4.621909985059375,0.0432101665493799,1.413657794770827,0.239446403958323,4.615300055951596,0.0343164217715328,1.4350842038679916,0.1930445155815282,4.66138566250033,0.0365480745417129,1.4627023408685755,0.209555249713052,4.636192356058256,0.0340927951233941,1.2782142959536378,0.170822221657616
4.684619995870109,0.044320884754554,1.3964774922563226,0.2426165643285304,4.680608098996282,0.0435545780338928,1.5127841899262224,0.2582788680084191,4.667116524202202,0.0374165432988597,1.563224489074882,0.2292783774613214,4.6650254078782485,0.037860260890948,1.5336132803344726,0.2276027733539776,4.675651394663292,0.0360684686777602,1.3476053558256202,0.1905322602016601
4.724865784062724,0.0405527483985879,1.3150878535225097,0.2090514317963706,4.736531239964936,0.0431820554063357,1.3239228494694415,0.2241011445840636,4.729783008228517,0.0344471838567939,1.4069029746506303,0.189974783215557,4.658218967292743,0.0371116693734377,1.3470499750836942,0.1959621904374275,4.722954086775649,0.034271535382097,1.1908389877673509,0.1599796318570104
4.653415448694232,0.0435383755127364,1.2333595107772812,0.2104941325777544,4.579579366361862,0.0453252199159001,1.2429168894945484,0.2208310290092811,4.64807738726029,0.0371207919814852,1.361254642574186,0.1980772938660044,4.536773748795322,0.0380397467004858,1.2958188152888737,0.1932235178602581,4.680074921099605,0.0363312799126703,1.1708597034345734,0.1667491558547018
4.760315143794329,0.0405123277054701,1.28501284789065,0.2040669876222932,4.738765039135079,0.0415807319417984,1.3636900103781386,0.2222725724053779,4.750804765422279,0.0343902999701721,1.3793142130247364,0.185941899004234,4.689258872320026,0.0353342059941219,1.465114752573711,0.2029294436274014,4.706353154477546,0.0347290204990237,1.2586786124177909,0.1713505386385583
4.658661365893628,0.0421513466857151,1.3357527585349156,0.2207067526238152,4.61262207361825,0.0442263528359858,1.3491526275942574,0.2338946545911763,4.667617489899555,0.0355869101624889,1.4452937147502642,0.2016157625290666,4.617193975342649,0.0369566670955638,1.474794894222906,0.2136498095074042,4.658574494966502,0.0351915170268196,1.2563611702963329,0.1733127769025018
4.578129911966344,0.0404945865220317,1.3771429047628387,0.2186019665034288,4.605643505648873,0.0423242388782304,1.3685539410312173,0.2270540031111049,4.601424302790357,0.0343215395071336,1.4756453718850515,0.1985303219360244,4.606836764194749,0.0357132815071947,1.4785239514954396,0.2069837295674631,4.62758979291092,0.0342480473707094,1.2889477694312284,0.1730410817932225
4.625747658703542,0.0416601984600231,1.3370663522346156,0.2183495900875041,4.611145197050472,0.0414226119928089,1.3291735775026845,0.2158227723112294,4.618837259106652,0.0349902601102976,1.490084007493041,0.2043788782939756,4.583557888404064,0.034926683221285,1.400869486465396,0.1917931568604884,4.619514472390201,0.0341456142400742,1.244891845791408,0.1666267173477739
4.718255713216637,0.0397562282149389,1.340185211720183,0.2088565419210496,4.712414382550297,0.0412691587358882,1.3611404246856664,0.2201945851713685,4.723474786723268,0.0333780407124124,1.4980629312312002,0.196005827873627,4.72773777131704,0.0354643405141677,1.3827459313685722,0.1922261041494905,4.708689099107324,0.0341708334532064,1.3168582087819718,0.176389477474804
4.70509293600447,0.0415461342147404,1.3499423833948505,0.2198487189293063,4.7561651353474135,0.0430553453664815,1.3418044146904262,0.2264615003962837,4.712023656602938,0.0349354444863409,1.490908982412986,0.2041716747465862,4.694240163509184,0.0369778796780056,1.4021196838690444,0.2032381242030997,4.716768155371955,0.0348840972046224,1.2493049057358825,0.1708338860075893
4.664488134102274,0.0434679772567386,1.2932992627748805,0.2203669941569463,4.735851515040873,0.0434033844973144,1.264813122436721,0.2151929531661756,4.667398164441378,0.0367892923657904,1.4174513154369608,0.2044126047643055,4.690554071207094,0.0367471738885817,1.400660836490761,0.2017599756293895,4.705884908974188,0.0359671984818989,1.2340803912831226,0.173991547159268
4.710011421634109,0.043337853697178,1.3117076940130734,0.2228345621428648,4.713620120076588,0.0429719169029965,1.2830337543727963,0.2161229545334765,4.723155430317076,0.036606870374153,1.3933738693977558,0.1999439878643112,4.736554144561562,0.0360806463782354,1.3467536778251663,0.1904761332681732,4.752307265057608,0.0360441096663471,1.2295318827094577,0.1737209452913137
4.70747565615959,0.0407913857766413,1.3644544652885873,0.2181753056994222,4.739830141045016,0.0416580772729123,1.418085009165993,0.2315685487696549,4.697147911075332,0.0344039208464854,1.4903848737657548,0.2009946328617057,4.742936588761857,0.0345322244064439,1.5138877526685626,0.2049256478511034,4.764696006505549,0.0342700854642263,1.3275624251633722,0.1783397797607011
4.77301701907765,0.0436973949712621,1.4032396275702612,0.2403618148955237,4.85522692529358,0.043135522076269,1.344607220699244,0.2273571332358969,4.737485127691882,0.0375039246480196,1.4815075752900386,0.2178004037919881,4.810078208912989,0.0364936356150201,1.468313079141215,0.2100457436067227,4.7843998455620165,0.0354513842284062,1.2670408395597583,0.1760767029041682
4.65571743599756,0.0440840167553486,1.4086893932219138,0.2434302191407999,4.634590298422076,0.0435361982280774,1.3767486281666363,0.2349542152313234,4.687281217694195,0.0370228423000525,1.510438664647185,0.2192052433199257,4.611496960890407,0.0365613847875891,1.455017295433998,0.2085301612059035,4.629764636102745,0.0356750294939304,1.229758631084387,0.1719738075855173
4.741060167062056,0.0415638305130543,1.2993759929784698,0.2117037205189371,4.773133636801257,0.0416710316734448,1.378012813743491,0.2250948689359949,4.722518629157728,0.0351301127605589,1.3781649931894062,0.1897836717409375,4.745747369120329,0.0355596316520724,1.4200642896350133,0.1979444578590964,4.747395444653637,0.0339398406510721,1.2236947339466977,0.1628024651722985
4.689668801564719,0.0426553666083291,1.3114763061519097,0.2192866608193294,4.716653699643851,0.0429739273440784,1.3493785998119243,0.227309166863215,4.714666219517524,0.0360870485983571,1.437284808627626,0.2033163415612735,4.709749165507719,0.035594893668795,1.47651017332501,0.206016606998898,4.702825798879976,0.0349733184397817,1.2733413319214368,0.1745660420336606
4.708560389149742,0.0431063454085272,1.3739004198229912,0.2321531321842666,4.688632139262985,0.0433782538987797,1.3968972197955578,0.2375278873906287,4.667138864818597,0.0367825923943554,1.4907346724055393,0.2149417467494331,4.619605744353287,0.0370743013374219,1.5060410243141733,0.2188708196702413,4.725631690880743,0.0354543662466302,1.3038038952783575,0.1812007903343422
4.775627363169013,0.0409409322840655,1.2568051550378487,0.2016990106721848,4.6660031502870005,0.0413832782055297,1.3356108790033805,0.216662088504229,4.770558688055525,0.0345777137923486,1.346004688197603,0.1824403658507551,4.652703053188931,0.0349969587053308,1.3495502567333504,0.1851388040227267,4.703034364304952,0.0340894293728031,1.190328497424755,0.1590613445908713
4.580869561794425,0.0435727641501011,1.3806357494904795,0.2358154810433808,4.662371824276958,0.0432052554547583,1.3871530260723135,0.2349303023387167,4.61760321916855,0.0367810566825223,1.5133829976862865,0.2181981876988599,4.563972195842319,0.0364456397391137,1.469248982997412,0.2099032018643546,4.671511002556046,0.0354035980334195,1.260189940230264,0.1748885980334299
4.760591669874762,0.0425965921857606,1.3540120473839057,0.226086937591442,4.622078585204875,0.0436944567438347,1.3917771069251583,0.2383823624024147,4.715817853498044,0.0361307487616779,1.5129403046519097,0.2142776333979255,4.569880154213362,0.0369384083597917,1.5163403066508712,0.219559859503091,4.714285175184541,0.0346006324509439,1.2888523291624354,0.1748096022150903
4.529686104742947,0.042615481875715,1.39902339149552,0.2337063249697202,4.613278994535213,0.0409063629527851,1.4054629026393997,0.2253659711705035,4.518929490338785,0.0358095908859087,1.5727589250075855,0.2207697696025303,4.5654673859058414,0.0351014167191507,1.519166271767132,0.2090297213734661,4.625641695112226,0.0340006098750695,1.335077954183966,0.1779391117852012
4.660438103592749,0.0416166841035807,1.3174893936649414,0.2149278470092135,4.620658811166117,0.0422143337081154,1.334090352239072,0.2207614658604123,4.663835809759494,0.0351866746852139,1.4109774295852586,0.1946150307451716,4.611096165206656,0.0356294733780587,1.4304424646758136,0.1997827027974219,4.622330308769518,0.0347751792184017,1.2446820450505174,0.1696703236620059
4.690464843051491,0.04024933566832,1.340895998061475,0.211559191118134,4.69792823986623,0.0405397205576417,1.3005493238675372,0.2066739143997366,4.692330134484479,0.03387941190981,1.5268734535077768,0.2027762065600846,4.69825614187854,0.034323109964756,1.3768907855684624,0.1852525573409355,4.667095551852584,0.0330920295501487,1.2479464767791644,0.1618815855446114
4.612388018672296,0.043013716154413,1.3943292430177094,0.235098786482295,4.503522599029544,0.0434867946489821,1.3729394169419908,0.2340382586140474,4.623888450578527,0.0364725704960548,1.4951298167907063,0.2137584844286279,4.5194388568024975,0.0368195533662243,1.524678401748069,0.220056829225431,4.622835368812512,0.0352320241880139,1.2973386319130589,0.179171542574016
4.686065198223082,0.0404618402166489,1.4799293903801178,0.2347278995203996,4.688350032020918,0.040938645797525,1.448333226561368,0.2324235088442152,4.6472602927052336,0.0342058679439887,1.5859474352140914,0.2126510298729812,4.670916699494706,0.0341115089803889,1.5231549553365629,0.2036681441162372,4.717954167823009,0.0330931370926757,1.3635411919134162,0.1768822636215369
4.81851942860905,0.0416125991201139,1.3208222960206744,0.2154504079312569,4.745927785302254,0.0436463651844378,1.3563958149535018,0.2320665841741853,4.777926974373301,0.0352246860830186,1.367087870105281,0.1887650763373436,4.691599271231798,0.0369501446313922,1.3806424525717704,0.1999748835095924,4.702869778532275,0.0350376203869149,1.2010370602871845,0.1649563727409604
4.7638917370233465,0.0418359194150347,1.3368322483663553,0.219232187842249,4.695562236265009,0.0422290593014176,1.280797744590264,0.2120166889969409,4.733286900710391,0.0353045021442158,1.5055489761634542,0.2083545870293809,4.6487519098837655,0.035869848121482,1.439077289623558,0.202344658351471,4.72548896023405,0.0347712327153018,1.2743319453593376,0.1736923714075082
4.75064019493365,0.0400683257957829,1.3231233699664346,0.2078163072192683,4.6623567882669725,0.0418222207822357,1.359402725392575,0.2228606091890559,4.7739676932523984,0.0339184823038394,1.442540582306698,0.1917973214915246,4.655770557474479,0.0354424078939507,1.4653304652627577,0.203580832078856,4.73208319233267,0.0344376386948028,1.2777545945737212,0.1724880066228917
4.672774769118347,0.0429735813127278,1.3771750206848277,0.2319897365701855,4.718451806601711,0.0421580421903253,1.3256282385283729,0.219068668025425,4.669137253140966,0.0362490168218924,1.4767034832059271,0.2098300179157512,4.684215881524117,0.0365875191210085,1.4010330959900203,0.2009367824113292,4.73313944565889,0.0349572509046352,1.286290591848291,0.1762602783021173
4.710987411736152,0.0404247679930283,1.2668125723261996,0.2007418802146592,4.690370269882598,0.042523677272539,1.306843057361201,0.2178373449890899,4.717703245304876,0.0343685206864773,1.4111931894231204,0.1901189459629119,4.655014969915875,0.0363226395487214,1.4018371779828849,0.1995965642646255,4.682928096830683,0.0348644392666269,1.2381345879028944,0.1692110137746732
4.758857979842207,0.0407062580071021,1.2383194950342582,0.1975931923235531,4.76124089300798,0.0420470373706009,1.2734000973541426,0.2098835330761706,4.74981903662867,0.0343751620069159,1.3889729891894214,0.1871615531836809,4.696353504331017,0.0356677856886382,1.3418762387635528,0.1876146285650101,4.700108753201873,0.0343490199915348,1.2438906940881391,0.1674845135447978
4.715658101277009,0.0451710344193629,1.27899045997947,0.2264672611263608,4.703063893658701,0.0457647897318718,1.3671544231792112,0.2452602292574765,4.72197141029451,0.0381636429901931,1.4145778427695443,0.2116190509701385,4.690834189463781,0.0385173182456531,1.46077343447957,0.2205550421966012,4.682314917212148,0.0374503413366246,1.264981179720741,0.1857025773114559
4.63356548893105,0.0403078817290147,1.364284271350533,0.215562362411281,4.730705353999873,0.0429933963526808,1.319520837233193,0.2223801884518527,4.647162078703775,0.0341008226088384,1.492609522139723,0.1995212468347986,4.712304248199064,0.0366747046885256,1.4510484613647754,0.2086059200792563,4.68617184261306,0.0347137409868938,1.237505479827512,0.16839400887436
4.813792112274819,0.0422695775830872,1.3330423121967545,0.2208767121768008,4.756643555167257,0.0429486422059039,1.3604938807272404,0.2290467415692053,4.824689932837756,0.0357062743870269,1.4522064981877374,0.203259569057475,4.726477092977146,0.0360110885275783,1.4527890058587891,0.2050769645207504,4.781582187844626,0.0351616811889311,1.2964430493810348,0.1786903758152871
4.616774776755997,0.0437143100034373,1.3338939809882264,0.2285719994455163,4.649465908442275,0.0451046456008493,1.264476101749921,0.2235681778522599,4.620699271763961,0.0368661488190091,1.439836626498354,0.2080746033924667,4.656413418915399,0.0380241355864381,1.4169231232518185,0.2111950448301991,4.625224727492292,0.0357850421405314,1.234246353136658,0.1731336449846521
4.519408071505333,0.0400372295630383,1.32863142911628,0.2085194767414838,4.551314310126163,0.0427393804648782,1.265953361668953,0.2120918672011865,4.530403660324761,0.0340941744322455,1.4169338190381142,0.189368540282807,4.571373656998966,0.0366171327882862,1.3841381163367192,0.1986743725213612,4.546272486277487,0.0342786141253176,1.214888924167184,0.1632442581489931
4.694985445552803,0.0432052263524353,1.3442138610155252,0.2276579080501729,4.738135613176792,0.0458172634047908,1.419793515319218,0.2549954439222129,4.675971072815164,0.0363437559371268,1.4917298904127356,0.2125191577190552,4.690125119603195,0.0388122564437573,1.51663886916354,0.23074333271158,4.662083895780917,0.0362835608883121,1.295131333591671,0.1842051633995762
4.7009570133288845,0.0454238520183241,1.3538694179352877,0.2410675894873895,4.645658075312985,0.0434216101219799,1.2970323346321195,0.2207673340858756,4.651445137761181,0.0382217604375827,1.4648103274901476,0.2194674745009462,4.639447836188988,0.035794477071216,1.3708781029792072,0.1923503355646217,4.704979608746895,0.0367787179556316,1.2591723541135398,0.1815347840827708
4.506260695260583,0.0439149704096854,1.3401596004318257,0.2306997920123878,4.498662295848431,0.0447032521170828,1.3771032366593572,0.2413146589691973,4.52439894201029,0.0373128272599425,1.4395086381377722,0.2105477087091486,4.5177591137426045,0.0378929443799816,1.4123939978765512,0.2097936323622276,4.538451798770273,0.0353694531203313,1.239814003542726,0.1718948909758392
4.701743502324114,0.039835650408938,1.2812996123713292,0.2000786248766844,4.693160356246368,0.0402584214110781,1.2731750546434868,0.2009198980711289,4.684659208492501,0.0338506148052527,1.3656940162719011,0.1812166318203781,4.607928441108669,0.0344297101320841,1.3449704375168774,0.1815198782840685,4.61961620558997,0.0328776393734871,1.2126518931356782,0.1562841241718915
4.658697470431866,0.0419240658930159,1.316882970854838,0.2164156499371277,4.610818655976957,0.0420940279632907,1.3429501711869951,0.2215942417512506,4.658469029228058,0.0355193217310012,1.3872185866508542,0.1931468589145933,4.638223218351805,0.0350619851535948,1.35760711556102,0.1865901413778061,4.636161731545673,0.0344608655007273,1.212915059044328,0.1638455518812627
4.716150516085876,0.042512145294656,1.2858236267985863,0.2142754962805128,4.693731629356129,0.0436255424063756,1.324536408235696,0.2265076252381482,4.7392673675199,0.0359811885385918,1.3961795191594693,0.196922279609791,4.68730836137154,0.0366720509638149,1.3927076248288717,0.2002042255148138,4.763049365652602,0.0361674016554381,1.258416513988054,0.1784102512135953
4.661585683808943,0.0397222443307524,1.208572860767042,0.1881848697455834,4.627992729429516,0.0402851265193668,1.2516378289730854,0.1976521301516846,4.631299566967629,0.0335203918320527,1.3606940592945476,0.178791826879765,4.649780725663256,0.0330921702767609,1.3480861618874649,0.1748722861440053,4.684523013263766,0.0329890768524865,1.2032268947082936,0.1555950512938835
4.613041934962952,0.0418518044991637,1.2581612940939828,0.2064089835114334,4.6871224194326295,0.0410430921810316,1.264785874231846,0.2034862958662822,4.60038196559155,0.0353300363297657,1.3834665463072118,0.1915979387790528,4.646967350497785,0.0359654046107442,1.3785145613544467,0.1943454579177705,4.62502444755026,0.0336837102864021,1.1982747651263792,0.1582174655890506
4.700300504204726,0.0426376579836758,1.374341694144824,0.2297027266229328,4.650597527014282,0.044137972148,1.2836730325409205,0.2220981190850753,4.675364069872144,0.0361803945395532,1.488070318976322,0.2110448892025711,4.6736557153721,0.0373662228960624,1.442602231507241,0.2113021356111232,4.730788579323866,0.0363175571396024,1.2238773316824916,0.1742338792597033
4.707946263681532,0.0407166867138501,1.2694620232540674,0.2026143638292915,4.75451769581095,0.0425914787159647,1.3176239551281526,0.2199846040077047,4.69571122938218,0.0342488235578195,1.403850850881578,0.1884710779019623,4.681572049795236,0.0359656869149255,1.349967601996276,0.1903223502231574,4.721187089833139,0.0347180785852509,1.1989683483330078,0.1631704408172871
4.69648109516072,0.0402359384728819,1.2751707455693575,0.2011224555714708,4.642086439320739,0.040314496753746,1.292123562479584,0.2041941875818247,4.682451739394899,0.0344602728424347,1.3811898147033104,0.1865735888220474,4.685856448342127,0.0341527316217881,1.386193474594202,0.1855783812486977,4.712747617393828,0.0345824185769998,1.2399040791686695,0.1680821282903664
4.690402828642177,0.0416497323656269,1.305894361856773,0.2132054728503483,4.717243006543099,0.0425559605770392,1.311124405031542,0.2187169222404736,4.673209441789328,0.0354491815040042,1.4164138594639235,0.1968223742728084,4.650275527697115,0.0357067269952899,1.382323031791257,0.1934807106538583,4.626791587018421,0.0347657664926931,1.235256717404196,0.1683399213131566
4.745351757766817,0.0424622585507595,1.2911959397538184,0.2149182664212409,4.717653265730608,0.0438295923788203,1.3294193735077546,0.2284060071349953,4.730441501387378,0.0357165026002493,1.4402698803668923,0.2016465941029917,4.655716616700476,0.0364392123801068,1.46059757856468,0.2086304257359012,4.731808964325321,0.0347570570995745,1.2592982603647846,0.1715732932828442
4.751331485093622,0.0417167513882399,1.2871307728012844,0.2104801969620874,4.733345889164569,0.0416440260463693,1.3297177995880138,0.2170652378090518,4.7195253486167,0.0355880587284143,1.4336460230008323,0.1999973860738282,4.717069401082799,0.0360025096519993,1.3942073170829925,0.1967606369801459,4.708777504121262,0.034304886064027,1.2347507176409156,0.1660402410452394
4.623062925094034,0.0424060100633894,1.341814864430898,0.22304787877308,4.6263466289375375,0.0427440778556708,1.324316385929737,0.2218941187750003,4.590648610756105,0.0362862545918769,1.4555709280258904,0.2070396872291113,4.607268216601981,0.0359065961663394,1.363267087848428,0.1918815747639674,4.673686094941925,0.0359691432187956,1.231589327435999,0.1736497236756637
4.623757091456321,0.0414799652308852,1.2913568570999023,0.2099726567622833,4.598310651101271,0.041475121973342,1.3798935748275218,0.2243423945388177,4.596460523244554,0.0351776939101667,1.4329226753598443,0.1975914770048479,4.627169937550545,0.0355790322251167,1.472199143725812,0.2053235565056647,4.6203695156103874,0.0356546736032715,1.2709508544028,0.1776328603822887
4.62175722989865,0.0436126298091308,1.2860770501357488,0.2198656328340332,4.642440909001178,0.0435370717584782,1.343273026234531,0.2292459100820519,4.641256267714703,0.0368775796158103,1.4127631950273911,0.2042254530758212,4.643090856204798,0.0369654894410097,1.46531454417115,0.2123270900646419,4.640784370193425,0.0357828594694323,1.2365471975795697,0.1734458156592461
4.666054427249545,0.0422381407178415,1.3773242614675558,0.2280442241591243,4.710935207751231,0.0430638690983578,1.4373026653769907,0.2426271318267329,4.654342558656085,0.0359649738213872,1.4655583147652789,0.2066145677221265,4.665774732015026,0.0372221907130892,1.516566124228518,0.2212795948005768,4.735677656608322,0.0356563696439027,1.282888805306422,0.1793098822980896
4.611996605101849,0.0411845053064189,1.2967842438259054,0.209353229893407,4.6284341236489945,0.0422407338850521,1.3319662807540649,0.2205478214876005,4.630959588819606,0.0345837606407578,1.3947979432156228,0.1890869696034454,4.606902315749584,0.035397241179495,1.4269359705822589,0.1979939808050026,4.642886088108527,0.0346512920357626,1.264591991838036,0.1717702495712011
4.617929546175538,0.0433270065719618,1.2415738325391776,0.2108673413917611,4.553784997988448,0.0442413014664577,1.2802618654056457,0.2220264886184104,4.611799340375879,0.0364985173563294,1.389148112098621,0.1987475861007374,4.562406880561883,0.0375259349805148,1.3666432394839163,0.2010318020836018,4.600631203809339,0.0358587141398574,1.2273464602835291,0.1725202080523421
4.644337565739737,0.0402984639850718,1.3129039772096742,0.2073956024615588,4.635837624621117,0.0406903104650235,1.314045137611378,0.2095942546743043,4.654150584288244,0.0337959800952335,1.4350767545003662,0.1901158221994485,4.668605145682876,0.034142704116421,1.3807488276156703,0.1847951991095323,4.621133955007043,0.0333115764425048,1.259268676983712,0.16443401962716
4.7436653545400365,0.0444707009733854,1.2919320767740603,0.2252121118499956,4.705712287417513,0.0428976314298256,1.2679304318979727,0.2132096345481188,4.731570985468448,0.0374579707077241,1.3971356670410204,0.2051449885551239,4.688147321566191,0.034919849569236,1.4091277665343445,0.1928860517627603,4.692832996060742,0.0348611882284065,1.2105668164046262,0.1654280069526925
4.654787223820012,0.0427920622079378,1.2709774130482756,0.2131960409349901,4.609531892871244,0.0426194809663181,1.302189532181426,0.2175506789486378,4.651728821509784,0.0361751745706216,1.4239646782695792,0.2019239991406509,4.608551318415872,0.0368457621193305,1.3248229805178,0.1913478044448759,4.663502960087238,0.0348408297076539,1.2274933997360602,0.167643122410975
4.605860086049026,0.0424929413946574,1.337299209920099,0.2227529524476977,4.658360788339309,0.0428870746067528,1.362054876809769,0.2289808248976018,4.591143794729137,0.0358507720893793,1.4843678635182271,0.2086018439911496,4.611317408206325,0.0367649189130781,1.406174338447543,0.2026519874339954,4.602114276483066,0.034815625985812,1.2951822786034837,0.1767596725774706
4.743696854914781,0.0408876530497336,1.296098879612561,0.2077343926880114,4.708232225805147,0.0415006486861549,1.2787609918450715,0.2080282672119266,4.728205967876474,0.0349639439427847,1.3556007845365332,0.1857934133098717,4.689175378366554,0.0340332280451471,1.359143056361508,0.1813202884217943,4.726089337561579,0.0346812190751665,1.2521399929146697,0.1702257783195399
4.684617360795506,0.0405845654956795,1.2735158766604189,0.2026018240194914,4.7267659800897714,0.0408854510726212,1.4367844926081486,0.2302706103775166,4.683943674779823,0.0344673591567337,1.3172138559322204,0.1779681913225057,4.704657001604326,0.0350666146832,1.3726112222179798,0.1886772219983301,4.6898418253319925,0.0330446390525538,1.2478649451305113,0.1616391968440849
4.612818741914198,0.0416587928759473,1.368066274730264,0.2234044939664271,4.559383826837912,0.042495464820114,1.3416801784712815,0.223495958604206,4.638435480679724,0.0354340495059929,1.490064855049689,0.2069684016537727,4.601621588786807,0.0358855058699575,1.3798382210036884,0.1940999082144237,4.6058101720009255,0.0351462582188378,1.2931680403104344,0.1781607962245924
4.623907381489702,0.0430087055094437,1.4023998639333073,0.236432034223271,4.579754970788787,0.0452126030527607,1.4241203930466044,0.2523970669776603,4.611264017509774,0.0364201343662973,1.513009623887858,0.2160037649012237,4.574154384880995,0.0376717137580064,1.5247228096412695,0.2251564339024935,4.641130111203718,0.0359001673970633,1.2832665786797368,0.1805890627320819
4.617036432197685,0.0404913091165586,1.4290951176147977,0.2268302859477534,4.687873654317806,0.0420826562181628,1.3392723487049545,0.2209276806329518,4.610437451682663,0.034089391873438,1.581241850910221,0.2112981238372913,4.66580837687998,0.0359128544036292,1.509968759544836,0.212567063763551,4.615686299384754,0.0343324807222245,1.334397816505975,0.1795843942929771
4.690281698891201,0.0421253429667367,1.3747365133706613,0.2270079172889671,4.70195634551039,0.0430333112949872,1.3759943558839665,0.2321130211414418,4.657909144913171,0.03557815834931,1.5421419455860697,0.2150730036321903,4.6578025428718615,0.0357528233083079,1.3914265495087434,0.1950063327256424,4.640835812729257,0.0344200213505297,1.3201150401521475,0.1781152074705176
4.6898077332046855,0.0427718578512529,1.361720739418269,0.2283096422057025,4.673317890274173,0.0406261832779691,1.3830524675348002,0.2202534733905063,4.648706532575605,0.0361437665193875,1.483692488320958,0.2102109779999832,4.64882960202976,0.0338303603002666,1.4889090443613178,0.1974480631251069,4.694738829628494,0.034463884985493,1.2585368529596834,0.17002322757948
4.6862578194048,0.0410890832446458,1.3523064995018514,0.2178109321742676,4.650354344296151,0.041112181509712,1.3135611002013503,0.2116892906003847,4.684393004846314,0.0347715729157605,1.5099392780425052,0.2058078358861441,4.69248866752347,0.0343732366233546,1.3917938921113526,0.1875311602827758,4.7020021655605,0.0345935515796373,1.2545399730325573,0.1701209275326015
4.688785565998471,0.0419859466843829,1.2359811942664731,0.2034201168983889,4.722867280449254,0.0419510829313548,1.3305404652547197,0.2188010239395431,4.685285634168523,0.0353232107555328,1.3870993714083022,0.1920639401808573,4.705113952574783,0.0351475413021744,1.4206229528840282,0.1957275067273737,4.6537562321155495,0.0343460944831891,1.209410548351744,0.1628280414751536
4.743285794956232,0.041308306934536,1.323853756223793,0.2143657975160254,4.679605735785123,0.0413330976371382,1.358308880183261,0.2200769611386304,4.687252278873556,0.035059496812187,1.4286933202619767,0.1963463261405691,4.6646431354910005,0.0354124643291139,1.4452207536110866,0.2006173208109078,4.726956303996219,0.034371424093784,1.2766079974044755,0.1720018720979576
4.5725756736322944,0.0407629540397274,1.304848525182418,0.2084989321191965,4.581464660354454,0.0403325244030901,1.290001764945235,0.2039500407468336,4.595153172420667,0.0343639966220232,1.427098735625816,0.1922364667758312,4.542638919261592,0.0340822206811108,1.3328586467864063,0.1780697154101503,4.564330383217935,0.0342516047484168,1.1851933133262509,0.1591285857617519
4.620654641752956,0.0418024318627743,1.2996074936425386,0.2129569613032213,4.633594380494528,0.0423663828180918,1.3041444612269577,0.2165834034541929,4.634850733747028,0.0353055140894087,1.3864157426437524,0.1918731067217441,4.611462070755959,0.0361608567189743,1.4035990493917638,0.1989572929803752,4.653063389643838,0.035478797917085,1.2460428701022468,0.1732925801324395
4.686025732399983,0.0412693215873981,1.2598260389064335,0.2038055454561856,4.727478687408934,0.0419793012438991,1.3415903407898595,0.220766521531555,4.694719178102669,0.0350986972695548,1.3817026700794952,0.1901006846270518,4.712333373608776,0.0359403073995168,1.3355923483255068,0.1881628126729318,4.674747047728037,0.0347671505187245,1.2266837063895812,0.1671782524748717
4.591095901715605,0.0412911751530167,1.3963987538039566,0.2260189132380655,4.662534601050262,0.0420623662470606,1.3930248269652024,0.2296839476411986,4.636740109993284,0.0348702363798978,1.4844755520787718,0.2029112039230689,4.653951243109707,0.0353797228054498,1.5221875187983889,0.2111060448997738,4.648669937655993,0.0354016697794067,1.2893473298126703,0.1789253018770479
4.585547756305378,0.0430353808245446,1.24043861920216,0.209256528389531,4.6845195816058585,0.0423113211264535,1.2903936836379288,0.2140212524265684,4.585114587703733,0.0362315751493514,1.3842944562041075,0.196604648262723,4.694523514895611,0.0358453189197198,1.3757094375780534,0.1933024025986679,4.64456921935927,0.0348361068618012,1.2337172635917275,0.1684702974742478
4.686788826902213,0.0394887852801147,1.3613194917031195,0.2107229920179781,4.724145616287743,0.0410776561846164,1.4144187057644555,0.2277517556933533,4.68360313378501,0.0333070340769953,1.469466084852142,0.1918552178461532,4.6392316841442085,0.034382814368663,1.5374428361274393,0.2072137099465291,4.711352507817459,0.0333473440560424,1.2789843318744842,0.1671877916132832
4.6607851731999,0.0460616768878979,1.397678186783764,0.2523626147414772,4.654959282271688,0.0453871032804739,1.3081818911909346,0.2327441026860128,4.677428370213305,0.0387413086036265,1.4609900693054891,0.2218705381977261,4.621479684308158,0.0379238569993012,1.4271150505144257,0.2121531933849093,4.707273712721036,0.0373329709312952,1.2889774351473846,0.1886322536747953
4.6346490749359335,0.0410845973229446,1.3699315835638577,0.2206256487625988,4.644078445856025,0.0406354343431449,1.4420099852048371,0.2296948513633728,4.629641136510175,0.0345686327880629,1.555933209517753,0.2108391420593768,4.579631326382349,0.0345757663006629,1.541537507649798,0.2089315359476177,4.617251246033253,0.034465330245145,1.3314719654551672,0.1798840088545192
4.623778770340327,0.0425508246703074,1.363660318515989,0.2274533152174319,4.695733100618208,0.0404091862447013,1.334747663371554,0.2114254972574197,4.617961508006298,0.0360243199806528,1.4196946212206076,0.2004789666581279,4.599836030402921,0.0345291295105627,1.4139719927860397,0.1913835137062158,4.653639133915941,0.0344697304207517,1.248815911586651,0.1687385827767143
4.759279808786261,0.0417713336799893,1.3532073785653518,0.2215750140695501,4.655530322582447,0.0435452751474645,1.2374027538228998,0.2112176488179368,4.744570849199919,0.0352826984358537,1.4599761697232947,0.2019229333164643,4.633622062769329,0.0372173105408383,1.3695551875244258,0.1998032785107031,4.713168407394986,0.0355637916180321,1.2285040676260697,0.1712626825889869
4.671692344721886,0.0427268450518036,1.3117069341176173,0.2196927508154548,4.719514975243726,0.0416273671408908,1.28897760768418,0.2103305719722726,4.677654681686238,0.0359867455146597,1.446643377141802,0.2040713993608283,4.639584346234357,0.0326321806788552,1.4454824223224332,0.1849000371634681,4.632447967218475,0.0353122439090372,1.2215222799419598,0.1690848883117704
4.672078105576845,0.0410406806965485,1.3735190652405582,0.2209669565633747,4.676156781293229,0.0413868801261832,1.3705871805509695,0.2223552772827915,4.670880107966236,0.0345220899304747,1.5114115918834394,0.2045304222725247,4.662728787402172,0.0344481110843636,1.4536679875390488,0.1962947689242287,4.727892109620436,0.034007437537978,1.293746394950205,0.172465069743351
4.629803049874224,0.0410332696583131,1.3698041845685258,0.2203295256980511,4.63792723254122,0.0423123472978694,1.3702522476894268,0.2272718925893922,4.603617990906524,0.0345562792443221,1.500208546390245,0.2032154375788474,4.591962582063421,0.035995847624793,1.4320831206663265,0.2020685464011807,4.641731327482436,0.0347940181047327,1.2739112161961794,0.173748807753213
4.666710915970728,0.0415701949903505,1.337933783842116,0.2180192134238737,4.692441982688699,0.0416285262677906,1.2829430268551747,0.2093517008172773,4.660094418954289,0.0351542473862585,1.4293887202460938,0.1969727924682287,4.624537900167185,0.0345191097723589,1.2929982129378383,0.1749587222449776,4.638263915433813,0.0344294925124483,1.1567904214438385,0.156121743215621
4.701753382793447,0.0417278463361835,1.3691774558362573,0.2239565644876326,4.736157422347339,0.0417506175680783,1.4420448760999107,0.2360042187085839,4.660597391313817,0.0354456326382884,1.4448774462609382,0.2007575240222512,4.706955000862351,0.035575720514799,1.4857578704376395,0.2071952671336859,4.698060296273661,0.0343423045630834,1.278648111122017,0.17213079061397
4.640004637120603,0.0409838328292651,1.3639643901013976,0.2191258885484136,4.602639790214821,0.0427228563588623,1.3469259152289703,0.2255703828323541,4.648571010790669,0.0348104572664872,1.48279619261067,0.2023341909047541,4.600894424666715,0.0359530180006146,1.4444708059725018,0.2035739519750104,4.65143216174373,0.0348692150443289,1.2859787257993336,0.1757737594873001
4.667514081545216,0.0403231043025909,1.418555617187829,0.2242220989452975,4.667016796304394,0.0428751022521464,1.3318576293534454,0.2238417323918728,4.653194181298389,0.033895566037437,1.5575247803605428,0.206945478725198,4.6412072972407055,0.0360562408371255,1.4652103387830036,0.2070897038688182,4.648803355346025,0.0348017891527471,1.337409162940818,0.1824500356386789
4.698126132780157,0.0423607116546434,1.2408732288758768,0.2060481640966983,4.667776947843764,0.0441969160917158,1.2082264205186342,0.2093236899290257,4.698556968737927,0.0357534686885335,1.3858474059952957,0.1942279301529882,4.65444108277513,0.0365076775701376,1.3285388375258689,0.1901238270434817,4.695369134062735,0.035454366339097,1.205251367831909,0.1675041022374317
4.7410791613339205,0.0428949297711771,1.286235527236862,0.2162741176705808,4.6983268112549466,0.0418789387752522,1.3670010917302051,0.2244102120369059,4.7166277076234895,0.0359898485825462,1.4565301916580464,0.2054838042479203,4.6661205347582255,0.0362766904849438,1.418306625447214,0.2016860581225003,4.684191604717888,0.0341856933747424,1.287875046631918,0.1725822823824209
4.729865450007288,0.0403494055781791,1.2866157250821848,0.2034998450551277,4.685296725085749,0.0399865894169053,1.2777279066300722,0.2002768860582353,4.752959418125062,0.0338658712975298,1.4058730181746717,0.1866321401287704,4.651177621440206,0.0338031465445336,1.368881910342117,0.1813849289525464,4.74100531761411,0.0340689930464544,1.2245274856471475,0.1635331950872703
4.724310935607107,0.039456412691237,1.3213923887060277,0.2043748658849815,4.698498998291,0.0411433307709132,1.3123394784611366,0.2116526583658022,4.704806372485087,0.0332623622455396,1.4897703697862,0.1942452949053358,4.721768627504314,0.0347379050138517,1.4569105638492577,0.1983876359738846,4.6944027200328895,0.0328165555769404,1.2573701832143436,0.1617462571330603
4.614106181788115,0.041138322811244,1.36662298978632,0.2203806150232509,4.620711689956143,0.0403625867239987,1.313750974588693,0.2078596200311693,4.589981333557755,0.0348404733115323,1.4302670341850066,0.1953346379111522,4.593653107406695,0.0342093497821536,1.4594202015925497,0.1957056031267853,4.641881282281609,0.0338215086888463,1.2477757718886369,0.1654274638894741
4.659794608745226,0.0416196518468179,1.3342701034322846,0.2176808801131647,4.535914781066381,0.0430491816063668,1.3104988156379334,0.2211462702272758,4.661882864120262,0.0351747968866356,1.4020742824745651,0.1933217457778707,4.557783976718696,0.0346309964059942,1.3595855183878671,0.1845651092181412,4.675128552125588,0.0349101993580652,1.24514305106359,0.1703921821425369
4.6670774390208845,0.0425860585699575,1.3329631149377013,0.2225172406329254,4.660140046318561,0.0414437085548625,1.3918191243714553,0.2261098580159666,4.658695523716984,0.0360336688876179,1.5007432895892228,0.211979068950188,4.655564383384955,0.0351428606157783,1.4490244327796846,0.1996139575658187,4.682062532072714,0.0353794353759381,1.2634201175258168,0.1752172146540063
4.722418611119318,0.0408948110914421,1.2608376572014242,0.2021182197702916,4.768303288441329,0.0424065811209364,1.2247379225294228,0.2035890953432888,4.729132541496409,0.034550256258164,1.3602421351266945,0.1842237350032098,4.772453523014051,0.0362819232167086,1.3416133186100054,0.1908076345368138,4.724290557714255,0.0346089126528773,1.2065882106883064,0.1636911195694703
4.68152465771459,0.04332387718883,1.2774938836050511,0.2169522868188874,4.616199536471832,0.0431831077633673,1.2615567183317788,0.2135495995957876,4.669394283055184,0.03647517013642,1.458629928437723,0.2085549649220524,4.584457623066075,0.0373981181854177,1.255871745609193,0.1841081975811367,4.638149332445797,0.0365070220328118,1.2445326774086976,0.1780987202829623
4.7583425857985215,0.0432567099095613,1.4042805120011057,0.2381142790918293,4.6806739875889845,0.045017976875798,1.4624334083350827,0.2580715677538295,4.7686961396407535,0.0365524485954434,1.466037745929406,0.2100582359001867,4.705393422675462,0.0369104415489394,1.5103341671282131,0.21852462038603,4.721015153375956,0.036488217578521,1.2705127558197602,0.1817229445497898
4.746326005784403,0.0415508249046671,1.2716886873721926,0.207127872717207,4.660451526180364,0.0410113150127866,1.339655967104395,0.2153649698180782,4.758928121538358,0.0350862434467207,1.415758886056074,0.1947171728375525,4.681734657744876,0.0348676669905734,1.3707455027939843,0.1873517723673249,4.7104482158192615,0.0338165264635551,1.234028193173086,0.1635807385510546
4.600953902231961,0.0409152010934571,1.3522620456579022,0.2168820629022076,4.626420859736709,0.041422913055247,1.3097319651554438,0.212667512320529,4.638549205481079,0.0345225948504246,1.4556132117878486,0.1969824373993262,4.63202869351762,0.0341044747433937,1.3788214371021683,0.1843306178584195,4.623627935156031,0.0339261317029924,1.2411080982141505,0.1650524745131594
4.7315253272514095,0.0419930148839597,1.3594266385930696,0.2237746664393464,4.668853992923262,0.0428235865503478,1.4136933632365438,0.2373101660670338,4.739300561825115,0.0356064618973604,1.5090270698883312,0.2106220999733413,4.62902600973806,0.0363605710365621,1.485332180207028,0.2117056126933358,4.721103192010284,0.0352315605590028,1.2740649630149592,0.1759549705769284
4.634311343338789,0.0413985754638543,1.3740574544393536,0.2229812657711989,4.627262245082615,0.041423090467413,1.3101230409454867,0.2127319243033666,4.622847292815769,0.0347955411424842,1.4857562622975775,0.2026512333253235,4.652971518868443,0.0353065074717847,1.3860346273922326,0.191825759450335,4.6356745792995016,0.0348153905880564,1.2181711447865662,0.1662484735878193
4.653453772885014,0.0415502624268648,1.2855355101822374,0.2093803567200444,4.616630390464687,0.0416773626920212,1.2201517741866874,0.1993389525184614,4.652275331487648,0.0350737355694154,1.4224698433220069,0.1955704243508874,4.582222612980827,0.0344016271828258,1.31364553368582,0.1771475969004775,4.624392860560048,0.0351242081622986,1.1785468001514632,0.1622674689415102
4.629345940762651,0.0416326229187083,1.3587913646745953,0.22175051536929,4.6623035929673,0.0412385311931679,1.3449925543882932,0.2174208330099422,4.631819299980883,0.0350353057414473,1.51631603607272,0.2082445894103981,4.700985571714105,0.0351431055421169,1.371472437653099,0.1889319067163093,4.650531535194275,0.0354947204073046,1.2689958860357011,0.1765639598937851
4.642972571257786,0.0415245318057468,1.3387906800118454,0.2179192078095228,4.757090749728989,0.0401146703668375,1.2919124050523951,0.2031488568877881,4.592732508386918,0.0349926850998838,1.400977952624282,0.1921704716436013,4.685675448640615,0.0334682889193766,1.361036191444683,0.1785588046209668,4.651078852341795,0.0340434614879145,1.2127734433076935,0.1618420896213562
4.691992336098855,0.042878339733453,1.4050234454451953,0.2361563451908819,4.743368789241689,0.0440357963547701,1.3717293529929069,0.2367840111719228,4.685863219921051,0.0360695914906011,1.519839303838575,0.2148903839238118,4.687201209009508,0.0374437173052978,1.4498788330865895,0.2128083938838428,4.697970646054576,0.0354409758097232,1.336248231993196,0.1856397185260833
4.672775461063622,0.0408772074805746,1.2757224490472223,0.2044162909839955,4.719250184519348,0.0406334842920208,1.3524665797950175,0.2154213252501477,4.642620493543042,0.0345682090547418,1.4361062729767533,0.1945994218510694,4.662170097121468,0.0349544697773257,1.401779343134119,0.1920704090378275,4.663521753761664,0.033537583152471,1.240137827928517,0.1630346082025015
4.756290774821637,0.0422586940548909,1.3473265426660166,0.2231860386503499,4.745220730924289,0.0414411209362536,1.3334404275308125,0.2166123424171255,4.749548024588774,0.0357967354712617,1.4467980179109172,0.2030156015079432,4.706171439328511,0.0354170913321338,1.421071345630082,0.1972908121280362,4.720247249589628,0.0347704700222738,1.2461793236906178,0.1698514228846023
4.607810553148751,0.0431473169282065,1.3663355219296212,0.2310943037461669,4.677100022511405,0.0423736307884453,1.3356838390633536,0.2218591966888158,4.612253623983223,0.0369077719255199,1.3948061916235936,0.2017947120056021,4.658289251286504,0.0360460633818716,1.469680986767965,0.2076629429552382,4.644493194464723,0.0354794522775154,1.2343558400167374,0.1716703804063467
4.661847898783248,0.0384645559083926,1.2860114215000176,0.193902601155515,4.674901232394415,0.0391735921109537,1.2662700937866338,0.1944454717258547,4.654756642449398,0.0323597669022957,1.4208927376805809,0.1802373385510234,4.64582484306017,0.0328983898987797,1.2934874099492608,0.1668072551365799,4.636937511540833,0.0325049369201724,1.2172253510846875,0.1550952163948331
4.706186049708691,0.04060595759277,1.2752964044329267,0.2029920262344743,4.813183364052507,0.0422585239527804,1.304497729725045,0.2160905315599086,4.7106268816410255,0.034159249836929,1.4083815180056816,0.1885848187119611,4.781596178049495,0.0356247231784943,1.4181008644031208,0.1980326079129863,4.73374953640006,0.0341242453880627,1.247296524753779,0.1668441006590754
4.823821808157792,0.0428383669387388,1.3077381892997697,0.2195997289083593,4.779316213503024,0.0420582231593919,1.347239051571546,0.2221128428151642,4.783057849984413,0.0364624170855066,1.413242369579996,0.2019948005022739,4.7429110311685285,0.0351612977186536,1.476140336251922,0.203456059941328,4.795238193589146,0.034835647948732,1.2771179392484884,0.1743945806087999
4.597184983133547,0.0417682388354903,1.425606717636538,0.2334124318344495,4.627533914599891,0.0409656127647846,1.3104376521177914,0.2104330282961498,4.633949087313283,0.0355962610545732,1.4841031388143264,0.2070840039366024,4.58461481485383,0.0350170519757503,1.437937830534027,0.1973775605732154,4.663147023926122,0.0349345143219579,1.2883138366609783,0.1764227013896888
4.679636315417349,0.0398386240696895,1.2636040840361926,0.1973301464068453,4.664818234235203,0.0406026228024468,1.3792033259695609,0.2195131141768057,4.675190601839081,0.033750456125351,1.3727102079843705,0.1816086777744074,4.632803354524337,0.0343280274394144,1.452491639320609,0.1954522060263153,4.655281653076092,0.0331290411319281,1.205961069194957,0.1566102709469058
4.683127700640189,0.0409244892785951,1.2693488707937075,0.2036302788511721,4.687795741612626,0.0426549501429198,1.3030245989769411,0.2178713577621982,4.670847621709526,0.0344074430786691,1.418920993236568,0.1913765411135586,4.634635787253251,0.0371559511628086,1.3367548142907215,0.1946965369977304,4.683807120696674,0.0341611532412297,1.1900561371657563,0.1593595367414581
4.714564601840401,0.0420465933444593,1.3630325933766316,0.2246545103470856,4.64005830451057,0.0436765151790678,1.4174761304108627,0.2426843780210176,4.720027749629543,0.0356832063805638,1.4745856836441276,0.2062585553601681,4.642260358896296,0.036023433457311,1.587768021701332,0.2242075543054556,4.687050186167968,0.0360151067443735,1.3052468763863216,0.1842703478036862
4.730942698041312,0.0402532933973522,1.3045441171917744,0.2058440301266498,4.72957276236948,0.0415580313452204,1.2828523465789778,0.2089824065079167,4.739725530142742,0.0341126756186151,1.423998527996975,0.1904159884756617,4.670622065348322,0.0364253131486525,1.3056230721313762,0.1864228730584591,4.669645565183829,0.0346396682602483,1.2133640977009448,0.164756649409438
4.692013442907906,0.0421921714523612,1.3094676003868435,0.2165732038502182,4.682851538626193,0.0431594009355096,1.393126844144508,0.2356916275116329,4.703332394309705,0.0355104472180474,1.4902078917626629,0.207434547114152,4.684732330255903,0.0365642591035128,1.4781937303391484,0.2118684163569232,4.679029846436126,0.0358345640543125,1.2408057095840004,0.1742946254183601
4.7244375223073245,0.0412796652670875,1.3065955753244125,0.2114245606689843,4.706734511957164,0.0410468410696132,1.3425141540664718,0.2160114139200784,4.7015304131180615,0.0350422784272937,1.3884772806315553,0.1907256925410644,4.744704699760097,0.0345244852244564,1.4485994767069772,0.1960440303992643,4.739419249291837,0.0348436804700109,1.268985266342212,0.173323994267401
4.663752976695856,0.0447290024989273,1.3320143951847498,0.2335480352476252,4.642609695738684,0.0445215002949037,1.3137242112404954,0.2292725605894916,4.685546547641302,0.0375620775820743,1.51917623869229,0.2236844793649987,4.593425931888534,0.0372870779091306,1.46079867854376,0.2135142199687612,4.645446144965864,0.036766229273399,1.3030588523182676,0.1877981063448921
4.606563032988776,0.0405926357554994,1.3890703130685251,0.221029157470831,4.555055816053852,0.0414485135136821,1.3821453857044748,0.2245643305551047,4.615559749294279,0.0344737161876855,1.50690797652834,0.2036352322689484,4.595763628044021,0.0352178316494496,1.494677791718684,0.2063423068305834,4.622606607709619,0.0350334099749212,1.2848666076878297,0.1764487314840125
4.598501583322686,0.0433673833147988,1.3346406287423107,0.2268849280575498,4.7452067852473885,0.0441242276847672,1.3266384999055931,0.2294604284961338,4.597878429356747,0.0365835278932689,1.3830761612624671,0.1983397522638561,4.751782812514869,0.0379713994176559,1.3926161000281432,0.2072841531399902,4.676165491207565,0.0351349989869377,1.272951676756562,0.1753193894290692
4.779092635192229,0.0420368324839438,1.311766302246803,0.2161546292330526,4.766272517373012,0.0423676559042447,1.310947520766753,0.2177197512709693,4.767252748949106,0.0352841629636984,1.4571769775900676,0.2015441546922204,4.788119029663284,0.0354854223466616,1.418563242170884,0.197322571918432,4.70577193227855,0.0352011263268064,1.2466980951072617,0.1720267332883791
4.602190524799541,0.0434881158945778,1.3013534757027492,0.2218420937475597,4.654926075243135,0.0419877969584033,1.2530410281884523,0.2062369447848386,4.578919365670114,0.0374249573898311,1.4022798992754266,0.2057188604758797,4.629707519754176,0.0356822674494196,1.3829842969730926,0.1934406664237747,4.609141826655447,0.0351707094096572,1.2142928475867187,0.1674104839888789
4.553229619248869,0.0429405255740725,1.3925491519248083,0.2343991192698425,4.603340420853131,0.0434540896693272,1.2883374091607789,0.219451402318809,4.536159750189984,0.0362093603674251,1.4479951144299594,0.2055256528304707,4.593871418719883,0.0366621163816703,1.2796202192969748,0.1838978755557686,4.601767998684784,0.0351693178283788,1.250014439920444,0.1723284814658158
4.6731581222188,0.0414380264291447,1.312584716618411,0.2132084892686686,4.711845436177322,0.042783048678491,1.331187317136558,0.2232487246907475,4.652436700203121,0.0353377763528245,1.4418198609102113,0.1997231044943991,4.664664414685918,0.0355727876574481,1.407532046221108,0.1962701607404726,4.669960741569223,0.0347426210164203,1.2475713985937122,0.169904967044676
4.689707905701218,0.0441582968864492,1.3094241715317754,0.2266578449942057,4.667178376344493,0.0432606864922188,1.267662882498045,0.2149687186540394,4.687605302660306,0.0371170087131699,1.4521376014967584,0.2112802133144692,4.638119743936302,0.0367973281801814,1.3876248349627731,0.2001549968943127,4.660708317447865,0.0360407538249406,1.20050706826177,0.169604227897553
4.631791212015689,0.0416942696156649,1.2198932147084236,0.1993775581810434,4.659585133382065,0.0405777548696573,1.3009600420949916,0.2069331452037555,4.635747100392473,0.0350106923384043,1.3667872646348072,0.18757705334787,4.659572905460443,0.033228986441149,1.421080206895757,0.1851031339367347,4.6834727094716975,0.0341667940509222,1.248939385966799,0.1672721650252926
4.715834899217838,0.0410185518452655,1.3296135697324585,0.2137882582438177,4.719405442821054,0.0430960473926393,1.3936240921605614,0.2354296583445267,4.6813203143916775,0.03470247969709,1.4486418060367428,0.1970605133206819,4.647138409234919,0.036852699653744,1.4844322381604411,0.214440974407072,4.7142557847216215,0.0352608628253932,1.2610564896420402,0.1743032814710979
4.708850385120752,0.0415166893883395,1.2832642036551638,0.2088415372948267,4.734658928526182,0.0413699503167974,1.2755115613844985,0.2068461707813007,4.684438774633829,0.0352372589821109,1.3989348947244733,0.193231403505682,4.688384028426019,0.0346031898106722,1.2869485137042391,0.1745642851707329,4.714876949965799,0.0347733311642158,1.240844104929025,0.169138161286224
4.661599215499538,0.0417471489640957,1.3592606592858036,0.2224373209059411,4.6193979181461255,0.0428572256271881,1.2943861612826977,0.2174532992413591,4.710748141911238,0.0353332346218344,1.4507956588656827,0.2009406169410778,4.632084255423991,0.0359866920514807,1.4338737147347391,0.202269740684209,4.712149740364561,0.0347894117657718,1.2751765612012047,0.173898362967878
4.651140669250365,0.0434183326033699,1.3081549459240358,0.2226437024269271,4.658915144080082,0.0428373658368198,1.2873221084204791,0.2161663412040424,4.596399244695863,0.0366831130872066,1.4312726856044415,0.2058100862377341,4.623476717928496,0.0358913030653087,1.3954651850021014,0.1963298427050069,4.638609103461432,0.0357621439777644,1.2211601404172745,0.1711883689808629
4.710941236994064,0.0407578708301559,1.326068814847425,0.2118632534438652,4.70213214823508,0.0438509197458203,1.3593722669812918,0.2336658250583674,4.713508352431308,0.0342404704107955,1.5034144313597146,0.2017885520402384,4.644104037674618,0.0371559458443167,1.450539220572933,0.2112690521709408,4.712315461072995,0.0356897126797486,1.2691592009020551,0.1775567720149051
4.698987614828361,0.0436942101067194,1.3584155332956842,0.2326669080106924,4.674874739388351,0.0432775070078379,1.4009984754765432,0.2376719802957305,4.712496031520096,0.0367858465318754,1.4716972865599367,0.2122156120737765,4.701539028034191,0.0359163112897802,1.5167945569947845,0.2135485245725849,4.676463510317,0.0351047888749672,1.3025965087430855,0.1792480178955695
4.747276123256082,0.0408009135241759,1.407029999273259,0.2250356534000528,4.695218591571594,0.041200157838673,1.3447416568465187,0.2171779978061103,4.72323276345266,0.0343635115697215,1.5482699011986227,0.2085558110661416,4.697971948287347,0.0356276717830331,1.4661432565659935,0.2047584987142136,4.730826374730882,0.0338495411312582,1.317955947343378,0.1748766264131456
4.725946801866942,0.0412634591741017,1.3082774314121874,0.2116135968065913,4.701694668936579,0.0411453439798852,1.267761498479539,0.2044731758108,4.731274546751005,0.0355696802863823,1.4354194874568875,0.2001413782907113,4.670035374582689,0.0348328376018234,1.355171916140732,0.1850381742653757,4.756046798779964,0.0337462584576235,1.245687356338915,0.1647831389543876
4.722779325156109,0.040670684937786,1.2846982588821112,0.2048145042745613,4.682501018081052,0.0408699052569612,1.2701736217318196,0.203490813013726,4.720197966084293,0.0343444472542493,1.3944104192880808,0.1877263503972509,4.689204671434463,0.0340995041507981,1.391988940688771,0.1860638210014578,4.6972948479251935,0.0336026524124906,1.2419052460828843,0.1635837304837475
4.620035857370782,0.0420446438343687,1.3139494540618617,0.21655460498978,4.581441958805382,0.0407856547286117,1.3335564369450894,0.213204774041827,4.61876531287108,0.0357697357714976,1.4260490999669746,0.1999531717977935,4.557474962706273,0.0337248406558552,1.3958445688742347,0.1845291809799374,4.556583247784775,0.0345746600374681,1.2851793036606485,0.1741805783763121
4.792230821813323,0.041916654779319,1.3233347231563848,0.2174374822741042,4.725539479648835,0.0413071434235618,1.335804913975603,0.216294903313918,4.780091998733024,0.0354809289323204,1.43106415205015,0.1990362456628859,4.715521701520608,0.0352740709302397,1.4555620928177424,0.2012632156544761,4.736153748627845,0.0347584735152935,1.2915344058799916,0.1759724830131223
4.658688009434624,0.0435165929708823,1.3443717240761646,0.2293254963160455,4.579001251809975,0.041725903784862,1.3870381233543256,0.2268674747619013,4.671537055868102,0.0365717774261703,1.4788352608448534,0.2120039496236861,4.601059145662538,0.0354423315348662,1.4904909649147753,0.2070759765790865,4.612051791545586,0.0359328710191021,1.2781636906260772,0.1800348086206938
4.720478050074416,0.0429637768171323,1.3359705001799251,0.2249973520885759,4.707499586965041,0.0424048374896008,1.3519048516771854,0.2247189083656011,4.726962779108829,0.0363379044783511,1.4274878647031928,0.2033341808906865,4.639733176049178,0.0359933922165909,1.3958746216881237,0.196946050958533,4.705425644155943,0.0347551907710816,1.2320840310216,0.1678564724743536
4.6695091503979125,0.0423772226795544,1.3361511558852777,0.221955631698896,4.666548594369293,0.0417906227685601,1.3207802752685267,0.216365246720857,4.650892504147936,0.0356094496502795,1.4934863583754054,0.2084705001804845,4.612706672570969,0.0352004583960923,1.486810376912478,0.2051549448767864,4.693976918676948,0.0347617826645542,1.2890344347214924,0.1756485810351029
4.693455189741428,0.0395282829852711,1.362404215714076,0.2111018384488641,4.656662936544832,0.0403422525270436,1.3575644880053723,0.2146835159032164,4.731114502612119,0.0336714534191387,1.4446096565574416,0.1906735547619831,4.6871897995863225,0.0334030593293398,1.4773461145924445,0.1934401346963634,4.718092657191509,0.0333690792371063,1.2981126838680188,0.1697988338754522
4.746031261527389,0.0403512026628873,1.3490140796425067,0.2133786938935317,4.694753032198396,0.0422641683082725,1.2576867491501325,0.2083641022154187,4.716836930213773,0.0340291558774702,1.4720853730566936,0.1963641763846608,4.707509416917805,0.0358611903924609,1.318870135695344,0.1853979051206644,4.692352898426771,0.0338473943247287,1.2735359368972858,0.168971917372383
4.744422211525778,0.0395158334455216,1.3243410032812708,0.205139389408406,4.714397424932538,0.0420533260754505,1.2548544226622087,0.2068577435472387,4.7230397377922815,0.0333980341650184,1.449593709514962,0.1897777472495242,4.695982174169004,0.0357627517077628,1.3964132620505338,0.1957595594328483,4.686798498596612,0.0343223365600776,1.2187153433410831,0.1639672870927841
4.715510555541525,0.041649836358646,1.2601602435674273,0.2057392537100632,4.733763760857153,0.0406337115310028,1.267975681297232,0.2019647163864088,4.734398358300331,0.035272853377079,1.3979404938570066,0.1932891004753778,4.713809657548866,0.0342960262605291,1.3869345817546612,0.1864566455154015,4.771611408380752,0.0336786166459728,1.2638737941533875,0.1668537762949244
4.585322031567751,0.0427960039997025,1.2912735252552816,0.2166204995243618,4.5953039855744615,0.0433809514687529,1.2817953430301188,0.2179695608345141,4.54832026502017,0.0363076698637263,1.454129609095441,0.2069567435729293,4.559564621656012,0.0356751973451654,1.4047503032949056,0.1964461878085173,4.623252172694114,0.035715178868265,1.2785429583169106,0.1789972013764136
4.703862073599063,0.046021033701372,1.3135858249017147,0.2369697494136215,4.738274089029222,0.0459944098514406,1.3865423968124624,0.2499863475173255,4.689360798290504,0.0392192335058149,1.4464287745171616,0.2223689990430636,4.719907430933921,0.0388397912596381,1.5003151255844749,0.2284217537209495,4.710918013690884,0.0372370417337306,1.2653098688796571,0.1846928800254319
4.641517681414256,0.0415998643839076,1.3091305182946469,0.2134779131469848,4.702472743626512,0.0439124144986611,1.268139032351683,0.2182892123865789,4.6403379990735605,0.0350803629976431,1.4363932291632588,0.1975220182945711,4.698409202964272,0.0367482414998087,1.3282177496210965,0.1913303773742546,4.680053689869446,0.0354801379454921,1.236615915650494,0.1719880284511976
4.718149063581617,0.0394372321173121,1.3445181939109343,0.2078505589359441,4.699616344434846,0.0400976112868192,1.3066294619596035,0.205375689529487,4.716835462199352,0.0333738311623729,1.4071252920095136,0.1840843720700422,4.67958435911984,0.0339353661357222,1.3453206442852417,0.1789601901484438,4.709404596024078,0.0331244136743584,1.2710098613087435,0.1650346765996694
4.572895273949092,0.0390146359013068,1.3580452685959474,0.2076920589712622,4.667779025254897,0.0399024952719769,1.3822749106620642,0.2162084019489538,4.578708885608399,0.0329931870959473,1.4140449079823527,0.1828797244680401,4.6140944234317605,0.0340220983851646,1.4300555796533905,0.1907181826229495,4.592769854807413,0.0331896525086313,1.2107447585371511,0.1575191609202461
4.754744505556928,0.0401080939828416,1.3414214949481051,0.2108994134113076,4.737146581192648,0.0423038894396024,1.3292469204629889,0.2204266233985372,4.751529327862999,0.0341131679778906,1.4295058458809418,0.1911551817541125,4.745536935160747,0.0356427010313965,1.3578044985776778,0.1897081276279876,4.671277733611542,0.0346606899284488,1.2356971790536753,0.1678909726403523
4.73458507374237,0.0406106138186912,1.4527272068779693,0.2312606332966224,4.642086549360752,0.0398756208434964,1.4637127293212366,0.2287922947780352,4.731177955489403,0.0347208128888119,1.5859634420489113,0.2158545180356083,4.638614879400987,0.0342798160584963,1.5510690554337505,0.2084239887939553,4.698746155602167,0.0338318578249685,1.353660248102807,0.1795203181553438
4.591539231311625,0.0439094096046163,1.4261978755290636,0.245479635411056,4.61154520375343,0.0432247840711261,1.3675370647252625,0.2317127999261708,4.613042795245124,0.0371262614690311,1.5401305031742485,0.2241386893318327,4.623989433908878,0.0372904289878609,1.4453266950575452,0.2112717795064447,4.704059970947036,0.0351370151877278,1.2458941221406106,0.1716026894148354
4.691845169489675,0.0420600296402132,1.3468443983233729,0.2220573156015434,4.731612284751285,0.0423188737283388,1.3897342329453528,0.2305387547966982,4.678317789870206,0.0354116812838502,1.4743795573718208,0.2046604544371527,4.706479698877688,0.0357310404882723,1.4173724505332672,0.1985215863267398,4.697290043041248,0.0351249567446047,1.2435575008892232,0.1712220751347733
4.679103486980547,0.0411395916418896,1.3797151644635723,0.2224987117755939,4.698002654167956,0.0440099118470957,1.380089767170336,0.2380871306701531,4.707758979612221,0.0346828223613411,1.516953794140952,0.2062361870644374,4.703569656951593,0.0369746688567934,1.5009574954023015,0.2175458354044071,4.716285577367492,0.0350424941707754,1.3380904744970483,0.1838055308661036
4.616538951268825,0.0401706181262712,1.344051995884401,0.2116423968664481,4.571566395899658,0.040970644071209,1.4539560663760114,0.2335082137963434,4.643154295307994,0.0337939555729304,1.517043843955405,0.2009626032752308,4.584508167859156,0.0339277598938276,1.4303293566691058,0.1902257587428891,4.6230976162843,0.0344483328303174,1.2859676448990418,0.173650619517249
4.690365893296519,0.0431151324493073,1.2727588835210422,0.215106705220227,4.722888445916108,0.0431716904239661,1.3442010323597342,0.2274790288221659,4.67610393673541,0.0365314966223486,1.385249296451611,0.1983688564369088,4.736495956910633,0.0364475829224602,1.4267516749608051,0.2038427222062562,4.70196532414166,0.0356297843809245,1.17172577572511,0.1636504728601166
4.65335969919023,0.0447399517481062,1.2791458941873144,0.2243332660399822,4.67260845430479,0.0445834014926662,1.3131147499512452,0.2294848217288939,4.647792861016165,0.0378446347134694,1.3656698687306772,0.2025947243055042,4.7039128030989845,0.0369404548008371,1.4388718514737704,0.2083542872974947,4.676669092699376,0.0358350493831571,1.197551618108735,0.1682210486272753
4.575453780993779,0.0408775904805393,1.47691092642158,0.2366560866128265,4.652809685500783,0.0413333914843344,1.4302402325756025,0.2317331252139945,4.557444481452446,0.0345498212185592,1.616047443344019,0.218865847187919,4.648974695668428,0.0346743471340389,1.5382587149446842,0.2090815753290855,4.649995023847642,0.0340661132186547,1.3392586660340642,0.1788401961060716
4.691808011442223,0.0411923765955113,1.3099938787239689,0.2115262169503347,4.701741857719756,0.0430986858982768,1.2911607644411631,0.2181335340163185,4.669719778704804,0.034674937338171,1.4547015288412173,0.1977277693236533,4.664483838767419,0.0372632564945224,1.3988753847378703,0.2043327221495014,4.68164203611103,0.0341090725399492,1.223946561277612,0.163647906487126
4.760761465521514,0.0398087514652197,1.328648370967916,0.2073321746679905,4.712494777074983,0.0426527608087721,1.398716633832641,0.233859476704962,4.728986900006526,0.033607881027944,1.493910081759203,0.1968084205259362,4.657967538541056,0.0358969362642776,1.498800916817692,0.2109013796231208,4.7193446901946565,0.0349419776226414,1.252939296304186,0.171615139741225
4.697790085847036,0.0444029954391955,1.3576622132728955,0.2363099923992285,4.645505611017261,0.0418882696175206,1.3287124126103045,0.2181732489732668,4.673359351810431,0.0374185685242146,1.4731893986337317,0.2160846120923202,4.652023416701719,0.0355152694842817,1.4325675382308571,0.1994381821340962,4.691210012267726,0.0356993161528282,1.2782971848286548,0.1788833074436434
4.722489419028506,0.0408406245710001,1.32478167856709,0.2120873545712374,4.7978679398839725,0.0409434171068705,1.3565953545428269,0.2177271049692926,4.716532258478196,0.0345077515760068,1.44125777102193,0.1949559128416273,4.8113447935406,0.0339128321667922,1.4862862416337084,0.1975807387290445,4.731957486994628,0.0339022499520142,1.2959056723368734,0.1722185780148319
4.648583899472676,0.0424202260951554,1.301652123971771,0.2164442221063405,4.758161781958851,0.0428809474717328,1.3143960714595624,0.2209371318312085,4.684758867049804,0.0357146147871244,1.4163003059931805,0.1982802263049786,4.744274407208056,0.0358885166090317,1.4251454230776586,0.2004900282117064,4.693210584805203,0.0358935562975674,1.2421594131622988,0.1747720222654909
4.626556612011853,0.0401695813174813,1.3651062538063188,0.2149521770742835,4.641734149311676,0.0423548354477077,1.3199190289729186,0.2191433899584576,4.647851652111886,0.0341109067006897,1.3978174246863102,0.1869053789583382,4.66188618539281,0.0357031504240769,1.3970716746954712,0.1955254589148775,4.637302819195472,0.0338495344657523,1.279498053361208,0.1697737010590416
4.688780096944159,0.0413930789705783,1.3085875458906469,0.2123286514372198,4.695046248324172,0.0433009501691941,1.3123006005096431,0.2227454495307956,4.691001530729471,0.0351946981101631,1.403712375177352,0.1936571158889001,4.665930661635964,0.036700753700667,1.4279125268384063,0.2054256517241663,4.681667557167881,0.0347274007532956,1.2213510319531498,0.1662611841041729
4.75663497604953,0.0425276999817454,1.3025880476082747,0.2171486186287432,4.73287982055399,0.0443893157430776,1.3285597048913025,0.2311732684567711,4.765215142258979,0.0360902499822017,1.4015297184105509,0.198276063511948,4.703028437743689,0.0370577140339304,1.397111374813506,0.2029493855903372,4.710200789562694,0.0358430416192271,1.2350378639989044,0.1735254645279626
4.7358340939768935,0.0430088247746999,1.2411762894600475,0.2092517663867991,4.623456847604276,0.0433924418262244,1.272450094206686,0.2164377122565441,4.703050002346421,0.0363346897429481,1.393083400406712,0.198415986300824,4.605616264027296,0.0368468883024938,1.3628064960541133,0.1968398836075173,4.6791769353205925,0.0354619528206486,1.2230659101082806,0.1700163138080796
4.660266266147052,0.0422000988610431,1.3243071830443924,0.2190686791513456,4.610262774209315,0.0429508845648602,1.3640973982003357,0.2296654041172457,4.642308906523208,0.0356943423046151,1.3992113986210355,0.195776610518817,4.607955215012966,0.036297501266672,1.4222755072723243,0.2023664657453263,4.6719551497140985,0.0348958842536741,1.2620216212378392,0.1726311206521288
4.749361095448216,0.0425767709954166,1.372164127444034,0.2290112776501616,4.709796613271289,0.0432313431238382,1.381552356930964,0.2341230446802975,4.745515383282849,0.0362240701843806,1.5069485028042249,0.2139802766428755,4.632130866582719,0.0369690301700054,1.4457384430826143,0.2095105387553535,4.732228651963061,0.0361245957336232,1.301129833238365,0.1842475480988098
4.74057214872271,0.0424746003866482,1.3584151528182065,0.2261725557883182,4.820343111989666,0.0426361375227855,1.392489596541599,0.2327276050108701,4.748508224949649,0.0361494123263547,1.4380093174504691,0.2037703672458549,4.734684735830872,0.035989837888244,1.4393641650319295,0.2030620018291553,4.714179113066709,0.0353206198154228,1.2732979272492928,0.1762935547455769
4.6461359688136135,0.0400209724431102,1.316286051075616,0.2064980727669321,4.629822852267498,0.0407872011143027,1.3164065602385069,0.2104708858299068,4.655225818172645,0.0336740872092715,1.419268804256354,0.1873434768890655,4.647091213651212,0.0341155219419445,1.4326039545821077,0.1915826836134585,4.693219082001342,0.0343763128977609,1.1928595182506123,0.1607410054984538
4.719836340508251,0.0425510194185092,1.4141843731532175,0.23588161349606,4.6193268469012825,0.0429996114468169,1.284586784608087,0.2165240130701638,4.716040596707626,0.0361461821752287,1.477549952396067,0.2093546888168254,4.63374179334911,0.0364993737202022,1.5192661758895645,0.2173688803447013,4.633218407783302,0.0353345513596467,1.2748611095764206,0.1765796050314545
4.624315087925153,0.0428564789843119,1.3305372533315731,0.2235226886368445,4.603777695141626,0.044118032010491,1.3216157836241809,0.2285595828810621,4.649013528401452,0.0362758046202286,1.4405104553695722,0.2048384852385423,4.56574735752999,0.0370831436953186,1.3604000347071654,0.1977521732736742,4.639415246315608,0.0360927879211116,1.2520179087518424,0.1771369070756876
4.73985224082263,0.0434682909008201,1.3769720756004384,0.2346258097749273,4.6831242212420365,0.0448193142618199,1.2787339318483946,0.2246588253246695,4.726902092460563,0.0365470288792938,1.4665030506998264,0.210093750441451,4.678765010166141,0.0371834217122826,1.391145684530378,0.2027682960888818,4.694854272627785,0.0355829744262829,1.2313429389110713,0.171751033653066
4.677031878149106,0.0414826970379882,1.4046682713399563,0.2284119618878458,4.740512439987633,0.0408768994801554,1.3359279123097143,0.2140617431510925,4.617173289046473,0.0350558535000093,1.552696627659583,0.2133660128734358,4.742882883219199,0.0343342760719658,1.4373942049556017,0.1934558518101866,4.712883534566767,0.0345707758545247,1.340113877604367,0.1816054667058311
4.68577692415869,0.0427180406435926,1.3417169124334216,0.2246727004928472,4.718450479365899,0.0418101942320677,1.2907422229798668,0.2115435503077629,4.6576740624853015,0.0359587763479395,1.4382961551989288,0.202736204092466,4.672148042567303,0.0354313088351836,1.406664958102326,0.1953691337683172,4.692739714730289,0.0346263930383335,1.2598507071319862,0.1710032738756901
4.668551912119995,0.0416085383308839,1.3696606992011096,0.2233950474239673,4.674052083576323,0.0418520911455487,1.3274716968943203,0.2177812666346896,4.654219723521194,0.0354266312083266,1.421996243015287,0.1974723943369764,4.69731347706844,0.0342472107456724,1.4332581488923568,0.1924100323575651,4.676290813913298,0.0341756244143999,1.2193830649554347,0.1633558546118509
4.711581253409931,0.041489529587296,1.3291258043902832,0.2161636610640511,4.694528408537175,0.0418329327663132,1.3554641731817705,0.22227183879328,4.7110199982652325,0.0353401555093637,1.4227630769870312,0.1970965983405166,4.658349007981221,0.0346776604751338,1.4532931242173857,0.1975518475589694,4.718153369795301,0.0345763179578387,1.2833041497524276,0.1739347785372368
4.702072101717724,0.0406783947350705,1.3065948633999285,0.2083448834633416,4.676823469381874,0.0406988853014716,1.367717506784254,0.2182011359282805,4.699433257087698,0.0343307338682495,1.4649498373660592,0.1971441651111787,4.606840150385168,0.0351521952246183,1.448287174950273,0.1995653890511994,4.653759984063721,0.0341226344585577,1.30216864226169,0.1741758237860582
4.608662558159209,0.0434491952429365,1.3812667152743436,0.2352541916721236,4.593835149439047,0.0435130551973273,1.4240955168646643,0.2429051840580896,4.661230518054238,0.0368028431125598,1.4298640200528931,0.2062786094255129,4.555492592174399,0.0375584037706961,1.5250680794679414,0.2245300351414128,4.692092737979065,0.0365009238665043,1.295089786034176,0.1853027317831083
4.752024391622629,0.0429038450084486,1.2952909335994425,0.2178420059359822,4.766356773469282,0.0440863884392545,1.2685456922195557,0.2192243163370474,4.736201371872753,0.0363743455367597,1.4259385696375466,0.2033171863353993,4.784836485715593,0.036492207453147,1.4762435577869444,0.2111719533500605,4.713679114403599,0.0360035743206362,1.2063353075626235,0.1702518124991453
4.632069042110035,0.0418406601675772,1.2982319215117808,0.2129260994960266,4.633016254031082,0.0440995422571324,1.330845278977336,0.2300592695916812,4.644760669525447,0.0352700545582432,1.4239619919487618,0.1968713935834675,4.61846513923611,0.0373509894843522,1.3705113235189783,0.2006609325496587,4.661009644800652,0.0358350564782584,1.2250455265274232,0.1720831743488526
4.6109892803072965,0.0435215885636118,1.3891688428236533,0.2369942775997306,4.646636902421033,0.042978427288791,1.3293504196272137,0.223958774806323,4.618945789858975,0.0368585857522591,1.5177054860467365,0.2192826435481052,4.610460695065714,0.0354697097597331,1.520393693065519,0.2113935737352632,4.639378505148589,0.0353538179592277,1.2790766919615997,0.1772601012763153
4.603880081074199,0.0435839215507011,1.354505247230959,0.2314115773863063,4.540165075735946,0.0416208694653128,1.3044333817119342,0.2128193632276011,4.585596809277504,0.037061462648491,1.4862347440729655,0.2159176035315123,4.494814793292881,0.0359818608947327,1.3902315294150698,0.196087017400138,4.583164154054927,0.0354429437393512,1.2807197317292922,0.1779352417365254
4.616297328506207,0.0414251895351248,1.3687766424895005,0.2222670965526997,4.616578575788901,0.0419441628247616,1.3890924337532484,0.2283919345098532,4.596885921646541,0.035048109729133,1.4404882826283825,0.1979030176796986,4.588942661682792,0.0348461015019605,1.450636173892272,0.198148499110758,4.598288303491508,0.0346469318913364,1.2506056987835703,0.1698491087626109
4.700100352308699,0.0420436447918991,1.3883600963109577,0.2288129328629795,4.654389261823677,0.0433839193577731,1.4123188487878695,0.2401815405363731,4.679834964410272,0.0354236936968225,1.4857774368557026,0.2063125702017655,4.627228861685142,0.0359231792796325,1.4790462501344643,0.2082737837873016,4.710298296979378,0.0351337421665423,1.3115337579878696,0.1806267093526189
4.688880597232411,0.0395419495226555,1.307980658005573,0.2027390867626763,4.663944094524336,0.0396674302867286,1.308379944670923,0.2034445369458458,4.695166414776686,0.033431160042671,1.393603218520292,0.1826285512544349,4.590514173215157,0.0325006609868639,1.4157579909060902,0.1803679220035841,4.679702520754609,0.0329317120230746,1.199974585644385,0.1549046460971136
4.61728523310591,0.0407882658583304,1.2831783770888447,0.2051636234913728,4.639164050756769,0.0430256392985429,1.3952884120041091,0.2353257254098299,4.625630669462064,0.0342653219355337,1.4339315276882931,0.1926022325083713,4.642316212678868,0.036658736688071,1.436700680611667,0.2064533235464751,4.64656113476109,0.0346263339548687,1.2239868607348598,0.1661350841337587
4.59206461551012,0.0439668570873476,1.4101562010143327,0.243036067823629,4.673757765258316,0.0444032667644835,1.3383587400956962,0.2329515200216419,4.62111031580076,0.0373526624219077,1.4589555455773973,0.2136199006235559,4.688814923897679,0.037761251221633,1.4075998758958008,0.2083548828900852,4.694132399505605,0.0370847725605206,1.2291515058285956,0.1786813084501079
4.573362674981453,0.0412138190295359,1.2073875076272058,0.1950597325982273,4.598211168883037,0.0426867418700133,1.253755113699282,0.2097895309515285,4.580326427148677,0.0347057503501152,1.3539247979960487,0.1841934013865896,4.606018748049111,0.0361129563207284,1.2705026457798745,0.1798525927911544,4.621380124229906,0.0351422057774736,1.1903462223209582,0.1639760430600283
4.6515164558440265,0.0393684151006377,1.3040514212529095,0.2012429776897968,4.622297515828847,0.0412771658316039,1.3285140108128062,0.2149582391043348,4.6811313741583325,0.0333558789943365,1.4109680140267962,0.1844877970269115,4.62281716690057,0.0352976926930435,1.4566732962734692,0.2015517453261398,4.655699417922946,0.0343568273588879,1.2247931647508643,0.1649505976001949
4.584515946198802,0.0401836279245147,1.4076229521776515,0.221724441802274,4.658650551841033,0.0430889535270727,1.3371754071739324,0.2258564065501348,4.592527931686588,0.0339742726318762,1.5474081276595129,0.2060787103451453,4.687237679559452,0.0353614327426268,1.4383142832837017,0.1993708833070121,4.64519212330635,0.0342091681815246,1.331596357693069,0.1785637094905355
4.679178838986429,0.0434780937058468,1.2451905497016051,0.2122190650473427,4.649063020866953,0.0421270360747504,1.2459972514370063,0.2057576900331668,4.664935283923223,0.0365497396390878,1.3957127502629525,0.1999670410127952,4.644477542214781,0.0349413484521055,1.3550288599525202,0.1855950089738706,4.67880417430586,0.0349048509175198,1.2040293815442875,0.1647407197624081
4.674737395392747,0.0406046097956219,1.2528294289279835,0.1994092841404809,4.670190730240973,0.0414841356990059,1.2142930661594051,0.1974620529946461,4.667300627308639,0.0341939729564598,1.4136299319172607,0.1894800029531925,4.591018710542619,0.0359454890458706,1.3271718313663337,0.18700345856778,4.672117746042678,0.034174835578656,1.218868741462006,0.163283183797243
4.72471418565469,0.0414764598766664,1.3413488220838703,0.218082842954067,4.651548836335863,0.0424737331423481,1.3483928672689676,0.2244992876535804,4.670035295084756,0.0354264142120346,1.4499026531646728,0.2013465198183709,4.589565999225177,0.0360595274304989,1.390259259812366,0.1965141892449632,4.66150172356422,0.0346137621026571,1.26495354516438,0.1716332663867727
4.522845392583677,0.0418827569735835,1.3967299831815816,0.2293114838480256,4.547818352033409,0.0428791782374793,1.3965532849422626,0.2347372708831544,4.585962416560955,0.0358639270230992,1.4468298967580178,0.2034011495695634,4.583466099639761,0.0368548713487713,1.4155977588886954,0.2045092013053522,4.606563563152352,0.0343361517579261,1.2908022291050123,0.17373583791838
4.731375392291343,0.0435158485634811,1.3170271418785433,0.2246571621431955,4.814856287874858,0.0451455792347112,1.3589917775748954,0.2404972669424859,4.707995353771094,0.0368176952895952,1.3907344083209858,0.2007145635983453,4.77675756887207,0.0378970366312068,1.457800151081054,0.2165615390056484,4.734214546476489,0.0362573583461267,1.1884087855594427,0.168904064034035
4.69268141904104,0.041424178470466,1.2718493778774376,0.2065226422458963,4.727863098675483,0.0422983322876448,1.2709483889717872,0.2107313970165017,4.675451140496247,0.0353429458622972,1.412471740244579,0.1956863801609255,4.659002498419266,0.0364666287366876,1.3170456057385898,0.1882671359679472,4.737120729660616,0.0347410799692524,1.1983969032658557,0.1632007234862559
4.650687841067501,0.0407876644787611,1.3614020956542094,0.2176673748784577,4.639912382476742,0.0425443057941304,1.3046661351176465,0.2175799726893068,4.664478394427198,0.0346706044772639,1.441760805341688,0.1959443364513414,4.676374436635243,0.0353442022980839,1.4163455226461412,0.1962300366522212,4.648924392182511,0.0343835078771662,1.2223565506061176,0.1647502844781994
4.686877604706015,0.0448773591104278,1.307292069330505,0.2299736114809031,4.6482913733633024,0.0436220870019039,1.3243592389443133,0.2264593893356892,4.713703698000447,0.0379846837668717,1.4249424295165103,0.2121699725343606,4.650812985262058,0.037355406363742,1.418057226641244,0.2076468318476647,4.666116401510291,0.0362310382483053,1.2390465680508844,0.1759731852980605
4.629813235928211,0.0431416372994771,1.320147661447579,0.2232529574394781,4.686462501159024,0.043893257707558,1.3660273721851175,0.235036495682842,4.658157323876573,0.0363775722815272,1.476884026111464,0.2105999153183317,4.68188176471203,0.0370653947218407,1.431100759439913,0.2079298921478654,4.681595298180137,0.0361787608486939,1.234805276494256,0.1751177832990334
4.7170486275117165,0.0418161150541247,1.2392004405053447,0.2031249763878568,4.761178008257525,0.0430980943579038,1.3357964293101656,0.2256713529289065,4.688796752608482,0.0353717000386891,1.366570321892277,0.1894811469658545,4.689857704775696,0.0358991749812595,1.478109590409074,0.2080028039535197,4.7133278373633685,0.0355483465799761,1.2364660351776786,0.1722977806889012
4.66013936157231,0.043267945184712,1.2635366545788371,0.2143049500839217,4.63472210861808,0.0428835985947763,1.2610523579289452,0.2119836801262856,4.670778132906286,0.036716124922558,1.367577027085213,0.196827928727471,4.626545471686787,0.0363375815028022,1.2946538834887902,0.1844114080908716,4.649197518738889,0.0348430658225581,1.2213950378397993,0.1668209535487917
4.659690420037202,0.0412677315207963,1.2826870782513382,0.2074958441493555,4.665712680831574,0.0410634039395109,1.3666741167682777,0.2199874995410705,4.633575575545028,0.0349615739317362,1.413840313420628,0.1937623634753484,4.684637789047031,0.0357013040997009,1.4053845470131308,0.1966787053887751,4.652853387141096,0.0343027940735643,1.2507733754517292,0.1681845939126361
4.639920004189611,0.0407471985458548,1.3234941818668606,0.2113965418625819,4.7236090063997,0.0397615823702975,1.337331179152423,0.208439832836823,4.632818742502732,0.0343291805245042,1.4559455982050022,0.1959235633489684,4.688729469373468,0.0340319183567167,1.471143874154841,0.1962545187184862,4.690750050793831,0.0336696409164163,1.261751936647807,0.1665292596890412
4.667818594506546,0.0406463769863639,1.268815016091112,0.2021614003709619,4.684299830506147,0.0436186827102426,1.2709659322380302,0.2173124169165345,4.640947155082871,0.0341534265155576,1.4243759101334073,0.1906939823598417,4.641103494826676,0.0372538269301495,1.323583253715027,0.193285930789652,4.671854383424595,0.0350124138301052,1.2218641252407465,0.1676961350841286
4.830147959009194,0.0411828002407201,1.4669906834357516,0.2368216026095678,4.765572071805104,0.0416480749733093,1.400972052767535,0.2287191303846376,4.811291054795116,0.034830730659783,1.5863788727871555,0.2165945821008773,4.696833624575939,0.0346522457453317,1.4744152726666722,0.200276177218355,4.79588501481603,0.0344922437941397,1.3101599727136797,0.1771429450746033
4.650921470806376,0.043128708474775,1.3764558369265882,0.2327055929768473,4.650023838587623,0.0423574387901213,1.3889102898778107,0.2306120381186138,4.63399220808605,0.036474766898148,1.494955428973349,0.2137464234032396,4.602505520186076,0.0349231145640255,1.526396339218649,0.2089576960433409,4.680320841601396,0.0351563642265696,1.291650109468478,0.1780028381668824
4.816902272507258,0.0419373079382218,1.376147630725682,0.2262265966329462,4.778124996338566,0.0434387113687327,1.375336626245004,0.2341876715773333,4.769291524559614,0.0355702273723779,1.466169188567675,0.2044319713481357,4.717435392529061,0.0365759056022007,1.4221726834560249,0.203903888124212,4.798839966364104,0.0350018147939985,1.2574982633441851,0.1725345371431386
4.708946334952835,0.0406238371447833,1.266286347920564,0.2016466233041129,4.660476934307408,0.0414129876313914,1.2779489187167157,0.2074570242947587,4.701324393733883,0.0345391901563767,1.4109282758170707,0.1910271842267429,4.649731387294461,0.0356985472993866,1.3590250779431092,0.1901761718259391,4.749094595333339,0.0338657475884422,1.2486510207386334,0.1657600352184755
4.633177702257628,0.0419844711659469,1.3713397938504333,0.2256897588733396,4.654984100533717,0.0427925859126612,1.2881148615691844,0.2160733517744718,4.611801797373547,0.0353892515830348,1.4857809911491375,0.2061124675542712,4.6500113094751,0.0357878867573728,1.376811445706399,0.1931472854604531,4.642399980220913,0.0346209311864402,1.227569549678856,0.1665953742661758
4.635678232890235,0.0432725244917694,1.321547221176505,0.2241676840124396,4.6954996716903645,0.043033620300263,1.353888161097139,0.2283856227738801,4.629334445486272,0.0363660554660407,1.4691236869710294,0.2094269869277574,4.654391380867391,0.0369235527952769,1.4188586197011506,0.2053622868724369,4.671851229130756,0.0350280766261784,1.248957706493841,0.1714913068331046
4.667339519951415,0.0379825292331741,1.252481985178627,0.1864805130888442,4.668187659600847,0.0407325430880991,1.3106121340780288,0.2092636503352851,4.634054613018461,0.0321105187721677,1.4211293400652265,0.1788788583778249,4.6205388303698935,0.0340498152462661,1.4175589881702138,0.1892056000985005,4.700211648783661,0.0332072320410198,1.2398143316614916,0.161386579050364
4.658452003046725,0.0432638593342646,1.3767811384484754,0.2334899822789262,4.597998987272534,0.0449023900623849,1.350028510614634,0.237624100094682,4.66314497987337,0.0371599586154302,1.4708316802882098,0.2142477570043588,4.633868781816596,0.0375791699901326,1.4428438833041826,0.212541926615307,4.656317211010592,0.0357174804738761,1.2708882743323675,0.1779370046276453
4.579895916278485,0.0432289655702476,1.2489791467932063,0.2116450509170089,4.59155226257482,0.0416511972360041,1.1910160907270153,0.1944568314804417,4.5434133517836655,0.0365185263495653,1.3749260174159394,0.1968206495310912,4.529416107004897,0.0356692553096775,1.2691255654731477,0.1774502934037103,4.589012843637331,0.0350209484002555,1.1712038521884407,0.1607823906523465
4.689916594141569,0.041325034778409,1.3221999570039775,0.2141847043257007,4.634505472792246,0.0423751067326609,1.3804032449940613,0.2292951471461213,4.679538276215606,0.0349480705391168,1.481123521085149,0.2029049159307959,4.6309402538002615,0.0363134709973638,1.5458375346487545,0.2200440843699411,4.636458964263847,0.0341700476019848,1.2831009415727876,0.1718638332903411
4.611838527921014,0.0429326340255174,1.2957421463859846,0.2180641165269893,4.669471486183274,0.0429548049140463,1.3176353392587905,0.2218630974058095,4.604596406283198,0.0361671040060699,1.4576911725656072,0.2066604380240637,4.609912204775828,0.0357487759581052,1.4423750430829687,0.2021238035293531,4.646520074119987,0.0356151390135944,1.2450101493025076,0.1738143474616069
4.676005357083716,0.0421980789244591,1.3447742136997645,0.2224437150181255,4.670273127424308,0.0414594380772497,1.3564088305438635,0.220440865109023,4.686166716162853,0.0353766336677252,1.5165944238470233,0.2103119963881082,4.679713459292321,0.0351973106526395,1.494373953412261,0.2061801528579904,4.674048317349233,0.0344507366459003,1.290411909428805,0.1742629099766383
4.596030768311761,0.0404801710946665,1.2925587090140973,0.2051023820742492,4.598200059338457,0.0446656578406771,1.3297460434702366,0.2328201304239879,4.612485274427725,0.0341732369401374,1.3932943523099552,0.1866410122376478,4.547938306017257,0.036833248633507,1.453331650324234,0.2098373741296396,4.6436577271901225,0.0354176698476752,1.177522696191747,0.1634810275026617
4.733003841901368,0.0403790126835236,1.271439049148669,0.2012469596601916,4.774725078082019,0.0419246933416928,1.2126862362135131,0.1992950122460266,4.724098935436772,0.0339620972046781,1.4356985922936598,0.1911330816007757,4.772787246493811,0.0361204069629942,1.299859717839844,0.1840463490954595,4.712363486175819,0.0340251963715424,1.2336979148269414,0.1645460865268711
4.589465289044022,0.0406651647323087,1.3272993942121891,0.2115775183197612,4.625582475693228,0.0403166869604948,1.325107297663558,0.2094179813718958,4.583545168618574,0.0343099091166255,1.449044087685765,0.1948853770112306,4.615230680206829,0.0338979807358387,1.4390622156206434,0.1912191950279581,4.643202882393852,0.0333859024078329,1.255228329344746,0.1642721489772055
4.68751860735444,0.041866722076804,1.2883953812125128,0.2114444086810046,4.705106311324544,0.0421672689856645,1.2809443467215866,0.2117306946368999,4.681118341703015,0.0353432479485747,1.4439476486874965,0.2000488190959658,4.673475740125211,0.0352615582030293,1.4020053155764698,0.1937890557969225,4.708799101125975,0.0355219348055684,1.2118322734875926,0.1687396772071694
4.582696256232778,0.0409415666771615,1.34792420390486,0.216325649278515,4.617747706187289,0.043248165100686,1.3543584338769896,0.2296039681386474,4.631955668515864,0.0345868115128849,1.4077107253580483,0.1908543369910189,4.631887457371795,0.0357802964315863,1.4280302089144306,0.2002900687731725,4.635592249321495,0.0353745564637123,1.2252022070661488,0.1698935379500464
4.711392275068748,0.0400181316553903,1.3808987554545764,0.2166190932384857,4.68661496210992,0.0412266251839046,1.4218393422239224,0.2297769172413326,4.730472236212999,0.0338115127119955,1.4650045064114232,0.1941697845063917,4.678701548751627,0.0357190916194749,1.4520530330453238,0.2033110441120399,4.706128264655896,0.0348252906566986,1.2587623820986893,0.1718369644287088
4.682824810062337,0.0406081952946017,1.4542227368157112,0.2314849210540654,4.687293505360193,0.0410988509870388,1.387261571596905,0.2234941310829684,4.663865024203858,0.0346623118798668,1.5747288158427548,0.2139643343394433,4.6349341184097765,0.0348415902563679,1.5334115267849524,0.2094280163940192,4.682620270569022,0.0340273523804045,1.302593711473593,0.1737461630117547
4.6789117336256725,0.0404613234136729,1.2750488653518215,0.202229728789201,4.738945771276212,0.041312440785799,1.3093869551715571,0.2120444700822975,4.671205930767755,0.0341821885737201,1.4152750807570056,0.1896351381467663,4.718583414905479,0.0352069543389952,1.4229491827576135,0.1963794024799942,4.732479301083816,0.0342157535244397,1.2478098017952302,0.1673603549422281
4.695782555582991,0.0427235960718526,1.2841144492396783,0.215055037434841,4.656127832213064,0.0424298231586096,1.27543265717466,0.2121323197581913,4.701186389093446,0.03596293625393,1.4190723283983506,0.2000496341022317,4.616319704456401,0.0353249099255785,1.367906039264773,0.1894154572674035,4.647084209108868,0.0353785033170306,1.1879040930590772,0.1647399468838828
4.665203146381266,0.0403559495693758,1.2745751593170236,0.2016281231068076,4.674293608030973,0.0410830598095629,1.3545326477212096,0.2181375070573804,4.690519753577945,0.0345738516969858,1.4019103728520217,0.1899967186894862,4.605543613048537,0.0344613005076033,1.361761244474206,0.1839546285129192,4.665971841713559,0.033853295608896,1.2426813907293617,0.1649069027759793
4.713721691863841,0.0426529908326051,1.2380041935258084,0.2069901559847762,4.635563961261705,0.0427553060505491,1.2752118896746412,0.2137226052443768,4.707867086443219,0.0362090454188038,1.3523692043131623,0.1919510247225734,4.597682208333551,0.0368054541310852,1.4063595389568018,0.2029021414483497,4.63021691571788,0.0350390126150178,1.2367184938419469,0.1698637866909619
4.676383350323853,0.0399125556827415,1.2930770754459635,0.2023075247246374,4.683110016447053,0.0399033159123437,1.220450600086704,0.1909005934269626,4.653361112864451,0.0337010089414567,1.4574187265735905,0.1925330697146089,4.626284456231105,0.0337818863033033,1.3318264452746598,0.1763638686489813,4.649555533890754,0.0332915796772779,1.1715184394825762,0.152883852599733
4.670755635320048,0.039998384314862,1.4606743743512718,0.2290202823591959,4.6522906501737,0.0396849756270312,1.3429270149130004,0.2089087425366537,4.671086448076045,0.0337304460583433,1.5259896809846842,0.2017677578725393,4.642528398334386,0.0335303483984817,1.3818956152742634,0.181631592823013,4.657112183732932,0.0323749715823983,1.2988350685813537,0.1648319849852703
4.749311939455703,0.0401805233632853,1.3345567334831467,0.2101990344690897,4.724878630049898,0.040393414664953,1.329374657035517,0.210492220610501,4.750213876978477,0.0340444096080358,1.444957612474358,0.1928319535977708,4.732482853493842,0.0354593200824108,1.358564076477177,0.1888376630857199,4.767859696070868,0.0340552147902377,1.240681474183787,0.1656235190042714
4.711247878384465,0.0433308160109397,1.2600227453681256,0.2140194971659014,4.627789133698925,0.0433307615027596,1.279839775423616,0.2173852191390385,4.718063312085954,0.0364870642462257,1.4285771554453457,0.2043246243076736,4.587272409444716,0.0361076351846105,1.4325489045063522,0.2027620107858798,4.663156609107866,0.0349212391138669,1.2412758989722483,0.1699166961826777
4.734762803297673,0.0399019697675495,1.3332071230160008,0.2085307221691807,4.701243231575196,0.0417609891923549,1.258599805767071,0.2060328757416547,4.706513271259734,0.0337707623916714,1.3886500433240123,0.1838280430349559,4.685439879233812,0.0355427505149447,1.407890765326542,0.1961544116296627,4.723543669822858,0.0345808964312836,1.2276111499137323,0.1664083667606002
4.606890989118048,0.0388616340696986,1.424379674346778,0.2169826018091696,4.636726962485319,0.0404845942704617,1.3873104018097118,0.2201615734833569,4.618636091733262,0.0332722483926118,1.4733375208556536,0.1921597766375789,4.611811027467378,0.0351002627342015,1.497169587654645,0.2059963145664136,4.661051844198041,0.0327725283694916,1.2791155706196462,0.1643227976724312
4.625761886389778,0.0399371504820469,1.3302834210962604,0.2082568715154026,4.641001085961294,0.0408318627032747,1.30422519770221,0.2087516253597845,4.653237633761107,0.0336797260797129,1.4158962019185326,0.1869295903144489,4.6404720446015295,0.0353311840370291,1.4137645270751746,0.1958003028465508,4.643538270136983,0.0339574075215337,1.2768889508757912,0.1699674435323103
4.79577797755182,0.0424878896014733,1.249636205396378,0.2081262436977477,4.787478567133763,0.0422574546549502,1.291504515784819,0.2139327874313593,4.81532143903744,0.0358233361858805,1.3679072485258297,0.1920882351101146,4.76231540899424,0.0353462081459469,1.4340335390393344,0.1986919289219713,4.771499385669115,0.0346762621672438,1.239714493766927,0.168512469496634
4.650301516049101,0.041569200030475,1.4035748504349133,0.2287100934857904,4.631921810672803,0.0415014696404132,1.3644372853162277,0.2219704392515133,4.672558157799258,0.0351084047695563,1.5370690611945044,0.211535160536339,4.66928943576756,0.0356623415638434,1.355671202140547,0.1895144426429429,4.652812564737025,0.0340128732874556,1.2776286695281478,0.1703436922538827
4.725431211358645,0.0398078255465522,1.3691723706322405,0.2136508715462455,4.680631819507305,0.0416305280693418,1.3878861945884142,0.2264873040751548,4.690251638355294,0.0337276912841742,1.4899264400743173,0.1969833540253968,4.682992264183214,0.0340845813407308,1.5298050379743264,0.2043958799777247,4.69918905572884,0.03399672329667,1.2862996559285158,0.1714183461282619
4.690121815166599,0.0407619977602155,1.2906191506068252,0.2062204130930856,4.740677746416017,0.0404023920518209,1.2716556357809508,0.201397783043252,4.679311924407502,0.0343904546482822,1.4326967950309497,0.1931391400424288,4.707610716616035,0.0342740504509166,1.4008087799589095,0.1882011936172386,4.723679954664543,0.0339849893919636,1.259294134422156,0.1677615406604968
4.620710042630427,0.041589997050563,1.3105129741434336,0.2136526584691743,4.631081680798949,0.0412874356263262,1.31980897996039,0.2136028658578048,4.60512675146598,0.0349373113233596,1.443863907647752,0.1977396799924135,4.596561894418026,0.034586632809693,1.3979005350957252,0.1895233136470143,4.635904461508711,0.0348149042170198,1.306383524277832,0.1782846636094979
4.665127713019486,0.0405070713225853,1.3045375859456303,0.2071407420549342,4.686526959739546,0.0425540325175141,1.3416089708554435,0.2237921050365479,4.660622351067812,0.0340930801855245,1.4945399885736304,0.1997339387245458,4.709140320652689,0.0362408560642224,1.4129280822501598,0.2007227467757194,4.67703272442018,0.0341129432539242,1.26908601059895,0.1697025371492871
4.735347134776263,0.0414452056596635,1.3926237345802115,0.2262487447277544,4.767484491184586,0.0438086480962307,1.3059709918797884,0.2242701474477024,4.715231599503189,0.0353195187370022,1.45835696327203,0.2019094768687402,4.752170164352497,0.0377834055138434,1.38227384680093,0.2047261301168407,4.716647663379115,0.0350498550109488,1.3092023249641336,0.1798751132382089
4.725601647002412,0.0408195966757806,1.2788115776684548,0.204622485417721,4.669045030917138,0.0439061603313208,1.3298161144403575,0.2288733028866965,4.7062492476077935,0.0343682491779914,1.4624968394605504,0.1970291262154139,4.662627909415485,0.0380053786349563,1.479301486305442,0.2203838896808812,4.734919914656683,0.0344054227625207,1.2494351518709557,0.1685072944707639
4.591534737222598,0.0420897349887199,1.301769532496986,0.2147773011297868,4.548864089990593,0.041068241133502,1.3014686115472054,0.2095163349429173,4.599909054826805,0.0355391719484149,1.3674195060434362,0.1904965707639923,4.589869413888643,0.0340900739535106,1.3974144546522065,0.1867373800367378,4.608525791166569,0.0346041796823619,1.1874055613997416,0.1610666862853065
4.677862230275918,0.0424298950009458,1.3635445184850803,0.2267876315813482,4.651461466496159,0.0428234659165026,1.3952197016487666,0.2342084181774619,4.665079393666603,0.0361293043074959,1.4072709535377073,0.1993037221320181,4.608170335167248,0.0360658262117683,1.4619342555775146,0.2066815999424957,4.625466497470804,0.0346063261371016,1.2821136694561892,0.1739242396995002
4.554991412590036,0.0435516150390905,1.3425437447606492,0.2291979858680577,4.6263913941458,0.0426818607564933,1.369343113256975,0.2291045494573398,4.57863941723476,0.0367830006493308,1.4201149368637265,0.2047617048740322,4.591840948514648,0.0344224238121773,1.4840218549125266,0.2002441470056183,4.6302328901178855,0.0350612547468312,1.2658693378189172,0.1739780349855643
4.681601060311224,0.042549242722916,1.34089843990356,0.2236484060225859,4.597052136086722,0.0422483546243238,1.3368522568965018,0.2213967799678468,4.667226525406615,0.0357722265478699,1.5385778379993862,0.2157463870678495,4.588158196814389,0.0358204997620971,1.4752340856964343,0.2071431927109304,4.6390814547137005,0.0349259706310076,1.2903106536276057,0.176652933715659
4.644636792616631,0.0427928473987038,1.2917698233125077,0.2166877732173423,4.686058286247454,0.043047933552803,1.3223038809508074,0.2231319022704254,4.668882871728444,0.0363363926290758,1.3982194347298054,0.1991568417978809,4.736207629796152,0.0369010253927737,1.3962316246839572,0.2019640130513648,4.654463097820823,0.035705163454731,1.2538956819289515,0.1754973322276218
4.6349788961491285,0.0415853670887327,1.3286790245320077,0.2165901515467966,4.609294296542538,0.0414085025511545,1.311026319655717,0.2128036254838,4.633724617213135,0.0351139403212399,1.411401927962815,0.1942711717816884,4.624820631580627,0.0353347326087867,1.308598138458657,0.1812534133987811,4.683497397272496,0.0340309284791165,1.2254895436447315,0.1634788202688969
4.657834796289512,0.0410856378994093,1.5137532616517348,0.2437941121825702,4.719472806413047,0.0422402411366106,1.3225203960510652,0.2189812114090613,4.672120784034156,0.0348532827999379,1.5883305040311169,0.217001458842116,4.646659260677024,0.0356155584491597,1.4551024395310628,0.2031474681087712,4.655556873511331,0.034761114758776,1.3406988501368309,0.1826850544769059
4.805512984675767,0.0403188295586536,1.340016416778378,0.2117854508955602,4.733984767124791,0.0400737023543704,1.3578317574181988,0.2132963956774827,4.777888411106216,0.0341676042487236,1.481040495724708,0.1983624886700241,4.722619324532791,0.0347169622112461,1.4438134973047465,0.1964856784771876,4.790047750889961,0.0337922491015226,1.260813349497054,0.1670113486756637
4.62189092164804,0.0413893557805206,1.2860653962185933,0.2086554853411806,4.562141247191542,0.0396436372159304,1.329804567516317,0.2066518988364877,4.643459458666214,0.0348754526346036,1.419759823705926,0.1940943180237656,4.482407405873464,0.0329826701091544,1.3778739464981442,0.1781448968566045,4.600968516479127,0.0340092791527664,1.2264367204330362,0.1635010924244208
4.6589271485187895,0.0404956278612741,1.3041126929203612,0.2070147762075428,4.661962028766451,0.0415772541358661,1.3387240511764842,0.2181850334918964,4.686403980611108,0.0341338589486994,1.4529336845327032,0.1944058228043846,4.718030928789654,0.0355033996587245,1.4169514330303414,0.1971982210234324,4.692008343892651,0.0337973267713596,1.245130342349365,0.1649587108382791
4.631737070586193,0.0411183245697829,1.3331740054790473,0.2148821467614887,4.66737139108033,0.0436989931956306,1.4476987532144625,0.2479863167363856,4.645850018052155,0.0348743392420997,1.4268688780675671,0.1950599641477945,4.592963391544831,0.0366057694188621,1.44895810621908,0.2079138666923852,4.66658844917748,0.0351228336045596,1.298410402167959,0.1787638169351899
4.743227923574121,0.0401814611863979,1.3147831168553208,0.2070894291847541,4.664665570798328,0.0415531608550426,1.2486719248774312,0.2033904227550391,4.745426029893612,0.0341655532080316,1.4123889609210611,0.1891563209079023,4.657546190249955,0.0358480998728919,1.370355757520601,0.1925650897296719,4.720751621854159,0.0342942603309111,1.2067178304980368,0.1622203211749597
4.617598536146836,0.0426269684931839,1.398823808973472,0.2337359692236942,4.711253390017947,0.0440771548949387,1.4688902631359009,0.2537937907093252,4.666010614514438,0.0363836763622941,1.5235599480084026,0.2172922384329719,4.660571970978615,0.0375652073613923,1.510109505035979,0.2223680145052051,4.700964676346044,0.0354624746162757,1.2849175325356677,0.1786168309091964
4.604218814680311,0.0430613484753867,1.2798139700817075,0.2160292505083615,4.52302753228404,0.043323840007883,1.3151169195630907,0.2233414828304902,4.575698270608902,0.0368554750341764,1.4083064570556771,0.2034591709177513,4.506272106780099,0.0357046674496474,1.4250851403403364,0.1994545237202548,4.62850931367744,0.0359656712291864,1.237847388364638,0.1745152410137399
4.717195015341447,0.0423883597449186,1.3534904222883943,0.224895044035402,4.674247620935124,0.0419771337985753,1.290368461311671,0.2123266990111582,4.694033777205799,0.0356521660412551,1.5087656330147288,0.2108559158349449,4.658746303824594,0.0347875503213672,1.4253792265716034,0.1943713984741634,4.677436309170155,0.0345970209242712,1.2558627759153476,0.1703173844071034
4.750065221113978,0.0417221440575545,1.3289379778471224,0.2173448818441528,4.746594605097953,0.0419392216236038,1.3110658583404091,0.2155375592306216,4.707554493914461,0.0354476778752759,1.4410500673560895,0.2002372845972463,4.734936752044525,0.0355699683048345,1.378783420130151,0.1922461349760258,4.695294375055998,0.0341518821187176,1.247049456135899,0.1669461494758398
4.675076566390704,0.0424275171103919,1.395129529234819,0.2320279136877589,4.61418091880793,0.0442221791861979,1.3686961529037274,0.2372604081828706,4.672667619765656,0.0356666832617571,1.559508647915084,0.2180361973375879,4.608428583609282,0.0364749240715544,1.440778217857582,0.2060011369244048,4.693231754567516,0.0358657961237095,1.3042596641069422,0.1833676104397436
4.6966672593764,0.0404170631515004,1.28832012688171,0.2041111037775571,4.616918938596331,0.0422582029012831,1.3600910508778206,0.2252978741041007,4.679462298294452,0.0340773747025127,1.4151147779759217,0.18903224084609,4.6485568857009065,0.0351783817250026,1.4272691525416916,0.1968157381621051,4.64472697684352,0.0340151425106855,1.2208457841599047,0.1627838026149961
4.618608293423529,0.042102213418743,1.4072384121728916,0.232247312007318,4.661996611804181,0.043559171765005,1.344810923808135,0.2296248725962724,4.631874587484838,0.0353575705132306,1.6181594707490237,0.2242754941569869,4.674511915491562,0.0356273035351965,1.4363814898659304,0.200599959241563,4.658132490901829,0.0350254486688647,1.3228177143115205,0.181619215730428
4.706865364707759,0.0428266929308682,1.3665155864650198,0.2294072906643275,4.72351741049098,0.0433167959996496,1.2087635210875505,0.2052464988688052,4.682737725147887,0.0367486660938481,1.2988590436645635,0.1871034040783943,4.65983431269415,0.0358795459156221,1.3614636860194214,0.1914833808164326,4.711221480569942,0.0355742870628952,1.1681850745200637,0.1629018232253462
4.586843341970069,0.0411568131949853,1.2483515824987617,0.201398736882603,4.719161539112989,0.0427223542220289,1.3565937681498836,0.2271867929459775,4.587897010135976,0.0348873025938647,1.3750429580238002,0.1880449804099285,4.646223094500924,0.035869091070739,1.3779769029726423,0.193749413525954,4.653357982640898,0.0352689775283721,1.2511237306461092,0.1729701721602653
4.795265403875371,0.0409724505770599,1.3277456799812286,0.213247978913929,4.737081539467172,0.0399933776608208,1.342704388313276,0.2104973240507233,4.772280879246922,0.0344354649369739,1.434485025681694,0.1936333043907577,4.747010936897323,0.0347715197501495,1.3760261023858154,0.1875549072508897,4.749473111760025,0.0334689091434233,1.293366211936117,0.1696841024044416
4.702138310817804,0.0400258402369614,1.3632893710619836,0.213897935549484,4.754346780532565,0.0414484227455477,1.426224817697518,0.2317256370713418,4.698768216854912,0.0336100342233404,1.584175435869487,0.2087133919841382,4.721388548664363,0.0350987219731133,1.4570289162735737,0.2004645394785221,4.764839523884932,0.0337790238792129,1.2844602309937558,0.1700771009693097
4.597994244041478,0.0418480106418804,1.2526812946308516,0.2054913269617579,4.5713282961903445,0.0408219361406428,1.2880686376159964,0.2061155187339172,4.602771096296363,0.0350772173706685,1.4240701248727543,0.1958098777806774,4.561603833346034,0.0343315569208243,1.41431129497664,0.1903340967128813,4.610738280263699,0.0345519981918689,1.2299695596705502,0.1665887303637565
4.583334485775785,0.0408872206981151,1.3674415461464555,0.2191666391006957,4.637883986650632,0.0408381097202868,1.4080589292090693,0.2254055210157317,4.562289550210943,0.0345830695062065,1.4201903670191796,0.1925254675590507,4.6373710410762286,0.0348731900033076,1.4790394643943063,0.2021852758455563,4.639490301129843,0.0340205065812566,1.269729978417105,0.1693285682723071
4.589413281445122,0.0407672047140129,1.4359457659580177,0.229470603742525,4.570528718795268,0.0412495305802516,1.3542107895187347,0.2189693690600126,4.598665753344116,0.0342836071899181,1.6029881249920956,0.215424405066008,4.543668010055634,0.0352632197518503,1.4945663678048178,0.2065928350039936,4.567909514700738,0.0345826192583766,1.2815433969888308,0.1737277869082009
4.702928831215332,0.0405274933771139,1.3784468111204744,0.2189867525059763,4.664103963323947,0.0410683397623061,1.3364132952680223,0.2151424057050512,4.640569408600786,0.0343917138345418,1.5468384304290512,0.2085339926870799,4.663126827443068,0.0348346097975873,1.457693758979769,0.1990468601299056,4.731634673134063,0.0346021279278157,1.319414945679023,0.1789626052415141
4.537239186334864,0.0380252259258418,1.2845779494190686,0.1914742391956476,4.513846761320935,0.0427713271764761,1.3635379427873242,0.2286114828096675,4.564798132198132,0.0320775329782213,1.3470011399240212,0.1693741037253567,4.514990075702856,0.0364939242909193,1.4091051643277896,0.2015775024629186,4.588293683039844,0.0331203461353972,1.2156891766872018,0.1578321613374546
4.610022654193263,0.0423128142499741,1.3122525352760264,0.2176543837509637,4.694458930582059,0.0421101014182345,1.2856382319196156,0.2122184571909073,4.578549511999533,0.0355891125505758,1.4595087441348673,0.203611332702407,4.662764723673946,0.0350542046581162,1.3703423966395658,0.1882986901719082,4.638307210231103,0.0347702781762147,1.222591319279623,0.1666355118244382
4.64711604077476,0.0399060928338565,1.3273235919099566,0.2076319146836959,4.653934604585769,0.0406498944324103,1.3161918646605235,0.2097281427022367,4.638922875094811,0.0335333556553817,1.5113741812142858,0.1986676253210014,4.645689410347856,0.0350753546554235,1.462138116460843,0.2010335568144394,4.639322402189522,0.0337450497794611,1.2430459867972026,0.1644278414586213
4.715961891992381,0.0417854257301145,1.368654590041172,0.2241799542766324,4.628462201118235,0.0426716413024773,1.4392802542008665,0.240748063021268,4.655713884265899,0.0354192216697948,1.4597295645623527,0.2026700171211761,4.567917290563333,0.0366091548418265,1.4780725907480885,0.2121111766369871,4.660506585578889,0.0350441234105834,1.3363560805427783,0.1835758221247407
4.611958458321138,0.0422267145738109,1.3608984627241174,0.225263642773247,4.65765934757088,0.0422466425371739,1.3913851554457002,0.230418662996281,4.556842050140965,0.0356738450802329,1.5331288783460544,0.2143910606506219,4.622335130363374,0.0353410032012575,1.5305872785852943,0.2120386641243575,4.62227056791893,0.0347996570338777,1.3105652552328948,0.1787770227681636
4.557829925844247,0.0417270718082378,1.2527269215372834,0.2049049295021569,4.547416927644143,0.0432317986994285,1.3291758034492531,0.2252494911334928,4.610386075992461,0.0356599550302524,1.401547364588403,0.1959145346547454,4.552626472994509,0.037329910898263,1.4161282089373386,0.2072228364135619,4.593622356115684,0.0352321469242298,1.226963659381326,0.1694528567653888
4.669747590179342,0.0420184110740912,1.369823755058896,0.2256224992027988,4.735305989547882,0.0425962453873532,1.3692791752074052,0.2286343135772706,4.70827670435227,0.0355456433199942,1.487333773578361,0.2072396762408596,4.721844566470645,0.0362298719396041,1.4540972759337087,0.2065086970161405,4.7399121110645295,0.0353418143305854,1.2482959360827537,0.1729356315632265
4.656424470497669,0.0419796074335088,1.3285925214004075,0.2186292491133616,4.693068167850959,0.0413345826127251,1.3802570768755205,0.2236411031367011,4.668271604560131,0.0353078784866692,1.4678223681178597,0.2031529866966008,4.718154154183094,0.0349374905195823,1.446712021650968,0.1981307503947734,4.748631130981234,0.0351901619901031,1.2420818828680318,0.1713363772353545
4.644568180936356,0.0435260814712674,1.3722604809141752,0.2341338539053533,4.669970609016986,0.0435531733880334,1.3783777420550003,0.235323956979805,4.64494712846144,0.0368785354185897,1.425018846119399,0.2060024379032905,4.68098584982372,0.0361151584054818,1.435373882269699,0.2032041861134874,4.661635061438038,0.036413592320297,1.2544699362402325,0.1790613564434726
4.738563464355929,0.0429809910032259,1.4352102469566577,0.2418076507977775,4.751625505400879,0.0424336879018794,1.3192838321762757,0.2194457148425652,4.736854270188387,0.0361409232721331,1.512694356817733,0.2143031311383539,4.778727919126565,0.0359595801495497,1.3986600772876248,0.197153675461081,4.749135180644445,0.0361725221328853,1.2897429376068117,0.1828773989518839
4.692974032158041,0.0420100007765356,1.3028592938354873,0.2145498877103443,4.750339297752734,0.0425297982727492,1.2926494386847636,0.2155024298889245,4.715850081103334,0.0352994407412078,1.4329765629195828,0.198282779804412,4.728599403445552,0.0371344220429705,1.3237566244702117,0.1926916529075957,4.723273097208272,0.0355846603437571,1.2221021718026868,0.1704701830135722
4.669734886325464,0.0402405506272459,1.3490915209784635,0.212805777322879,4.705900512447874,0.0420050892241204,1.304849220537873,0.2148524590593523,4.653199689770251,0.0338848412813588,1.447368842181385,0.192248412217567,4.6454707483249225,0.0353377027610474,1.3507704201901454,0.1871104062790077,4.707019737468354,0.0343758467042182,1.2829591253176476,0.1728798236155121
4.626807866011925,0.0413217227658079,1.3125666519656327,0.212607153214221,4.64485958948189,0.0399945589382843,1.3049150438397414,0.2045790871329742,4.629696064805838,0.0353165699569443,1.4033332960478877,0.1942752306907632,4.63592865102493,0.0337743851220934,1.3774889957853245,0.1823701167175201,4.64702748246841,0.0338117253463499,1.235915184162233,0.1638076149937692
4.614582750131579,0.040448269018211,1.3225951592437393,0.209703151013418,4.6345914565201465,0.0421324120087468,1.3682790304166308,0.2259795192385742,4.616099225772821,0.0342670208081805,1.4563963675405014,0.1956293545540055,4.573460625339328,0.035464510432778,1.4033694957500529,0.1950940785570853,4.61416011988609,0.0342111202325022,1.2544176958521,0.168223844479712
4.725052438437936,0.0396788020408475,1.355179487336556,0.2107819693034291,4.710947562081572,0.0416045396421816,1.3182141808837238,0.214983330608475,4.675963551001789,0.0336797604724327,1.4191437870789032,0.1873585346527498,4.686343732011187,0.0347972984124595,1.506220174899555,0.2054528048584453,4.739293303823119,0.0335315189869982,1.322357369417591,0.1738121589637768
4.719686248408991,0.0414225251743243,1.3612569368481022,0.22103180137658,4.709220193944273,0.0407187911509855,1.3623600499489792,0.2174527292192168,4.723593703179615,0.0350261414847968,1.4634077616764605,0.20092581493004,4.690288508062794,0.035090724806304,1.350793368019256,0.185805833633056,4.727618708563366,0.0340634472152416,1.339646698702917,0.178878012678832
4.758166175651143,0.0421872017550615,1.3589663949755613,0.2247333491701651,4.682056861524588,0.0426132483665115,1.3631130861433154,0.22769558780981,4.747496771425056,0.0355721290257247,1.4559981357821674,0.203024647211163,4.660395038988525,0.0358544463626375,1.419995456405342,0.1995758843122516,4.732879658122904,0.0348502859774276,1.3125116275456314,0.1793030150336435
4.724616801335045,0.0403339091059106,1.3487216647151603,0.2132410123468271,4.710714196788154,0.0403089697388739,1.3684266730651624,0.2162227146533192,4.719133669590492,0.0338741818499257,1.532811715337563,0.2035334116822752,4.719748266639638,0.033491022421981,1.4465871804244266,0.1899114303529603,4.681698342042575,0.0337998744487254,1.3028796018680286,0.1726225224649374
4.707104767569759,0.0436073311135962,1.4012805872497296,0.2395315361518479,4.652365175203064,0.0444487428859102,1.265890049566095,0.2205634546534697,4.653742184529238,0.0378992559972677,1.4437682522187905,0.2144896095896125,4.591486391965948,0.0387362479286327,1.3583021179632322,0.2062490782605159,4.685168892638895,0.0359199284340639,1.267402682190769,0.1784547742658069
4.758133641015989,0.0423441962438175,1.3046376248331517,0.2165518406589623,4.757099508485866,0.043129165054036,1.3714209673170417,0.2318568452290632,4.760727933261602,0.0357639805469212,1.4698976321462551,0.2060682234408704,4.680186329844114,0.03706519026306,1.4274271140304982,0.2073949906656589,4.736713512844623,0.0360073161772519,1.2825277091052147,0.1810237660378207
4.604378759773869,0.0406438950951066,1.3081564892220507,0.2084169846730472,4.577426874976143,0.0413008503438451,1.3209304222943092,0.2138538250819437,4.610321114206399,0.0341072562690921,1.447890267614501,0.1935800153320729,4.608816188030527,0.0346483284374782,1.321011019811143,0.1794183319265283,4.616930557199108,0.0338662543236096,1.2513632231886251,0.1661225692601685
4.656361337733931,0.0429969748330226,1.3096789932689414,0.2207399038525908,4.63723154627823,0.0425314642601954,1.3735249389769624,0.228994457357924,4.642748476817221,0.036342970121247,1.435164231744421,0.2044561157118694,4.6270274442645976,0.0353314439175321,1.4657971650128991,0.203008092504227,4.656452286569251,0.0340839073677001,1.2437631051724185,0.1661747877822833
4.755605132823129,0.0422343571206188,1.3363272126485377,0.2212365039103001,4.729247665840351,0.0455577196305452,1.3707819933137244,0.2447983324564052,4.726648209087024,0.0355323429245785,1.45160992405825,0.2021863630381517,4.736241429601534,0.0381030345640697,1.4645700982940904,0.2187498754469103,4.717224576661788,0.0355551328823647,1.2867360151110794,0.1793369789874244
4.622403694340744,0.0403835186205738,1.346831831618234,0.2132041309877428,4.700041615718554,0.0427699945683892,1.3517795345617534,0.226633000624301,4.642133729312937,0.0342464847276901,1.3967839069765664,0.1875095142589327,4.69557063028302,0.0367854283844735,1.4798961578691177,0.2133954461330141,4.689950007064008,0.0338070703869882,1.2434914433566573,0.1647890786909771
4.62018484168328,0.0426432848322374,1.348947701821659,0.2254882159294672,4.701393885984539,0.0427031127632683,1.3868610161248096,0.2321510009380424,4.63792604721029,0.0362589074014764,1.4705638305683366,0.2090146272579084,4.670211370902642,0.0357673586573959,1.4210230568707471,0.1992352049743404,4.667420390290665,0.0353932944425427,1.261623410917647,0.1750365783268924
4.630254177865113,0.0407265916499875,1.3925254717341653,0.2223101546218086,4.603139259717628,0.042597940597782,1.3618183630464271,0.2273975997563203,4.594083111545252,0.0347784439706799,1.4913860577189624,0.2033191627663863,4.598669803734766,0.0363990049622406,1.3702165676003673,0.1955045244947171,4.612441750181744,0.034221303224127,1.2349628262259986,0.1656641422260484
4.687984412809445,0.0437167595274598,1.2969648974027743,0.2222563978499173,4.633080793137928,0.0435478468649696,1.3882484910557438,0.2369801575341378,4.681959519056065,0.0369497678929108,1.4114320269433354,0.2044324197426196,4.624481065672581,0.0354769212020331,1.4754513630525028,0.2051865588177773,4.6989152483049255,0.0354063874535098,1.2780464759318728,0.1773806946731285
4.732949047984654,0.0434192307366842,1.2595177120981622,0.2143702382456239,4.647480401697466,0.0426808945500181,1.305468789786148,0.2184128035001264,4.742251508235423,0.0367909871799868,1.3816505407236823,0.199258904841052,4.623044063248796,0.0366300637390635,1.432985404195582,0.2057583781079435,4.690733033218622,0.0347400008559589,1.2159520513526236,0.1655862844520515
4.748820950021369,0.0433784224467678,1.4335052387477447,0.2437536485253366,4.6867200733676055,0.0439484981499983,1.4621407313054906,0.2518902171343791,4.705474158870604,0.0367221521030494,1.5968840206322856,0.2298685661881623,4.683466528141496,0.0370557045328296,1.5846565632958698,0.2301803866540219,4.742259888992553,0.0355542378865716,1.326083270253398,0.1848162936829586
4.602792796047365,0.043030163075293,1.4403501114437935,0.242951256340915,4.540623393864168,0.0427665402757616,1.3564870525383523,0.2274038733341274,4.595361032562365,0.0361995897360819,1.5524149725972505,0.2202873497179053,4.5614183920949225,0.0364397679321319,1.4965347074830946,0.2137669114874726,4.616311627175708,0.0355567612064774,1.3070279783743797,0.182173484789547
4.764694778485566,0.0419492975478571,1.3005693365201112,0.213863312850089,4.65547990689339,0.0426329400515219,1.2833642345298295,0.2144733335916595,4.767737743159313,0.0351764436879835,1.4788824674756056,0.2039218101061733,4.635332215799878,0.0343556625203222,1.4369644210776031,0.1935184736279614,4.706376809428149,0.0359940137599353,1.2405841572750185,0.1750389082109572
4.729361566996464,0.0386143082991804,1.3300595017157588,0.2013248649499697,4.68687540968912,0.0391339230351147,1.3022509412580072,0.1997681065284894,4.724762590241069,0.0325146657623272,1.4233128131809785,0.1814085448657675,4.666933626711728,0.0335264247514525,1.383661227857539,0.181842377568331,4.724193050561767,0.0329436427959942,1.211238957243227,0.1564154100855322
4.629712536084877,0.0419224833372099,1.3317608364328666,0.2188524066418362,4.684044319762051,0.0428168899650858,1.3790647767897677,0.2314610247971291,4.601496739205994,0.0357985839102828,1.3964037312162,0.1959543617131893,4.694280832891204,0.0357215930153556,1.469255561612694,0.2057340844117606,4.654690975497676,0.0350187913644897,1.2393990269145383,0.1701337169837966
4.708887997154589,0.0408133613058775,1.3513521396625303,0.216196661922472,4.674285710598746,0.0430306516080038,1.3078265202833153,0.2206003255861987,4.700997057992109,0.0348551191649743,1.4770141211514962,0.2018037842882211,4.658137008901691,0.0367022542287296,1.4055667888173315,0.2022191650121494,4.719972118431908,0.03417424173944,1.2772574745405374,0.1711021342383013
4.759816862675264,0.0418690852474416,1.3557117283118396,0.2225045582520857,4.61235470477844,0.041546991500629,1.3253395315971064,0.2158464050972464,4.7761150045581005,0.0354018768144887,1.519810322652329,0.2109083447082489,4.586735815887987,0.0340806694543052,1.48385017710987,0.1982331383833405,4.659606615965184,0.0349666310352513,1.2650003400136534,0.1733893904537175
4.678676674540753,0.0412503691225806,1.4118511577378228,0.2282941800628696,4.760858809553036,0.0435187033444234,1.361845747449142,0.232317514482398,4.692968151001989,0.0349628556197157,1.4965267821435353,0.2051018024122755,4.745507204432717,0.0370997420408258,1.4053904461835718,0.2043835665735934,4.680659736451047,0.0349415698484377,1.2255847875706076,0.1678664326817438
4.715168951405363,0.0427185126433515,1.2731845673195357,0.2131992024051672,4.687799875191796,0.0422650530046625,1.4323627635874951,0.2373080807779265,4.706801237495335,0.036293866299286,1.331709664522322,0.189461457190761,4.634259430609223,0.0360984113826968,1.4212619486761673,0.2011130745752253,4.68474272186555,0.0347398768107697,1.1805774211305202,0.1607684533562083
4.709683790484757,0.0397139602230825,1.2942373694666145,0.2014815199898363,4.688248330071636,0.040521543135093,1.248641430674868,0.1983361156263186,4.690597501298933,0.0336086087583867,1.4513635933779143,0.1912074662633135,4.71301245758191,0.0344879956884261,1.3583903347872035,0.1836414127205554,4.667564552205914,0.0333113370997489,1.247399934275098,0.1628830409895628
4.641890060465595,0.0424474261220388,1.286397087287881,0.2140447084849116,4.721772829402632,0.0414116697669371,1.2967541246078784,0.2105030859078475,4.6779215020172735,0.035793439744771,1.413803908737264,0.198367582553912,4.699637009717569,0.0344542636758759,1.4125652087513665,0.1907785594486016,4.732388477943857,0.0346763005712986,1.215926325234698,0.1652791636682351
4.540623474842163,0.0449443133402341,1.3376862970753638,0.2356715263806579,4.607161270856149,0.0459858829441723,1.364643462614896,0.2459924711143238,4.545247951909284,0.0380243743089185,1.4197235179047998,0.2116137774388761,4.590951002626166,0.0377751909941858,1.390427230375512,0.2058889411014039,4.606026892852122,0.0367020778780366,1.2202322857640235,0.1755542107860145
4.694536178792299,0.0414292736987024,1.3858784318073645,0.2250663367859962,4.704537767035119,0.0433708150497779,1.347614879976794,0.2291086404113934,4.696917159674427,0.0351211284961899,1.5223409798516012,0.2095841747909032,4.635517968504617,0.0370033165429644,1.4157536486518318,0.2053555416734412,4.756121876374037,0.0346741838205623,1.3106581962845802,0.1781450591202633
4.597231758316408,0.0414369817970738,1.3804299729805434,0.2242232182871534,4.603339247608758,0.0431104719961874,1.3384187372715857,0.2261793087156463,4.558788556988639,0.0354122457479522,1.5061778821139824,0.2090777519787257,4.567456165088617,0.0356182638755347,1.4317973923144014,0.1999090249134222,4.618121311339007,0.0355778390077891,1.2577147451394102,0.1754041259123452
4.7588089199300585,0.0404916342082178,1.297407809671914,0.2059301327125844,4.691887185815398,0.0405451483670896,1.3217823174221697,0.2100762315910127,4.715741996283106,0.0342445072916835,1.429071277559975,0.1918328147584122,4.654355255429524,0.0341378901647098,1.4567573062011394,0.1949404518473022,4.717242719552575,0.0346604045751944,1.215906471480198,0.1652007004328165
4.637387240313476,0.0409418365808476,1.3535397497749715,0.2172283090100932,4.741077714836709,0.0425205621149913,1.3371595478873644,0.2228744649594561,4.644183124100104,0.034645933065542,1.4944122202214694,0.2029554691332533,4.664498472328992,0.0354654176098145,1.4695383315481043,0.2042979851457745,4.691503016949407,0.0344300664235872,1.2967382662355718,0.1750121798417847
4.699904059977886,0.0412914040611815,1.3138294687495204,0.2126555571019965,4.704349252915953,0.0412679366733073,1.2624516037537812,0.2042234367978265,4.693833843294729,0.0347181303443709,1.4426522485072606,0.1963342523624243,4.7043130983443655,0.0341015658569487,1.411247442535326,0.1886494640582399,4.702417423041265,0.0344163629855138,1.2485391172725833,0.1684399926284654
4.673620209925928,0.0392481347068974,1.3629320297700995,0.2096869032941305,4.793310715885975,0.0403854949640933,1.3825361553781343,0.2188668534038527,4.665758748737352,0.0329975026016952,1.4737700044933355,0.1906289569494861,4.770786340746144,0.0341427177140539,1.4972397378081237,0.2003860659668802,4.666834798188161,0.0329436442913818,1.2584022257114158,0.1625059266339273
4.6482978100802494,0.0412847472801427,1.4028204533327877,0.22702297287236,4.584635714415212,0.042998523790632,1.4027408095589575,0.2364335289604817,4.660747863932819,0.0347555682224847,1.4855718546774288,0.2023933051701898,4.522849125872735,0.0357100022832913,1.5062979139650507,0.2108525410961567,4.65630151040182,0.0350118051427219,1.2991019036989992,0.1782936223870134
4.6242484227181535,0.0426463710435659,1.365374937439586,0.2282506876498677,4.564594062243873,0.0412752466031436,1.3442626498640948,0.2174963110811467,4.645507633753627,0.0360035580784157,1.4481509038177791,0.2043794982836495,4.569375501241368,0.0350095366481631,1.4339305381086351,0.1967852593595861,4.664490018852391,0.0357986786021671,1.3023082710512277,0.1827506295789124
4.664828621694299,0.0429063303454536,1.2778088496878433,0.2149143182287611,4.60042181792751,0.04353681773194,1.2784603957005292,0.2181835718744576,4.651965125480217,0.0361371060424447,1.3647602347256074,0.1933249100173151,4.617601859141218,0.0366380280810579,1.3522901274008283,0.1942137863634029,4.67040807751617,0.0354429801422526,1.216613212786308,0.1690288539290926
4.6432558292367325,0.0435150439122465,1.3284427654919708,0.2266002375700808,4.668349680708837,0.044030309552093,1.339357631917026,0.231167290215059,4.585230155294319,0.0370289604442961,1.4454955554266238,0.2098149196884186,4.645048355944738,0.0373858968296853,1.4691504489983136,0.2153040315502613,4.661689746282728,0.0364013924624508,1.2460567355831484,0.1778008778358849
4.684483367263961,0.0407434530725045,1.257160589248263,0.2007828793124239,4.669062141296717,0.0429568904771133,1.306963365369022,0.2200768379656733,4.6695501248076114,0.0341652866822772,1.428926233928817,0.1913696072395609,4.645807687395222,0.0362763917918134,1.3891231370749648,0.1975344808478704,4.698294753023022,0.034478127758552,1.2403432735501805,0.1676345979100239
4.696485589818529,0.0406105754623285,1.3512424393100275,0.2151050008765424,4.719929497977779,0.0432051215120646,1.3050587089835182,0.2210260013206115,4.70591615993167,0.0342531947535409,1.4645960166320569,0.1966513893825684,4.721034854288167,0.0360473697747284,1.4850674291684551,0.2098446210427813,4.692174144012821,0.0347949235823404,1.2209398604194492,0.1665283757821455
4.6781854769643765,0.0425375607552113,1.4060787252500104,0.234455435818758,4.711538944443969,0.0422420253523637,1.4098810175863363,0.233456130489688,4.675655818579223,0.0359812007562737,1.5362327133118978,0.2166759693058955,4.748427295673519,0.0356313059050655,1.4827259275234057,0.2070955220013353,4.684361506424864,0.0345764343432132,1.3299337216497984,0.1802554024530176
4.749523413319352,0.0418005985137936,1.3561727364366325,0.2222161383701492,4.678748387650279,0.0413167647747148,1.3412803342373467,0.2172320753774987,4.731267281328991,0.0351670488288258,1.470505513154705,0.2027125646425508,4.637263691400237,0.0345489838026688,1.4411662098666331,0.1951764594440668,4.652437252962157,0.0347377810988607,1.2866688251794467,0.1752051788881471
4.65113015563179,0.0421059580861041,1.4215680017058558,0.2346331006522744,4.601064531708159,0.0443411126609402,1.4383293067819187,0.2500017236705986,4.62537110890746,0.0358063465514391,1.5320834845882236,0.2150406323093263,4.627145892035364,0.0368046987911688,1.5108852780495563,0.2179780905890033,4.645103342883882,0.0355622487841988,1.315452115041199,0.1833759370470858
4.637436156937379,0.0433848063890028,1.2552820989520943,0.2134799468241392,4.71180803433628,0.0422012159415849,1.4085095485674344,0.2330037156336965,4.624351580794446,0.0366119188806641,1.4171885602597212,0.2033893536230127,4.663365119737161,0.0358340573541847,1.5147471395004164,0.2127718708209647,4.667122029175524,0.0345241662638056,1.3001739069275486,0.1759554536455797
4.604442882488735,0.041905224383639,1.2539111074274407,0.2059742862550324,4.626508451057882,0.0428578714139987,1.3978866807895023,0.2348446392524897,4.601244515035518,0.0356516336323953,1.3276754358667835,0.1855450795342051,4.596967231080291,0.036311805184522,1.3659410149849227,0.1944275806782789,4.619963555395522,0.035109133942654,1.1374459863333757,0.1565413179316047
4.62096749854525,0.0409296057630183,1.3817274329167624,0.2216858780719383,4.755476335927002,0.0416779676464389,1.3384405267989237,0.2186672272771748,4.655452818213795,0.0345944156341458,1.4514421292637003,0.1968266089699515,4.704510900505733,0.0362091753477304,1.4719616576065462,0.2089263504991493,4.740044638465195,0.033990714928889,1.2450140749279903,0.1658871122624319
4.738434256168646,0.0426346993284007,1.3331637146782114,0.2228049196249762,4.714115065224128,0.0434776956313686,1.3237246879263176,0.2256016508395932,4.693513948972708,0.0362653721059104,1.4134290314697324,0.2009297445054104,4.663821299389852,0.0368496392604842,1.397628423938973,0.2018845349661404,4.700771210584283,0.0354631818635334,1.266087991749303,0.1760028399771193
4.635837844720376,0.0418964512505719,1.4285327626999624,0.2346094656658275,4.526891439983028,0.0433094324081672,1.4818408295079848,0.2515719033836306,4.638942666522189,0.0355714618462819,1.4796107299336418,0.2063133220531905,4.522081575597542,0.0368001261625802,1.5139608204301516,0.2183946677253583,4.598228249082294,0.0351300788130927,1.3705400378971684,0.1887334757418476
4.783066135637025,0.04092246277962,1.301855319502204,0.2088346559022522,4.747384236547052,0.0405428729782137,1.3949109602620628,0.2216864220661849,4.784878928058188,0.0344800463091962,1.4488003504134068,0.1958188381629106,4.736658501706004,0.0350549625771692,1.4925449816837055,0.2050949764948696,4.762864289094478,0.0342164140138199,1.2475686004459343,0.1673312342673231
4.708197248171172,0.0411261439783502,1.3876793769295537,0.223709904459929,4.74022834976603,0.0405127156851625,1.2975361352355208,0.2060577267203837,4.669290837239472,0.0349247709049129,1.5323859278315388,0.2097875967051661,4.7134757966093614,0.0344537900533863,1.4219473697272054,0.192043057581607,4.69149561492974,0.0338495674694762,1.2838689050945655,0.1703538255808053
4.737682940503248,0.0428899772288793,1.2978862701157154,0.2182079355823759,4.766692464956177,0.0409598782308875,1.249832157478927,0.2006727666022506,4.683852258527887,0.0365558956054255,1.385063470450952,0.1984747165936491,4.742722865523285,0.0342544435893592,1.3813552880444593,0.1854814142942908,4.675624577090335,0.0343674261541394,1.2253934015163244,0.1650823460840279
4.592472234482213,0.0430352080316184,1.315552047449545,0.2219269416360118,4.66025699142057,0.0426508846921602,1.308761853814493,0.2188097948376265,4.588915345603803,0.0366361732843647,1.430019971749234,0.2053668274486306,4.6334511245033045,0.0361346879986795,1.4606528331667257,0.2068947170425627,4.60528349512573,0.0354867622193982,1.2616516155212405,0.1755027441008232
4.732679292001713,0.0426066276289362,1.3551622725150263,0.226332306755905,4.727129088628492,0.0419070614154057,1.2761481892709052,0.2096362603420405,4.702744911588463,0.0357703507205619,1.489857229434558,0.2089036065087907,4.710253943537763,0.0346008891960506,1.3808723791133697,0.1872918541646556,4.737350872891436,0.0342513831231922,1.2609703471401703,0.1693016045763012
4.724239641355157,0.0427067776293264,1.2464295556867373,0.208661645994941,4.709108128408423,0.0431726941846761,1.2876763015533237,0.2179184199135149,4.6519119617662055,0.0365236164382313,1.384981722323666,0.1982877578533988,4.671365870332923,0.0354102860358772,1.3189601910745323,0.1830792857460115,4.69276738764704,0.0350376091104249,1.219842977790234,0.1675392165841
4.626476774569863,0.0427971140265812,1.242636302820867,0.2084666596837628,4.69443250575893,0.0428376419929525,1.2788109525597298,0.2147385374451627,4.613853877547933,0.0359260644735545,1.4186325739106125,0.1997825993136189,4.670358570119175,0.0359720698848533,1.4850471111549135,0.2094034084743987,4.699657114613395,0.0351240216739155,1.1934960564741224,0.1643248753492617
4.740980955046516,0.0421841781982866,1.3346835953131655,0.2207018645191671,4.79536854227468,0.0423158282132504,1.4202199562172435,0.2355789831752477,4.702237851997356,0.0356358512492826,1.5094389900520495,0.2108534872583956,4.763962711475783,0.0360627366760437,1.4412202495271562,0.2037356939354705,4.73466233540343,0.0347047095313555,1.291109564423826,0.1756424955020379
4.628223819686669,0.0413987704032689,1.2007454306487355,0.1948572062204237,4.606180159977357,0.0427504658263191,1.282356451003436,0.2148956868610309,4.637809810956139,0.0347549461900402,1.3485666423155236,0.1837245194192542,4.634149698405897,0.0361219381544652,1.3499356626262469,0.1911446742773517,4.648903013392526,0.034380550448414,1.1762744682463524,0.1585256646913463
4.641255839671024,0.0402515246939942,1.4262420060962249,0.2250368529047713,4.641677816604268,0.0415405655612463,1.424119111160404,0.2318978948958571,4.651414239253356,0.0339778103408847,1.547836488034843,0.2061572226893087,4.61319163439048,0.0360347665136031,1.5258637978904546,0.2155338905404924,4.646467943570212,0.0338141816621023,1.25034979020085,0.1657328099570952
4.646297488984543,0.0396720566232525,1.2594286150853176,0.1958557644942233,4.618057805911915,0.0422424920041492,1.3293338654432478,0.2201211058614781,4.625616469423835,0.0333098890819187,1.427767479116376,0.1864269776450076,4.603756094594678,0.0364131640002536,1.441435583378908,0.205746162046559,4.652641332455992,0.0340506750087646,1.2628374427057032,0.1685587346506288
4.722848164959961,0.0440583208484511,1.3560877230328685,0.2342037325324832,4.736543644730599,0.0423125700914847,1.469470130129659,0.2437295882128662,4.64396190802203,0.0378742263845452,1.4579679941496824,0.2164561091927489,4.733599934338677,0.0357928766658844,1.428570687403541,0.2004363222049774,4.72314276868213,0.0352326553570849,1.230279804748254,0.1699132932116218
4.74277488151469,0.0416274968515246,1.4412378528848375,0.2351765652944018,4.689225969608185,0.0417234409907558,1.4403348296992855,0.2355709143232698,4.745513679459828,0.0350709324703234,1.4908081338653534,0.2049496369780059,4.701352588453415,0.0351557588760437,1.5282484462150554,0.2106049268150101,4.710214405468645,0.0345113065815497,1.3100019081282133,0.1772194631883428
4.691807064369092,0.0416977122990333,1.340630412944308,0.219128760716091,4.749749558988122,0.0428625532803979,1.3841208929502558,0.2325573922655415,4.667625663360035,0.0355072245874655,1.437650663216565,0.2001005041491397,4.725013186781769,0.0369169169989454,1.4480189833754822,0.2095452242454837,4.666473146595091,0.0353370125066156,1.2917721449737354,0.1789343962731878
4.640614327404927,0.0381952865168461,1.3509783734255083,0.2022722268521831,4.702146169355714,0.0396125391356216,1.2918338551477817,0.2005937650183124,4.637218009970958,0.032204415126702,1.4518978270876437,0.183286111765539,4.719373400248875,0.0338879423244167,1.3558938104920473,0.1801146191829025,4.680934576809931,0.0329788701324917,1.241199258326456,0.1604557801968679
4.737138435661705,0.0416712365495875,1.2436577544050256,0.2031493123796378,4.627010329237143,0.0428171675094488,1.2502319790860532,0.2098392010154389,4.730876006503144,0.0348899763665556,1.440586457923969,0.1970235272660395,4.621341864645308,0.0356987373552337,1.3452394460363344,0.1882480715166364,4.739025429992759,0.0354136848179035,1.1723118572517464,0.162739269447122
4.685597746694943,0.041084441018506,1.293493262215939,0.2083145668468466,4.689419359495337,0.0430399507785601,1.3134210968455309,0.2215918792126338,4.667582589218645,0.0350787109014702,1.3612383922114226,0.1871784735596195,4.625258124202996,0.0363164874340121,1.392994080679088,0.1983038719972694,4.672630139706516,0.0347869518347669,1.233267659607576,0.1681712706393002
4.638572874554647,0.0428841671914259,1.297938467273826,0.218187150806466,4.559104696623692,0.046339057286645,1.3742099756691202,0.249619424662938,4.671863038741662,0.0368646646258853,1.4096673385465766,0.2037065583601732,4.594356550806428,0.0393679797387077,1.3880674564879525,0.2142060769324124,4.651691942727891,0.0361684355972807,1.2482084912906952,0.1769680819527793
4.741057808447257,0.0419462045749111,1.3781416894750804,0.2266024639505821,4.7350484071523145,0.0428043220569808,1.4072520912892943,0.2361226302966849,4.712917555382798,0.0355814150698957,1.4144472894537066,0.1972822763393854,4.720665456736177,0.0368533429555244,1.4404125079156838,0.2080855196239287,4.68385144743273,0.0357759369009118,1.3006880821625906,0.1824073204015422
4.677501358509662,0.0413259506306429,1.3175355029435214,0.2134338340542986,4.712766555871443,0.0423596045467194,1.344237345521475,0.223206038964317,4.66356558861723,0.0347257525150362,1.4531897750207086,0.1978117503560967,4.692384861060432,0.0355323828849566,1.316373708113466,0.1833502977295447,4.715024679706715,0.0347473607978646,1.2691389496188032,0.1728658011132775
4.702889136430846,0.042660597381384,1.3461569699922873,0.2251130766136006,4.733327595077203,0.0418809994534371,1.3841802445481384,0.2272415644024847,4.68759923039265,0.0359775561731326,1.5222988925904295,0.2146889431360405,4.739356527085868,0.0361375500955655,1.4845903111813292,0.2103020060077689,4.696319202328607,0.0346975803945005,1.314656235063488,0.1788090446778752
4.654549376748982,0.0419705118892786,1.300287065960511,0.2139250269497697,4.598532651397006,0.0421956716495199,1.2816647062026538,0.2119924606994126,4.601018752720204,0.0358978632480677,1.4337664116446338,0.2017553628833139,4.590217169498074,0.0356347701331095,1.3729141448195794,0.1917765174522444,4.621748804717719,0.0342024022926246,1.2330843137417635,0.1653207895124133
4.732452226112733,0.0412507625192844,1.1981452685813971,0.1937401111909686,4.658535650711159,0.0420775130555038,1.2667310045417353,0.208935650982987,4.697324622939987,0.0350380774960594,1.3231342430115902,0.1817281748065546,4.688100138143678,0.0357214891679236,1.3297718680642905,0.1862021894412044,4.641609871154863,0.0356489027266334,1.1772990649934536,0.1645171027086647
4.729358832577857,0.0391844997509998,1.3085891063089896,0.200999831793531,4.726433257420544,0.0425779984993226,1.2753936501959873,0.2128666274363271,4.714882609839862,0.033254074497742,1.3981296785949486,0.1822512043086566,4.754374175819783,0.0357139556212065,1.343245352368988,0.1880491557084992,4.7266301243989695,0.0338195505210509,1.225394112347164,0.1624507449902218
4.708865796196118,0.0419259207656196,1.2539037227408576,0.2060748003168097,4.735324380288143,0.0427248703986191,1.294517553028521,0.2168037472600364,4.68233879786436,0.035569791697311,1.4034064427108692,0.1956783936463741,4.707175256179647,0.0360334314194473,1.428352553676017,0.2017525923205036,4.705285993666051,0.034030643763585,1.237251611348426,0.1650464849967201
4.783940514374297,0.0414212154269803,1.397743553809224,0.2269490781485004,4.730855680768569,0.0437457779525587,1.439287074469192,0.2468093771937308,4.75541691566103,0.035123647996512,1.5932854929010194,0.2193670043433168,4.717550836560946,0.0370011776789698,1.546660938421112,0.2243307204658579,4.754591106264567,0.0357196577635371,1.333303563045681,0.1866871456270879
4.6713665124042585,0.0403443322009685,1.3517196494025183,0.2137702400355359,4.62977034215667,0.0424068304237898,1.3344160776844658,0.2218222806675231,4.640974433909458,0.0340652723079838,1.5130130820942769,0.2020378018163278,4.616966971729602,0.0348318845895423,1.4791315343992284,0.2019583693832481,4.677432277476034,0.0348377149005439,1.280842978373504,0.1749136245127662
4.613174833702743,0.0429549474988211,1.3122096091296511,0.2209502477937843,4.55433180172636,0.042780437278913,1.3429426016223898,0.2252064149157521,4.607580313598702,0.0365614785293093,1.4014685269363074,0.2008561740646187,4.534622215169756,0.0351038686713604,1.4411811885696757,0.1983132137679231,4.589102780986652,0.034830394378131,1.2715789036319307,0.1736120209896858
4.73216516811535,0.041355127433237,1.279623473877977,0.2074386361651766,4.667075565246513,0.0410101026193082,1.2656870649169587,0.2034676103176194,4.732718384595376,0.0347715609655574,1.3867273822578945,0.1890137355664024,4.65814947295839,0.0347369714388973,1.4252416594581412,0.1940700628185719,4.717687068354999,0.0345549594378551,1.2570200656935584,0.1702670785848181
4.648629135504101,0.0420914295564612,1.2757340354960112,0.2104902117303038,4.667883885983144,0.0427716842111025,1.2893765409827913,0.2161793480420246,4.628586256128482,0.0354277953173986,1.4471691673575509,0.2009747581329076,4.676073090655582,0.0353300485252337,1.4710888577518,0.2037329279497113,4.645816558420584,0.0349332684724855,1.234897471919249,0.1691017919541836
4.754938457069787,0.0439357073495483,1.2987171289118304,0.2236713082781042,4.743907042653042,0.044649421334901,1.26033712346427,0.2205873737190886,4.763288343716085,0.0374962444239115,1.4142619250251065,0.2078718626506328,4.701560633378621,0.0368760135394563,1.4155645409481763,0.2046217184964919,4.718790097651966,0.0359308926627224,1.2181212693696537,0.1715681308906115
4.606231971870735,0.0418606852767352,1.2634613726007973,0.2073224771316227,4.631425200579363,0.0429969479157399,1.289660914032409,0.217365819725158,4.615730178965661,0.0358296961281324,1.36806669706655,0.1921447322631125,4.630577601736016,0.037382504285322,1.375041224463791,0.2014940365385265,4.641755582059761,0.0351018030041604,1.2367098587610488,0.1701669967593353
4.612552947660888,0.041147581011029,1.3305068607774528,0.2146048407643431,4.663721312923058,0.0409797131891677,1.3583262020752715,0.2181981577432064,4.599133974825092,0.0347998089370717,1.4708277969159622,0.2006396562745634,4.694430771706019,0.0335859861039701,1.4099994435460406,0.1856329780205557,4.630296914644534,0.0343599574713787,1.271485484477327,0.1712545468143859
4.778195581167604,0.0407371686026953,1.2811505933371186,0.204582795760813,4.776985209648769,0.0417899430001616,1.268860911795709,0.2078566312174179,4.7719501468798,0.0344908421760734,1.4235532974166494,0.1924667075869672,4.735286878159805,0.035309916140235,1.4107937784651765,0.1952712510133858,4.739905330519745,0.0339334808090696,1.273395599336686,0.1693830084094639
4.686001672726064,0.0403867235358095,1.356329849597089,0.2147247114539871,4.709223519755724,0.0407735639549942,1.4111980875163803,0.225550991231546,4.658278875110596,0.0340668688051334,1.4943239735058165,0.1995515330569027,4.675675459214043,0.0345914586914994,1.456821848935483,0.19753925391179,4.672729638155956,0.0341201367693174,1.2654823886224806,0.1692563439593401
4.624513397301122,0.0428683368089038,1.284077758587441,0.2157774441142494,4.709322277801883,0.0438306376461505,1.276504501084142,0.2193199943331232,4.6070885418299605,0.0361628026547008,1.4062152093475917,0.1993388548087058,4.683862735777247,0.0380549412562758,1.377389125773204,0.2054687564858682,4.657925388938631,0.0358474816230858,1.201788689813451,0.1688748008827298
4.664442028071589,0.0436289349637356,1.3790576112385555,0.2358495802703092,4.644253818462637,0.0435061990605584,1.3389762004797712,0.2283505631801703,4.641636633943115,0.0370050158020377,1.4721169718834697,0.2135408663477899,4.643428254033018,0.0362745681841294,1.4061207494969772,0.1999415041312003,4.624216526098846,0.0358779297933158,1.2787279561412532,0.1798388937513314
4.642211570144609,0.042930636002859,1.3082749090495815,0.220163044113418,4.629517395632884,0.0447389822726727,1.3546168428450391,0.2375640159850111,4.629459767440572,0.0362386609280534,1.3715464583891577,0.1948322074930186,4.6249209875113735,0.0370025665769742,1.4222416274846137,0.2062924440556857,4.657402942502374,0.0355057503209385,1.2016826250581,0.1672501682237036
4.678022402476637,0.0447361723159325,1.3689490434025184,0.2400624266812701,4.635420176444562,0.0445528035514147,1.3423653882447553,0.2344357665404305,4.61764112104135,0.0382090054993717,1.3897812441307342,0.208156639066291,4.595654042339771,0.0379049307057864,1.418927029267279,0.2108307022912814,4.654004833986006,0.0375105232431421,1.2905941880941545,0.1897670970176666
4.654712098855957,0.0408778430288339,1.325934679362864,0.2124653866096936,4.659787824798862,0.0410345536248859,1.3338170951624253,0.214547806900808,4.695887435449342,0.0348960867635215,1.4087443679677976,0.192702348497587,4.654737995468799,0.0336161778847265,1.3706460435172432,0.1806141354781103,4.71990541665641,0.0346042016022727,1.2277419488078225,0.1665382570196972
4.567479013851322,0.0424176845297128,1.3030041329881843,0.2166560583766293,4.590596343728083,0.0422280385418709,1.355025606304557,0.2242985666162107,4.611617707996325,0.0362799971311885,1.4428873176930053,0.2052001844955691,4.596177742827834,0.0358560016337555,1.3909790166321585,0.1955061953618664,4.609765913213568,0.034086416444178,1.274957423527016,0.1703550900005207
4.670564243831257,0.0392667615996711,1.2697673461912256,0.1954462431095816,4.667276955743473,0.0402271341990115,1.313078838345844,0.2070560779106257,4.637298475350279,0.0332552334716733,1.4201251099025372,0.1851248392132037,4.652936405746293,0.034764715960581,1.369588995069218,0.1866409901585576,4.699408431137769,0.0339932431153875,1.2557919991389064,0.1673356206102241
4.6706246022633096,0.0428013418230602,1.3109425230953098,0.2199475465801894,4.625963309066189,0.0429721369324754,1.3843673819972993,0.2331934757762599,4.655433016215101,0.0360535427415213,1.442058456548179,0.2038022145174813,4.608973703596695,0.0348840380910856,1.5095246311337145,0.2064168007221996,4.661882172006046,0.0348383918580234,1.2949983486380183,0.1768501371848646
4.693191668711048,0.0409655552027507,1.2620226973807458,0.2026581611088713,4.649784898261784,0.0401263376765783,1.37052922221506,0.215573766704241,4.7059202615198,0.0349095597241717,1.3962345137069754,0.191064863082988,4.664692750267044,0.0347964729754989,1.4414230723408024,0.1966096279987937,4.719658620232645,0.0332578709203167,1.2679753880798332,0.1653039966490933
4.64356836015458,0.0405721264992431,1.3055229078070092,0.2076301196854861,4.669463542318461,0.0435383637502559,1.2911010670802652,0.2203486683228952,4.635886215424587,0.0342227734244455,1.3984020207289611,0.1875967592080242,4.6599086932462255,0.0366017982369192,1.4368353647574907,0.2061519836717685,4.699127868518876,0.0350690976172647,1.2236209800866635,0.1682091407617628
4.648168819820095,0.0425748574929773,1.2475078586988586,0.2081970539374334,4.688985726082405,0.0425142267902965,1.3341965216525211,0.2223474615752309,4.621006843016487,0.036089139468128,1.4062176358150411,0.1989331472649287,4.668981515777397,0.0356992873471133,1.403281950237244,0.1963733605636158,4.664905148027104,0.0352489082490843,1.2013748658057857,0.1659977871724295
4.678335001764426,0.0402109257274853,1.4222131449228244,0.2241748286446718,4.635233292588735,0.0409300361684837,1.3368776621865417,0.2144923867588764,4.680830606541168,0.0342120560543941,1.5232835685986008,0.204285724448577,4.634442095142733,0.034758466955101,1.462921245415512,0.1993240243924006,4.639558473086754,0.0339087673892292,1.29817421892452,0.1725532207070205
4.663836879843288,0.0407212427537128,1.3287845105303222,0.2121063483775161,4.648767111022169,0.0415916984463451,1.292155108218228,0.2106683972267457,4.636000894921867,0.0345603466536016,1.474892236246306,0.1998096532718678,4.621569385966013,0.0351674848943969,1.355149895091604,0.1868128439909625,4.647322964212037,0.0345491385643744,1.280440093959743,0.1734101742288175
4.757562914773911,0.0422130038744764,1.3094594320615702,0.2166787854333201,4.7318150954209885,0.0423141508453137,1.2410613682706797,0.2058528924808511,4.787311443870092,0.0354839380262761,1.4537701153977942,0.2022113998723696,4.726657043835996,0.0357740377672223,1.382228669870551,0.1938322087266656,4.726983950340143,0.0348062355115315,1.208749086170572,0.1649192305557495
4.64919191461144,0.0396487698058467,1.3399373853091447,0.2082534994846911,4.764573141691385,0.0409674710131654,1.3412632085762046,0.2153928355773864,4.627312758162258,0.0335457702453586,1.4188344006947804,0.1865724714859765,4.709122756463522,0.0350923768461605,1.3971188222669644,0.1921870916748345,4.66815343469182,0.0340703068423764,1.2915551837907924,0.1724912615235568
4.629401442081662,0.0409665180786868,1.3258966562846672,0.2129201752833328,4.655238016544224,0.0420728274534021,1.258353065137224,0.2075306743341989,4.631931025952927,0.0345785967038259,1.4463448625092277,0.1960456942739668,4.667568952581815,0.0357873392458782,1.336628189921753,0.1875072710416494,4.655833562546739,0.0352343623314117,1.2172819451754973,0.1681263107967494
4.694526437107373,0.0424671514549567,1.3276900232415452,0.2210181348100356,4.746619641887388,0.0435860011255794,1.3649907204768696,0.2332141039074795,4.664646468940972,0.03623571384241,1.456589594164302,0.2068960079497245,4.694824050068704,0.0367872010207996,1.4822701284935738,0.2137480634583584,4.699156851221669,0.035500768793993,1.2945773025354672,0.1801539684205146
4.737927465009174,0.0419763964246513,1.4127469769761072,0.232459674861278,4.809180824418873,0.042969244087455,1.3732392947648937,0.2313034031007582,4.721481257190488,0.035802360494206,1.4972430528471368,0.210127094054263,4.799493570307794,0.036141716894084,1.4462587984073985,0.2048957170305975,4.715719126948341,0.0351391171405053,1.2294792243862318,0.1693519208526304
4.691510462210209,0.0412597512084888,1.3284952723407355,0.2148645186617528,4.690505917964914,0.0423299371293175,1.2999615429833031,0.2157030146429088,4.702080297406003,0.0349522295528085,1.4529047333831588,0.1990628003646306,4.629868223362186,0.0352008288981938,1.4210157571772168,0.1960784524639438,4.658285430313029,0.0348838999533335,1.242234563363723,0.1698661046227658
4.735818406023081,0.0397741140276769,1.3533729737469684,0.2110066296731854,4.718387498611092,0.0411555409687247,1.290001377366241,0.2081117376084728,4.681695387335244,0.0339326799493451,1.420954853540843,0.189006407468357,4.662360650671528,0.0357770937405685,1.37146305461557,0.1923389577470657,4.69775306538835,0.0343256976159485,1.2095107506122316,0.1627448266025859
4.556619952303024,0.0413578881754095,1.3897686466768313,0.2253092132277441,4.547837159493418,0.042285412915977,1.4069378669045411,0.233208073372977,4.591913891140303,0.0349662477833031,1.4722881627653042,0.2017994312340461,4.561061133393627,0.0357767511250334,1.410980158920483,0.197879084931752,4.630744275754455,0.0348816879432161,1.252710578190244,0.171287757618086
4.776032167593371,0.0409695065718706,1.2983102814901863,0.2085054045044307,4.769762751224845,0.0412999405396666,1.3436261784099,0.2175233934845553,4.747739369988321,0.034568720459017,1.4230181494249563,0.1928287697940648,4.74237915237416,0.0347790108265853,1.4446963790532,0.1969572159506559,4.739367977840675,0.0350680344587628,1.2520339592886498,0.1721098078930504
4.640273878051101,0.0414038240091549,1.3950577918167435,0.226417890438004,4.710464182641124,0.0412291450958643,1.360580109722734,0.2198905340381469,4.657875330266931,0.0355050312754499,1.4401000427790136,0.2004290414715439,4.724314642600852,0.0354775493083666,1.4503632702336473,0.201701204609179,4.67001037828472,0.0345729801522509,1.2557857732233602,0.1701885986105686
4.742747451979999,0.04306551548821,1.300217779772574,0.2194945984778717,4.724036342139121,0.0436432920630618,1.359155054321909,0.2325222911692724,4.73876598552743,0.0366512994168478,1.3693171287734816,0.1967304131325833,4.720094213929554,0.0360736971102714,1.4863529477864743,0.2101796622950559,4.737726659463913,0.0356994267837009,1.2564274106588116,0.1758234234988944
4.607171738675215,0.0397162623782152,1.2953398191436687,0.2016648343074069,4.6728996709715656,0.0412931866045711,1.3361704605771236,0.2162809914763767,4.598008064892375,0.0335169829408727,1.4428673518328758,0.1895699133802597,4.683185254684353,0.0345072761915325,1.4580695278183924,0.1972272868150431,4.671412162339301,0.0331568070291198,1.2240047294434029,0.1590867040689529
4.60500030410816,0.0417460189003049,1.3697244645629183,0.2241436113054066,4.535035754314613,0.0423296916048652,1.3055411320436354,0.2166275810519627,4.606456163654716,0.035272490986135,1.4154318088348323,0.1957055622152605,4.513946320155121,0.036318419234776,1.3384011366831217,0.1905422639353736,4.602733071427946,0.0343676293605577,1.2302733300104811,0.1657407394655345
4.681163377914101,0.0413941489417118,1.3349057100681934,0.2166045800468356,4.713957878682959,0.0439071867153746,1.3315687675995358,0.229180307613831,4.677639433805436,0.0347980711249112,1.4416364437090692,0.1966477631022602,4.705206725206715,0.0372091860507929,1.5315348329328076,0.2233855801662345,4.6655005871254,0.0356801171127637,1.2779923732062617,0.178744472245279
4.714548582905215,0.0405117857026143,1.2414944175582274,0.1971533879104968,4.701941911542777,0.0405263012322353,1.2431788684244396,0.1974916209031248,4.730958965459922,0.0339768973849304,1.4517009502940927,0.1933476804749679,4.718697112389322,0.0338296829636999,1.3456173176951225,0.1784422054348626,4.732190600412708,0.0332672336360248,1.2450600472696949,0.1623622541555889
4.538592610700253,0.0439753097642748,1.3582774981175378,0.2341399385488324,4.579753206762049,0.0448261635402178,1.3585578935298657,0.2387194515852093,4.580018919069881,0.0369989722159695,1.4731202944482125,0.2136515064639669,4.602073452690771,0.0373682203351638,1.5117110668489626,0.2214365437149175,4.6212547180925725,0.0356624100759052,1.2536156419577422,0.1752480437130778
4.654249562271282,0.0410524391532778,1.2800937936792678,0.2059960272010905,4.692848272269136,0.0413090489214902,1.2525439568417998,0.2028225594102108,4.651347228316472,0.0347473474980998,1.3572111603107957,0.1848617952959355,4.643797377013806,0.0349097662406185,1.4018320702440277,0.1918319841103218,4.664246832002371,0.0343597524348804,1.1974104442189233,0.1612765240426741
4.660773933924843,0.0414288026624775,1.2589130384120069,0.2044448617720134,4.681840702268067,0.0421377265527108,1.2890514043408077,0.2129214541533437,4.673646655024917,0.0348117852425009,1.4260153389991042,0.1945936119873057,4.664210066042083,0.0368139633241743,1.3806688211694644,0.1992416728940558,4.704894873999224,0.0341435703892975,1.222463478336296,0.1636149233401531
4.750117705422244,0.0421601465413648,1.3131328614536628,0.2170145577925978,4.749508753694496,0.04250653721877,1.311432938717059,0.2185143189107604,4.737192757003731,0.03551275624875,1.425134363620265,0.1983893156484812,4.701354133751373,0.036249302480877,1.4022791583994605,0.1992563727418827,4.712733588143188,0.0342119263495072,1.265616879528706,0.1697297116783947
4.7363636365326895,0.0410076723725103,1.31039056194104,0.210641511370577,4.769166199543448,0.0414712697734372,1.3729196804325672,0.2231878507778691,4.713279089893093,0.0345587424848089,1.473072946585759,0.1995539236822353,4.681789238397749,0.0347145968527412,1.5265308630731564,0.2077283645722323,4.73620340375893,0.0346133071891008,1.257332401071988,0.1705969611206917
4.677309919166297,0.0399545771330672,1.3519081152514805,0.2117345841609644,4.6676018416990575,0.0416429226341279,1.3756572194468122,0.2245585112780077,4.686876049440608,0.0337242555207553,1.4614720685161438,0.1932017151102458,4.677405797921263,0.0349865029262399,1.4755320678132526,0.2023612129694682,4.682738350582651,0.0346561444454711,1.2836192936866178,0.1743791546508208
4.672451897081074,0.0424190467778937,1.2860511329035291,0.2138440781010378,4.683318138520216,0.0441914710189404,1.295762144632428,0.2244614856186369,4.701621011603631,0.0359011829789445,1.397925112822594,0.1967300728162374,4.724242956852823,0.0375504100351056,1.4453576173163436,0.2127492736264967,4.701020516106476,0.0358520057943366,1.2290919270441565,0.1727332366173433
4.75966764846173,0.0418892067480816,1.2449431226859298,0.2044229886452974,4.722472374181997,0.0424787819470392,1.3356749371054697,0.2224082631901552,4.735819872830343,0.0352799636191686,1.3878664263256508,0.1919348710407115,4.7438210576135456,0.0358799824082239,1.3613506096825896,0.1914698064659218,4.725366616025738,0.0351787111630135,1.2242036583972726,0.1688152529846814
4.621735881999499,0.0418145320274694,1.3488529076063236,0.2210904175104071,4.646417054750636,0.0420247468091806,1.370040183319864,0.2256921727210471,4.621190755227382,0.035343192854277,1.4458561445607,0.2003129155579946,4.645318712215231,0.0359935783127507,1.45201105809064,0.2048674844657559,4.63081434206467,0.0344487389715348,1.2798755986961745,0.1728300177783527
4.540767929325154,0.0416480143876965,1.3616107497132877,0.2222927808933732,4.593077883824934,0.0423751336127547,1.2692723938021178,0.2108356279057867,4.560150901842088,0.0349931598576085,1.4912908045693003,0.2045613529404874,4.573422392921684,0.0365145025180175,1.3556121059916169,0.1940344810034901,4.626457940213417,0.0348282543446384,1.1919847094973304,0.1627348164727994
4.570331967353323,0.042846247080495,1.3252823269247054,0.2225867360421851,4.582056003507622,0.0434730769848431,1.4742072211965236,0.2512216138123239,4.578945346489608,0.0365671451506422,1.4253709933945389,0.2043134978177196,4.591619945372439,0.0377282273180352,1.5086529005696072,0.2231175944271847,4.597756613054185,0.0351536454819346,1.3043745641542783,0.1797424994641173
4.657189300668088,0.0410082975313468,1.243868611544816,0.199951347499115,4.621689580905473,0.0408221958845441,1.3769895106122507,0.2203459543070302,4.629197149794986,0.0345600597059991,1.4041123591550368,0.1902192359206843,4.605549730313435,0.0351602931883271,1.4308355903533294,0.1972060837609212,4.636606433642075,0.0342409712779191,1.2324524839427495,0.16542241107653
4.710868458044766,0.0401967572707089,1.3037344725201472,0.205427345853354,4.697969330049276,0.0413792906776618,1.2065405175424486,0.1957055036952442,4.742189831177399,0.0339324170841317,1.4130456962534037,0.1879529254803192,4.693934793284943,0.0351817333424531,1.37114108955825,0.1890938764276564,4.728543191658525,0.0334100403914272,1.2227236559423105,0.1601339446388571
4.599370032734012,0.0404170984483077,1.2641837656567367,0.2002873072822386,4.65949217823178,0.0413454192012353,1.3385830605825653,0.2169455823805595,4.598383590442387,0.0340147119887562,1.3805722681480357,0.1840789083211274,4.61788519132603,0.0350514952547214,1.4217413137079828,0.1953463133303288,4.691982234682597,0.0337848366965775,1.2637487814486794,0.1673634657309621
4.711230283905184,0.0423388566589171,1.4138820958824818,0.2346553215236652,4.691602283075344,0.04200530877168,1.3517625188078988,0.2225782217927464,4.6779856069671935,0.0360134997065975,1.4062477832945144,0.1985204562668339,4.62457485808733,0.0349854858520263,1.4476869292619816,0.1985366316566518,4.710540635176274,0.035053606994335,1.22647689778776,0.1685272647327778
4.67741232639524,0.040836622544883,1.3612227784266988,0.2178999399081587,4.609271466196383,0.0412388962593446,1.3681653200150292,0.221168716473368,4.639578500851409,0.0344226152419375,1.5005519839028925,0.2024757398746668,4.578038706485369,0.0342594698154676,1.491895500176507,0.2003535899041447,4.622021842248831,0.0344190761475204,1.2725492808516852,0.1716927297963243
4.718594456767179,0.0430942093935657,1.288441605534184,0.2176515401022507,4.662374739544297,0.0421719692924797,1.3675682635357518,0.2260741892729671,4.705616561707613,0.0364511151990515,1.3346033583101238,0.1906957964301103,4.6104243592498495,0.0359762233061949,1.3098452396688889,0.1847198822348716,4.718869150572029,0.0347678695326234,1.1921678571304417,0.1624776295299457
4.641207873310369,0.0414828505670106,1.3087997349653904,0.2128236450483515,4.703142335112657,0.0436738855163247,1.335511087458246,0.2286374753461169,4.656495878816003,0.0348634973077673,1.497762600672784,0.2046878289372182,4.689968506081757,0.0368786667386259,1.5383175594810885,0.2223818280146117,4.622181333312118,0.0350553337656301,1.255405839494958,0.172510819217047
4.605146134323316,0.0420129539712941,1.360062870039204,0.22398569846213,4.597858421152324,0.0427317593406541,1.3394819708652936,0.2243704882468968,4.616244385557545,0.0357541450509309,1.446933931665371,0.202793105394385,4.634374983053859,0.037177237768914,1.4217310008403634,0.207191836061211,4.587008968357382,0.03471680066838,1.2435089273456756,0.1692258444934986
4.638261984271797,0.0400022529325672,1.2382145371447262,0.1941594069203845,4.675087348310997,0.0419747971114098,1.3148089043276985,0.2163362657350696,4.655452409953374,0.0337510454829504,1.3949843069279744,0.1845587494885733,4.67049300244631,0.0351862237702674,1.3927623465360304,0.1921001765786689,4.677795864584182,0.0347880638594317,1.2187113010874429,0.1661916438817176
4.683506804263813,0.0407711963429113,1.3834305958405386,0.2211000893225558,4.697325073023656,0.043002247715983,1.3325220632050003,0.2246175324121893,4.686724910119024,0.0351784094731483,1.400981768803022,0.1931909464890748,4.696346902685126,0.0362713891303162,1.4279126332257637,0.2030223784218009,4.730797205067659,0.0343622660321919,1.2501532281842602,0.1683926490955528
4.723218002345891,0.0412068929037642,1.3707381743454348,0.2214126671209887,4.678397152039665,0.0433309285596364,1.3627695279906922,0.2314720172868133,4.73256255524189,0.0348635547280654,1.5405908576406335,0.2105411880065062,4.656486277162054,0.0358357519872244,1.5594605033574145,0.2190629787345703,4.683121508525256,0.0346412094159886,1.327271759391908,0.1802316200993997
4.7200904196165965,0.042686556366474,1.3730266666480515,0.22974611666191,4.700889726642195,0.0443731394444884,1.3900162841309316,0.2417787518879968,4.713971109595781,0.0361802325216768,1.530717520207746,0.2170923367640589,4.673018146731075,0.0385864042371518,1.449625216738171,0.2192644033443763,4.699055888343322,0.0355922648890829,1.2603121881690595,0.1758376406401889
4.608878364267357,0.042448083426064,1.31263670330619,0.2184141226925071,4.6260044159385325,0.0422994776334496,1.3400599460469322,0.2221965530151227,4.641631126769106,0.0359413087269153,1.4236597259934969,0.2005756337452471,4.653804243571989,0.0359777955971115,1.382868791945396,0.1950264935547685,4.664947964363259,0.0359648491802069,1.2521587007705872,0.1765288555670077
4.7267552329225175,0.0417752685000976,1.3524522908936951,0.2214722360566817,4.620158782742701,0.0424971694630504,1.3325022840829392,0.2219760165398261,4.704233231084464,0.0355860068985259,1.467492118324397,0.204707202201201,4.616900879613329,0.0364174021339308,1.5159092938322192,0.2164014986386511,4.703878259833824,0.035427158747066,1.2909695021310557,0.179279401077701
4.602954647451011,0.0427796708086001,1.2999871796988154,0.2179990466661818,4.672636812504808,0.0441192353984743,1.3319511744653374,0.2303532633565511,4.618529536914077,0.0362123803546321,1.4224503978573937,0.2019167238484522,4.635724516665618,0.0375846708282147,1.4258651938081304,0.2100715817168313,4.609512515886923,0.0362397885582988,1.278293017864758,0.1815909323999254
4.634637343357753,0.0433642828324689,1.3153142533500144,0.2235835159646555,4.638716731362435,0.0440651335977775,1.2870339314802262,0.2223121376585884,4.657041750686702,0.0369135094002286,1.4668337856809708,0.2122483521413807,4.679225614826681,0.0365605793012775,1.4154397998816397,0.2028535247254333,4.650176457185727,0.0368297365028646,1.271921366238239,0.1836271785274991
4.679105703174528,0.0417615600285187,1.3498868377780529,0.2209795897872624,4.659960094394633,0.0413130245316602,1.3050502163602964,0.2113451570976633,4.68026552728429,0.0352586547634921,1.5036273213193423,0.2078184175498228,4.6101856054813055,0.0355641232925575,1.424140369888231,0.1985377022624988,4.677011985278268,0.0347303315042558,1.295155168430552,0.1763229398933159
4.604130927925088,0.045360597488192,1.3893181772144236,0.2470350468586666,4.551388948796157,0.0446498361115379,1.4230829179706572,0.2490738658423996,4.598722513348878,0.0387147753809891,1.482076255252075,0.2249186043246799,4.562944010296319,0.0365764321908117,1.5190212658339182,0.2177926809734467,4.616442629285809,0.0361018235298412,1.3067581409050744,0.1849279008966051
4.5901817283127055,0.0429806334893826,1.2562377990758988,0.211652184726925,4.556654444183174,0.0418848028295659,1.3510327494688972,0.2218198660179506,4.583066424276971,0.03617072755114,1.4030654869385395,0.1989359503387464,4.571114836888169,0.0359757481059242,1.327367807481661,0.187188515856512,4.642417046830218,0.035257906676565,1.2362659542023466,0.1708624068969543
4.757449734485319,0.0435316528502753,1.3107960114333477,0.2236754681900462,4.7274944874664175,0.0419017690853101,1.3813323988440136,0.2268864939599852,4.724407979807127,0.0372765368642006,1.3634583380151764,0.199230358627448,4.6733059426535695,0.0354681646232111,1.4245277421547318,0.1980558677288537,4.690424310946587,0.0352185697936395,1.2539678746961571,0.1731156029484744
4.629543214812973,0.0420942063149277,1.2746415336127013,0.2103238280576848,4.723707656663454,0.0423864006728837,1.230363162171208,0.2044268541221423,4.672469966704335,0.0355313962249796,1.4069269210828346,0.1959575045076366,4.720921283227714,0.0351556731523422,1.301324215754622,0.1793325055362213,4.688036757257879,0.0344007284506682,1.2411264581177106,0.1673638892866447
4.707349345047527,0.0421690555095259,1.3416849652634255,0.2217800687481469,4.652965796539188,0.0426929276805026,1.2503271940442722,0.2092462585916499,4.680215850280156,0.0356106502589132,1.4249179550416435,0.1989059843716636,4.658683789496799,0.0365920684729574,1.3374864429070736,0.1918467450682524,4.677039294220182,0.0360362736170611,1.2162898536605604,0.171812614384414
4.65936434998227,0.0417305207122288,1.3766485094356649,0.2251930377639868,4.609641836795529,0.0432690741330171,1.3522912271904677,0.2293643515850028,4.681111327006642,0.0358306755474183,1.4664832256360274,0.2059729469709207,4.667286148348115,0.0364031236481766,1.348666648207737,0.192451524312219,4.693730111962329,0.0351304764630705,1.2712277286943217,0.1750594195272019
4.668377252232877,0.0458461553601092,1.2563197698433404,0.2257777820968772,4.676380097190058,0.0432948196712914,1.3288870678765827,0.2255288455699207,4.641507724460256,0.0386022049217745,1.423778423281178,0.2154431080276956,4.66028555024486,0.0374235556282806,1.436199950503208,0.2106871467677806,4.673643870320784,0.036292102178218,1.2383627671876545,0.176172492005095
4.627717411543864,0.0396416678886887,1.3093621370299542,0.2034650332236545,4.644433631411382,0.0404694749523648,1.3135049888141883,0.2083710514615925,4.607062116966218,0.0334278427316304,1.396529489212728,0.1829938724739719,4.661207030336963,0.0342397610382554,1.466340979414384,0.1968084692958789,4.594386437011902,0.0338110866418937,1.2850125068537577,0.1703117337086059
4.6290124272228255,0.0422598100158077,1.2795385264770276,0.2119624808124611,4.624969580243272,0.0411647483418924,1.2570485146998858,0.2028409288656299,4.6201908410515085,0.0356887363003341,1.3778055287810662,0.1927512397897082,4.608989232700725,0.0360152573906042,1.3270441722363444,0.1873484000985545,4.630501064850476,0.0350224520007723,1.1968213191984516,0.16430620022364
4.706807571319253,0.0431505930501314,1.3221064393418542,0.2236306242366458,4.772960690762521,0.0426448827291115,1.3881935739544484,0.2320571963092538,4.698749937032747,0.0367086606496123,1.4834400894820483,0.2134600649973403,4.723090655407063,0.035889010332656,1.5102148439641272,0.2124605511828476,4.746984181799131,0.0349429576282171,1.2490186736905389,0.1710829300923971
4.530235364475094,0.0429738777674709,1.4206785070699892,0.2393196952416515,4.658240104815317,0.0430796030848626,1.3681390577856938,0.2310361938689889,4.506860713965614,0.0360867671038971,1.5385273423344517,0.2176362741212458,4.595584600830104,0.0372890195213931,1.524530628736157,0.2228410544816318,4.587720938091183,0.034291135726282,1.2796104824457382,0.1720036825167469
4.69693621381323,0.043534895888885,1.3785489375119335,0.2352544161969366,4.672341623008152,0.0430599085615979,1.378966801593234,0.2327582057282059,4.679095940319204,0.0369635100949047,1.463098758420598,0.2119946661254326,4.680425365991572,0.0355272156524257,1.420629825978606,0.197842771509899,4.7345688530451815,0.0362201144417882,1.2495260932806709,0.1774080141649812
4.657721033986691,0.0394343403186408,1.2777531054311315,0.1975147856996348,4.605939436634644,0.0416725679243945,1.330525376704074,0.2173459299566031,4.6523084045536605,0.0332159901605416,1.4098275256379416,0.1835655903782486,4.595268289561761,0.0353732553503105,1.3412337668442773,0.1859762962937601,4.680237470548841,0.0337140780312528,1.245233357247359,0.1645660027330722
4.6430063187547335,0.0424506571536079,1.4285860564371264,0.2377217459601149,4.6928266053115895,0.0434322503003414,1.401705893767065,0.2386422404164279,4.637648454648101,0.0365519667774505,1.4368730693129623,0.2058767207337566,4.655739667590956,0.0367759390760395,1.4522820055205976,0.2093595683586259,4.6592187064580495,0.0359534396033478,1.2415861985012706,0.1749828186392104
4.717899215559638,0.0428729313343032,1.273882796980259,0.2140872175817587,4.629931446224203,0.0432292560011682,1.2686150770705522,0.2149738905915347,4.704023157860204,0.0367260791200982,1.4264628020871404,0.2053586984831953,4.628021296805126,0.036337576995821,1.3182718661924293,0.1877755468384917,4.659779435344957,0.0355349422231933,1.2842118050064637,0.1788835307022744
4.599972079130615,0.0418507984207188,1.245547931542381,0.2043347728243921,4.664564137937456,0.0425465519513807,1.3144310478460608,0.2192200464518479,4.606716339051704,0.0357064691281003,1.3907280304459329,0.1946557340295111,4.662032580442983,0.035374004880644,1.419391653093234,0.1968178870338193,4.647067115513264,0.0350340653842293,1.2256583376055017,0.1683209008136299
4.685172462350627,0.0398332873921825,1.3531198316307145,0.2112810252175196,4.709571598431481,0.0431859843024735,1.291802022909344,0.2186839297400382,4.70250412383335,0.0334991546314548,1.3776940606332504,0.1809108942369806,4.676480021810916,0.0362014534107952,1.388090218868175,0.1969798432649242,4.701907237053206,0.0343536150041033,1.2486777757247036,0.168151564758753
4.699895551410199,0.0414819643229378,1.2769843916650052,0.2076457226169118,4.652885262112838,0.042171409316145,1.3181430532812586,0.2179007608784654,4.694476919853912,0.0350087690895228,1.4032611492862257,0.1925721279237629,4.663143615333374,0.0357522626235935,1.3443949097533638,0.1884119645649514,4.680401043450778,0.03443381652024,1.182858013215215,0.1596599040803554
4.603936659778141,0.0426170703747944,1.301051427807494,0.2173482471211532,4.654658894980988,0.0417499253680295,1.2772881533277285,0.2090367643234311,4.631637424403273,0.0357796148101302,1.431406289721605,0.2007597604020073,4.649291111383768,0.0347002481435057,1.370899732955135,0.1864731722293006,4.665521846274775,0.0351856751144869,1.1929107792025877,0.1645325914004268
4.674957454106091,0.0424779756286214,1.376065807502464,0.2291295497645054,4.64876823920949,0.0424215642978158,1.3598666200652103,0.2261315082015522,4.678056779705488,0.0357190116674633,1.4888111270956117,0.2084573085936095,4.634498704884019,0.0362209481948154,1.4341741688248768,0.2036290794228099,4.653847526600494,0.0345961952944276,1.3101182318758984,0.1776711515292792
4.62947471640916,0.0420541250318498,1.3387946706759226,0.2206991513392946,4.617375369823361,0.042763033628672,1.281094098956442,0.2147472564341155,4.628720734869171,0.0353471363291699,1.5195320188260957,0.2105436644095284,4.58421515485172,0.0360426035974133,1.3788057695850524,0.1948037595500715,4.601534854024505,0.0358444223823187,1.2622885453663883,0.1773610757395496
4.659059169884444,0.0410834874495361,1.2999298320424926,0.2093463048266171,4.663718190452289,0.042004134913509,1.3065565563536454,0.2151286961187025,4.659541326229352,0.0346913061237666,1.485388895440934,0.2019942053084449,4.634158020570909,0.0355055415529312,1.3696385133641418,0.1906251451769408,4.660150240605632,0.0349151214586547,1.2360761395082291,0.1691752655965255
4.673213914062665,0.0411698579784793,1.3435819741945865,0.2168311255193128,4.680436811975258,0.040807436191997,1.3622986389688696,0.2179163016171725,4.634370673323088,0.0349085075236521,1.4143035282725818,0.1935316471463518,4.625592803063381,0.0353051939950575,1.413821672915234,0.1956641784305597,4.683883140400099,0.0339266624325129,1.2370951657985214,0.164521376366355
4.618140016297528,0.0411502181814145,1.328185366637752,0.2142441242218226,4.6386992275636665,0.0430499696851071,1.374338795306884,0.2319234926951969,4.607482755202523,0.0346607842427798,1.4303078274002738,0.1943327457691937,4.594066693211968,0.0360582395359858,1.3868971544430897,0.1960319514429084,4.648367129559223,0.0343831905475196,1.2915088805701498,0.1740690894439305
4.57930424423895,0.0441470555238602,1.406560113829689,0.2434098379810333,4.6596365474089305,0.0428683080946836,1.2927281461836126,0.2172309165943934,4.581519692846967,0.0374885969633905,1.437540151985511,0.211250262591308,4.570958264008998,0.037542122560347,1.3815973508448436,0.2033192044251686,4.630697802760663,0.0349973536529045,1.241133494698894,0.1702675115872417
4.652287519431726,0.0424440430568075,1.4406978231769263,0.2396998338983464,4.601095678110281,0.0430106594960005,1.35439284369191,0.2283488553005973,4.66993954029114,0.0359560212975666,1.4925538680174832,0.2103680251386521,4.595017222723489,0.0369450755455583,1.4494134123820817,0.209906999866173,4.671210593861849,0.0351261391720959,1.264363455039346,0.1740926511563287
4.619212618019033,0.0405159223248546,1.314600229440283,0.208784147346016,4.718099440870575,0.0398589927844144,1.2404252566903955,0.1938094759555872,4.632108769196701,0.0341580687430182,1.4027661673299088,0.1878264186242787,4.711702164903837,0.0340043315606972,1.3377780475670351,0.1783184965692096,4.65778392599379,0.0341337311855582,1.2005301126254828,0.1606330510822954
4.772607830301242,0.0447581416764766,1.3369648374531002,0.2345687311811939,4.725245432650138,0.0466516267417981,1.3375178775527623,0.2445932538125437,4.739733920562991,0.0378710844458144,1.4654717374786996,0.2175520977338944,4.696580708713023,0.0383753879789148,1.4476401561967802,0.2177667087918939,4.777020916933319,0.0369999369896096,1.2405509902025795,0.1799259029605392
4.670044696826149,0.0417229991384192,1.2987966983973889,0.2124196952971332,4.670930576586159,0.0435407540389578,1.2947042219740883,0.2209757399264321,4.671485276796214,0.0351654937138292,1.4024617773474304,0.1933240299558776,4.645503922905545,0.0366984234429295,1.3483363433773137,0.1939651626243136,4.658965398669073,0.0346935866806656,1.2270519362680363,0.1668745978171265
4.71241967590597,0.041748320850669,1.2633496154037471,0.2067476832475385,4.708160518751571,0.0437661167135993,1.3456070288484612,0.2308523755143458,4.672247563523246,0.0354861974620058,1.393462873548608,0.1938353370166883,4.643528100854288,0.0371550880295087,1.418076397614657,0.2065361180535155,4.676914885117466,0.0357762934973048,1.2602558980248648,0.1767389090880264
4.771719467250785,0.0409258456044526,1.4005056957226212,0.2246780405079156,4.722210962161083,0.0430571615317858,1.3730587517241408,0.2317461903963428,4.787886971556522,0.0349398441681859,1.4642471919136084,0.2005457441971018,4.709921611475571,0.037081195373098,1.4555246991995068,0.2115686876105153,4.736185495710291,0.0342464542081464,1.2136405653936009,0.1629235194948559
4.58379489537095,0.0436087948416584,1.263578918492384,0.2160003938544352,4.551221445217959,0.042890576550384,1.3080755032406404,0.2199240797904317,4.575596470881633,0.0370274381533362,1.3175367109812677,0.191233721566906,4.540073721529781,0.0366088410392012,1.381322132341541,0.198225278774996,4.605130382683372,0.0353455401317874,1.2345564158671771,0.1710502251548137
4.708465924373293,0.041477708620263,1.3080448852378868,0.2126745340632387,4.705157095185092,0.0414963708928242,1.2694895308097562,0.206498702455112,4.704169619743101,0.0348611718074454,1.4259272911185683,0.1948576447992454,4.751029126032603,0.0359555147594444,1.359242397032846,0.1915757391534044,4.693450457999108,0.0338135846509997,1.234982581084166,0.1636930091954292
4.632178673605231,0.0430004248722309,1.4027459391033577,0.2364448469580392,4.741192438914579,0.0440038219282381,1.3675608173702083,0.2358930438500029,4.640863659408905,0.0367290289651227,1.4429558025823837,0.2077497751152685,4.693347653446532,0.0375660934826464,1.364695996529078,0.2009601929749785,4.703666612273031,0.0356025415225996,1.2185431520913292,0.170059149089898
4.739160910199499,0.0413203542514135,1.3550765247705276,0.2194855556291657,4.709131382793639,0.0423827462099248,1.3478293067911824,0.2239247384353705,4.737851266900317,0.0349219578160252,1.447884326438282,0.1982031429556305,4.636752762463497,0.0354497711274207,1.4206280336176076,0.1974112519591148,4.707908394902615,0.0346366439232904,1.2585659603491617,0.1708794640005958
4.64709687773318,0.043251924804247,1.3713856438157666,0.2325107969572931,4.683655297228652,0.042332992222708,1.3560715122716562,0.2250295988994643,4.69744410715158,0.0366147139681127,1.4774803985404847,0.212058390275041,4.727818147914444,0.0357690492671205,1.3997165310851605,0.1962571895385416,4.678153171218789,0.0352563969494779,1.2794946049313112,0.176829399828376
4.7278510335629775,0.0427404876299298,1.3419679412341878,0.2248328162012879,4.656067807241712,0.0412817394576332,1.380302832055572,0.2233625989757702,4.687928212759666,0.0362453919650149,1.4335145603946124,0.2036727821419722,4.652329272695934,0.0347208418077348,1.468850860403024,0.1999153008257092,4.672688541831868,0.0350521761938402,1.2560341583960437,0.1725816127663664
4.710607334008252,0.0409928105970875,1.340178676200242,0.215351790095356,4.704327405819814,0.0423348189881042,1.3908934015225285,0.2308179824974726,4.713430783506337,0.0350180586691731,1.3975182205956027,0.1918349050808444,4.687089300188695,0.0360739936514432,1.3833395015704018,0.1956145206291993,4.669321637973911,0.0347639430945223,1.2098002659660945,0.164862086763792
4.671709526366012,0.0400591537321462,1.2845675151062903,0.201714348645897,4.684099652384599,0.0436703762647624,1.3067330579256808,0.2236927448412844,4.65485699757493,0.0337051110273076,1.4420937308784156,0.1905317417694811,4.670062544034467,0.0366509978532016,1.4251590964023293,0.2047515692649645,4.665170230913631,0.0350035637221353,1.179044565779503,0.1617784126599191
4.714046209210711,0.0396907357674518,1.3267165630769402,0.2064169646202217,4.691642894774518,0.0416827766542061,1.314579485939295,0.2147937196203774,4.720622465707185,0.0334301635897918,1.4570228586384335,0.1909338605529646,4.634592712180611,0.0351224024664946,1.4567113539708134,0.20055606827803,4.703619339739539,0.0339241277189453,1.2247778737251918,0.1628711295308995
4.646597965758107,0.0404632683860563,1.3154972391049145,0.2086550918035819,4.633060029241317,0.0396742671976302,1.353884007006744,0.2105564058319854,4.652760494636375,0.0344496047301626,1.4727069104648711,0.1988742956906602,4.610517280465223,0.0335095655909884,1.385803533245011,0.1820323386741048,4.622678665857562,0.0333555877921854,1.2644441559962614,0.1653279719741987
4.649685979614831,0.0409034218196915,1.397182914876926,0.2240221670002585,4.697213005862364,0.0413390224526153,1.3427523982707,0.2175876421409743,4.649545817782227,0.0347145903210172,1.510737144286612,0.2055791368685833,4.670087213095818,0.0346389132379101,1.4335932322648413,0.1946562205167796,4.674192151114261,0.0344456119011854,1.2639536737528043,0.1706644821545587
4.724261915629119,0.0408095811630798,1.4116315289178882,0.2258195689269888,4.672791098946139,0.0416867744085448,1.3708612721424562,0.2240112792856133,4.73900884902245,0.0346330188865191,1.526680824234974,0.2072605694805289,4.6540884291557445,0.0351458510018225,1.4742079951705247,0.2031004625250806,4.688667184612247,0.0339353526666831,1.2866591678958283,0.1711567267847034
4.73077281948403,0.0402864994814922,1.3523853563273922,0.2135689336179423,4.643522589270201,0.0421717615330457,1.3447042970256478,0.2222934271018337,4.71440836930701,0.0339530535314097,1.4872349019963067,0.19794133438044,4.677325092718173,0.0349772100224474,1.3872768152274837,0.1902069491383459,4.702389922741179,0.0337434894135706,1.2728656556290958,0.168364547005513
4.713102881269939,0.0405369467275033,1.3036128172641448,0.2071465682040252,4.703553257523159,0.0419684106710367,1.3122097071533372,0.2158757481947984,4.709820633129663,0.0339253935225765,1.5152509473000877,0.2015057971322919,4.650666899331729,0.0362050480389359,1.384444767015792,0.1964820355746213,4.700607254717683,0.0344959976497746,1.2403095832338231,0.1677169266609343
4.738714413853767,0.0429245639020141,1.3376871854785883,0.2250808491805835,4.65675362388069,0.0437167941208983,1.367671892332566,0.234373396979499,4.699989345248482,0.0362244494645232,1.4542458384466954,0.2064988846093291,4.6533755531228005,0.0369284846965771,1.5076457323650865,0.2182422733068983,4.708208070609187,0.0356004927360883,1.3126191937043714,0.1831778030802642
4.739146493201037,0.0409941560032746,1.3285157222147463,0.2134846897122,4.68295291511251,0.0428366217748063,1.2448059632926716,0.2090234254266882,4.691617228434685,0.0348251005109681,1.4356413764528169,0.1959821112286233,4.677553317287178,0.035793905321497,1.279343091162738,0.1795040285875991,4.7074689409561135,0.0355054159550451,1.2480716643742185,0.173704958126403
