m_obs1,ci_len_obs1,m_obs2,ci_len_obs2,m_ipw1,ci_len_ipw1,m_ipw2,ci_len_ipw2,m_full,ci_len_full
0.876995529501841,0.347658301125469,1.04686025563923,0.378375345338958,0.875778970216492,0.335240672665379,1.03742172027189,0.363496482554138,0.981159128523518,0.388691632835354
0.835426674850816,0.391501056562162,0.900988780868972,0.407907470235378,0.830635176807607,0.379645483717739,0.908247375632217,0.397542036730463,1.02926776807451,0.457857041888794
0.975484596616103,0.394865169030336,1.01670492505965,0.371058831755797,0.971061909336633,0.389426749684688,1.01681019997656,0.36038246379678,1.04345828433978,0.463673817336593
0.970852738462604,0.387327392326729,1.05105567013394,0.383924427672402,0.96803914575685,0.375102749017771,1.04290866349598,0.377118632497004,0.921656965513287,0.437710681020785
0.936667043512942,0.352174951012269,0.774536981896035,0.348896611319667,0.938657229987696,0.338536806301337,0.774013059349913,0.34260275437326,0.684287347124303,0.463897689183514
0.963465871025011,0.346587516811154,1.03498078979243,0.353311683948562,0.96045845299819,0.336616126850711,1.03097310011596,0.352447379713635,0.970042717594318,0.440260345901109
1.16461061336444,0.384049395765189,1.04295918439916,0.386729594997051,1.16371229660078,0.377061679307948,1.04348047753868,0.375821574508857,0.974938598419387,0.427943368601166
0.86661532344786,0.34041160043579,0.956605580252019,0.396747296686343,0.864074959753843,0.327732117142786,0.947585904237931,0.389940802166066,0.950295009734519,0.413603381252671
1.05310949740327,0.401373007235318,1.09486025177364,0.347465385721489,1.05072248768578,0.390757284225006,1.09390857395972,0.340993454273375,0.978015374465947,0.423873305145213
1.00926351395707,0.332050033335356,0.993016223545296,0.34233174579239,1.00272483485994,0.316276139006221,0.983286146730751,0.331899052811689,1.09205071213757,0.405801313914039
0.909010133117243,0.367586404043679,1.02812924647929,0.335711416326569,0.907023389382659,0.352534084696695,1.02144959522056,0.329489931081151,0.942933724284948,0.428923618778791
0.992547791054809,0.357009083249178,1.0294315972155,0.35142071332531,0.993072941089835,0.34942286112007,1.03108142980942,0.341788388144224,1.06707005256381,0.462024313244954
1.03131076201638,0.401976815907281,0.986697232891816,0.385159487098898,1.03339263602706,0.392333870904478,0.982133377681963,0.370678284304018,1.05107424520858,0.469529749739603
1.07165238140882,0.374218632742375,1.03634520717905,0.345193218702952,1.0718188666249,0.360440318114533,1.0348372892283,0.341682738201161,0.948322413627098,0.476881808854606
0.997201581820369,0.375708001933408,0.872887638751555,0.356143532936598,0.995063907857203,0.364606477785125,0.868423749074693,0.345046912718814,0.870486220638984,0.437859503663775
0.895799405945047,0.381233491129879,0.87261612171305,0.372857936293878,0.890329339145714,0.366230456536553,0.866793336192991,0.365425301892786,0.796676582977029,0.400954602459717
0.951565335886355,0.327784221114313,0.92002826309812,0.361934213043182,0.949635930015372,0.321113464743459,0.916718631322102,0.346803372005838,0.961837486746212,0.382015253049266
1.19013210025242,0.394956774911136,1.20760013775956,0.360527411954382,1.18744654772965,0.38161072480353,1.21699047073018,0.358295082177063,1.15119628802441,0.423892233800655
1.0361409483438,0.346743179097192,1.04141436825209,0.340923523368097,1.03735547778595,0.33732541545156,1.0225101061584,0.324660146680278,1.12344506110959,0.427709071804899
0.862701917161293,0.38657775688318,1.0348456125402,0.371091253534398,0.858834298879901,0.376386835339789,1.02900277219613,0.377026452851732,1.04570292331219,0.439992588518666
1.06521461483416,0.370262485448421,0.886763185017543,0.403546199401031,1.06505167374281,0.357294602925124,0.880151649407261,0.396260590973038,1.02757907876055,0.479416796657036
1.02542727102586,0.36597982922241,0.972367926106013,0.348068790210773,1.02424304287314,0.357766475032969,0.965035508945925,0.338052086448566,1.06191104670127,0.406278244795923
0.861298089564943,0.347987873185224,0.944695580138638,0.367694104940358,0.863489666415013,0.337698695083469,0.941172497819203,0.363180866666921,0.903360057370675,0.407331868983942
0.947158726047456,0.345448987565523,0.997071226487019,0.0407469310452266,0.943897829879872,0.331102477737519,0.990197358271008,0.358976182382429,1.01496607113145,0.439297594895205
1.07492093845763,0.362804700611899,1.00811827322922,0.375539382103102,1.18039387066523,0.992096084227555,1.00072405467524,0.370374667323687,1.10099144257203,0.414217228027603
1.00712019441617,0.373662071637345,1.00060620429607,0.378245835570556,1.0047771097434,0.360568332610949,1.0003685240924,0.369554601354991,0.928069136521635,0.488271365458531
0.980493857264473,0.380198216167888,1.04864441212424,0.39003412503515,0.981183493705235,0.365122982888875,1.04221582254662,0.390158926833745,1.16590953936535,0.411996580264805
1.00234154801108,0.322080558293788,1.03063495106875,0.352925957206911,1.00067016050308,0.312690034038642,1.03390180244019,0.340875503011652,0.952846639344014,0.417571633983319
1.03142343058357,0.381925948960764,1.02084251445949,0.356953431896628,1.03005620588297,0.374879874393462,1.01872194013502,0.360945164046007,1.03818929644211,0.44969937361516
1.08044790043092,0.373900719693347,1.06437607953329,0.39942844383669,1.077345107839,0.360492275786711,1.06198330254709,0.393722149726227,1.02139478271227,0.433423249076796
1.09943131406603,0.359780546755831,1.03211816835258,0.378208725521022,1.09904228584466,0.350230100830155,1.02587990318322,0.369255811668805,1.03627747413053,0.420400203795036
0.868942941987604,0.367710980765744,1.02270557394232,0.346594871442337,0.861061067059233,0.351735173596841,1.01650027049036,0.335859450223035,0.971806480892602,0.407605148120921
1.03465269756886,0.343204496599446,0.995491716915483,0.370690559730116,1.0306612948988,0.333125469453642,0.996426987314146,0.361899052460536,1.01443758311028,0.399450201284192
0.928815660367269,0.375212320445056,0.963086500321976,0.381344722355301,0.931054476229241,0.352953651416876,0.960275847831791,0.374952289636651,0.996928859899541,0.443142555241619
0.90780069597216,0.361028419396656,0.860485646642205,0.365359745674205,0.905763077657219,0.35209822508449,0.860325918776972,0.362577538207898,0.879197793538851,0.481204460704257
1.01371713579658,0.390648449011607,1.07284882575114,0.383329960177679,1.01168112330429,0.379080944926736,1.06884821837806,0.376133664079774,0.963236794581334,0.442732187113134
1.03410014125489,0.403555467664611,1.17723925105456,0.395411787803728,1.03514877255552,0.393449121425888,1.1720795937694,0.387922749663922,0.984230297923398,0.445757505732935
0.993316132355994,0.371209915568063,0.979640286035631,0.377097921165912,0.988266303363614,0.363360429633588,0.966830925352229,0.36293522390316,0.928852498411216,0.383513427277157
0.916185787050961,0.348721282659858,0.977809004693531,0.339318290458188,0.918761164022519,0.332841911985328,0.984286429893633,0.322233099870866,0.935401947533648,0.420646617536288
1.03516270679901,0.377552072700468,1.0478932230674,0.391927927710253,1.0344293247289,0.356891749990626,1.05261628084082,0.374783707196854,0.936540919048281,0.433273999974527
1.03256068221884,0.399896120916975,1.01368576434775,0.375319894562222,1.03266174532301,0.383207488099376,1.0109718353893,0.36461790144318,1.01162727025264,0.487684890010473
1.07762899396798,0.37569183028978,1.01042019153186,0.372881149459249,1.07754055478374,0.366934413647338,1.00079697758754,0.366344645595578,1.06919929397543,0.412200458872049
1.08437943550984,0.385172192073198,1.07483086110256,0.377200359616425,1.08161320967799,0.373266892625789,1.06988415989151,0.37120907040291,1.3171087079535,0.448212229914843
0.919569872184961,0.375677273961359,1.03009845468401,0.387262647701471,0.914691184319827,0.359990818381439,1.0287457200408,0.386112863054356,0.938394284607718,0.439263882731053
1.05866808734381,0.381708700418012,1.04488506004912,0.341994752854975,1.05598354197091,0.371629214969665,1.04141212063024,0.334377380612361,1.07815737332823,0.430387623837261
1.06155738401459,0.37953427080731,1.15773429112385,0.342054237195328,1.06168453300605,0.370457470732449,1.14991369295732,0.333230636367568,1.00572769738518,0.409237629569902
0.94953326197541,0.353771312299208,0.968336212937559,0.34728365758462,0.947247406979887,0.333786208787116,0.958697594692351,0.336719962495686,0.988185829268784,0.494252022465952
1.01051790694754,0.390530050040565,0.971321126897435,0.355406087691563,1.00751687417314,0.380216146230833,0.967662629720923,0.349323748022785,1.04845190423532,0.425282127903968
1.02660075429477,0.344091232951171,1.06045501522063,0.377831525742421,1.02374902732099,0.329446276015551,1.04814169834326,0.361147908832929,1.10306816474663,0.453617083469641
1.0976159512631,0.367673168363371,1.04085515421729,0.364014907172896,1.09892718387109,0.354609466705068,1.03805410863179,0.354382236129943,1.00680093801849,0.414051457467643
0.868082433433004,0.377769560541213,1.10523953825218,0.388400956190132,0.866471021532671,0.363386840591924,1.11100768218317,0.376683392573467,0.979326791717865,0.407280343138835
0.941110329191075,0.379514127342865,1.06531663737248,0.403880072349694,0.940045164200512,0.369908327675241,1.05771126214178,0.39292203803871,1.17559607102872,0.668751635866657
1.07305122795626,0.382892637465666,1.12209467994512,0.375020700644926,1.07515601742732,0.366328332289858,1.12150373591317,0.361267202692152,1.02398562601966,0.396073884275133
0.928276748871863,0.373158065564087,1.02522656300332,0.355840317865839,0.927221389751959,0.358464724319144,1.01824179154657,0.344183000812059,0.910082091126477,0.40568605778683
0.889375897748233,0.446269575460479,1.01415435790548,0.420967782273826,0.894839929555335,0.43243232611191,0.998902273364357,0.42634812449649,1.03221730346488,0.46651128131554
1.03310759860688,0.411369559026941,1.03905522845561,0.430911103902354,1.03096762730772,0.397523286329109,1.04207261463735,0.419414530596095,1.08830363015998,0.486186276234879
0.95273249072365,0.408930402613781,0.950326427622597,0.407030112429226,0.954891545014236,0.397210983519552,0.933997993284336,0.399126322817103,0.90470974377131,0.462604506139
0.968634142407228,0.377380465653501,1.02863616508944,0.362248219980267,0.969166774360917,0.355979819921006,1.02086359017526,0.348420845096423,0.887399157578539,0.452811508182833
1.11782402339488,0.349843640307987,1.13851951031913,0.355327387049122,1.11904824621541,0.338115709034746,1.14257213757658,0.361832671545858,1.2473083782914,0.431145311272568
1.03364755735792,0.386028498685038,0.898895198421294,0.374037695502198,1.03166982322785,0.378364306277116,0.895004276402285,0.356010703819726,1.1399294846035,0.460357542395598
1.18150574571133,0.380792170031418,1.1120474632665,0.395706740327641,1.18115199560699,0.373126155138469,1.10898714712758,0.395102096329628,1.12936973932464,0.44091636664248
1.02575138976425,0.386304137741904,1.09165845059572,0.382289721275766,1.02849024813342,0.37838194570817,1.09243084204221,0.37617404153433,1.05310422745155,0.435388428117923
0.952964924593262,0.370717278121953,0.869285470461739,0.395993115563543,0.953445706372076,0.356886189775876,0.870071162748451,0.391811478343127,0.935177081592478,0.4287538188901
0.99116522148973,0.316991518274401,0.991156924254861,0.353582792787026,0.990092779777285,0.30781344234833,0.985672510494259,0.336706335319331,1.00410409914671,0.398003946267509
0.994229107827224,0.374513597992097,1.03452038758696,0.384224450424261,0.865137915586955,0.0329256992314946,1.0323684357528,0.361626482959932,0.923029037071608,0.423681103071848
1.00937826903885,0.340824031087878,1.02852873725156,0.363552615555828,1.00290779640987,0.332574717706883,1.030861102717,0.349569833969975,1.19929636897783,0.428450073460134
0.877974725408646,0.334078971912039,0.853903409025646,0.356397772950164,0.877828534545119,0.324700940239412,0.850372721673168,0.345235025352152,0.878259150393878,0.422034547898426
0.93350384014411,0.367734569457634,1.00833324481929,0.339499461880508,0.933283834557832,0.353609668415789,1.01058226751175,0.317788360336586,0.95708012933268,0.432884628031122
0.977597474238563,0.348880379097011,0.966293749616745,0.328012437370529,0.977684784433819,0.339091228216869,0.961586112926432,0.321689543791573,1.01699366176237,0.416605104935259
0.946023818378245,0.394511904605362,1.03823195931193,0.38565154056215,0.939927020746862,0.376716292163431,1.03853526399993,0.376588117443014,1.00751453469638,0.457017511121562
1.12805817609768,0.363606275538211,0.875530793530719,0.338285572860779,1.12912804123902,0.352846075670013,0.886296638099059,0.332622749553241,1.00239182619607,0.404518479051018
0.892618711805923,0.351744094315347,0.954900253528217,0.3525844634663,0.893366811140944,0.339871521142502,0.947952315409617,0.33590900063152,0.92212209136021,0.373052845985764
1.04936242661393,0.401198697253754,1.01617706986397,0.3651005783272,1.04820547674511,0.391488391412326,1.01308908543491,0.362272205323598,1.10185535546824,0.491831563107588
0.916726168366612,0.376864477043233,0.979063938709398,0.362089894649945,0.911887152163465,0.361121149893296,0.972969943975165,0.350874050399552,0.782453886951961,0.427033900215763
1.09144275671754,0.371848742197305,0.910440021285675,0.385966726608122,1.08448709169334,0.353999352454155,0.902709806320619,0.390211188582991,0.851272127303022,0.505970826655627
0.880869041778563,0.381499928844284,0.963179178290843,0.378420968777015,0.875983865341984,0.364257105283269,0.961173747313401,0.36861432339172,0.832154907052032,0.435909737577228
1.01139180804946,0.392757935965696,1.12582224965902,0.397785067117383,1.01231134087728,0.381818852533202,1.11527651361278,0.388024198405933,1.09952411270734,0.465762878354253
1.09026981809874,0.383870175380094,1.10405399362109,0.351266052840534,1.09243555121146,0.37201433870352,1.09551905616227,0.346600249900001,1.04303787262954,0.447387469620666
0.916774950632144,0.392713668141357,0.95619752816571,0.369920461406998,0.908233987330049,0.379249128595184,0.94389082271251,0.359188160687027,1.05445540065684,0.493985286139509
0.950232248548228,0.384846528471012,1.02273044688123,0.363598481646237,0.951123735904984,0.369509138302127,1.01323714619664,0.351133114756952,1.04423657434612,0.45175101298963
0.965927553372261,0.360859238829281,0.926688091984786,0.352437017082514,0.960709873965018,0.34664388435307,0.927007023262797,0.349093946410099,0.924787233648143,0.406863689256785
1.04049807581386,0.379870981473138,1.06334344098344,0.390913354127494,1.03686113196139,0.364068765449117,1.06280790832696,0.369440887659504,0.908488210437125,0.431977809001912
0.911736270063069,0.38157381851583,0.998431879783488,0.366635818132937,0.90962013607931,0.375462512432718,1.00335866450171,0.349615634445472,1.01130928507254,0.438591376639346
1.02816077079734,0.358362096279405,1.06894186602814,0.37559428033687,1.02454630538826,0.34810094316981,1.06534464280094,0.367013846340523,1.08737528089236,0.431636306202217
1.05349237029684,0.341051919785852,0.968935168469992,0.342218648803248,1.05603294192768,0.330154056744274,0.972298223712345,0.334433874250285,0.994027500106274,0.418693543292203
1.14599009007375,0.381697033729799,0.876132878942655,0.407568040642161,1.1455484821129,0.369241841051462,0.876378380834619,0.397926629093941,1.05318325245037,0.435056952849276
1.07953334925589,0.357206835317378,1.07251178599544,0.355359785269702,1.07642200074288,0.350820155570245,1.14734309437604,0.91346119915987,1.08771848525826,0.401757182242397
1.08673803821807,0.39503862436822,1.10751592300961,0.434334748493349,1.08252417035872,0.386472627368299,1.10285391088749,0.415658817455647,1.01371042201365,0.508688489201523
0.913460338667924,0.418723545116395,0.971293202631351,0.389431324160327,0.909547736820174,0.40538865507337,0.96870905759595,0.374653866399889,0.922345446120687,0.456375116210081
0.973448227756285,0.403019523470593,0.966838991737238,0.373669578954085,0.969678182221711,0.390395587880435,0.962193853281592,0.362710956047644,0.874153153265643,0.448866508389286
0.961230226486321,0.355119963972989,0.969649991890619,0.371116161060487,0.95960326381257,0.343981581719905,0.968660455143217,0.358503170865568,0.844602304799488,0.409717781223899
0.920716019830125,0.367811121781827,0.990172243548574,0.387754686633857,0.918047433064468,0.352917498856459,0.987440293964078,0.37736223693609,0.82516678836591,0.464869263619219
1.08212684539049,0.332703421400767,1.13765175725005,0.3224509059279,1.07836349531308,0.316944373097134,1.12867571659599,0.322268481887895,1.07955642732403,0.423808336940789
1.01862721507476,0.361117935693337,1.02164288853282,0.369191883702495,1.0161052319277,0.34932547302104,1.02182336605352,0.365693496376616,0.941442279413914,0.427994039007282
1.14440668637786,0.391347381501642,1.14999933974638,0.415577519705262,1.14442274734971,0.37956363461238,1.13992237649091,0.410529359465325,1.17755828026274,0.476584768961339
0.951663244125441,0.362697229928095,1.01831942655392,0.413673777395055,0.949292810734658,0.346390620697252,1.05093776995437,1.04462133880627,0.862552860006734,0.465582946648502
0.866377618741975,0.340933287488102,0.899561461715489,0.344685133786522,0.866690533426767,0.332765461155756,0.89948861740308,0.338135707710302,0.83942694668893,0.416724488773113
1.05740530050221,0.380342321639218,1.16127531828572,0.376292478797839,1.05794399010693,0.361085165856572,1.15599665898779,0.359831551641703,1.10018418359111,0.475852771228026
1.15161526611118,0.380169912631772,0.96314155504885,0.363629468241582,1.15202890451626,0.373593446651935,0.961859847492371,0.35460288941632,1.11956788985928,0.384260329401525
1.05686127951373,0.368382568229604,0.982685231275658,0.385464148319788,1.05389370284302,0.360822621471058,0.979324234223465,0.391103659509963,1.00055826717561,0.457755931300866
1.08936309769918,0.406737768972565,1.02565362197358,0.384463349974263,1.09134520891169,0.398060120219719,1.02259681314877,0.379197849345027,0.98400256373674,0.435990023504015
1.18837932910506,0.410750038831815,1.18805452368517,0.417876118209208,1.1856108353541,0.399976763342751,1.18798304114166,0.398779504910257,1.16331070488246,0.504075017623036
0.945127788763978,0.352438544947862,0.790382941728357,0.380617394043381,0.941020537103067,0.338898302371512,0.791893937986297,0.365453721948648,0.873577644366967,0.436048108858153
0.985263253277306,0.371727120692949,1.01781816138996,0.369871109445695,0.979147138503021,0.359469398415223,1.00955449705079,0.36425399539377,1.06729212441838,0.420945919534296
1.16804079910108,0.406254492525413,0.944856970417573,0.363566361089424,1.16895665874131,0.394127337370457,0.936763924834101,0.35866949298791,0.988165069882315,0.420178239027535
1.0001911969486,0.396545817040137,1.03807030522933,0.415481709660553,0.994354435683489,0.385317891941799,1.0258563571397,0.409598565126476,1.0175737804541,0.459805643749769
0.864554085088555,0.381680249246811,0.821344877672202,0.404045801976964,0.863197019308225,0.372881586763877,0.810542988241375,0.395229467433969,0.806737645370946,0.469777308325105
1.02028748931509,0.382235421564444,1.01848467496782,0.350249853984103,1.02086618301944,0.376604275451852,1.01944668237626,0.334101160035555,0.897766262436819,0.498167786634672
0.952800821160334,0.364058755470476,0.998186311721026,0.391930521097465,0.953807347952296,0.353146616129132,0.990383985171734,0.3824000084254,0.857066498041643,0.428326240062183
0.901172302825806,0.35215601377026,1.04518299873085,0.375668246702635,0.899707382266951,0.341121091070588,1.04430922973073,0.365005501210205,0.965655164135596,0.416143115279184
0.995757724102463,0.350988644002529,0.970430493255725,0.372772208612946,0.992951418847573,0.337698903578637,0.961709992523918,0.369568145749303,0.906845550389592,0.431084656914474
0.994132967435213,0.386580476347128,1.01350020791514,0.396111405949793,0.993519494390118,0.370605619214963,1.01633713150396,0.382946086169549,0.964792758389573,0.451695105301089
0.994204078057739,0.383818086460022,0.9441310555981,0.346547197152345,0.987587580697549,0.371486894975774,0.928214100270155,0.344775466115367,0.830458758164571,0.433333014175687
0.982441611315149,0.377241255649256,0.966944675814033,0.348584229149894,0.981551503363797,0.361013391848212,0.971986682521383,0.338773323250957,1.01456367454463,0.450197905419047
1.03531051778981,0.372140266041835,0.99052385883238,0.38746758233009,1.03462808798794,0.359997256393758,0.98269392209862,0.372814080759996,0.899434621874695,0.388918009557151
1.13334896854664,0.393096898412402,1.11484516508809,0.357773294697416,1.1264816184684,0.37855997833128,1.11152545525028,0.348611764291999,1.18592201043716,0.423994614083835
0.980837891640496,0.353356969943824,0.923497359963978,0.374642365777003,0.984525925800526,0.340274709507905,0.917260274204191,0.368932129195342,0.934329391075613,0.399148867383661
0.977815381036819,0.391592232069639,1.04692578712841,0.375591795829339,0.975764228664995,0.382213626806976,1.04897274850737,0.371851194478464,0.980161122326727,0.445616136114247
0.989032206274791,0.352735118430682,0.97937807723343,0.384234958679303,0.987578545568738,0.340657206737101,0.97378684900751,0.370716817812951,1.16440949975361,0.532265188785538
0.966254307781658,0.365891209075607,1.10141167416642,0.337289519367928,0.964855036949792,0.34991197632761,1.10524909027029,0.337028702524805,0.934929807446273,0.409652874627952
0.920548732000423,0.378358575568974,1.04440118269694,0.338428367930273,0.944257305960634,0.429716225071879,1.04223709143099,0.331081565281983,0.952411663816706,0.390248323127511
1.10506650446842,0.403711396418012,0.997272514093309,0.388317034452055,1.10116281308996,0.393805964365337,0.993765000381102,0.397183474051209,1.03364973229545,0.500563477882955
0.987840891922251,0.351443642548929,0.885321049122907,0.346928629066724,0.987173034982778,0.342162971713347,0.885949170584774,0.33341742145681,0.969069659480488,0.422320734666129
0.984332573380805,0.403456193212753,1.00274100135621,0.400144830158437,0.982607298883075,0.385017824343327,0.993493392984376,0.384662663755858,1.08927167081452,0.437407628136372
1.00082347487932,0.336692183388552,0.939804626823868,0.372111444523674,0.998155282892411,0.327661095557203,0.937151420152762,0.373639316338128,1.05765781597449,0.408143021726752
0.972433129014904,0.388661221457569,1.10108866862783,0.393903869422256,0.968940809705152,0.370652056999451,1.09758001562676,0.388717789524233,1.05286701951366,0.445881585926278
1.02001971805461,0.377201719712686,1.0494319282417,0.382746794913442,1.02037176268683,0.36723074379284,1.02956544798406,0.369393359797995,1.13798483864214,0.447459863386996
1.00408109556461,0.390108418526301,1.02580148543482,0.364844832258606,1.00762969117062,0.377123963185979,1.02440892957683,0.356290972995464,1.05323361486629,0.42568274999549
0.955822359591792,0.381533997793823,1.02066042796257,0.358302618089827,0.957089170564983,0.368944758895253,1.01377395122332,0.343221310047615,1.06184633002026,0.425313060218372
1.15443250138129,0.414569343989538,1.11801953012605,0.374961161958407,1.14979106462048,0.398543174450726,1.10348794095053,0.354071162628395,1.10839829602762,0.4621377617867
0.889647758702938,0.383323281245662,1.02022112310569,0.366273400238529,0.885683667546341,0.37029668184921,1.02130443799116,0.344728110399275,0.841120331037947,0.44155297645212
1.04430017576693,0.390427676723135,1.06903977265945,0.37686429533835,1.04294968523685,0.377248200311216,1.0681903122375,0.369973195528294,0.91198454234994,0.434379546066978
0.965016927717376,0.391225241930958,1.10692709545939,0.402540046159607,0.963441137610966,0.376470051466331,1.11084375405517,0.401338522064408,1.05091666691723,0.457963403450275
1.07169082949625,0.34386159021614,1.19542589998508,0.345607102279235,1.06668586406804,0.326718926050503,1.18976416710462,0.347118026562365,1.0298184017664,0.447787156293509
0.940855533355413,0.386641281070419,1.26938116510122,0.907658499918729,0.938631947612933,0.37448593856928,1.07458214375638,0.342244956710358,0.893662091520386,0.415097002646259
1.10251287055146,0.350806704473866,1.08895241514003,0.358536744125828,1.10320536490038,0.341925074602821,1.08607173467018,0.354164867184188,1.17284511602975,0.419858970616053
0.937821845214643,0.365627119870114,0.994953274779843,0.343405188936597,0.935654102282449,0.353391458042646,0.9945632695918,0.340740662906286,0.860780300550264,0.390711555228873
1.00203124630899,0.351269120072353,0.834982878955996,0.387489385704794,1.00034033545635,0.335715135798356,0.826082470064105,0.375834586292816,0.805168771881327,0.410533740073123
0.982819696926662,0.374116820524608,0.975972349799772,0.383326127289047,0.979070664181181,0.355252166151812,0.977676420306688,0.362878037703819,0.830135322092792,0.444261904528937
0.859836884007675,0.368998668378519,0.846328192352532,0.384074491573017,0.857950376567711,0.359045255163743,0.845471390082334,0.376218849230057,0.783989500567186,0.414063498233949
0.993503842054482,0.392460155662191,0.845253234432692,0.390635870191787,0.993069552357034,0.379161827059131,0.843678909715614,0.38827710458153,1.01872525979134,0.490242513095713
0.98372107456434,0.355390428939546,0.926948514160112,0.382459215702007,0.982148904911043,0.342305071499153,0.925756415174946,0.375959289984605,0.937138584309477,0.438648998663633
1.11259634435627,0.372806987452156,0.997862549370693,0.38312182302324,1.11242965159796,0.360981075509282,0.993874187995646,0.374324907478186,0.963342645677242,0.45604058195653
1.03247961605721,0.377209611874273,0.932999077569621,0.372682616243176,1.03024163065854,0.358340896870287,0.927995355908945,0.364595065413925,1.12362853041855,4.7647076435841
0.996627585783055,0.381813078702797,0.98779467792351,0.379115285211953,1.00034820695963,0.361791118444418,1.03670996935353,0.906080879606441,0.889843498172162,1.23249565734321
1.14947011507348,0.353162981650694,0.935009023654079,0.366262087359421,1.148081456687,0.339530038355755,0.939479816067476,0.369200869633643,7.14887310876871,7.90719374409892
1.16037464772377,0.373199165987427,1.12754132961978,0.37151399755122,1.16153835314904,0.354259151802748,1.12412684367289,0.362038879433297,1.20918332326088,0.461798579549301
0.929055706926683,0.36230782411534,1.0976381404863,0.366247623823999,0.930732645735872,0.351518414216491,1.10183805755436,0.358352888306534,1.05540414932758,0.390431617486052
1.02163565899517,0.352729215757821,1.02227777186013,0.375427462389213,1.02000504346176,0.340258330755616,1.01504701883361,0.366529932607193,1.04308782930473,0.457041322981334
0.940644864814938,0.329084137952817,1.02964969129999,0.354707211958979,0.93875115792709,0.321417046026834,1.02392939210483,0.346047062924697,0.984834412170087,0.400533581236786
1.0628340133068,0.380717457817624,0.944221180949536,0.359381535731935,1.06231365298391,0.368162605493418,0.939246762374559,0.360482751023782,1.07033986350442,0.442536949543708
1.04291833025754,0.375537062259724,1.05403903753471,0.384206334943737,1.038578555542,0.362367915348865,1.05026920667844,0.396561961431108,1.00113417799106,0.420343364867778
1.14609508214572,0.461300764197431,1.09263790586673,0.404929422886661,1.14507189851459,0.440088566649234,1.08356627616611,0.40022555619989,1.23265990494037,0.480942570113753
0.990116099609047,0.392390269790063,0.965344784781072,0.401498507865895,0.985463805531907,0.375739414259932,0.961295980044819,0.389261676804929,1.02277709778091,0.451946719604016
0.908942378529167,0.370776734809782,0.947810421245326,0.364744178623793,0.909101881030719,0.358075311135447,0.945407337464687,0.361002885601824,0.897243720449999,0.415595378206192
0.982790618326748,0.368178581228377,0.946307468502442,0.38500740276336,0.978505470519961,0.35265760156417,0.940689510085087,0.38051703656329,1.01552834583619,0.515329196360122
1.01096770905524,0.386795382272846,0.887547929544292,0.361597269340319,1.00097449262549,0.369685735488591,0.883212747011591,0.354980137265259,1.05543504460888,0.417601488405459
0.960075456911427,0.374607909238037,1.02390235260349,0.376925210435855,0.95820305106992,0.363481972448982,1.02131033790501,0.377716834090986,1.06845413542341,0.488005932676745
1.12808254551359,0.360485186119228,1.19208363435034,0.377995130240568,1.12980827106861,0.346323402749395,1.18549169873396,0.36563216550075,1.22549603213999,0.393719923635794
0.980585864052597,0.349412544105953,1.08407201489714,0.382002464890904,0.975584063140571,0.334895946943154,1.08229555399524,0.364897079959908,0.918442035688092,0.453292933523272
1.11861576430737,0.370467964780497,1.16055199894744,0.36862359836813,1.11566333037586,0.362090655340444,1.16301191562797,0.370836592744777,1.15412589530695,0.404393479913509
0.934780941161343,0.383288650088375,1.05170721117139,0.405040029900949,0.936311932359197,0.372546214392243,1.03457716140998,0.392213380344417,1.01666291332589,0.467155556700826
0.80491732888821,0.381230223801135,0.927668955325377,0.402606531950865,0.803043452957838,0.367100130684491,0.930139992375157,0.376593390585581,0.815252873245149,0.452047883291661
0.918160602543886,0.34992268173341,0.89397036453279,0.349254370993882,0.912390876328712,0.337463373271641,0.891632455810065,0.343705612068551,0.928958656026375,0.404711158355147
0.988121880211082,0.381104497944386,0.887822903274581,0.391353072471369,0.985443114882467,0.366784937432189,0.881970294719492,0.384964120788254,0.943627981477121,0.4419948472467
1.063300061046,0.387570389886762,0.898613616122415,0.399393694122661,1.06197363996721,0.374443486574628,0.89059717919429,0.386920939245548,0.867195780428953,0.434746916344932
1.0860916843074,0.396656599427768,1.02978052153571,0.390763831748625,1.08741976870656,0.381083124441469,1.02853318865743,0.379498959275546,1.02308610195435,0.43928077702282
1.01050149581478,0.363106078200465,0.911338671953116,0.388657436835086,1.00951127439025,0.348165207970148,0.905477761207479,0.38430339924281,0.772027284272637,0.430086052005815
0.898336459192238,0.370909591868968,0.941590733777638,0.382160749987372,0.896528710649204,0.361070340725697,0.937311244497184,0.372286216435096,0.875364546345099,0.43791116307349
1.15047339397646,0.371636325988711,0.997605729082161,0.373838310917328,1.14706647068655,0.357633094633222,0.99197708860879,0.365642206328239,1.07486555662528,0.459297983744134
1.14747040752736,0.372552850297602,1.08045628877097,0.381272810136884,1.14541770606314,0.362500435750331,1.07621491567013,0.383479322808698,1.15571246081803,0.423098863917795
1.08721138169284,0.373151506284981,1.04136116665134,0.351513148084196,1.08932760909394,0.364190880720026,1.04044221821725,0.337531794036355,1.02321654535532,0.40952788206597
1.03921489569059,0.357095768028391,1.13094025151349,0.367870797828325,1.03730178681212,0.349401957646629,1.11965611826318,0.362433456927714,0.98223196121859,0.452614421662408
0.89124608428781,0.355447388907641,0.931037759447519,0.357134805182706,0.888069175423052,0.344435328668881,0.923525582662153,0.342336650343433,1.02244856485738,0.45770600165723
0.908477193371803,0.38635753912541,1.07543361846442,0.386516212518451,0.909723426483527,0.378970197738431,1.08719425382514,0.375438410426913,0.898845020113051,0.422816300237666
0.923607632337409,0.365415361551496,0.91451672526391,0.353355025957094,0.920931111088748,0.351576944518668,0.91156748409723,0.340268135217864,0.939772792809924,0.409283671697479
0.946627051517762,0.380430855695519,1.00618451595698,0.383758391992952,0.945081161117572,0.36750017020219,1.00169238712694,0.377074098086715,1.00451369613415,0.461124712337359
1.09700679622373,0.336711487984243,1.02527993851137,0.32499528989686,1.0977587316267,0.32619664587751,1.02004218004912,0.31800110532583,0.964028377920464,0.377646481159945
1.08568785843625,0.377117202902123,1.09862502162601,0.375836050108172,1.08829445236777,0.367151996361128,1.09662467511171,0.374239022036298,1.02803300224784,0.409597125885066
1.01126597249493,0.341123067662877,1.07409834091357,0.375031569482856,1.00973880064921,0.328315678305738,1.07661236357262,0.36549338117768,1.08431229471033,0.412018489405084
0.935806228856219,0.371607408268079,1.13844988227828,0.363118238572186,0.934558804630948,0.360784281870652,1.13981966150575,0.363700031239126,0.935083364255774,0.419400784835586
0.8811918274739,0.402298687385015,0.885971680840368,0.332916786703284,0.878281777908924,0.387817649567626,0.881267199190716,0.313169862722598,0.87963613991152,0.427959311578488
0.985382978819916,0.361198919420837,0.979336658123753,0.384096251638423,0.982400933389451,0.350214366049013,0.970533446511077,0.368068841927915,0.946599750192461,0.439117032253225
1.20912716057117,0.415742883279646,1.0889374580127,0.377097056658224,1.20871568099785,0.404662681496896,1.07741347155557,0.359091242197397,1.10594935427194,0.432797599568304
1.00462089472955,0.39981321640181,0.968080784084567,0.389525606660699,1.00160818224422,0.384220140203283,0.959750699311668,0.38214507939406,0.849527388823708,0.437272271576224
0.862319879744533,0.341308407550187,0.967477155877607,0.349395181311364,0.862314806849117,0.329865156905148,0.957593476623695,0.331038384237218,0.81313926984825,0.4218829706927
0.956466542774934,0.337180123826559,0.959393568570258,0.338864104722742,0.957460702336759,0.328405471580059,0.958992117515273,0.335171616011505,0.841263108898618,0.396180649213212
0.833114341271694,0.390556286755816,1.05619747124175,0.389266976991679,0.829228908300835,0.373987434018277,1.05098851273093,0.382412235993123,0.87670334753283,0.454249690029213
0.889260835174376,0.360860749603454,0.914555549556325,0.349726242307158,0.885346008777525,0.347109096386587,0.910794698070403,0.344975091094871,0.959135756063607,0.456645004864753
1.0132075574322,0.376451389206093,0.902782819341603,0.397190923177686,1.01248883599561,0.364457485278171,0.887835676682672,0.372779863789325,0.968654240797901,0.447533467728696
0.978098807231215,0.329952554695824,1.0360476758542,0.315343433402097,0.978994977185369,0.320276317158465,1.03500814561817,0.301256577786746,0.9639950981415,0.392093216878299
1.25051479237576,0.365029159597878,1.12654083276267,0.370197350199115,1.2450341269955,0.353351673724355,1.1218128271459,0.354425846083596,1.12636406837643,0.433165280012142
0.931736303841032,0.387578566788307,1.06018543089704,0.366488081350324,0.932936507329071,0.375820849308132,1.05117151084262,0.359322012430907,0.831397867755889,0.444077270118046
0.882396011973681,0.41328111510736,0.995845931107408,0.398748144618123,0.877697432703465,0.404105712984413,0.991677184786746,0.39795049204922,0.81660666955611,0.469387078347517
1.04654124376471,0.375467662535724,1.10875654260297,0.354078142180777,1.04642000403445,0.366493573299993,1.10895040639539,0.349484615680664,1.06143204673269,0.436796824737223
0.881849482277457,0.361423008332958,0.820357019303933,0.364425750018413,0.880659593856028,0.340533822761481,0.81630273590226,0.35090078071392,0.876663813256008,0.404293655000044
1.03120222052981,0.378033961015688,1.05914378802031,0.412965737614699,1.02862872212112,0.3640747907257,1.05309750900141,0.383201245040111,0.996418037420511,0.430891876082592
1.10172404232409,0.345455029334123,1.00201413933417,0.383429312584222,1.09913584487304,0.336986399182603,1.00048592060269,0.369004134383403,1.02956946401891,0.431469952860295
0.95793916092735,0.350399206832248,1.04681125140189,0.355739528377989,0.955251287816378,0.338132461073507,1.04504152744132,0.35059212847276,0.873581170674116,0.485053441478697
0.885838002780252,0.393810493639331,1.06468124120014,0.401085023505033,1.0867851416216,0.918971688248539,1.06041293745085,0.392781259758991,0.973487495479245,0.470251571222508
1.13866792888239,0.377368860065773,1.03003295972206,0.361128571494348,1.13542979921214,0.365194795432572,1.02297854571022,0.355885053583015,1.18652476415383,0.42578087429211
0.932908480874818,0.370634957435635,0.939963702103008,0.384438932684953,0.929862097000826,0.362454940374194,0.932615644807311,0.389078449359768,0.830080510824735,0.442698732630681
1.02301925585507,0.407737013979294,1.07083022947455,0.378580881499822,1.02457350816813,0.394627488209444,1.06546287080011,0.370337176737498,0.802361014739204,0.488073716394374
1.07433905250308,0.350647415461032,1.02036373679436,0.349747066465588,1.07394674632121,0.346195712047471,1.01580022964468,0.343486930201192,0.952770936891103,0.418081055345824
0.987965609331236,0.398428533260529,1.12020879102947,0.373560472986382,0.989873056662647,0.378848871648278,1.1122079395677,0.357765466461918,1.10419526778215,0.437387818955095
1.10145248515245,0.429461550327348,1.1294457786584,0.399189143866561,1.09921424054445,0.416782012606539,1.12608657236938,0.387316909496342,1.08195183367012,0.444288036403945
0.913982331381807,0.402729046622765,0.965472675078887,0.406279757960586,0.909631557391841,0.388042155427823,0.954637365928348,0.404243446988668,0.973835159829316,0.467323016028951
0.977756735794072,0.325652930802744,0.951999463253173,0.35530238188006,0.973384518434817,0.311771771370251,0.950024935905734,0.343718293565439,0.961992387445036,0.392980022397757
0.854527956331536,0.355710330396617,1.02344503020503,0.381146145037979,0.849644169683385,0.344400014000475,1.01707513950217,0.38120134973206,0.952579075139552,0.437604689535925
1.00884837005731,0.327364387555549,0.939276665460347,0.334527258692062,1.00701254515376,0.315389693808428,0.932752864495313,0.327280598794041,0.993749567143518,0.434701584882776
1.00724440661579,0.347583407101157,1.03617847674632,0.383941994721885,1.00707858015213,0.335344212375088,1.01940773783992,0.377159522720968,0.915104112351027,0.452906634241217
0.978377599064121,0.386624707389089,0.992469808340191,0.407544100459218,0.979565937984141,0.374025000728001,0.98419293421464,0.386562654665849,1.04031003501222,0.425148430901959
0.942132528935402,0.387867642105906,0.943640604501909,0.389234470598364,0.941084476656186,0.376930562394662,0.941266140209215,0.378379623656605,1.0562961713277,0.422240705360847
1.09475894202905,0.352987436255162,1.00944767026543,0.375870794250448,1.09614100223893,0.334461416861802,1.00140662318464,0.380134078156597,1.05657513514568,0.43045178938008
1.01124183367314,0.375133429394948,1.08043792301041,0.382876073600768,1.00743922276466,0.361923816695716,1.07774860681776,0.378900293016461,0.950671490426291,0.416311854139872
1.05804786750155,0.339942440872038,0.930394422093928,0.334962286801938,1.05424370388989,0.328721296049818,0.920348231119191,0.325428407839936,0.986638947640854,0.413793555037903
0.960445265864313,0.337912252715683,1.08333235451374,0.360988276026176,0.958339174751386,0.328926368085904,1.08322323750715,0.356281468263866,0.9963743169291,0.416386406177258
0.95279972976953,0.36980134005787,1.0009920805584,0.397296973383964,0.951829507277966,0.359906466267975,0.990264340006371,0.384754975642615,0.980644383187069,0.414663272112439
0.893830665200317,0.3758804179878,0.957939766618753,0.392977232869349,0.89208985945594,0.363312380967663,0.952111869974954,0.394519906434045,1.04752265969618,0.623559293281807
1.0707842351271,0.327008723325216,1.08537214123707,0.330533528939635,1.07036979460901,0.317127846634368,1.08282365684069,0.327927088071544,0.952437158068532,0.37492044637356
0.977087989551935,0.381013020982849,1.11079381951325,0.346415570424491,0.973797808138995,0.369022023176801,1.10582448745348,0.34912076849841,1.07391553924597,0.423867380453178
0.897092222121228,0.344569253628653,1.08222055461687,0.39545589847339,0.892215584668363,0.336484839172212,1.0809858336001,0.386768121399222,0.957064234597038,0.414504382710665
0.973447930194857,0.384256957790994,1.02572160364609,0.369643356957479,0.970433816507708,0.374483923316155,1.02218452462186,0.358470010360083,1.00004599341119,0.429006865773487
1.08110835256344,0.365636315033012,0.996204926032245,0.362709757823818,1.08083404305871,0.35485741198189,0.997563609434654,0.354933940841338,0.945467085224105,0.41007391540213
0.974291623270299,0.425286194693292,0.995797874408361,0.42826449652315,0.973541028839089,0.412288451994099,0.986570628709492,0.424674269978701,1.04068106723201,0.540878619404245
0.913548481233668,0.362905714759347,0.870630413691213,0.402438855319094,0.914025054722982,0.353938962896817,0.86906298945957,0.39136918932147,1.10666379669599,0.444979995395512
0.867834193192767,0.348402356884599,0.91032663981628,0.385921879879085,0.861468781476596,0.335502776691641,0.90234156505866,0.373827459657892,0.897733115941131,0.415027821793902
1.00054437810423,0.312424042859973,1.05874209754915,0.322674437489657,0.998849268888867,0.301525141332456,1.0603324319243,0.30678619225126,0.832403806078786,0.362049843922776
1.20409258404098,0.361303211449843,1.03706143121516,0.362692837915662,1.20352617781519,0.350941692620017,1.03337754498879,0.357672966682653,1.07385956563868,0.429025022051245
0.842966850235982,0.408808625339761,0.910822912818275,0.394000212778123,0.838042464397862,0.384860775057524,0.913942550602676,0.373166323530163,0.875015961331167,0.486997204553064
0.999422097516422,0.382753811089124,1.10239100721105,0.353247528502446,0.995093830832371,0.370999175323973,1.08667805451511,0.338928802057341,0.99343441098222,0.415189101830483
0.985242278881058,0.337911696068809,1.03543028941495,0.35578627338693,0.982980874943676,0.328274184709964,1.03341043332598,0.346571813573428,0.980403184070187,0.412357473556129
0.950929575419226,0.347574681662369,1.0801328809971,0.364317921028009,0.945283254969369,0.333264240393511,1.0803914607861,0.351859908206078,1.0042118956175,0.450528651836768
1.00467558517167,0.352844883759263,1.10181777436445,0.359788533251221,1.00479944175358,0.344897244758332,1.09932673508231,0.357457563225159,0.977029023457902,0.437991405242663
1.15772926844654,0.312074371821699,1.12072457657558,0.340394686981238,1.15512069149658,0.298506485529095,1.10999449062455,0.330495349188663,1.02555412550504,0.375406300841893
1.06583695824788,0.37483351631512,1.04489326366377,0.340135822619182,1.06535595140742,0.364866889713497,1.04237148536394,0.327072764824005,1.11458361469872,0.435057151242632
1.1083081626701,0.398234678735426,1.15210468569985,0.375491895196265,1.10531265559793,0.389665941086731,1.14799319224543,0.371894907483647,0.95472526038044,0.48672090835624
1.0273226477979,0.340381410306571,1.01531283222464,0.356907103637775,1.02627150318489,0.329824443520226,1.01630848946819,0.349052032050773,0.937362199190566,0.409002353257822
1.14691440258514,0.36533493994813,1.07370681445164,0.350185996669206,1.14679929776303,0.351425443700269,1.06894163107097,0.34619821518443,1.15547365675549,0.416430830984969
0.879759037716614,0.358669235216953,0.904593665402042,0.388547901666989,0.879691795175922,0.344723531499774,0.901783180182896,0.381275764569262,0.840861207835949,0.434999172451526
1.00718734692392,0.370069328615973,0.953531617629921,0.386179758575689,1.0040000641538,0.361209401749422,0.921887846696263,0.378677605044567,1.047848396613,0.440084765409246
0.997592063602135,0.353844136820656,1.01752469456064,0.365481322116332,0.99351190424776,0.342503755099683,1.01553903552741,0.364655517238902,1.02792423685873,0.436186865492096
1.15317358073694,0.402709399453176,1.0896306068159,0.409148806961736,1.15608770300816,0.386947860569366,1.08402058814049,0.39190420058858,1.17041232699633,0.449518959530633
0.979347891689682,0.339850758079154,0.93195529047692,0.376324310193844,0.978651058322664,0.328189609779404,0.930502361347004,0.360943653265167,1.00747613537084,0.414897913756489
1.08320386066096,0.351207521196553,1.05988478356668,0.364909667678928,1.08372909633901,0.337372802352667,1.05127264944569,0.355954160948919,1.05530642832413,0.443996785696641
1.00429586683284,0.378573532113194,0.864491569205829,0.407768732363772,1.00107833440122,0.359600959979959,0.857608644955706,0.393149448939742,1.00348893396925,0.473334737494477
1.05304805931168,0.366712143670511,1.0646476575572,0.365475768455708,1.05042346304896,0.354110934116278,1.06784643172368,0.36328303373922,1.10846080114349,0.444873310702223
0.95488079354672,0.319354450182973,0.905570424814392,0.380086821913623,0.952601626619192,0.308635875811137,0.895479171575587,0.368002017509536,0.849328869501716,0.384790616023056
1.00185273370465,0.378432565311029,1.0077195841401,0.386935513098246,0.999582515589798,0.368702670038976,1.00124797353262,0.381673926359433,1.09816379341021,0.424537084684748
1.03850171919218,0.379546726685159,1.08246296266036,0.374365285819332,1.0385264686439,0.367255263628443,1.08041433824956,0.362054663399549,1.06378294992001,0.463827305665072
0.785761578638762,0.362918626400816,0.788764575541903,0.376781378128005,0.782081160989483,0.350515505895073,0.784944773158926,0.378814770451122,0.909835987736465,0.445170779576914
1.15413048958764,0.359347401406256,1.16156281795868,0.374445724226629,1.15132689706932,0.343420384893877,1.1639173984217,0.35441397887075,1.20402067398595,0.42523647646244
0.910934574329155,0.36273728288223,0.833711430568373,0.363720972629628,0.910460097109817,0.349378472521515,0.830080757452421,0.371199092968504,0.78984663594893,0.454762577789554
1.04944549201105,0.375453874561621,1.0620914302752,0.380842918042018,1.04885206087515,0.36462142059842,1.05883269668052,0.375874412748259,1.02168947171764,0.477175942816246
0.999207563827921,0.395598804487168,1.03423091227189,0.419718580549808,0.996108608044832,0.387804683733745,1.02794964403013,0.400146090890941,1.05127211036886,0.460852993577328
1.02329268953383,0.351569550555889,1.01159145613707,0.376916615562253,1.01988311638987,0.33405992321073,1.02011583952912,0.364279963151107,0.893711809193621,0.455731632618997
1.14636632641354,0.401097128143381,1.03763714783832,0.399834477173401,1.14397351265615,0.390806708286378,1.03448743770842,0.396593802213589,0.95864866477572,0.448323663362099
0.944471726104351,0.335861620621276,0.897819983941898,0.360670742293728,0.947892329135878,0.321315047303908,0.898474001508006,0.35833732756024,1.03412548538018,0.393826806384459
0.863781850146361,0.430925841474994,0.955331552891046,0.391687976052907,0.859668235796133,0.41745119461191,0.955528285956888,0.386901215193876,0.730417088731052,0.446554683872576
0.909249467512765,0.377851157729161,0.86468583880564,0.37965419445535,0.908676836792069,0.363454368790104,0.865068044198572,0.373108705973285,0.940925941237376,0.45664160619603
0.961874097443918,0.386493677491357,1.0040410184496,0.385845750974062,0.959373519597323,0.3769812644745,0.996839194691229,0.373761423806762,1.05639179293786,0.45870489196567
1.07979449535815,0.358129218926039,0.897625650467135,0.376433895041283,1.07979399003672,0.342747170288702,0.89515205401714,0.36240367064191,0.916109891792048,0.413861408414492
1.01121536756888,0.358997205804503,1.02113916318688,0.406511137987269,1.00651319958853,0.348324561141788,1.01789636486196,0.406282162790949,0.847203652168249,0.454590039127594
1.01818786639711,0.417503819713577,0.898114413534653,0.361585380628124,1.01494868973757,0.404590467065126,0.895208018656885,0.345877759645349,-95.3753069349019,81.5128830597503
1.06242953720696,0.370985641053509,1.12972266534078,0.391470324863042,1.06313234862159,0.362445830057769,1.12869447490339,0.380502749277707,1.10964019698398,0.407253550426847
1.01283172369736,0.362720800310213,0.980541668904181,0.333362314855903,1.01088694551056,0.353792688225647,0.980980064623255,0.341182756651575,1.0373824572572,0.409638773863863
1.08602314505342,0.408760145598891,1.08239860605872,0.401667144458487,1.0846668672806,0.397477743593174,1.08068623763197,0.39933174854729,1.08728850827086,0.448725984118007
1.12116987712736,0.372823971664755,0.914256485770952,0.370387804247954,1.11439295418307,0.356014874655587,0.913572378643941,0.358564944021374,0.986830900347656,0.476600516720191
1.03108209396431,0.36274323954315,1.06637258885621,0.352317843170729,1.02739336608013,0.351336205723979,1.1132071655042,1.02819131991114,1.09375260012041,0.397391225692181
1.00319039727435,0.390424644877322,1.00379161430426,0.377927230141333,0.995987362127725,0.37571606858999,0.995723898191667,0.366890480328364,0.887077086521994,0.421027753759237
1.04790583002408,0.382331494115406,0.888070262626393,0.355253347687913,1.04563280586379,0.371190925684142,0.875253160179832,0.335234104461506,1.00489158237643,1.38820144003254
0.982181537144008,0.374121711161414,1.04338048071861,0.354189190416911,0.980276682035497,0.362034289074458,1.04733760742273,0.352873724917674,0.971029918127619,0.473999262101491
0.965902552439574,0.352845747646414,0.994247961826024,0.362498613616126,0.965974977898305,0.347132233887487,0.991653254519409,0.354002698891871,1.11571240322685,0.401235545077128
1.06249851219766,0.377203807772391,1.00162875435074,0.367975196807329,1.06530557758244,0.361480457520118,0.996525944656938,0.352290258655043,0.997264179417332,0.445904491880894
1.02355454550612,0.367752204609258,1.00120275758664,0.399091120454761,1.02193646471265,0.354534914893659,0.999068770935577,0.401801129478741,1.03084142329564,0.439616591881513
0.930685338067561,0.374449357468316,1.00013907170548,0.373389553193581,0.928837736338027,0.360968685346286,0.998387006742245,0.375019363478353,1.08725647186999,0.442973506149035
1.01610478479048,0.366192883406606,0.9398250256951,0.386398440480829,1.01461391604232,0.348965894271587,0.937133073753736,0.351004184849175,0.908273360001421,0.4138603167287
0.906209489330171,0.364171561431367,1.00570011146005,0.349381086012607,0.902332390135601,0.353533924673857,0.998328111285977,0.337685600575029,0.9727290828056,0.405013551883362
1.04010855822401,0.389122704313072,0.955476119610916,0.386656860855951,1.03676013529749,0.375604232574416,0.950817538807395,0.37102385802855,0.949009915795961,0.446859094128147
1.04480847628778,0.384245685578684,0.932401332802832,0.385792802069714,1.04313724187201,0.375595354632059,0.927934179763042,0.368263530884125,0.949120250268837,0.45349338925817
1.04859267654041,0.372284056298086,1.02151639946278,0.402140537663811,1.0447415408895,0.358932346545022,1.01532250882409,0.388494149484482,1.08764080903815,0.456625656152222
0.874970047554648,0.425039153686738,1.09004596391076,0.394123991256426,0.87096823458267,0.412329962724186,1.07865601860408,0.388423939369997,0.900234214240462,0.462211344516146
0.916150678039978,0.338119990939528,0.957829374334814,0.366880165411845,0.910313708470192,0.328836922488451,0.955106010468209,0.364376414005597,1.04646227995655,0.416623423808413
0.96051323262423,0.348954162507846,1.04484932302575,0.341258676951854,0.962673889479158,0.341196991219448,0.97353904998857,0.0414720673104632,1.03535440449763,0.417043679854499
1.00828629012701,0.402016762985442,1.04699236238638,0.392621943731866,1.00556704785359,0.39108505558973,1.03718377682906,0.374893269642206,0.999752463997138,0.419052850027736
0.996591018319053,0.341658789044041,0.978814425236622,0.363168229587174,0.996229822640954,0.331667481832228,0.972582768290366,0.354411430665364,0.998774397113956,0.405200268472466
1.01457788702184,0.361375135556332,1.14013854057914,0.360947014028459,1.01045037384309,0.350483394226898,1.13720650322814,0.355043742323413,1.10759553040398,0.39979321665177
1.07532406543354,0.373778768209927,1.042384100008,0.37230342196891,1.07107485651827,0.355441929866521,1.03946505136393,0.35787664620605,1.05908605852844,0.443178847155414
0.946770666344295,0.365063151359511,0.950491743583026,0.322315651636401,0.942328258129257,0.354365912438259,0.947107686342471,0.319830712111979,0.983406029954279,0.408540298595063
1.0575672480521,0.399145079213095,0.895410371034476,0.388733051026718,1.0565867004351,0.390103097296333,0.886764780951166,0.377383479459124,0.932495255140818,0.437180790871019
0.905942533653518,0.369705462518316,1.04827210866265,0.368184818487134,0.903132370211076,0.356443373985334,1.03375609146151,0.356150189124932,0.950732707023961,0.445432773622731
0.891277271443121,0.373311335676302,0.930406037340861,0.353581971514483,0.888437110672296,0.36094756314028,0.931203825529776,0.353468595987168,0.973468168067221,0.415511354936354
1.00014001674643,0.363171898961658,0.400808580590783,3.7382747526349,0.998035498801283,0.351191939880851,0.88060251172844,0.355831287027263,0.75664195056145,0.495341754780517
1.05475875399735,0.369991246420462,0.950321245010632,0.380666995270466,1.0530305636009,0.360009354358819,0.947519543910656,0.375683564400435,1.00000135666529,0.448155661792613
0.995144196656809,0.41654661074197,0.980043174957387,0.394329490430157,0.993770009753294,0.401229535088165,0.968424905158264,0.378041584199793,1.00497920887228,0.445718470728136
0.996217650801122,0.431610782152892,1.0431052985314,0.361524585225798,0.992012430280978,0.422491916959174,1.04254044397127,0.359810769931655,1.04015265428774,0.438557725730976
1.20384714923158,0.394559664139189,1.07350663450692,0.39944049333171,1.20036917796762,0.379569484406999,1.06319056009372,0.391597993235643,1.05442098159377,0.445183396823973
1.09605262644576,0.363062123964259,1.06745262464351,0.357677227545101,1.09432253774572,0.353915815456127,1.06367014229248,0.356778594466778,0.955178690806164,0.407722990392636
0.987550589783222,0.354741453400086,1.17175272849664,0.346146001590618,0.986527275266455,0.344455991762008,1.17532004118034,0.344552152703682,0.98480429683046,0.40386892433341
1.05297132512611,0.37640293346316,1.02025553441133,0.343830869620487,1.04957328201101,0.366220782444171,1.00297685183772,0.325630080328485,1.06155801348285,0.456617371729422
0.982518139814727,0.350212106990778,0.956516640003112,0.345225418406277,0.981250550902345,0.337150497831478,0.959818466463632,0.344336062763231,0.94037390762791,0.413642083071602
1.00984547763389,0.396307869256651,1.16020715191879,0.369933226784187,1.00928796243659,0.384263144040771,1.16673786313817,0.356139901473993,1.16528145281774,0.430665666907346
1.02963182750855,0.38021924121476,0.989585785228536,0.383386485964819,1.02877783436308,0.369272604412248,0.985938239948015,0.384104055580806,0.98529146416154,0.432912230958799
0.934338969485135,0.352785698953449,0.986962742200974,0.373829062935178,0.929382389427311,0.339239370701934,0.978384187648953,0.386614082159158,0.799155327760603,0.43211424085366
1.16483906880454,0.361299953523162,1.05531129160869,0.352207799264503,1.16422502642791,0.350560787346264,1.0517376646665,0.345945495426069,1.15238407915803,0.427092090559662
0.878471661716689,0.39694214223438,1.03900951092861,0.389724235690979,0.870581498420438,0.375195125197888,1.03555800516424,0.383824335607038,1.059384949599,0.500761832309092
0.92559380598477,0.35083591978015,0.993256037575207,0.355452198683313,0.922932565961362,0.334789471653573,0.988495832387058,0.351999848319351,0.990290294200543,0.411364274170089
1.05819400748327,0.368393948521069,0.985339124433687,0.390426550767103,1.05409549287725,0.357084350170857,0.974239485380658,0.385815026319268,1.13591734324867,0.463121254077057
1.06255386905685,0.362464402345513,0.923446703908993,0.359945260414035,1.06122489538042,0.349052083794019,0.923577788378533,0.344067691804715,0.908265986062995,0.425115032674985
1.08958298122516,0.375067249456028,1.13674563492118,0.346197109193023,1.0882956615826,0.362000156631209,1.13520977398538,0.335412239455589,1.00361302209292,0.432862737266488
1.07183861137827,0.421822476932014,1.13446473662572,0.39442474840025,1.06983540270651,0.405924716901001,1.12559576217512,0.386530129409672,1.14910446239359,0.417274117092837
1.01738440218204,0.36246054164963,1.06812722846241,0.377909810207259,1.01325647254546,0.345905597884549,1.05994990069642,0.364252620878445,0.921352942289306,0.4731086374816
0.956082036072103,0.362375422420957,0.874543356599211,0.349536265569901,0.956853043946891,0.350605567851349,0.873618829330549,0.340231030592409,0.772371482103534,0.433603841128319
1.08896449097505,0.358218132852367,1.10983172352924,0.356843248082887,1.0881362554499,0.349679812199851,1.10989118244286,0.343605898543473,1.11564795160379,0.407970316795493
1.02792401423524,0.376457054468028,0.972550293846349,0.33986178394558,1.02953221319155,0.36398646244068,0.966794108955151,0.332874300102495,1.08481494903887,0.428333304860663
1.0201808448594,0.364795831818386,1.10744240182961,0.361533784976453,1.01514667331869,0.356728296203041,1.11155719282466,0.354392471670467,0.974923492577862,0.452353883444102
1.08992651639629,0.398719371504118,1.05004354358339,0.373642606570163,1.08608570956981,0.386190337162569,1.0398343288784,0.35008933195061,0.885580895192695,0.404462757284592
0.96380491452129,0.325695345431694,1.06913929510194,0.321898909755919,0.963594767671434,0.313878667709235,1.06728368497685,0.309057925002943,0.983674419857694,0.371410201981282
0.857608590437938,0.394752521248993,1.00067415092836,0.363981442414547,0.856291842368564,0.380680740366834,-2.31097731338157,7.08382131003717,0.859382720245764,0.447306478873403
0.878404121064224,0.369723104332252,0.89189798469674,0.358657947203818,0.876996881068507,0.359380507419787,0.902565462277634,0.362033730402505,0.963098760010887,0.415370840071558
0.944236271645158,0.315974916099576,0.987131357685931,0.348667488826916,0.942933563994061,0.300773855278498,0.977866255303182,0.339833712495113,0.82199272430694,0.378304883912777
0.932408174434465,0.354174404562185,1.0709273387992,0.351411483696913,0.927902234014009,0.337363942213081,1.07152025422396,0.347003659927231,0.981047028630596,0.394499980436105
0.888397038484371,0.39282256155196,0.995708899576165,0.362700641451904,0.88789251976158,0.377341688526932,0.992661223804262,0.352670778249544,0.93422897275682,0.4422250706884
1.16150070257308,0.35412648938346,1.02728310606909,0.346611007601922,1.15919491082978,0.333025031402228,1.02896394145233,0.337714334219927,1.13358661093212,0.411807787830727
0.905121454132916,0.382552677344381,0.770082472663324,0.408380717118569,0.906449278148264,0.368441155384589,0.769555177308429,0.402793419253779,0.872653536243965,0.518434928952405
0.970135392275135,0.355430076756162,0.875284050927443,0.362446055189087,0.967367669632373,0.347531942344033,0.860776767375949,0.354320328548776,0.864939037595118,0.414577519527116
1.02242198562087,0.365420006526898,1.08861475993448,0.393120199460607,1.01660379075676,0.352080259323038,1.08372651453817,0.391663927995643,0.953665845141474,0.456287028396145
0.878645401457732,0.381307420457151,1.06086648099015,0.374653419261247,0.876625947878868,0.37104251885783,1.12875400204014,1.07452709931522,0.986643393853258,0.447489798846064
0.799107630683796,0.381979096779574,0.839185204900191,0.36779825348782,0.794135937808787,0.367099059357676,0.83667958669578,0.365917538468986,0.828366270750666,0.414870857506967
1.06252411834501,0.327092436344607,1.04876007716826,0.325654132185773,1.05815892440331,0.313888445879366,1.04889297402079,0.317836317254022,1.01048017428597,0.371531357681399
0.817100215453698,0.381484583472609,0.980095899471565,0.366851989355454,0.814241149635242,0.371154671385313,0.97312720092444,0.353761802324369,0.850423594615417,0.438517581698961
0.992511217104293,0.336756435683091,0.918625473097357,0.349995466635485,0.991790691200743,0.327447928355308,0.910160586355261,0.334423575862504,1.0165029123702,1.11490772644765
0.965338360038331,0.347611193103328,0.928180556149787,0.320509963822395,0.963122529966449,0.336599799202093,0.930581886002293,0.326158342210357,1.02969330677479,0.398886412752614
0.948482838141303,0.355946757350191,1.04858923547738,0.378390556699387,0.947901031019877,0.344437080880968,1.04517077191976,0.371108587545906,0.972759326166272,0.422425924211208
1.05690800458032,0.367800162170983,0.948904615670005,0.349011964332016,1.0532710102612,0.355899283426367,0.945379080027432,0.346418318740458,1.02346268952015,0.407389711871828
1.05214128103043,0.383553966922031,0.979160632968915,0.356782805398389,1.05405438259603,0.365180579215195,0.973863420577943,0.35576037957401,0.922980142610855,0.448990500110385
0.925168137594708,0.387084813662689,0.992514371193973,0.369749452211361,0.926948479395676,0.377104757080024,0.995623864462768,0.368223033435347,0.912027070804361,0.446546317579626
1.0335740280684,0.400587093232734,1.19657617404378,0.927844212359954,1.03474534488124,0.393389485054869,1.0313309806496,0.319143783848333,1.11160725776603,0.415580316620607
0.95968027159891,0.399943096106509,1.06514053743867,0.40400548851881,0.96143358343765,0.388026632439109,1.06792971377836,0.403739661781575,1.03272270729797,0.424436439986142
0.960277617896584,0.380135444713744,0.932236791188811,0.389476725722071,0.960483162684731,0.370596198757531,0.924037340622605,0.385518046984676,1.00121939566002,0.441834033226898
0.987287499740811,0.389421053918554,0.925032082267917,0.371896085320023,0.984711538312778,0.377678509599656,0.917246639671489,0.361825769322992,0.96586659359448,0.45223114748202
0.939924584867088,0.39717292206369,1.05351453531188,0.398739568818106,0.936878843086658,0.386037613406916,1.05190515944454,0.396260022532749,0.964847713114488,0.485517121873091
0.997589945831496,0.417261964414456,1.02197289977971,0.385275079088397,0.994806865152424,0.408438562788694,1.01566396111516,0.370816195705968,0.890532109287215,0.490934299645893
0.919814920187609,0.346472543077476,0.911141946889182,0.376764253639896,0.920202784244998,0.332351021869469,0.911962665173443,0.366470595579422,1.004495460195,0.379694478448872
1.14436921787057,0.397196125333911,1.0830236151903,0.402595420189543,1.14530267795965,0.390667437477956,1.08645510526492,0.384212353965196,1.04100408880782,0.430069761909626
0.982174240419006,0.369797888380331,0.89408042114297,0.383203488993678,0.981143203053646,0.35609213997113,0.890072119409788,0.373249536987608,1.00988997830197,0.442142783831716
0.895154996382926,0.36365441245022,0.94839361865526,0.380164098728812,0.887514647211001,0.35202910940834,0.936743223382196,0.369662552007949,0.895632396676073,0.471346224278071
1.00853347022619,0.384251676571596,1.1074327912898,0.37346524013782,1.00732291233451,0.367435744730507,1.10069052667248,0.373361998581925,1.04973636472569,0.460885457918535
0.987149423249944,0.372264780972067,1.08800045235486,0.384227648415118,0.983143355624271,0.361472326725233,1.08867424200459,0.371785323124464,1.00500281869194,0.444498591988892
0.982964142756632,0.384167004753785,5.56801153761718,4.71379949206083,0.977000486725541,0.371131053056784,0.977981427005569,0.41809507578692,0.968728793562542,0.494088305638719
1.01684178335341,0.360030561273119,1.05314646142881,0.369071346655391,1.01356762566485,0.350545974011197,1.03750879128756,0.363266562733528,0.993481297170893,0.471293896166686
0.975366225127473,0.383857156969392,0.943896977135676,0.366808944601177,0.967796567878784,0.363942970385355,0.934416769261548,0.358796081453429,0.972819879355234,0.421218206114183
1.05663544978958,0.39363727621871,1.03647084906148,0.381653082712881,1.05502119284112,0.385404625823573,1.03782751431284,0.378627061788439,0.955992983686617,0.395266336049861
1.05399327599667,0.350522921460635,0.992736846502626,0.353741280849704,1.04744060163176,0.336483048319355,1.16607216365896,1.01432045959119,0.964313682786509,0.0136264194185645
0.967949654081019,0.389478565188651,0.97379842571531,0.388855808537811,0.963632600529721,0.378871603188014,0.972276550195985,0.384654874739903,0.917226158898583,0.465905626894817
0.904230844741064,0.347117686545269,0.908150233902888,0.332222066915665,0.900509421907133,0.338181038759076,0.902810418412994,0.322327905820616,1.0560401094171,0.389031041354592
1.09550185040108,0.354562499299643,0.985120283894176,0.36393432944306,1.09910868653961,0.339436399612266,0.981167537206775,0.358109078319261,1.09439565422899,0.403335685790037
1.11744399464057,0.369053261820699,1.00947715911047,0.362144094085002,1.11179504966182,0.357074619361789,1.00151425148151,0.342304236548758,1.01143022089368,0.429268406464103
0.883470803109369,0.349572180281235,0.918464711765473,0.349862931894035,0.880117207871359,0.338733077640768,0.918525268800858,0.342949661353322,0.996023643691612,0.41209350036686
1.15388426460172,0.391515520155018,0.913033181721191,0.410136863075361,1.14792722099683,0.380876209235836,0.909532241219538,0.39673804300866,0.934609001267518,0.480972594709446
1.14779842892111,0.398499151133699,1.04955056459145,0.374230494292226,1.14933598759272,0.385171400618326,1.04462177709843,0.380427653038466,1.03355514886261,0.447489448993505
1.06369009836478,0.404623443471345,1.05592128687657,0.389522827554622,1.0604219230575,0.393848669428641,1.05193930543835,0.382479178366178,1.08616798917831,0.473794679881493
0.929120578717365,0.385286452580188,0.905009794120187,0.375182325747603,0.923525470961614,0.370002384727062,0.895133635284322,0.377533623328873,0.854402908728797,0.45823161750256
1.08875383533771,0.344476531634901,0.945215626563228,0.347376464711108,1.09066566499197,0.330932919623781,0.945493392537383,0.33371373879883,1.00587968220003,0.446721880283925
1.01802600250857,0.387756444230508,1.0345269139938,0.36464008132412,1.01370888993604,0.371967794193014,1.03599011053469,0.348137592602107,1.20661529645753,0.458484773131364
1.05013321599856,0.374465864265722,1.04409862109894,0.363876320798525,1.04817985887265,0.362618696516065,1.031996933553,0.348073187073676,0.861654668493698,0.448142531493984
0.999625140036722,0.407874357411544,0.94419993851886,0.369168391474235,1.00039945164946,0.398043376625737,0.943026865262372,0.373628020878198,0.870813288530531,0.426781438082756
1.13543702346943,0.359504900503938,0.988676785885741,0.355199500974935,1.13559001877468,0.347370737713964,0.988139860569483,0.348093254715675,0.936407192355808,0.420755072288852
0.952817359066317,0.349387803950531,1.02848537123456,0.361723932500018,0.950187697672179,0.335084457849314,1.02955589930909,0.351032591231135,0.98153572558152,0.409515821280703
0.938622890447985,0.390319398046172,0.962863749855571,0.379083318215517,0.936094481627734,0.377572499191908,0.948722021649682,0.381441046061605,0.962747552235748,0.507652118075617
1.03044363283138,0.385714092189484,0.962117006136912,0.381329222483358,1.02761838779232,0.373693873562596,0.961577228795934,0.378559972193693,1.01659993631001,0.458757282926463
0.9064147612914,0.370875185069954,0.910766592279618,0.360344070670009,0.903364024140649,0.361651770157269,0.907973499942215,0.357217619170301,0.895440604782895,0.469157811877427
1.02214482980429,0.381852191689246,1.0917398880267,0.398092725817387,1.01626794082351,0.37149258181831,1.09060938399085,0.388587274958848,0.927457635991875,0.446174397878046
0.917049033686088,0.40494855716938,1.03486457085279,0.396360736096938,0.918397305668556,0.392917713641992,1.02584519205296,0.382847305636677,0.947899784768716,0.479169392830471
0.84886738718883,0.418516374142359,1.01111668082711,0.376437009201002,0.843678401203312,0.40614218578424,1.00469647771923,0.362768911786858,0.844231633087373,0.415972217789834
1.08028586752877,0.399101569575541,1.07612242310094,0.391768308582909,-11.4098409105004,7.30046275779556,1.06317883926897,0.378583594332377,0.945887155294852,0.462123246975041
1.08311975150613,0.361109711087506,1.06938466435532,0.35026183904552,1.08220746134625,0.347687970396213,1.06474308815282,0.337358699671164,1.08932514127946,0.450667999615647
0.950691831076031,0.341551918850196,0.939047017505316,0.362006635013956,0.947919675125995,0.330981423632824,0.93712982169846,0.355122905765481,0.773465588433387,0.392216065296142
0.958469785653844,0.35893041137324,0.969316654288567,0.354314423933727,0.9550107333505,0.349043613017509,0.969819912279484,0.346758858188091,0.856932528194673,0.405295167505124
0.917720706202993,0.372074583921265,0.889040502568563,0.373186912060479,0.915035935795462,0.35683223981152,0.880088332560066,0.363984773928533,0.865411897379804,0.44528304339301
0.922828467721855,0.36290985479803,0.870299284283552,0.366568677793192,0.921762838548705,0.35176299768534,0.869273587048358,0.364884568827805,0.926154939128861,0.423324810839945
1.09186787547658,0.384576548461113,1.07138506171223,0.36654389673845,1.08971969269362,0.377408585751192,1.07508257073614,0.368671905462847,1.24658452084069,0.426421967861665
1.00758328221336,0.36122221005163,0.896746844164872,0.38232311217976,1.00626254074185,0.348740501468387,0.892408901521719,0.380657246259682,0.905199289626593,0.448288808032262
0.931196804182782,0.354601301626179,0.906335784902553,0.388582841777828,0.927010692378274,0.339880704933419,-0.794698879001215,3.93876300073482,0.877187324104187,0.446626103227638
0.959475871254443,0.355404425958161,0.95518977945845,0.345416945864329,0.959773709793401,0.342181643501581,0.943771513354209,0.328768271074495,0.869332087352499,0.419982470462284
1.07561835263807,0.369695396130746,1.08550773016287,0.364279952348999,1.07703709929384,0.359159114459155,1.08534970355433,0.362274610740035,1.15158555952654,0.438747649165153
1.00595412740404,0.370080321675158,0.975510354204332,0.363504648864322,1.0048777269304,0.356982541756711,0.968787432940936,0.361887528060817,1.07504469656635,0.422389330293795
0.991846269289099,0.374244582181469,1.07041364216711,0.3774799414786,0.988517135416963,0.36177345863815,1.06834744456103,0.353650085648819,1.04879570338342,0.45413359565834
1.07714292783479,0.387442397342837,0.813479399660746,0.387700211760854,1.07540572675288,0.377116152609315,0.809085543369482,0.382302246647175,0.816887785084072,0.49368154955456
1.05049600061541,0.357311436932915,0.883227182948536,0.377756606678524,1.04716312017819,0.3418772164344,1.10395941855255,1.06756501165798,0.875247272720449,0.452301004065143
1.08470062628794,0.386535749511184,1.03656564013269,0.35295169394164,1.07975418147978,0.367279824693013,1.03150616353407,0.347611095676029,1.18230404153921,0.43097703883558
0.963891353483495,0.385181382531202,1.14624527311062,0.388493101900293,0.960605402404616,0.375238068838803,1.13963345312769,0.383895994673084,1.02813491833681,0.46800424896376
1.06029248254952,0.360500686877597,1.05557931756116,0.346241404613943,1.05949084735962,0.352111683288434,1.05239552225061,0.335497569958031,1.06517905139344,0.432529604869428
0.942824237074951,0.375319845407724,1.05150352737962,0.383787176359202,0.939420569045442,0.367170311918079,1.05054202203537,0.384687401692579,1.11121935738698,0.486757991782973
0.949532417392502,0.359220889957359,1.04880951373247,0.351771207241436,0.949429731238404,0.350171837227034,1.05037565523397,0.358303095457553,0.99968181678686,0.387810189553765
1.08944638960826,0.32811089450395,1.08640954684932,0.334267569384224,1.08783669804055,0.316206330216425,1.0850192951925,0.326077126067517,1.12524150767657,0.426109201220912
1.04404366045921,0.377464150148505,1.04480275019027,0.362815556009495,1.04755068728331,0.362575564516659,1.04244570875563,0.350853199448947,0.975219909072481,0.424188708546124
1.13666521036325,0.350884158834353,1.04933465236955,0.337632332098747,1.13766317489709,0.34472390784615,1.04653475260877,0.327375319774671,1.04525945339288,0.411655431221277
0.995559476025195,0.365679205387045,0.973596651378617,0.381308668990606,0.993759927182867,0.357934170411997,0.967095923209837,0.366841771102258,1.00543340822141,0.411185899569169
1.17972174673394,0.386456408104247,1.11210990853136,0.362163286035427,1.17898532877264,0.376048332043643,1.11263310656166,0.358337216500715,1.12304418449323,0.43218533641529
0.967684316954681,0.391929254219566,1.01615859378139,0.354015345379992,0.966992279688233,0.382884574344004,1.00353543597515,0.348164648279536,0.901981826783879,0.404606918243238
0.95736524810161,0.376846231119239,1.0077477343104,0.384520044880286,0.958652362570697,0.362830970732782,1.00697019911377,0.369157546835416,0.969552668188302,0.437992805791174
1.02910880676568,0.383955697873007,1.10070579455723,0.400755085153909,1.02966955015639,0.369667991276573,1.09290082439445,0.405365728093981,0.906188155039819,0.45859047846691
0.897373116913391,0.356616611466327,0.898918254482487,0.347769742200331,0.897688564908827,0.340552512435119,0.892808997664807,0.340996664116918,0.967752848041955,0.401733304603047
1.02910848346553,0.407366824404484,0.989516726743486,0.376888655958976,1.02338417995904,0.394641342533897,0.98085571821646,0.376908454729825,0.969639723498024,0.466930030687373
1.11084578349213,0.379049960483744,1.04422860092787,0.366149010708523,1.1077375858073,0.369932000285842,1.04553659515228,0.352496398813773,0.909522612557171,0.404738350674348
1.03532315996424,0.351927325724979,1.13645844690075,0.367465437761912,1.02984076994194,0.340578512408474,1.13401593292619,0.346988253126877,1.04171409057377,0.375291434964733
0.935587002790657,0.373779464075109,0.86725438049966,0.353615577767747,0.934954118646418,0.365721491108534,0.8669688344596,0.350506327725422,0.880429356435262,0.414019535039038
1.14514852646762,0.367720699862599,1.00014178130484,0.341198687650176,1.14151272438943,0.355698787218932,0.992968195752918,0.336657880594808,0.938597340107496,0.425319460752826
0.914313099946732,0.34157775762944,0.998085184476895,0.33004218864316,0.909810966714682,0.331287386186217,0.998262692666025,0.332422565335608,1.01517792793232,0.471844276622599
0.978450650355732,0.385449787253819,1.06555600848803,0.381284583489057,0.981496549272032,0.375053219909707,1.0645609273791,0.371865324679069,1.04726696147509,0.466637503656099
0.977928563507897,0.346822897918917,1.05825565908193,0.360125967070664,0.976031586198083,0.336045589007057,1.04603594269225,0.355491654986187,1.04447831275255,0.409189602655368
1.10404383900504,0.362528041568586,1.05759940387598,0.379616080411744,1.09779314298644,0.350704417551966,1.05014450533928,0.369414012447187,1.01425555104953,0.451264995583549
1.05306169002783,0.381987668453917,0.929722371282829,0.370384148500417,1.05311484910781,0.369742024441419,0.916268302000756,0.344242084915866,3.95567713301694,12.3778003375999
0.953073655647986,0.370157410011307,0.96222849430839,0.388024869164697,0.952539033083864,0.358819851243573,0.960650933322906,0.376072268053178,1.06169511688865,0.459159296440364
1.00088143717937,0.334827247472786,1.09963113536927,0.336451190884926,1.00079498739477,0.323854164521527,1.09605922158676,0.325231563618693,0.954863355701301,0.377873368461914
1.03108800930051,0.43551537828918,0.987327925107174,0.361217528163931,1.02695398923882,0.426116364139795,0.992684554387166,0.355454626891358,0.999050411340483,0.459740076752994
0.98984635869885,0.357150118797886,1.01375227453246,0.357385639528029,0.988278972320053,0.344485040097162,1.00063492079105,0.345682260318587,1.01687336367237,0.433438280619334
1.21916465281639,0.387727640186906,1.26470302510185,0.379815622012473,1.22340675145073,0.372637878015561,1.2601346034326,0.378154170470915,1.28285301029856,0.431248494981852
1.18161114384717,0.360451471798638,1.17575316078487,0.349743125045705,1.17916528899411,0.351433475698006,1.17954151708259,0.333557023784471,1.1479529613176,0.395807431663806
0.83929633659511,0.43631889580416,1.02735737307773,0.404014708845589,0.831204995960118,0.420834744191673,1.03180657010491,0.396770389436115,1.02470364984143,0.473979527235422
1.02935738412072,0.352992699893796,1.00385454327908,0.361494838110042,1.02679000485141,0.342244598910115,0.985805704742688,0.354033585440506,0.849293663629774,0.415270281930131
0.973357164324942,0.348673266456584,1.10590553869841,0.351827871729074,0.970968330534265,0.334946067986774,1.10210027201135,0.343076268104958,0.956666868981683,0.406676880747482
0.90966799748627,0.334123904655787,1.01077874701824,0.357590402169708,0.904425483814342,0.325664755552611,1.01100645746986,0.332331528267284,1.0532032560177,0.438924837614495
0.977932498861076,0.391064833283098,0.869775037829046,0.396994851725956,0.977832944996397,0.381654502989045,0.869978098344953,0.394077947258995,0.83552160889986,0.451826891575577
1.0071024321842,0.368760698328059,1.1242826106242,0.369800207397451,1.00235669411981,0.357543125037393,1.1158311125701,0.354365904416127,1.09447429786812,0.440828455299203
1.13479310460081,0.376330165936462,0.983920256935326,0.390208368175769,1.13423691510682,0.363439662579747,0.97673254095765,0.379193375380118,1.08986200631826,0.396566874167683
1.00289999176052,0.324045781973415,1.01104446390624,0.355641767421679,1.00152586920242,0.311879443670227,1.00916802271933,0.353414801203497,1.0705732554589,0.429807840000595
1.08607861229037,0.35642332897376,1.15060903769424,0.362847505493744,1.08502912006184,0.344962470696566,1.14115055111364,0.353767463955081,1.03254140564456,0.4524864570437
0.975167351034419,0.393574131093899,1.07143713700451,0.373339125463552,0.972608738063604,0.383481269552342,1.06954996668569,0.365917901545307,1.00649564192933,0.465599025496941
0.99380931335025,0.338808315038379,0.92116847770336,0.353474293635911,0.991283778000374,0.323704570758828,0.920591028515296,0.347092474550186,0.970367378913277,0.39783661326894
1.00036457623762,0.369761540912017,1.04865667555867,0.374475383292791,0.997632338955005,0.360306703209921,1.04669358914084,0.367917914786239,0.918407861068131,0.398295890503245
1.03211544882967,0.353085748411796,1.14155938468467,0.352277690682507,1.02987351513888,0.342863449184926,1.13981514612071,0.338716764793433,0.977861388743993,0.419798452352489
0.937113183149482,0.383833408516065,1.0664273941744,0.370456973313766,0.935241219421743,0.375263018149894,1.05531507844381,0.362745519295445,0.827703283366075,0.448011951438611
1.13615147252772,0.358701160754208,1.1491764759201,0.345750943554825,1.13534883876572,0.350247890340295,1.15240761674674,0.338602467869385,1.24980125267589,0.40642322043635
1.00265479238704,0.347048223109746,0.946805092722579,0.366710542681363,0.996377775626667,0.33108983422536,0.944803537417909,0.36527098807372,0.926700121574945,0.432625239416746
0.949154043831635,0.374113789193569,0.938738757928454,0.346135850490077,0.948034678924957,0.364074193702107,0.931724006962434,0.333577502333711,0.891289108977252,0.403599037987031
1.06397024977394,0.325284434549466,0.986920717571562,0.327420209917446,1.05945737311047,0.315430052766782,0.982448535254693,0.309614961740888,1.07133961794732,0.0162524192570701
0.912376780014756,0.348784139249054,0.896213896749659,0.360849574258345,0.911621965215223,0.339632104547001,0.891893440690436,0.355716872663857,0.872653146874931,0.447764591383235
1.00266099384969,0.403914816179672,1.01388490746043,0.373424303195692,1.00292593263371,0.39280521548315,1.00489514776471,0.378223797214829,1.01377515630468,0.449495416755045
0.97762955576067,0.335272305916688,0.978656961209825,0.340291085165802,0.975999893112892,0.324845717405768,0.979960478737869,0.329125501512389,0.999663321468591,0.384687082482514
0.987569910650128,0.354893144739698,1.12684827571522,0.387699552174935,0.988234391220102,0.345483828293859,1.12269808589663,0.376673817110117,0.977669725410512,0.386086557803749
1.01647058593152,0.372605566569733,0.988236215945084,0.379216993663442,1.00904729969143,0.359080207662226,0.984734637571919,0.374179806628799,0.98219463710172,0.433136409032813
1.11717616953303,0.397988569804851,0.9974768288369,0.385249646716824,1.11897115755531,0.379962139690219,0.995698789266778,0.37453588442987,1.01710388074656,0.467793198160328
0.907524337434595,0.402790671366284,1.09144584241121,0.395977965917899,0.904721114535682,0.393040370178818,1.08168192497396,0.373814874747557,0.962146907507602,0.42510758710891
0.9583464063808,0.33762100600496,0.920014381895592,0.367168323224834,0.956586719940637,0.324964909324171,0.913551252853216,0.361861794335244,0.979244671214389,0.376625911216054
1.12016495577718,0.378498302022536,1.02509216995402,0.357289233984517,1.11768083989839,0.360373822841598,1.012711450644,0.340670481187705,1.12239661660954,0.413182148783278
1.12750688778854,0.359457647654346,1.0883694437005,0.349001934344584,1.12665108879933,0.345023299705642,1.09123928961973,0.34175039148403,1.17409772432397,0.388280069821454
0.883124689322749,0.350603348629414,1.06489014375558,0.374749061041893,0.878490028818746,0.338447023185704,1.06111455093015,0.363520241407341,1.00411711464724,0.415388863438057
0.978968643410027,0.294775617853836,1.00143351695521,0.331672601106602,0.978730830601858,0.28428804684855,0.995230304694851,0.323806784647843,1.02466766985466,0.39507243492412
1.13785384869684,0.375912281197473,1.01760993136192,0.356155998859522,1.14168572141765,0.359676811723827,1.01995244140368,0.351205310632531,1.14756594969484,0.431982829187126
0.973177525378402,0.377382534299063,0.994583495498645,0.379065908804248,0.970724810023514,0.366147709310224,0.992368982521806,0.375264252458784,1.06689455558092,0.419001484142053
0.976709956650351,0.362611995927631,0.959828874464914,0.352838928859269,0.974037093629241,0.352245604529965,0.953169691009181,0.345977453810359,0.948230561803065,0.432951165022831
0.986884630966658,0.366009076718715,1.13303382984378,0.380796020604318,0.984552251643857,0.357338543486442,1.12188566016451,0.36917124164094,0.974464132028946,0.417974964950467
1.02143266169154,0.356614784434791,0.950607644601259,0.349704242335884,1.01964919491491,0.344243912719942,0.944082838657773,0.338026252455998,0.932067178125156,0.383956404024278
1.11975908900075,0.353483859351071,1.07892661998231,0.348647396102484,1.1177234255795,0.344841748047865,1.0690626888547,0.339539440554457,1.17056073630885,0.40870118091574
0.845717153246181,0.346256421172774,0.858606383430454,0.382652177186527,0.844535993608571,0.330235183751986,0.862645136989607,0.371400661801324,0.845459734187976,0.419372001525837
1.09603517661152,0.361832650810818,1.01871698997412,0.361696764524166,1.09478358146498,0.347114655447992,1.01464323900236,0.352220878280458,1.05557480680528,0.431766349867195
1.01691787747593,0.40275769022476,0.970431078366606,0.413704471535701,1.01202457740548,0.393562432048622,0.958804824587138,0.408834766204947,1.01370280205621,0.470911730317415
0.982752873403804,0.39549330865044,1.14138077608422,0.405934236465273,0.980592897448166,0.383599421698157,1.13101880178241,0.392360727543197,1.03850443428985,0.48047815042816
0.975506533492185,0.364725059818126,0.91871181113935,0.353317155535031,0.972751652131773,0.357822813875074,0.913143370600671,0.357402326254246,1.04124387869984,0.43575537126312
0.964169370552171,0.359382156006745,0.937527718775714,0.363198753090653,0.962558933273954,0.347310104115795,0.933753546901176,0.3482499129302,0.960179047075845,0.484250201844561
1.0080560890983,0.39035326168337,0.991729470981867,0.351163346285863,1.00412690388042,0.378333533208465,0.988859880700854,0.339436375627773,0.995055401303292,0.417572387903988
1.05150795070894,0.359410582692108,0.926821653180775,0.36488299095177,1.04874981627732,0.349720228989207,0.927142459299782,0.358517318339022,1.02015902820514,0.400968087918634
0.991933471344348,0.322817999152716,0.980250989557178,0.339784076462168,0.991195162727928,0.309569905492934,0.97849607352016,0.336003409710639,1.03470039232708,0.37717046382416
0.951387012671774,0.374974734468108,0.960031277501451,0.425787052152377,0.947597336927795,0.360675517045126,0.959891801904843,0.408066155998886,0.836598768229985,0.453908021567341
0.930308972175652,0.379225642291937,1.07318165423665,0.40874790571713,0.922715533875119,0.367523530557152,1.07791176610843,0.408028527175012,0.897263989620591,0.464187874744013
1.12068875910744,0.343989906107641,1.00054203242869,0.381530260923932,1.1208227056755,0.333561196180268,0.994031689472628,0.373075867673729,0.881016178031656,0.478235771334788
1.045591552358,0.338694290415169,0.959104262793204,0.309554863855,1.04170335027447,0.331251997331985,0.95846557128378,0.306120877273799,1.07168332546765,0.393669480091123
1.03836167183443,0.366355262077697,1.0055179890116,0.369639118309426,1.03345903274507,0.351712418918896,0.994131290848389,0.365698998863036,0.958786668154812,0.467633616340593
0.831142009052724,0.366662563305087,0.899386918455322,0.390651673380334,0.830079916204855,0.354587668556764,0.89408411836247,0.388968086141682,0.899858988895019,0.388726633501939
0.91004802325099,0.354205842755387,0.875374761575993,0.359462576546197,0.908092875797755,0.341492585988332,0.869235848035381,0.352859997005579,0.862014574518215,0.410747833830956
1.06054021025583,0.379992622407744,0.915935253721375,0.352414236032286,1.06034530728004,0.368475759844244,0.913252144767359,0.340012262725714,0.996706151695471,0.405682469340496
1.09112179267467,0.334825677110491,1.05119275575867,0.363073446952562,1.08783593386594,0.314019132989571,1.04633401104018,0.360199349880344,1.04579870087488,0.453920540919096
0.942277799461208,0.337845197191503,0.974730080550982,0.354440075617941,0.936747290111808,0.327772407659362,0.971577468868147,0.336105901294371,1.06309295598768,0.431834389495497
1.07359687361861,0.920828715356855,1.18751054596462,0.358179210387483,1.03417957701952,0.32419449742524,1.17963825883061,0.353394263909176,1.26198716704085,0.428952151152358
1.05236534377657,0.394796595484436,1.07654360158466,0.407259160152005,1.05085484231586,0.383478138212243,1.07369287801582,0.400792142084029,1.08439854115939,0.48364802501732
1.0494453010821,0.37075448214202,1.06794415673373,0.3843963656247,1.05094863777128,0.36112549214664,1.0535521977118,0.369852256837954,1.1664999551519,0.443148487950745
1.05406372050419,0.385578222078573,1.01106475922944,0.357684457082212,1.05452199963823,0.369581638665964,1.00677386990976,0.348893537015352,0.99936511559721,0.444243561086297
0.887595966969868,0.380522768441383,0.883235956778763,0.344867511451174,0.890483167851367,0.364162363465077,0.87133779229999,0.330462970791675,0.855623460489234,0.43041003653119
1.10248463415497,0.404441231892994,1.1260781890677,0.385608737603978,1.10147901768003,0.395178473852092,1.12064088931376,0.373854200736295,1.10160572430829,0.531873880121807
1.1096782959031,0.399486965041451,1.09463945909117,0.380057210026322,1.10202683291689,0.389807450739191,1.08952971429158,0.361278082249919,1.13688583336138,0.443247911419494
1.07341495113768,0.373445640130459,1.04532564891561,0.369795329002601,1.0713452303522,0.364207582047791,1.04036611249959,0.361029981594224,1.09603197276664,0.439463514468476
0.979936905358447,0.362862754057769,1.08349117298379,0.367517031180012,0.970608885446574,0.345487352775044,1.07175372937692,0.367415233828233,1.06225612975135,0.435065934672287
0.854754240627192,0.372733398598674,0.982693491372181,0.372202167276101,0.852577132179761,0.365304082481046,0.979576751443061,0.363808812207917,0.930791037204116,0.411186694376831
1.05194333845674,0.36567650887119,1.01167527145336,0.35310315336829,1.05319170205822,0.357048685476076,0.998351516471347,0.340708391808821,0.980724351261841,0.397706692030261
1.17616973362821,0.391850807163493,1.01494696205912,0.330438500241445,1.17427602896191,0.373861389892983,1.02168121827651,0.329438540264318,1.12921663754727,0.415935941551563
0.923280803375816,0.349577685443843,0.969042760254576,0.379028628783154,0.922066797064123,0.338936380096198,0.963937327728209,0.38431734946508,0.967203476375049,0.415253147317641
1.07962396213362,0.386636185452455,0.985861012127404,0.370147551814939,1.08032551475822,0.373085863789341,0.972035153029989,0.357837407961627,0.919089267742174,0.467507378975271
1.05011973690158,0.371901219575606,1.03394648365048,0.370227634785769,1.05166524867458,0.361869029628946,1.02534610199116,0.361837197273111,0.995334126388733,0.389881113374426
1.09902641305692,0.394921257984839,1.03350499050876,0.361651483345446,1.09625959484065,0.379746633916376,1.02641035435369,0.348571562358235,1.25390712458418,0.463162132556058
1.07858627863029,0.341157496502748,1.06349855129259,0.349783275950863,1.07730729418301,0.332191684550649,1.05935498049986,0.344050232583121,1.01503643068377,0.401019069053844
0.840853025947722,0.365348575881348,0.858359646553608,0.379613434012835,0.840914011094569,0.355973128892771,0.848103462947547,0.365416563484372,0.860561371889919,0.407567482033874
0.899404395214715,0.354930388472101,0.947844308250864,0.370579291621855,0.899872826171076,0.343142497364238,0.946514034511443,0.359448592037917,0.747103078205338,0.438983573608984
1.05255619980202,0.367827613099235,1.06610903084862,0.377562651032509,1.0524684797268,0.358140340781076,1.06641040412343,0.370182870684473,1.05131222043211,0.455570356086452
1.00870791789886,0.42848776414738,0.915937553440184,0.37564710194023,1.00272309581085,0.418835671185357,0.915653677153272,0.372470085455951,0.850173529055289,0.495939355109356
1.10340862900988,0.374798993719244,1.13901365457179,0.393126820369969,1.09990308315186,0.363912536282992,1.13105981950328,0.387134085486253,1.14399023795164,0.459780145494041
1.14730002586329,0.322864306903505,1.06698573718634,0.311926239118608,1.14405908163995,0.312075079423475,-31.1398411880152,39.2286375046903,1.07665774217879,0.395686718783895
0.972231549533677,0.374303081586242,1.10045018566765,0.369888696554779,0.971863648931944,0.367504718191085,1.10362932464239,0.364147696287255,1.03889288330659,0.440568768975797
0.926702426406481,0.405746312885842,0.872065967086672,0.385780396587293,0.924310331334799,0.396890009082504,0.863509122793988,0.389096706662491,0.890322691958415,0.438562549079089
1.14797111492922,0.350270650370908,1.15393085509709,0.321398433034654,1.14660112973085,0.339000765141446,1.14067396047736,0.315018034649633,1.09405772300094,0.426467124166421
1.09918470528935,0.366027896755363,1.15187983206334,0.371066586988823,1.09273880384365,0.347666922489994,1.14669884261808,0.36265943735424,0.959077709143435,0.408361903707929
1.00944590845591,0.356406488499351,1.00876331107743,0.317807688120382,1.00800956243253,0.339487314060802,1.00336004468783,0.309562868900929,1.17187685387139,0.414429340094494
1.05045542260602,0.37260886632736,0.972972764988631,0.379254857225013,1.04682157970685,0.36064330502893,0.971324422055946,0.381015315913026,0.829059776427076,0.500899061582994
1.1769747640645,0.385514868491477,1.03388874053237,0.40198176888453,1.17388661368074,0.371247438700233,1.02618271974225,0.390945519235534,1.07805635063235,0.466722656123528
1.13093924155681,0.363005656413675,1.05301880724759,0.361023796844411,1.12685568275849,0.352906336591608,1.0479653106917,0.352043410188388,1.02375562486868,0.420737817036466
1.07214871429172,0.382001342804581,1.04258075611723,0.37499199429406,1.06849108498647,0.366086644511749,1.03571612488152,0.362140550337008,1.12415505847574,0.459138828739663
1.07578392962921,0.390958863337993,1.03836083677977,0.401156159774788,1.07336514204547,0.378409037012044,1.03098300663571,0.390964273368908,1.18091029593138,0.443743506439071
1.09830472941576,0.332332539055299,0.988464031687004,0.331711396580099,1.09431028859986,0.323595007966038,0.975636636798114,0.308242615942715,1.00843796581123,0.422528361289678
1.10616286084194,0.322534692194589,1.1381256840401,0.317795739774817,1.10344838837427,0.312802358169073,1.12947763514534,0.318141193141384,1.18454353069814,0.388823827584435
1.25790931201381,0.340405505197159,1.17057440300812,0.347817813624426,1.25797078763675,0.332793637374463,1.17180142443647,0.34566907487525,1.1862994720826,0.393112133445995
1.06992227814149,0.3593896223345,1.10397086965376,0.377022181752671,1.06255703454772,0.343654087251771,1.10020888645821,0.369901962014879,1.13133451048939,0.418938379200905
1.20677057942392,0.38327388081966,1.05679087769635,0.390620915693473,1.19921769520803,0.364681544164567,1.05338871189705,0.383453065416093,1.14367111459728,0.520788427597974
1.04907992452955,0.389257238881871,1.10060367024411,0.380379223254559,1.0457589838844,0.375492870124229,1.09383417033149,0.367586157773759,1.00327577752135,0.435879059988036
1.01716972643286,0.353186079750202,0.977208441381883,0.354221307369218,1.01421787380233,0.337459785743057,0.976515258688391,0.330974778075757,1.01283378375319,0.47012416691706
0.968832133055627,0.339635589741831,0.967961721944405,0.375246447116219,0.968192003971379,0.32649744447789,0.962952194621249,0.367705983020947,0.961972640322153,0.391871899033958
0.909380939180177,0.368330942663975,1.09861272612474,0.38598959386719,0.906500151312778,0.351797526184636,1.10113398131554,0.385427864168323,0.922578699324186,0.438216849249944
1.01121822822498,0.358717499944037,0.978885838726883,0.397939684371314,1.00899597986787,0.344060030726708,0.97390193235813,0.364886815949893,1.02702132545416,0.429682957566055
1.09848965626976,0.403484937022831,0.88381311359836,0.350775595245709,1.09636480704769,0.388259766171875,0.879862822366859,0.341288772563472,1.08490447026782,0.471355469248522
0.930444207049329,0.431667653875871,1.11032656983485,0.376657151751088,0.92639382260576,0.415477524582011,1.11781877494404,0.376061183312277,1.08901339115388,0.492854395150565
0.905998095660171,0.350962278828268,0.972754135180558,0.368549646366185,0.902101775289408,0.333933805190014,0.968300525083619,0.363965422954278,0.81840508407688,0.446934804873748
0.857437822727256,0.379982094688747,0.902836325525652,0.349049716227722,0.896148083221714,0.969641928487217,0.894821004318536,0.345240253813046,0.888117483987657,0.43792815462751
1.02116981557007,0.378833087756284,0.992075809367148,0.354445192368909,1.01925317541638,0.358073990624833,0.995194436300737,0.34878548353287,0.853113399860113,0.454305809533425
1.03168693304817,0.371478126197344,1.09126786839598,0.403605737750514,1.02925026535954,0.355584563621678,1.08731899715974,0.405677331815003,1.00218305972421,0.44418374911277
1.0258253588018,0.373788232829779,1.18108601637334,0.371355937355392,1.01964543502247,0.957022413065052,1.17920331109875,0.373034787021138,1.15275401754146,0.43557362864482
1.03592726425992,0.344256487854435,1.10743280477374,0.361553016434541,1.03349371015044,0.336462463993033,1.10536099632372,0.347239416952855,1.07645042482359,0.441456946559299
1.10162188131035,0.351174862685043,0.875055618941634,0.412016127264868,1.10048229607121,0.337152246099028,0.872267493026377,0.40726794353716,1.00610689801394,0.418857988341092
0.993751917848095,0.388410326357826,1.03267945030666,0.407403473270549,0.989890969991159,0.379339922543001,1.03072659959226,0.396205872555583,1.0677419137845,0.41784806411867
1.04583527936768,0.33240201454862,1.05258819011182,0.357652291089434,1.04163770110692,0.317816318849002,1.0530836656298,0.347354971172094,0.917252680649682,0.432232592112508
0.92853585462075,0.336188167426361,1.01335031513942,0.318360591092187,0.931562398902158,0.32329403805924,1.01282772581884,0.31987731861601,0.921207327680671,0.385496611769618
1.16165960748007,0.402390671100204,0.976047798534994,0.390148963365293,1.16211721067903,0.389655520193717,0.971032241735229,0.388735802834642,0.964831197054566,0.446475166669294
1.04274596329937,0.393382785059868,0.988937078441073,0.35761711922317,1.04342646567309,0.383404996388886,0.980707055169739,0.353176977888925,1.02009443134701,0.407190117237988
0.924252635177809,0.418208420650335,1.03318412454819,0.368974923850367,0.922749069067211,0.404717872508817,1.02675927366935,0.340072984914659,0.990462020583453,0.48154680011042
1.0128730082521,0.344161896985757,1.01644829765391,0.326947824892363,1.01216346750706,0.332755626923382,1.02250287201916,0.317007591059739,1.09153109818235,0.400211702822932
1.05563485342269,0.381406383896738,1.02186471089644,0.371375198730773,1.05406821775283,0.367206382094688,1.01798676729598,0.366702507528871,1.01109313808346,0.426582790658794
1.09710662215616,0.371734535755575,1.07029909170466,0.393192010479063,1.09479250655968,0.359624121957538,1.08061517381319,0.377015432416026,1.03520390967531,0.424409124928658
1.01404921875298,0.368581031368697,1.10335642344484,0.397270451353098,1.01449839327312,0.35880625126638,1.10770001056281,0.39416813158306,1.15529159584825,0.414352478442209
0.981146164406261,0.329265785959855,1.03254233852407,0.327880340245658,0.977668995237629,0.318234674006667,1.02744785025305,0.321571117301423,1.06779797915859,0.381366342218284
1.03638219734381,0.352051575281681,1.03460568780735,0.332034163470363,1.03096293790406,0.341592461239946,1.02347281154141,0.324697207379931,0.918881030352762,0.383834708367875
1.02133929985373,0.382539020220003,1.01064549796702,0.397223414555307,1.0157967040567,0.368983928769377,1.00051941834054,0.379892819809048,1.07438960576244,0.404708427310231
1.05817524828902,0.370101226129092,0.944042468564827,0.370544260653564,1.05500932585304,0.355141700198506,0.944954233869796,0.334895469077551,0.955311760187047,0.393073362079046
0.975950287381047,0.403935101340413,1.01013365658866,0.369776763819991,0.975329441143813,0.39019423942873,0.999177763709561,0.362553506069649,0.894603866009608,0.458360434006927
0.981628256036824,0.351732402849952,0.993176457187487,0.410050596885963,0.976791818761361,0.339687009909731,0.981319323870396,0.39192300273962,0.937285181376271,0.423308771578231
0.914431263279862,0.384133970704696,1.10005272358863,0.374418334126254,0.911800291145669,0.373983187584732,1.09836997860704,0.369973071925958,0.912385951239668,0.441457559709703
1.03484439395225,0.380216807704198,0.995475322455481,0.374081948515094,1.0323209671642,0.364296726810964,0.996058874928341,0.374671863170406,0.948685568384361,0.488716888750829
0.996169737771412,0.380850613783341,0.864760534801741,0.413817313953941,0.992320572586691,0.369576312190382,0.855433120383482,0.40101533427607,0.974573873853451,0.42428284942196
0.939282496328432,0.354381589057869,0.921979783312678,0.396262907844472,0.935494812519271,0.344260555548127,0.914190094857354,0.385687172643739,0.871969002716011,0.425661857261451
1.04733585501415,0.354686307638747,0.93199211761439,0.355640089177964,1.04807755439202,0.345054904350677,0.928515985552732,0.350842955319677,0.877233380943198,0.427362382236991
1.09362178311433,0.347574195879447,1.11019263400716,0.372102937009076,1.0949737883294,0.336168756098947,1.10910159554882,0.370958876159587,1.05292087570672,0.400318289515311
1.02153143953428,0.554736164795763,0.926263850919823,0.374453875745406,1.02075705740418,0.410481056966371,0.920067274883736,0.361323113652847,1.0031927203987,0.440759405081994
1.01588908044183,0.343545040964738,0.979812570547594,0.360394567781911,1.01517005996078,0.329033339300527,0.975999074942148,0.362492544227069,1.02895847541961,0.390458637511333
1.05816195184595,0.342558778377297,1.13450992524571,0.342144638098324,1.05318232084771,0.329171555667806,1.12959539913892,0.334822686952049,1.01965168473856,0.412325830609035
1.21538685205308,0.42202582819707,1.16459441256769,0.382155718918528,1.21415225526654,0.40676042527075,1.15839245606511,0.379066408660504,1.17871428992581,0.489621285795217
1.01344114151624,0.385766728203367,1.03194005919308,0.374436085646059,1.01253517174819,0.369617922759748,1.03427727956736,0.367202812163856,1.11928616946608,0.478064607051028
1.04470872862607,0.373213452190951,1.02755131080249,0.37807102455578,1.04057259312227,0.365687255732118,1.01623608986855,0.367733420097486,0.998693083232079,0.493560198154295
0.833235639253705,0.368638865686772,1.05647989386338,0.362165884594362,0.827754235183729,0.357172317048152,1.05445318819638,0.355296076172354,0.883738579833677,0.454296997355563
1.08321983431092,0.333446244745086,1.06551004412457,0.337015237205756,1.07816715301398,0.323906563547158,1.06330079230673,0.334025269392416,1.1371792043418,0.438473397351262
0.911186870903761,0.382059504070783,0.978408915467162,0.391692573920392,0.911284415447803,0.372103061197602,0.98163937083594,0.377156529427089,0.88476475994759,0.45672559170423
1.02293610898466,0.389292198936315,1.09736564521358,0.364337183679593,1.02150826541116,0.373426657031377,1.09777116611335,0.361645226593527,1.05935883911926,0.444146296481535
1.04024726715031,0.394668021752137,0.997390600428879,0.376250390859402,1.03992864460614,0.379854983753988,0.992071491338553,0.370472116151851,1.07007329718898,0.431430822479462
0.997080837536597,0.368936492224853,0.98944615095608,0.395071403065575,0.994924184415551,0.359651343183944,0.974374932288699,0.389764390730851,1.12514539010725,0.471804503555999
0.984303188868942,0.360145575377164,1.05090665431101,0.36348987785448,0.980988803282589,0.350020513071138,1.05141528496123,0.354362069578504,0.813836082854388,0.43824535938422
0.913887925616332,0.370230262829583,0.993807721177941,0.367956017995967,0.909321372248339,0.358285404641142,0.996407718562298,0.359776105854167,0.935080440625493,0.439955234860608
1.1394144257163,0.363284890398586,1.04125183691036,0.376073649753407,-30.54152901287,0.79763229840826,1.03936364258889,0.364175083582569,1.01765325998141,0.465133971599453
1.04578730000897,0.437020421363679,1.02660811296417,0.394632650573566,1.04300685620305,0.42261040913582,1.01929041472457,0.380216899131831,0.939495944766747,0.461938433349452
1.11400383137716,0.372641055865114,1.02205165290943,0.381878133928467,1.10704063271524,0.357802220268473,1.01694361775955,0.37227166031262,1.07661586421819,0.452176380395405
1.05175635267191,0.420877636562889,1.22863908755027,0.440791518289062,1.05136023837501,0.402684131653832,1.22542083446345,0.440268398095629,1.04333241929411,0.462683390759778
1.0412057226605,0.355755899773394,0.982533440217645,0.355423612912717,1.03985962450695,0.343802982831132,0.97901757426732,0.345228909986087,1.08276293891468,0.430384554726511
1.07384367257006,0.35253098839594,0.924695323211064,0.377274577990082,1.06849818744128,0.339355508234357,1.05538096050714,1.05172775595206,0.990756976694511,0.404731948524918
0.938311659819885,0.360693571955032,0.99541238858958,0.395750878979259,0.933610197342738,0.341180491150677,0.995954005495541,0.378420064101,0.920773168801687,0.432393593248537
0.977563288552733,0.360745623197083,1.03747280608519,0.397678167067823,0.979316358159749,0.349957209232856,1.04187349617031,0.391007120340551,1.01773813090587,0.443875241919413
1.06423867403115,0.349280954794986,1.0330178831655,0.349795707080179,1.06286983518756,0.337277788054485,1.02385569766164,0.340461050011079,1.0493525723094,0.394094788406095
0.948595496183139,0.369381676588385,0.857119388300356,0.357036864053663,0.944555018089991,0.357891804728485,0.855696393560159,0.345562092162543,0.962496256045245,1.20388093154951
1.03257106632432,0.40346663441996,1.12535964165204,0.383359548534367,1.02728307260649,0.38379326613215,1.12236619906977,0.377310987432462,0.986682788247439,0.452289765096743
0.974935265489581,0.362026903294713,1.02707481782775,0.379058841821781,0.972993022461787,0.350920472659839,1.02037687527271,0.371687988219273,0.964532285834333,0.423850300482455
1.1403693104209,0.392118115789243,1.03444057646172,0.405071261770678,1.14451175616201,0.374778949961854,1.02981896364455,0.39557168622595,0.936978338534796,0.496558335743293
0.976736247974422,0.390931705144143,1.07268361660886,0.379725571050973,0.976270962215542,0.374266870580651,1.07692220369544,0.373325066471293,1.03459535772069,0.428141556710795
1.06336789059987,0.379758366795808,0.938059708001475,0.362494975060087,1.06021815334614,0.366109632687986,0.940283664303475,0.354288563452046,0.847005773818924,0.44651300869354
1.04932220408368,0.382587438396388,1.07569799784341,0.400468396543762,1.04683896515245,0.372578419155506,1.06232186969662,0.384997474547561,1.07557136946466,0.4256450115273
1.13116318530431,0.367165767736061,1.05840538469336,0.382743068254736,1.12978298401517,0.353169817672145,1.05275024020989,0.366439022578046,1.1667578889545,1.19543178030315
0.878862661050876,0.380570014202621,0.942626837505415,0.41536994552547,0.87744933595862,0.372678425238131,0.932021874573629,0.402973411791723,0.742190907779879,0.468101887427045
1.07074743989521,0.344874274830883,0.914630851834558,0.369690775717046,1.06855598153764,0.334986347786217,0.900859058694868,0.354821981847387,1.00036836487252,0.433960253527801
1.09264037301814,0.353862785121527,0.968790975713899,0.337886559306407,1.0861210132623,0.34155591693816,0.980107291461034,0.333563892817774,1.00149663251451,0.415678084979071
1.08163182081043,0.369477782636522,1.00369997942381,0.379246107254699,1.07836856708193,0.359018340447738,0.998153374499194,0.372402731223826,1.1379804979029,0.41844182290887
0.882161469024181,0.360191357404738,0.863444274215137,0.352339567127435,0.882512635695884,0.346570073155779,0.863715068814727,0.345312339097267,0.985878299575948,0.443437150701306
1.17237067616056,0.393508500879821,1.01491355834608,0.455268228169379,1.17160597596411,0.382458812242961,1.01741059801965,0.455207221185277,1.16660255080155,0.448953328067991
0.980408142759628,0.338251400892489,0.976188092706967,0.34406038139277,0.977144572652671,0.327654366312796,0.974456407587725,0.342417322896626,1.02041233549466,0.389369615349873
1.09319495607751,0.361605939870242,1.13714986713881,0.352338703256022,1.09228581983887,0.352400687763794,1.13457162221292,0.349086457940031,1.14173663004935,0.426217102932338
1.00450508708222,0.377841843155325,1.08713009476809,0.364961364699905,1.00523103681113,0.364141988613093,1.09560786282165,0.35978818519154,1.1058467535445,0.409290191391429
1.03592222675159,0.372667344953757,1.02419053421517,0.395448718699532,1.0326444546661,0.360904486294057,1.01697135721832,0.373675561513348,1.1438317797124,0.473606011258882
1.03378786115543,0.334432566115186,0.904725474897782,0.320879839724409,1.03312042454772,0.322688689579237,0.9023264977038,0.325333596783982,1.00832585131903,0.391611751532503
0.831345722427636,0.372533764629378,0.89606484300349,0.343876423198392,0.828473220896628,0.360668497162048,0.897416561382422,0.329299762232735,0.805046958219421,0.454218054966823
0.901272626311272,0.34466908636287,0.854703179803562,0.360735087107433,0.89951472716512,0.334402085640913,0.851444709510777,0.352784572942754,0.748113556096863,0.433318764536299
0.893289719529823,0.347540494458435,0.991678371585304,0.360794959405834,0.894281883343138,0.338562172946337,0.985577136957897,0.352513401273046,0.756799080159923,0.397923017494795
1.08128270374544,0.355511009209904,1.08473829736757,0.360934519114994,1.07958662779487,0.339029942016602,1.07969595397047,0.356575507110704,1.07063494734623,0.421646107257753
1.04726135992728,0.354319337217745,0.981844273860128,0.405841480432432,1.04559608035839,0.33588654707752,0.987246357035441,0.388635499670112,0.91768418816244,0.410433569152242
0.957666550516805,0.375967664244342,0.933631278508308,0.370821320647345,0.955684997248202,0.363750148840679,0.926960885975279,0.363682299148411,0.947926711530039,0.412053435105384
1.178901188559,0.3900532877626,1.17311424817345,0.378862974335317,1.17404387610364,0.375794087595099,1.17324717322861,0.365898285221746,1.17118600557809,0.437407278954991
1.09527277207469,0.345149289248888,1.03228747609632,0.355628054871794,1.09474323695824,0.326241425836867,1.04051647948731,0.339171169828878,1.06326045438236,0.429796913740935
1.12049292386098,0.371697264593664,1.03114119549108,0.383919582209119,1.11803070204838,0.360778942328019,1.03125222401594,0.377523560042857,0.987582701621838,0.461647954385242
1.08822242349358,0.371479664573875,1.18109983341762,0.410806859367142,1.09002549629744,0.359087972326715,1.18024763900427,0.403464863695143,1.07978116058531,0.463323767419886
1.02540480934342,0.345615881732195,1.0013402172996,0.352563569428777,1.02371516123008,0.329982239267528,0.995762070143608,0.337901966501481,1.05817240452333,0.375816810676708
0.845771512275343,0.392085201637411,1.00489717183641,0.342229010679341,0.840536018978392,0.373232982443483,1.00486481554994,0.334334111171373,0.967971100874333,0.422459205204466
1.06341614458911,0.379783204583093,1.04048515625451,0.348028101342722,1.06249351264276,0.36468170459862,1.03286533710323,0.346920834216571,0.994423681660694,0.410420874258684
1.05760759369118,0.387322223367561,1.06122846941654,0.398389550704169,1.05293389983737,0.37383852397607,1.04912751174204,0.400344028537385,1.03969783246832,0.427970991588602
1.0792568928433,0.354682267239273,0.93948785966445,0.386040440402078,1.07510612274541,0.340093549873406,0.934544906917319,0.371243122556293,1.02501149184788,0.413092005324065
1.12530290182179,0.419285920716527,1.17825131916731,0.433698348436352,1.12337459855368,0.408154942838759,1.16417331053615,0.435329289783593,1.09405443855934,0.44433516940193
0.979641408988131,0.385095482267795,0.835082661619418,0.367959377709681,0.973383609289463,0.369998386752021,0.82177023996197,0.354337659304397,0.901724372231302,0.488545518882689
0.957705828062204,0.374865344943409,1.00692735560493,0.380854207770306,0.956652718558835,0.358659910462665,1.00570258723418,0.376730261768138,1.04408932525718,0.439104650531226
1.09068280001707,0.367867666597242,1.15989695596062,0.341848993251564,1.09013182690549,0.355412386050233,1.15430935641576,0.340821150232373,1.12317553028486,0.398347276136033
0.955591644877828,0.380178495802014,1.04134930101228,0.368990246092843,0.951099202443869,0.368066744449198,1.04148456233256,0.362275539531593,1.0002650550862,0.415700144999874
1.11628196940632,0.436985430262219,1.07466191329557,0.377764236709926,1.11858879724136,0.42181485484393,1.07122228800197,0.363781371587014,1.20815047514542,0.44224049193808
1.00465932358718,0.343484045198543,1.00357427183809,0.355247934219284,1.00376274778968,0.329542340801656,1.0032650931072,0.354190468074708,0.996509301324848,0.462849415304976
1.09519667847257,0.376866921316311,0.869722885563926,0.40155151446253,1.09085817926919,0.362888590558841,0.863542492471596,0.401524364687581,0.934991180543531,0.434082254731281
1.00498796547832,0.338257859178869,0.94835246765433,0.377900525406191,1.00513664773259,0.324425658644756,0.944766487203337,0.370756522324982,0.969085473685515,0.410200781294574
1.07261176090499,0.433533321459145,1.01398305312577,0.386842573042908,1.06801828500317,0.415579475729997,1.01904474492274,0.36902822334759,0.983372864356572,0.492115948599287
1.12174908427845,0.353047748556491,1.02123859938054,0.353046924543031,1.11849850468733,0.344257902051609,1.01501456575511,0.353026108955993,1.07435398498818,0.404946615884585
1.07064595970033,0.365835633156422,1.05121165578413,0.359020908832158,1.06771143424981,0.351626812864227,1.03771353142949,0.347360822397984,0.923222081906795,0.439046157747699
0.937385098752757,0.390906273071706,1.1954883324799,0.375321320049243,0.936755210607354,0.384243957107084,1.19108857575571,0.372201132351694,1.06563301886221,0.477899716428842
0.945173507036405,0.391672960971366,0.96631092737358,0.392813854666006,0.94630516469745,0.379399664668615,0.969002891872088,0.388031530588431,0.940109160373429,0.466031979599237
0.78625882520391,0.356195830577,0.965437207946996,0.365269670377428,0.782519512583832,0.343652759368855,0.949517728065557,0.357502907062718,0.897715590417477,0.431854891942664
0.925085453933467,0.374835432578351,0.856936805984661,0.354145599569251,0.9204192224932,0.362884773251377,0.84348449322009,0.347943900286701,0.805582526045563,0.425113535832232
1.04896580685275,0.362869507262482,1.13175041877836,0.38847200509711,1.04886163554608,0.351859736138863,1.12290880922618,0.379092561057609,0.900095971683587,0.444955574681261
1.104894136757,0.365103407621185,1.1178313647424,0.334449268096767,1.10262250602465,0.351250577394935,1.11778564603337,0.333188193024903,1.1607760949754,0.413929948155824
1.03315865322969,0.392575610392418,0.866968358814106,0.390097032152523,1.03343046865417,0.379421906891341,0.872287570059415,0.382641242513354,1.0015650526527,0.412645723425676
0.899876569444842,0.37425765911887,1.1347097420305,0.373147820439277,0.895214989442306,0.362118399676924,1.12693063743536,0.361466774086638,0.8945860304233,0.449289115913742
0.883510015923688,0.382617991928871,0.970808113507861,0.363710223311945,0.880677885733377,0.366828824200656,0.966600725546608,0.35266922521906,0.965770089310909,0.465912713072704
1.05731624069069,0.374511825651894,0.96072219128683,0.372216995634439,1.0573017089766,0.362255730795644,0.959936168339851,0.359692400383959,0.989229374889935,0.449529982029565
0.929651137767373,0.349778469427064,0.886497637068472,0.367987614709187,0.928345629811433,0.335671972733403,0.882231553159942,0.357046274950196,0.928789442125846,0.437065974481837
1.09600512355957,0.329382439034959,1.09857732449846,0.355048185662249,1.09022342532461,0.318218485727486,1.08604757906141,0.341000009058833,1.10702021053617,0.400494756219809
0.928809711799666,0.353076260853075,0.908323865706854,0.352442514069033,0.925555724023852,0.342447910597287,0.898818935705989,0.347798326310304,0.781204084791847,0.417760220358735
1.11280440562623,0.379896884624483,1.05420702889636,0.395116514997183,1.10878036194882,0.360603431232629,1.05681071665283,0.381287795454417,1.07750086000324,0.438613309388133
0.941069995437557,0.38560863407927,0.931449922801217,0.404009623804547,0.936592208082444,0.3755631406913,0.923868085720361,0.405691146929176,1.01132116770258,0.472599285682717
0.999095036481902,0.335689668729785,1.03793002775098,0.359231244267425,1.00043887358187,0.326037418100907,1.03764609478604,0.356306150836468,0.952248076925436,0.421013531106803
0.961848016721484,0.407191641547248,1.09507465033789,0.420904298002346,0.959646502943455,0.395312249207995,1.09121936175008,0.419733324733482,0.930211578916711,0.524595916293207
0.993942182877007,0.376393055090215,1.11036751083915,0.349670708736682,0.991018074531334,0.36227925829318,1.10219040235575,0.351116488194922,0.962409938172873,0.407484772108731
0.94554728301264,0.354441506037191,1.02758805738887,0.364042746646258,0.940234650384044,0.3415408123335,1.02464287420037,0.357492586589388,1.02275324831789,0.437047872964771
1.01210227777827,0.342252266663571,0.923084552524787,0.353611939681299,1.00887460696924,0.329151335201984,0.908581082662134,0.341135722206742,0.954682199499785,0.384740757300246
1.05750580883285,0.350348919109221,0.994054043404252,0.359448594560786,1.06023632134571,0.339119057106453,0.991202102440251,0.357833632635107,1.06207552655271,0.408203802141833
0.966990073363914,0.362188969238763,1.02933524837411,0.373547945924448,0.963321010588176,0.352392462862426,1.04568432133609,0.357642074502639,1.08453519385306,0.468627292192079
1.04741559264403,0.385335541811727,0.983195337129386,0.374916830838227,1.04717491307359,0.372630147471986,0.97536393923494,0.377428455284132,1.02869550592573,0.498141942854981
0.997334181582889,0.379922015217917,0.948247721244411,0.386899090948536,0.995357742323468,0.366940839950836,0.948610376039082,0.380894278106233,0.908309141408008,0.453591887085747
1.09366410791569,0.393595650034783,0.925811160847353,0.351673523836071,1.09280769256592,0.379690669712042,0.926465037964597,0.348962331028554,1.03414639367551,0.455622112281819
0.949886501013125,0.361183317618966,1.02050180781528,0.387138065302741,0.948616531262675,0.347964142212637,1.00922685164151,0.374095587467648,1.00673656500246,0.473357738266394
1.03942468415845,0.377080527309249,0.980817221117821,0.399175731280038,1.03750635856864,0.358566747296631,0.974551409529816,0.381626106930199,0.974317259831062,0.46033339027812
1.06520410538661,0.346297112712956,1.15292069300377,0.349124659793082,1.06178110714642,0.332597489096061,1.15016376409425,0.337476277382145,1.08845064425324,0.466501481038412
0.994260495617858,0.358691505399896,1.04778300936605,0.387415669192835,0.990706268616789,0.349147619891125,1.04782755277467,0.386318996116869,0.969544142798032,0.386509065191419
1.08683995262213,0.423798005645282,1.07776527816442,0.382294959891492,1.08231546155829,0.410542729124272,1.07289076867741,0.36017096714386,1.11058799675147,0.461643799997458
0.975734324699142,0.345103834353425,0.978850276774293,0.354292690229579,0.970626593458776,0.336064574849935,0.964076999767275,0.348636845353641,1.04895423731213,0.405061165201562
1.05086077344761,0.369845332120186,1.10804583483565,0.362610455462119,1.04726143445128,0.358633429453619,1.10687765962859,0.363104679097433,1.2199748899548,0.426605727585603
1.02106846152366,0.36089494646013,0.985526280674132,0.364476576677328,1.01648697681363,0.35177078157685,0.975298578162601,0.362332758710253,0.986768623193582,0.445139961277477
0.953779406606349,0.368796271337303,0.971972485571077,0.35615327244128,0.95433240831698,0.354384673058588,0.971015044698651,0.34337176885609,0.945936820966379,0.471570832838309
0.970829274908526,0.347425092045206,0.941517528596183,0.366335825642301,0.969770380051392,0.335655645659374,0.943811255747537,0.365190904269734,0.93075191386465,0.375077619586358
0.844242127815434,0.396600780380463,0.86992297340821,0.365359686184278,0.843117898822839,0.387108325838576,0.857096113439852,0.351494040768968,0.897134760134329,0.460014284797583
1.19017435657892,0.358077166769906,1.17104697784054,0.377263468840055,1.18852314809325,0.34183213302309,1.16927183891859,0.363981113507884,1.15509646998801,0.437683440826145
0.940013142338969,0.370940941819662,0.804375107726919,0.359299854457348,0.936044698381212,0.354792947867099,0.802399072658118,0.359341837076252,0.81114389369393,0.451996194764583
1.05235832465139,0.366848333034829,0.955550530135978,0.376416533197413,1.05026708729379,0.357688789364482,0.957407976147415,0.364495604748994,0.953677943955441,0.448534532720549
0.93702493734474,0.347672462024092,0.995924958366521,0.370671383574112,0.933374104302423,0.33968923068964,0.991294954094794,0.362627425319116,0.883731808436397,0.428800144686849
1.06234662745563,0.359487747486003,0.972231968086626,0.395019984450221,1.05842310494886,0.347154944510038,0.968813146673483,0.395656780661994,0.837033030717252,0.439783572613743
1.02436734708313,0.383568052312892,0.818395599469128,0.385946382777853,1.02371329823563,0.372482679240327,0.818423356188687,0.370766310981217,1.03317296878554,1.26510355830484
0.932008976469256,0.361083168582796,1.12390398816471,0.382605107598788,0.92966192830859,0.344496029557104,1.12035398630034,0.379660521771764,1.0318674038882,1.14106216913299
1.15730779869375,0.36424198549144,1.08942366058501,0.361208337000638,1.15633824903969,0.354779217547033,1.07819808867919,0.355733574637126,1.16036942144419,0.413847398500072
1.05904137171012,0.365566465340516,0.906463424005318,0.356300841666729,1.05725031811427,0.353655024962194,0.898663827512664,0.338095629503654,0.981707610169291,0.415025232291381
0.976627504622862,0.370438256462297,1.02525389552156,0.340167110850434,0.971836482567937,0.356703143385596,1.02136373929546,0.326963450072502,0.896896426380052,0.386906622049898
1.23221963335109,0.363026397264262,1.02995315366972,0.373093997844976,1.22916718086281,0.351321524241977,1.02228893973602,0.36432771399183,1.1616280957892,0.440366241957767
1.05790036483396,0.425214202391464,0.975836920485735,0.405585257338773,1.05354582936945,0.413858833796049,0.971518987473829,0.404110531996059,1.1230070090979,0.512971066240539
0.967119256947692,0.322948913263648,0.984424691307801,0.342729251978346,0.964892896366946,0.313058558629063,0.978104651595986,0.326754752843323,0.957062757597004,0.392689537389671
0.909386020519898,0.379943452212944,1.05169494090714,0.374496452730061,0.909237336589385,0.368957928773628,1.04439679536965,0.356472030233456,1.16567080025344,0.45366491016617
1.07912944256213,0.367876280321127,1.09322622750418,0.351814913346697,1.07740198418256,0.355556779985204,1.08688742756873,0.345574104255793,1.11043984078239,0.438768596624462
1.07972600369828,0.409526033876512,1.05000869862138,0.399428510745375,1.07665475558021,0.397284781421362,1.05216585967492,0.403546807244407,1.12337262366911,0.481367569690667
1.01360792337954,0.376350030246592,1.00914806962321,0.370542911750217,1.01507776493437,0.363965410505015,1.00253294352236,0.352309374466671,1.03594735284606,0.387466454811475
1.02559131883911,0.386022172331868,0.890084799185,0.382671328885268,1.02144695126343,0.371481930866629,0.882800964649397,0.361782839997756,0.945708537902242,0.449037734417438
1.12030834600308,0.348134668817536,1.04353525200199,0.347955298384314,1.11848616550972,0.336050335771176,1.03797476948969,0.348500556196407,1.06443680300229,0.400871001385159
0.890088122151292,0.402659446076542,0.867129693768439,0.398159704412143,0.889586447999535,0.392919302326157,0.867211962897707,0.39310695026182,0.857113634556505,0.446144815163009
1.0642291033351,0.401970761928464,0.999335150871457,0.404214336301703,1.06166504395802,0.390199190774161,0.991971830410594,0.406865696711099,1.06692204027562,0.397001284969741
1.03816585161748,0.384094474814599,1.03008011552278,0.401165267678278,1.03872832307808,0.371660185557383,1.02435668684491,0.391660052087005,1.12869898912276,0.461904344057985
0.990473032232796,0.370447403354003,1.04147940102293,0.361512334214862,0.989245059675301,0.356215193970421,1.03857886156663,0.355872043514235,1.05454261724382,0.409862233541023
0.889757734958439,0.410246552881053,0.988098170137597,0.409274120239535,0.890233577607426,0.396068365924752,0.989003221758147,0.403385978302769,0.869737398884739,0.496258599057002
1.00394714423322,0.385629422125418,0.949665378899309,0.385332511357177,0.999676269640579,0.373603029350356,0.941656711991498,0.378442273388275,1.01778744813259,0.437224923823326
1.06280444904149,0.406496061341336,1.06549768315901,0.418145662004077,1.05871687561425,0.395463676996041,1.06047185616393,0.407249809181089,1.00166074844775,0.530668131917999
0.973813954837186,0.398325878485748,1.061471093936,0.408240390281455,0.973678606542119,0.385002752319348,1.06014985132617,0.384635543966754,0.934583822431713,0.499937280510873
0.982579126879881,0.412463103982583,0.974470354927794,0.381992911696244,0.980767613429949,0.400601764004855,0.955455048966554,0.363238371278511,0.796162397753577,0.496156801391586
0.994441088600926,0.371177382433088,0.912649801229788,0.371242806613094,0.994218443338248,0.357362500475958,0.906958456584078,0.367026853250387,0.993473395141528,0.429055390149153
1.13154019421654,0.342115177476515,1.09188949930498,0.329532833652256,1.12931374838675,0.329764954524759,1.08765701065953,0.321827493747877,1.05261297185038,0.408116958818787
0.990479909311649,0.338077865519543,0.919897098461851,0.334538271793778,0.989469628581578,0.329559602522358,0.920100736225807,0.331282661470264,0.939308549402513,0.381820233686879
0.958420271253512,0.351899479846953,0.995423775924623,0.385742803452667,0.956493426276559,0.33744506926189,0.988800229486427,0.379394768511247,1.05327997242144,0.452653581865622
1.05867496310006,0.349613021377997,1.00355706761156,0.312367273238352,1.0552190258444,0.338362752291329,0.998075967477786,0.310861905769655,1.17196816193062,0.408394926066756
0.989079145853959,0.361660001862218,0.950160193652464,0.34001778353691,0.99112867115789,0.351676513701247,0.948088600743426,0.33174472534188,1.06316399541204,0.428763458365358
1.00970817661138,0.34698210084543,0.95328101854979,0.36260211901063,1.00739304337075,0.328750111662067,0.950193714507428,0.344101708999299,0.949127356196692,0.398409955622634
1.02863535608615,0.362012536645412,1.10840565802378,0.388239469710557,1.0256508311551,0.349972836855491,1.09793360873528,0.37554139494358,1.03508077941881,0.415432053606264
1.00718277568136,0.337786652652148,0.870252727384431,0.333525727905068,1.00545995210943,0.326867859037132,0.877224594707444,0.331993687334822,0.951118587050143,0.436530052583728
0.860220706360534,0.395793314449943,0.90353951762876,0.373623741454894,0.86057536164637,0.387415983216902,0.897707401957728,0.372046814885781,0.845629898034986,0.455795573299741
1.00315427000209,0.392780730932362,1.05478278671081,0.368163770277316,1.00284744020741,0.374088097431965,1.05042609114218,0.365590069942674,0.884896719091413,0.457009301223033
0.938942871468708,0.367223075996044,0.868410792104056,0.376239745167286,0.934128906897842,0.353733201702448,0.86358350031457,0.36699748292581,0.905274803699591,0.425468575625557
1.04729666137559,0.356638693514849,1.02989595937264,0.36239674204732,1.04211822556615,0.342771163163439,1.01676359097382,0.360059552312921,0.938903995919283,0.402372253503962
0.893304205654194,0.369291510145249,0.867243882535509,0.417936669382718,0.888704661949362,0.354363796271394,0.870222012368737,0.404661377809054,0.790918145632897,0.5084136179571
1.07598612808584,0.354437865885869,1.09386856309274,0.37685810447757,1.07564154968413,0.341309639781941,1.08302692558635,0.360882522653714,0.899223077473783,0.408434118411185
1.03765060731913,0.342872466948058,1.09409369609929,0.378713048013953,1.03449267790496,0.331430936553133,1.0909665110649,0.369913720129433,1.07579566785464,0.384122791994123
1.08404439693833,0.367562281294812,1.06828310290445,0.379316796942342,1.08156704348217,0.35718089743898,1.06192546554771,0.370987155236145,1.05163549542803,0.495274204480082
0.947936967886621,0.399328262775716,0.994392295049627,0.36499757044907,0.949523364378465,0.390317486315072,0.987285694629243,0.368443703732862,0.860039776717453,0.448868983387076
0.906076157252944,0.353534818164991,0.885460800981649,0.401841610734021,0.901549157932252,0.342144701326857,0.882375191152254,0.394769437362574,0.893713399532902,0.429172557542335
1.09062160154184,0.410408150887787,1.14722466176781,0.377031850367189,1.09171030542932,0.39817341956288,1.14663398151371,0.363550394288249,1.14253039522354,0.463550306517718
0.994840289312131,0.343882830131196,0.862024536431704,0.3911606716342,0.993066657783038,0.330797855051025,0.858101136959744,0.380850672967355,0.857620916906634,0.431204532144593
0.951404417533788,0.36333000608701,1.0418683366857,0.36611915273477,0.950839812293065,0.347391916675415,1.03571143873773,0.352302803347965,0.914467392721349,0.448355979316002
1.06826341738135,0.375856214436309,1.02845979745811,0.391840062873421,1.06661976255703,0.367838523768911,1.02620661291347,0.383307924502754,1.07080847220036,0.419956350367202
0.964700812194363,0.385247402289339,0.947122084740633,0.36423288930172,0.959118543135498,0.373779243055606,0.943384101932724,0.359339289872115,0.96542416663051,0.421086910389213
0.97455386082006,0.393873565247334,1.00800397697277,0.398623875007309,0.97258457949196,0.379015482328739,1.00166159202669,0.385686311352726,0.910850526667542,0.450615758157034
1.07917926224977,0.396618034322759,1.15875978345566,0.402358784076368,1.07695307306972,0.386521420597641,1.14690407216029,0.389549263105925,1.1080577539444,0.459628959298421
0.992920856214233,0.359215861774343,1.08710238444911,0.361672448435781,0.992403098063271,0.350282053498938,1.08313378037247,0.355962916657639,0.912516743969975,0.435542272757041
0.867876682444526,0.370877897577229,1.00277594910059,0.406171573159451,0.871639987890029,0.35803802468355,1.00799149363069,0.402108450629932,0.924669897499493,0.489790748219491
0.843769209028319,0.371510374790809,0.85367233270266,0.408948831441832,0.844225983739823,0.358795712384438,0.848568055590517,0.405983079410609,0.829405508602877,0.454935886838411
1.12498508125377,0.346780820729473,1.01567987920697,0.359664255000557,1.11872297234406,0.331196471361901,1.00704941650557,0.344473793897476,1.15644261773679,0.427279260396364
0.843878451460472,0.386238680740422,0.977869617225991,0.371436082980324,0.842023713568578,0.374188557813514,0.973832158316131,0.362559760510561,0.840429221800155,0.429208535437033
1.07839810334011,0.38513333667593,1.02017409233794,0.348590518453635,1.07472225657614,0.375136437958418,1.01080490121085,0.33753626881629,0.877373614686738,0.454283395528636
1.14361801845198,0.355032750248528,1.08064687367334,0.338273967111942,1.14254098402222,0.339586160488501,1.07247568634981,0.325762192445076,1.09268449051203,0.446178421415483
0.935867918001686,0.381329539139337,0.971869200061394,0.39386639897012,0.926287191846094,0.369382554550884,0.957413986133654,0.387681242966472,1.04248548082838,0.437030963423058
1.0868950912707,0.411317977962943,1.12821853903314,0.362824785403089,1.08471325128988,0.400232824344811,1.1227794925272,0.355808507264273,1.0199665735358,0.441084751004693
0.943400470487673,0.33131167743032,1.08657326012704,0.382515124581012,0.938809150776624,0.321587689427669,1.07761673248729,0.368871404006476,0.945730353146231,0.425444073233573
0.885565638482194,0.351141579273187,0.899006197543988,0.341135403776242,0.884918234412211,0.343623793850049,0.89627104791705,0.341664064253264,0.96496728772898,0.441048673691813
0.897930706726282,0.360979114765064,0.902290202016536,0.369583684253669,0.898004034290078,0.349063651732129,0.897723628307,0.360306844943654,1.12570384384966,0.454217916525352
1.07722795991618,0.370152269615367,1.05828197795418,0.363077233161718,1.0727155339812,0.359695407239781,1.0376402284921,0.35355869304231,1.19025915529453,0.410923550302825
1.00943038624753,0.385655291868565,0.940530811334272,0.377219416233035,1.01009280193863,0.37721697458151,0.935273395649358,0.358015587280192,0.691231764788843,0.491740190642497
1.14422425794472,0.384881234061773,-6.28953111708424,3.967716978264,1.14265581340465,0.37519641632398,1.12948576066829,0.402649187612038,1.13563280932012,0.46745910407515
0.938765877108974,0.339565030487258,0.958938732682567,0.405471619135718,0.934504029128346,0.327676384078829,0.949197320911197,0.391847343578623,1.01462670269651,0.419107914603183
0.928591438334543,0.367771752037145,0.943871834998614,0.389576900404474,0.927373540319503,0.359488056370731,0.947042072961048,0.386649997445927,0.870008126961714,0.409348791932047
1.04473854555799,0.401234833217622,1.21577302218492,0.391507146450762,1.04600010356317,0.39098427130731,1.21896296296393,0.376329806521049,1.17953762167327,0.490904941749367
1.0104829213303,0.350613686374795,0.987421742339317,0.347932190393511,1.01037477258309,0.338651533181652,0.979991644758885,0.346521765851461,1.04310057741193,0.391012915009634
1.05438352296197,0.35723940784546,0.977847177033768,0.347050036243472,1.04983725668345,0.345443079879524,0.982943220048424,0.343584328831161,0.964663431147434,0.426102537412076
0.893120698843752,0.327625858913478,0.874709615492889,0.317247584355091,0.89200422542127,0.31584106196515,0.87894827719694,0.311876351851226,0.948755274652739,0.409889420527592
1.06068330979079,0.345730793154023,1.21624789819292,0.383494165073424,1.0584449745787,0.334712039485245,1.22044061777429,0.373588383807415,1.03483541163731,0.399204124143881
1.01193821077053,0.342903784921758,0.9766257103079,0.357481582612477,1.01033405840651,0.332603090997567,0.978662675768675,0.340190431226577,0.939152648577075,0.405187115058374
0.923542430975509,0.351007979650113,0.965777023715829,0.32698814030374,0.918102081605224,0.335506047557846,0.954556715476156,0.311161923373916,0.980056518154031,0.378993757778046
0.970529546155732,0.372895667071981,1.03030747798683,0.372426508201436,0.966485174323019,0.356565509202322,1.02101479836462,0.372647060821323,1.01615778296787,0.423767835964442
0.899782685808641,0.348465155827129,0.870856522816433,0.328920641864126,0.894945120456584,0.334102132902266,0.873651217998085,0.322052205231503,1.03412183576318,0.394286540823129
0.888433118709381,0.375417192372527,0.915429932638699,0.369019192102002,0.881356154259455,0.364603070547772,0.905334536828371,0.360058439854513,0.834616411846955,0.453977773904178
1.08928454016373,0.37020548742008,0.938245361384001,0.351978109192531,1.08624969827341,0.358739693887756,0.935480115044565,0.353760195625787,1.03146475211222,0.434927510412215
1.07170774522845,0.382979059345738,1.08696093696476,0.410120111080726,1.06619561881695,0.373684334472843,1.08127972455433,0.401663129598682,1.14998048995312,0.461693783198214
0.812864319829362,0.370167019648117,0.994515743902214,0.348102866755935,0.804756618654898,0.359385758369211,0.98856782514409,0.331650433871838,0.927798291679861,1.06745441839085
0.878904453187425,0.367300455668121,0.945954990563861,0.35439899063132,0.876913131488024,0.359233145048277,0.936449415335825,0.341646656706547,1.09162580371866,0.413121775387254
1.00581713704324,0.396636784847682,0.980721705407723,0.376768287723206,1.00625618058263,0.383625787116358,0.970715243746538,0.362640303640291,0.993850169504351,0.441019790451807
0.895791509202741,0.384376890534827,1.07131965929262,0.395920652570909,0.893645970900858,0.369363273518823,1.07132153022524,0.389119883308802,0.867490367856257,0.469954218653343
1.03327111137434,0.388728767961127,1.09840033118299,0.393797664324098,1.02922013145969,0.376565872250125,1.09268102904613,0.378779165665112,0.931263200325171,0.460255392904317
0.980569447722576,0.388467840304009,0.914408648296789,0.345793485289149,0.979136738554259,0.374030579244907,0.913050126044169,0.340648024602412,0.94954592686732,0.407112252742887
1.03925100896645,0.357023708459063,1.06766230476182,0.358603710739693,1.03894513704265,0.343195810038418,1.06142371162247,0.351903089616083,1.0039628774824,0.490739683692005
0.970817893423676,0.390107843553879,0.988628594959849,0.366304537208208,0.971425058597013,0.376225308624967,0.979123367974163,0.358734798140941,0.83232602940718,0.441481835683737
0.986643957329213,0.380507726031073,0.914890727494449,0.367170031924747,0.987454662836571,0.363399862139103,0.910905368438899,0.36368604163952,1.02576981176732,0.428106647558832
0.964196455355734,0.360806413563761,0.993227265555551,0.355211446113631,0.960240415045496,0.348241383657394,0.991456826704117,0.337897801841793,0.950843595860436,0.399467030643707
0.984879221672384,0.315782618160742,0.958022191034886,0.340624234792127,0.983293306015711,0.303908638802677,0.948062092431132,0.334793065774626,0.836957767462046,0.417047073921668
1.09883879038121,0.367429133178776,0.927873604890381,0.339814548959854,1.10031403207626,0.358965826318641,0.92927369205604,0.335933963548654,1.02303555325599,0.404703970083235
1.01102470904246,0.355902769617502,0.99267633719516,0.351179002055456,1.00754056111689,0.347518088235912,0.994113526819815,0.333243613357066,0.8739908662869,0.430284169024547
0.904779825183885,0.398746411106511,1.00191751887222,0.384014735313462,0.901729059249195,0.387174598106577,0.998741395294309,0.378354200208431,0.977889978836391,0.473614169804683
1.0793907421676,0.365689195061552,1.01467355721322,0.383437943544122,1.08112676359687,0.352091674481108,1.01954152457387,0.36838761412003,0.975129242208487,0.413185051753328
0.960127060880295,0.345756860799657,1.04036498940977,0.360033123879726,0.955893744964317,0.334784967913634,1.03181064422858,0.348642807504355,1.00893199695488,0.412005421969379
1.01841445571686,0.392838857517821,0.936066228848176,0.368762610117563,1.01616954372122,0.382557382790143,0.924252733230941,0.347004648397924,0.9819429481849,0.43568986882254
1.08693013495207,0.39159647328787,1.14835266847607,0.376172833015919,1.08625493925517,0.385216542900147,1.13642182137996,0.369570841038718,1.01871673448362,0.427097477397623
1.14372843079794,0.378301184982961,1.07875356945929,0.379664316745097,1.14113459326991,0.366826743853624,1.0774650897441,0.375195319992249,1.15358843318047,0.434485375441145
1.07300074436973,0.36524947017715,1.05232983912279,0.330389832939237,1.0754122909258,0.350052530770588,1.0327540110614,0.312491866659537,1.03821928953096,0.410787791929046
0.98387126476379,0.349507193003003,1.0239454251398,0.370192867666402,0.982437366070922,0.340150887782067,1.02255394207013,0.375055417155546,0.997204921974165,0.400646621254354
0.889209363291729,0.372628971389443,0.940780500080741,0.351854415861994,0.888955492673655,0.363756767230126,0.93771100219627,0.329574158960072,0.950126248174966,0.449441157640094
1.04717141714972,0.356134919044766,1.08949021174246,0.37676009595813,1.0455354815561,0.341963765518614,1.0781789034737,0.352805665212593,1.11168977369598,0.397333177629947
1.21261048647378,0.367257979023271,1.05755843739845,0.356375846614488,1.21053464170844,0.357647771830619,1.05025021191695,0.347818372264618,1.13739266436373,0.390893698271777
1.11936678320139,0.381509690284689,0.914908490682378,0.381788096464637,1.11552628857479,0.3645543596322,0.910882741625841,0.376701975056075,1.01426527978275,0.487234046902985
1.03951002811261,0.39181131964111,1.08106426469552,0.396006802734731,1.02975263834717,0.380370375388461,1.07177072755303,0.399534186284026,0.911344948717037,0.452206625984248
0.967043058494721,0.378906045431245,0.864938259273629,0.360022843716369,0.966640681978849,0.372053830778171,0.862899177335688,0.353137837164159,0.906380293374153,0.452370391415748
1.07335817187299,0.341744530899814,1.02519641482418,0.373079866924124,1.06951935361047,0.331303650256071,1.01611497993464,0.351947589535702,1.07248195957084,0.430545403184276
0.886469375753064,0.393435910679089,1.0151214411377,0.371476192874341,0.877835815095232,0.379590906349706,1.00680248565948,0.363678834489978,0.892954272441529,0.422398237385785
0.852443779688096,0.394159619704195,0.936215496517961,0.384873870574558,0.849163159514221,0.385534069277734,0.93541278149973,0.387741057212395,3.35683070757015,8.59966259386163
0.966862797312065,0.348530169836036,1.04128692228594,0.349928509175139,0.96378756521154,0.340871178159739,1.03222071345063,0.347971133384537,0.995393986553695,0.376876019625544
1.0411084436073,0.375407335673051,0.86463051976472,0.401516898259014,1.03726070306348,0.363210312167691,0.855174638040924,0.388196736647228,0.846947564533818,0.454879513760836
1.14298838719016,0.350386984599291,1.1880255509713,0.378151911940755,1.14144167251261,0.341007219006439,1.18304807304375,0.378184146347272,1.20977392678888,0.480728122498297
0.901718911912636,0.390613718322057,0.851102283420062,0.402577533934475,0.897854194485743,0.374088076478343,0.84572091657388,0.382323885166621,0.887560741469098,0.434970008035247
1.05120897284893,0.352317479347665,1.08721048520441,0.363231718774824,1.04766775762232,0.335311215028221,1.07886062451465,0.344887395643259,1.01338581708937,0.429641034864956
0.844199957464308,0.458713445273856,0.735355730593949,0.378638598675907,0.842323184490259,0.448314459116925,0.731806546073385,0.366036196375733,0.802079947475251,0.473065417613783
0.94621933926436,0.346297537726907,1.04529260821037,0.333736326100734,0.942043343902105,0.333929490997891,1.04427099332837,0.322358930119131,0.846689560192166,0.399649367907415
0.91753000869001,0.35631291827796,1.01002559493612,0.3741494289104,0.914401393754302,0.343156588182081,1.00239189039572,0.362631341848068,0.864107909867906,0.462576222572505
1.02066990032906,0.383943839550998,1.04394901174589,0.394799247242955,1.01908313280729,0.367124277384752,1.04176788550866,0.392997457620111,1.16338048288941,0.483653920428726
1.12909971803666,0.375614642537747,1.02639212071602,0.36158380299134,1.12588441898109,0.369395485034761,1.02134600067813,0.3320674264727,1.06742877886951,0.421262455582784
0.980730558927756,0.386108715682439,0.964097012961959,0.374183250731717,0.975927206550543,0.376319509408958,0.960843430642151,0.368731117750393,0.946033674888917,0.463040311034235
0.803863138068662,0.37345970145782,0.941052610226637,0.348918001054281,0.804783889534676,0.358748338458303,0.932898422785605,0.334783630499472,0.858355279297848,0.415066127285993
1.04395636589176,0.382921589798626,1.14236026125967,0.352690267143895,1.0413855304951,0.371771892288204,1.13832777079359,0.336258962615257,0.729531038595163,0.4782447448603
1.05912976615768,0.380337110452065,1.06181272508295,0.380441236678796,1.05992098868559,0.37025356820071,1.04554279924241,0.368188998235685,0.868359220687563,0.455379003127829
1.01668190059919,0.383359824715713,0.999968869233188,0.953832065685577,1.01143355781003,0.369591146140302,0.939655222535245,0.351228699957663,0.997560999642526,0.396807381521403
0.930794980527732,0.392583399897752,1.02886893048711,0.393390016559204,0.92311911878695,0.376434266926875,1.0208557323918,0.384447127921594,47.5419596524346,55.0879303530143
0.901213539138667,0.387315828650299,0.925446052044615,0.362346940075734,0.897695916044842,0.370500193758863,0.923610137223857,0.354720861551323,0.893537379592805,0.414577496364286
0.89881924204436,0.369663412846745,0.928940293326199,0.370233047857422,0.893485356005883,0.35415375413696,0.927450920158718,0.356906482384002,0.871227240024565,0.424339134404075
0.997571135161826,0.330620447669833,1.01451287431396,0.363863116158142,0.994930423732549,0.317627779742315,1.0109126295649,0.356606676091928,0.899698261685794,0.397266710713753
1.04221122677969,0.384879033961672,1.03868808562045,0.37789064604946,1.0358852560025,0.367644760915579,1.04143565778685,0.354517420841744,0.773899150518416,0.512198612291612
1.07501746192438,0.401682504757949,0.980826984351232,0.361688464195765,1.07203384088938,0.389743238637013,0.979113409396652,0.353672018602434,0.906428991781813,0.501895998000103
1.01977038716857,0.391918517291711,1.1125166332512,0.408188049794753,1.0220574786465,0.374947851373455,1.11539767408844,0.399035724166422,1.11021947396337,0.447530201817036
1.082080897707,0.363774169356887,1.10062852093185,0.351013984920734,1.08085133781088,0.351371670400563,1.09881678164113,0.345847140126951,1.06198826938285,0.402795293004214
1.09928184035714,0.335441254145751,0.985923736492222,0.329172475250087,1.098507762779,0.323057191756305,0.980707574853966,0.315059511349867,1.0315905050037,0.386213884083932
0.976605277043833,0.364005878173902,0.891743760797106,0.391712848759928,0.968877252845624,0.34415156034538,0.889105655875443,0.37417419156557,0.977990166014516,0.400377898118194
1.37904137402234,0.998642560988238,1.07364466248681,0.411456708303731,1.16208571108449,0.378702957806196,1.07503658020168,0.408332036142291,1.17200014233576,0.480176084221227
1.03282369543176,0.385856691714686,1.04658980658372,0.398894640451194,1.03141136553822,0.374082999835069,1.04136293912497,0.397535539344483,1.0181037633165,0.46344846949344
1.0892870746908,0.367609602990063,1.04597984993375,0.345091744871205,1.08374369854517,0.351498257033025,1.04331482123258,0.327696162424616,1.10871402156362,0.437122102620811
0.935497047366659,0.422442311650378,0.998492435631533,0.391602669141004,0.929145391429522,0.4069557687686,0.994021369607704,0.387568438981559,0.966114984790639,0.496588967301849
1.17412275947233,0.332485346091127,1.17538314791885,0.343216340314495,1.17706478475469,0.31704523626156,1.17141784797143,0.332468911505279,1.20372720073036,0.424044914122945
0.954094806267077,0.336484155655703,1.05834893845543,0.363021508024441,1.07431358513394,0.909209955797699,1.05431765601132,0.355150425369902,1.02302932091389,0.447815269089971
1.19191611132709,0.374761140549993,1.06902031519393,0.38202133562905,1.19362279370627,0.36625696612727,1.06625605296988,0.370781147940455,1.11047962206501,0.423079863051384
0.974726023448038,0.362542865543355,0.865060056567271,0.387897210435522,0.973498128490032,0.354176139757004,0.86084506108193,0.382102559693427,0.83866587603048,0.416943222479068
0.970694464059182,0.356602143133052,1.01202584779034,0.384125489413722,0.97264256741487,0.345382067974037,1.00721655737951,0.380627068536426,0.869645617239362,0.435500190457066
1.19668942152138,0.345414618087727,1.05807758529703,0.359180980346168,1.19698426703657,0.331161802812509,1.05936737670834,0.354285148726505,1.10596596760826,0.453878196254379
0.916445402817562,0.370881394245263,1.0354527909136,0.371200911723302,0.909742770072899,0.357238998876143,1.02993031144572,0.362353434016185,1.09071368853322,0.442907675360094
1.02002119761203,0.394011436700035,1.08151413595457,0.376583654209477,1.01751234039787,0.382831609900788,1.08344557138937,0.369602310741379,1.13385391204244,0.426330598881217
0.948437020775257,0.364112962270044,1.05363769573262,0.366878166949676,0.943572698620718,0.349456418859049,1.04645032602973,0.354751568049494,1.02341367794425,0.458947598403437
0.98633318827559,0.37170760597466,0.954590365833881,0.360565648614098,0.984645109331613,0.356688567573566,0.942816229819811,0.349308540759015,0.989605257751148,0.430261037651226
1.05261360801098,0.378033686451097,1.01342845891005,0.343110421025283,1.04787544917781,0.365637274930956,1.01037554163207,0.336619015297767,1.00240820320897,0.3834105613312
0.934224177444609,0.394029194651413,1.01403309524122,0.410200133319043,0.931243177461845,0.382973162632092,0.996051728523877,0.403076948223606,0.840079659203212,0.496002907018074
1.03401429614466,0.353898775251638,1.11616975989133,0.364145023595974,1.03489568276378,0.339345824633655,1.11397004418313,0.367707994253962,0.924429405973871,0.387326483367277
0.868697835871947,0.360394091464004,0.910259046639853,0.345934425881115,0.867765064992128,0.349879212907737,0.905804106137519,0.333410503902165,0.947923192788889,0.422336630261906
0.96965206637721,0.366444724609488,1.0593907324338,0.369687192893891,0.968602414534882,0.355813144309448,1.05883194209879,0.362701687658706,1.06477719252863,0.418642768722421
0.841774149995043,0.389144401033682,0.94542208540835,0.391758869933304,0.833506626545563,0.367360231406562,0.938213159256214,0.378670256429618,0.916177125959338,0.436799881654012
0.887809149853206,0.347875034585589,0.978503849779222,0.345879284616772,0.887462684092798,0.339045570492056,0.975261576445081,0.345056001701261,1.0653771956226,1.12015201953197
1.03435146347089,0.354359655883477,1.04420026235243,0.36003859791607,1.03128867747895,0.342767237721315,1.06374638059291,0.469000053786821,0.900400651982129,0.430758441357157
0.975294752717585,0.377671472710486,1.16964655270092,0.379027537265357,0.975844053806057,0.368579471190211,1.16368099318217,0.366094449303937,1.07870142985008,0.486435235811073
1.20563462774584,0.877451679914477,0.999765946402373,0.374502482171193,1.05684476775245,0.338533642734505,1.00159623154041,0.361156680182408,0.858234291931346,0.433315587709818
0.977525279924114,0.395104624707071,0.918555673239519,0.403179528169785,0.976286502776567,0.384581325492453,0.914966022515979,0.396662721844046,1.01256814569185,0.471808763663859
1.02281442956324,0.370166453024428,1.10259937351386,0.399908759019765,1.02145643281118,0.363500471265702,1.10115788437327,0.389871547422491,1.02885715124652,0.446163285176881
0.905230884545779,0.361211552490866,0.886681149953233,0.368325127560107,0.905308546387093,0.348545951026922,0.872822330015327,0.370707712410563,0.85965384874185,0.419313782412423
1.06658216683706,0.396363022784239,0.999733989058732,0.428304095860756,1.06237457951305,0.38261665026727,0.991026312081496,0.426088942502133,1.03914338064177,0.492053608034389
0.915287507514271,0.359591900877937,0.886891645879779,0.410362916671106,0.911644750982904,0.34290966730809,0.885168826767941,0.397334300703979,0.940608477360295,0.425017160063217
1.00873804930882,0.363028203528495,0.982727377953433,0.381510736944718,1.00458091416546,0.343959249580567,0.973930851744176,0.360194678705535,1.03206056345251,0.419181225309978
1.12040265818486,0.368198452320518,1.0388176735203,0.363410075055733,1.12041863313704,0.355110623826936,1.03348335305259,0.354497811591592,1.02501131069496,0.46056887536736
0.980595926269999,0.327990341765519,1.07671978919341,0.34457327976362,0.979032992842897,0.316169985075996,1.06662017388933,0.333220858474507,0.980577271107633,0.397591749716116
1.02412251874222,0.374379873627797,0.954137214733246,0.365120299953672,1.02328310849803,0.362472634954803,0.947845159658018,0.357309619605295,1.0758242235095,0.449810464013229
1.02173986132911,0.375395231591674,1.0445438919672,0.385121256747935,1.01715479125526,0.36195648912441,1.04024132672355,0.387368909771735,1.04640870272563,0.423803956470803
1.14053133614453,0.380011201649421,1.20580908841474,0.385334935747748,1.13927141346365,0.363667548196151,1.20676492630761,0.382004202534495,1.33742697914245,0.427864930333299
0.991355511397325,0.346915459629666,0.89662877171978,0.34051686362903,0.987205658445264,0.336414968703233,0.891074524855345,0.325228908269002,0.831718855616416,0.39450043904859
1.02824178576301,0.358511634718796,1.0363269443648,0.350515308297445,1.02126082898014,0.339870332697674,1.02312655627811,0.335826375748779,1.07662665240371,0.470436781596345
0.979693976929732,0.351132630528804,1.03973779047902,0.357038362770618,0.978148587923834,0.342016753332318,1.04273050336717,0.362391439545575,1.03088128524192,0.410878383573077
0.973230004531054,0.335322671652688,0.84204045766438,0.363014499065467,0.973483120521963,0.327432414656806,0.841356767616285,0.362688708236101,0.903894622907317,0.417869392779093
1.05470689189259,0.38855071269882,0.926470505027512,0.371797453048493,1.05140533255545,0.376675098761066,0.922096649709136,0.368808781680271,1.11397600798947,0.426582833031595
1.0032130705243,0.354270462241313,1.08566096813654,0.331093504721093,0.998729069771688,0.336738055504444,1.08146632312872,0.332260895863121,1.01724200527595,0.396223391580317
0.871816358824871,0.357270486943854,1.0625274154125,0.355583947564681,0.871825076099507,0.345571189836327,1.06292267915206,0.350410201136525,0.907012397729702,0.390256062578331
0.942642510066702,0.363857240999665,0.970843792237868,0.345524018937397,0.945588655859907,0.349761829718653,0.962916015765866,0.339689193356694,0.823944002179984,0.395967652474776
1.10845769507387,0.383476620771386,1.18526786051227,0.384621036729844,1.10790334589012,0.373036501782319,1.18204037637708,0.388848674171399,1.07669038115315,0.438837959876419
0.933241650937657,0.417559590337472,1.01044230697299,0.398502101145884,0.935240160483362,0.405639721599703,1.00486845586245,0.381484399642161,1.01071981719465,0.442869207335522
0.927101156862506,0.32964906809213,0.879760449006891,0.36619460482932,0.924458251370692,0.318470090827139,0.8855314993374,0.359356188625702,0.911973665392617,0.428181200666204
0.971281552918534,0.398403397086973,1.02580702695127,0.37271859241905,0.962487749336254,0.381182499470546,1.00841683411067,0.359547005595919,0.87950939474286,0.436842221746807
0.937316109796635,0.420705322973164,1.00310560559988,0.378310916770748,0.935490595778334,0.4054656386181,1.00165130087216,0.373603601576739,0.95905880948686,0.495861778602484
0.971656944518925,0.36273192693499,0.88771930736804,0.377163574727081,0.97014823818136,0.351343528735852,0.885823703640171,0.364768810469381,1.05794742248739,0.462961986818567
1.0317979381536,0.331770721312723,1.03707131034874,0.337176845279295,1.03279994079336,0.317790217094847,1.03834756505102,0.320768829745407,1.02014634199766,0.400519263118218
1.0444671710013,0.369958371066811,1.06112634180435,0.363259326815644,1.04245454983954,0.356331515576838,1.05484985729859,0.350370576901383,1.04639143282436,0.415894946066764
1.12606997275707,0.365847918165414,1.11785356110445,0.406634037172831,1.12279665706601,0.353380743242301,1.11690663523979,0.383718681778017,0.94119825298087,0.473213593388857
0.978513987117776,0.366398561919455,1.15850351780262,0.366368881553781,0.974385384216105,0.343206852966767,1.16002711462618,0.359373264099845,0.985730274171247,0.43678883034314
1.00238580435405,0.339630596677902,0.974551846437559,0.343823345218191,0.999623306960577,0.329498231214088,0.961063752846134,0.339592599484666,0.959216279837109,0.439442063287631
1.11255548198129,0.356196752175202,1.04517140812826,0.338748133519835,1.11021620571283,0.341823719324855,1.03877158471662,0.335754132324999,0.97220314441015,0.390279877265724
0.995174654619053,0.354883192580172,1.00999025361109,0.351431063652211,0.990188812415592,0.344209182522215,0.991808528233774,0.329825938943024,0.905930404521911,0.411056207845465
1.15507014552339,0.365178455767728,1.17337897195039,0.372647822591987,1.14870907378505,0.354379020409363,1.17718579760168,0.370389348792674,1.12185359719488,0.429835896935713
1.15786535497972,0.385492463640756,1.19721865807674,0.365128150804155,1.15810826104729,0.368625728518394,1.19414976189508,0.362170345467917,1.19862185456424,0.468746975151553
1.05214176759062,0.36110434263105,0.935526956825198,0.404014431717806,1.05067662314758,0.352350817809296,0.935127352796713,0.394275243959399,1.05877129095417,0.452128385602787
0.904662606801832,0.347325220991959,0.9743025256914,0.35484868885283,0.902487359692954,0.336769807241476,0.974698946723247,0.355258846780309,0.948603541679048,0.377385107672402
1.04601971669438,0.377172147591657,0.994111121881997,0.370364392118927,1.04030922986511,0.364253812275478,0.984488506595465,0.368033873640375,1.03351712399669,0.41902521423924
1.01230490332099,0.360217217825421,0.968292045435308,0.372425275765275,1.00959038973602,0.347074373723314,0.969781415393665,0.348962320766914,0.941429839617141,0.45647976200173
0.955441948270023,0.348401644682032,1.01935717794253,0.366640544316953,0.9570387006878,0.336093086497087,1.01373302983182,0.354402495504512,0.90000463969928,0.390956983497978
1.04550009619772,0.339416192463822,1.04712956460747,0.356886402820372,1.04465606878723,0.326735395888464,1.04436946664185,0.349134862510917,0.964594339481057,0.453667630739518
1.11321286504699,0.358597143541381,1.13349380881508,0.382247771645303,1.11106370149238,0.350335345787023,1.12878607466189,0.375440418042305,1.08718350543243,0.461260595646655
0.975258993993463,0.357210842816057,1.02967451831792,0.343560992105866,0.97394956615341,0.347664699923927,1.02648301864583,0.335724727055894,0.994359230809419,0.421368603833841
1.00370103861537,0.324200032082576,0.925095467472272,0.352098855046034,1.0022731315336,0.31334349692471,0.919532310500035,0.344227285445648,0.945214604160678,0.432059761825416
0.999647078543833,0.322879806856499,1.14119831081774,0.35694020153287,0.997892013070082,0.313364726659355,1.13970840964445,0.359783397019489,1.11146214603424,0.389128846677208
1.09694017343698,0.347278206490211,0.979282450415064,0.388434152022706,1.09593148558776,0.333609603070143,0.973689338374822,0.391469508720386,1.05251180184652,0.45788038519278
0.952880244903216,0.403988003803438,0.998725127058534,0.400302348493871,0.953501703240463,0.389209335339067,0.994528490441059,0.382482961240126,1.11019586612684,0.404246837308264
0.954610277404856,0.39342573352803,0.980082784251761,0.388747009414931,0.953404014997043,0.382012443894648,0.977677990766986,0.375413033442329,1.03767660851151,0.481228064926532
1.11744865662691,0.398464190630925,0.957945977850993,0.395341532851373,1.11192243830069,0.384366918946198,0.953565353180472,0.386254405770508,1.10217350595974,0.480061236012841
1.02018205913234,0.398449920473643,0.934866752305455,0.376974279487699,1.02335557014185,0.385860222089609,0.935438395741565,0.373582801136636,0.992937678415699,0.465320207761424
1.02116066301002,0.372156482212355,1.09977812639021,0.365843587677201,1.01714064631958,0.362931071158622,1.10003334925121,0.35685015121174,0.985921305024693,0.422163563403989
1.11370175193279,0.373944846079034,0.984811036244788,0.389568803463555,1.11366941424244,0.363048507699681,0.979750352926568,0.384225206858292,0.953470994501518,0.435510866575622
1.35668977168374,0.39434643026063,1.25790606914763,0.366610580709257,1.35885833856727,0.384349830640291,1.25973523330653,0.375566370487021,1.30044947937199,0.450444212752498
1.02306079040668,0.417214625052357,1.05426751323455,0.397318485684005,1.01892174380975,0.40581262422032,1.05268091692266,0.390402892831978,1.03740571861475,0.483973938526293
0.897178582446727,0.375661067498519,0.777282428213477,0.408247947104708,0.894155010699268,0.364146454929315,0.773387981060893,0.401094863184521,0.834079418359647,0.484380060080083
0.989499918446314,0.371375485654785,0.995071818597644,0.392910375518428,0.99070992172989,0.358731652421537,0.980600196522693,0.383604930235239,0.818691806016356,0.47234766340314
0.962795165937651,0.363574742288672,1.08258314610082,0.395383769247838,0.961629352991355,0.347722894832277,1.08273755580809,0.397396373688904,1.0053010369529,0.408626790112586
1.05267283656617,0.358359547793429,0.912182798614896,0.322445070392479,1.04617852329915,0.346791505043627,0.906305272117101,0.306501722161434,1.01509393361219,0.365387389806204
1.13819854080694,0.406916185766344,1.03269960052973,0.374564312096512,1.1361176420198,0.397041419762327,1.03110443727056,0.364530349391069,0.944882170601229,0.493914976457416
0.954893873634459,0.368434639797278,0.877156212134598,0.353733184379001,0.95704788429936,0.35184534343934,0.878085147929764,0.344637975937974,1.04873591265769,0.433068591047324
0.941207106280428,0.380578646036395,0.858566883950395,0.417282576898303,0.931673891784632,0.361206709329084,0.854281276640371,0.40480540146312,0.855881053418496,0.509248414075709
0.987910033823414,0.381314587721519,1.02010185663221,0.388248324675194,0.98732556817527,0.370575792380726,1.00612474724062,0.371380461186979,0.945419881844248,0.439237824644894
0.983740470232964,0.406345636442832,1.07221948880175,0.416398686962939,0.979664661369136,0.389853748364202,1.07675027165234,0.419487350373268,0.967942981706064,0.445985347736904
1.00567000960093,0.338018787251893,0.954345453721774,0.383778169903228,0.999990666123756,0.328205929425479,0.948816147939795,0.361947357049321,0.909079751794284,0.425604047434716
1.07388942109215,0.379662887411083,1.02366539398254,0.391980914612332,1.06922776237562,0.363869527137846,1.01045087846305,0.394229827537,1.0008559870205,0.519896757430388
0.911455004870652,0.366276988726795,0.912786817803189,0.364267109544812,0.909589988912992,0.357586954650748,0.912070871036403,0.35726859817204,0.983355494264266,0.434725921785711
1.15469854797589,0.384346427820887,1.07651793029748,0.399987570698781,1.15001074742103,0.367917052560363,1.06307687357555,0.378551788535,1.13783303526586,0.489052044007397
1.07064698350305,0.383290073260207,1.06806714180399,0.369529913042965,1.07229555939158,0.372833045029303,1.06937433838863,0.363132324846198,0.867930837425722,0.478540045377672
1.00671934179595,0.3605605097223,1.03845038047805,0.371331317545551,1.00521816219063,0.347848016856505,1.03516446672749,0.370116176755943,0.832470873913419,0.45274085202375
1.13218634761496,0.352570438743055,1.17903272915165,0.389953484949219,1.12896155277833,0.345450904956207,1.17140959401613,0.37677919538458,1.02664124655246,0.459121494750248
0.985972290430198,0.339285668767324,1.0413894664237,0.326207675458438,0.984635637603029,0.327279286367624,1.03960050700249,0.31809732577192,0.912401780294311,0.411384629278757
1.08219097109896,0.388769041299626,1.03815796293112,0.36848881876176,1.08247772848731,0.370729752540376,1.03867924063171,0.35253288111038,1.0513616991774,0.471044439062184
1.07866293362423,0.357847998482705,1.01046567012292,0.359431035998685,1.07686199756194,0.345601561262452,1.0086751908189,0.35050940316692,1.14489368982731,0.411580868404215
0.959453803499128,0.384378859834487,0.788233507891452,0.37474446582288,0.957725736579072,0.369005162242324,0.779182390240689,0.371992460111109,0.867612118115727,0.463114279974518
1.00598490142563,0.371483286215079,1.05608538029481,0.364801231038996,1.00557183167848,0.360739376245601,1.05472868892352,0.353878447634952,0.925605140314956,0.414581240225041
1.00563740713262,0.367353050178871,1.0528927626555,0.398572305713687,1.00274654754322,0.35578380998419,1.04389745176933,0.383489857778831,1.06401828413969,0.443018835198385
0.933853905135986,0.381029617045818,0.900866101640472,0.335727990971102,0.933864527138948,0.373372859884298,0.899621209694156,0.329505281907402,1.01460170835833,0.407430978151091
1.02536552271568,0.399698908920164,1.05050373350863,0.412752816734381,1.02461560949386,0.383136164438605,1.04577251411505,0.395541124104123,0.90301024796328,0.482668327024865
1.13923774958172,0.411581747866339,1.26348422863389,0.388077031899874,1.14176036013609,0.397827570128064,1.26409448064471,0.38030477370761,1.10391471579238,0.441690367716142
1.07611105688185,0.355213508544554,1.1073567299936,0.365341286491554,1.07554511425223,0.343637013053366,1.10047424081833,0.350135110064944,1.089947277945,0.432103671731409
1.09741872636044,0.437097864347043,1.07215030899342,0.407687454690042,1.09939953822878,0.425786161071442,1.07192502063508,0.401705865240705,0.926601685268521,0.497085537012651
1.09551853853493,0.353219918718451,0.945103115836744,0.357332925814983,1.09421559805816,0.341748434834284,0.942807996786247,0.345224096317736,1.02088624798663,0.421640480443858
1.13584298435264,0.37417151111394,0.888454582216588,0.357685681453268,1.13051031305644,0.358482319982847,0.888836546732246,0.339096041843721,0.904366786143082,0.420898804953209
1.11921825786034,0.396740207472747,0.887276220767063,0.353752568748089,1.1141103031261,0.381123493209797,0.87755724745448,0.343830928586442,1.1551396540941,0.467086013002608
1.03166238236754,0.353861138705772,0.954142289861138,0.371037957924423,1.02237244160395,0.337478852660014,0.934965829818433,0.361760122233167,0.998599777296323,0.441686082605417
1.02925944486745,0.412350721815227,1.05389876923517,0.382940775972044,1.03133518431856,0.399603663624437,1.04989564673036,0.361286816956202,1.0641693500868,0.462371827644534
0.987758911219507,0.345611903383397,1.0759329881689,0.382206659701235,0.983105236282112,0.332546234376961,1.08233797933297,0.375511799475813,1.01601782403143,0.375631319895338
1.13174509289951,0.358997001272225,0.982955958658256,0.375117439368072,1.12851440572251,0.349228638049454,0.981823551977773,0.368189910546594,1.07995097705212,0.382778968102468
1.13747686751102,0.365971074023489,1.04258099051294,0.360887411989863,1.13408835638102,0.351768969768041,1.04581505577357,0.356527543037408,0.918283755075802,0.434572202718602
1.03154253680972,0.358794419821767,0.990463624408431,0.0335582549431062,1.02972142803587,0.349086485016503,1.04478461102028,0.340865700827594,0.938608527599352,0.430194967171876
1.08395019287377,0.365200600105109,0.871201160901656,0.372631859323515,1.07452947179542,0.345972034826362,0.872363954012807,0.365196860314874,1.11800003879116,0.414299620088039
1.10159164781343,0.381039651507644,1.11264221607623,0.380580844947694,1.09802702629475,0.366296835278793,1.11870646570635,0.363883499973587,0.902942088988444,0.449797656102638
1.07964203401388,0.345558703343623,1.08833230304402,0.345096729430048,1.07414698497981,0.329009666553691,1.08794076881914,0.33888678071967,1.13883978994428,0.420227182910796
0.981472798247231,0.370990935351968,1.11095782139863,0.363266059444309,0.976795713818335,0.356280374896496,1.1122404469524,0.360496482686118,1.06307649042781,0.496673971326363
0.9322355679907,0.403069226459334,1.29058081497117,2.53608929855635,0.929480264530916,0.390766387707994,1.0416411962875,0.407311873994329,1.04170809210432,0.438498447893133
0.953611266915468,0.412016112507464,0.971695929020778,0.403829625228995,0.956078470581963,0.400375279899576,0.974353686951002,0.387825503383706,0.961190101809777,0.477711759859378
1.03083869957082,0.401553243274824,1.12777416043652,0.418009757676981,1.0318399768471,0.38792175791405,1.10667837167568,0.402562606141298,0.838444868628904,0.438004971705183
0.995337216045024,0.413360426420654,1.06114618146744,0.390501163909573,0.991258659002367,0.40482890014851,1.07201532938546,0.384515304838768,1.01263076131864,0.462654864254744
0.899005566180308,0.387363723053872,0.867233459558947,0.382842248012096,0.895728663192618,0.374008612250513,0.865024292733155,0.369476438007331,0.877668879494085,0.488487568143665
1.03208958448958,0.365297310490915,0.915497577676404,0.343199085513551,1.02654161271248,0.349445767694141,0.911504855519737,0.322820703999702,1.02685363959651,0.413308168946831
1.04626688101244,0.378366252500333,0.89686387595875,0.395601017261808,1.04731251728369,0.364429234240671,0.892852668750601,0.387463568100241,0.927708149364409,0.41764938372294
1.04129236091361,0.339510945382314,1.06254998259743,0.366039861638535,1.03736638562829,0.328070815591974,1.05767505329011,0.354139001468868,1.04642410664189,0.458183976821065
1.00904632566039,0.328022334962872,1.04272758526576,0.347562569858897,1.0021917119319,0.315585776171288,1.03221509355425,0.329098909306234,1.05987067698488,0.411694301443304
1.09756887754358,0.382325090451059,0.991268218414863,0.375043300062448,1.09313790971364,0.361508972039186,0.987081475461139,0.363797199611656,0.974170447718534,0.439416608082784
0.990989992831346,0.3455188873177,1.01308700449698,0.378453423128938,0.986933565860042,0.331134094276011,1.0095639127856,0.36250434018342,0.982710824862466,0.39898745048067
0.824197543066642,0.391831253150977,0.919069014078436,0.403349589133201,0.821764734243184,0.378889567938921,0.923346001261007,0.401310284349884,0.955571678002195,0.452607663406459
1.04703052348123,0.326027511256433,1.02938682511414,0.350034018308531,1.04467726732036,0.311753436678416,1.02686114059069,0.340998325808874,1.07838440452184,0.398142479963165
0.891711835817809,0.344230414193281,0.957712593277054,0.348508496915504,0.888090466544812,0.331918385317931,0.963549433728809,0.344982288328535,0.998501714235603,0.404837752424532
1.10438589243342,0.349139826493436,1.02697518960173,0.379553121106033,1.09907079511652,0.333460385206671,1.03061228048705,0.373942973900705,0.97459996555184,0.447951025645672
1.00241942320445,0.393386667216975,1.03396242730801,0.36282284668606,1.0021518311649,0.375101169505887,1.02889675462213,0.35787266260599,1.00264635876784,0.447968428233775
0.895835242818503,0.417932313162172,1.04415155207567,0.386930943194105,0.888716605156025,0.401556706746442,1.02922959066313,0.378606405796441,1.05861520066191,0.512796229142216
1.04982070616044,0.384740585723567,0.993007481798475,0.377147194493574,1.04830881572284,0.377857585199437,0.989352074802575,0.366633853205385,0.953360661464989,0.40401506141009
1.03466943116912,0.377403790803198,1.04580166365127,0.387967710673734,1.03610457791712,0.36721082288185,1.04348170001345,0.379082196785147,1.0012973778964,0.406720670773004
1.07660407392094,0.385211220228383,0.943340651195959,0.375525044174113,1.07615195325071,0.364085885895806,0.93654159793302,0.348696242208147,1.13728862107777,0.405072757874858
0.973251132152905,0.380933722958396,0.93246397211762,0.390597293929862,0.968869896137153,0.367206830534393,0.928146965901829,0.376898746941864,0.928692754802478,0.422062667025025
1.13750640214554,0.371026964065776,0.898751698274575,0.341000098311326,1.13278665425076,0.357837322809665,0.893118532978628,0.336741348084458,0.949319254300976,0.401908198248762
1.16663462220266,0.38284856925678,1.19537874384703,0.382020045244916,1.1683781747146,0.370579234111967,1.18990911135392,0.364561038873135,1.18095913594471,0.459489220175147
0.990240838955692,0.371085266239652,0.860819893331242,0.368241396276791,0.987073040722013,0.361229609428435,0.854398461420017,0.359900545242434,0.950476392964044,0.416454129969005
1.13791726362105,0.429442948172368,0.958078753037255,0.40052706375874,1.13390823257978,0.416013857660203,0.952005176973312,0.378748763026103,0.960993355288722,0.457820417113794
0.875597680128488,0.374900956239697,0.916829877168854,0.38640054631087,0.878376773896761,0.365118825316365,0.90605741328497,0.375461625262776,0.948762907217386,0.424445564914654
1.19159691542656,0.381693524009394,1.03545470288874,0.33353410245931,1.18936084623533,0.374115847956897,1.03242952535198,0.324185368650672,1.12744956051056,0.369143871400891
0.899531211027411,0.351415494609332,0.824723476038483,0.354161444275721,0.894232065542382,0.339277479165966,0.82835897652257,0.339409658250429,0.939932309963454,0.425229854002496
1.02362098946967,0.391001123772578,1.08640267859185,0.391216214901204,1.01948771211165,0.382403859761532,1.08182057852007,0.372262689398713,0.990689542451016,0.46438716075945
1.00963693266076,0.376983588420727,1.12096075667012,0.367275694494304,1.00813263965483,0.360047085754374,1.11705708466905,0.357993961952754,1.32486128599482,0.475452062071831
1.04609614043897,0.36649343988628,1.00822782330862,0.351301008722933,1.04561023383962,0.355931879174855,1.00240581945604,0.343164818646862,0.866118859893065,0.411255297922292
0.997764079852577,0.361021358916496,1.03765956884455,0.349828452939788,0.995534221903179,0.352283447677175,1.03349191226856,0.332103664879342,1.02496062613059,0.446706276304732
1.08937144883189,0.349548840875413,0.943677531494186,0.364016133892937,1.08534025711102,0.341206476052314,0.943546777376106,0.367162817058964,1.00090659516536,0.493147833872245
0.941333372872517,0.420702116504121,1.03669949100765,0.403017811628549,0.93543259069596,0.407627427253054,1.02820851550289,0.387497702336322,1.16936090770931,0.497187933467516
0.961219980702134,0.367233263499751,1.1158968859294,0.362272991445854,0.959164293049004,0.356856757692213,1.11311662678077,0.356128954718364,0.993027603328604,0.441157787840342
1.09512534364813,0.357146744382549,0.959374650042774,0.351456143056944,1.09179167584798,0.351361610624708,0.949296522740647,0.351589247105702,0.857313170385881,0.471957262198492
0.948755092248786,0.383383896014428,1.14461101099342,0.350863521944513,0.940862977345329,0.368359449053312,1.14413606961463,0.352344561345461,1.0324403209356,0.441018226219517
1.01319653730456,0.389856925362511,1.02979912469376,0.391964853318134,1.01095410596114,0.373935894682696,1.02914287949141,0.387362963393651,0.939400633620758,0.43292699046674
1.05291336344667,0.33947295819193,0.826387913905095,0.335728792147633,1.05097160715289,0.328808529546538,0.820916046333907,0.334618948882979,0.834149632326817,0.413444526016764
1.12296017109493,0.391732292971421,1.11373094267258,0.393358289238894,1.1254672672486,0.382680552345279,1.1130837291236,0.383554669991848,1.07432817280978,0.503065683229216
1.02621733919615,0.383850479867292,1.08689423460318,0.368198789233326,1.02914475776779,0.365875632541444,1.08623579175748,0.360969708876087,1.10160171652064,0.449635409953542
0.999180300962611,0.366423386577125,1.04905401308668,0.355140945447462,1.00013654553356,0.351132285918499,1.04420980542293,0.357142977198631,0.942250777396578,0.393277091362558
0.970780479466984,0.349676969998456,0.92625195168902,0.357693428370574,0.969638785685671,0.340465200108351,0.916451915375302,0.358653924158209,0.894379517134409,0.408032543183039
0.904934806948521,0.399576275053566,0.709209369632559,0.373764187637879,0.902620056331313,0.384265426551735,0.698327978385221,0.352634079209338,0.791497732131928,0.458182034266619
1.08126701893781,0.31741265872438,1.01629789963996,0.310099292706912,1.08095440913884,0.309823255377778,1.01547884750388,0.30157557360146,1.10420424230913,0.402157511163569
1.04055118379537,0.36947278377071,1.09618842295954,0.377976343120354,1.04171044466344,0.356505349145272,1.09416004592808,0.373441895226366,1.04608274868264,0.430432557144908
1.10222163542369,0.364390845900695,1.01692258946121,0.355236121436946,1.10328493850895,0.352990934091539,1.01031122210233,0.34467781100932,1.06476156281471,0.408594134646086
0.942128186392655,0.392754318460383,0.977982168350853,0.378190118166973,0.940416378633325,0.382616150622006,0.97463674095886,0.386414694695412,0.873197763280803,0.479252212426654
0.972198416739971,0.346661227427906,0.995750732014733,0.352957292840689,0.966051903838957,0.335261063829498,0.997538444693665,0.338574887991381,0.962598357052022,0.389476431231624
1.02291928676078,0.380891400889103,0.947454280303956,0.407635938260865,1.02249917303876,0.366037211409414,0.94129199363455,0.397797813041837,1.05154468379484,0.47542609781235
0.958654591371298,0.372646567890321,0.920497171334871,0.349285980326925,0.955935994160234,0.360104978429447,0.913253634737968,0.346255708356515,0.788317150719947,0.417446172380661
1.20633462642055,0.393301738442894,1.10277312431992,0.37491754656895,1.20416812781702,0.383694542701457,1.10498700687485,0.369269964345676,1.12309971572775,0.458975750350489
1.07349392334097,0.33218981357795,1.01081550170053,0.355931063663567,1.07018599298758,0.320520521310961,1.01195180917976,0.347891165301637,0.974037658958745,0.446874153883134
1.07380334706409,0.365973205547636,1.01008271924754,0.360063483872219,1.06956398104715,0.354370086142127,1.00412010912238,0.346794661782226,0.824418608667109,0.456651862522999
0.988144516717473,0.35673875706056,1.08046555405846,0.352306389676772,0.984768028783656,0.348583937608066,1.08358676075795,0.348573351900509,1.06093719098524,0.41613559227152
0.918905570267477,0.351563758189598,0.827405398713185,0.354070639294199,0.91261344956567,0.337555523832831,0.822182996199218,0.346374709564031,0.728611994121919,0.442720867670006
0.909133587384643,0.392731662555867,1.09099919884133,0.360547293924416,0.907998409650234,0.381220197890522,1.09189658656619,0.343380981356191,0.882986134000775,0.420597428579694
1.069642601456,0.362390750753851,1.00056056332978,0.375920453544776,1.06730377775831,0.348983338979211,0.989852505225639,0.373930374379073,0.948571579417396,0.445539273216689
0.89378504513627,0.401222859413757,0.941735461620931,0.412967478392811,0.88755350656605,0.381886169221236,0.937987926719188,0.398300607203116,0.95280851988714,0.49742487295137
0.96434998945683,0.361188594620621,1.00624067234145,0.343458942858003,0.969453723865435,0.347178609087796,1.00421886228967,0.33867088080128,1.03158408759079,0.422288191899643
0.824640075306642,0.357729340690615,1.05993261566,0.342492118204226,0.821296656212982,0.349038496003078,1.05928607955143,0.333242015761854,0.983769469404457,0.405120626065753
0.94064720344822,0.355663111026577,1.07125866882751,0.341315529196509,0.936456059761702,0.347258435643345,1.06611611644381,0.338507912869483,0.964172103972005,0.431170156426822
0.826604806973159,0.421054861084253,0.992142670560683,0.411231130580321,0.822349851042815,0.406383249614663,0.987869073506121,0.412146075548049,0.755132590516748,0.456505409064849
0.974862145172643,0.346046875608042,0.974318385740752,0.36648292745315,0.971700343555682,0.337317155327682,0.97304376286438,0.357269329993536,1.05738002510421,0.393572340823102
0.988038547040477,0.382637639622721,0.941968377473855,0.368460774598225,0.982455730616258,0.368505037022156,0.93964665664165,0.366096092550995,0.831044359556788,0.41970362267362
1.09945749271509,0.358745136820113,1.00701743036578,0.376161400504538,1.10084695625001,0.348500885537525,1.00070209797849,0.367503329700333,1.0299220153441,0.420844529295969
0.938068412201624,0.391069001438965,0.966862025574014,0.371906795358195,0.935968605058565,0.385919282564218,0.962720424777567,0.364136439539959,1.07912224802221,0.449134760872026
0.895858434090716,0.355366333998279,0.912069472653813,0.356842266459829,0.895788224822004,0.339197385154603,0.908744883009269,0.339327958316226,0.92647487116632,0.39587770097511
0.961682484010061,0.375952548472062,0.974299286365833,0.327788810671223,0.956428361417681,0.356155166823982,0.971925731705271,0.32141229026894,1.01594701421239,0.427462473798049
0.886486619729667,0.386590604325586,0.880875013220648,0.351555427701152,0.879214287985853,0.368877420070094,0.871982229748012,0.329695687038817,0.850390591692109,0.445003302024686
0.950543985521676,0.368424767079168,0.978303268197065,0.372062092359156,0.952874934857565,0.356211478683194,0.971417280513246,0.359494657904189,0.996767267053409,0.477898739571159
1.01369921226265,0.378822987673684,1.05399641622514,0.371188124988853,1.0090679228979,0.367259456189201,1.05496500641219,0.345141668545846,1.11605953945647,0.465902254368946
1.07223664947382,0.338126002961831,0.951224092513637,0.376109889614892,1.0728156707059,0.328746618146473,0.95524814385163,0.367938120555653,0.967310560105121,0.431601095461263
0.993369812692985,0.363557592116591,1.08883518350524,0.357625552346388,0.98960128814066,0.354618592125568,1.08354166006983,0.351478503293004,1.09345950505929,0.439107609560393
1.13169710200702,0.399120503666765,0.990621535585311,0.389421061881828,1.12741118366161,0.385110072211886,0.981349701263167,0.367420854461447,1.0312501385255,0.447320769621447
0.966412236193661,0.39050375709636,1.08541424048933,0.411708365022588,0.963868163600215,0.372144383654328,1.08537153943538,0.406970239728933,1.00109524837865,0.483355799882879
1.0046740032991,0.356318972131936,0.998908636498728,0.346256901241655,1.00533785783492,0.343327737803333,0.999333734229232,0.346470921282963,1.07822326271421,0.367984795449896
1.10660812007843,0.360998534128783,1.19406104705468,0.399990056431572,1.10426460601433,0.347627528483039,1.18787536474111,0.389101018929673,1.10591185611206,0.419309448076284
0.982054263875298,0.377240320495977,0.95354699182816,0.36667678752969,0.979197375817769,0.366275756168358,0.951369863229733,0.359937396643168,0.880979125962162,0.411387027724793
1.12455992620973,0.340739433470186,1.17066414461517,0.349213563404297,1.12284445898,0.333001446938081,1.17122733128874,0.345124881855492,1.1138917623244,0.400658300342542
1.06770309935866,0.37984878332275,1.05985252970135,0.399631987522486,1.06767585408523,0.362676701749709,1.05224565427056,0.399907090224039,1.00376583207337,0.472425785997599
1.01702560581383,0.396819591734549,0.934735767992247,0.403431423432606,1.01575456182604,0.384942168642673,0.934884404274473,0.396899403464123,0.965148316693885,0.466843470713889
1.04884094808817,0.397501649198385,1.11825669675762,0.382226732704201,1.04671978360188,0.384852399826663,1.11340710204839,0.367587537956453,1.09742928339364,0.479009589402416
0.935208663477512,0.394700165425649,0.959460192715887,0.383212540413484,0.932424390312903,0.383698285995633,0.959724147240679,0.373076803708094,0.941429345157449,0.433628658545926
0.937086075236676,0.403815533690413,1.00518549111924,0.376034460837214,0.93570787611025,0.391896662868599,1.0032021802082,0.357403458069073,1.03765053763228,0.431378467557877
0.968505858966209,0.334529694248451,0.930086854509621,0.347907620350293,0.964739414449386,0.327579556165599,0.926111529492499,0.335039361121603,1.10062186534855,0.433307430826888
1.12570502039029,0.429148633180882,1.09367114183813,0.403152911819564,1.1247419777855,0.41646632619734,1.08286272929359,0.396297515361279,0.904643963567235,0.483656490524104
0.909191583720431,0.360694887608704,0.912958680907573,0.342651868168244,0.906485516477061,0.346706262529771,0.908106363477415,0.338957604352058,0.85490062034077,0.388884709463623
1.09292951928928,0.361724914805568,1.00006099878935,0.349920547098659,1.09190638175227,0.348774741712076,0.991457184325429,0.325401851003544,1.11812117406667,0.410927529578688
1.03815432959598,0.349406899208058,1.03338061231832,0.359584001670346,1.03347261562429,0.337931396487834,1.02660115335878,0.352438191381658,1.02941369017888,0.394457318986314
0.960688472644836,0.368048935346993,0.954401805471572,0.354952848455623,0.956944888678821,0.353569732300222,0.942451716266881,0.34233337518968,1.0807522775354,0.383029171756737
