m_hat1,asym_var1,sigma_hat1,m_hat2,asym_var2,sigma_hat2
4.724429750441207,1.4934349108527052,4.641662724229275e-07,4.7869242850915175,2.0371039489033698,5.384469096703138e-07
4.817874759219854,3.0530403908438406,6.417380930847487e-07,4.851582998852901,3.341578900623388,7.375825262802366e-07
4.837579746782875,1.4247056679900763,7.562121671657347e-07,5.0556230676680265,0.0,8.906317379393802e-07
4.638087671308346,0.3724561106561493,4.2476870253412687e-07,4.393546210677397,0.9719211830360457,4.5154572191084844e-07
4.851312344289508,9.330779318731457,5.821659728182495e-07,4.604608887948344,7.0845778979627845,6.132624524556849e-07
4.763463435089887,0.6846141804366426,4.767774017921543e-07,4.864112878476237,0.6664010909320849,5.818476050315345e-07
4.703955331314007,8.243611347105446,6.31754298804981e-07,4.590397811006486,7.5114193141555425,6.674357176841205e-07
4.760400719667029,1.3052160984158874,5.971107539019123e-07,4.772419981186109,1.5361469560524823,5.916615738502246e-07
4.771644085791605,0.0,5.991158251913664e-07,4.730468703197393,0.0,6.372703700372984e-07
4.908860491731225,1.2161256539296943,6.760413265374273e-07,4.899416377136455,0.3724297906143652,7.663825114824961e-07
4.933052981601951,0.0,5.530327984589864e-07,4.778706258141193,0.0,4.5760675610909495e-07
4.6584580434172675,1.639407022775342,6.31950489470053e-07,4.610856229363199,2.1464679328410186,5.081734514874309e-07
4.814496807254398,0.0,6.674584281309209e-07,4.777251612366082,0.0,6.026069929192133e-07
4.763979909221077,0.6483915557467335,5.225945758227548e-07,4.743843564659482,0.0,7.009620672685963e-07
4.785794524612398,1.356096886943293,7.117265237717423e-07,4.681691811609781,0.0,6.585835180272234e-07
4.8378654052212635,1.2283940689206359,7.297433594331927e-07,4.630665423270653,0.469571564382125,6.651376979496538e-07
4.836724632866406,8.098789710161487,5.225181816593532e-07,4.742582769368239,12.35423778238027,5.037686510958635e-07
4.788642000554277,0.6328616398295243,6.767271599154263e-07,4.61593322471668,0.0,6.914073243000536e-07
4.656485240100454,0.0,6.864739480557295e-07,4.4563581497819635,0.0,1.003966864824232e-06
4.543566959567093,1.3414701028538512,6.600178460415104e-07,4.686179492502299,0.9916023939222095,6.271241102472798e-07
4.443375118723589,0.0,5.93971637493867e-07,4.507707810184733,2.867578675538372,5.740898167176784e-07
4.839048834787647,0.5624045126472078,5.252291873447164e-07,4.670829516450499,0.8561636239985587,5.239133144141055e-07
4.655480083504116,1.3395112494386945,5.813844673435643e-07,4.635859968233927,1.5199192262933277,6.210859481664413e-07
4.753692372506159,0.0,6.103206069072038e-07,4.7469650994880475,1.647623954207039,5.830455088407377e-07
4.486773855931912,0.0,6.480994788090995e-07,4.526326698486679,0.0,5.400203445054028e-07
4.758957517471424,3.102573795828726,5.480608826854652e-07,4.832499959068935,2.7867623616954407,6.104107259912871e-07
4.720079581705304,0.0,5.740460714656377e-07,4.72654727763634,0.5004614274839846,5.30774703473989e-07
4.9552921413494895,0.14324426776096758,5.585578802156068e-07,4.824117426165922,0.9665474574625708,6.880514180911865e-07
4.626318170009386,0.5747642259062049,6.534939987863209e-07,4.793611780933874,1.7278869159207102,6.526084473799627e-07
4.8931395147191195,0.0,4.6260346003402026e-07,4.953735602798067,0.0,5.19470895198625e-07
4.404395381416578,0.0,7.808428966572981e-07,4.637447144784547,0.0,7.365668301294961e-07
4.6126374096804215,1.1206161834361459,4.437686961772026e-07,4.545686577448052,0.7154882652814026,4.872222444437826e-07
4.7125526683042835,4.641275268300885,5.80197588763668e-07,4.722105879155425,0.0,5.347531460631258e-07
4.734100014941673,3.3506877317488892,5.732993796583371e-07,4.6565768913656544,1.4815881216206614,4.2742005603461494e-07
4.585324038651548,0.7559418444043517,6.662094750334304e-07,4.688712958852363,0.0,5.496465685215072e-07
4.433821951203544,0.0,6.067437178190444e-07,4.455651661266694,1.2681587062954072,6.571336518746538e-07
5.042818580921108,4.948415339875482,6.399168385428417e-07,5.0317688743427595,0.0,5.735384412690522e-07
4.550336835309823,0.0,4.4423206696764004e-07,4.506272772805115,1.5796228610164782,6.239831316112417e-07
4.954699425844667,0.5701724936049062,8.691567861665029e-07,4.787500890854694,0.0,5.607007769395373e-07
4.781044176213552,1.0979548664655987,5.485036340430159e-07,4.64207156664088,0.0,5.771309727137291e-07
4.8365456531088284,74.39288780540112,6.367809089319342e-07,4.719704559643413,0.0,6.104702998315694e-07
4.778675946124873,1.0895679504347644,6.160221555565753e-07,4.531934604211192,0.4353672251077822,4.773669855028573e-07
4.638311048559378,0.0,6.804333036570934e-07,4.677277122373222,0.7298810524726461,7.17713270987565e-07
4.6403733061687005,2.5259801435610183,4.892857226495594e-07,4.814479093089759,7.258606229117537,8.748215084761382e-07
4.847273385057046,4.182736266817197,5.497927565209105e-07,4.742842062477002,5.171918522907929,5.087516353267633e-07
4.580523828914845,0.0,7.228707372444512e-07,4.540840443012033,2.6828763485449825,7.78390086856761e-07
4.7172302668873165,0.0,6.073473074041347e-07,4.761392037931975,3.048874871637943,7.83885860334306e-07
4.530024781565396,0.0,5.341679577199633e-07,4.471615292702315,0.0,7.389297566155487e-07
4.655067328151965,2.3498425627899353,5.568404808683036e-07,4.570733383678752,0.0,6.054364803993851e-07
4.511431946986875,0.0,5.50424964639108e-07,4.507540317691401,0.0,3.8558373450026786e-07
4.696921026863606,3.321169750955376,4.70949267006451e-07,4.631812896023842,8.202521645972952,5.778304282366886e-07
4.494895516823378,0.0,5.418130302683221e-07,4.598276634181838,0.7126647765113092,5.537001643470971e-07
4.5511847458919075,1.2418621559275769,5.947974711685483e-07,4.6868946624977434,0.0,5.405216262232038e-07
4.726622005075946,1.8615064025254728,6.405739430144549e-07,4.847855922110719,0.0,6.81718537297525e-07
4.608855816477003,0.8848383706789067,6.047424187928988e-07,4.548419433568408,0.0,4.791064496343186e-07
4.737733627512898,0.0,5.86742369832477e-07,4.599368060842828,0.9859459113316497,6.113782160261278e-07
4.6598981613384325,0.0,4.377812575844505e-07,4.515208934524668,0.0,4.869868859367478e-07
4.63499705791521,29.807728905896695,5.437246031155383e-07,4.536562724737933,0.0,5.451677026640935e-07
4.829433578930072,0.5058990214235615,4.750690893566611e-07,4.734645258975562,0.0,4.482211222397973e-07
4.549606909143373,3.219459907480649,5.854117304245505e-07,4.591415415771198,0.0,6.687420488891744e-07
4.7633670408958135,1.3372106316795633,6.168083867651202e-07,4.754965436984249,0.7023237883212841,5.563365913684576e-07
4.867813283961943,0.0,5.367482928525081e-07,4.733563649542187,2.9735794101565243,4.420665160496233e-07
4.944648545971376,0.0,7.645888526512581e-07,4.981674263868091,1.2455704869377704,8.554682531019985e-07
4.365481230927323,1.0666187430316656,4.0815402627887554e-07,4.420075193974625,0.7668985163147833,5.094656835985738e-07
4.6498127151016915,0.7357055663447,5.363067456347151e-07,4.598520623931797,0.754718436026572,5.634600569136618e-07
4.612901197662998,0.0,5.293410433723543e-07,4.665287053793008,0.0,5.397664387481345e-07
4.748224759290191,0.0,4.849403507209741e-07,4.908610459479194,0.0,7.268092568101039e-07
4.732971322887238,3.694385495103184,6.783340063634386e-07,4.68269574112994,3.957675454883785,6.94137525700204e-07
4.790436261469105,3.529313399265113,6.469239862929374e-07,4.727710317490266,0.0,5.679174816748897e-07
4.831425482406794,0.0,6.623010234204513e-07,4.661260561554506,0.0,5.895245953130398e-07
4.757750765041037,0.0,6.632467381263982e-07,4.855692550864798,0.0,5.860296469675643e-07
4.476837367779017,17.215546007288527,5.32103817244855e-07,4.646207576881121,19.521290093352196,4.264714110459695e-07
4.668758103526982,0.0,5.984898580901746e-07,4.579796619415494,0.0,7.537771045600132e-07
4.821626163108426,0.0,6.941186612950323e-07,4.683456308720015,1.3525249806581878,5.60790200979928e-07
4.669476573698949,0.0,6.210605166323801e-07,4.979032799662087,0.0,6.915612874835679e-07
4.61083307107564,2.63024523738025,5.909187487489573e-07,4.665064424090367,0.0,4.5642375483821784e-07
4.512438148688704,0.0,5.615267493030925e-07,4.57728640265053,0.0,4.2110932086820783e-07
4.52232722255289,2.4085547411171664,5.6844235172322e-07,4.397915156488999,1.7393549639679018,5.081948866198864e-07
4.884894002543418,0.831689765131971,6.388694854467217e-07,4.7890188670062415,2.00057886979647,6.48221700115313e-07
4.457993153374691,6.562573817172962,5.967985509715562e-07,4.554563278320035,7.58753248111057,6.118328434427275e-07
4.8881004506126,0.0,8.226261353503095e-07,5.009982862064624,5.231485110276945,8.265419931955006e-07
4.671030221064151,2.4096708074122546,5.586679661958831e-07,4.647714365083615,1.274825367266784,5.743073129565944e-07
4.772970931209514,0.0,5.875433236150863e-07,4.794276031765335,0.68221111832799,5.55817538011041e-07
4.481597465350319,2.440017572081358,6.753739331624976e-07,4.529786074472624,0.0,6.863737005107651e-07
4.79344435052193,0.0,6.559194615968431e-07,4.65908134199765,0.0,5.47780240502742e-07
4.74417003052113,2.337906879861557,6.155841360462071e-07,4.593621373246824,6.2165368074140295,7.30917858115305e-07
5.009229155097199,2.3396044428207796,5.752118912557893e-07,4.968441571458625,0.0,6.09634609521746e-07
4.6181228258545275,1.0011388492831554,5.811708922154676e-07,4.714825706553691,0.9367772592998119,5.296265792633534e-07
4.662013941879036,1.5143964768667282,6.143949249969664e-07,4.881372281335527,1.0607457529576478,6.267341790563754e-07
4.781061620168365,2.327192509629426,5.890150097334265e-07,4.7231414904385565,2.0176430523216227,5.693260557509565e-07
4.8068230124017575,0.0,4.989476352155113e-07,4.863764659584179,0.0,4.82055353598645e-07
4.928283584096874,1.6581047619709457,6.326054243987644e-07,4.992670264025001,1.0945806516104641,6.542266240645113e-07
4.707878504011498,0.0,4.7342986346140474e-07,4.719366671545635,0.0,5.570676699806412e-07
4.527270323989273,18.518338943743604,6.191100963328202e-07,4.75440286763626,11.087452462726636,4.682507623257385e-07
4.80173606503716,0.0,5.998507367493634e-07,4.817653499110106,8.124967493084421,5.085543728119522e-07
4.940140378978203,2.2695087518618564,5.841485362885517e-07,4.959599468489302,4.440685450479338,7.411407832225733e-07
4.7652749439047986,0.0,6.597555427530986e-07,4.876644084777953,2.7523330713017855,6.194829064545572e-07
4.89796880471733,3.1691479346532097,8.037325409627674e-07,4.800623921818353,0.0,7.695661468305472e-07
4.709789546013532,0.0,5.26979079604687e-07,4.733885861161775,4.381923526534275,5.467539562741372e-07
4.96342172295385,0.0,6.061067801610246e-07,5.0040725118792215,1.7919151342230868,7.403235830803127e-07
4.596538856668956,0.0,7.08687506904683e-07,4.618941833931158,1.2891809753330334,6.126897511895253e-07
5.0739917882953565,0.6942815787879173,5.421567751509351e-07,4.968149709408868,0.4806258585985562,6.234439277750503e-07
4.652844788001068,0.0,5.684039665630876e-07,4.708137021849398,2.464857609717752,6.177816104370824e-07
4.843116459512173,4.990353107051512,5.11451244138546e-07,4.712415267578739,3.787410552095946,4.854378488917214e-07
4.809348577458286,3.748197071964606,7.016754834108762e-07,4.805541314352705,0.0,7.041856182792456e-07
4.510619723273267,0.8412736194663331,5.688075752963531e-07,4.483699528436941,0.4813235047976353,6.48971603874972e-07
4.609456210202826,1.7526940917900555,4.176336973396743e-07,4.432436271903139,2.751971451966312,4.758947239446725e-07
4.65089962125679,0.0,7.092172006490263e-07,4.574707937790634,0.0,7.107331367618754e-07
4.5759449901488916,0.0,6.726248037202358e-07,4.684788582281485,0.0,5.723501144690667e-07
4.686207569543348,0.0,4.815559742418019e-07,4.603724889405039,0.0,4.473594019420062e-07
4.619781326731507,1.1386797460785312,5.879279818791405e-07,4.49498162258382,2.0484380691654716,6.030093199356692e-07
4.559141519574005,0.0,4.840944915225623e-07,4.591721631249954,0.0,7.255843307942916e-07
4.5356510802867875,0.4605411642429861,4.824569668181044e-07,4.974927318139152,1.2860831240999586,6.384976059446882e-07
4.568560443725826,0.4964984521725141,6.227017445910101e-07,4.610130589300566,0.0,6.356650460568376e-07
4.728770061899356,0.0,5.301917045181788e-07,4.748654172894765,3.8884583310508516,5.426019914815189e-07
4.7533914768915855,0.770618017990433,4.782899703524433e-07,4.742363320387092,0.0,4.1562389511735425e-07
4.765888861301595,0.0,4.1676574446893603e-07,4.716738123198785,0.7787217328270596,4.230201511156752e-07
4.696396283280961,0.0,4.973730739028422e-07,4.7207860269204005,0.4845503219131285,5.358488750533627e-07
4.829670984446022,0.0,5.760597099836986e-07,4.791619751425928,0.0,6.023318925217501e-07
4.493757232476854,0.0,5.199047293345565e-07,4.626428932832869,1.9431947811385837,4.600388964473144e-07
4.893953425524639,4.390879543455523,6.65820741284299e-07,4.8465088049549845,6.56336033805578,7.27693994845501e-07
4.66241357847556,2.0202681246681093,6.064931969430868e-07,4.933731503088448,0.0,7.123512142949092e-07
4.651310684727895,13.724558943964311,7.962009973200252e-07,4.967238905450135,0.0,5.821510338755183e-07
4.804887503760646,0.0,5.460230826363025e-07,4.687028322127221,0.5931465907745943,6.602170034011207e-07
4.929927106204241,0.0,5.834710892941525e-07,4.870445892006658,0.0,5.155729877100098e-07
4.734666185948938,0.0,6.826242482196083e-07,4.796107460328325,0.0,7.259964833165707e-07
4.600366433926876,0.0,4.975825804250136e-07,4.631129710290541,1.2056018632749774,5.091161456599328e-07
4.8018195398735966,0.0,7.175529909046326e-07,4.730605024815237,4.011085591294119,5.688282635626707e-07
4.513021817905621,3.3655342118111813,6.24315484689246e-07,4.575544247771692,2.65718261640017,5.377052683678354e-07
4.835136124196348,0.0,4.679334425477383e-07,4.972804284243854,2.5747177807856483,5.718239527831529e-07
4.629968436853178,4.883948036577409,5.685343013247533e-07,4.5999060552016795,5.6027322091667795,5.867184679695253e-07
4.74077841177562,0.0,5.854844642840305e-07,4.730111883760751,2.6923207766929367,6.556894482414584e-07
4.542186583328413,45.44897106260292,6.458981304726075e-07,4.550136076435708,26.34848303337764,5.386589552350082e-07
4.485183396537307,0.0,5.923081521749166e-07,4.537315786802776,0.5155377921273073,4.636456630114356e-07
4.453152769762259,3.376337040079229,5.368127506891161e-07,4.464073997723498,1.7292319670310647,5.034651833570996e-07
4.987254362442219,1.6284687676247624,7.896991078469901e-07,4.963265358016964,0.0,7.284821427026145e-07
4.851292740104375,5.2453734821261015,6.925658036543875e-07,4.723737307030727,6.37767306223571,6.12493050534603e-07
4.964133580492755,0.3084127114661833,5.839217903662856e-07,5.008326894586536,0.0,5.975465826199679e-07
4.671990766051292,36.56977386024773,4.856961995141743e-07,4.662454069118332,29.492912877926063,6.692707046429309e-07
4.6977021100273895,2.8764982871895843,5.092224042207468e-07,4.800643594943321,2.845915481460196,5.268561140704688e-07
5.016967355534401,0.0,7.378665919296525e-07,4.975824861123495,5.202712699534628,7.284949375427627e-07
4.881620671286653,12.139207352543865,7.053895964343607e-07,4.501647318040904,0.0,4.733936389800622e-07
4.7233216763509285,1.1799470477032519,6.359213897816346e-07,4.878896841922145,0.0,8.607166081949979e-07
4.687728099711563,3.9351902144955706,4.6212961181865574e-07,4.672850403251521,6.866829968659686,4.6368217959808186e-07
4.783929943173701,1.4930082614894533,5.744064540803896e-07,4.797724615919937,0.0,6.577438547198571e-07
4.7713678692345525,0.0,5.402803468566757e-07,4.622507437993979,0.0,6.252957115055806e-07
4.676373338124503,1.3740758833445768,5.992781487293258e-07,4.803722667179094,2.6348561909099537,6.737284476466311e-07
4.655853822973224,0.0,6.039852407555286e-07,4.596344530135282,0.0,5.322867364788994e-07
4.955445576208804,0.0,7.183677644408758e-07,5.018249558983014,0.0,6.668088671462811e-07
4.737095828192169,0.21317077112672178,6.540879104109339e-07,4.783826926654813,0.0,5.947801678028626e-07
4.803050996429434,0.0,5.556891024659699e-07,4.531902636712597,5.369534334047076,6.156244151108851e-07
4.583237210654389,1.1574119394091331,6.004518834036069e-07,4.641865657692696,0.0,4.964349528448921e-07
4.652638204770571,43.63508662000353,5.061013840241507e-07,4.746366968628024,0.0,5.535844711753024e-07
4.853436139800855,0.0,5.22120855791913e-07,4.801557495887444,0.0,6.674303011483364e-07
4.803163092352825,0.39101053187416906,6.240786849217899e-07,4.849497589090286,0.6734847779501041,7.108598769900644e-07
4.702240632250441,0.0,6.63611831096952e-07,4.801350263466968,0.0,5.55767558666124e-07
4.714165112822641,0.8499203658525593,6.814907074687608e-07,4.749005651540055,0.0,5.854031274785505e-07
4.777995985242113,0.0,6.423148799756916e-07,4.725436714961109,0.8956657437345616,5.351251160414448e-07
4.588230557003982,0.031679069440830265,5.523611842267379e-07,4.565440422378074,0.0,5.437319212449171e-07
4.788157678048766,0.0,5.073503800304733e-07,4.839203751556254,0.15743041055625517,5.022596302355107e-07
4.54205471073337,0.8528129428021075,6.46902089129667e-07,4.62145551547908,0.0,5.250175005511404e-07
4.935710673626605,12.755094391529743,5.698534688673541e-07,4.905479652242734,40.655405185419895,6.607733541520111e-07
4.62131959596354,0.0,5.001463769637963e-07,4.603428343568853,0.0,4.3420476893868477e-07
4.745626508999898,1.1269247602202752,6.151619012194886e-07,4.521688272769175,0.0,5.422094068917112e-07
4.840299121048384,0.4872867922932351,5.26579696345591e-07,4.772147468439241,0.0,5.435873599026813e-07
4.387689222205918,0.0,5.2049836366531e-07,4.640322061715294,0.0,5.656235930677778e-07
4.843604877590492,0.0,6.504782274043237e-07,4.674171769973844,12.466227803727726,7.222105788950917e-07
4.666036283261734,0.8985674402211197,4.501922710612177e-07,4.679412236231164,0.0,5.06152498070484e-07
4.7268929525736185,2.7203340218145216,6.097666884704581e-07,4.63062243654771,0.0,5.028854830237203e-07
4.623775028697002,1.445046981966037,5.124852931106804e-07,4.637965007680654,0.4847439493184556,5.259017388766021e-07
4.556146997864675,0.0,5.981465534716953e-07,4.764689812904543,4.339974244691019,5.862032148879715e-07
4.678290308440675,1.0144551598796403,7.015061121565043e-07,4.631643325546359,1.872008469622525,8.508694918531137e-07
5.154103264649191,0.0,6.913526061255134e-07,5.003272893397024,0.0,7.79939392497339e-07
4.480944821961264,0.0,5.426571893009054e-07,4.225011750635959,1.0867938796241545,5.418060554700338e-07
4.942020372529634,1.6781360297357217,5.251173716182602e-07,4.864219102832616,0.0,7.113245083004851e-07
4.54043075943875,3.9233055973417907,5.97243170082468e-07,4.448265863936775,0.0,4.184679892484835e-07
4.893530788157578,0.599753516379914,4.6280482499675536e-07,4.831620748254833,0.7653551478466787,4.6573098686427267e-07
4.583800832028005,1.6365743520739118,5.524462706215333e-07,4.645646490810977,0.0,8.848357013647349e-07
4.7551392897778655,0.6741135579268549,5.215618371607645e-07,4.8953527282665785,0.0,5.533774771364522e-07
4.8371214929178725,0.729610799083936,6.190215389577966e-07,4.977120556284573,0.0,5.715977844858131e-07
4.695468231062528,2.4605217010669924,5.208450225547524e-07,4.688950895524584,0.0,5.375391065369501e-07
4.623508330148872,0.0,4.139377133427978e-07,4.437952867945849,0.9212138103843741,6.098954411140312e-07
4.801512598051766,0.0,4.921558918552191e-07,4.747648840095986,1.4473656185979824,5.717477331801258e-07
4.629465608952001,0.9490442367208564,5.763808950428875e-07,4.701085774390151,1.0029906193178908,5.268554016514385e-07
4.66863460312782,2.6045240014973077,4.6337695987492833e-07,4.785862296066603,2.1231728369594554,4.965582073048707e-07
4.854364784420443,0.0,5.313822588212231e-07,4.819818404392277,0.0,6.321439382195456e-07
4.552743371962403,0.0,6.910390677456741e-07,4.626666483229224,0.0,7.997476326702546e-07
4.967646689498411,0.0,4.819599432547444e-07,5.027093612472176,11.596409517158383,5.334898407567917e-07
4.747269946937051,0.0,7.554202384964094e-07,4.615796864316925,1.5708389488026928,7.492730703461542e-07
4.7535677673093275,4.645920899460923,5.707301103682671e-07,4.649001033047288,3.240190784915076,6.271265704505141e-07
4.951142702459557,0.0,5.953748248614972e-07,4.863344755034085,0.29518120273490017,6.132579420412348e-07
4.746135100120081,0.9572548851575589,6.377014972134812e-07,4.741549790436964,0.0,5.005891599332576e-07
4.446466677222314,0.0,5.642555975716104e-07,4.447131961269058,0.0,4.841939991227623e-07
4.575285089068076,0.0,7.163892510349782e-07,4.567526510911425,0.0,6.522677718721304e-07
4.617776686833654,0.0,5.269740293696916e-07,4.511297906195589,0.0,6.364462153383365e-07
4.629387882824903,0.0,5.330782873647722e-07,4.664245687052356,0.0,5.282330025069613e-07
4.764884829947448,0.0,5.834513684369708e-07,4.6963566141887565,0.0,6.896315483593331e-07
4.77031086946735,45.02383829402294,6.541910328536006e-07,4.6838688992764395,34.03299613721038,5.764463098911388e-07
4.595054429101605,0.0,5.317934414172952e-07,4.392125021195928,0.0,5.354473984357228e-07
4.731325809556739,1.1567662892629351,5.970753641555832e-07,4.778007871648906,0.0,5.761425880934992e-07
4.677436474941333,0.0,7.198018084152102e-07,4.794831960025455,0.0,5.973342738777783e-07
4.6575510960378015,0.0,5.673433897313851e-07,4.785556417650693,0.0,5.856160136469695e-07
4.596391558808257,1.6191573061056503,4.2801593701554287e-07,4.706904126915576,0.0,6.469748957926999e-07
4.84372918559266,0.0,6.118665459261737e-07,4.907676830762393,1.374476005444568,7.134858479204166e-07
4.5643136240882285,0.0,7.626509045496494e-07,4.68023642853416,24.112466406655027,6.940863105785493e-07
4.949431766610271,10.09875147975506,5.808490525995675e-07,4.825393558986225,0.0,5.441269998224691e-07
4.787655061285639,1.4492471944988001,5.978566641492202e-07,4.706116957770746,1.4795357028997294,5.100676877374827e-07
4.755839025557081,0.0,5.251296134216703e-07,4.795000381424051,1.3362787397566473,4.820192476079187e-07
4.931530626472275,5.9640576595144035,7.298551829072197e-07,4.754199792584567,5.992902516166067,7.240402793526737e-07
4.78649838873597,0.0,5.469771413616011e-07,4.898234514680576,0.0,6.10311326941353e-07
4.54795913774203,1.9633018006221883,5.634033377642264e-07,4.5584532433722496,0.0,5.398968915262688e-07
4.79102431076306,0.0,6.106116562782644e-07,4.904587225186294,2.1603112060590446,7.159842963051988e-07
4.7270956353527165,0.6400043057299409,4.7493587367913524e-07,4.6232816253906,0.0,5.59810435515055e-07
4.774699964597865,0.5235195263827357,7.014891745209369e-07,4.886240205613967,0.0,7.442590464762508e-07
4.908834301482983,0.3249862493676407,6.064487730764161e-07,4.903741406512599,0.9877299689437725,5.345890842934433e-07
4.79535409180836,0.0,6.501166220517647e-07,4.877672752593356,4.791884316589249,6.660173989676383e-07
4.882826448244861,0.0,5.067020274216635e-07,4.6735680496994645,1.795535735539644,5.830674073675226e-07
4.7117650872122985,0.0,5.114997353041083e-07,4.816157262446018,3.820262017761353,5.258667344977385e-07
4.521193618854162,0.0,5.034737578712519e-07,4.714692397727966,0.0,5.987803256027335e-07
4.692946801065843,2.876387931600382,6.584622829309824e-07,4.871622842218599,5.80368649632183,6.776261415501734e-07
4.6840774482927605,2.395388506866234,7.350851286965087e-07,4.780730928541263,1.5923169000763915,4.560420640464713e-07
4.904776527879962,17.281602187574297,5.923752955696289e-07,4.793964971277061,23.910790638640403,6.636600422503826e-07
4.880507837741824,0.0,6.822115698106313e-07,4.770038429438199,0.0,5.37327640244169e-07
4.817323718820972,0.0,4.974467682450027e-07,4.779383766445075,0.38045503074966663,4.432502440230434e-07
4.29642246819443,0.0,5.93215664562888e-07,4.342093804483847,2.583933645127549,8.061817147971022e-07
4.744810349127891,0.5669552819270361,5.59782064101053e-07,4.899722697766029,0.0,6.241673334014498e-07
4.6701903990777085,0.314176966180477,7.290204713974347e-07,4.621436825155106,2.3200916934355265,7.348427520541897e-07
4.808544115386947,2.3580479580532088,5.531353051387013e-07,4.856512765298847,1.2054920102337006,5.148862354255284e-07
4.80295150013974,0.0,6.077447597161714e-07,4.60457677176462,1.3759569621135477,5.416157093946122e-07
4.629515783125267,0.0,5.804782637249558e-07,4.527883571553407,0.0,4.6616332108518406e-07
4.7469729829752145,0.46071806504227747,6.13048423368356e-07,4.75270229596724,0.5665808095233499,6.666334041161257e-07
4.7420010634754695,1.6255591381874328,6.006931769082581e-07,4.818609345945327,0.0,5.536597531595534e-07
4.908457764610791,0.0,7.016865938934237e-07,4.708966967466795,0.0,5.331211226404621e-07
4.827934722601457,0.8743064193733583,4.483458903461647e-07,4.955284575359048,0.0,6.028261012750224e-07
4.655147650812726,0.0,4.345637082477991e-07,4.67379279555167,1.095193474936551,5.15802157571902e-07
4.72963575383396,0.08430553249952145,5.148770765959511e-07,4.77037630505782,0.0,6.682019330584643e-07
4.660279802238458,0.0,5.539215259719094e-07,4.811664185412559,0.8245106323085591,5.326408347236391e-07
4.630446686987637,0.6933709472851223,4.768565474909951e-07,4.693973494265539,0.491059760505908,5.892343971745684e-07
4.831027760217258,1.6374073946658987,5.384467269512614e-07,4.8739735235313395,0.0,5.52854161738784e-07
4.722242768537835,1.7598526300865163,7.02516562697577e-07,4.635889292781156,1.803916396799501,6.077443458831981e-07
4.789912688280623,2.56519595680392,7.286221190374166e-07,4.777896641621392,3.7647464668989996,5.870980549920325e-07
4.818746049571508,0.0,5.030936657686225e-07,4.900573018904612,0.0,5.331961464590884e-07
4.722834476413682,2.2527398021877545,5.254756004657476e-07,4.795943057323428,1.32366812774213,5.491034759134596e-07
4.6713060070438654,0.0,5.167759759616798e-07,4.6889258867729,0.0,5.839939102626802e-07
4.771965017466798,2.5055559020736315,6.509080079841908e-07,4.633695065070409,1.671696394433254,4.702053508860818e-07
4.877527269553021,0.0,5.462639360021143e-07,4.841632948745434,0.0,5.55533138738739e-07
4.643961302352992,0.8269134981914529,4.99550802456752e-07,4.644313875289987,0.0,5.800677629289459e-07
4.769919642140699,0.0,4.95882919469896e-07,4.761763937722846,0.0,6.069891315607536e-07
4.579993173217252,0.0,6.653926193386119e-07,4.652111597316306,0.0,6.658070515078402e-07
4.6405965750796465,0.0,5.561355935586971e-07,4.720388726796936,1.073605046265625,8.067850185618683e-07
4.902035945679173,0.0,6.130315198118889e-07,4.796096595015662,0.0,5.174340090790153e-07
4.748148182281493,0.0,5.978536300561063e-07,4.702672929104461,4.251493889943377,6.512435477844421e-07
4.775874827546846,0.0,6.813043786500311e-07,4.720850473429686,0.0,6.724803471699288e-07
5.015962109797804,7.994694414006952,6.461385559842381e-07,4.9108523693107955,11.73778436468231,6.824918077212972e-07
4.9367991644197,0.248773915626303,5.505108082739042e-07,4.7896691211081315,0.0,5.35064724448577e-07
4.673592932634645,1.2116607397423311,6.2504158895302e-07,4.847364881107798,1.4594756503014112,8.346688585046013e-07
4.871865208055644,0.0,5.273469652152853e-07,4.900294969198652,0.0,5.652231967348357e-07
4.743104185250975,0.3277201164264447,4.4445790225697175e-07,4.7972106676152775,0.0,5.744434234885901e-07
4.495423210282721,0.0,5.44768935959747e-07,4.580989296593469,0.0,5.909209535330525e-07
4.577204422471393,2.7669307399620386,5.901519997328935e-07,4.869536449140979,4.370656434133312,7.00963255848115e-07
4.794623791085093,0.0,6.969819273734903e-07,4.63646206187036,2.0718027131059014,7.552593475368694e-07
4.781544519305218,0.0,5.352823611922981e-07,4.749547388839727,0.0,6.824768576462117e-07
4.864261012513262,0.8302823766457069,4.409807674926951e-07,4.7395252691184275,0.0,4.885044383829624e-07
4.738230935230277,0.7073542815000182,9.578409432492133e-07,4.794001475675782,2.682902271015361,1.0141684686991204e-06
4.840057874110795,0.0,6.383498263822942e-07,4.870118264833989,112.72903231775676,4.52171577308612e-07
4.811813775241919,0.5720772773632845,5.067409285749134e-07,4.826488228488417,0.0,5.048126002957763e-07
4.564093846660856,0.0,5.664520201221879e-07,4.616123628552685,0.0,5.327596214629818e-07
4.787580373355877,0.0,4.888079858682918e-07,4.754221571005962,0.0,6.747055126137695e-07
4.666421577899412,0.0,4.7342771991064285e-07,4.5537619576553015,2.7320465867899686,4.7093115191918643e-07
5.01389616123667,18.40015810234626,6.186285324989137e-07,5.073015053502139,13.255615364851002,5.462569497268403e-07
4.728501920353393,0.6588131360049729,4.843855071674525e-07,4.686315512822277,0.0,4.647814476212625e-07
4.7862880028214345,2.279344732113636,4.953132159971224e-07,4.823141282423965,2.456124966787806,5.793977528084444e-07
4.669065832398346,0.0,8.024745092869693e-07,4.562226049871664,0.0,7.151035308199405e-07
4.610501638774466,0.0,6.903625920815461e-07,4.716272423911384,0.0,8.700435649958693e-07
4.673280857010302,0.6001304776034133,5.059994943536104e-07,5.131182199653079,0.0,6.554473258835938e-07
4.570896918644962,0.0,7.253342989480844e-07,4.613691956307787,1.2386824130274503,4.963021148300043e-07
4.436241339371532,0.23981336712216497,7.108628033539951e-07,4.42468016215071,0.0,6.520765524607739e-07
4.785469292978934,27.234154420604458,6.495509683463908e-07,4.735664669496253,0.0,7.186275739429985e-07
4.719431927155067,0.0,6.30820856685575e-07,4.5756994343071264,0.9249105449076591,6.42549759736569e-07
4.623911052388271,0.0,5.947910986010471e-07,4.575257911000863,0.0,6.663898583290569e-07
4.591591792871648,0.0,5.218294772221596e-07,4.506538135268573,0.0,5.903149849796999e-07
4.912317366451958,3.7218548971883427,5.648125665836498e-07,4.650849646379222,2.226945788679318,5.733018494890305e-07
4.832516358196247,0.0,3.945094904225756e-07,4.572261753946656,2.189090236971561,4.5760290120064433e-07
4.561703739488253,57.2433381668199,5.951525249232469e-07,4.652606915837343,0.0,5.084079206439276e-07
4.625748895190019,0.0,7.722632085499988e-07,4.70886197364474,1.0041015776669193,5.366400312647788e-07
4.727456233941525,0.0,7.45633176637041e-07,4.648094107816287,0.9282364723420662,6.443117995307525e-07
4.610368288467042,0.0,5.36277135445156e-07,4.674447407626958,0.0,5.721055958515354e-07
4.767130795610068,0.0,5.677165097291705e-07,4.836599480638138,0.0,5.767334276569774e-07
5.126452023851781,0.0,6.603660716014641e-07,5.123722816876925,0.0,8.423988133244963e-07
4.78555869521796,0.0,5.170603890235504e-07,4.866113682188102,1.209314576825324,5.341006148513951e-07
4.737879576076795,1.0794119420769197,5.898569365794439e-07,4.691191878503083,3.4909081264210635,5.956922959538533e-07
4.641481214218632,0.0,5.693123346233496e-07,4.826189658284928,5.145480176149231,5.263815688463188e-07
4.681465408143695,0.0,5.42216607533478e-07,4.678325142079634,0.0,5.864411239122939e-07
4.641342329767963,0.4507765240199259,6.058020373590745e-07,4.753405789057184,0.0,4.437718997973707e-07
4.814051640729205,0.2506411880927433,7.446999126384731e-07,4.692299263969091,1.2396278548377477,6.612100005317937e-07
4.759741877054784,0.0,7.596799254339108e-07,4.606047420156059,18.451946733488,6.159316473758283e-07
5.185106981904953,0.0,7.533355786187073e-07,5.048946041950723,0.0,9.977546429851692e-07
4.913513570487268,1.3413958924333345,6.604607267457387e-07,4.790940251155417,0.0,5.982366854936986e-07
4.756570092312654,0.0,5.746539207008595e-07,4.650052778799807,0.0,6.211616140220517e-07
4.580461802836238,1.3576972868465735,6.278307594005017e-07,4.764746286188352,1.5928328181850038,5.128406133049593e-07
4.548495485923313,0.8699207021440654,5.126537726015351e-07,4.699335170811611,0.0,6.104763812341528e-07
4.839181272463581,2.841628666212482,6.438377770204946e-07,4.823882998000841,4.4064018546201424,6.885484868614024e-07
4.719732901195164,1.3069796397851,6.45257528366652e-07,4.806395329718363,0.0,5.115602632006677e-07
4.651826992026472,0.0,6.290242495414029e-07,4.901442676119309,1.6771313236897925,6.107848826008081e-07
4.782922813202479,0.2566702451250558,5.735103143416749e-07,4.651574757921639,0.0,5.475444215255777e-07
4.799799933942561,0.0,4.988277979434172e-07,4.8773207418069315,2.8009834423059665,5.345963248069776e-07
4.700901016006635,10.448804479228912,7.1283206688404e-07,4.784379280549368,0.0,7.019659664612636e-07
4.55149162110586,2.3128002088205766,7.072802244098573e-07,4.594162205695383,0.0,5.7185760278861e-07
4.791190244242988,2.878643337094665,6.747339669854966e-07,4.815176676598323,8.731894797251162,8.199218465370728e-07
4.702704419729466,1.985191081646515,5.867358891582292e-07,4.936326204935003,4.530927553040429,7.392853535347859e-07
4.785773704386371,5.6904317782192715,6.279647219121629e-07,4.80278313504748,0.0,4.927232204535134e-07
4.757278310259139,1.6699143387237707,5.654396398839534e-07,4.639763758284037,1.7587975889941971,5.886924371310753e-07
4.960343622046891,27.923612934611786,5.542718695355776e-07,4.854512133931438,0.0,5.735352281350558e-07
4.752670357002,0.6134875294620842,4.913900765283884e-07,4.6867499445983665,0.0,6.29147817338043e-07
4.697857209450222,0.8439216016734705,5.843034692000909e-07,4.694572829488774,0.3154558723299495,5.374048934677582e-07
4.823747284178671,2.8611289331180547,5.609499847056542e-07,4.6152567074644,0.6414804747607835,5.707112276223375e-07
4.566468230195326,0.0,5.064696060771233e-07,4.596322865126271,0.0,5.202794178501819e-07
4.843981824817539,2.5378483568481536,5.926809027218979e-07,4.8244012670340775,0.0,5.122173278205755e-07
4.602938381209473,54.1816290289162,7.009894678475547e-07,4.719110536203119,55.3283179868521,6.332069369734648e-07
4.595057445659495,0.7752393546155446,5.50375429207742e-07,4.760392310439268,0.0,6.993438032131804e-07
4.818515638582307,0.0,5.789674867682535e-07,4.878345287460764,0.0,4.861003773896434e-07
5.10037501433927,0.0,5.396392766408665e-07,4.988761354358457,0.0,7.175065048583193e-07
4.595607563622926,0.0,4.2417209349777833e-07,4.472929536431283,0.0,5.32277176911414e-07
4.677671786115513,0.0,6.0414526297974e-07,4.80144656536322,2.869570455632796,6.310888869989644e-07
4.719709283619055,8.392209220073205,4.980934704550515e-07,4.651954002504941,0.0,6.981541778130966e-07
4.811879865670886,1.30079441790143,6.234571784103215e-07,4.619435516996153,0.6215981704529092,4.888886696065538e-07
4.73450120524026,0.9792275979467499,5.73810797472115e-07,4.861752377648684,0.0,6.02115312654091e-07
4.80628169872179,0.9943975284214475,5.793578710896029e-07,4.914694501196697,1.1966044177457804,6.68781600472432e-07
4.958137077698498,0.0,5.11205912211592e-07,4.924324515147773,0.0,7.079866879032128e-07
4.74875538574202,8.69565458971087,7.345589436708e-07,4.749987740649515,0.0,6.928918434212264e-07
4.721767660537941,1.1978183634098922,4.930672929632934e-07,4.6249402585239086,1.761829216739724,5.377983656445545e-07
4.698155716473693,0.8720677170117314,6.070424062383446e-07,4.553369472626164,0.0,8.477091534199399e-07
4.835364909914732,0.0,4.869462212646147e-07,4.9455254853612045,0.030250873671808266,5.243488159663415e-07
4.5647495653979275,0.0,5.497036122352931e-07,4.553730733893777,1.0828303777630544,4.742291037477951e-07
4.697193736250109,1.6033883672302789,4.156977511203368e-07,4.6803376657091205,0.0,6.276494870479268e-07
4.676320953518704,0.0,5.039988262782932e-07,4.626752581833952,0.8006416759209589,4.694139836862386e-07
4.731706791188853,3.1704140962083542,5.073669794448988e-07,4.677275213496647,0.0,6.905942617814571e-07
4.713161258687701,0.0,7.301654738140851e-07,4.639660810006168,0.0,5.583463851412289e-07
4.80984477704742,1.311265526305714,7.358294620693623e-07,4.752892313991036,0.0,5.303138444962248e-07
4.889703722366377,0.0,6.495126684879034e-07,5.038721886097493,2.458727151489277,7.787670222153416e-07
4.778854132304243,1.6497028890207743,6.012078761862245e-07,4.855386226050348,1.6601851439876998,6.243955987332698e-07
4.471910425864116,0.992218005799261,6.149902822627833e-07,4.509531780633563,0.0,5.908979831809131e-07
5.070619174648807,0.0,6.370542836455343e-07,5.149724599406382,1.1676122529699733,7.080472410361709e-07
4.967236445233354,0.43564703441741964,5.394313632873069e-07,4.9470350197675055,1.1948450783736526,6.257388446986697e-07
4.799964095998781,0.0,4.4224290419097514e-07,4.8799258284936915,0.0,4.626296682159432e-07
4.433375672685245,1.0366589442355287,5.147086248987174e-07,4.48337570276958,0.7508548311806239,4.584587827224173e-07
4.646392202443295,1.966615679584265,5.784658186818588e-07,4.5901340039217935,0.4233120624923338,5.649097432731654e-07
4.725293855738504,1.5293918369176676,4.994213526429675e-07,4.600217521580974,2.772344595485288,5.704608219164919e-07
4.563317996584468,5.027403914924551,6.910809266821871e-07,4.562012656015325,3.0119371517650655,6.762617506313932e-07
4.81180809663643,0.06371933181358531,4.726076797750481e-07,4.625658590207597,1.23415464787007,6.111990900959071e-07
4.70473393554141,1.6019095571884439,5.526499489527622e-07,4.9262118446904,0.0,5.669973595403704e-07
4.748609969800653,0.4923575625462097,6.57630217229105e-07,4.7314517468859645,0.0,6.339151224393358e-07
4.7373166288081245,0.0,5.846143131231577e-07,4.551625800584443,0.0,5.165139343952765e-07
4.557702008198987,0.5225196203683485,4.844286171904943e-07,4.546039851384921,0.0,5.172480648442992e-07
4.953799135806034,0.0,5.820678163606367e-07,4.8800561069493575,2.503842443029956,5.333880209240196e-07
4.5529064651226125,0.370487950343881,5.883049501639077e-07,4.594397193512402,1.9089431682275602,7.177174684448184e-07
4.541234514695977,0.0,5.300366366113804e-07,4.630554626189068,1.3050333171073902,4.5834129140721367e-07
4.898594614613489,1.002444243337314,6.475282076921546e-07,4.8063602406758665,1.0003112789259778,5.653892550208233e-07
4.825758240728991,0.0,6.732694016896445e-07,4.754590253759227,1.9414056384808502,4.452678704381786e-07
4.642495757521362,2.2907924236131385,6.594839927203619e-07,4.627488879528803,0.0,7.57391183709115e-07
5.01457120062771,0.5884515712418034,7.096484277584419e-07,4.9427045238552765,2.280046788758651,6.044060766046472e-07
4.628955249215111,0.0,5.603027331999211e-07,4.568996517209787,0.0,6.423348703546878e-07
4.52872722825907,0.0,7.279425726160783e-07,4.921832310293666,0.0,6.181213313259133e-07
4.591898665479127,1.4681261324853239,5.4195852877448e-07,4.668172869776851,1.987027626710327,4.783972322505559e-07
4.440732122896651,1.6762378357212069,4.608339809563324e-07,4.394682811028132,0.0,6.082268910680409e-07
4.483061893461508,0.0,6.019035573410587e-07,4.501027318578405,0.0,7.639352649618453e-07
4.740976915502598,0.0,6.231381812539718e-07,4.625998808027192,0.0,1.0288905143775873e-06
4.80889545918861,16.396522136383357,4.831089203008165e-07,4.826733129523594,19.95526144367421,5.314254354592339e-07
4.883018873104192,14.101151521605805,6.017203554857284e-07,4.732191214621496,0.0,6.027691736473134e-07
4.944535012580714,8.084479242833444,5.857978403933513e-07,4.882430226680065,0.0,5.387617503539805e-07
4.9084100745954,1.19690943227185,6.842260967334705e-07,4.939808957661127,0.0,6.609072458977411e-07
4.54854646089067,4.194835382824448,7.761094623546108e-07,4.638806679672875,4.869068089184668,6.189199941570802e-07
4.831400751764712,60.009395618200045,6.860321176966585e-07,4.723381934832359,0.0,6.894913968612663e-07
4.762248772243453,1.604250455990812,6.756631560123158e-07,4.736866682493986,0.6903282824704231,8.115172898088242e-07
4.756455590005757,0.6198337990432194,5.710016483359685e-07,4.848225245623887,0.0,4.7011321383565753e-07
4.667811866667141,0.0,6.847320668681829e-07,4.62231949963544,0.0,7.73426935452713e-07
4.693905984761571,0.49440202355501206,5.385777717083885e-07,4.709435999089237,0.0,6.426564830141322e-07
4.769507471310678,1.0860077693153083,5.307046180320794e-07,4.921207928256349,1.2419651601892714,6.125326241587778e-07
4.940979454956248,1.0873675580500415,5.087704803236495e-07,4.911110393035124,0.0,5.902008657118089e-07
4.639437795605568,0.8396842177770605,4.956627828802092e-07,4.781571719128518,0.0,5.966756246079175e-07
4.827455768062364,0.0,5.765569934930582e-07,4.581502550619048,0.0,4.756560707029969e-07
4.629945392694131,0.0,4.6498298182176864e-07,4.538470459733021,0.0,5.324837839312506e-07
4.585860397903324,0.0,5.801806767405884e-07,4.7130505122326145,0.0,6.12528633726853e-07
4.671922577002967,0.0,6.891528985546279e-07,4.642515918459518,0.0,7.046654344894132e-07
4.574259718019717,0.0,4.0887384821630957e-07,4.707774013728756,0.0,4.953460211281003e-07
4.561026210226697,5.328674158597603,5.667714339667225e-07,4.643994772364153,7.438926198178165,5.821404068492906e-07
4.708867367828359,2.1218943081222665,5.182236197086036e-07,4.808983396914758,0.0,6.436566901003891e-07
5.049592937076172,41.17327697563283,5.713526275643209e-07,4.958458320819704,28.317526674043023,5.676777787150024e-07
4.480146521711153,0.0,4.7067258271633726e-07,4.507454004732753,0.5145367598713115,5.080755817473051e-07
4.6149128566922375,0.0,6.446380681280569e-07,4.834759867060587,0.0,5.568921965535923e-07
4.899852451482074,4.928516264171718,7.389524101765597e-07,4.984661470256956,1.6807261008304817,6.479002417610719e-07
4.556439166033706,1.0300376994065297,7.520193796619838e-07,4.449602295890762,4.30352426948497,6.191561144089927e-07
4.806101460350511,0.0,6.685189870501907e-07,4.92094902923376,17.75009765660007,6.600295313365811e-07
4.60760506620829,1.0865513137364018,5.552431508114055e-07,4.625679191260055,1.8563260673335853,6.919608929384053e-07
4.605735330406308,0.0,6.208709129505029e-07,4.304880592533184,5.702922593984682,4.839981180511114e-07
4.528383433582865,0.0,5.873505502390489e-07,4.460091549968093,1.4226663986163748,4.792564903212569e-07
4.598333305024725,3.1377531924535966,6.029352515015237e-07,4.702333735144615,6.564052147959555,7.082302906062668e-07
4.700878062280965,0.0,6.690706188039507e-07,4.649223076602272,3.014963587666984,6.927588966318426e-07
4.553021992844011,4.949942951971109,7.231839239077142e-07,4.500129170601542,8.590888591039679,8.285529713108625e-07
4.755322213450615,0.0,5.231298308744856e-07,4.611409296868624,1.1492521356657963,5.863337468920422e-07
4.979133016061429,31.73501186463896,6.91490712379606e-07,4.827400490975722,0.0,6.080548360809467e-07
4.604690643998768,0.33372225298373,4.2125071098991065e-07,4.578740597789297,0.0,5.795189853184704e-07
4.847026962740477,0.0,5.651213464493336e-07,4.680209154452665,0.0,6.031905013032371e-07
4.673326573273092,0.0,5.864206427085885e-07,4.681622688826015,0.0,6.139980971836196e-07
4.900241014265655,3.306944276562581,6.457475836796666e-07,4.765361986104903,0.0,5.985023971389453e-07
4.719516254251808,0.0,5.210047388960026e-07,4.811294024574719,0.0,4.884051025571255e-07
4.620511513802116,9.224833383412701,5.42448953279288e-07,4.891342163886465,24.226557354874256,6.657382169075939e-07
4.714645308440073,0.0,5.031095244438812e-07,4.611531314508336,0.0,4.6082367371518174e-07
4.684125720292575,0.0,5.424039806574654e-07,4.672600545228023,0.0,7.659186351750835e-07
4.849475933011202,2.057152992235216,4.7410411253530336e-07,4.904972169847703,5.342173675788629,6.410991069092446e-07
4.9002514616092165,0.0,6.555381814267565e-07,4.6846225370402035,2.007098665625637,6.002443082313997e-07
4.359685933810297,1.0808925386524821,6.132422819794895e-07,4.342853108053104,0.0,6.392539845237063e-07
4.90707956758515,0.0,6.227616276333422e-07,4.829956681087912,17.478273678846552,5.387323517355542e-07
4.803126351324848,1.2680398782547841,5.452001920930925e-07,4.764031599406816,0.906655113348761,5.258753304528003e-07
4.388370273687568,0.0,6.001294755018726e-07,4.4763900687694775,0.0,8.105461695377582e-07
4.946406859671562,11.026472228088954,7.024327193721218e-07,4.980604043984962,1.1732938863197022,6.363211662685042e-07
4.499065631099462,0.0,5.018853971750673e-07,4.556386859769125,3.562305277362602,5.774062787293615e-07
4.759622227144376,0.0,6.692121375139997e-07,4.871237912052329,0.0,5.65153479134096e-07
5.063150038340683,3.562510169564449,9.308355170963904e-07,4.900181940949511,4.609931471406723,1.0293217352705775e-06
4.551580580876644,0.8196895299459737,5.034182077678215e-07,4.773807410925025,1.4526257594575838,5.627302582505971e-07
4.60075212587562,1.5954863920954754,4.6237357379326263e-07,4.578267105777721,0.3508607410323446,5.17043603961858e-07
4.6669536577749495,0.0,4.88519199342737e-07,4.61311029413645,2.5673710040464277,5.701429012289572e-07
4.640635902616612,0.0,4.924865759033295e-07,4.640492450338237,0.0,5.791072461516797e-07
4.781942918164288,0.0,5.402365249298087e-07,4.893635016855456,0.16411251435792115,5.684728991904966e-07
4.79188164141411,0.0,6.044994980062042e-07,4.781982104691616,0.0,7.401417022948938e-07
4.50605408352812,0.0,5.965465938158529e-07,4.435572613612278,0.0,5.655039629181114e-07
4.798498821930508,0.0,7.609570982215416e-07,4.703359362519413,1.711829689537856,8.584035394924221e-07
4.6289168550191775,1.8498987240900504,6.263706422435242e-07,4.507652049220805,1.8037718895944566,6.240191189688349e-07
4.769267909186514,0.0,7.914855709318792e-07,4.774607928353972,0.30185316973753373,5.9439200487369e-07
4.800410422256144,0.48720368740574577,6.04305013693746e-07,4.77095470593176,0.0,5.499057070439197e-07
4.903733649743947,0.0,5.947173339864082e-07,4.892956119415854,0.45614435047306073,5.050200755199996e-07
4.752944632595709,3.8898707616818413,6.753307168487254e-07,4.778251025343956,3.248371125645111,8.209953866218584e-07
4.530769260618685,1.338883534435799,5.110108499858835e-07,4.372433355693374,2.7667532522157865,4.703365221257415e-07
4.679277963073457,0.0,5.93004374483221e-07,4.653099825400096,8.877649759032122,5.791282722176179e-07
4.779652876550687,0.0,7.923912278278145e-07,4.869176388232585,1.439308884148977,1.1108280737715527e-06
4.593492993936769,2.653928386853461,6.014477189480727e-07,4.6254705339634326,3.852250392048429,6.407762783501356e-07
4.790677629911433,4.813702624762323,5.750091037626451e-07,4.7992385032740055,0.0,6.455170734814548e-07
4.925618798525147,1.2466118447848809,6.745325770108111e-07,4.956073861206528,0.9351320897046488,5.359171898957402e-07
4.521354677699354,0.0,7.168761118520556e-07,4.626479795866611,0.0,4.1033986512374023e-07
4.744993483950774,0.0,4.884693153462022e-07,4.70273541679569,0.0,4.550582065127752e-07
4.802948814032041,0.8245265154691737,4.6045483356017077e-07,4.834036346974203,0.0,6.044690056735203e-07
4.620616716954663,0.0,5.089229085953574e-07,4.377365358290808,0.0,4.117716942071103e-07
4.6688758276136895,0.0,5.037642553068674e-07,4.667888554265774,4.278291978155649,5.718304834898024e-07
4.589089645042094,0.9566841864089228,4.493203923241653e-07,4.591887221030395,1.7433778595208518,6.046927262162504e-07
5.05456577473298,0.0,6.474560403821886e-07,4.7986029917067965,0.0,6.142493052765011e-07
5.0607954281027885,0.0,6.263163076012908e-07,5.0242153250093775,0.0,7.224025703322094e-07
4.5341980714255,0.0,4.414403664929808e-07,4.732106212927056,0.0,5.077639808141679e-07
4.904292549953445,0.0,5.793013030251553e-07,4.810415408398063,0.0,7.363222235057932e-07
4.586636253603385,1.0273026683642954,5.717735902439976e-07,4.551052501897623,1.831782010756275,8.422688793729013e-07
4.826990039813006,2.4529098173227326,6.560886710381956e-07,4.840350993017364,0.0,5.405236883328776e-07
4.624210357865122,2.406320405258266,6.815998697205428e-07,4.557263917002488,0.0,4.776674829424101e-07
4.54415686158735,2.1532199599113993,4.6387923104769337e-07,4.622064551794243,5.408608014202343,7.433740008412196e-07
4.8542073792794636,1.7381131745418472,6.817417905885765e-07,4.834502310271604,0.0,6.997726559266993e-07
4.614577679001791,0.0,5.504049005819734e-07,4.567285986895743,1.1023555106354737,5.851159088369083e-07
4.746806583910298,4.358689534882698,5.306592223144408e-07,4.7216544897615185,5.344887852606425,5.867876555717338e-07
4.6039601330926825,0.0,5.137744370313067e-07,4.654253088972911,0.0,5.002437115953518e-07
4.739142481648737,0.9113495982856962,6.283498135654761e-07,4.699129824143702,0.0,6.448462300492718e-07
4.827949566568468,1.9657862112829427,5.362396091309905e-07,4.723157644065755,2.104409152814826,5.996643697984702e-07
4.7291343723461,0.0,8.465107411346926e-07,4.635240112675624,0.0,6.6747580861932e-07
4.4705160492398806,0.632452589738248,5.353935485104099e-07,4.525828429101851,0.8194991300844775,5.447579116790249e-07
4.575953383635101,0.0,6.407779778236844e-07,4.615929375083677,10.729692267666612,5.980554756989419e-07
4.514488594223439,1.7458611772545316,6.276064867375213e-07,4.310451354246212,1.9458285433040952,5.949306259559305e-07
4.737093518627271,0.0,4.010567585571483e-07,4.878446080240637,0.0,4.4507474396686185e-07
4.866931637182606,0.0,5.638279061492228e-07,4.792480292324626,0.0,6.650449601538034e-07
4.737488132740673,0.7015686351296838,5.765065873247629e-07,4.703508944638518,0.0,8.582108876587411e-07
4.74445062062652,0.8143671189844605,5.015450566225549e-07,4.582304666368064,0.0,5.819803535232562e-07
4.662449954386173,0.4484195050104918,6.358851140725742e-07,4.5938041679232615,0.4255080409080479,5.717609813362166e-07
4.800932638228533,0.0,5.016341496833023e-07,4.871041485763713,9.373480310455086,6.549848568146529e-07
4.683112497020574,1.363360894487153,4.558549410243988e-07,4.727646976522564,0.0,6.048397487048284e-07
4.684349739416558,0.0,3.9333892839406067e-07,4.5752840530539185,1.0115164402358388,4.929750968136847e-07
4.592443239539241,19.29313247691792,6.553914398313575e-07,4.701715186452337,0.0,5.703401599966383e-07
4.524250423189343,0.4889559885778329,5.935793017884915e-07,4.499495709200249,1.265570829408574,5.898855683579891e-07
4.434719283551353,0.0,4.859098201719041e-07,4.4909790883897704,0.0,4.5163569923531624e-07
4.778011779689014,145.4801141565947,5.262728985074528e-07,4.696782009802183,182.30976769978997,5.542403559123775e-07
4.362685750400835,0.0,6.871560909917605e-07,4.635469383847501,0.0,7.238380866776649e-07
4.558060231662071,0.0,5.646007165031871e-07,4.584776294761537,2.661946670840556,6.691415929155403e-07
4.611767597084358,0.4337077996369465,5.30809757302284e-07,4.846156377132828,0.0,6.037456460274108e-07
4.837548748467442,35.81922270672241,5.326801681485794e-07,4.851223630243445,0.0,5.351711554336441e-07
4.849666646478086,0.0,4.958823209772475e-07,4.78687193001115,0.0,5.769561156856161e-07
4.815424817428261,0.0,5.357831410712703e-07,4.683988317504384,0.0,5.825343968069333e-07
4.750668606761194,1.2555220117779586,5.14496137584075e-07,4.701011176712131,0.0,5.851158319262939e-07
4.453694828699888,0.0,5.069073935135444e-07,4.57282883238117,0.7458413997356307,4.617918232543134e-07
4.534330492141738,0.6521200881021745,6.247856860008706e-07,4.631319866506154,0.5042478218853117,6.145220654779595e-07
4.634312231843408,0.0,6.334986179836332e-07,4.74372181112535,20.2273001397883,6.388980238917628e-07
4.64659537907004,0.0,7.029892929226004e-07,4.4654148037316945,0.0,5.709481618803791e-07
4.9140781878764646,12.941956934598656,5.498958168331519e-07,4.717573449780829,0.0,4.5033871192268985e-07
4.816295483954051,3.291681256452881,6.345949123739933e-07,4.979433597086727,0.0,7.251873235146364e-07
4.857307978818172,1.1952328681565836,5.960448915448573e-07,4.869951858423072,0.0,5.765001932871116e-07
4.686970769457802,0.0,7.641436284831958e-07,4.652542707221771,2.2355275120746483,7.511932166430927e-07
4.725141279347491,2.19884274819807,5.355316608146933e-07,4.711143095319781,0.0,5.772402158295216e-07
4.697915235408127,0.10197452488710526,5.674346888492683e-07,4.648682335927883,0.0,5.403232913445226e-07
4.599667232720959,0.0,5.594090478820583e-07,4.661232765132743,1.531889161748943,5.700395563349561e-07
4.601440604533245,0.0,6.058155307265605e-07,4.503914748343215,0.0,4.787981529782108e-07
4.8233599555061915,0.0,6.214951505295018e-07,4.726003200346338,18.579994886277074,5.146639709852039e-07
4.700695720135746,0.0,5.996703356799141e-07,4.691573255383438,30.28152198354971,5.231191556848682e-07
4.714854137427017,0.0,7.211577324197759e-07,4.788936862807838,0.0,4.990908635490274e-07
4.668725516582423,2.921677479613094,5.646267628083527e-07,4.603283284171394,0.0,6.054460032185601e-07
5.036047653487228,0.0,6.13093940328554e-07,4.862560857709597,0.0,6.19219648064705e-07
4.736963041526195,0.0,5.102957012499727e-07,4.704326351435482,4.1366992029281935,5.855092875547795e-07
4.325200813412159,0.0,5.069179167260411e-07,4.635288179640723,0.0,5.849822028545398e-07
4.746572835505011,2.203924649322306,4.831681996993707e-07,4.816742677230427,2.637695951903755,5.210104784989414e-07
4.960426640230989,0.0,6.797820579472731e-07,5.212509204273555,3.9450342246589876,6.691552492732347e-07
4.5256274642256,0.0,5.381314214434171e-07,4.592377502730904,0.0,5.848856088067661e-07
4.595590525302325,0.568034341769366,5.656028022650684e-07,4.704743583688472,0.0,5.517499320515923e-07
4.8012114665174055,0.0,6.450413396435838e-07,4.834068838172651,0.0,6.649029470272313e-07
4.923429913040157,4.897968306496803,5.299696068768573e-07,4.782606575795163,10.319760679552367,6.155999177626931e-07
4.526443336373622,10.02388370527802,4.713070524941837e-07,4.496454263323787,0.0,4.4807278642579823e-07
4.936437583649186,0.0,5.022327666774459e-07,4.87127296123088,0.0,4.05166256945317e-07
4.803318360437128,2.732386849452962,6.904811819145283e-07,4.725285623836525,1.4895958665639668,7.003926671594447e-07
4.478176162476173,24.541549925890067,5.863968434705274e-07,4.612916486185235,0.0,5.727031684449391e-07
4.365010633018579,17.18204319881858,6.19415989233479e-07,4.416120445296633,21.982850723543105,7.112277683148938e-07
4.844838722774736,0.0,5.298785340370931e-07,4.77088810591774,0.0,6.204064295915377e-07
4.779926960332948,0.0,5.514425888597188e-07,4.747087366458261,2.0585081545484916,6.234723769681204e-07
4.587945207863415,1.7317967887896932,5.349804233902271e-07,4.7037553927658315,0.0,6.2421551547797e-07
4.553904694889404,1.0746563064597496,4.707824959463409e-07,4.3399551773892435,0.12168000227554017,5.506975488482726e-07
4.73685140407475,0.287305310545447,5.402214138076904e-07,4.647789818303696,0.0,4.897867024729621e-07
4.639708670995101,0.0,6.152725995481833e-07,4.460094013810345,0.0,5.744125494531878e-07
4.7322404865591885,0.6468684029197596,6.118007076282432e-07,4.658456848858041,2.4943371375732464,7.903940501433754e-07
4.739914191246353,0.0,4.728515596296927e-07,4.775064834717596,0.9033709770777523,4.248322316168726e-07
4.798558565244678,0.5065969334530674,4.85779436023862e-07,4.960622332475539,0.0,5.181442786913304e-07
4.810136537282661,0.0,5.337748391078177e-07,4.867035780138492,0.0,4.944751197808891e-07
4.6539957172172866,82.50838141181065,7.711397157253085e-07,4.786044431985519,70.27595805759977,5.351441578240011e-07
4.509365797971564,0.0,4.911383385201116e-07,4.552682547823935,0.0,4.889164434287676e-07
4.66398942372462,0.0,6.145192208694804e-07,4.841543630545003,0.97428314020711,7.332953280339488e-07
4.780115990644299,2.6706683320318394,7.036315194931512e-07,4.950828990421442,2.2229960419076065,7.020099976751091e-07
4.641168949712178,1.4235521821393664,5.7241589024807e-07,4.6665675949600995,1.2169389067103074,6.689604371478984e-07
4.367127569429901,4.0992091829104975,7.607067699491961e-07,4.486003194727499,0.0,6.336922833403584e-07
4.861145058349377,0.0,5.445475576182652e-07,4.796588699064298,0.0,5.640007156406017e-07
4.826862907877995,2.008954164761132,5.782059426475657e-07,4.748535897160221,0.0,6.204238349610285e-07
4.877954026613812,0.0,6.89718279553302e-07,4.973717228866235,1.0946803535276888,5.910134446386334e-07
4.956899836470749,0.0,5.140299353082404e-07,4.923138880268458,0.0,4.7205575659547106e-07
4.543561050743395,0.0,5.728328914174664e-07,4.5385975467912205,0.0,4.830826891937254e-07
4.9021974804738075,1.460806049032149,5.099608877173471e-07,4.563189707304659,1.8844055559782023,6.491164624849303e-07
4.650924748072202,0.0,6.773564952070438e-07,4.718932160186648,0.0,7.49355263339945e-07
4.883282636347997,1.7194426284021525,7.684581322763405e-07,4.870693223320654,0.8107189305856927,7.196720340521989e-07
4.8244998551982565,7.686005608974816,5.191106107602256e-07,4.929919453476108,2.1153876667577274,5.64037287576884e-07
5.150945278257765,0.0,6.604030826556481e-07,4.868261273201775,0.0,5.510451832694936e-07
4.698122089860022,6.49510874468274,5.678037930499794e-07,4.571188580780302,1.2263352318759804,4.1458395000101017e-07
5.036597434729583,0.0,5.088064333226659e-07,4.673589671876124,0.13782794958801953,5.738560595842873e-07
4.937507934293995,1.0183387382429168,7.195163691099015e-07,4.835765831492939,1.2224461021435618,5.049315716343288e-07
4.767781406253657,0.0,5.194065684742903e-07,4.724570476430384,0.8491384268592959,5.927976214287275e-07
4.559624802322154,1.0241872638048242,7.081957810958991e-07,4.570739164353639,0.0,5.338320202366494e-07
4.8408120802189725,0.45943613969481406,7.031196006316202e-07,4.953091952281417,0.0,5.999645306486925e-07
4.668887913732671,1.0761738993827152,4.028883478126677e-07,4.5821415389331985,0.0,5.510792210075338e-07
4.5572638514149695,4.47103576417746,4.604721400254696e-07,4.67247255138852,0.0,4.832148948820851e-07
4.659054898843058,1.457684046850285,5.282423454889676e-07,4.82622765861713,0.0,5.270596575357855e-07
4.582172773404588,0.0,8.054035690233866e-07,4.704619604951281,0.0,7.050214225930297e-07
4.661229180496836,1.8438352867389445,5.129192415837488e-07,4.559384673258378,1.3810088593306855,5.936078393045573e-07
4.583431818036315,0.0,4.96250363492629e-07,4.5906817328596405,0.0,5.450279805130834e-07
4.662463474854082,0.0,6.214872029603031e-07,4.484098969433038,0.0,7.804136171389337e-07
4.705464276039256,1.5638902946732292,4.5385336015568573e-07,4.768487218451836,0.0,5.299159899269351e-07
4.535377974035956,0.3767163744662732,4.839471470234268e-07,4.627985556480906,0.8262229330416924,4.710376123385231e-07
4.7448574031663995,1.3739672675263894,6.573197571878837e-07,4.609741530101514,0.5212513641582096,7.211431287412199e-07
4.563719151744821,2.9266564901503593,5.780161457241977e-07,4.568573485393922,5.4677247100163635,6.567553960149003e-07
4.6676496854247285,3.8390191446833914,5.995090602893148e-07,4.570963903833233,0.0,6.765004446591665e-07
4.783345683692137,0.0,5.855270243234815e-07,4.65124003794438,2.5745312012375896,8.798467245421422e-07
4.917888391569864,0.7905433299817292,5.322347889390197e-07,4.749732215287098,0.0,4.6928928861407305e-07
4.738621682707866,0.0,8.252675746712621e-07,4.460484947647752,0.0,6.171221595322413e-07
4.606503298878834,0.0,6.054435851393657e-07,4.676136145392443,0.0,4.4124244598061277e-07
4.745395427247209,0.0,6.266471571862996e-07,4.488298880847899,0.4484112577705276,5.145302307391052e-07
4.622636563397291,1.1273586747543631,6.063906678942339e-07,4.758997901803618,0.0,6.203899483368775e-07
4.733924868633045,0.0,5.756630169332909e-07,4.725832237431992,0.0,5.866695453755875e-07
4.983761425505612,0.0,6.19688962810526e-07,4.971548316087601,1.0901623154032953,6.184395891468887e-07
4.457002771489971,0.25406152992292613,4.948699416099495e-07,4.3909099381939,1.110788479680339,4.938199703782675e-07
4.692837986808861,0.0,5.584702982944681e-07,4.504306111860278,0.07782029629857723,4.990539282082016e-07
4.865421447717015,0.9669839851365408,5.574403877957926e-07,4.716070087875748,1.3767770504605987,5.993168120244628e-07
4.707221313381503,5.863451053741808,5.034905555470205e-07,4.713712539029146,11.355758094728818,5.8403090500616e-07
4.829813395253443,6.373902618749593,6.221789816203985e-07,4.565668109135346,0.0,6.593765819509133e-07
4.752143947978391,13.664508289151765,6.215090763150058e-07,4.835515361057513,0.0,4.260281334153128e-07
4.951819466074382,0.0,7.077452573355297e-07,4.92971188795939,1.6472129787996734,6.588716100543619e-07
4.944103800312195,1.8977658697307969,5.727740496931841e-07,4.6531570333715875,0.0,5.411932883636563e-07
4.889188245320745,0.0,5.806204999646057e-07,4.738668593607216,1.800903705772695,4.4567922584799957e-07
4.71365482666584,1.9326258190087493,8.808213792208923e-07,4.677220409115211,1.028624964531898,7.745610500065125e-07
4.806549068692609,0.0,6.525311323711707e-07,4.9096190781528914,0.0,6.563655333284823e-07
4.740638914591344,1.3519638750048975,6.854494851430404e-07,4.54253954292089,0.0,5.724480033552888e-07
4.738889260083401,0.766900214271022,5.191662924719781e-07,4.661956611402053,1.4742796428732812,6.251088648117488e-07
4.724589824740178,0.717012229006218,4.936511098462015e-07,4.672794377501394,0.0,5.977042747941928e-07
4.890198371039468,0.9812376030770761,4.874280190071683e-07,4.892162292036966,0.0,5.405646031165098e-07
4.489643089324329,0.6956676422159711,5.551366777248302e-07,4.587594854548002,0.3354793705274603,6.337346694387381e-07
4.717633244761275,0.6467795276585965,5.577113364048661e-07,4.677104008958118,1.254397358522059,4.676380238690746e-07
4.635491446915952,0.0,5.295814978543239e-07,4.737022607113649,0.0,6.444308508983275e-07
4.699512423637751,0.0,7.259204050248638e-07,4.688571926143468,0.0,6.094870123915948e-07
4.539066797657206,0.8369520837767485,5.057516447131373e-07,4.561039523074524,0.546863563999931,5.398853519278401e-07
4.790547222041282,0.0,5.296710370263635e-07,4.904370057474447,1.846518869468536,6.212286366087341e-07
4.6939765350525775,0.0,5.108608109009315e-07,4.853643280731773,0.0,5.163390875481549e-07
4.90613272468515,0.0,6.1883869417617e-07,4.903695330513503,0.0,5.614442495313258e-07
4.699864200996628,0.9713535174264677,6.696791864175392e-07,4.671939929722963,0.3280222482571445,5.775538198498974e-07
4.998041618251976,33.92029801588973,8.76421698880159e-07,4.999968686689184,33.220430155661504,7.964966517312268e-07
4.786104495196211,0.0,5.569496533134281e-07,4.802820728937092,0.0,4.991963566627509e-07
5.040188649411544,0.0,4.549171477686035e-07,5.061098210114793,0.0,5.574135139326297e-07
4.692758452484815,1.78640497898683,6.176137944223573e-07,4.797000663427192,1.73411719293106,7.917564773065648e-07
4.616006338447124,0.0,5.056858260557979e-07,4.681178094491725,1.3227589953316572,4.817337954503828e-07
4.57670245665328,0.0,5.748912315079436e-07,4.720734447276745,149.73592008528348,5.871387868179431e-07
4.836481625483722,0.9575874295062461,6.614898455024813e-07,4.890658428176377,0.0,6.353200721291626e-07
4.571403097607277,3.6426035766328524,5.554125365032122e-07,4.5526600227827245,0.0,5.793603820494488e-07
4.778688960671778,0.31258326441297424,5.403506478089967e-07,4.890285208123778,0.6474131788666859,4.386417371059251e-07
4.816297214510417,4.8882846363055235,5.213848556415287e-07,4.805703522389399,0.0,4.671204502294411e-07
4.7094748402687205,0.0,7.026960641854855e-07,4.689414401133859,1.6426767783528138,7.340426790580014e-07
4.629746398391644,0.0,5.349019855881341e-07,4.567422282666696,0.0,5.592573182102059e-07
4.613579532261689,0.0,5.071949024928456e-07,4.610855206146375,0.0,6.736605361084441e-07
4.503073191141783,0.0,5.005518004709643e-07,4.353514892303575,0.0,6.373620114098801e-07
4.7857997817583815,0.0,8.53610419240716e-07,4.893599203996141,102.24656553615328,6.379060811629198e-07
4.650188154704793,0.0,5.53253014341765e-07,4.597672741116267,0.7281345083318633,5.38947373294091e-07
5.032267712030789,0.5922272734578453,7.033661915252149e-07,5.197431908574228,0.0,7.654713258203645e-07
4.931354327827748,0.0,6.41685567689286e-07,4.932887424061667,0.0,5.361284659868792e-07
4.7520360610601715,0.0,4.613287205176109e-07,4.556250715684954,0.9440002458025745,4.0434617349379006e-07
4.85225355328728,22.389219270891676,6.501898776152882e-07,4.82052336199675,0.0,6.210064129656259e-07
4.668051789094491,0.0,4.998769077404628e-07,4.714674090804047,0.0,4.7213686692860927e-07
4.766673896173094,1.8870029341910248,4.5085781791900917e-07,4.779574544319868,0.0,5.147166377014433e-07
4.725380520281561,1.2783293067802446,5.477199662636878e-07,4.670821966699387,0.0,6.60157578695053e-07
4.728397731356992,0.6656701656017797,6.65536987969241e-07,4.786577778330035,0.0,8.126646673330963e-07
4.8004086518192155,0.0,6.202563034789903e-07,4.842966740230468,0.5826053612409471,5.095288644115405e-07
4.863767696728114,0.0,5.259941286793549e-07,4.8359800581509,1.1058944924145728,5.356908274570128e-07
4.866373220953104,1.173372093298364,6.357694149069286e-07,4.735271521586278,0.0,5.539595830307229e-07
4.767499565782703,10.478947836987505,5.937872525911554e-07,4.827709281362278,0.0,7.735600578123492e-07
4.72245266769942,2.2872049066323186,5.185947157162449e-07,4.913345080830323,2.0296102362993103,5.945057387029784e-07
4.8262306365452465,0.0,6.109874340646607e-07,4.972867686955625,2.1104458098253693,6.059672829868368e-07
4.755868589036709,1.9504541251363343,5.740024653196888e-07,4.640810809362504,0.0,8.127012688432397e-07
5.025080745375678,16.549702326443025,5.205402852070893e-07,4.749088761267231,0.0,5.890953168984103e-07
4.882518156323136,3.1149943887302456,5.287229281546105e-07,4.895156107990985,3.0969949127095537,5.082000015617683e-07
4.877125482308239,0.0,5.778221910686855e-07,4.608202051960548,20.624315677502608,6.18749768502265e-07
4.49373565667793,4.570810519397411,5.128864819529065e-07,4.532151394982167,6.434523604705411,6.503974376127614e-07
4.774604151406471,7.23844963208834,5.506253522429555e-07,4.783062440861285,0.0,4.999852230116816e-07
4.701527847251877,1.0475927529641014,5.653737973960046e-07,4.679007884592142,0.8782045629104918,5.784370820147563e-07
4.463036391609793,0.785730949773301,5.509426442396311e-07,4.422146000176732,2.9576413462448197,5.568616908314745e-07
4.629773827267666,0.0,6.556022397474792e-07,4.61364015357596,6.851581185725625,6.975029735868117e-07
4.6689889269161515,0.0,6.085124861914581e-07,4.740401693819038,7.295590639470041,8.320882122118191e-07
4.647727068383257,0.0,4.971546038358793e-07,4.958106442672937,0.0,5.795755600816489e-07
4.751961211697123,1.0607265835561162,5.662345764209358e-07,4.643410607329595,0.0,5.248962880597866e-07
4.314427779280778,0.0,5.571414997687117e-07,4.498828658234445,0.8250134725020789,4.579062643407738e-07
4.556118978070474,2.1581222059445353,5.312175833634575e-07,4.609407103018691,1.2681186966283535,5.744406512246856e-07
4.84949140604191,0.0,4.833913304453409e-07,4.732125622559905,0.0,4.358503988987318e-07
4.664659097417956,1.4991868355683529,5.996535040283165e-07,4.648983366410276,0.0,6.011400793230755e-07
4.970499501984914,0.0,5.418323381216559e-07,5.123263312376873,1.8386991382558064,6.194902075791339e-07
4.785411719081797,1.955383309267788,5.54376973293387e-07,4.583244626712908,0.0,5.497042162355129e-07
4.828245860774592,2.3403429964334723,6.127048520290652e-07,4.6787165673381335,1.9201493897214796,5.070098534537772e-07
4.76275375486193,0.0,4.985800659897159e-07,4.580287079319512,0.0,5.142631285869398e-07
4.645831122945612,5.364818504934375,5.263044740634596e-07,4.702515385248639,1.6458615830626722,5.491311831184294e-07
4.564392199518076,0.0,5.516503966093056e-07,4.694492965062147,0.7784112405274244,4.847345997668387e-07
4.580031443593669,1.3119624678751771,5.214072897059173e-07,4.734177600391571,0.0,5.27089672360345e-07
4.771848511807857,1.3088639558448367,5.921717522770551e-07,4.833190567223961,0.0,5.035469213760266e-07
4.7633594788104965,0.5203582513131891,5.407700613763816e-07,4.7357144291457445,0.0,5.301967099981842e-07
4.535949942567702,4.165481747783835,6.731556065440744e-07,4.521137189433453,0.3736202972789022,5.6868839692966e-07
4.629093152432201,0.0,7.43505289614916e-07,4.530205022824633,0.3561220802827243,6.198868013371559e-07
4.528056849190612,0.0,6.131638110319659e-07,4.460739269698901,0.0,7.861578782745525e-07
4.733162546198785,2.9953016638086654,5.986642680609497e-07,4.577582753780868,0.7419068122851983,5.26717164842653e-07
4.602057669040787,0.0,5.108216834444547e-07,4.509815780099425,1.3870613204565456,5.173044951857073e-07
4.715942664660216,1.2392930985055652,5.200873164718465e-07,4.732361263526107,2.2566138815095997,5.126974624025313e-07
4.723753468169805,0.0,6.041671464787657e-07,4.768462802190023,0.0,5.695138391746054e-07
4.709055039527117,0.0,5.195092724129902e-07,4.75649596537853,0.2836999169416448,5.35703492549424e-07
4.501714856511394,2.0886933230303635,5.480580733266437e-07,4.58116404785759,0.0,4.7536240539951053e-07
4.601321752815635,0.0,4.3792716397879203e-07,4.6509258229823,1.4040025183616474,4.61498365284221e-07
5.053506472882399,0.0,6.946536021289048e-07,5.174244625227348,2.797350220207087,8.807401900759638e-07
4.959763689632995,0.0,4.92824874690694e-07,4.9157574372028,0.0,5.788854040164222e-07
4.795752138069689,3.2426704286996424,6.27247654652096e-07,4.833801290489817,0.7023209034619607,5.624129039908625e-07
4.642674495215519,3.020750588563595,7.188691644916225e-07,4.808090903539793,5.202174919092771,7.773589058704265e-07
4.639212818624578,4.95926669354681,4.956048055833174e-07,4.592881373742126,0.0,6.276249325747968e-07
4.719237729842946,0.0,6.497936186562127e-07,4.65910290297073,0.0,5.568660020706317e-07
4.996527331591407,0.38522863487921793,6.733659861268655e-07,4.685074009510946,0.0,5.729902176743553e-07
4.80711800981203,2.0800766880113724,6.032023524154876e-07,4.795361221787413,1.633735054237865,7.118839497786517e-07
4.742678873156198,1.385363244731559,5.791932495721978e-07,4.758533789014248,0.0,4.19881238524585e-07
4.599108196459933,0.684381265625581,6.812365285090169e-07,4.568950725781929,0.0,7.015331321997567e-07
4.7379183688078825,0.0,6.703839957292237e-07,4.8453881011973134,0.0,7.134188563305594e-07
4.8431393815512065,6.140619523598633,7.155386353043452e-07,4.6823456513148285,13.769636074286863,6.18750974567164e-07
4.767776699154035,0.6672353689491343,5.49743134933918e-07,4.7656868499377545,2.567868556738752,5.636609868265279e-07
5.18922386363229,0.7018066483541238,6.012831799650628e-07,4.932766290755212,1.6188558544378038,5.548239870387098e-07
4.898622356023432,3.052484026411807,5.723707269005779e-07,4.692362570166254,4.231684322641977,6.515876013197057e-07
4.654553651227619,2.697787911394751,5.613879947624634e-07,4.699705335016466,1.94015286152649,7.713177325645148e-07
4.763029513677486,0.6068336647616632,4.918796905369578e-07,4.821624751072604,0.0,5.687315328256045e-07
4.778327699823463,1.9915364560567643,6.669801640181583e-07,4.857035710395342,1.612392564932467,6.982395866838171e-07
4.770385692951973,0.0,4.799273689057149e-07,4.8431168538525995,4.215982381907149,5.104095903904107e-07
4.603827227760072,0.0,5.549876306781676e-07,4.8333251966666815,0.0,5.519854655005751e-07
4.810291047965861,0.0,5.830759290030109e-07,4.903495502932244,1.3871904036078377,7.259709651975368e-07
4.276043831086615,1.513852225130254,5.757003802962907e-07,4.3291841081451885,0.0,8.352821689313937e-07
4.968610403822063,0.8724132912899978,6.296797495799132e-07,4.815956232029904,0.886376259782865,4.988916702100512e-07
4.719894799051055,2.1938180684483166,6.314642704015959e-07,4.740430456932624,0.0,5.996040262807341e-07
4.879362648309484,0.0,6.735690429369239e-07,4.8104872122505515,1.7091412673080442,6.796306882015537e-07
4.457758666723252,2.3119647659867995,7.14814949142284e-07,4.494889594262145,5.382764512549601,7.451472714238714e-07
4.754766759928952,0.0,5.890178811096922e-07,4.725167680277521,0.3416903639384258,4.548156102666321e-07
4.65606387884232,0.0,4.96460314260481e-07,4.433350239360297,0.0,5.926590425407223e-07
4.667788350065034,1.0754075642914964,7.891194339702102e-07,4.723709564547161,0.0,9.525951352587155e-07
4.562908642132916,0.0,6.515233582358151e-07,4.83947255740739,1.1215354739212249,7.082426782825417e-07
4.501058190513991,0.0,6.425663851559607e-07,4.385509374874434,0.0,7.739076243629328e-07
4.772073859698947,0.0,5.319408969604919e-07,4.94253606389096,0.0,6.705668318641723e-07
4.72760725601198,0.7639699254701814,5.0068495260996e-07,4.872073722853673,2.0527194251365004,7.298245718563758e-07
4.764592947007904,0.0,5.60663015837837e-07,4.7340909432373435,0.0,5.561470447419198e-07
4.63829426389186,0.0,5.501887993724243e-07,4.620211538873913,0.4537898603086812,5.968124388015643e-07
4.897443225542196,0.0,5.254529481460739e-07,4.935615815553626,0.0,6.914247829906514e-07
4.633598626778613,0.0,5.91590126071227e-07,4.473213295484868,0.2560286260073445,5.747730666547315e-07
4.709577138067079,2.8674036352725985,9.370371388004779e-07,4.888327762897373,0.0,7.047475040871441e-07
4.750571764696142,0.0,5.612966858469065e-07,4.784113541027697,0.0,6.606168145764457e-07
4.793102796708639,5.745722173853982,6.147969764344705e-07,4.636258666178464,0.0,5.160493881355202e-07
4.808421044733323,3.170570873888915,6.023482247513351e-07,4.675746582570283,1.064410674367701,6.014162301866604e-07
4.878222999019586,0.0,7.919531020904097e-07,4.922421098409273,0.0,8.667576218704887e-07
4.934598322851706,1.456526345746833,4.921316865124434e-07,4.955629448287442,0.0,5.661890448575673e-07
4.78003363052064,5.108625311963274,5.92505335937803e-07,4.755311818855057,3.698159132815555,5.207150377331072e-07
4.499167357062093,0.0,6.224431587075202e-07,4.317671411263749,0.0,6.346988499923023e-07
4.848980430324426,12.214496984563672,5.693764578629978e-07,4.871797981124863,0.0,8.427262418604713e-07
4.889703508015759,0.0,5.531400317224911e-07,4.733041913989623,0.0,7.153268961939437e-07
4.631315447031852,0.6085524379885967,6.009988420014935e-07,4.59418590221895,2.6073360113532766,7.753628174129307e-07
4.58875631865098,0.0,5.676151641565524e-07,4.6493747779018495,0.0,5.522527680859388e-07
4.83008807532607,0.0,6.379144898667605e-07,4.857625325204507,1.0908709253229247,5.65980726337481e-07
4.698285851209268,0.0,6.229454634637535e-07,4.893621209006558,0.0,5.738619099055818e-07
4.814860578251462,0.0,6.556757281787102e-07,4.94634546621481,0.0,6.22599188076924e-07
4.757915109684664,0.2840830937973785,6.807137522660423e-07,4.967144927757837,1.1215366062673258,5.013923604805153e-07
4.715495839721507,0.0,5.972111540382098e-07,4.802542094591474,1.0937177256125472,6.117032572577306e-07
4.777877389149732,0.8002748286333456,4.7614208831655075e-07,4.718451805328047,0.0,4.5719812664103683e-07
4.6366308806974805,0.07833023769625176,5.131041640879875e-07,4.601784825489335,1.0985371295304338,4.7553583185179433e-07
4.664325107569628,0.0,6.573557491938314e-07,4.615764668377968,1.5935956535203613,6.651527151590259e-07
4.863092303946512,0.0,8.349408845063028e-07,4.848846201383157,3.1066628419447326,8.426927854951336e-07
5.0372535906191045,0.43079526243899696,5.690236597868835e-07,5.088260878742373,0.0,6.321215403651894e-07
4.604564938161124,1.1360208360047037,5.713727063952298e-07,4.505273615735255,1.7867903695769938,5.682841896172258e-07
4.677582418909822,15.429012291818255,5.501828214148877e-07,4.587175215230894,0.0,5.735666053273732e-07
4.705943918722339,1.0114186889884749,6.635088940473463e-07,4.725865848016583,0.5479550744097842,5.548388902577486e-07
4.773607128912777,0.0,6.576496534308565e-07,4.694583584491425,3.5648781389031976,8.282436697564459e-07
4.8936882336624254,0.0,6.741375120075095e-07,4.88017429363619,30.0947649122178,6.668135626311796e-07
4.808378592948636,1.944877895523648,4.780099684585438e-07,4.731600568181872,0.0,4.78976803197707e-07
4.835945553794538,1.6116995569888892,5.98327023202772e-07,4.525639401300746,0.5605871909668164,6.288158967015454e-07
4.736106562312541,1.199738496432632,6.171424503227284e-07,4.646758050573098,0.8453077469207636,5.485295792488078e-07
4.874695793186887,1.2432935647798162,6.926415027609277e-07,4.578564097695274,0.6740865257725013,5.634173692312495e-07
4.778288611854513,3.160992699796955,5.50226720337635e-07,4.738399043742257,2.2285134703579126,5.396675759165957e-07
4.895272053945607,1.119487762463053,6.779614765644632e-07,5.046449960859106,0.0,7.313851954975055e-07
4.741899149480851,0.0,6.547446886321675e-07,4.624668864711169,0.0,5.315460125766041e-07
4.951357996879915,0.5806515691880314,6.045936168354214e-07,4.949303351560226,0.9921357764123674,5.696997963193296e-07
4.423242535646539,0.20700388036840342,5.061652361406061e-07,4.511494367491397,0.754431800149744,4.334885411990733e-07
4.7646204598851964,0.0,6.777212383630628e-07,4.845062208236322,0.0,7.610759995083456e-07
4.730483546022553,0.0,4.5503918270930245e-07,4.7835379186096665,12.83144640070551,6.42615414785853e-07
4.495782887602875,0.0,6.970182233116958e-07,4.581294057105504,3.3399061990667858,5.078125994907103e-07
4.637826109754716,1.0704178397684734,4.145392517641848e-07,4.715509204670183,0.8896943773828451,4.6338194070514594e-07
4.595754780396018,0.0,5.674334459392949e-07,4.5320004576177455,0.0,5.619153678623578e-07
4.751368357971877,0.0,5.055077978878032e-07,4.767844549148985,0.0,6.564923795350495e-07
4.537738699930792,3.95519971504128,8.168212566971242e-07,4.605437121439016,0.0,9.819608710538727e-07
4.7830741276815125,0.0,6.245557642580385e-07,4.945516633825852,0.0,6.429104560581736e-07
4.70367209987289,0.7624791155256487,4.638646264656388e-07,4.530438429187454,0.18180647385851778,4.765321915212738e-07
4.8931529870376576,0.0,6.24478388998364e-07,4.6377172330232375,0.0,5.752424396091439e-07
4.656223744075679,3.66139981102466,7.473587507187863e-07,4.581953630752708,0.0,6.780011356016002e-07
4.656001632482178,0.22738740384185158,5.580505839144073e-07,4.559665102857276,0.0,4.203166566005524e-07
4.6689203254564235,4.388322879131077,5.628714000713036e-07,4.5309999706455555,4.4521876992192215,5.611567921652365e-07
4.52559923135821,0.35354426980592946,7.22594333377121e-07,4.70216777181585,1.1214207374899816,5.956322548120741e-07
4.8468347770706615,0.0,7.935030126314623e-07,4.838729085988655,0.0,7.669834027213233e-07
4.467169432027927,0.0,5.982031646589656e-07,4.54525888805588,5.0962395917499475,5.622516796787577e-07
4.865332098102591,0.8174418307356492,5.49248804875592e-07,4.713062034469702,0.0,7.213215328447848e-07
4.402757085198458,0.8043567072239787,5.235809130769653e-07,4.525393058233825,1.1792146921108186,6.733778557350155e-07
4.7658110719267,0.5611101352520348,6.200852731576206e-07,4.67634825808905,0.0,6.675381522453759e-07
4.570895537179687,10.26716304674913,4.769360775562021e-07,4.768809633421513,7.598662654902812,5.148656293557711e-07
4.71208807832118,0.0,5.975752002706161e-07,4.818271006317737,0.0,4.575128269266141e-07
4.5707395828320365,0.0,6.279922132657135e-07,4.512546194509594,0.7062993387676685,5.551556336440988e-07
4.817069152232297,0.0,6.63539593097263e-07,4.819306846313347,1.380516763237542,8.056675843990526e-07
4.580173895228628,0.0,6.619710763546249e-07,4.562788600371551,0.0,5.176120831344548e-07
4.661607131098144,1.4196847025385584,6.195737479570082e-07,4.901285506943455,0.0,5.355720879014098e-07
4.650382751867958,0.0,7.79361187948898e-07,4.615592297802394,0.0,6.660079882243172e-07
4.5038771046350705,9.536036897668048,4.6698211116245515e-07,4.6597575759974275,7.480123735317539,4.987601728899121e-07
4.581249358502199,1.4493453196254122,7.852195487437786e-07,4.610725246929303,1.202937293945834,5.605451480015103e-07
5.125720395301102,0.0,5.865383508831298e-07,5.2006747143785885,0.0,6.794643996835452e-07
4.923326934719468,0.48893263599022,5.308051434946414e-07,4.674302759468565,0.0,5.52354350383514e-07
4.903628177120043,0.0,6.027863712996842e-07,4.722611279320753,0.0,5.829539274008007e-07
5.016011308637944,0.0,4.979303172969931e-07,4.855145982592916,4.393914059942362,5.542255262518868e-07
4.719976053067711,0.0,6.416553100866343e-07,4.761075955278896,6.641314120020677,7.145856393802745e-07
4.800985310952206,2.7127408127594625,5.239689252415083e-07,4.698717870291034,0.0,7.170341999563734e-07
4.783120034459197,4.0520011062353225,5.364356924070798e-07,4.5900292022804035,1.5666752287116652,6.412905635342584e-07
4.903445163260677,0.0,6.414803396749371e-07,4.819264674344053,0.9113884311163085,7.387825432606803e-07
4.7497965307421195,1.9921499521677724,4.7123546842503293e-07,4.781862077525349,0.0,4.764053537643729e-07
4.662395942807031,0.0,4.848244097475366e-07,4.642965235361233,1.4577631720343982,6.056297852714589e-07
4.599464108966625,0.0,6.697888424810157e-07,4.511216882522536,4.43800762600585,8.972681674435799e-07
4.9263821870294064,2.739310407860926,5.365861140583197e-07,4.649104995207796,4.42474269320269,5.703075613463921e-07
4.944890706702226,6.9104380427466605,5.148163262961506e-07,5.157049949575564,7.668641124435797,7.096774505515041e-07
4.75713534233452,0.0,6.86533154587893e-07,4.754585097359013,5.529211122185534,6.531668794480647e-07
4.774441416879295,2.2591461416163865,6.048057558254024e-07,4.845314766417574,0.0,5.732351602102561e-07
4.904370458297123,0.0,6.816232280586743e-07,4.984012256284219,0.0,5.852550670782102e-07
4.7069307207135065,4.714246753010884,7.060433385129667e-07,4.911812259046042,4.12479268123283,7.481976792141336e-07
4.601818564919456,0.0,5.549764548192312e-07,4.69589825502014,0.7026752244454639,5.202823179012036e-07
4.847371899744319,0.0,5.65466972398263e-07,4.846380230096381,0.0,7.106418007479241e-07
4.802593422908388,28.804092354074427,5.26294911614808e-07,4.77367885440817,0.0,5.394890852126202e-07
4.6046984994469655,0.0,5.809535444522288e-07,4.549454789396678,0.0,4.901283871390782e-07
4.715970699344328,1.0068281018514889,6.359761329983015e-07,4.901260719144916,1.7812608860660406,7.311712054538376e-07
4.682538017529971,0.0,5.600589038273038e-07,4.903000564616227,0.0,5.241377430768589e-07
4.748119596031965,0.714693951536968,4.2500889111581266e-07,4.622005262769474,0.33937669514908075,5.874154344426754e-07
4.6649833882026615,33.51586557616854,4.705440281749576e-07,4.7893920772201675,28.237802259046482,5.246835688601844e-07
4.709500756464142,0.0,7.018103108209085e-07,4.847236863777339,0.0,6.936100970141398e-07
4.956335481137059,0.0,5.208196877788497e-07,4.977317896461829,0.0,4.4476479916923884e-07
4.599405413255297,0.0,6.165956199884156e-07,4.7288828449594265,0.0,7.88520812518462e-07
4.779464160381256,0.0,6.326818160849064e-07,4.936745393723702,0.0,5.360131544254262e-07
4.857228640043196,3.5757479082903902,5.243567077017998e-07,4.872659652265727,1.7279684435192175,5.352233886679496e-07
4.809665957691997,0.0,4.889706524669557e-07,4.903297609147086,1.1517890607575068,5.404251290090063e-07
4.726134107493341,0.0,5.255370721363608e-07,4.628047976004172,0.0,5.338032809899062e-07
4.713621129670847,0.0,4.550084223459661e-07,4.656176810868237,21.28179635618809,5.43777325761788e-07
4.876711681082537,2.1000040420840835,6.248999294322159e-07,4.91378985147985,1.1117444018153553,6.424434404594338e-07
4.716905318841903,2.412089670528275,4.4518703485107776e-07,4.610578384415082,0.0,8.059256514519763e-07
4.70252123027282,0.7972684956982942,6.796269335454104e-07,4.824064408337577,0.0,7.031271179474039e-07
4.706139973213973,0.6582270815886785,5.472977302622819e-07,4.787210835922321,2.2923938815350033,6.840663402344059e-07
4.968860466321322,0.703437800553545,6.882437809984371e-07,4.846285564467952,0.0,6.411382667876279e-07
4.509230098388461,16.658271205800567,6.42249912512694e-07,4.475282085604634,0.0,6.214169893833821e-07
4.8989792929616,0.0,5.534025067519912e-07,4.777868923616915,1.1821462373725586,4.877004444691597e-07
4.6538248790808385,4.665014135195827,4.459108277975534e-07,4.585869010318626,0.0,5.34480243723183e-07
4.9883449429452575,0.0,5.249294765424659e-07,4.8765382477011325,5.388052675381376,5.330114024951632e-07
4.779432993774601,1.5680660305080072,6.44205864415416e-07,4.532209581893518,1.390085115927698,6.229021789476848e-07
4.772888038065648,2.2605498750139783,8.10152943344469e-07,4.573822340634768,0.0,5.382557953915467e-07
4.683044083071515,0.0,8.014169254947218e-07,4.7951851225948685,0.0,8.918105812666925e-07
4.6965959298520445,1.397197922255866,4.86822766104618e-07,4.776587845217971,0.0,6.20702073857732e-07
4.694267495302097,28.888587690436843,5.477604422237887e-07,4.637496925224394,0.0,5.704850301154588e-07
4.559595866395694,0.6739725944145337,5.875565384152034e-07,4.576410944758627,0.0,5.476208164455051e-07
4.662036803263855,0.0,6.49549979275212e-07,4.858876364605742,37.011644211924406,5.503703649994378e-07
4.836686105925092,1.0829243878621544,6.750148698585086e-07,4.918481884069147,1.545667678425802,6.013948287481058e-07
4.586615254414312,6.436002449457763,8.268026717826751e-07,4.721253877427094,6.901719216720703,7.298123944945745e-07
4.399588164302315,5.2899586599691855,5.866162127662257e-07,4.374548702708429,0.0,4.6747149628057296e-07
4.54039077460384,0.0,6.143184825466878e-07,4.710533266307742,0.0,5.064951844791533e-07
4.780362692866005,0.0,5.923912780232168e-07,4.823573323376948,0.0,5.625565684727819e-07
4.704390946427118,0.0,5.310223410031241e-07,4.564562436774067,0.0,5.15773846494581e-07
4.614632344420788,0.0,5.335583345349064e-07,4.578946596321645,1.5130698821857806,5.986018316290302e-07
4.6816611851842955,1.7626965413575928,6.066985487211395e-07,4.765725996597683,4.219022626853936,6.476052063093977e-07
4.5710138106738265,2.0880317588328703,5.121515550999016e-07,4.496244629938647,1.7887125876311316,4.792949292904925e-07
4.684350427220875,0.0,6.58952920568624e-07,4.63633337951525,0.0,5.472647111703704e-07
4.758001162734378,0.0,5.508987450675116e-07,4.8151901309196585,0.0,6.073592943396078e-07
5.06163978714755,0.0,6.000052655033326e-07,4.871610144249145,7.631686394655927,5.632507464200598e-07
4.651479535685229,0.0,5.158625913045955e-07,4.5852045853615335,1.313757498882816,5.137726351004243e-07
4.650798589162586,0.7121014908226001,5.59048508863536e-07,4.474797093202953,0.0,6.329127310842802e-07
4.68252040228155,0.0,4.4905599455341247e-07,4.555250136600082,13.694336169776822,5.116598471531817e-07
4.572361611609098,0.0,6.205854579388422e-07,4.6891540689182145,0.0,7.02084210338105e-07
4.784177525852343,6.607993316082327,6.365182271820998e-07,4.7606950874224925,0.0,6.050452758694015e-07
4.983351359302754,0.0,6.74886996217291e-07,4.977343959770958,2.8932472607543307,6.04021830830882e-07
4.829427547229985,1.507615051718395,6.14798368418891e-07,4.811612547607875,0.0,5.336730352661234e-07
4.706401284453098,0.0,5.203798760563683e-07,4.792774906989381,0.0,6.484936535685202e-07
4.492036618518001,2.508385523003495,7.766410578218125e-07,4.6966222504938395,0.0,7.063368253091413e-07
4.745915377458221,0.0,7.510056150030936e-07,4.648677220552216,0.0,6.462671658876568e-07
4.8029600584845795,100.79477584463626,5.152233612404898e-07,4.7361209740360435,0.0,5.484535340977675e-07
4.979549252585549,0.0,5.502767235726252e-07,4.922435265420778,0.9358686255681046,6.434547303131288e-07
4.603159392375199,0.0,5.697734725347777e-07,4.437958902292371,0.6969300551472059,5.226453166096591e-07
4.764447777650839,0.0,4.970694510717233e-07,4.955617206666299,0.3327382524184234,6.333110072603507e-07
4.704895107104528,2.474372182389347,5.854154446130462e-07,4.822855402257186,4.261999954755928,5.976248960705366e-07
4.543421329775515,0.0,5.64719848045041e-07,4.37783095503168,0.0,5.768948522033218e-07
4.736252246851986,0.0,6.314542425524093e-07,4.815902480774008,0.0,4.97923440473186e-07
4.631098107896346,0.0,5.221731716687269e-07,4.672318966523612,1.2869486854635994,3.909687379068279e-07
4.688207846769023,0.9187861812308267,5.378587059319051e-07,4.88504068880633,0.0,5.966674959058496e-07
4.779899695919849,6.644776771943448,5.367174315595047e-07,4.730122773014173,0.0,5.19489504376378e-07
4.924589997109363,1.6262245193592526,6.743691162632407e-07,4.889957882530445,0.0,5.294624540257454e-07
4.63648814388372,0.9368168732473416,5.93892688397967e-07,4.627833210211521,0.0,5.840700185977945e-07
4.6062943813488655,0.0,6.1596630761838e-07,4.690312084237704,0.0,4.727347227839104e-07
4.61131834518104,0.0,5.128457760862156e-07,4.737428317475012,0.0,4.6465921438859006e-07
4.558025988518154,0.0,5.768746233907576e-07,4.6095678773538395,3.0009984146919364,6.258753064389379e-07
4.950290391889894,0.9491379958148914,5.935558670633602e-07,5.0249498217249515,3.2534019652976602,6.558861689881961e-07
4.514011264556366,0.0,5.724635476592907e-07,4.613829561147494,0.6591983590472245,6.045214155993189e-07
4.739529135533701,1.7328728069737926,4.736765433856229e-07,4.92206895845749,1.5019092126672378,5.490364443028911e-07
4.775816782721874,0.0,6.526362952591082e-07,4.985809581884402,1.2629825422156749,6.454354508227272e-07
4.691134664364694,1.6340925729613809,4.1288527854976346e-07,4.658957440041131,1.1841083584616119,5.721833363494183e-07
4.956882279565686,0.0,5.895644274597486e-07,4.951125201108036,0.0,5.281323927305341e-07
4.759579600865227,0.0,6.167605993901901e-07,4.703865329404362,0.0,6.251197110177835e-07
4.47728114728153,0.0,6.134240941276822e-07,4.628386430847049,1.3703605701191042,5.575411690394604e-07
4.617065318735086,0.0,4.832571628097043e-07,4.489521786549082,0.0,4.969135117966948e-07
4.832320366047592,0.0,5.821955808612054e-07,4.667814859716572,4.697078792018394,5.049807571909463e-07
4.907601331252997,0.0,8.624522126479955e-07,4.9050829362633115,0.0,5.711651197007622e-07
4.996890896269507,0.0,5.668113013233485e-07,4.8191332873726935,0.0,6.004129502477657e-07
4.509580662643763,0.0,5.917821090667312e-07,4.665719387157225,0.0,5.907633170623812e-07
4.556891314196451,0.0,5.183869042534115e-07,4.38554075754721,0.0,5.458832874694645e-07
4.788663988171487,1.552567270404741,5.541184026290054e-07,4.83407554192234,1.753451708842523,5.595381626103253e-07
4.607355906347169,22.41839660674005,5.164283688340505e-07,4.380832581622416,0.0,6.653453012545656e-07
4.681208066075967,0.0,5.363626654368713e-07,4.60425595103512,0.0,3.844379527837264e-07
4.642192730012982,2.448132071471589,5.446118851564615e-07,4.835528646671453,0.0,5.892982207484951e-07
4.92705303717333,0.0,6.735796394856365e-07,4.696278674660002,0.8346663528532771,6.969070735058132e-07
4.63003368736318,3.451220276581303,5.663525160249748e-07,4.5593865243822815,0.0,4.948489204117282e-07
4.641551810696424,0.0,7.08874458676095e-07,4.775264140101213,0.0,5.873911848071618e-07
4.817256678370001,20.095670086070893,7.858507976532443e-07,4.696208903372159,0.0,5.898332463347472e-07
4.824515516723183,93.23950756467599,6.997360891825816e-07,4.771639605361578,0.0,5.680708992305273e-07
4.8763147225328165,0.6975166687286684,5.586002706791242e-07,4.885614239500791,0.0,6.19298065756616e-07
4.696603070502158,2.0072258314665428,6.96863217394342e-07,4.709628407154958,0.0,8.431455125980826e-07
4.596231284042756,0.0,6.646903852471294e-07,4.678005288691531,0.0,6.602991466899732e-07
4.962135071608397,0.0,5.135904049654284e-07,4.95182871137616,0.0,5.591572249533604e-07
4.628830135167899,0.0,6.456581991759351e-07,4.690918853958039,0.0,9.496601916506051e-07
4.7708415337132735,0.8466232879749559,5.955308399381528e-07,4.739198550929158,0.4649486585789915,5.678898534052583e-07
4.7175463648741935,0.0,6.101238551915376e-07,4.613978503193034,0.0,5.680838439612893e-07
4.670054961875247,0.0,5.912000153023449e-07,4.735901459296234,25.374388698181637,6.196675464657881e-07
4.680924273140201,0.0,5.747249483148919e-07,4.575225071940365,1.9522414649093267,5.638943121555627e-07
4.66209014863595,2.0503599027287196,8.271728829007164e-07,4.691794629117932,1.079714574482717,7.579737031352072e-07
4.527218498427948,10.080310730343664,5.973324133250831e-07,4.468482910576184,4.133725110933822,6.347539192537788e-07
4.6585040119022585,0.0,5.601371999547475e-07,4.5889289884835405,3.2009798289524958,5.51724453289001e-07
4.9932567862922665,5.076262247413104,6.443541211574207e-07,4.779244154960167,0.0,6.924787456709397e-07
4.7243000387887335,11.584055536774644,5.541996375886087e-07,4.79889513276016,0.0,4.7543903434886435e-07
4.651855382190158,5.131687613139837,6.395840425237797e-07,4.67459250967746,1.1444264881173885,7.923522990290571e-07
4.9477109273394095,0.826930973793979,8.900105937944993e-07,4.885908143181434,0.0,7.731049156042725e-07
4.645212487739936,0.0,4.921811771757671e-07,4.798373036444009,25.131074610012416,5.696319604234613e-07
4.520094076652988,0.9140384556670194,6.646653896646621e-07,4.486792971014494,1.082924838176647,7.736865181436087e-07
4.750087447062419,0.0,7.935743988884344e-07,4.80636368976697,0.0,7.140329659389961e-07
4.765372451954706,1.910599251207818,4.5676644645919684e-07,4.6199408445592685,0.0,6.230553292106022e-07
4.7948807778009375,0.8420288101481027,5.831817061235242e-07,4.729105584655484,1.804424292179723,7.008954474224634e-07
4.891318171457376,2.30348496328642,6.147936287449051e-07,4.827404440807588,1.155957265399917,6.121782694494251e-07
4.509317456354322,8.98076766897386,5.716503484042952e-07,4.758554413586566,0.0,5.969527226381058e-07
4.675656277850127,0.0,5.421483148422357e-07,4.749130437204784,0.36662034081033346,5.739534373530447e-07
4.814702417818953,1.8408105664850092,6.142590544440582e-07,4.840397465385166,0.28444879768385845,5.938647147939304e-07
4.675867825815684,0.0,4.83833555940424e-07,4.441766952338533,0.0,5.349004485695339e-07
4.627383741822533,0.0,4.879988897292201e-07,4.678979608088791,0.0,8.589374289230506e-07
4.444234714997854,2.1423932702393387,6.916939567290022e-07,4.5225692056644995,1.4172450090643203,5.73220593835001e-07
4.604300598112561,2.4227036490741933,7.60951430903672e-07,4.688717773171128,0.0,8.833977739090214e-07
4.7057810933225275,5.6818673691688995,6.156569214767865e-07,4.628050549315225,0.0,6.593422420555275e-07
4.760273182016842,0.0,6.21352337473444e-07,4.6976870717400425,2.0678357879082676,5.315647980716104e-07
4.947295990573818,5.541942764284793,5.675466976965066e-07,5.044716386308062,0.0,5.753086596216367e-07
4.647134812765955,0.3179433379054347,4.5751368441329426e-07,4.534290710637177,0.0,4.786253348402823e-07
4.576054561142644,0.9849924467352394,4.78062023299087e-07,4.806003109076625,0.0,6.168717444958069e-07
4.8092296090310205,0.0,4.716479506717137e-07,4.701589126798284,0.0,5.533584258402904e-07
4.80621597403893,1.0670512545195914,5.702809138830912e-07,4.802559953916343,0.0,4.774487526514774e-07
4.54428661916454,0.0,5.224856902875276e-07,4.5377813491155266,0.0,5.15352118475053e-07
4.795659699354605,12.747371383188497,7.70495082345981e-07,4.836770093790229,5.8238769412642375,6.982496854679823e-07
4.667391554828821,0.0,5.204241207981424e-07,4.769565578411645,0.0,6.748985065520917e-07
4.893463839680444,0.0,5.39593907483559e-07,4.669847161741912,1.6919600609696297,6.643737000632128e-07
4.627144140310817,1.457247500821628,7.977262859315364e-07,4.624405683896136,0.656020547340577,7.323113354539304e-07
4.873310230061681,0.0,6.109853376679501e-07,4.765745361182486,0.0,5.198010882498582e-07
4.748540283061247,0.0,5.741228131347997e-07,4.77956717765355,0.0,6.386533549780199e-07
4.861770049122143,1.3534478274508024,8.314979129617511e-07,4.728759360200015,0.0,9.267857287539258e-07
4.666771583300763,0.0,6.09379259422971e-07,4.670019494531722,0.0,4.43307164348527e-07
4.890714192080164,3.87021619791661,6.209338321264561e-07,4.877546059494998,2.985804253252136,6.871940060294414e-07
4.628545671458328,0.0,5.895380991588132e-07,4.779776095833519,0.0,5.02368038328298e-07
4.653422570221191,1.5629361599203349,6.442423180988892e-07,4.7104594550331145,2.617760375695243,5.619824429585577e-07
4.679654107184655,0.0,6.920641912490103e-07,4.7070710906691176,0.45670613826863937,7.278359853208581e-07
4.908285496680666,0.0,6.32629787528604e-07,4.909087887803891,18.46959723756234,6.161943250336567e-07
4.7604843214079855,0.0,7.483550729566445e-07,4.764630480691344,0.0,6.877615462278822e-07
4.790273530045878,0.0,5.365665175936325e-07,4.587418845823697,0.7261251731286447,5.957145913331101e-07
4.733924628236372,3.3618688958353093,4.981998041288959e-07,4.74167668370691,0.0,6.997370567534223e-07
4.628058778528461,0.0,5.487758759962158e-07,4.734307446562513,0.0,6.67345381114802e-07
4.936963628672823,0.0,5.690887266315391e-07,5.005524643501382,0.0,4.874846505582276e-07
4.764952373670938,0.0,5.909804753185765e-07,4.795227679178581,0.0,5.489788038506404e-07
4.731668078639347,0.0,6.796377626070511e-07,4.938293593571133,0.0,6.444178913739203e-07
4.789541232768764,0.0,5.844526229572456e-07,4.975565485249295,0.0,5.349002978844373e-07
4.511659450125476,0.0,5.080120729185945e-07,4.579135443910196,16.864000738285785,6.22575615042699e-07
4.636694246179567,1.8491239109570359,5.259612809294324e-07,4.622517191838521,0.0,5.423295342184978e-07
4.704209320388158,0.9457647075746329,5.435795391757544e-07,4.7618796663940595,0.0,5.995356277993477e-07
4.961651700127028,0.0,6.821164730416719e-07,4.934590092997155,5.505920825771314,5.475331052513087e-07
4.961691559557044,0.0,5.09706122018993e-07,4.76377976720248,0.0,5.647997044659645e-07
4.739948762333254,4.896934487873545,6.264348518087384e-07,4.6471589545069785,0.0,5.013024041202026e-07
4.823518259813562,4.398932014747734,6.271816775891128e-07,4.948548407743512,0.0,5.013766132799147e-07
4.576950154338233,5.9862589613982635,5.67859605946885e-07,4.600883823737599,2.9497466639489063,5.810901943928015e-07
4.744437803196288,0.0,5.697786101621546e-07,4.588976374556502,3.7914373920078708,5.782245859857042e-07
4.772778086994195,0.0,5.42611327100505e-07,4.6950856219573485,3.302377302337441,6.7056028234616e-07
4.7604649392570035,0.0,5.262964933189815e-07,4.716645671922705,0.0,5.724628260981747e-07
4.961796114319413,0.9441204629785733,5.656721336450184e-07,4.8749848658026895,2.813571017186306,6.657859980549413e-07
4.85857994581205,0.0,5.757521090607152e-07,4.852996556073208,2.3505695372736914,6.258317594289274e-07
4.7706368143765925,4.571300277396738,5.526642729622287e-07,4.776560925270736,0.0,4.907498885229975e-07
4.759893796738433,3.806480196820295,7.026795141935442e-07,4.640966283244288,0.0,6.838376455522386e-07
4.904468171813965,0.6485995302947077,5.720801171026842e-07,4.657581070472391,0.0,4.4183054581548293e-07
4.615362013379492,0.0,5.319583844807182e-07,4.657532776056461,0.0,4.3119516010021645e-07
4.752102222694916,1.391378904664297,6.947469265340543e-07,4.848481518285294,0.0,7.25691027659244e-07
4.551269161261316,2.5812429866996225,8.072993877165868e-07,4.681802567155568,2.2852753869255604,7.878882436809703e-07
4.822901985600276,1.354445811421862,6.778811560041897e-07,4.803044392264294,0.0,7.091746510355099e-07
4.816073881604448,0.0,4.453450152422902e-07,4.8531025948594255,1.1188397405382218,4.74163063811581e-07
4.9552207078915655,0.0,6.231265328525369e-07,5.097562109831623,0.0,6.80075448152181e-07
4.688428663418336,0.0,5.991850750242455e-07,4.773676929720068,0.0,6.319560510897364e-07
4.861349371471233,2.0367971650497183,5.154095881348533e-07,4.747420518233252,1.5701978338083658,4.872724232591802e-07
4.6908124389615145,0.0,6.176149098218357e-07,4.851740126151545,1.594398070525212,7.859097712563091e-07
4.505949943208163,0.0,5.71381137993652e-07,4.64033320117356,0.0,5.934819033735573e-07
4.562493090343536,0.6146615281832901,5.477386315682476e-07,4.523708556021844,0.0,5.218432846594066e-07
4.754051990652205,0.0,5.194388299692246e-07,4.684061415849326,1.1510056449798585,6.039744517829586e-07
4.908843382750257,3.1254024376973963,5.246623059847522e-07,4.793998489693311,0.27175022522768755,5.084132967477365e-07
4.841764035964563,0.0,6.469609569382433e-07,4.787353802860129,0.0,4.6717881771204435e-07
4.482906039865402,2.54218169510374,4.703901934814121e-07,4.563715501605324,1.5809839806511736,5.732849882558774e-07
4.89537374027589,0.0,7.175821741107879e-07,4.818344513836113,1.6968398495267052,7.330446508452284e-07
4.606753765116815,0.0,6.338795126561692e-07,4.655179966403416,3.2409045829103102,5.486226434126021e-07
5.1116431694243465,0.0,6.963356718452216e-07,4.9321865742686635,2.891107777382429,7.25753683616996e-07
5.105953247754858,3.1755873989076018,6.65828050189012e-07,5.062171308316811,1.445884128976066,6.720151478883934e-07
4.921882733931404,0.0,5.791411601613777e-07,4.820999398869097,0.0,7.593105554899174e-07
4.905962025039372,27.751288923077087,6.008342414803631e-07,4.905242370575162,0.0,5.641478914041264e-07
4.429196274338091,2.0259956606025735,5.016475089135668e-07,4.506522109517982,0.0,6.811425336474997e-07
4.704496112342151,0.0,4.4806286602261924e-07,4.650830325349979,0.0,5.236631446767204e-07
4.785404151823653,3.279123475538449,4.908766694252058e-07,4.759209063774551,0.0,5.860441092706282e-07
4.782630989239719,0.5263268255612359,5.959592191815446e-07,4.720223252202469,0.0,5.590047652351311e-07
4.759273704982257,0.0,6.644807907692613e-07,4.7056448792342245,5.681110826803684,6.220205813742238e-07
5.034489252185634,0.0,7.250160139701029e-07,4.978710158079329,0.0,6.847015709446776e-07
4.663502220010307,0.0,5.202581344252595e-07,4.698627698835125,5.706093818948219,4.725483975382411e-07
4.655491640275088,0.0,4.6142713712484515e-07,4.755808828985374,0.0,5.477079167398824e-07
4.695388052730985,0.9347938636056453,4.7136441267475955e-07,4.639001258677416,0.0,5.572073258869764e-07
4.513499161421184,2.478248230808514,4.864346779127118e-07,4.605211942455021,0.0,4.860796785703416e-07
4.947515679238255,0.0,6.534381849363179e-07,4.9046160522195565,0.0,4.524599409801336e-07
4.773460263098369,0.0,6.706549651405053e-07,5.008662140013571,0.0,8.631385348666861e-07
4.863532530815565,0.9344392859880876,5.377238772544521e-07,4.871528707541327,1.2355104989598622,7.126016050605234e-07
4.913521329053146,0.0,5.471165086547651e-07,4.98538516980771,0.0,6.939155298883266e-07
4.539193093588897,0.0,5.061111640141469e-07,4.5857240553317435,0.0,5.869366244155522e-07
4.755620151666717,0.5476302671596566,4.173512695374716e-07,4.8697864772558015,0.3174320206899351,3.74237332803727e-07
4.576445101661923,0.5762772632526711,5.709712206664749e-07,4.474426531085338,0.3516844463269524,7.113031573578556e-07
4.838444676780575,0.0,7.234776386598695e-07,4.860089125680678,3.14349192916908,5.040429705650151e-07
5.22563516797874,1.1718794353539543,8.057204513110421e-07,4.995903986569206,0.0,7.341503339795858e-07
4.5950589791367324,1.5065337903625795,5.441569173609885e-07,4.553088313718097,1.6222170621612912,7.068556101807374e-07
4.823020918990121,9.487402366724504,5.359805224327917e-07,4.813754107854143,15.417559567076236,6.518822169023354e-07
4.975412793761507,0.0,4.89724352604544e-07,4.816019037869981,0.0,5.1870969814442e-07
4.763270886416617,0.0,6.440083965130951e-07,4.632895746957553,0.0,7.097723549686145e-07
4.928240237536898,0.0,5.209647665859622e-07,4.4597865341820055,0.0,7.186988249509682e-07
4.607210709009204,0.0,5.224712717380105e-07,4.517149197156834,0.0,7.474519381815945e-07
4.862293522587885,0.0,5.990944082702156e-07,4.857474164981879,0.0,5.04238212092307e-07
4.817344361517288,0.8327613377730767,8.500386861344337e-07,4.868444740717578,6.181911110443113,7.474981082433792e-07
4.403978025308245,3.8027446303569903,7.069616012961987e-07,4.427244744448973,0.0,5.294227608161603e-07
4.894948929209862,3.8350598174010195,5.734064966521303e-07,4.951563564093783,0.0,5.101097673769196e-07
4.698044129745529,0.9559713492402245,5.768790858480759e-07,4.637545569892005,0.0,6.178511271244529e-07
4.605902383581971,16.309412435938132,5.594701176215667e-07,4.586722507615979,0.0,6.190878756927853e-07
4.564718980004039,4.782325949393877,4.558481100383631e-07,4.557008184082274,0.0,5.27429327789089e-07
4.5538623569805985,3.1061977866538832,5.634993028362205e-07,4.909998443110684,6.334498896378841,5.286736813856117e-07
4.754890155186977,0.0,6.413782889877346e-07,4.736126356526182,0.0,4.767844548183651e-07
4.644967294068502,1.5796014025316711,7.497040973419733e-07,4.5908985931217625,0.0,6.2331972125018e-07
4.577666128205321,0.0,6.111695640296067e-07,4.597776846540029,3.2214344636970167,6.278588826428322e-07
4.84048604045085,2.2986943030226907,6.216350024700367e-07,4.861199275514711,0.0,6.09458283061457e-07
4.486764563329903,87.76094321394396,5.843293386079966e-07,4.567756883489539,0.0,5.733227175812574e-07
4.845616587456207,0.0,7.032298770097459e-07,4.658887689218153,0.0,6.993145087094994e-07
4.509637698934951,5.103576706742989,5.332493312643883e-07,4.495891584915826,0.0,4.77201011435898e-07
4.581362532515438,1.5447742775188258,7.222487178407353e-07,4.656430275184317,1.761340551200842,5.48975232940665e-07
4.4575011522192565,0.0,4.288461457323754e-07,4.539922841115332,0.0,5.047445089447955e-07
4.8657560117965115,2.7189209174053928,5.088857140883891e-07,4.633882182968276,0.0,5.442934265294465e-07
